,ROI_2001,ROI_2002,ROI_2101,ROI_2102,ROI_2111,ROI_2112,ROI_2201,ROI_2202,ROI_2211,ROI_2212,ROI_2301,ROI_2302,ROI_2311,ROI_2312,ROI_2321,ROI_2322,ROI_2331,ROI_2332,ROI_2401,ROI_2402,ROI_2501,ROI_2502,ROI_2601,ROI_2602,ROI_2611,ROI_2612,ROI_2701,ROI_2702,ROI_3001,ROI_3002,ROI_4001,ROI_4002,ROI_4011,ROI_4012,ROI_4021,ROI_4022,ROI_4101,ROI_4102,ROI_4111,ROI_4112,ROI_4201,ROI_4202,ROI_5001,ROI_5002,ROI_5011,ROI_5012,ROI_5021,ROI_5022,ROI_5101,ROI_5102,ROI_5201,ROI_5202,ROI_5301,ROI_5302,ROI_5401,ROI_5402,ROI_6001,ROI_6002,ROI_6101,ROI_6102,ROI_6201,ROI_6202,ROI_6211,ROI_6212,ROI_6221,ROI_6222,ROI_6301,ROI_6302,ROI_6401,ROI_6402,ROI_7001,ROI_7002,ROI_7011,ROI_7012,ROI_7021,ROI_7022,ROI_7101,ROI_7102,ROI_8101,ROI_8102,ROI_8111,ROI_8112,ROI_8121,ROI_8122,ROI_8201,ROI_8202,ROI_8211,ROI_8212,ROI_8301,ROI_8302,ROI_9001,ROI_9002,ROI_9011,ROI_9012,ROI_9021,ROI_9022,ROI_9031,ROI_9032,ROI_9041,ROI_9042,ROI_9051,ROI_9052,ROI_9061,ROI_9062,ROI_9071,ROI_9072,ROI_9081,ROI_9082,ROI_9100,ROI_9110,ROI_9120,ROI_9130,ROI_9140,ROI_9150,ROI_9160,ROI_9170
ROI_2001,1.0,0.8476100200096575,0.5891161746381405,0.7844650636230668,0.634673515138238,0.34762820072262884,0.8206745177782536,0.8408746970926456,0.7750254686318412,0.6745396686424115,0.8395089897957835,0.8759722683046544,0.8909243843320908,0.6461994542754512,0.8097824568393309,0.6435208795599734,0.6751476998169732,0.6468401803640005,0.8901472174234123,0.945894600827557,0.3054685207196329,0.12648208665406244,0.46354908886797763,-0.06718513677238432,0.6426901323189013,0.6067938089455083,0.7937480695574338,0.2264225891610065,0.7551849889611388,0.5509008524394294,0.6455885648444244,0.5075701103503882,0.624713250703313,0.8324229875623586,0.46697416547334947,0.5123051228130119,0.7062604466243227,0.5291255154010369,0.12224436076231315,0.6057248840326385,-0.1405780659053062,0.42751438379432627,0.7562774761609939,0.6857027801219222,0.7232880374402479,0.7170792346408654,0.6954997335881418,0.7680312193215066,0.7681663826474645,0.7878625130241389,0.8977861743217603,0.6205038127983684,0.7473133223639818,-0.20418562200715698,0.8111003336980511,0.3466475983546319,0.9120870842281521,0.8650265461128623,0.9150500962775097,0.7187105024355283,0.9117717290618659,0.309830958529988,0.8183070685349525,0.5039803602374754,0.7632927313595341,0.481108415301768,0.7157430328662517,0.7675081048409683,0.7067154994764476,0.8116678135653346,0.8464383211716718,0.7007295769536876,0.45222150360660646,0.7048544350256835,0.7243105771714841,0.259929497814057,0.5176331508759472,0.5095051152338284,0.381647944972661,0.46107392760340443,0.7656874536168986,0.5613894188906116,0.2574302511578496,0.7208917962402205,0.8876933980518384,0.42597136373116595,0.3184392630806771,0.23344037703895665,0.7312378635280428,0.2434142439153728,0.5277993782149578,0.5268551891619284,0.7654224307896459,0.7164866397600188,0.5191787223782561,0.5576742202214219,0.8043802479229484,0.7864738903930044,0.8649382482501622,0.808631320428698,0.8117669453362041,0.7965794331014354,0.7369791741928022,0.7893292093760235,0.7459136643428746,0.7729268244685936,0.35020148276495777,0.42964247007961315,0.21552909336235168,0.5003912539812062,0.7425789249290448,0.7781794027102097,0.7816022430011983,0.5628028862574007,0.6506243090288384,0.4747450620187569
ROI_2002,0.8476100200096575,1.0,0.5148645372409189,0.7192640794196464,0.5390655081250174,0.28761809878788863,0.5209423600885249,0.6227893871830885,0.4993970566297609,0.4047339813115108,0.5345441576864605,0.726015291815625,0.5984120669564196,0.5408819439884857,0.5632646369861845,0.48367702597208073,0.560019931371765,0.6717194414170325,0.6619837729180523,0.8292802064731101,0.23200350864589211,0.22154189119305273,0.31100427103599687,0.07105851650654445,0.6087115432908431,0.48077716645016716,0.5187580402416477,0.21148014767849757,0.5354128012825695,0.41077411636812927,0.37790860780011026,0.32439349312699256,0.49359072732719167,0.6991362475253416,0.5313201416534262,0.4921356403672205,0.5584862444891102,0.43421478662512425,0.26575578770493724,0.5580192634270706,0.1459565873661041,0.36360016370099374,0.8184064640310246,0.8033559172069926,0.7910273348084793,0.8060569433899938,0.8386116659091256,0.8506175804435452,0.7997566836949883,0.818478722084714,0.7969479223387144,0.7002557293595711,0.7386768078932572,0.09778737369389491,0.761732559982169,0.5435241480573075,0.9186697495435834,0.9236894871108771,0.8603194063918983,0.7636479113707323,0.7299551059206416,0.27841663265377226,0.7019729806158304,0.5173808511700106,0.5962421555289086,0.5309022195763416,0.7749481169246862,0.7861306394870535,0.8684118932577864,0.8503650496535814,0.579770651973448,0.47694799798415144,0.36859283460496145,0.5374264729349163,0.4468500819916075,0.18723901512535066,0.26810879241737023,0.27462786604589645,0.262648522504725,0.5015875594824192,0.6811246280549799,0.6109770774526891,0.3717316756667764,0.6688897400785025,0.7344347950787714,0.5751322523419601,0.3507380794939501,0.36237630791887987,0.5724828707750204,0.40264497384896514,0.2735655000834142,0.3542990328600212,0.4982427862481967,0.45271865714704823,0.39875801743969214,0.4108038388984692,0.6295446320093143,0.6161033243272157,0.5874504019641539,0.4962014726014242,0.5518586243856664,0.518002352007153,0.5301352251306314,0.5143758973704937,0.5151511294247582,0.5269933917537943,0.2811428301435697,0.34326246677966543,0.13705367470429153,0.38025156196581267,0.5172788449337264,0.5080400122088979,0.5754142129849136,0.48842320488994184,0.45799156167106964,0.23201656665850642
ROI_2101,0.5891161746381405,0.5148645372409187,1.0,0.7848121207626716,0.24780831092871947,-0.0012494548785413413,0.6881658494922241,0.6309968837280473,0.28219314765145836,0.14453562276617452,0.5552209628464967,0.6174649654417272,0.5520411951746952,0.5979622560058746,0.36599266312753975,0.4413217628296679,0.38843562587841896,0.4110733687902798,0.6964810985336141,0.5501520889943923,0.16331668931374857,0.2195335820848271,0.8092681236756338,0.5826425070638341,0.5783863198936364,0.2483056672801312,0.20020126567056354,-0.1805248523217489,0.3988186556097391,0.32935333998308225,0.4432476042022444,0.4449547804167225,0.6610030157806471,0.536488941946849,0.5768680124999538,0.4717137045873302,0.27354124529937857,0.176117652203544,0.028756814892953227,0.24506981041034745,-0.008945542381462432,0.04838656521037091,0.351272654004448,0.24196118563271676,0.28724363338162984,0.21056603821584896,0.23449907957598382,0.28263061278808915,0.40587453318310096,0.3381359987783975,0.40490444213806825,0.38044255545238215,0.5138155517302039,0.16915170578659774,0.3775038779467042,0.3397827515380719,0.46394550863363265,0.399840053091383,0.5758002452784309,0.5370863231710373,0.6122923696803586,0.605851980140145,0.6172075363507463,0.6132856206653079,0.5387635252880661,0.5161178137134826,0.6312163871057108,0.5029498537432185,0.5444896026271442,0.5469172486840983,0.5230075951050644,0.6109095546232971,0.5938039984635627,0.5259526443578242,0.25178976348889714,0.4808011489090576,0.5789697122939829,0.4851574840275841,0.2831427578035055,0.5317838577217817,0.5265455120416676,0.4342444602236323,0.3440050857898366,0.3179194172388665,0.487624063391978,0.22271151992932445,0.2015731382111867,0.13906914220277863,0.31829024661832744,0.22757370458074025,0.4222024401479621,0.4287786770742362,0.358997904287698,0.3411533205202135,0.22448337897212112,0.1565583856944011,0.44140750583233107,0.42698437665228245,0.4385981663336368,0.562759775243952,0.3415663701718841,0.3414819022382117,0.3853877167648191,0.3399555766393811,0.4501203674335896,0.46686682282944003,0.3766115350557064,0.25246452897764454,0.26716861828768973,0.2533295748241607,0.33615565618155363,0.4127095882576579,0.41491805385871544,0.3700434391453832,0.30851089428941764,0.3255854345544758
ROI_2102,0.7844650636230668,0.7192640794196464,0.7848121207626716,1.0,0.46631130211110505,0.24673026612344914,0.7287202175568724,0.8461396387435483,0.5292425869589233,0.47422072468564913,0.6300929836581618,0.7662277529839158,0.690327019369675,0.6983854290852171,0.5855190593254685,0.6214049909906065,0.628472543883096,0.6071833986076548,0.7906140823912576,0.8043351022479627,0.2032637819081748,0.12196329902052473,0.7073470478095445,0.38895547441032924,0.7504451414820391,0.6206911068430782,0.5171907007789229,0.08004475463108059,0.6410201738403984,0.5205340132389794,0.674538963974049,0.6979424101628688,0.7397786494619676,0.7933278573693989,0.7186672860818983,0.7009069315743803,0.5882932089600061,0.49255847284711046,0.18116549569824425,0.5074501975268346,-0.006617618922774328,0.3747175268793965,0.5877317841679107,0.5155174639486957,0.5779265409915445,0.5190408396635102,0.5472200987031971,0.5729510109185638,0.631181011379119,0.5956561574173601,0.7096862512674846,0.5820432311413044,0.6665133527183968,0.0022096749069103134,0.6657620894291987,0.41230441909854304,0.7183853679258165,0.6766819324130645,0.8092802312517479,0.6846385132956012,0.7349438216243466,0.5387943132853118,0.7470009035208381,0.5979880436556821,0.7419067037506424,0.6862046749220642,0.766960301789211,0.7813129211466535,0.6764341894648633,0.7127462634178467,0.7047597676725613,0.7267471372017092,0.5813375816441929,0.6691649483587641,0.5275518134925132,0.35356397411738144,0.5406179576648419,0.5317142343234474,0.41342110594624054,0.5706499880250081,0.7129133937119942,0.5899052930061701,0.4190577247569362,0.619988363283525,0.7449703448463691,0.4469163963893878,0.36294112295115305,0.3378877577505066,0.569901875341438,0.32809057877648096,0.510605450508196,0.49029930538402416,0.6114913401865045,0.5401769258899943,0.3850905625739745,0.39478476712982635,0.5831947211619297,0.5820852465887755,0.6699654365097255,0.6614646411178762,0.6054121022519635,0.5770582603583931,0.5711718679114156,0.5752629994320323,0.6278393065152527,0.6455885563852015,0.3167099656040139,0.3330004156092071,0.12874628619400685,0.3867594816092146,0.5680520545780129,0.5830696088999687,0.6326944055486678,0.4846352717791043,0.4738441413034917,0.3854614993495004
ROI_2111,0.634673515138238,0.5390655081250174,0.24780831092871947,0.4663113021111051,1.0,0.8213935987614132,0.4826650462805918,0.5164575839190622,0.7810968128175431,0.7354080130196141,0.5404704061651429,0.5888281621514009,0.5992548015468337,0.5861862223025148,0.8110315645411813,0.7265833777518329,0.48133746983398845,0.47412186982182636,0.5257082753874546,0.617704195819201,0.5261739444078888,0.33867072289599776,0.2659127994127199,-0.174355534149182,0.6729004266371904,0.6529900141782274,0.7268741806563465,0.6642927068027525,0.5254090045665009,0.38553596726175293,0.4789054201798551,0.4221926473419788,0.39872675378247224,0.5457713023964819,0.41235837255812735,0.33240946668021554,0.5494923753615333,0.4321810722718058,0.2632118794508085,0.5006304328760839,-0.11477003256107866,0.39752194193365015,0.5925113533480485,0.5344253877803281,0.6285837381101584,0.6240346336040496,0.5446233977903794,0.5709366293752827,0.6273388630461708,0.6235357413730901,0.7104304779050632,0.5898088029909697,0.5635580331486307,-0.08688809490167217,0.6658907478690635,0.3216735830696831,0.6413008784130991,0.5893692969681769,0.6302371177160979,0.44957768902483297,0.5978833408984572,0.09926943525734648,0.5231298439727224,0.2604111143507472,0.6586249160640844,0.38115717805328586,0.48465791846325273,0.5286084117236625,0.4568379309870152,0.5140619086679062,0.6416633708885792,0.448894190176889,0.26440993152249476,0.39128682474688103,0.5691946383406331,0.0934080009956179,0.20346888738359759,0.21337800907520463,0.2605348895640085,0.2486882898606462,0.532495018529672,0.5293420170453915,0.1883625113114514,0.6926917319003252,0.7435579977573427,0.5017405413443315,0.30379435201998733,0.4267084766665832,0.7434803641981464,0.3979708929727216,0.4174054486724509,0.5360253320072349,0.657089288575087,0.6642786124231289,0.32906084357211784,0.5338930100386744,0.5735848407486437,0.49537651365956437,0.571898727664656,0.5199283854718552,0.64723958656032,0.6401486198246553,0.5683825535130598,0.6239101493271452,0.5195793498250724,0.5830824957866336,0.3806181156008036,0.5581974989999167,0.16997042481523278,0.3766272847277539,0.474984022751602,0.5434086148373054,0.5736921559666261,0.4858373263679364,0.43284653063718426,0.2742565138026206
ROI_2112,0.3476282007226288,0.28761809878788863,-0.0012494548785413413,0.24673026612344912,0.8213935987614132,1.0,0.2003453345700655,0.35362680130239305,0.6261038730883806,0.6561064671164221,0.2761373174598986,0.39479409534147575,0.31838316637978875,0.5208810513430208,0.6440549132093033,0.6810723862485493,0.31067557994936773,0.32622630550062537,0.27572956048932495,0.3650202074303989,0.39888870171722246,0.18738696239291208,0.1003103828226146,-0.1703786564892834,0.4203151897642223,0.6550243363158521,0.49156895270634476,0.8740968752367222,0.3147025058341896,0.2600230104360184,0.3153504586141395,0.3635524675133077,0.2535788378018555,0.34862167695368546,0.3258009958094465,0.19214658435559087,0.37948952163549415,0.3504099386269463,0.2858674717685496,0.3157809455191104,-0.123965308554799,0.36147710819512635,0.35878845695028383,0.31373590588318734,0.37007101985948637,0.39786531772226136,0.3334912507825726,0.31004307714594415,0.3146941564328213,0.35026657419211427,0.42119545481557646,0.3785245363793244,0.3238473999401649,-0.016487791866378793,0.4675334453794939,0.31092512261482974,0.3518751131379193,0.3560357781526216,0.38926697885550277,0.2609050445558415,0.3601536049175096,0.09114468049950061,0.278540047802795,0.23270392346230623,0.4638703828987857,0.3129648226123459,0.3013067841798123,0.29709431202753667,0.22080382798030523,0.16724994003899796,0.3797866687011446,0.3342957751703289,0.1354464770577137,0.20974487944144607,0.41958235006190364,-0.16389713409872164,0.08703746591804422,0.11669838258068232,0.1560553633554174,0.2211673419734185,0.3478066667381031,0.43185492833584826,0.22315330917614806,0.5688353020879925,0.5355331196090368,0.5254462234364792,0.21582500496874749,0.4860090823885775,0.560993986449169,0.5145211592224629,0.19598270804024567,0.3993717641422052,0.41241481177878636,0.4357633763974356,0.19910211724532176,0.34745865777606394,0.2563499428587186,0.2197137914741377,0.3043986577518126,0.27694943598948496,0.3875086626116198,0.37125557772887346,0.2444826901466096,0.3350106037936736,0.21475980726379407,0.2982128976729847,0.23161983906875414,0.3738478204633751,0.0279610642525094,0.19632960946484693,0.26187695526317073,0.29476834868128865,0.2905994183851535,0.3355758628145516,0.21115020711689292,0.03531873306963501
ROI_2201,0.8206745177782535,0.520942360088525,0.6881658494922241,0.7287202175568723,0.4826650462805918,0.20034533457006554,1.0,0.86294897814068,0.7519795958480745,0.6271634840668704,0.8580695180142847,0.745739811750846,0.9076126325887294,0.5591966810261965,0.7603623867951991,0.5947720382474804,0.5490206591171463,0.40871999347436666,0.8238093529773818,0.7743819598545642,0.27413495659386694,0.10238030369979094,0.6858569696205964,0.0350750252282712,0.5117190605675286,0.42901621034625803,0.7253193968578616,-0.010873893943509363,0.739067116443583,0.5236840634168173,0.6986348833571587,0.5817009473551773,0.6284141472499897,0.7657642093186201,0.34058248881587855,0.4471135040483154,0.6720523227434484,0.4985159979133828,0.07399026960165736,0.5194899585165421,-0.19379473393194988,0.36998739072875597,0.4117554045347137,0.31623349857411465,0.37656452152349856,0.33371611912600896,0.364856634886271,0.44200171614813927,0.4798615282021029,0.4672736422561306,0.7030674932176306,0.3573982178678145,0.5869179782551085,-0.3287389382405133,0.6070152336374869,0.15562944933005335,0.5936795855941538,0.5165433211469229,0.6801647830442562,0.45274390690828026,0.8034298834183085,0.36830494828643034,0.7116742074532845,0.3688444283329222,0.6876731822321376,0.2950219727607821,0.46657234041268825,0.4907177781459944,0.386802766108759,0.5519962372263608,0.846410229295924,0.733190046115816,0.5275281025389517,0.7029254170533612,0.6936536460823576,0.3956110132119308,0.7035257496555192,0.6965555855089093,0.3642689709918003,0.31140908474776363,0.6145026181617664,0.3273690963580531,0.21578984798298287,0.5055240747420996,0.7481334602953995,0.15975185213508994,0.3074667484690448,0.12675237998674233,0.6496308981553476,0.02878464971614196,0.7017109023197017,0.626287570888239,0.7797464502540816,0.7417481832478706,0.4731527669345497,0.5055410588690568,0.7008019321523442,0.6806274965806356,0.8357730933633379,0.8905482093535758,0.7560316334016485,0.777436398457826,0.7184526936840319,0.7849037689203963,0.7505955349653376,0.7949354700841146,0.25416721572540435,0.4036240975493839,0.1337176459487721,0.5115607390558513,0.7490271650738216,0.7219917702321327,0.7198752289850868,0.4723149616114819,0.6442718925897546,0.5039970859503574
ROI_2202,0.8408746970926457,0.6227893871830885,0.6309968837280472,0.8461396387435483,0.5164575839190622,0.353626801302393,0.86294897814068,1.0,0.7451505313071298,0.698008614775121,0.7728278567702642,0.8438044805198609,0.8265651637242554,0.7343898471056689,0.7351529290756803,0.7160889049332964,0.5748150232152771,0.49833876485423884,0.8661092331547385,0.8237960770091896,0.19633474583918228,0.012539960977500823,0.5932579006257832,0.12624983525439268,0.5504860912349967,0.6379604367751541,0.6603898830432933,0.18745510752397684,0.7149543147512175,0.5355406087478379,0.7104613429296445,0.6761245978419571,0.661026075437277,0.8254618291399767,0.4520926365102495,0.5358132162928518,0.6791302154776678,0.5451831476808912,0.10880419996567678,0.5335497178709652,-0.17742887169187938,0.39037785204346054,0.5006502518848057,0.4103041780930628,0.4672798457016218,0.4522165551818139,0.47425281579312334,0.5227651886943826,0.5338257317148253,0.5417042256326672,0.7347687350723877,0.4639373055328938,0.6356395333564584,-0.2057756602101247,0.6881376383404578,0.3130130724695794,0.6700660970883866,0.6433792875468467,0.7734146212389975,0.5952894887876345,0.8338382992908097,0.5486640143120575,0.6862618407063432,0.5129427479706621,0.6884748223880568,0.5263603723597456,0.5994032749084576,0.6190976084244537,0.5006012907650994,0.5892094095957066,0.8014533385342312,0.8166016727788216,0.5355043386448933,0.7167568390000578,0.7026037103006968,0.22288125879953097,0.6544383294066973,0.6457946137402422,0.3517344027527524,0.4675782075244111,0.6879701032159834,0.48698504453757047,0.3114959582665233,0.6225715884615534,0.7802964099909949,0.4269248270723941,0.28592229798537944,0.2645250466987121,0.6359541987823234,0.2623962068430176,0.6130739726603704,0.5724723194553718,0.7124660300069472,0.6605430302915956,0.4423141683230697,0.4208453045272138,0.631328147749124,0.651920762262157,0.7981322046908312,0.8159243050006794,0.7159035424744323,0.6905171027278872,0.6119993027475044,0.6778300882587489,0.6677064556338737,0.7063704392687971,0.283217887648766,0.3601244111557502,0.10183074738749398,0.4194922321182964,0.7054187099141896,0.6953649046294619,0.6874532615135492,0.4961351511601047,0.5973612269546484,0.44716899383494496
ROI_2211,0.7750254686318412,0.4993970566297609,0.28219314765145836,0.5292425869589235,0.7810968128175431,0.6261038730883806,0.7519795958480745,0.7451505313071298,1.0,0.9370699089756473,0.7512062369247684,0.6938478405917547,0.8207594476059888,0.577475748363663,0.9321879303605229,0.750843722969946,0.552910328815974,0.43402802604593044,0.6958626496527364,0.7534357212284692,0.29850486111036934,0.004652285959115533,0.3492689755645108,-0.33061047399225274,0.5560437949391579,0.73033410686855,0.8935755423828239,0.5084134929923183,0.7185679062571292,0.5007393873046704,0.6988413184633927,0.5680362610441337,0.472885639432255,0.7104927946186808,0.2842291559234769,0.348283713753361,0.7119771304690259,0.5402623046953962,0.11235383930681635,0.5370990541759343,-0.33620068561896616,0.4496119997500974,0.4836303118825028,0.417815339010996,0.5112264431873693,0.5190007707879645,0.46752018979623156,0.5483347526017703,0.5404165808086909,0.5705592919463628,0.7737775652094966,0.4214930996307441,0.5469415507592503,-0.40981915810724084,0.6991340258395219,0.14835836293486654,0.642745864375109,0.5983846194419431,0.69309302503353,0.3905558565640376,0.7445396019923011,0.10502212239523238,0.6109592740325037,0.256808739660101,0.6945813341940401,0.24655344679968388,0.4199820717852772,0.48293355341122657,0.3511916989189921,0.4893072275923032,0.8245095374320692,0.6594840065993423,0.2848070253191411,0.5585135311486245,0.7841536373759119,0.0471254632032436,0.47184593500201194,0.49647253111780754,0.3170423807065618,0.19489625954983203,0.5817607917361329,0.35460368294715,0.09038964648284163,0.6430614642154204,0.7955696539585531,0.3069488129270828,0.2502424379321871,0.2003910444511812,0.7613851114526395,0.1876352090511809,0.5367039082719578,0.5944058015051016,0.8066023940094439,0.7765403527458373,0.5022225119416736,0.5585217073298363,0.669679318312434,0.6570952012144803,0.8146866555254544,0.7687869847801061,0.8009457794664572,0.8129294872969106,0.6537992830826765,0.7901673347360375,0.6612559512314942,0.7289029063829867,0.22977748075339763,0.43118628039260304,0.10801887120711527,0.4689298572252596,0.7442022535462457,0.7538232333988715,0.7178829633413614,0.4822628286472897,0.6269637398745751,0.42943846146589887
ROI_2212,0.6745396686424115,0.4047339813115108,0.14453562276617452,0.47422072468564913,0.735408013019614,0.656106467116422,0.6271634840668704,0.698008614775121,0.9370699089756473,1.0,0.6524213351787809,0.643024110128806,0.7209026363349549,0.5584620029136256,0.879225050726337,0.776458120985665,0.5687916938754836,0.4373793695008105,0.6339587359368762,0.6965208950557792,0.2314805751600164,-0.11732131207055368,0.2682952040753175,-0.3793694102039895,0.49109475726101287,0.797408296445661,0.8588865690542018,0.5667947107630626,0.7128779624831694,0.5371992489994654,0.7180140754857858,0.6144873559150661,0.446559829990699,0.6568317244968446,0.2338012719574814,0.3175829368001859,0.7242161700670251,0.6090411646644375,0.10214361507543393,0.5301605715555536,-0.34210181313764537,0.4998644168150113,0.43198208740576066,0.3923814787654922,0.4726831001301712,0.473518435213687,0.4201223069057305,0.4748021025256447,0.4735214371191597,0.506492051454166,0.7159249519781178,0.42638336726901876,0.47379281881302343,-0.39074824128241264,0.6590266558988063,0.1567875734534754,0.5687002319162949,0.5254631597770031,0.6186905839165451,0.2935568603447151,0.6495341078275246,0.06825312875402996,0.5402847743456172,0.24223153609547415,0.6591792834031336,0.2477585428473744,0.35730775357572553,0.43173045896123374,0.27816210572922373,0.37616628485886583,0.7574517102142627,0.6557223587954207,0.2506646891149212,0.5241079236801115,0.7755268934662043,-0.060606801693134815,0.38878047092613827,0.42004961515110345,0.3695599358474594,0.19828395280909372,0.5532740026701827,0.3634669805383135,0.08273691661289514,0.6348804216941261,0.7351581697910551,0.3641161653209971,0.2162726052046778,0.1794705042611228,0.7216836526381932,0.23817014540718842,0.5218521857396082,0.5699631911528422,0.776770787580477,0.7402973388629016,0.4951301230105,0.5262683626036353,0.5534628777012809,0.5384811343839935,0.758886159840614,0.6940192023548847,0.7492217926172036,0.7415019185293189,0.5693480184727551,0.7129015098950943,0.5866428799491438,0.6517584803241101,0.15643936645813097,0.3063688040136791,0.03495131966109263,0.40250274120745405,0.6767859449486411,0.6815193435293383,0.6897625356408685,0.49702557833100874,0.5753992841844633,0.42892475498876176
ROI_2301,0.8395089897957835,0.5345441576864605,0.5552209628464967,0.6300929836581618,0.5404704061651429,0.2761373174598986,0.8580695180142848,0.7728278567702642,0.7512062369247684,0.6524213351787809,1.0,0.8466357912393431,0.9476287531363373,0.6581120115885041,0.8116259594173173,0.6345464810129562,0.7166854804844308,0.6096622384666982,0.8579213825462432,0.8051952123709025,0.3599971192992222,0.03330636126361321,0.5505788635146652,-0.09718200935361718,0.5143975134247262,0.5022771943279849,0.7511454704390841,0.13299138670834154,0.8227568274685703,0.6658462398415566,0.7245343678315467,0.5655142080824025,0.6519820829098523,0.7118001534845109,0.2766948427155159,0.3624585791522367,0.5938536532673679,0.44503850485272106,0.015829772565577938,0.4415369674547333,-0.22272066140150182,0.4132449343314053,0.5267942791465826,0.45225052649417363,0.5094448498428185,0.46452858751254084,0.3760659455417591,0.4706320086843872,0.5774348552911133,0.5708729752144668,0.7482537356613087,0.47099395161956165,0.5643682243603418,-0.3137558485302352,0.6134420052457512,0.13100814699529353,0.6722352179761689,0.6089651729121506,0.7258960569782001,0.5483083859276027,0.8436033067320289,0.3007714371090564,0.7982566038721695,0.48404415557690206,0.7481938480417829,0.3802773165697547,0.522874698294674,0.5862905692319333,0.43467182511291474,0.5827846676141586,0.8300484872487329,0.6720174229213306,0.5151735843588631,0.7069021263690033,0.7311525844053172,0.38092869026012965,0.5744469629455913,0.5593944535243001,0.5314917289581296,0.4383069829504552,0.7323378061432754,0.4963269283196792,0.21166099059274177,0.601795204191353,0.787535434246606,0.25596906452607443,0.28922620434011737,0.07153503473255879,0.6490945412629959,0.05425523823532175,0.5842729165958358,0.5270902236240697,0.772321801145573,0.7221636017387894,0.4142710200173818,0.6105564841355623,0.7196754023179772,0.6685793256202529,0.8506189266523947,0.8582575416700116,0.8203717912705264,0.8151231090352361,0.7503554241405109,0.8085630953179402,0.7116459926386082,0.7647043304496131,0.36685102964879895,0.41067551742852626,0.2006467992105462,0.4868460402832767,0.6915442563966082,0.7623329572821593,0.7425501433236998,0.44991137548470156,0.5470275138687716,0.5601747127568152
ROI_2302,0.8759722683046544,0.726015291815625,0.6174649654417272,0.7662277529839158,0.5888281621514009,0.39479409534147575,0.7457398117508459,0.843804480519861,0.6938478405917547,0.643024110128806,0.846635791239343,0.9999999999999999,0.8425033969807108,0.839112542672798,0.7518805844433836,0.7545785828932383,0.7377158317329277,0.7547494762944494,0.8856007145076328,0.8728387017116098,0.3452200796454532,0.039137990248105596,0.5489977147842577,0.07365946818637031,0.5912370930371431,0.6242801538576607,0.6263482921496932,0.25956500723805964,0.7552052870029825,0.6540286664480434,0.6890615328307387,0.6097631163853918,0.7071925253712162,0.7475623491824317,0.44349601191900917,0.4200201802328968,0.5707368046049703,0.4640364061575624,0.09799403723805962,0.42848476309193734,-0.12226335019188961,0.41550746764835816,0.6585331012672213,0.5976982441270372,0.6421208600068586,0.6098724608262237,0.5394378408794237,0.5773723671468596,0.6720647372522263,0.6719717486899442,0.7720582518773944,0.6418562540179943,0.6446906350640741,-0.058941948337612175,0.6795792909037041,0.38165743588448653,0.7941065757924509,0.7652869154877349,0.8496037327992855,0.7227371643588683,0.8919440053164998,0.48681504448873575,0.818331603989742,0.6869489024564902,0.7605093950190355,0.6072000761085338,0.7134762707950354,0.7024673496872184,0.6613323392451864,0.6874243396957274,0.7630590968110091,0.7406937757352551,0.549678937534142,0.6827693970568055,0.6708040549388752,0.22884802151431877,0.4873498366838161,0.45519949690078876,0.48826277646603267,0.626465295516276,0.8115221584249993,0.7040625309096185,0.3935068847366733,0.7226982948741193,0.8183111728985069,0.5480239590756487,0.29668244229434804,0.2408578646442897,0.6261911237395725,0.3430869264417859,0.4595990118225547,0.46887295077506635,0.6553537379819933,0.59324453235324,0.37951930234354814,0.5016287434133198,0.6137491453860625,0.5920503135507321,0.7406513436859571,0.7366720323606247,0.7046262979070798,0.6663585649366397,0.6073813600432733,0.6364009534432991,0.5753769273545495,0.6276983181692306,0.4039785565185133,0.3530731481337202,0.15764951419302306,0.38501427378050646,0.5781613030083219,0.6359342107408456,0.6536818557698272,0.5168966414962362,0.4531575137843773,0.4295593120866082
ROI_2311,0.8909243843320908,0.5984120669564196,0.5520411951746952,0.690327019369675,0.5992548015468339,0.31838316637978875,0.9076126325887294,0.8265651637242553,0.8207594476059888,0.7209026363349549,0.9476287531363372,0.8425033969807109,1.0,0.6559612703292144,0.8689075542289878,0.6743418658727658,0.6971918600671067,0.5763414932251781,0.8504005341435854,0.8478701234236895,0.35750228549012336,0.07846700672546922,0.5637095054394106,-0.10382757062157302,0.586163267617034,0.5662041738416377,0.8358017866280139,0.13934103632220018,0.8352784882964315,0.6289883665627681,0.7534385425557079,0.5935831958165712,0.6396751460325677,0.7821880064953746,0.3541245962769439,0.4391390982566246,0.7115374643457215,0.5450469478893631,0.09165079919392409,0.5343502533457227,-0.20737552643144713,0.48204813624012516,0.5861881910494415,0.5004575437552732,0.559683452486992,0.5215668241936605,0.4808809019020617,0.5542866233844971,0.6153025579671321,0.6211320575148467,0.812941751655589,0.4837098966224496,0.6325289606205926,-0.3451418909062512,0.695409967487304,0.16789032529920261,0.7215422108401048,0.6509977628516842,0.7704730046863127,0.5455915604443177,0.8632948770879593,0.2562604932636664,0.7786149166199614,0.39259151980087076,0.7941734083108047,0.3812783763161462,0.5417203206364128,0.6230833628273624,0.4761837580491989,0.6349398447835626,0.8877770420374796,0.704266924895616,0.48264776653826097,0.7142851584528275,0.7760986722474852,0.33978336964354017,0.5910066150879433,0.6010534920535262,0.4804586577275381,0.4072787466901776,0.7433121838216092,0.4894634207378659,0.2462825196218233,0.6645251815595784,0.8621203917731669,0.2677101042549618,0.36047534572032064,0.13582570245432604,0.7351203990449215,0.07776835630746612,0.6477892030871212,0.600676026219175,0.844511660542381,0.7905183421973263,0.4924418236273497,0.6467693476086026,0.7549881312088088,0.7116373277250375,0.8917711256840184,0.8789920569031332,0.8618925183952479,0.866394310186377,0.7925247389877941,0.8635737080467614,0.7816169271465927,0.8314842238852829,0.3197055062871946,0.44327350303595586,0.11905517371297064,0.5321371878979326,0.7675838778161347,0.776291697206192,0.8036801086506331,0.522813119282159,0.65916880561942,0.5590406764927954
ROI_2312,0.6461994542754511,0.5408819439884857,0.5979622560058746,0.6983854290852171,0.5861862223025148,0.5208810513430207,0.5591966810261965,0.734389847105669,0.5774757483636631,0.5584620029136256,0.658112011588504,0.839112542672798,0.6559612703292145,1.0,0.6475223165848578,0.7937494653628008,0.6026953768161529,0.6493655626951768,0.72090235659971,0.6743208289188537,0.33678958595138275,0.04950999062085117,0.6051344173743832,0.2963421867596632,0.588991667974537,0.6590004270064456,0.42684263240523684,0.3706410554262106,0.5765862251588924,0.5343324796893407,0.6209679658974006,0.6687173357871747,0.6460537618612321,0.593683560392354,0.508561858598973,0.3829716239763321,0.373790735809811,0.3276285109042157,0.112328396011232,0.2786146808771679,-0.15439305381491866,0.28238692572295243,0.5271497283733393,0.43996478364793434,0.5265665223186963,0.49689876190043786,0.3659767375098937,0.37724427146757156,0.5326482359856567,0.5299284492140234,0.5660703017769435,0.5743648886631669,0.5380610918943852,0.1315106527181665,0.5405996910816608,0.41622414115237893,0.5934086471866332,0.5706596441372144,0.6757548807742388,0.6168036032353572,0.7064848327939652,0.5507095364552467,0.6503059465719344,0.6677448844244848,0.7095157587347631,0.6616201568462003,0.6498721431795965,0.5890255941152464,0.554844150554433,0.49953185937254235,0.6020571771417242,0.656760723897645,0.4913045098146546,0.5138819047325953,0.5194269385437364,0.1250356710522141,0.3761463672328847,0.3352424214454609,0.4214054293508798,0.6357221555444683,0.6827546030869303,0.7249091607622539,0.4076883892915083,0.6555317235671063,0.6789440802992427,0.5871022253421007,0.2714585430931506,0.3313832934773538,0.532805402894433,0.48735498228408525,0.3785486346116628,0.4467295065844639,0.5074996909037899,0.4707990634232663,0.21907789436811048,0.39972831724214414,0.4046259667542947,0.3822801807462853,0.5209001966347483,0.5517829850577887,0.5374045162687976,0.4763559780321561,0.4194140097879244,0.42850141243701334,0.407077639468638,0.45189338142125934,0.44851088557582297,0.3241864494907914,0.13031744694839134,0.24094239144521143,0.3646143837038753,0.4587558456248807,0.4896953671389369,0.4571674938879363,0.28154329011171764,0.3322631873133895
ROI_2321,0.809782456839331,0.5632646369861846,0.36599266312753975,0.5855190593254685,0.8110315645411813,0.6440549132093033,0.7603623867951991,0.7351529290756804,0.9321879303605229,0.879225050726337,0.8116259594173172,0.7518805844433835,0.8689075542289879,0.6475223165848578,1.0,0.821690402047943,0.6783431544699161,0.5574425470180062,0.7309200969065641,0.7951163670155272,0.4194610004759635,0.10460888911774152,0.45035036213732493,-0.21868059420829938,0.6384556397848281,0.7309958445640029,0.8844934866344213,0.49163343825080985,0.8012519337657792,0.6322981795812888,0.7396657144188699,0.6169751036747398,0.5682442929495105,0.7353386615401781,0.3651903634641585,0.39220350148338845,0.7440335215783903,0.6001382672783886,0.21330165749519028,0.5692994741603239,-0.19405391727082139,0.5496743118599342,0.5873703162732288,0.5197673739555134,0.5687022411475152,0.5537917556145352,0.5181201968179175,0.5696066037089547,0.6072063382806858,0.6150686763689326,0.803632891731896,0.5139308815016417,0.6169511679500473,-0.3145863212020132,0.7384040452854779,0.22404719410304696,0.6888746348875993,0.6306447791524031,0.7374418412982324,0.46582231515777517,0.7727858071598659,0.1451453256546382,0.7003076844285466,0.3408734831261518,0.7987172708631796,0.35881285368204235,0.494709390690938,0.5702649774872068,0.4475704791225152,0.5466959159624025,0.8472914264945939,0.6708764376038583,0.4013399428825858,0.6320546737962235,0.7643123322204739,0.18335754536432514,0.4378289096563908,0.47542172117146014,0.47451299037178557,0.34174743156798437,0.7029192821917715,0.5125738644287994,0.25896416308192116,0.7300349947192677,0.8756497973665686,0.3916038801849977,0.3559760361343487,0.2785744803479173,0.8210041951814698,0.25656497401054845,0.5655485540374383,0.6289033711494089,0.8372818924711842,0.797001955107218,0.5157606050648652,0.6432323934423819,0.6796021467497073,0.6211505527266368,0.8118259028345269,0.7862793203790016,0.8333661350688043,0.8308850267448488,0.7188166287588793,0.8160078691241094,0.6870707159288638,0.7628712912805683,0.28481564664353454,0.46362658055061146,0.1071057432686278,0.49340858809795024,0.7037816087411586,0.7310128555791191,0.7512692750630805,0.5168972825077844,0.5851442717954989,0.4358940994685459
ROI_2322,0.6435208795599735,0.4836770259720808,0.44132176282966784,0.6214049909906065,0.726583377751833,0.6810723862485494,0.5947720382474804,0.7160889049332964,0.7508437229699458,0.776458120985665,0.6345464810129563,0.7545785828932384,0.6743418658727659,0.7937494653628009,0.8216904020479431,1.0,0.6500987792314947,0.6118499789490747,0.6826780681668366,0.6640570798318557,0.3972134505935304,0.1155770531619306,0.5434185458483431,0.11296987142289804,0.6596499394898764,0.7317442280922044,0.5988029792563987,0.5359886105556396,0.6911350357223345,0.6552933358165047,0.6973985237798107,0.6894876616230763,0.6540628104149832,0.6525758838219563,0.5133072434798032,0.4434887540594008,0.5763666787846645,0.5548394921812049,0.2441847995692358,0.4497522705436708,-0.07850478549870775,0.48692664537330616,0.5326970704243229,0.4560058806952183,0.4739669215216042,0.43424849032259466,0.4497461652533536,0.44205230778089866,0.5094268051652456,0.4858374026247342,0.6241802231301437,0.5325722417352398,0.545268576497589,-0.028243252896409707,0.6343954914610312,0.4214514231106324,0.5617515669585942,0.5432769654124218,0.669071230644388,0.49089603002342797,0.6624803621579742,0.38920935834246634,0.6320695103029099,0.5386603488971016,0.7287950085042331,0.5200684059883858,0.5704398381787735,0.5449641224913109,0.47406701124270595,0.4384625768788428,0.6722476761189897,0.7222112681555827,0.4909946345940304,0.5630226369330185,0.5834516739961637,0.18681330134031815,0.41618159076520406,0.42849804484242987,0.5101572948766849,0.524684247246148,0.7047734788462356,0.6492883824060707,0.4667677140044006,0.7200309642114167,0.7492330063865057,0.578142395439005,0.3667685792513057,0.37249377283335855,0.6571023298847862,0.4917232244530667,0.49440632979205434,0.5865352238184125,0.6432353457059028,0.6027669908501319,0.41384888212776266,0.48778786767146026,0.4680262055143201,0.39545599371570034,0.6109965942666149,0.6379507566590221,0.6202369816026917,0.5945201839190358,0.5294254853690341,0.5632130560904302,0.5056531342959717,0.5698405533687986,0.35491267284524664,0.39029955362800717,0.030755178223987763,0.34195856811632325,0.47750768169304875,0.49807860894765416,0.5773094101074384,0.5162967524684348,0.3937154556676278,0.3241936385793017
ROI_2331,0.6751476998169732,0.560019931371765,0.38843562587841896,0.628472543883096,0.48133746983398845,0.31067557994936773,0.5490206591171463,0.5748150232152771,0.552910328815974,0.5687916938754836,0.7166854804844308,0.7377158317329277,0.6971918600671067,0.602695376816153,0.6783431544699161,0.6500987792314947,1.0,0.9084533122565915,0.6752582433297049,0.7681586374890627,0.37080758359380234,-0.05916564075775635,0.5004932061950614,0.003200845724225601,0.5998665436393038,0.593550536455042,0.5966420600353223,0.17260237411618876,0.895239504669889,0.9106014095034916,0.7856741786115127,0.6936080560751181,0.7227874838702135,0.6377268428342996,0.42446850002322123,0.42615955230477565,0.6197714254557689,0.5907907986202747,0.2552323941320697,0.41769262141230334,0.046235003494109056,0.6784589657682736,0.6411691398426752,0.6428605386285566,0.6459838391421793,0.5645355122142435,0.49535488207974726,0.49025778562071803,0.614946745983112,0.5847142020735209,0.715832578863858,0.6414439430914224,0.5435045984136061,-0.07218469958668648,0.6100323228744936,0.2977294029347047,0.6899364431210148,0.6288086369496689,0.7039890749584403,0.5334076696754968,0.6213400262598294,0.18150537236986442,0.8040235181770873,0.5674893689767667,0.790307787151992,0.5127247309921266,0.5826562281417469,0.6832609787548193,0.5239658330330821,0.5355895706632117,0.6153089397881312,0.5067631610037745,0.5082760360254523,0.6141240306678111,0.6245836778994172,0.3684847210041741,0.2652647136113484,0.33160209850559,0.862292418496454,0.6199889428282163,0.8700962180560465,0.7613181808221041,0.5394826863304533,0.7537670719099542,0.7335433962630674,0.45251774429573316,0.46784852029993323,0.2621612440143127,0.5828778352761168,0.21403553841396938,0.35987372098413245,0.3466761449566045,0.6344511522738395,0.5258626758659649,0.3791928386267499,0.676395654762358,0.4833804129737038,0.3520555135783888,0.6396452532959401,0.5955773030748299,0.6574676875567826,0.6165872657255997,0.6043572960489015,0.6275739347541207,0.4827595944567428,0.5644092494987829,0.16649625769066248,0.2336193250488263,-0.0542783238082921,0.3989145364919455,0.4759844308065003,0.47994078375658183,0.5925768479919347,0.4376798812479559,0.2923992561247089,0.44834343484319245
ROI_2332,0.6468401803640005,0.6717194414170325,0.4110733687902798,0.6071833986076548,0.47412186982182636,0.3262263055006253,0.40871999347436666,0.49833876485423884,0.43402802604593044,0.43737936950081047,0.6096622384666982,0.7547494762944494,0.5763414932251781,0.6493655626951769,0.5574425470180061,0.6118499789490746,0.9084533122565915,1.0,0.6300908828914786,0.7306440475545399,0.3260994498743915,-0.01410382400041716,0.41275353899284745,0.08671958403798743,0.5934803113505928,0.5546709743463609,0.4319744512812684,0.23979957053113585,0.7513260792826665,0.8042424434052609,0.6221472608844728,0.5645140090769968,0.6682272537399007,0.5650377312648429,0.48871831683407635,0.4051675229015305,0.49936468506236703,0.4911589246137738,0.2893765601835798,0.362395132312309,0.12832164609174643,0.565979810315633,0.7192080184053308,0.7315678893002978,0.7245122457854763,0.6545927118479743,0.5890120337935808,0.5638843882505138,0.6685588102089135,0.6509737290141998,0.675769438082255,0.7347246996457659,0.5630930715519581,0.13950655749724328,0.6006759432847678,0.4632699863698423,0.7335228141601272,0.7188474912219521,0.7303233033065002,0.6241413603465111,0.6137595082177294,0.243869332074305,0.7724412540694425,0.6868021274645763,0.7318637497908126,0.6227920454674195,0.6900375815362686,0.7286364664705173,0.6721447409132012,0.588739842686601,0.4896592461290685,0.44902340375224725,0.4749994622009423,0.5222569709013783,0.5062062327242072,0.2676888362014335,0.16891537696430745,0.20241070546160247,0.7485152251615153,0.7231845560345724,0.849722392035381,0.854666616334351,0.5831570730109034,0.7686850850124104,0.6893849937596592,0.60849186360027,0.4420561587163052,0.3163293232649533,0.4825645253205343,0.36427531196521046,0.19362982509135923,0.27013773641696964,0.4645519471342674,0.36587455555048964,0.29721337387164076,0.5473648275631405,0.41042040691991305,0.2921013165209151,0.5036194057534057,0.44983972251769105,0.5171682886045347,0.46134406512429216,0.46035037625336334,0.4536223908903494,0.34644860000964933,0.4096424923906145,0.19662685647500516,0.18982947117693186,-0.04370375584701703,0.3324595916935361,0.34812101268827367,0.3668779146561441,0.47128398161424045,0.43673004072679156,0.1809077070920744,0.316002715277134
ROI_2401,0.8901472174234123,0.6619837729180523,0.696481098533614,0.7906140823912576,0.5257082753874546,0.275729560489325,0.8238093529773819,0.8661092331547384,0.6958626496527364,0.6339587359368761,0.8579213825462432,0.8856007145076329,0.8504005341435853,0.72090235659971,0.7309200969065642,0.6826780681668366,0.6752582433297047,0.6300908828914787,0.9999999999999999,0.8719718514711082,0.27434534765620694,0.08277621119894772,0.5954021521914238,0.06337815439941716,0.6021915098090421,0.5887367401670032,0.6633061928292194,0.16410214236354576,0.7584469423551925,0.6009308415959844,0.7347600045572236,0.6115977877837907,0.7468857449910906,0.7998478139875359,0.4565806976633887,0.5056411003942638,0.5971919536438968,0.4470618611924667,0.015309429184620124,0.4657172389968142,-0.23228781918842029,0.3191580941723165,0.5649737602833071,0.46674074902024826,0.5239237347241396,0.4791400212422236,0.44971060908566474,0.5340030779210931,0.6012699128855532,0.5880162702698738,0.7526468097464403,0.5177490463952913,0.6367097030151128,-0.17112476536217308,0.6541103977915251,0.2752274546682224,0.7524768298887327,0.6962776391522443,0.8332674516948075,0.6639216463098253,0.864979189165121,0.454481082030608,0.8247042206778774,0.634121876036549,0.7102686696865095,0.49128029312731614,0.6935482116589307,0.6862816330673019,0.5730765622713335,0.6565028735778843,0.8198552097628997,0.7900730071337588,0.5297989179827973,0.6795504492290113,0.6886114070899682,0.3303502631051706,0.6554407651603359,0.6063862622696978,0.44975070667379036,0.514690416730613,0.7538829180519442,0.5304251251111312,0.26249532785727686,0.6127325658984234,0.7695780784104782,0.3446825470727144,0.25208313262320825,0.1390344989664831,0.6165489483782631,0.23662332629987365,0.5716975572938974,0.5294152805099326,0.6986867741666036,0.6546340917500035,0.44759770705499313,0.4608593847682829,0.6978658486533426,0.6948231429991655,0.8143339142264676,0.8266665412781635,0.7312143116657066,0.7217342259507218,0.6666061626891759,0.7118348706691272,0.6911132618412092,0.7257215587882723,0.4271134155217955,0.39231828486344716,0.24723539634395503,0.4532147838813976,0.6527287890928499,0.7346532540793207,0.7046943634409503,0.5182860188964573,0.5457127310612229,0.5012064388287758
ROI_2402,0.9458946008275572,0.8292802064731101,0.5501520889943923,0.8043351022479628,0.617704195819201,0.36502020743039887,0.7743819598545643,0.8237960770091897,0.7534357212284692,0.6965208950557792,0.8051952123709025,0.8728387017116097,0.8478701234236896,0.6743208289188538,0.7951163670155272,0.6640570798318557,0.7681586374890628,0.7306440475545399,0.8719718514711082,1.0,0.30028986782699896,0.06716525742791721,0.48305280909242576,-0.07698650163569498,0.6452716801746846,0.6675554798226944,0.7810856044634787,0.2395140906946876,0.8166229046888115,0.6509278631983088,0.718214620950928,0.6044911353094333,0.6623199870917308,0.8503270692283617,0.47387510323394677,0.5366175604660186,0.7242992227948379,0.5636650023883706,0.17526044762294926,0.5892373678684244,-0.10633647790165303,0.5139670096080049,0.7210404427383866,0.6738737131995659,0.7324046685068518,0.7135509896694309,0.6712308071357189,0.7200495533271521,0.7484073432207664,0.7590938793735883,0.8914697942093838,0.6425750244734145,0.7168930361347242,-0.1970224175463881,0.7935099787300748,0.34510447841760983,0.8937151577385791,0.8377334211826576,0.9033759004637358,0.683652359204725,0.8435965829956671,0.264840991044088,0.8577275251380487,0.5427237483144818,0.780161365045076,0.4913894498689087,0.7061191593408563,0.777096718711996,0.7083082399433067,0.7700583223518735,0.8218136023017912,0.6956067244673668,0.502443602851997,0.7214811238796842,0.735809071203343,0.24198513573926575,0.4786343198141348,0.4920667949266998,0.48283422455910374,0.49017039018585384,0.7986908852744603,0.6088306813107746,0.3133283792147659,0.7539428985774141,0.8666286798517158,0.45457312703571057,0.39405739059329997,0.2799872807245081,0.732897833859816,0.27071531526522724,0.5314911079300786,0.5159377484859687,0.7713668097903502,0.701971100470044,0.49413476858100847,0.5890668300386406,0.7297122764768583,0.7096899830397587,0.8402997825469479,0.7727035375320346,0.8076803716428776,0.7839185240322486,0.7283127388658767,0.7783256391428365,0.7141675561465747,0.7564649072649786,0.2985312626749797,0.3863612451249761,0.10488085859514308,0.5015396384373887,0.7225941888699587,0.7173396275180659,0.7675008862313518,0.546484064406431,0.5992237526288567,0.44815507885959477
ROI_2501,0.3054685207196328,0.23200350864589211,0.16331668931374854,0.2032637819081748,0.5261739444078889,0.39888870171722246,0.2741349565938669,0.19633474583918228,0.2985048611103693,0.2314805751600164,0.35999711929922223,0.3452200796454532,0.3575022854901234,0.3367895859513827,0.41946100047596346,0.3972134505935304,0.37080758359380234,0.32609944987439143,0.274345347656207,0.30028986782699896,1.0,0.5387505189996665,0.2632318162948291,0.08598927039048943,0.33713796690793596,0.12160118767304418,0.3510209552659612,0.19689572023559515,0.33425344308881266,0.35117647595387314,0.27938983511187065,0.25364062629682005,0.2541894115598282,0.22186637880593518,0.19073662156743745,0.11775834066018459,0.2154835150086754,0.16385786564809524,0.2603068862149281,0.19489491083289853,0.13123114452391518,0.2817655446127756,0.36277836812243,0.3158968031485398,0.3808331353722434,0.32236770996935893,0.23151650972080998,0.20769924679780302,0.38795667256114014,0.3116067389642401,0.3579870744621986,0.3291883094819798,0.25924044437061816,0.010492679638736714,0.24348012361026697,0.11082839411916533,0.33307720359795795,0.258641783591324,0.3043359193747399,0.354256043673533,0.27940710759187737,0.13065834894856349,0.3086031080486239,0.09828082066025837,0.3655617367774051,0.23507778888753825,0.220270817919809,0.30904567469088173,0.22069499624388547,0.28165573000964794,0.3253594090867825,0.09674244473290142,0.1819791996394639,0.1604454705678955,0.17528766353619535,0.309877125329105,0.0029979740719407216,0.01718354888117464,0.3271432434855177,0.148187531190852,0.3235414341554542,0.42687358638871536,0.2682906639072787,0.39883680121975545,0.37186922738181855,0.1923354757513492,0.31584561368626746,0.300478011396314,0.38641678011029834,0.12060001529731845,0.2924441242572936,0.15594607962377283,0.3546827943673755,0.3692790457776989,0.06684935726225859,0.47687286539408136,0.30219605491860735,0.16725871747475682,0.2302384187814427,0.23827261479018927,0.3389018123361412,0.3952420355831355,0.4465088794294007,0.40949853705335504,0.31855555103390976,0.34004854709369625,0.4023812096136747,0.5014340644868673,0.07261645062812219,0.26849537677397634,0.10197440733761057,0.13646122298067553,0.20123750322403394,0.24217285283144435,0.09312649523133508,0.08395398129604843
ROI_2502,0.12648208665406244,0.22154189119305273,0.21953358208482707,0.12196329902052475,0.3386707228959977,0.18738696239291208,0.10238030369979094,0.012539960977500824,0.004652285959115533,-0.11732131207055368,0.03330636126361321,0.03913799024810559,0.07846700672546922,0.049509990620851166,0.10460888911774152,0.1155770531619306,-0.05916564075775635,-0.01410382400041716,0.08277621119894772,0.06716525742791721,0.5387505189996665,1.0,0.12766533062842358,0.254211149791482,0.2775819656600699,-0.17886457445687165,0.09096151853620026,0.04394492906787051,-0.05419688114558121,-0.08020419428686743,-0.08340292300944122,-0.05713352036790629,0.1010397324428618,0.15033042358805185,0.2524716458165573,0.2317880686252076,0.028344557723404672,-0.047654541643672464,0.2667263632311821,0.22962548626156956,0.29368743716500495,-0.035879437903243744,0.21379490629007838,0.12018864377582278,0.1554915720844866,0.11946019933854143,0.23999502991138577,0.20148009852583584,0.2265369091330004,0.14536380452719816,0.15223426671065543,0.11231753770506618,0.23066457551777614,0.16579393205391157,0.1646377118968979,0.19356162891312995,0.19346747441996737,0.1452981689517284,0.15378866199143565,0.27334320596874206,0.08074489358351751,0.1586598644797709,0.1382040027740218,-0.009388666259675707,0.013512874555527656,0.09625681029924009,0.21187507331882785,0.23467345563024405,0.22230116926474172,0.2345627412920716,0.15995704850066703,0.007645126020405564,0.11418402603561337,-0.005077181924883641,-0.1507811168274239,0.39675682418661934,0.10069588528068465,0.09460770336088536,-0.11190420015482763,-0.00021694593189189342,0.07628062034296589,0.10270379596019057,0.14666229837873895,0.106398180266633,0.12901618643389642,0.03769921612713541,0.3330403436494594,0.35030623555849955,0.2511111402924484,0.18108970900343255,0.26686004919556827,0.19386795307492746,0.12735943252088086,0.19307526375559442,0.06348679518392604,0.18342015321201932,0.24360294613922315,0.1791706504294773,0.030016159790127398,0.05395000430707528,0.09240625330567029,0.16740366538035556,0.32431061069355843,0.20234603310374774,0.29249986694515473,0.24684345013737935,0.43541340039676923,0.5304572510707822,0.09716937328719827,0.19716379975263276,0.03234814280331385,-0.033656572256988135,0.06106849892163855,0.1865351693356184,0.12985241376946707,-0.1442846195601124
ROI_2601,0.46354908886797763,0.3110042710359969,0.8092681236756339,0.7073470478095445,0.2659127994127199,0.10031038282261462,0.6858569696205964,0.5932579006257832,0.34926897556451075,0.2682952040753175,0.5505788635146652,0.5489977147842577,0.5637095054394106,0.6051344173743832,0.4503503621373249,0.5434185458483433,0.5004932061950615,0.41275353899284745,0.5954021521914238,0.48305280909242576,0.2632318162948291,0.12766533062842358,1.0,0.5726969808648936,0.5708801910677768,0.3061037214009928,0.2797028330092245,-0.12919775921375512,0.5346036668718847,0.49442385519022475,0.6422374405320602,0.6710161012263977,0.711742970562543,0.517184666460209,0.5187955464185522,0.43217320708716855,0.34106844727265917,0.31836011399567044,0.1457969429910444,0.26867957971940865,-0.016260198531780463,0.26035919968229737,0.2611519810187096,0.16451631568663103,0.2024277204521213,0.10552162248889772,0.11991782854252898,0.12794797236781175,0.29281503271131015,0.21664706415012147,0.3469545493645908,0.3248762514807777,0.39006296883015507,0.09193021819387831,0.3247407895210845,0.2410138288219585,0.3308703715163908,0.24547007113446112,0.4554657517845982,0.38082832094378366,0.5077646693354751,0.5100570758374886,0.5800405205237261,0.49862518238028564,0.6043109138686263,0.42522559843808394,0.46993000102848953,0.3939431499063286,0.3276241809390989,0.36427102107110526,0.5415639218687579,0.5869254690833018,0.5766146087375312,0.4920251508370007,0.3162708877466321,0.49052287806958234,0.5022191178354587,0.4795320545889866,0.4785608217198785,0.46895187540854666,0.5184669474355105,0.4008046641357549,0.4205801387226571,0.3391842039699215,0.487128688985761,0.17844416838161312,0.37438170906386964,0.24048608182225564,0.4158624863738554,0.20717587283279898,0.5002793991076809,0.45759061250911653,0.44750394315338476,0.3943530580748998,0.1831908059809085,0.2903454828387339,0.29350188300080043,0.24357238532366446,0.41734669650175704,0.5549954713699432,0.37780236978533016,0.3717059469284297,0.4007403920760364,0.3758443256719802,0.42346955424330046,0.4608381372006384,0.28173991586930347,0.20281172368152117,0.07513955008024935,0.21037986796097435,0.2898454184960576,0.3291463000491739,0.40800342922437993,0.34876786848969543,0.227147223874639,0.36046329940431077
ROI_2602,-0.06718513677238432,0.07105851650654445,0.5826425070638341,0.38895547441032924,-0.17435553414918203,-0.1703786564892834,0.0350750252282712,0.12624983525439265,-0.33061047399225274,-0.3793694102039895,-0.09718200935361718,0.07365946818637031,-0.10382757062157302,0.2963421867596632,-0.21868059420829938,0.11296987142289804,0.003200845724225601,0.08671958403798743,0.06337815439941716,-0.07698650163569497,0.08598927039048943,0.25421114979148207,0.5726969808648936,1.0,0.2645187437958571,-0.11722005750330258,-0.4280002844388942,-0.315656233246945,-0.1221922225756536,0.008788690364048776,0.003281476873271222,0.21674415561245655,0.30205082592715854,0.02604080228265871,0.44626452382580895,0.25496100833359187,-0.1920257543626901,-0.06943718087508433,0.15456710621823574,-0.05423312765543621,0.2932112373640557,-0.13655080506255496,0.035825105800409145,-0.02827950855434059,-0.06533889775552235,-0.13324942035330284,-0.054239439100658295,-0.11941961045659727,0.022552028564494748,-0.07226102198727888,-0.17515794693684686,0.10975601348325915,0.11376241465411945,0.5525201243731601,-0.06412466093514893,0.35734360173018653,-0.05500155377104563,-0.048658708747058244,0.0242711708305821,0.22928237475366162,0.003364189741538865,0.6126924371624577,0.06836971776864613,0.3494969943332401,0.07845073840658734,0.44705553031734624,0.2842289340590874,0.16158442721310687,0.21481436700548356,0.07335357975688293,-0.08759513233491688,0.1353607495783406,0.33456647533523864,0.061369479044172115,-0.3274664967387326,0.38254099138166886,0.11550011602789284,0.06509618377253912,0.11984447029653415,0.37825389056569314,0.12086667776356766,0.264106240006264,0.4071252612286076,-0.06008168748471491,-0.03912659448759239,0.18821510068537323,0.17955364084270922,0.22094739564655694,-0.11806308491176155,0.293594007389556,0.07427912468105216,0.02916979863401118,-0.17118439431030122,-0.1868689920219526,-0.18538711856593887,-0.16864757235958305,-0.15631829692712199,-0.19687779320633525,-0.20958793712583934,-0.06886783625813327,-0.2471858810226156,-0.26425452023505785,-0.09638566625004101,-0.2540865213500322,-0.05269875889965299,-0.09037322639316314,0.19489894036303623,-0.00956280764976478,0.0004740286557177921,-0.1174692714866558,-0.2760902350582706,-0.24472996578156503,-0.13110684286058746,0.10771342246975724,-0.23416576186666424,-0.036272310293042835
ROI_2611,0.6426901323189013,0.6087115432908431,0.5783863198936364,0.750445141482039,0.6729004266371904,0.4203151897642222,0.5117190605675286,0.5504860912349967,0.5560437949391579,0.49109475726101287,0.5143975134247262,0.5912370930371432,0.586163267617034,0.588991667974537,0.638455639784828,0.6596499394898764,0.5998665436393038,0.5934803113505928,0.6021915098090421,0.6452716801746846,0.33713796690793596,0.2775819656600698,0.5708801910677768,0.2645187437958571,1.0,0.6579079633747967,0.5492548470511421,0.26750245896591673,0.5765202574400045,0.4973493148235015,0.6311192731457865,0.5880271585216031,0.6712079713933768,0.6502243432370258,0.7559381955195603,0.6540496104186776,0.5130989471141927,0.4090986252163715,0.2415882888122543,0.44423482096950956,0.014995193423900847,0.39695095179644013,0.6064616920708497,0.5507029999101491,0.6093817454639588,0.5431468108036435,0.5577034043054422,0.5571783205344413,0.6517572813054027,0.5868616095813318,0.6505995245550381,0.5860098339285713,0.5743108842969555,-0.0032183837062613307,0.5966653843654234,0.34052096365992285,0.6632557393899823,0.606140129166181,0.7197737877814957,0.5802647220354369,0.5796869135060552,0.25761132689854915,0.6589133739448548,0.4376752544121378,0.7445571801406015,0.5996017967586166,0.7158320534041234,0.744246184796064,0.6289867959184106,0.6490200021725587,0.6319363246387648,0.5569020276827072,0.4504079568510052,0.49046458774907353,0.42735954257451214,0.3613678509885065,0.34847753039451757,0.3652861260487621,0.42561259625300707,0.4988662617883629,0.68348569596786,0.5973910981602052,0.3997071127035079,0.6556616930030967,0.7128950049445825,0.4086856111301205,0.4140723154096148,0.354633882972169,0.567913070559256,0.3142390745101369,0.4027377221226682,0.463646913371138,0.5791415907669716,0.5245557014944533,0.31461665578728604,0.44996331560345315,0.4985764017752964,0.4400698190852935,0.5183419204781343,0.48493353675388684,0.5490601751538132,0.5497973902153047,0.5636363496810833,0.55387642022815,0.5555749543207479,0.5867264983121909,0.34198005882427374,0.41739340584481394,0.07893199536775876,0.3444870429402359,0.4407733351227167,0.45948389131876255,0.573711123180316,0.4666572324848564,0.390375676554161,0.2927278724238692
ROI_2612,0.6067938089455084,0.48077716645016716,0.2483056672801312,0.6206911068430782,0.6529900141782274,0.6550243363158521,0.42901621034625803,0.6379604367751541,0.73033410686855,0.797408296445661,0.5022771943279849,0.6242801538576606,0.5662041738416377,0.6590004270064456,0.730995844564003,0.7317442280922044,0.593550536455042,0.5546709743463609,0.5887367401670032,0.6675554798226943,0.12160118767304416,-0.17886457445687168,0.3061037214009928,-0.11722005750330258,0.6579079633747967,1.0,0.648940609707592,0.6196203554920056,0.620605592448344,0.5119192556472395,0.6990809525721745,0.6970918631264685,0.5433923481273274,0.648444096627455,0.5347837794689276,0.5308000014361096,0.5903920184843977,0.5160499344859636,0.13161542640911764,0.39985614291729116,-0.2550239889400877,0.443003529693725,0.49129171855826365,0.4556479957753619,0.5396876115106899,0.5333244469374187,0.4448337723887873,0.47050375063971595,0.4926967237122109,0.5164185987856997,0.6436522196733317,0.49211433241728947,0.4387734156385185,-0.19998470111574,0.6039162738232215,0.24234018109349154,0.5810754291575267,0.5717748412218574,0.6597351490960962,0.42477137875217236,0.5749227514090245,0.15790098543602585,0.5457380401701774,0.41662143918055583,0.7063115801423105,0.5223770254290404,0.5617654291370151,0.6141296172925398,0.4228600446296251,0.42899777800439737,0.6161064165600011,0.6352084467961786,0.306498171567489,0.4903981042046294,0.662382213055124,-0.09440209596693458,0.3105977752546952,0.347684573984288,0.3739826072647809,0.41813318405434896,0.6072728390474863,0.539464290021406,0.24810057224942347,0.6885927327532326,0.6935816469375695,0.49470259700115593,0.18726639303436876,0.26800253682022007,0.5680393888270322,0.37559613707213924,0.29143066216969027,0.4245148430942086,0.5984252386609858,0.5491295780839425,0.38123969353364806,0.3867610480912753,0.4234343368943359,0.42724161767861907,0.5875218052532787,0.49266330672288694,0.616600732353805,0.5669887439218629,0.4059628069201634,0.5249973095454707,0.4488402820306587,0.505915402719928,0.1668060784655466,0.23232635678461225,0.04302724815103829,0.3038808127497999,0.5128875022435758,0.5717293065758063,0.5496995836209042,0.373507963334785,0.38310395946410497,0.3003141011849748
ROI_2701,0.7937480695574338,0.5187580402416477,0.20020126567056357,0.5171907007789229,0.7268741806563463,0.49156895270634476,0.7253193968578616,0.6603898830432932,0.8935755423828239,0.8588865690542019,0.7511454704390842,0.6263482921496932,0.8358017866280139,0.4268426324052368,0.8844934866344214,0.5988029792563987,0.5966420600353223,0.4319744512812683,0.6633061928292194,0.7810856044634787,0.3510209552659612,0.09096151853620026,0.2797028330092245,-0.42800028443889415,0.5492548470511422,0.6489406097075919,1.0,0.377641489719871,0.7628922340024575,0.5112562667678466,0.6998030721833834,0.5301866314675376,0.45768016534419653,0.7411644717703327,0.2820526283032457,0.4291884408239713,0.7820361115210227,0.5986999712076234,0.11584663012642132,0.631834679353223,-0.28691324773934135,0.5230390249134783,0.5475518473355818,0.4823602658387002,0.5753624002635322,0.5703763774641136,0.5289216005109336,0.604093307970488,0.6013554125418811,0.6217938183445805,0.8382130702654829,0.43323265187471116,0.5533744495608963,-0.5137152935047199,0.7361413335431347,0.06645398399216788,0.7005145744445257,0.6164241655307878,0.6955451813071009,0.373725737795104,0.6989843336245909,-0.07168867178728537,0.6520468743902381,0.1476279236435517,0.7035911728609602,0.17989801798039168,0.40517351932239903,0.5600065386883909,0.34884162941669306,0.5489142884616499,0.8546445909238088,0.5606304333901652,0.2468519400791505,0.5814195933947394,0.814373133243419,0.14380010348628056,0.4370862690909725,0.48661804819807997,0.34775594856137876,0.13525295799372794,0.5846596587346202,0.3011144846576259,0.023744700023845954,0.6457150366903562,0.8041158102385949,0.17994845768321663,0.31520713794319644,0.16271344832157042,0.8184454158178702,0.05189337008168801,0.6155892984598369,0.5783327932223055,0.8968069784118922,0.8539093529901528,0.5554791964655175,0.6768001813441623,0.7587764066841399,0.7274197671968347,0.8745769133950797,0.769433225003942,0.8953557739010806,0.9039895136692772,0.7922249988821034,0.9076060745596449,0.79389711210227,0.8284481715457396,0.2123418140045498,0.46695603341367414,0.1126964353779093,0.5428429572009645,0.8150381846882865,0.8006426815675819,0.8192044384098466,0.49791873599490416,0.7155956529553641,0.5073498947624289
ROI_2702,0.2264225891610065,0.21148014767849757,-0.1805248523217489,0.08004475463108059,0.6642927068027524,0.8740968752367222,-0.010873893943509363,0.18745510752397687,0.5084134929923183,0.5667947107630626,0.13299138670834154,0.25956500723805964,0.13934103632220018,0.3706410554262106,0.49163343825080985,0.5359886105556396,0.17260237411618873,0.2397995705311358,0.16410214236354573,0.23951409069468763,0.19689572023559515,0.043944929067870515,-0.12919775921375512,-0.3156562332469449,0.26750245896591673,0.6196203554920056,0.37764148971987094,1.0,0.17779268869747047,0.14715224448943595,0.18643423424075437,0.20626159544797093,0.09459494746309631,0.215514054179862,0.2081023279432858,0.1130665824206397,0.2388413515229779,0.21619691987807177,0.1968607647896523,0.21088862007252238,-0.1746665385083103,0.21056054736327232,0.26560242112071086,0.23915467463981777,0.29996831394139994,0.35116457112933214,0.2699083130067235,0.25881450332667255,0.21147954475396924,0.26824089857869304,0.30421113268448285,0.2391466232213071,0.13593765049597903,-0.07730275431959922,0.3684332515005352,0.20955431555588655,0.2677811486826816,0.30406915675217006,0.28791860090895427,0.17327175099627204,0.22126975544824098,-0.06737953425428111,0.16057066157145783,0.1819368252016736,0.275744697573206,0.19611306791531102,0.22323810082211482,0.20803059629590345,0.15038686736142753,0.08670121790315316,0.23134721719683285,0.2503471992328636,-0.007564448813632066,0.09007780990664423,0.349332187934639,-0.3224459976707731,-0.005241308905825415,0.009488630667544863,0.030513155109860277,0.14011915571186848,0.2111707872447739,0.29005010543236914,0.07552465220106928,0.45817910287752744,0.3514127165331978,0.4364698707387808,0.03008990386836976,0.33785756029297864,0.37972331288136885,0.43087959758574057,-0.03494977993706955,0.21713709035502218,0.22035103768932024,0.24048998033372704,0.16435321537128225,0.2071964448157948,0.18441130707840922,0.1930490097935784,0.19828348049104805,0.13268723850983938,0.2726073863027038,0.2297354200757058,0.07791023567179298,0.1735070895468933,0.07408618858866206,0.12366416139391576,0.17546573217933403,0.24764023431480392,0.09381615627188022,0.07263260785431305,0.18323599345009747,0.259503769611021,0.1591047810083072,0.17255674997855133,0.11736110599419758,-0.07237402502808028
ROI_3001,0.7551849889611387,0.5354128012825695,0.3988186556097391,0.6410201738403984,0.5254090045665009,0.3147025058341896,0.739067116443583,0.7149543147512175,0.7185679062571292,0.7128779624831694,0.8227568274685702,0.7552052870029825,0.8352784882964314,0.5765862251588924,0.8012519337657792,0.6911350357223346,0.8952395046698889,0.7513260792826665,0.7584469423551925,0.8166229046888115,0.33425344308881266,-0.054196881145581216,0.5346036668718847,-0.12219222257565358,0.5765202574400045,0.6206055924483439,0.7628922340024574,0.17779268869747047,1.0,0.8921315107372785,0.8717308866117855,0.7416149627459208,0.7134691623251669,0.7777328073979277,0.36731794775164833,0.50024410581087,0.7750351278511752,0.6881629958266543,0.23000437590079065,0.5547560964350373,-0.05210562312050717,0.6711363024431508,0.5789637564380977,0.5470990012740656,0.5641230210743745,0.5048979149672652,0.48659886546711695,0.5163532959446254,0.5893511938437139,0.5725900998819036,0.7806080802470384,0.5469414776268486,0.5550815875120979,-0.2962395852771631,0.6721278024879286,0.20499852252522255,0.6716006238653079,0.6104299904854179,0.7159488172228119,0.46370510698407735,0.6902794384180625,0.15023074660929397,0.8034627186062351,0.46486036804660075,0.7718476006457947,0.36057752133395926,0.5143902461754127,0.638256484648127,0.43092163884435386,0.5289305090412061,0.7784073540060739,0.6352703254292905,0.5300021465365239,0.7046379445076538,0.7786820944734028,0.3758069122423656,0.483335506450923,0.5559686873702294,0.7468877053022641,0.4912015071986056,0.8269187418777725,0.5869088700278096,0.4248818450769614,0.7233627528036043,0.7777231250368335,0.33892854051080973,0.4487707713551477,0.1789009706089223,0.6747068617607095,0.10040812014328872,0.5476429621697271,0.49951135460778145,0.7951393328233075,0.7018324892411943,0.52168789865291,0.6980040401413148,0.6203256855284838,0.520665434183272,0.803376712248217,0.771162815747793,0.8130267029750354,0.7845576552156261,0.7397713195854376,0.7943982851198907,0.6769687270877196,0.7446656278532122,0.14639853180932788,0.3180079420794536,-0.03572765261773839,0.5238176052581835,0.6838965411042524,0.6579661564002074,0.7315339946977826,0.4700297450185895,0.5056434883404026,0.5400327614018579
ROI_3002,0.5509008524394294,0.4107741163681293,0.32935333998308225,0.5205340132389794,0.38553596726175293,0.2600230104360184,0.5236840634168173,0.535540608747838,0.5007393873046704,0.5371992489994654,0.6658462398415566,0.6540286664480434,0.628988366562768,0.5343324796893406,0.6322981795812888,0.6552933358165047,0.9106014095034916,0.8042424434052609,0.6009308415959844,0.6509278631983088,0.3511764759538731,-0.08020419428686744,0.4944238551902248,0.008788690364048774,0.4973493148235015,0.5119192556472395,0.5112562667678466,0.14715224448943595,0.8921315107372785,1.0,0.7845298148103753,0.6854472218164324,0.6729093155399393,0.5758535289771997,0.3053605652173197,0.37443185941132695,0.5806928527331666,0.5976949902354326,0.269186013034991,0.35926994059233314,0.11693573802292305,0.6951738511556916,0.4866356753258778,0.5001906041964665,0.47637465823683206,0.4007420638354155,0.38527665261936267,0.3521779221087527,0.4809558913933054,0.4224808928592506,0.5905305812331845,0.49817688725046616,0.4185246020901572,-0.1396159794415575,0.5010538470443162,0.22502040387377076,0.5191993681970962,0.4816998915651592,0.5747262375996595,0.4096524892620074,0.5063515065349031,0.15197504000352102,0.6919405207387167,0.49445637922516883,0.6574857245691205,0.3714795759913505,0.4315434512154579,0.5359259349029114,0.3786156720167142,0.37685519867904144,0.5466592351178722,0.4822866683270626,0.5042161408396952,0.5691544862696185,0.5597214197299824,0.3839283797255964,0.2714761684989188,0.35409131725562065,0.8612054606517782,0.5695373826154914,0.7801831411717131,0.6693449485038324,0.5879779850531361,0.6867391982595252,0.604872874294431,0.3851464153244363,0.4649141316541771,0.22577228658108603,0.4799258861082872,0.1250952201915648,0.3472450716563744,0.3140966965964016,0.5623415137800087,0.4543040100568678,0.3816093402019695,0.6497467817292061,0.3742751769783981,0.2505195263072885,0.5685900124857838,0.566381293937905,0.5956400104100126,0.5577460358249345,0.5532882221020827,0.5654306147526346,0.4191773284576396,0.4972991255154396,0.12460187715504707,0.2090558054103121,-0.17885486986899168,0.36261079553509246,0.4349290185119094,0.3896545596900071,0.49749551830607897,0.3172136871942521,0.24530063155769516,0.4156276816759929
ROI_4001,0.6455885648444244,0.37790860780011026,0.44324760420224435,0.674538963974049,0.47890542017985505,0.3153504586141395,0.6986348833571587,0.7104613429296445,0.6988413184633928,0.7180140754857859,0.7245343678315468,0.6890615328307387,0.7534385425557079,0.6209679658974007,0.7396657144188697,0.6973985237798106,0.7856741786115127,0.6221472608844729,0.7347600045572235,0.718214620950928,0.27938983511187065,-0.0834029230094412,0.6422374405320603,0.003281476873271222,0.6311192731457865,0.6990809525721744,0.6998030721833836,0.18643423424075437,0.8717308866117854,0.7845298148103753,0.9999999999999998,0.8891529438532739,0.7921210153809536,0.7521240678946666,0.40878344265393635,0.5113865637500239,0.6676670984424039,0.5797817312116627,0.13098863513988876,0.41435612175614783,-0.1842394269365487,0.5748805977712158,0.39751368403493276,0.34882417258193277,0.4224391116660553,0.35082362992731303,0.3109024090836089,0.33689358436271133,0.45251822997694807,0.41894228203226996,0.646066418075065,0.41139987733044675,0.441597638540822,-0.30015963875723406,0.5348164725668545,0.08964753867128898,0.543431640952923,0.4776586908585785,0.6467872685486395,0.3942496471381129,0.6365451061853392,0.22326808509842988,0.7364694209167488,0.4574929511986452,0.735893840063144,0.3947251748709003,0.49405366579730225,0.5811653646980649,0.3358504036582541,0.44004250056351635,0.7667836967362662,0.694437486763618,0.4896859166260079,0.6173196580230036,0.6994921824874544,0.2942293433734715,0.50976607672754,0.5582468762198146,0.658153156214663,0.42495761082320116,0.7143055388123735,0.4809996246923371,0.3639278456115853,0.6155361367900875,0.6839028791662096,0.23621848723982655,0.387164964249432,0.15746657387193672,0.6022425826256603,0.09998351798770341,0.5245538526150149,0.45925094764370683,0.7288898576699525,0.6350183439044401,0.4128767087269648,0.5954688253086151,0.4753570147426565,0.40966570699852806,0.6989646874909838,0.6888653392942383,0.7161748650655533,0.7064677005864806,0.6194725022536012,0.6960169090567351,0.6001718896412324,0.6643273101590341,0.16269196851368795,0.25652017172143166,-0.07989540131081983,0.4187528681966387,0.5942990729597751,0.5762965504463613,0.6407647128454301,0.40471171845827525,0.39445633557088994,0.5024051820550508
ROI_4002,0.5075701103503881,0.32439349312699256,0.44495478041672254,0.6979424101628688,0.42219264734197887,0.36355246751330766,0.5817009473551773,0.6761245978419571,0.5680362610441337,0.6144873559150661,0.5655142080824025,0.6097631163853918,0.5935831958165712,0.6687173357871748,0.6169751036747398,0.6894876616230762,0.693608056075118,0.5645140090769968,0.6115977877837906,0.6044911353094333,0.25364062629682005,-0.05713352036790629,0.6710161012263978,0.2167441556124565,0.5880271585216031,0.6970918631264685,0.5301866314675376,0.20626159544797096,0.7416149627459208,0.6854472218164324,0.8891529438532739,0.9999999999999999,0.7580452845607255,0.6990206560966229,0.5076287410034607,0.5767157491947903,0.5577471458022989,0.5439837894934088,0.17755163282102582,0.37491025850161536,-0.12061745045673923,0.501821521129063,0.3344362165864757,0.29340168478865436,0.3600317244146102,0.2818866616110683,0.25519036823517716,0.26409836358870875,0.38755172409347066,0.3498789919664168,0.5331231646435106,0.42090026208767045,0.41833316521655606,-0.11209495224765602,0.4765873102014798,0.20681423415290076,0.44008147933917446,0.3994996397105342,0.5558229260581323,0.3637353360831927,0.5274295701527711,0.3687921291298361,0.6468010563521185,0.4939631352982396,0.6937782047953294,0.5052414301783099,0.5002027257999127,0.562274673962994,0.2920448291668188,0.33976730781271697,0.6342864379711581,0.6420720172756337,0.5065852096769135,0.5648333348193638,0.5610526809454691,0.2537211650951432,0.4544116029251187,0.5014141325180258,0.5984646641579967,0.4688822706324934,0.6241916277052875,0.4903091224333878,0.4205490796100748,0.5352889451708212,0.6010069505333827,0.3301421197013596,0.3914185993499486,0.26729712468451067,0.5325935796058706,0.25152161927957617,0.48748331775845993,0.43205490419833215,0.6165892910568744,0.5411386615068786,0.31153663381631225,0.4683276793908955,0.32210398940988366,0.27885060070636286,0.5604891768317095,0.5619291710434613,0.5839972775735861,0.5534424557061791,0.4947837013502909,0.5436721953960053,0.49741937460979974,0.5478085567994847,0.1498558060982306,0.20663416627302045,-0.09958956964602071,0.32466948929485023,0.4496798005594103,0.42116431915566005,0.5123563052996257,0.3493166315086645,0.26995315904669004,0.3916295681485201
ROI_4011,0.624713250703313,0.49359072732719167,0.6610030157806471,0.7397786494619676,0.39872675378247224,0.2535788378018555,0.6284141472499898,0.661026075437277,0.47288563943225503,0.446559829990699,0.6519820829098523,0.7071925253712162,0.6396751460325678,0.646053761861232,0.5682442929495105,0.6540628104149833,0.7227874838702135,0.6682272537399007,0.7468857449910907,0.6623199870917309,0.2541894115598282,0.1010397324428618,0.711742970562543,0.3020508259271585,0.6712079713933768,0.5433923481273274,0.4576801653441965,0.09459494746309631,0.7134691623251668,0.6729093155399393,0.7921210153809537,0.7580452845607255,1.0,0.776547418306258,0.6351487552772853,0.6388064920050684,0.49601042619988606,0.44554285698107554,0.15208077287090246,0.36908294340452347,-0.01869726574822019,0.4507983700025124,0.4637990776012083,0.38849451207347707,0.389799926324356,0.3123474330809951,0.36434086876078886,0.36160897596563185,0.4613664905075263,0.41774723867657426,0.5705950715137151,0.4860621894275236,0.5011527495270922,0.010250459285043994,0.5233922994776331,0.3313262544592742,0.574681678801366,0.5386409052685177,0.7172497730849656,0.5896876138059914,0.6813540618984838,0.4658675213388576,0.8125448683800855,0.734377016936098,0.67943920184412,0.5599246061848209,0.7384995786432188,0.7072938486893017,0.514440032670668,0.5357849464203276,0.6353802187847167,0.6730206714599574,0.5897967918977389,0.5972952793243373,0.5264021051447153,0.4478695362123514,0.5993361598105187,0.6122535606069583,0.5817139762648392,0.6320722844140065,0.7615761782662771,0.5704184793273958,0.5340124289529852,0.5640859224898819,0.652413197070303,0.3457025425536804,0.4141800124600775,0.24922747698223735,0.4913895658676968,0.28675892445474926,0.4566103755382206,0.4489854120053532,0.5784479635175854,0.5043320039258362,0.3435579467860003,0.44859611450922526,0.44312365322449176,0.3649992140310784,0.5719934402727116,0.6077952497971092,0.5582378752328396,0.5444372657453829,0.5446140948806473,0.545734440038183,0.5307687198307776,0.5978510306516658,0.28407057312032524,0.27904225567713925,0.01351433892537828,0.3797129800896978,0.47293137982926,0.45719414192676555,0.533607780005939,0.4540975135833148,0.30875595193418315,0.4148205511747
ROI_4012,0.8324229875623587,0.6991362475253416,0.536488941946849,0.7933278573693989,0.5457713023964819,0.34862167695368546,0.7657642093186201,0.8254618291399766,0.7104927946186806,0.6568317244968446,0.7118001534845109,0.7475623491824317,0.7821880064953746,0.5936835603923539,0.735338661540178,0.6525758838219562,0.6377268428342996,0.5650377312648429,0.7998478139875359,0.8503270692283615,0.2218663788059352,0.15033042358805185,0.517184666460209,0.02604080228265871,0.6502243432370258,0.648444096627455,0.7411644717703328,0.215514054179862,0.7777328073979277,0.5758535289771997,0.7521240678946666,0.699020656096623,0.776547418306258,1.0,0.576225961331631,0.7384240669340368,0.7607656530146877,0.6059850268482033,0.21475664563486663,0.6571844297515196,-0.09956532237146509,0.4708830288184633,0.5901591062761308,0.5036637980406588,0.5372716048649144,0.5230748978451396,0.6038525703404424,0.6367596738492884,0.6064684609813495,0.6177171520274415,0.7988093713487553,0.5050519906943485,0.6469978554483662,-0.23203901079928244,0.7604162444612389,0.3333067539170987,0.7663740751011952,0.7295636754252423,0.8407531347900714,0.6130628013103561,0.7852247453430808,0.3356386596018521,0.8003577229412396,0.5340617815848541,0.6762828107852945,0.4311476631274068,0.7118251216529022,0.7753808955867265,0.5662866009393539,0.6614648564778497,0.8180865184499966,0.7303709010317737,0.5092642991862159,0.696869171839977,0.73033469573269,0.3173145147558001,0.6875779179826906,0.7320274104220827,0.3673428670830259,0.43400575473411857,0.7318272598457681,0.4458779031551425,0.3433469840925165,0.6527903068944205,0.7818225552026788,0.33411080992906206,0.406468842066628,0.27009249587729145,0.6927960460290419,0.2472318077237129,0.6014947075635892,0.5747110340882821,0.7836859126644559,0.7276336799020838,0.5679194469859099,0.544617224965609,0.7035821067436049,0.6900450227507251,0.8059069605320647,0.7519792672837986,0.7861362523228532,0.7742760093188652,0.7320436348223798,0.7782575943084301,0.7837420859077823,0.8181751633541693,0.24538235732768196,0.42770591549127895,0.05991765012635812,0.5535930366479572,0.7898231232985565,0.6927952971078459,0.7432110026720231,0.5402926216020159,0.6404785560903969,0.4257233587632294
ROI_4021,0.46697416547334947,0.5313201416534262,0.5768680124999538,0.7186672860818983,0.41235837255812735,0.3258009958094465,0.34058248881587855,0.45209263651024945,0.2842291559234769,0.23380127195748143,0.2766948427155159,0.44349601191900917,0.3541245962769439,0.5085618585989731,0.36519036346415856,0.5133072434798032,0.4244685000232213,0.48871831683407635,0.4565806976633887,0.4738751032339467,0.19073662156743745,0.2524716458165573,0.5187955464185522,0.44626452382580895,0.7559381955195604,0.5347837794689276,0.28205262830324573,0.2081023279432858,0.36731794775164833,0.30536056521731975,0.40878344265393635,0.5076287410034607,0.6351487552772853,0.5762259613316308,1.0,0.7737607017204831,0.3614884759529623,0.3448328133348701,0.23032176742082663,0.3821809556909719,0.08237980994925284,0.2432646875297554,0.544173188102504,0.4496098580297124,0.4945377183321436,0.42169404057422794,0.5081150616563975,0.4863816003051422,0.5039789037048353,0.46200317468417096,0.4787937900839172,0.49270136482688925,0.49231741830277304,0.17850369048452563,0.5207823559017344,0.48215989510288787,0.5100765830812141,0.5021951912936544,0.6164386556076649,0.5406022912540471,0.4391750269200643,0.37512133920198604,0.5469452032417081,0.5142817403704334,0.6269438679982758,0.6567564285101747,0.7751998215744959,0.7225568113822725,0.5909110921841687,0.5357065261944772,0.4209829364335586,0.4773745272882972,0.3674475567369363,0.3546868901177255,0.272908692618656,0.2815808337994731,0.3868498581066134,0.39203592501208234,0.25031632936238546,0.5326051937697941,0.5456873100305785,0.5164775927908395,0.43538042964566404,0.5177606393358755,0.5608309384825906,0.42179043304278935,0.3096228017486946,0.3524429717450623,0.38651438374661495,0.4244320138210917,0.27002056424066834,0.3753504703525389,0.3742763871457427,0.3373356021226759,0.26232302647268385,0.21952618643187002,0.3690300075553768,0.3432521670295008,0.3471620200779407,0.3195835074105295,0.3482934575076655,0.3387666376389238,0.3597027391629147,0.3315214127686548,0.4222593475262502,0.42407593158273704,0.2633670448811499,0.3173378817469247,0.10783818887512443,0.2646157133235006,0.30786185338430405,0.31425491712824327,0.3790124608359348,0.33797576250838535,0.27321409594877333,0.16191966428709098
ROI_4022,0.512305122813012,0.49213564036722046,0.47171370458733025,0.7009069315743803,0.3324094666802156,0.1921465843555909,0.4471135040483154,0.5358132162928518,0.3482837137533609,0.3175829368001859,0.3624585791522367,0.42002018023289683,0.4391390982566246,0.3829716239763321,0.39220350148338845,0.4434887540594008,0.42615955230477565,0.4051675229015305,0.5056411003942638,0.5366175604660187,0.11775834066018459,0.2317880686252076,0.4321732070871685,0.25496100833359187,0.6540496104186777,0.5308000014361097,0.4291884408239713,0.1130665824206397,0.50024410581087,0.37443185941132695,0.5113865637500239,0.5767157491947903,0.6388064920050684,0.7384240669340368,0.7737607017204831,0.9999999999999998,0.5153601084778393,0.4437357132801374,0.17236998669003226,0.46823324851830017,0.057650221655436665,0.3319860504072726,0.42411721566802146,0.33343691949055076,0.3832197571140673,0.3197950296317801,0.462078668138265,0.4520952401090242,0.426256574790071,0.37618576538701076,0.5301440245577485,0.33127759726377964,0.430552864560761,-0.1324807567333028,0.5220752594524628,0.2814313872179822,0.5167953753393245,0.48467880652791834,0.6072599354990401,0.44013755988741027,0.41741451336434043,0.23250435627608626,0.57004810488396,0.40017992787437684,0.5064339851116075,0.4294796556914702,0.6449796407936549,0.70513521938528,0.44456703105912215,0.4918141295875135,0.532600396988133,0.5437564440238922,0.42047263899582554,0.5012512155277365,0.46305133295532097,0.36056822202327404,0.5763355102530711,0.6221593074544928,0.2465363661706725,0.417636728358216,0.52660732652821,0.34658178322465694,0.32408025467025237,0.5044411148982434,0.5084913212469739,0.1987389192254884,0.2999776918544645,0.2549533409863018,0.4119397589264084,0.1896284530531019,0.43106245795337556,0.38941667393141066,0.5021343076144422,0.4583783348044111,0.40140068162007025,0.2888852251620476,0.49016207062193234,0.48085735729170037,0.5133231317425105,0.4594437340033696,0.5039746483698982,0.5004974254933098,0.516075091499021,0.5130841921038349,0.6066618173628942,0.5932738489252721,0.22177072339763554,0.34332324341177983,0.05250914329199095,0.397800932648182,0.5282184030093692,0.4541192202636189,0.49406174931491514,0.29673557172125137,0.4765531649158926,0.28711955020641644
ROI_4101,0.7062604466243227,0.5584862444891103,0.27354124529937857,0.5882932089600061,0.5494923753615334,0.37948952163549415,0.6720523227434484,0.6791302154776678,0.711977130469026,0.7242161700670251,0.5938536532673679,0.5707368046049703,0.7115374643457215,0.3737907358098109,0.7440335215783902,0.5763666787846644,0.619771425455769,0.4993646850623671,0.5971919536438968,0.7242992227948378,0.2154835150086754,0.028344557723404672,0.34106844727265917,-0.1920257543626901,0.5130989471141928,0.5903920184843976,0.7820361115210226,0.23884135152297792,0.7750351278511752,0.5806928527331666,0.667667098442404,0.5577471458022989,0.4960104261998861,0.7607656530146876,0.3614884759529623,0.5153601084778393,1.0,0.8780772050962562,0.37945897913262255,0.7607059984067562,0.07522533736372618,0.6919712220596145,0.5559524151591847,0.5067508207436432,0.4807902971125861,0.4687817833055075,0.605650075124645,0.5911173905644174,0.5293614875745744,0.5412212851882539,0.7587976110819923,0.4687750789308522,0.6314540402026885,-0.2610191267817896,0.7701672806629515,0.32580618644048065,0.6185761446071183,0.5691478639782708,0.6330401411206057,0.2945802992937799,0.5941770912328146,0.03388426516003157,0.5944765211167098,0.21849334752816013,0.6161294094815772,0.22455369640524311,0.4059344161237114,0.5273126625768741,0.3916966483392053,0.46588999877835985,0.7551088918105,0.6253658425825749,0.4163775677341576,0.6759300769235381,0.7401042422256195,0.22900610670018554,0.4838897248007701,0.5746205613557904,0.4330369862045336,0.3404420555408854,0.6584589564523248,0.3954140152302439,0.3239784707655614,0.6535955268186422,0.7671189171322275,0.33111234061973144,0.42802926011642434,0.266647615544926,0.7609590163057287,0.17503412999742746,0.6075537896426509,0.617774952269391,0.8097396054314511,0.7422746816481567,0.6107688543469765,0.5885030371377488,0.6083793690176245,0.5612335380638797,0.7561415572503222,0.7120816362556518,0.7236295775609186,0.7204618148739445,0.6510105598933462,0.734823749777948,0.696707353314167,0.7503654337096618,-0.038986805378928485,0.2821125279175192,-0.08208803325488288,0.5594011096628129,0.774179418424724,0.6284531489670475,0.7440273522366443,0.5837548929304026,0.6411873472112175,0.4502775120454439
ROI_4102,0.5291255154010369,0.43421478662512425,0.17611765220354403,0.4925584728471104,0.4321810722718058,0.3504099386269463,0.4985159979133828,0.5451831476808912,0.5402623046953962,0.6090411646644374,0.44503850485272106,0.46403640615756236,0.5450469478893631,0.3276285109042157,0.6001382672783887,0.554839492181205,0.5907907986202746,0.49115892461377386,0.4470618611924667,0.5636650023883705,0.16385786564809524,-0.04765454164367246,0.3183601139956705,-0.06943718087508433,0.4090986252163715,0.5160499344859636,0.5986999712076235,0.21619691987807177,0.6881629958266543,0.5976949902354326,0.5797817312116627,0.5439837894934088,0.4455428569810756,0.6059850268482033,0.3448328133348701,0.44373571328013733,0.8780772050962562,1.0,0.45224183767637177,0.7427680532076321,0.21705923453267154,0.751023893657299,0.5303243385797547,0.5185430265146683,0.40507127259089837,0.39917655782716144,0.5746945273730638,0.5108999255344121,0.4675973101919537,0.45940877359855764,0.6226030568863582,0.47841064651359977,0.5884229894490378,-0.06013497812230084,0.710132565391224,0.473396013313266,0.46983116389487645,0.45788144970874284,0.4923116113079495,0.18861337392697505,0.46654055332419264,0.05648021158554966,0.47370181527641975,0.21591957304057172,0.5455975925446468,0.24238099416309458,0.3149657118362505,0.4375018214561179,0.3117562866328863,0.3263941274546883,0.584684326841043,0.5274532367679646,0.38732349723873133,0.5741239853357359,0.5709844423769915,0.21050348182690734,0.3104487117187689,0.4161715880622716,0.4756562356470609,0.3815313068224854,0.5849529736276806,0.4303256902262268,0.43129543870300774,0.6032282216100507,0.6719820018921486,0.43264829586787606,0.45590845336500857,0.31191132576572067,0.6909548895213147,0.3185381613830398,0.5524181315737399,0.5752680943187953,0.6914920797477901,0.6249430639133912,0.5444612330798336,0.5403185089783891,0.41102757362416414,0.3403925477350781,0.6055556076441843,0.5912444687342641,0.5940826167512421,0.5536852136573995,0.5287297912875153,0.5593103068160998,0.5395747169261161,0.591665647074036,-0.11645748151525202,0.14873759411571616,-0.16532639911047636,0.46406065850512707,0.567553110811065,0.456344430399298,0.633926451669958,0.545229104542907,0.4644282973773193,0.436166978745427
ROI_4111,0.12224436076231315,0.26575578770493724,0.028756814892953227,0.18116549569824425,0.26321187945080854,0.2858674717685496,0.07399026960165735,0.10880419996567679,0.11235383930681635,0.10214361507543394,0.015829772565577934,0.09799403723805962,0.0916507991939241,0.112328396011232,0.21330165749519028,0.24418479956923583,0.2552323941320697,0.28937656018357977,0.015309429184620126,0.17526044762294926,0.2603068862149281,0.26672636323118204,0.1457969429910444,0.15456710621823574,0.24158828881225436,0.13161542640911764,0.11584663012642134,0.1968607647896523,0.23000437590079065,0.269186013034991,0.13098863513988876,0.17755163282102582,0.15208077287090244,0.2147566456348666,0.23032176742082666,0.17236998669003226,0.37945897913262255,0.45224183767637177,1.0,0.5054440743389005,0.4567292181780567,0.43141353691665696,0.310655287022014,0.31119148135982294,0.20868212050612134,0.2253353809238327,0.404898386095293,0.2780904427897026,0.24936008991722824,0.21166502048864214,0.2415295718683853,0.29729814262525217,0.3530374184437706,0.2992071348555154,0.40392059935025637,0.4782647242848697,0.17383627381764974,0.18713708861273382,0.14950008180266897,0.08947107482990019,0.0596706979850082,0.04741503639646737,0.1501779712334671,0.05726816424853641,0.18292051090404507,0.1865835325745574,0.11934048937534505,0.18573794032827712,0.2341340277191486,0.1317307204002641,0.14408215375654954,0.136161689227866,0.2848301251577028,0.20390341827619263,0.07776142167983122,0.2126757920692833,0.007037851659321541,0.11709695717439376,0.27894493422715666,0.25665389890470686,0.29789652650602966,0.3313483491210141,0.5248131888933463,0.35161021890929595,0.29224475933668304,0.396382535785606,0.6087762429282746,0.6105007324137223,0.426005829531364,0.411754728394723,0.16895150859899213,0.2927942252941742,0.2071750655294942,0.16388845804503888,0.17326222537194497,0.25657377914237245,0.020343879902641207,-0.027116286927448614,0.052875362773656814,0.10333412674018719,0.11074107461542157,0.06880947555609926,0.16070806379773805,0.11040829123665145,0.12261864772307386,0.16808230835457605,-0.13898592871647825,0.14903075463564244,-0.3602358379621881,0.2775605987103849,0.12006259253126651,-0.06859924876889836,0.13237336372374148,0.30865402376429485,0.04929733076194873,-0.0667536579150373
ROI_4112,0.6057248840326386,0.5580192634270706,0.24506981041034742,0.5074501975268346,0.5006304328760838,0.31578094551911035,0.5194899585165422,0.5335497178709652,0.5370990541759343,0.5301605715555537,0.4415369674547333,0.42848476309193734,0.5343502533457228,0.2786146808771679,0.5692994741603239,0.4497522705436708,0.41769262141230334,0.362395132312309,0.4657172389968142,0.5892373678684245,0.1948949108328985,0.22962548626156956,0.26867957971940865,-0.05423312765543622,0.4442348209695095,0.39985614291729116,0.631834679353223,0.21088862007252238,0.5547560964350372,0.35926994059233314,0.41435612175614783,0.3749102585016154,0.36908294340452347,0.6571844297515196,0.3821809556909719,0.4682332485183001,0.7607059984067562,0.7427680532076321,0.5054440743389004,0.9999999999999999,0.13305616615184532,0.4773520839136122,0.5757995598209475,0.5202546069082284,0.46212965133184536,0.488236514401636,0.652549216996445,0.6541870748796348,0.5777907928129055,0.5882415500177776,0.691731263964573,0.5430592493855152,0.6738573714366447,-0.0029131643651837762,0.8053499957172232,0.5272313325666714,0.5771744390061377,0.5508658905432174,0.5466883667958228,0.3091030573460996,0.5138311459740629,0.09830496400277117,0.496001721321683,0.2077001822018205,0.48128210361668383,0.23611633831530085,0.39231525527991246,0.5139348025158549,0.38414164702719106,0.4523534019012551,0.6261227181189872,0.49281361326331147,0.35075767362546,0.5295948404928252,0.5038338240051009,0.2573171908236364,0.4004331452514065,0.4617150197192279,0.27199038300318434,0.27018244379202117,0.5141267590159218,0.31658407865874966,0.23912044781388095,0.5107277742904401,0.6600217026395568,0.38240750453515715,0.4708109588694869,0.3712404236242577,0.7565494140008601,0.3859024930962287,0.6373077528496426,0.6772827954087541,0.7230067154381444,0.7004183356739574,0.5426243290845738,0.44512014478330014,0.5825955185355458,0.5487256855925104,0.6483258558143487,0.6129432026069074,0.629046601647957,0.5950046130502896,0.630315086636852,0.6214541606484368,0.6997947776019796,0.703442299594259,0.04663236420398565,0.3313984205580995,0.051437420067180536,0.5230934944501529,0.6451304604843467,0.5666530893087274,0.7207211472786036,0.6173804449756762,0.6242963974527157,0.3640327067765758
ROI_4201,-0.1405780659053062,0.14595658736610412,-0.008945542381462434,-0.006617618922774329,-0.11477003256107868,-0.123965308554799,-0.19379473393194988,-0.1774288716918794,-0.33620068561896616,-0.34210181313764537,-0.2227206614015018,-0.12226335019188961,-0.20737552643144716,-0.15439305381491866,-0.19405391727082139,-0.07850478549870775,0.046235003494109056,0.12832164609174643,-0.2322878191884203,-0.10633647790165303,0.13123114452391518,0.29368743716500495,-0.016260198531780463,0.2932112373640557,0.014995193423900849,-0.2550239889400877,-0.28691324773934135,-0.1746665385083103,-0.052105623120507163,0.11693573802292305,-0.1842394269365487,-0.12061745045673923,-0.01869726574822019,-0.09956532237146509,0.08237980994925284,0.05765022165543666,0.07522533736372618,0.21705923453267156,0.4567292181780566,0.13305616615184532,1.0,0.34752206342666714,0.13889605025770077,0.2220337490641515,0.049831876731672324,0.03412722577903183,0.2590142419585302,0.08171589601758437,0.05910070869441175,-0.014771561218537779,-0.0774721916339743,0.12323986213895967,0.0969024815488419,0.3650985412591823,0.036147026673594373,0.3317798972792525,-0.03556904020320978,0.006590767578229762,-0.09034091461640771,0.020027107216747612,-0.20458869493575546,0.04797200980855309,-0.06342548824598553,-0.04469301678752368,-0.12261993044470781,0.09887627884328445,-0.010779944369246347,0.015888412654909617,0.18977226759334503,0.06844717473099911,-0.2290589557697954,-0.17176269265710378,0.20579292178772385,0.020972099345513587,-0.3260890892608763,0.28487800868244206,-0.25387912907841204,-0.15279914933324346,0.14571565456979876,0.1958255619106545,0.0650447875377401,0.22150595669554407,0.5152072483653954,0.05685301054251334,-0.03901855489344453,0.2665808243160198,0.3708602694509423,0.39566074492459463,-0.05583208658732925,0.18136401267844793,-0.09263548012209355,-0.06931987171859519,-0.17368379770765952,-0.20504953666563522,-0.04415752479981266,0.09858574532615669,-0.19466170026125748,-0.25016249550901454,-0.23184760770426657,-0.18061411981699818,-0.18547125386203522,-0.1931410941710477,-0.02503756807973936,-0.16652329109032377,-0.14664923711126104,-0.14324167172409336,-0.06728256408165187,0.05665331178171216,-0.293306273084169,-0.048287093252185914,-0.20682904094052393,-0.3630535539305804,-0.16483889908201635,-0.01843068064614404,-0.233637523954771,-0.20284485994765467
ROI_4202,0.4275143837943263,0.36360016370099374,0.04838656521037091,0.3747175268793965,0.3975219419336501,0.36147710819512635,0.36998739072875597,0.3903778520434606,0.44961199975009747,0.49986441681501126,0.4132449343314053,0.41550746764835816,0.4820481362401252,0.28238692572295243,0.5496743118599342,0.4869266453733062,0.6784589657682735,0.565979810315633,0.3191580941723165,0.5139670096080048,0.28176554461277564,-0.03587943790324374,0.2603591996822974,-0.13655080506255496,0.39695095179644013,0.443003529693725,0.5230390249134783,0.21056054736327232,0.6711363024431509,0.6951738511556916,0.5748805977712158,0.501821521129063,0.4507983700025124,0.4708830288184633,0.2432646875297554,0.33198605040727264,0.6919712220596144,0.751023893657299,0.43141353691665696,0.47735208391361217,0.3475220634266672,1.0,0.4549155555449646,0.5055785617754247,0.4104631897306528,0.3899484882011731,0.4962552634315665,0.3785051238153082,0.3826454027931018,0.3696899665108985,0.5231108384803701,0.4009105843448503,0.4408155449787567,-0.12811469216005947,0.512771524342064,0.2943707174488333,0.407833579639487,0.3896260618941795,0.4191335847715894,0.21582111170920315,0.32931541936028397,-0.05906926741602533,0.438700158313362,0.13067284499540444,0.4996946720528977,0.2138000796905814,0.24006457903583536,0.39187548920592047,0.2913218356426736,0.2812427166511084,0.41573176619311103,0.31033185711139777,0.35704504744625803,0.4593739783015495,0.44518975476239936,0.20582650322135157,0.08504640834738772,0.2534804698909565,0.6216079320791056,0.3766321111227417,0.5652674542965376,0.4930343669336353,0.6196891662202109,0.6477449088379418,0.5895990907172421,0.37749046013497484,0.6077337928590401,0.43460730954181886,0.5459669243784153,0.19776601510371705,0.328405147526278,0.3542025814164405,0.5355755919103957,0.44543539330745613,0.3434979263617342,0.6366320636286852,0.22324450669481954,0.13791140149661726,0.4555828786122456,0.43226271270959915,0.5037814389786324,0.4911106889894546,0.46552822094952795,0.5070068428339898,0.34147809901932097,0.43075543539664435,-0.10179273599592505,0.15502294234101008,-0.39004848462645125,0.27536971715907005,0.42281616990583665,0.22039733883945578,0.44917820192993657,0.3119406643792491,0.25478640354712173,0.25618062032437955
ROI_5001,0.7562774761609939,0.8184064640310246,0.35127265400444807,0.5877317841679107,0.5925113533480485,0.35878845695028383,0.41175540453471365,0.5006502518848056,0.4836303118825028,0.4319820874057607,0.5267942791465826,0.6585331012672213,0.5861881910494415,0.5271497283733393,0.5873703162732289,0.5326970704243228,0.6411691398426751,0.7192080184053308,0.5649737602833071,0.7210404427383866,0.36277836812243,0.21379490629007836,0.2611519810187096,0.03582510580040914,0.6064616920708497,0.49129171855826365,0.5475518473355819,0.26560242112071086,0.5789637564380977,0.4866356753258778,0.3975136840349328,0.3344362165864757,0.46379907760120836,0.5901591062761308,0.544173188102504,0.42411721566802146,0.5559524151591848,0.5303243385797547,0.31065528702201406,0.5757995598209475,0.13889605025770074,0.45491555554496454,1.0,0.941444463674629,0.8993606932042604,0.8882978938206907,0.877595135607629,0.8662122972009403,0.8878206653174111,0.8894290534127014,0.810048785858226,0.8022586659407783,0.7598898636939393,0.1878461310474455,0.8036733968497981,0.6045982726872964,0.8583811915046679,0.8494824549502781,0.7980039075951311,0.7216722153881651,0.6830888832418865,0.23285162080176428,0.6094197235026969,0.4187137628438172,0.6772817531883337,0.5957294057495115,0.7338187551898584,0.8202428274629624,0.8167829801542009,0.8171910736818246,0.5424020450215032,0.3891086789069637,0.2953537739357323,0.4633767977867534,0.45386259222035674,0.19898717823644888,0.0817290129714399,0.12075441558158456,0.4231748354324974,0.5055924871113524,0.7110782041593317,0.724051008898225,0.4011829300730425,0.7388048950939177,0.7773288414308498,0.6475578442965574,0.39953580398526645,0.34040797636848924,0.6382329193484367,0.45443640781130884,0.28177091159693346,0.35697756285610943,0.5480573486538813,0.4998116143758092,0.4168294626335266,0.5408657489677063,0.6038427836370841,0.48394885533093995,0.5714291799848612,0.46706099272581175,0.5985085155538423,0.5463081268393635,0.567355219556351,0.5358258234004595,0.5153376252338,0.5210910537851907,0.29384334015193886,0.344909988233644,0.14467675792273477,0.38545373703700214,0.40806767002410044,0.4939083137286139,0.5968182216194496,0.5357501559569,0.3777695471248186,0.3364025992944319
ROI_5002,0.6857027801219222,0.8033559172069926,0.24196118563271674,0.5155174639486958,0.5344253877803281,0.31373590588318734,0.31623349857411465,0.4103041780930628,0.41781533901099593,0.3923814787654922,0.45225052649417363,0.5976982441270372,0.5004575437552731,0.43996478364793434,0.5197673739555134,0.4560058806952183,0.6428605386285565,0.7315678893002978,0.46674074902024826,0.6738737131995659,0.3158968031485398,0.12018864377582278,0.164516315686631,-0.02827950855434059,0.5507029999101491,0.45564799577536186,0.48236026583870023,0.23915467463981774,0.5470990012740656,0.5001906041964664,0.34882417258193277,0.29340168478865436,0.388494512073477,0.5036637980406588,0.4496098580297124,0.33343691949055076,0.5067508207436432,0.5185430265146684,0.311191481359823,0.5202546069082284,0.2220337490641515,0.5055785617754248,0.941444463674629,1.0,0.9001938564731662,0.9085018102700253,0.8803999413344991,0.8696495890308824,0.872546522118663,0.8832660815002021,0.7675358453210713,0.8230422037795089,0.7077070891361178,0.20381832130355548,0.732625926484952,0.5859741086016714,0.8201053057256826,0.8363369966026517,0.7420599221372383,0.6780145949809979,0.6123272336005475,0.1703213958621028,0.5564650985738676,0.3740849897539033,0.6354937358231956,0.5689121825155904,0.6663697005211549,0.7714749946727043,0.7975934166076114,0.7757171145065401,0.4288078531104342,0.2716399523561317,0.24027043020276284,0.3981822295929148,0.37695590605702906,0.14282102045994624,-0.07077139586677865,-0.021665974215014063,0.4372976941714696,0.4654233747335855,0.6630735310732561,0.7220923103305754,0.41962475422467804,0.69927141084434,0.7186152106976796,0.68603805530871,0.3933818119189698,0.3228939435872149,0.544052766331805,0.41889189977296903,0.17085840575667377,0.24353490774616873,0.45534853365699507,0.4000862191465216,0.3289747493936719,0.5176580819707758,0.4915146328433903,0.3690756174529469,0.4868437212201147,0.36181709485613756,0.5214570056659694,0.4642955956497921,0.48494641770666763,0.45627915090454135,0.39122443123017153,0.40483094152711707,0.19633861273649195,0.24861535149375125,0.0526581186717451,0.2990236516285987,0.3229819671915715,0.3809534776692891,0.5174275419630557,0.43855804873590204,0.2727828675642746,0.2622533492126296
ROI_5011,0.723288037440248,0.7910273348084793,0.28724363338162984,0.5779265409915445,0.6285837381101586,0.37007101985948637,0.37656452152349856,0.4672798457016218,0.5112264431873693,0.4726831001301712,0.5094448498428185,0.6421208600068586,0.559683452486992,0.5265665223186962,0.5687022411475153,0.4739669215216042,0.6459838391421793,0.7245122457854763,0.5239237347241396,0.7324046685068518,0.3808331353722434,0.15549157208448663,0.2024277204521213,-0.06533889775552235,0.6093817454639587,0.5396876115106899,0.5753624002635322,0.29996831394139994,0.5641230210743746,0.4763746582368321,0.4224391116660553,0.3600317244146101,0.389799926324356,0.5372716048649144,0.49453771833214366,0.3832197571140673,0.48079029711258603,0.4050712725908984,0.20868212050612134,0.46212965133184536,0.04983187673167233,0.4104631897306529,0.8993606932042604,0.9001938564731661,1.0,0.9558333119402674,0.8087657174545754,0.8287422838128936,0.9124711709795401,0.9069704785925139,0.8324206075027111,0.8117722518358553,0.6750745783472345,0.059762997202059166,0.7198472152830376,0.4335621397971134,0.8595803010103374,0.839755384968076,0.7893974547852618,0.7275279425242736,0.6402655202001037,0.15752109767434272,0.6044491206695831,0.35304200224123716,0.7065901368940742,0.5978497049117143,0.6990664473141648,0.8104096065925662,0.783823246461505,0.812921662858558,0.5126421528553194,0.3125873561682664,0.22748917656722548,0.3985376130610441,0.44907884377598417,0.0807797133895549,-0.022401658482261267,-0.006131783850231874,0.3931430742015138,0.3849583330307958,0.6338186913394162,0.7066084987627461,0.2600857706491785,0.713869185605643,0.7217098936958612,0.6216703936669941,0.30819134215898036,0.2803686208953856,0.5581372018288329,0.3203528500715575,0.20309033034979726,0.2229330743007464,0.5094139552586874,0.4557708518662911,0.29853465902806936,0.5361313179020141,0.569171565068759,0.47258687178766795,0.5434435476881816,0.38821074809786643,0.5943651806099771,0.5506783579805112,0.535942294938745,0.532142571583154,0.45449972186118187,0.45618522218700447,0.30631590540472775,0.33427503448960955,0.13451650334327084,0.3217009644752798,0.37074314777899753,0.47717816251610246,0.5427061923487041,0.4042070952183199,0.33498186782084666,0.30774392292732194
ROI_5012,0.7170792346408654,0.8060569433899939,0.210566038215849,0.5190408396635102,0.6240346336040496,0.39786531772226136,0.333716119126009,0.45221655518181386,0.5190007707879645,0.473518435213687,0.4645285875125409,0.6098724608262237,0.5215668241936605,0.4968987619004378,0.5537917556145352,0.43424849032259466,0.5645355122142435,0.6545927118479742,0.4791400212422236,0.7135509896694309,0.32236770996935893,0.11946019933854142,0.10552162248889772,-0.13324942035330284,0.5431468108036436,0.5333244469374187,0.5703763774641135,0.35116457112933214,0.5048979149672652,0.4007420638354155,0.35082362992731303,0.2818866616110683,0.3123474330809951,0.5230748978451396,0.42169404057422794,0.3197950296317801,0.46878178330550746,0.39917655782716144,0.2253353809238327,0.48823651440163607,0.03412722577903182,0.3899484882011731,0.8882978938206906,0.9085018102700254,0.9558333119402674,0.9999999999999998,0.8348833961747498,0.8632576746767044,0.8929084737085105,0.926730716308048,0.8156514181014067,0.7928168314177367,0.6797262635996664,0.07971333668767262,0.7393902336524439,0.4646509165398235,0.8571798135838071,0.8572748238870994,0.7647147485479477,0.6991199790921208,0.6300263456914026,0.11944082511848728,0.5432307184372996,0.3162535291983373,0.6186635021202905,0.5172443441147526,0.6476512005568008,0.7632920917391657,0.7705085341854554,0.801325181355145,0.4858643336355238,0.27956666769109967,0.17514267804250175,0.38152931367518433,0.4459816557041498,-0.013715680181851573,-0.058312448204682975,-0.033151756941137304,0.2962545625883325,0.3504285271819942,0.5985347545108745,0.6506152008846735,0.23526960357172216,0.7088907951225264,0.7075967933630256,0.6313206195658074,0.28254460664293013,0.2951435048463045,0.5680170853365738,0.3588894992474845,0.14555438837556234,0.2156253724488447,0.4734152840064224,0.4324083951933389,0.3265535632669627,0.5055717361995629,0.5543026592650384,0.4908873359772447,0.5161468679090843,0.35053397834301514,0.5631352531747157,0.5086825050532743,0.47526068834313845,0.4883958401945259,0.41299159977837885,0.41760384577938175,0.2579401839505205,0.31439027700686706,0.14184412806703445,0.31340565883768723,0.3823961671690481,0.47874058886403476,0.522346107507969,0.40003601076949646,0.3512945192399735,0.26691381484431903
ROI_5021,0.6954997335881418,0.8386116659091256,0.2344990795759838,0.5472200987031972,0.5446233977903794,0.3334912507825726,0.364856634886271,0.47425281579312334,0.4675201897962315,0.4201223069057305,0.3760659455417591,0.5394378408794237,0.4808809019020617,0.3659767375098937,0.5181201968179174,0.44974616525335365,0.4953548820797473,0.5890120337935807,0.4497106090856647,0.6712308071357189,0.23151650972080998,0.23999502991138574,0.119917828542529,-0.054239439100658295,0.5577034043054423,0.4448337723887873,0.5289216005109336,0.2699083130067235,0.4865988654671169,0.38527665261936267,0.3109024090836089,0.25519036823517716,0.36434086876078886,0.6038525703404424,0.5081150616563975,0.462078668138265,0.605650075124645,0.5746945273730637,0.404898386095293,0.6525492169964451,0.2590142419585302,0.49625526343156645,0.877595135607629,0.8803999413344992,0.8087657174545754,0.8348833961747498,0.9999999999999998,0.9379560070641666,0.8258792894481217,0.8280407010214793,0.796443307987174,0.6974915495578777,0.765325170869691,0.110015258222304,0.8234073752446555,0.6430325833035806,0.8049737486354566,0.8482393052720748,0.7602926624553232,0.6277192223445288,0.5931798805555389,0.11763810443771386,0.5333585271717963,0.30360745534977895,0.5206175518419485,0.4451157621611231,0.6770348823864039,0.7546238481013989,0.7914244722489037,0.7692253139780197,0.47438954211782647,0.3410740063400688,0.1886576104382495,0.3909320852528156,0.3900202691315389,0.10592270495695426,0.10052099671272531,0.18066748440693398,0.23486804551535514,0.36928494309663873,0.5947762184926755,0.5452529083433643,0.40844871338022004,0.6925424684909456,0.7083819085284694,0.6176022847039715,0.4348735617740428,0.4222484527275394,0.5912108928255493,0.4245321961665409,0.2703256305353904,0.3662162073285449,0.5011069849914811,0.45910878676255906,0.4528108640716862,0.4807999782302725,0.5392148297541467,0.4874314463603439,0.5293842821990056,0.4023530180692703,0.5367778670036986,0.5000549037246875,0.5236124599659027,0.49789768876604407,0.49010224539986214,0.4940922570983508,0.14267272817154264,0.34819013845564556,-0.0405910129739888,0.41162231198124377,0.49255745206327883,0.4090673339391394,0.5552077087347393,0.47001220027654667,0.4179379185702855,0.17685268935510165
ROI_5022,0.7680312193215066,0.8506175804435452,0.28263061278808915,0.5729510109185638,0.5709366293752827,0.31004307714594415,0.4420017161481393,0.5227651886943826,0.5483347526017703,0.47480210252564464,0.4706320086843872,0.5773723671468596,0.5542866233844971,0.37724427146757156,0.5696066037089547,0.4420523077808986,0.49025778562071803,0.5638843882505138,0.534003077921093,0.7200495533271523,0.20769924679780302,0.20148009852583582,0.12794797236781172,-0.11941961045659727,0.5571783205344413,0.47050375063971595,0.604093307970488,0.25881450332667255,0.5163532959446254,0.3521779221087527,0.33689358436271133,0.26409836358870875,0.3616089759656319,0.6367596738492884,0.4863816003051422,0.4520952401090242,0.5911173905644175,0.5108999255344122,0.27809044278970263,0.6541870748796348,0.08171589601758437,0.37850512381530815,0.8662122972009403,0.8696495890308824,0.8287422838128936,0.8632576746767046,0.9379560070641666,1.0,0.8680507186953091,0.9034065388126746,0.8442401623619581,0.7254370978736252,0.7726492894063758,0.043257759081779784,0.8382428359747353,0.5772485252641945,0.8543936603239802,0.8954383832346888,0.8069753510831016,0.6858783325197583,0.6746378911239386,0.1440168698907616,0.5847014077759464,0.3294695745079547,0.5639719223911224,0.4370920622270354,0.7007971080642623,0.7771908047570146,0.7822804697466846,0.82486717120237,0.5482295345030088,0.36434012723402043,0.18238232332995566,0.4296124956401733,0.45197865669809045,0.09937092362521846,0.1622455298269583,0.20209927188737767,0.20176460697867477,0.3071504415846363,0.5874501764027129,0.49904584428449467,0.24626782370489653,0.6590353864984168,0.7311005404296934,0.5708140499122372,0.33149542187965825,0.3117580533601324,0.6144477962084344,0.391240911513388,0.31143174610913676,0.4038944880857551,0.5609733048211495,0.5323387328411495,0.47837240509943735,0.44686651855676457,0.6669079637030574,0.6202873499191307,0.6248553514570396,0.4751499020393593,0.6250050752469849,0.5833540262424971,0.5866603813275997,0.576921270373204,0.5752431116391986,0.5620779554871181,0.21709691820641844,0.3861588971970642,0.13852761792906426,0.4331574688066935,0.5588372105911831,0.5605354820326898,0.6356065842674554,0.4488502130257628,0.5068191809817234,0.2690126417444492
ROI_5101,0.7681663826474645,0.7997566836949883,0.40587453318310096,0.631181011379119,0.6273388630461708,0.3146941564328213,0.4798615282021029,0.5338257317148253,0.5404165808086909,0.4735214371191597,0.5774348552911133,0.6720647372522263,0.6153025579671321,0.5326482359856567,0.6072063382806857,0.5094268051652456,0.614946745983112,0.6685588102089135,0.6012699128855532,0.7484073432207664,0.38795667256114014,0.2265369091330004,0.29281503271131015,0.022552028564494748,0.6517572813054026,0.4926967237122109,0.6013554125418812,0.21147954475396924,0.589351193843714,0.4809558913933054,0.452518229976948,0.38755172409347066,0.4613664905075263,0.6064684609813495,0.5039789037048353,0.426256574790071,0.5293614875745745,0.4675973101919538,0.24936008991722824,0.5777907928129055,0.05910070869441175,0.38264540279310183,0.8878206653174112,0.872546522118663,0.9124711709795401,0.8929084737085106,0.8258792894481218,0.8680507186953091,1.0,0.9374739163374253,0.8791105366254723,0.8498778536568068,0.8051461967231407,0.12039647480753976,0.8061066671984404,0.5305424792290346,0.8558461086823644,0.8428708158270793,0.8280061386624691,0.7419801878335813,0.7137785858499968,0.2401395691473575,0.6584024945689997,0.407506495039486,0.6867087264754655,0.5630698620287492,0.7293155194494569,0.8245302714766439,0.7897187924461926,0.8378966478260651,0.599169168401538,0.40099955825069383,0.2969682277917634,0.48325858456559523,0.44068775900662427,0.2319495540737441,0.11074900100918322,0.12088341088951723,0.3872071394156256,0.40211458197061356,0.666026611155971,0.6529170691729742,0.2841204507370307,0.6831190079947833,0.765781621126806,0.6033840053039199,0.3626753819627907,0.28799335994359665,0.6449573900425253,0.3809756149997874,0.3739499755624012,0.37983849912023926,0.608260232437925,0.5645376250649163,0.35036801768817893,0.5187402083436158,0.6296690146063041,0.5347534368340731,0.6192146548537679,0.504156422230601,0.6545788544585297,0.6102077637649252,0.6449089048233543,0.6060778106853553,0.5879139766016738,0.5813078792303694,0.33550905824770516,0.3746476015745522,0.1674492747539801,0.39070705609012024,0.4590631346313805,0.5610290820152979,0.6629097871111473,0.4830487702870749,0.4170908947449087,0.40960123669668386
ROI_5102,0.7878625130241389,0.8184787220847138,0.3381359987783975,0.59565615741736,0.62353574137309,0.35026657419211427,0.4672736422561306,0.5417042256326673,0.5705592919463627,0.506492051454166,0.5708729752144668,0.6719717486899442,0.6211320575148467,0.5299284492140235,0.6150686763689326,0.4858374026247342,0.584714202073521,0.6509737290141998,0.5880162702698739,0.7590938793735883,0.3116067389642401,0.14536380452719813,0.2166470641501215,-0.07226102198727886,0.5868616095813317,0.5164185987856998,0.6217938183445805,0.26824089857869304,0.5725900998819037,0.42248089285925067,0.41894228203226996,0.34987899196641675,0.41774723867657426,0.6177171520274415,0.46200317468417096,0.37618576538701076,0.5412212851882537,0.45940877359855764,0.21166502048864214,0.5882415500177777,-0.014771561218537779,0.36968996651089847,0.8894290534127014,0.883266081500202,0.906970478592514,0.926730716308048,0.8280407010214793,0.9034065388126746,0.9374739163374252,1.0,0.8655735262525366,0.8580899434169291,0.7838471058858535,0.11121125819574783,0.8228894840828624,0.5417337482768625,0.8757759179495561,0.882876861657207,0.8256862777939328,0.7473221398281004,0.7406427455135688,0.22975456706591058,0.6422311641093655,0.4110154453258779,0.6719262350712276,0.541925068653394,0.7154027763571004,0.7974744790681594,0.77290301519209,0.8317624118671442,0.5914997239182883,0.37517506526881395,0.2522595498664401,0.4646765248090768,0.5034682802418338,0.11439588982054466,0.10631983024706732,0.12222985281983555,0.32424349745629444,0.3740559368438309,0.6422122646970083,0.6206105110015449,0.23444054091291947,0.6962387839542944,0.7704909139690177,0.6217736124064928,0.32682276898039525,0.2729085271593546,0.6524484267416846,0.40733851201232807,0.32976413624740525,0.38352070876942895,0.5941548928673785,0.5538233579673729,0.3870415082741092,0.4965360665780616,0.6422437243425908,0.5705327173611328,0.6368148928746247,0.49711378749125323,0.654201393665747,0.5968255736715213,0.5920144099457527,0.5901547665876928,0.5574316150595625,0.5567558035228481,0.2836911780536647,0.32787162150254795,0.19004266019248708,0.3793851963456091,0.4879904419712108,0.5900399322124489,0.6729043735505912,0.48846255865650384,0.4623604033914914,0.3915378421991981
ROI_5201,0.8977861743217603,0.7969479223387145,0.40490444213806825,0.7096862512674846,0.7104304779050632,0.42119545481557646,0.7030674932176307,0.7347687350723877,0.7737775652094966,0.7159249519781177,0.7482537356613087,0.7720582518773945,0.812941751655589,0.5660703017769434,0.803632891731896,0.6241802231301438,0.715832578863858,0.6757694380822551,0.7526468097464403,0.8914697942093838,0.3579870744621985,0.1522342667106554,0.3469545493645908,-0.17515794693684686,0.6505995245550381,0.6436522196733319,0.838213070265483,0.30421113268448285,0.7806080802470384,0.5905305812331844,0.6460664180750652,0.5331231646435106,0.5705950715137151,0.7988093713487553,0.47879379008391715,0.5301440245577485,0.7587976110819924,0.6226030568863582,0.24152957186838533,0.691731263964573,-0.0774721916339743,0.5231108384803701,0.8100487858582259,0.7675358453210712,0.8324206075027111,0.8156514181014067,0.796443307987174,0.8442401623619581,0.8791105366254722,0.8655735262525366,1.0,0.7406927161459552,0.8027756608361343,-0.17850818031120388,0.8880771136694577,0.4068726949212769,0.8952188715416384,0.8557431901703962,0.8915148281267042,0.6727494376566112,0.8143517549642061,0.1770008232842372,0.7751185927077624,0.40352171408879145,0.7739764611074502,0.471099359297008,0.6980888615661583,0.812353579177863,0.6786343523698705,0.7953877052340073,0.7969818992573713,0.5855791087458759,0.36554684750673605,0.6379331951661604,0.7141524801126793,0.2340890893642444,0.3796708071417548,0.4117393100602939,0.4349997026205095,0.3841342106670822,0.7501458417776813,0.5824839318480861,0.25817149574034987,0.7620900404894198,0.8884758712697729,0.49947174973218533,0.3950654529067018,0.2803453322947581,0.7836661343159931,0.2743555537286019,0.5338839301204679,0.5326158668879356,0.8105330671630528,0.755689655836628,0.5417600117181187,0.6480304620594587,0.7843294896798678,0.7237103478822353,0.8445909243341165,0.7357628601175077,0.8417735291205984,0.8162214603229936,0.7737535732071247,0.8182817006994005,0.7489823515619601,0.7824467833859281,0.2777226006127268,0.4474997487109773,0.13854197528701734,0.5497180596419516,0.7292887563131173,0.7474022371733944,0.7978563107455459,0.5587165341200341,0.6298166084815942,0.48231602393800044
ROI_5202,0.6205038127983684,0.7002557293595711,0.38044255545238215,0.5820432311413044,0.5898088029909697,0.3785245363793244,0.3573982178678145,0.46393730553289386,0.42149309963074405,0.42638336726901876,0.4709939516195616,0.6418562540179942,0.4837098966224496,0.5743648886631669,0.5139308815016417,0.5325722417352398,0.6414439430914224,0.7347246996457659,0.5177490463952913,0.6425750244734145,0.3291883094819798,0.11231753770506618,0.3248762514807777,0.10975601348325914,0.5860098339285713,0.49211433241728947,0.4332326518747112,0.2391466232213071,0.5469414776268486,0.49817688725046616,0.41139987733044675,0.42090026208767045,0.4860621894275236,0.5050519906943484,0.49270136482688925,0.33127759726377964,0.46877507893085213,0.47841064651359977,0.29729814262525217,0.5430592493855152,0.12323986213895967,0.4009105843448502,0.8022586659407782,0.8230422037795089,0.8117722518358553,0.7928168314177367,0.6974915495578777,0.7254370978736252,0.8498778536568069,0.858089943416929,0.7406927161459551,1.0,0.7303086621236061,0.3733009609916785,0.7249594999918031,0.6559370540906824,0.7317039538779233,0.7297101010483813,0.7104865466483613,0.6692621287985415,0.6337045614342552,0.34961435258580514,0.6193109332046524,0.5472124065892955,0.6698424518380143,0.6701332939275436,0.6928647995977527,0.733070891552426,0.7128758509683942,0.6952441422537542,0.4654179976845825,0.3668144692277301,0.3915070623354804,0.45188733701899164,0.394679848748949,0.21864200443890341,0.03924644591488457,0.044226061212583656,0.4813944210414654,0.5219339069824659,0.6818951913376692,0.7530505041289512,0.39037232256788024,0.6444316534485617,0.7044887486972641,0.7713068588363872,0.37255837443702444,0.34578577109278164,0.5890172412632536,0.5584801574019492,0.3035904627275897,0.380115687607853,0.4911186535388389,0.440216743174529,0.2545956543737444,0.4148012469751401,0.4285695412461837,0.32294234933454663,0.47798970691238835,0.4081862785897381,0.4889773728026165,0.4087460586623591,0.4552430364081526,0.4129612742206021,0.39911606383775144,0.42788916972363,0.23260104243974872,0.19459218613683077,0.14282338052952365,0.2776491770492355,0.2789238767303749,0.41079207069343043,0.552617810754453,0.5413189470306138,0.26944492829821287,0.3748846467408179
ROI_5301,0.7473133223639817,0.7386768078932572,0.513815551730204,0.6665133527183968,0.5635580331486307,0.3238473999401649,0.5869179782551085,0.6356395333564584,0.5469415507592503,0.47379281881302343,0.5643682243603418,0.6446906350640742,0.6325289606205927,0.5380610918943852,0.6169511679500475,0.545268576497589,0.5435045984136061,0.5630930715519581,0.6367097030151126,0.7168930361347242,0.25924044437061816,0.23066457551777614,0.39006296883015507,0.11376241465411943,0.5743108842969555,0.4387734156385185,0.5533744495608962,0.13593765049597903,0.5550815875120979,0.4185246020901572,0.441597638540822,0.41833316521655606,0.5011527495270922,0.6469978554483662,0.49231741830277304,0.430552864560761,0.6314540402026885,0.5884229894490378,0.3530374184437707,0.6738573714366447,0.0969024815488419,0.4408155449787567,0.7598898636939391,0.7077070891361177,0.6750745783472345,0.6797262635996664,0.765325170869691,0.7726492894063758,0.8051461967231407,0.7838471058858535,0.8027756608361343,0.730308662123606,1.0,0.24656228187357615,0.8508093727595606,0.6792769502113212,0.7376815006287593,0.7250369311500995,0.743979847283039,0.5992505987832976,0.711688176912383,0.3488452010592716,0.628392354948203,0.40676114482118986,0.6248358641553056,0.4891277059913062,0.6442030788978825,0.6900273120946468,0.693756819775365,0.7100463427084738,0.610140992113407,0.4927193266510056,0.3699670276620278,0.5321510597365102,0.41743975849159964,0.2530416595063055,0.2958656210608017,0.3158031009078024,0.35313192406196864,0.45283784067591837,0.6666851749650858,0.5698088891672232,0.3924748935016185,0.6175323910575286,0.7965537668308839,0.5741155999645107,0.4927638742650473,0.4065900183434574,0.7435507926832247,0.5221488456048533,0.5269126256133496,0.594195922295829,0.6470071320979485,0.6133247053477169,0.41499568844341317,0.4437502983714105,0.5433925684043126,0.486124102536616,0.6149572606833649,0.6010372869968409,0.5931790218247447,0.5579901744500306,0.5866929657061892,0.5650529787073281,0.5826834535265344,0.616993762828323,0.20324408529444424,0.2871395726780865,0.05294822671263744,0.43740250255701546,0.5086837061978576,0.506701748781008,0.6794578765470215,0.6164017980079644,0.4710544474313101,0.3938907218003102
ROI_5302,-0.20418562200715698,0.09778737369389491,0.16915170578659774,0.0022096749069103134,-0.08688809490167217,-0.016487791866378797,-0.3287389382405133,-0.2057756602101247,-0.40981915810724084,-0.39074824128241264,-0.3137558485302352,-0.058941948337612175,-0.3451418909062512,0.1315106527181665,-0.3145863212020132,-0.028243252896409703,-0.07218469958668648,0.13950655749724328,-0.1711247653621731,-0.19702241754638813,0.010492679638736714,0.16579393205391157,0.09193021819387831,0.5525201243731601,-0.0032183837062613302,-0.19998470111573996,-0.5137152935047199,-0.07730275431959922,-0.2962395852771631,-0.1396159794415575,-0.30015963875723406,-0.112094952247656,0.010250459285043994,-0.2320390107992824,0.1785036904845256,-0.13248075673330278,-0.2610191267817896,-0.06013497812230084,0.2992071348555154,-0.0029131643651837762,0.3650985412591823,-0.12811469216005947,0.18784613104744546,0.20381832130355548,0.059762997202059166,0.07971333668767262,0.110015258222304,0.04325775908177978,0.12039647480753976,0.11121125819574784,-0.1785081803112039,0.3733009609916785,0.24656228187357612,1.0,0.032300483340945915,0.6687137105218625,-0.059697668673706496,0.007536722213475676,-0.07591300517128975,0.13117105867076992,-0.08173765082375889,0.3968962026369778,-0.0906575746082225,0.2917759782033704,-0.09651670527052958,0.3460901690145633,0.17455347732420012,0.03332171193648201,0.2640847367357472,0.03431486261330009,-0.3239093011647966,-0.14057264321738927,0.10882764751211817,-0.15421823683031885,-0.44990517715985673,0.060099138970423696,-0.306586858555361,-0.33507808020284185,0.04695868894663221,0.33650616068793776,0.04397612828200835,0.31331234129099056,0.3508878164506062,-0.06930301699818106,-0.0739698466563043,0.4658104113514368,0.1692629511291127,0.3011123951531642,-0.04620144938704141,0.6572028572978422,-0.1720159562178298,-0.015779133361599015,-0.3197782494485053,-0.3015961869427287,-0.23188445221392584,-0.2527812734280833,-0.3579190429302103,-0.423185577518316,-0.4209008556150752,-0.32428841238097983,-0.4031973094139394,-0.4781082869544282,-0.3247854103792146,-0.4781464861416372,-0.3471378477140923,-0.34250262077069576,0.023448736145210272,-0.22297477842833113,-0.005305418332131453,-0.23986664911331892,-0.5062843255133065,-0.4140667168224544,-0.25090155796206964,0.1978343801981009,-0.40066647787800186,-0.17541268370743054
ROI_5401,0.8111003336980511,0.761732559982169,0.3775038779467042,0.6657620894291987,0.6658907478690635,0.4675334453794939,0.607015233637487,0.6881376383404578,0.6991340258395218,0.6590266558988063,0.6134420052457512,0.6795792909037041,0.6954099674873039,0.5405996910816608,0.7384040452854779,0.6343954914610314,0.6100323228744936,0.6006759432847678,0.6541103977915251,0.7935099787300747,0.24348012361026697,0.16463771189689788,0.32474078952108454,-0.06412466093514893,0.5966653843654234,0.6039162738232215,0.7361413335431348,0.3684332515005352,0.6721278024879286,0.5010538470443162,0.5348164725668545,0.4765873102014798,0.5233922994776331,0.7604162444612389,0.5207823559017344,0.5220752594524629,0.7701672806629515,0.7101325653912239,0.40392059935025637,0.8053499957172233,0.036147026673594373,0.512771524342064,0.8036733968497981,0.732625926484952,0.7198472152830375,0.739390233652444,0.8234073752446556,0.8382428359747354,0.8061066671984404,0.8228894840828623,0.8880771136694577,0.7249594999918032,0.8508093727595606,0.03230048334094591,1.0,0.6450272536328027,0.8106776379992202,0.8067878895430032,0.8103510300300516,0.58881591870973,0.7601067702989321,0.222797079429395,0.697739920858534,0.4248780327758079,0.682472338125649,0.45203032435313073,0.6642378374329517,0.7373947015782406,0.6432795928482289,0.7018979326299293,0.7336251171994754,0.588569987231596,0.3786002809127989,0.6294575801791488,0.6390150026704432,0.21089725712459736,0.3802879851851273,0.43215317138440484,0.3671635009898328,0.42540246932236786,0.7131750726247725,0.5534054632399766,0.324012750316765,0.7544686483793263,0.8583010031963475,0.5857358221404434,0.47308318360757673,0.4147292835273546,0.8571969499384415,0.4984864177349536,0.561640199658495,0.6575820100024068,0.7711036434817903,0.7212114596764057,0.5630957049119626,0.5615496626634199,0.6927101121699856,0.6506196790248419,0.7717545884496786,0.7049774012822754,0.7651132462629648,0.7005778287716508,0.6961968946812772,0.7011287234876673,0.7044694348164721,0.7304659201112235,0.22337884186530801,0.39332970245189447,0.08903914550605267,0.49869753038691483,0.6891135836139504,0.6855889764356125,0.7945500444182122,0.6470159059153157,0.6110457682726307,0.4372274852962117
ROI_5402,0.34664759835463194,0.5435241480573076,0.3397827515380719,0.41230441909854304,0.32167358306968313,0.31092512261482974,0.15562944933005335,0.3130130724695794,0.14835836293486654,0.1567875734534754,0.13100814699529353,0.38165743588448653,0.16789032529920264,0.41622414115237893,0.22404719410304694,0.42145142311063233,0.2977294029347047,0.46326998636984223,0.2752274546682224,0.34510447841760983,0.11082839411916531,0.19356162891312995,0.24101382882195846,0.35734360173018653,0.34052096365992285,0.2423401810934915,0.06645398399216788,0.20955431555588655,0.20499852252522255,0.22502040387377076,0.08964753867128898,0.20681423415290076,0.3313262544592742,0.3333067539170987,0.48215989510288787,0.2814313872179822,0.32580618644048065,0.47339601331326586,0.47826472428486966,0.5272313325666714,0.3317798972792525,0.2943707174488333,0.6045982726872964,0.5859741086016714,0.43356213979711333,0.4646509165398235,0.6430325833035806,0.5772485252641943,0.5305424792290346,0.5417337482768625,0.406872694921277,0.6559370540906823,0.6792769502113212,0.6687137105218625,0.6450272536328027,1.0,0.42438842625213474,0.5075097073971389,0.44740308578547555,0.43636113411734445,0.4015798609571241,0.42484685802871436,0.3426890765558244,0.4765669233815279,0.32637247689970245,0.5029768025425976,0.5412582948534451,0.4540805569239281,0.572558452294172,0.3917703949607904,0.1959648912473115,0.30028625099032985,0.3055575311703037,0.2775403237893052,0.07055359601454794,0.15608839497521612,0.08094144926523102,0.11324865824760552,0.203912515771901,0.5040839936494781,0.4451467609117262,0.5499569245405646,0.5231202438072042,0.45025163393059636,0.46541869207493747,0.7356487334198414,0.42053140638884967,0.4958607210283338,0.4525919538231859,0.815741161211238,0.26646401897045213,0.46804624743283396,0.24832500736718344,0.24863240088288543,0.2424802336050468,0.1485426140980364,0.15576688432577784,0.10755813732083674,0.20598082791812203,0.24048930713591124,0.19328187687021112,0.10763122627665697,0.21308890395118146,0.09953660838663478,0.20781616504537023,0.22208622543934287,0.1365695562272601,0.12487166330286847,-0.0588042692838527,0.17690430756757958,0.12676076149158166,0.10124545154028664,0.3064438375440296,0.5287654350037113,0.12430763048725632,0.07481898370175043
ROI_6001,0.9120870842281521,0.9186697495435835,0.46394550863363265,0.7183853679258166,0.6413008784130991,0.3518751131379193,0.5936795855941538,0.6700660970883866,0.642745864375109,0.5687002319162948,0.6722352179761689,0.7941065757924509,0.7215422108401048,0.5934086471866332,0.6888746348875993,0.5617515669585943,0.6899364431210148,0.7335228141601272,0.7524768298887325,0.8937151577385791,0.3330772035979579,0.19346747441996734,0.3308703715163908,-0.05500155377104563,0.6632557393899823,0.5810754291575269,0.7005145744445256,0.26778114868268166,0.671600623865308,0.5191993681970961,0.543431640952923,0.4400814793391744,0.5746816788013659,0.7663740751011952,0.5100765830812142,0.5167953753393245,0.6185761446071183,0.4698311638948765,0.17383627381764974,0.5771744390061377,-0.03556904020320978,0.407833579639487,0.8583811915046677,0.8201053057256827,0.8595803010103374,0.8571798135838071,0.8049737486354566,0.8543936603239802,0.8558461086823644,0.8757759179495561,0.8952188715416385,0.7317039538779232,0.7376815006287593,-0.0596976686737065,0.8106776379992201,0.4243884262521348,0.9999999999999998,0.9546839769424061,0.9218360846215452,0.7818881066459086,0.8173793720944655,0.23213424571727062,0.7947561041277542,0.5276491454561165,0.7054732683435495,0.5193113079145678,0.7909092582476674,0.8592136056714788,0.8095571671695776,0.8668900998789744,0.7116623928820207,0.529294780000574,0.3586140251578251,0.5806957669085219,0.6107877926404921,0.19440223229885603,0.3065211699353459,0.3080968737971269,0.3837339450379427,0.4569424047854081,0.749807435813209,0.6292965513595862,0.26903996071055436,0.7389947509313742,0.8097059932798459,0.5156920254947326,0.3359470782153346,0.30054030625282413,0.6707904898402778,0.32388649177214174,0.3540611256390248,0.3710639459609576,0.6404161200569646,0.5844686680292162,0.46021464517037936,0.5515485802058119,0.7403092813281007,0.6995571631028694,0.7254678974064964,0.5989852956992556,0.7065792377303569,0.6814118157120423,0.6537606131711422,0.678269561660176,0.6301819064680723,0.6467358431165243,0.3449714531685835,0.3942113952243461,0.21114290849385384,0.445453489878867,0.6017769782429849,0.6500337673351545,0.6888537393527012,0.5272038934811513,0.5238139835882116,0.3876279674291922
ROI_6002,0.8650265461128623,0.923689487110877,0.399840053091383,0.6766819324130645,0.5893692969681769,0.35603577815262166,0.5165433211469229,0.6433792875468468,0.5983846194419431,0.5254631597770031,0.6089651729121505,0.7652869154877349,0.6509977628516843,0.5706596441372144,0.6306447791524031,0.5432769654124219,0.6288086369496689,0.718847491221952,0.6962776391522443,0.8377334211826577,0.258641783591324,0.1452981689517284,0.24547007113446115,-0.048658708747058244,0.606140129166181,0.5717748412218574,0.6164241655307878,0.30406915675217006,0.6104299904854179,0.4816998915651592,0.4776586908585785,0.39949963971053415,0.5386409052685177,0.7295636754252423,0.5021951912936544,0.4846788065279183,0.5691478639782709,0.45788144970874284,0.18713708861273382,0.5508658905432174,0.006590767578229761,0.3896260618941795,0.8494824549502782,0.8363369966026517,0.8397553849680759,0.8572748238870994,0.8482393052720748,0.8954383832346888,0.8428708158270793,0.882876861657207,0.8557431901703962,0.7297101010483813,0.7250369311500994,0.0075367222134756755,0.8067878895430032,0.5075097073971387,0.9546839769424063,1.0,0.9166958436802364,0.8205612354652417,0.8063279578853271,0.27286898978233254,0.7508586348171107,0.5663397605851641,0.6456781711757388,0.5423892504861221,0.8163427862911515,0.8534012441671978,0.822184169493064,0.8444903629059656,0.6224298965075241,0.4793946410928251,0.28865168247227474,0.5107423527716922,0.5512352235482152,0.12135733340247096,0.2676873425468145,0.2830749717197222,0.313937874326375,0.4546140481548473,0.7154454756218913,0.6237914465654786,0.315198275730608,0.7323072163420149,0.7750451170321325,0.5956505354231992,0.3211536243261765,0.30278393895317024,0.6020250837383968,0.3876423845900562,0.27527063193721757,0.3517996865159719,0.5583808220339976,0.5031005222713197,0.41513030720803,0.48549678803119484,0.675636034949829,0.6451356800355779,0.6660467383587413,0.5255048170203479,0.6516246716629556,0.6134881055526326,0.588024095839644,0.5989025503141086,0.5544158990115499,0.5614347794477983,0.29800029847978926,0.36676839672516665,0.1411351436995775,0.4028036341179763,0.5603393180309636,0.5874909531102902,0.6278744418088162,0.46006306388868623,0.44848868228474403,0.29930985277682554
ROI_6101,0.9150500962775098,0.8603194063918983,0.575800245278431,0.8092802312517479,0.6302371177160978,0.38926697885550277,0.6801647830442562,0.7734146212389974,0.6930930250335299,0.618690583916545,0.7258960569782003,0.8496037327992856,0.7704730046863129,0.6757548807742388,0.7374418412982323,0.669071230644388,0.7039890749584403,0.7303233033065002,0.8332674516948075,0.903375900463736,0.3043359193747399,0.15378866199143565,0.45546575178459825,0.0242711708305821,0.7197737877814958,0.6597351490960962,0.6955451813071009,0.28791860090895427,0.715948817222812,0.5747262375996595,0.6467872685486395,0.5558229260581322,0.7172497730849655,0.8407531347900714,0.6164386556076648,0.6072599354990401,0.6330401411206057,0.4923116113079495,0.14950008180266894,0.5466883667958228,-0.09034091461640771,0.4191335847715894,0.7980039075951311,0.7420599221372383,0.7893974547852618,0.7647147485479477,0.7602926624553232,0.8069753510831015,0.8280061386624691,0.8256862777939328,0.8915148281267042,0.7104865466483613,0.743979847283039,-0.07591300517128975,0.8103510300300515,0.4474030857854755,0.9218360846215453,0.9166958436802363,0.9999999999999998,0.849200026834886,0.8824411921273999,0.3722039091461461,0.8433125628443913,0.6416829886483346,0.7617470083852906,0.6100787137924192,0.8844431167949998,0.8949001948222466,0.8040497761833701,0.8454098197641777,0.7497980200368788,0.6501065520790758,0.39941826925778784,0.600878861049368,0.640461181609168,0.2244969004886967,0.45306350063286777,0.4600414125085759,0.41231928411853647,0.5116048792563875,0.7881665463912058,0.637897386672166,0.3573363265937585,0.7583814291300319,0.8439572144305973,0.5257149848739006,0.3480703707801148,0.29618623228193125,0.6577655498463288,0.355651292565266,0.4293724483721969,0.46152494320483745,0.6730701021507436,0.6150968881559872,0.4671778467329631,0.5319654174694846,0.7178259650178177,0.685295209626121,0.7676681658411626,0.6767333118952774,0.7310385900509628,0.7116514105734006,0.6670247660185805,0.7013355947159714,0.6662858991932958,0.6968723468685931,0.36283988184483806,0.42611974723390267,0.16517539379598956,0.4713722237368156,0.660084113334045,0.6803768856908776,0.6997988343445829,0.5070969632062713,0.5288261923800283,0.3830198242272128
ROI_6102,0.7187105024355283,0.7636479113707322,0.5370863231710373,0.6846385132956013,0.4495776890248329,0.2609050445558415,0.45274390690828026,0.5952894887876347,0.3905558565640376,0.2935568603447151,0.5483083859276027,0.7227371643588681,0.5455915604443178,0.6168036032353572,0.4658223151577752,0.49089603002342797,0.5334076696754969,0.624141360346511,0.6639216463098252,0.683652359204725,0.354256043673533,0.27334320596874206,0.38082832094378366,0.2292823747536616,0.5802647220354369,0.42477137875217236,0.37372573779510404,0.17327175099627204,0.4637051069840774,0.4096524892620074,0.3942496471381129,0.36373533608319275,0.5896876138059914,0.6130628013103562,0.540602291254047,0.4401375598874102,0.2945802992937799,0.18861337392697505,0.08947107482990019,0.3091030573460996,0.020027107216747612,0.21582111170920315,0.7216722153881651,0.678014594980998,0.7275279425242734,0.6991199790921208,0.6277192223445288,0.6858783325197583,0.7419801878335814,0.7473221398281003,0.6727494376566112,0.6692621287985415,0.5992505987832976,0.13117105867076992,0.5888159187097299,0.43636113411734445,0.7818881066459085,0.8205612354652416,0.8492000268348859,1.0,0.7426394275497264,0.5655384833512008,0.6590404372665821,0.6309720847549404,0.5651562480586062,0.6863132993611566,0.850663635734154,0.8312457264347044,0.7640997547300411,0.7864360193611436,0.4728726267634761,0.40230203689578137,0.31942314557975965,0.39799644229148345,0.34999227819537576,0.22872822389119268,0.23906257463437197,0.2306423404790989,0.3015671704029452,0.47844401267157843,0.6264190340526229,0.6460662223058792,0.36936960159133647,0.6048995612010075,0.6153077802304691,0.5624450069850969,0.2924488991356314,0.30542748628966954,0.41004338808065344,0.3824744749011645,0.22937840975488513,0.2519807949006936,0.3783631035834815,0.3372561674547652,0.22061059818360854,0.3812038134087134,0.540180901271252,0.49906089000378767,0.4992075757067138,0.4221520564726249,0.4894511247134401,0.4554607427715852,0.48780951421445296,0.4467774616134127,0.43968879326990307,0.4366508174286428,0.5016910187251369,0.4191987435210681,0.1960078984414871,0.2795327799705519,0.34871406304331176,0.4325268976934243,0.42505732223476833,0.3382866916945937,0.28988868466048107,0.21401776765188474
ROI_6201,0.9117717290618659,0.7299551059206417,0.6122923696803586,0.7349438216243466,0.5978833408984573,0.36015360491750953,0.8034298834183085,0.8338382992908097,0.7445396019923012,0.6495341078275245,0.8436033067320288,0.8919440053164998,0.8632948770879593,0.7064848327939651,0.7727858071598659,0.6624803621579742,0.6213400262598294,0.6137595082177294,0.8649791891651211,0.8435965829956671,0.2794071075918774,0.0807448935835175,0.5077646693354751,0.0033641897415388647,0.5796869135060551,0.5749227514090245,0.698984333624591,0.22126975544824096,0.6902794384180625,0.5063515065349031,0.6365451061853392,0.5274295701527711,0.6813540618984838,0.7852247453430808,0.4391750269200644,0.4174145133643404,0.5941770912328145,0.46654055332419264,0.05967069798500821,0.5138311459740629,-0.20458869493575546,0.32931541936028397,0.6830888832418865,0.6123272336005475,0.6402655202001037,0.6300263456914026,0.593179880555539,0.6746378911239386,0.7137785858499968,0.7406427455135688,0.8143517549642061,0.6337045614342554,0.711688176912383,-0.0817376508237589,0.7601067702989321,0.40157986095712406,0.8173793720944655,0.806327957885327,0.8824411921273999,0.7426394275497264,1.0,0.49110678731000434,0.8086194307856012,0.6259730981675338,0.7528678871975316,0.5609061048319165,0.737117131405911,0.7246528848430527,0.6425954536139742,0.737259360372108,0.8154016330934772,0.7195089411520029,0.46903234342427647,0.6608894344788582,0.6679655010669338,0.231919125256516,0.5319480550907164,0.4992056444901423,0.3507921379339643,0.47607524394441336,0.7380787885309508,0.5606878473208258,0.2563065087452699,0.6478799651312769,0.8558175954115927,0.4994668534685851,0.27026257351637667,0.18775805859574404,0.6905805250156933,0.3314869794981804,0.518073993629912,0.5330171978018335,0.7100021260395515,0.6692506250362467,0.42949256544522113,0.4754793101914347,0.7022331525822154,0.6734104521243646,0.7927594041415997,0.772950313606919,0.7507943096036779,0.7210732583650552,0.6592432113213356,0.7003057602950308,0.6623441541027538,0.7007816952711441,0.3695210931814618,0.3723293395266763,0.2254748237667434,0.4320436653044213,0.6391471583136965,0.7273346066660475,0.7163689443978463,0.544901594293816,0.532643427904959,0.47730279338905746
ROI_6202,0.309830958529988,0.27841663265377226,0.605851980140145,0.5387943132853118,0.09926943525734648,0.0911446804995006,0.36830494828643034,0.5486640143120575,0.10502212239523237,0.06825312875402996,0.3007714371090564,0.48681504448873575,0.2562604932636664,0.5507095364552467,0.1451453256546382,0.38920935834246634,0.18150537236986442,0.243869332074305,0.45448108203060805,0.2648409910440879,0.13065834894856349,0.15865986447977093,0.5100570758374886,0.6126924371624577,0.25761132689854915,0.15790098543602585,-0.07168867178728539,-0.06737953425428113,0.150230746609294,0.15197504000352102,0.22326808509842985,0.3687921291298361,0.46586752133885756,0.3356386596018521,0.37512133920198604,0.23250435627608626,0.03388426516003156,0.05648021158554967,0.04741503639646737,0.09830496400277118,0.04797200980855309,-0.05906926741602533,0.23285162080176428,0.1703213958621028,0.15752109767434275,0.11944082511848728,0.11763810443771386,0.1440168698907616,0.2401395691473575,0.22975456706591055,0.1770008232842372,0.3496143525858052,0.3488452010592716,0.3968962026369778,0.222797079429395,0.42484685802871436,0.2321342457172706,0.27286898978233254,0.3722039091461461,0.5655384833512008,0.49110678731000434,0.9999999999999999,0.30637131108074667,0.579682801525859,0.29786484208854275,0.6746337592860645,0.4893228057866303,0.35875464425922093,0.3584210728493813,0.3219749792522022,0.24412544481302287,0.4519760953152841,0.4458118212117405,0.31999045267988085,0.05030837525583717,0.26283815199516175,0.32925638032854165,0.2675504257101785,0.13754561590421827,0.42398956672866167,0.3206769861973411,0.40434642169787993,0.334115641919202,0.1414276234011243,0.29419763979097413,0.4630852240153221,0.13969782555652788,0.23913219017324128,0.13782712407462505,0.45312572947752217,0.24665970099246115,0.22516185305599115,0.10448254480202283,0.10222079946666146,-0.012515609428143922,-0.037446549388273055,0.11947580549715688,0.11326212352828346,0.17027018115509918,0.2893498211283569,0.09584662152887716,0.059349671203455946,0.1123783683696038,0.04598388342370709,0.13949892866686472,0.146845037144032,0.3448872885650344,0.12419131956853507,0.16135722073711573,0.014976168566008473,0.003196413021848275,0.10831256012382519,0.09083534518584965,0.26561103318706736,0.004939965194229132,0.09020742824733004
ROI_6211,0.8183070685349525,0.7019729806158302,0.6172075363507463,0.7470009035208381,0.5231298439727223,0.27854004780279495,0.7116742074532845,0.6862618407063432,0.6109592740325038,0.5402847743456172,0.7982566038721693,0.818331603989742,0.7786149166199613,0.6503059465719345,0.7003076844285466,0.63206951030291,0.8040235181770874,0.7724412540694425,0.8247042206778774,0.8577275251380487,0.3086031080486239,0.13820400277402178,0.5800405205237261,0.06836971776864614,0.6589133739448549,0.5457380401701774,0.6520468743902381,0.16057066157145783,0.8034627186062351,0.6919405207387168,0.7364694209167489,0.6468010563521185,0.8125448683800855,0.8003577229412396,0.546945203241708,0.57004810488396,0.5944765211167098,0.47370181527641975,0.1501779712334671,0.496001721321683,-0.06342548824598553,0.438700158313362,0.6094197235026969,0.5564650985738675,0.6044491206695831,0.5432307184372996,0.5333585271717962,0.5847014077759465,0.6584024945689997,0.6422311641093655,0.7751185927077623,0.6193109332046525,0.6283923549482031,-0.09065757460822249,0.6977399208585339,0.3426890765558244,0.7947561041277542,0.7508586348171106,0.8433125628443912,0.6590404372665822,0.8086194307856013,0.3063713110807467,0.9999999999999998,0.7349458217840765,0.751807510704023,0.504311867347766,0.7745019156309693,0.773933099693561,0.6285877382413414,0.6756960030541471,0.7712496568783792,0.6737485115057209,0.56953356631453,0.6942682542807393,0.6383042929545452,0.4247750611920875,0.5695164730607972,0.5639992639469257,0.5776574384254171,0.5705033645187062,0.8405246262124564,0.6008223173849686,0.3830163812967978,0.6485709010398419,0.7854129108912627,0.38296132564347224,0.39259684535959916,0.2196948867523622,0.6492183558558339,0.2467755244173866,0.48018059545461655,0.4711481799478018,0.6870758398015974,0.6046561633465873,0.4313636546425052,0.5737699478146213,0.6729241673939261,0.6206569105944058,0.7469242897050998,0.7106467321315749,0.7115566308081062,0.6889282562142388,0.6935455428420881,0.7050805985664979,0.6615197354017933,0.7088289367936345,0.2999574492532521,0.3499249357989204,0.14824688055516894,0.46285664027793805,0.6245900003276725,0.6348828837158051,0.7047211850030645,0.5034317484383714,0.4481511482557544,0.44130845408562086
ROI_6212,0.5039803602374753,0.5173808511700106,0.6132856206653078,0.5979880436556821,0.2604111143507472,0.2327039234623062,0.3688444283329222,0.5129427479706622,0.25680873966010104,0.24223153609547415,0.4840441555769021,0.6869489024564902,0.39259151980087076,0.6677448844244847,0.3408734831261518,0.5386603488971016,0.5674893689767667,0.6868021274645763,0.634121876036549,0.5427237483144818,0.09828082066025837,-0.009388666259675707,0.4986251823802856,0.3494969943332401,0.4376752544121378,0.4166214391805559,0.1476279236435517,0.1819368252016736,0.4648603680466008,0.49445637922516883,0.4574929511986452,0.49396313529823965,0.734377016936098,0.5340617815848541,0.5142817403704334,0.40017992787437684,0.21849334752816013,0.21591957304057174,0.05726816424853641,0.2077001822018205,-0.04469301678752369,0.13067284499540444,0.4187137628438172,0.3740849897539033,0.35304200224123716,0.3162535291983373,0.30360745534977895,0.32946957450795467,0.407506495039486,0.4110154453258779,0.40352171408879145,0.5472124065892955,0.40676114482118986,0.29177597820337037,0.42487803277580793,0.47656692338152795,0.5276491454561166,0.5663397605851641,0.6416829886483346,0.6309720847549403,0.6259730981675338,0.579682801525859,0.7349458217840765,1.0,0.4811167964107872,0.5948147349765036,0.7565151230145554,0.5960854242940572,0.5516087331667909,0.43481355718684045,0.39531446868891335,0.5641773645607306,0.5015570275116793,0.4527584103375191,0.34354497818325735,0.2502555247085094,0.4458120031822386,0.3839684837989439,0.4249908828072587,0.7008355119116931,0.6777246347621254,0.6160205212736308,0.45247721879863356,0.4474721252672884,0.4713979971495314,0.5167957915022785,0.14664276825965847,0.18255843673860517,0.2623502364278937,0.4597755007372952,0.15615025365377713,0.2732945895738423,0.25224101677834965,0.20693225255175993,0.19377181773299912,0.170203114294264,0.30341484733644863,0.2725082288897629,0.3498395223363364,0.37718512526723075,0.2893401855886615,0.2269575401873611,0.2356584707339759,0.21604874926621206,0.2497222053094435,0.2971568253998347,0.267084393171603,0.1159397161937673,0.1661827832231762,0.19899768720956393,0.24389888787108271,0.32858553214626385,0.322147510573929,0.37286125050758756,0.09667539761141394,0.21787766206590217
ROI_6221,0.7632927313595341,0.5962421555289086,0.5387635252880661,0.7419067037506425,0.6586249160640844,0.4638703828987856,0.6876731822321376,0.6884748223880568,0.6945813341940401,0.6591792834031336,0.7481938480417829,0.7605093950190355,0.7941734083108049,0.7095157587347631,0.7987172708631796,0.7287950085042331,0.7903077871519921,0.7318637497908126,0.7102686696865094,0.780161365045076,0.36556173677740506,0.013512874555527656,0.6043109138686265,0.07845073840658734,0.7445571801406015,0.7063115801423107,0.7035911728609601,0.27574469757320597,0.7718476006457947,0.6574857245691205,0.735893840063144,0.6937782047953295,0.67943920184412,0.6762828107852944,0.6269438679982757,0.5064339851116075,0.6161294094815771,0.5455975925446467,0.18292051090404507,0.4812821036166838,-0.12261993044470781,0.49969467205289775,0.6772817531883337,0.6354937358231956,0.7065901368940742,0.6186635021202905,0.5206175518419485,0.5639719223911225,0.6867087264754655,0.6719262350712275,0.7739764611074502,0.6698424518380143,0.6248358641553056,-0.09651670527052959,0.6824723381256491,0.32637247689970245,0.7054732683435494,0.6456781711757388,0.7617470083852906,0.5651562480586062,0.7528678871975316,0.29786484208854275,0.751807510704023,0.4811167964107872,1.0,0.6737519950089326,0.6600789783784666,0.7134983010848586,0.5749175398552722,0.6287235299167103,0.7284934515082734,0.5998751442645684,0.4655127112150451,0.5988220981538038,0.6451062630454438,0.27866899684904944,0.3501955451898788,0.36082006040475273,0.5907484231773578,0.516233828954582,0.7469003354114274,0.6884094717638644,0.3452689036123978,0.7058577770285136,0.8695169000796562,0.4872983704169336,0.36695535845499844,0.26616348316906663,0.6915711556866867,0.30693059835536357,0.48470733910783337,0.5113908504407829,0.7362208430225518,0.6624201865255231,0.36661835969954143,0.5823212554356942,0.5889396467579028,0.49724020837017485,0.7147695556590441,0.6833501085339391,0.7418567118618671,0.7104479071058549,0.6528360390768306,0.696883242933212,0.5990558392486443,0.6578096760649546,0.28637014688111767,0.3451913636748961,0.12967421246643498,0.3852813964636692,0.5297565608552635,0.6296955143764722,0.687221342209339,0.48000102683422063,0.4273412392916406,0.4687409478846286
ROI_6222,0.48110841530176796,0.5309022195763416,0.5161178137134825,0.6862046749220642,0.38115717805328586,0.3129648226123459,0.2950219727607822,0.5263603723597456,0.24655344679968388,0.24775854284737436,0.3802773165697547,0.6072000761085338,0.38127837631614614,0.6616201568462002,0.3588128536820424,0.5200684059883858,0.5127247309921266,0.6227920454674195,0.4912802931273162,0.4913894498689087,0.23507778888753825,0.0962568102992401,0.425225598438084,0.44705553031734624,0.5996017967586166,0.5223770254290405,0.17989801798039168,0.19611306791531102,0.36057752133395926,0.3714795759913505,0.3947251748709003,0.5052414301783099,0.5599246061848209,0.43114766312740677,0.6567564285101747,0.4294796556914702,0.22455369640524311,0.24238099416309458,0.1865835325745574,0.23611633831530082,0.09887627884328445,0.21380007969058143,0.5957294057495115,0.5689121825155904,0.5978497049117144,0.5172443441147526,0.44511576216112303,0.4370920622270354,0.5630698620287492,0.5419250686533938,0.47109935929700797,0.6701332939275436,0.48912770599130617,0.34609016901456335,0.45203032435313073,0.5029768025425976,0.5193113079145679,0.5423892504861221,0.6100787137924192,0.6863132993611566,0.5609061048319165,0.6746337592860645,0.504311867347766,0.5948147349765035,0.6737519950089326,1.0,0.7272059429187433,0.7042228712337735,0.6465120511566007,0.5707165207364374,0.3484538485173544,0.4594111938334847,0.4431396881752532,0.39617063781288814,0.2312017421595367,0.20111564487480016,0.1380102238315509,0.11585591433386741,0.38829399044934704,0.614563725473283,0.5715800927444498,0.7349137891294018,0.4479626255083457,0.491599501576276,0.5804754759773249,0.6906326633197571,0.26664814322380015,0.36536725800810366,0.3305146367477264,0.5236765861051822,0.16552401004055914,0.21158335995747002,0.27104561146441725,0.20966588351306256,0.06750382899055093,0.21389425585378535,0.2514191352685216,0.19157772656490626,0.30442904959239575,0.30053226719225196,0.29177740866820495,0.23758776125342715,0.26018039641912366,0.2190941052854083,0.23824426440062457,0.26391575938485917,0.31463832709426387,0.1602998791708352,0.1132784829338472,0.12444346372513095,0.10631045930900344,0.23792887287767378,0.285274096809159,0.352574456101745,0.059407023087420484,0.15786364489024865
ROI_6301,0.7157430328662518,0.7749481169246862,0.6312163871057108,0.766960301789211,0.48465791846325273,0.3013067841798123,0.46657234041268825,0.5994032749084576,0.41998207178527724,0.3573077535757256,0.522874698294674,0.7134762707950353,0.5417203206364128,0.6498721431795966,0.494709390690938,0.5704398381787735,0.5826562281417469,0.6900375815362686,0.6935482116589305,0.7061191593408563,0.22027081791980896,0.21187507331882785,0.46993000102848953,0.28422893405908733,0.7158320534041234,0.5617654291370151,0.40517351932239903,0.22323810082211482,0.5143902461754127,0.4315434512154579,0.4940536657973022,0.5002027257999128,0.7384995786432188,0.7118251216529021,0.775199821574496,0.6449796407936549,0.40593441612371134,0.3149657118362505,0.11934048937534505,0.3923152552799125,-0.010779944369246347,0.24006457903583533,0.7338187551898584,0.6663697005211549,0.6990664473141648,0.6476512005568008,0.6770348823864039,0.7007971080642623,0.7293155194494569,0.7154027763571004,0.6980888615661585,0.6928647995977528,0.6442030788978826,0.17455347732420012,0.6642378374329516,0.5412582948534451,0.7909092582476676,0.8163427862911516,0.8844431167949998,0.8506636357341542,0.737117131405911,0.48932280578663023,0.7745019156309693,0.7565151230145554,0.6600789783784666,0.7272059429187433,1.0,0.9068404652648333,0.8277034980108257,0.7828363016972734,0.5446493284183092,0.5466989187185447,0.37369782531679674,0.4472702632478192,0.41307583511586593,0.255433562527554,0.408940135092163,0.38932364510303885,0.33663239530603734,0.5907171551542292,0.7174892663684248,0.639211890225014,0.4116528829939017,0.6095857601241188,0.6812533286604932,0.547665096463066,0.28327267831171793,0.27575116231805147,0.45521438587458674,0.44101939944107776,0.26746910820250946,0.35051458589095313,0.44025066752329206,0.3893717395707189,0.3114438877790103,0.3483348258609237,0.5459304496706276,0.5066225545118511,0.5275835288641726,0.44816230433087145,0.48871061642263425,0.4576039653977329,0.470190637063893,0.44845736294719096,0.49528991695925073,0.5073011602373159,0.3832659403782693,0.33379702010998535,0.1898688721660302,0.32824995062488116,0.42499140354946147,0.46935317141709926,0.5149846178870662,0.44621161187413305,0.32389599034818056,0.25523315298280086
ROI_6302,0.7675081048409682,0.7861306394870535,0.5029498537432185,0.7813129211466534,0.5286084117236625,0.29709431202753667,0.4907177781459944,0.6190976084244537,0.48293355341122657,0.43173045896123374,0.5862905692319332,0.7024673496872182,0.6230833628273623,0.5890255941152464,0.5702649774872068,0.544964122491311,0.6832609787548194,0.7286364664705173,0.6862816330673019,0.777096718711996,0.30904567469088173,0.23467345563024405,0.39394314990632867,0.16158442721310687,0.744246184796064,0.6141296172925398,0.5600065386883909,0.20803059629590345,0.638256484648127,0.5359259349029115,0.5811653646980649,0.5622746739629939,0.7072938486893017,0.7753808955867265,0.7225568113822725,0.7051352193852799,0.5273126625768741,0.4375018214561178,0.18573794032827712,0.5139348025158549,0.01588841265490962,0.39187548920592047,0.8202428274629623,0.7714749946727043,0.8104096065925661,0.7632920917391657,0.7546238481013989,0.7771908047570146,0.824530271476644,0.7974744790681593,0.8123535791778629,0.733070891552426,0.6900273120946468,0.03332171193648201,0.7373947015782406,0.4540805569239281,0.8592136056714788,0.8534012441671976,0.8949001948222466,0.8312457264347044,0.7246528848430527,0.35875464425922093,0.7739330996935612,0.5960854242940573,0.7134983010848586,0.7042228712337735,0.9068404652648332,1.0,0.7933795167187241,0.8300232449999287,0.6200051314982998,0.5170416562698998,0.39711090927651005,0.5362038272853631,0.5081388261279459,0.3073491192960313,0.33461163205130773,0.3633019635409096,0.4387512487179069,0.547450214260115,0.7608880746628801,0.6668940556761941,0.39063809228287744,0.6954741956178627,0.7558354959162076,0.5206460630820765,0.38717224816835294,0.2858627331487986,0.5568881902324433,0.33668581118202634,0.34326706693867465,0.3403678223026821,0.5727980126367932,0.508493447031762,0.37822122780421175,0.506027942743184,0.6313412801160734,0.5600815762639697,0.6334416756621285,0.5051102832789901,0.6379108141775688,0.6032145694852792,0.6228641976252084,0.6062659225378925,0.6177207295232037,0.6202661244595377,0.35709101855628417,0.38603406984714445,0.14532832064191475,0.42028166260658295,0.5038479377891025,0.5485643829350099,0.6044278537753474,0.45448566992980155,0.40058069024354237,0.32986304172013337
ROI_6401,0.7067154994764476,0.8684118932577866,0.5444896026271442,0.6764341894648633,0.4568379309870152,0.22080382798030523,0.38680276610875897,0.5006012907650994,0.3511916989189921,0.27816210572922373,0.4346718251129148,0.6613323392451863,0.4761837580491989,0.5548441505544331,0.4475704791225152,0.47406701124270595,0.5239658330330821,0.6721447409132012,0.5730765622713335,0.7083082399433067,0.22069499624388547,0.2223011692647417,0.32762418093909895,0.21481436700548354,0.6289867959184106,0.4228600446296251,0.34884162941669306,0.15038686736142753,0.43092163884435386,0.3786156720167142,0.3358504036582541,0.2920448291668188,0.514440032670668,0.5662866009393539,0.5909110921841687,0.44456703105912215,0.3916966483392053,0.31175628663288635,0.23413402771914857,0.38414164702719106,0.189772267593345,0.29132183564267355,0.8167829801542008,0.7975934166076113,0.7838232464615051,0.7705085341854554,0.7914244722489038,0.7822804697466846,0.7897187924461927,0.7729030151920901,0.6786343523698705,0.7128758509683942,0.693756819775365,0.2640847367357472,0.6432795928482289,0.5725584522941719,0.8095571671695775,0.8221841694930642,0.8040497761833701,0.7640997547300412,0.6425954536139743,0.35842107284938124,0.6285877382413415,0.5516087331667909,0.5749175398552722,0.6465120511566007,0.8277034980108255,0.7933795167187242,1.0,0.8823044335094671,0.46323999322331016,0.4415981566068193,0.362688873514767,0.43515059217797397,0.2762475909015889,0.16474017748324582,0.14426780006820017,0.13655837005591004,0.29414362558278856,0.5272828065751335,0.6471220740162594,0.6526211785355941,0.41486785378280727,0.6049014889200689,0.6488505685873053,0.611810812070702,0.32865913337028047,0.33279738103539,0.4412260657149298,0.44706519276380846,0.16625947496252946,0.26385636906217114,0.3600537105782615,0.30605604256950575,0.3117385696600956,0.35441461266435265,0.4719876618610355,0.4278283079431442,0.4184518731069672,0.34890632018793566,0.40591724553607605,0.37668656792249583,0.40003259270046515,0.35485544133985175,0.3829205092727178,0.3862069207222855,0.3026514463090002,0.26905376403595366,0.09824030853675987,0.3177586284795596,0.3252859005415859,0.3461016244321484,0.45830701509885036,0.43693362883584763,0.2822208781388472,0.1596059030906908
ROI_6402,0.8116678135653347,0.8503650496535814,0.5469172486840984,0.7127462634178467,0.5140619086679064,0.16724994003899796,0.5519962372263608,0.5892094095957066,0.48930722759230316,0.37616628485886583,0.5827846676141587,0.6874243396957274,0.6349398447835626,0.4995318593725423,0.5466959159624024,0.4384625768788428,0.5355895706632117,0.588739842686601,0.6565028735778843,0.7700583223518737,0.28165573000964794,0.2345627412920716,0.3642710210711053,0.07335357975688293,0.6490200021725587,0.42899777800439737,0.5489142884616499,0.08670121790315316,0.5289305090412061,0.37685519867904144,0.44004250056351635,0.33976730781271697,0.5357849464203276,0.6614648564778496,0.5357065261944772,0.4918141295875135,0.46588999877835985,0.3263941274546883,0.13173072040026412,0.45235340190125506,0.06844717473099911,0.2812427166511084,0.8171910736818245,0.7757171145065401,0.8129216628585582,0.8013251813551451,0.7692253139780196,0.8248671712023701,0.8378966478260652,0.8317624118671442,0.7953877052340073,0.6952441422537543,0.7100463427084738,0.03431486261330009,0.7018979326299294,0.3917703949607904,0.8668900998789745,0.8444903629059656,0.8454098197641776,0.7864360193611437,0.7372593603721082,0.3219749792522022,0.6756960030541472,0.43481355718684045,0.6287235299167104,0.5707165207364374,0.7828363016972734,0.8300232449999287,0.8823044335094671,0.9999999999999998,0.6046492793886207,0.46131390952001555,0.3508797917022474,0.5141628805803374,0.43533627800242597,0.2539186698833621,0.23987852867575915,0.23076078707925335,0.2800430719212108,0.39235174873091183,0.6333525308732824,0.5377815026285969,0.24903651914798003,0.5971337657829084,0.7128592692282705,0.4607625745810137,0.286763891258214,0.23475897996866263,0.5392873574525313,0.2642465690141016,0.30016342924200373,0.3141091826647925,0.5158535803461318,0.4646778797551473,0.38459380524082143,0.4511840403616229,0.6584521556039381,0.603507636452573,0.6098440286103141,0.5106435171431144,0.5883287644158494,0.5705601231738975,0.5725294150155931,0.5590836283795386,0.5690533201556632,0.5599971082114443,0.37605576263652185,0.37346731228005786,0.23414785266480756,0.35665365279972794,0.4633854271192348,0.556294029657914,0.5911893237983619,0.42146403087662826,0.4374912271142443,0.34458547163782055
ROI_7001,0.8464383211716718,0.579770651973448,0.5230075951050644,0.7047597676725613,0.6416633708885792,0.37978666870114464,0.846410229295924,0.8014533385342313,0.8245095374320692,0.7574517102142628,0.830048487248733,0.7630590968110091,0.8877770420374796,0.6020571771417242,0.8472914264945937,0.6722476761189897,0.6153089397881312,0.4896592461290686,0.8198552097628998,0.8218136023017912,0.3253594090867825,0.15995704850066703,0.541563921868758,-0.08759513233491688,0.6319363246387648,0.6161064165600011,0.8546445909238088,0.23134721719683288,0.7784073540060739,0.5466592351178722,0.7667836967362662,0.634286437971158,0.6353802187847167,0.8180865184499967,0.4209829364335586,0.532600396988133,0.7551088918104999,0.5846843268410431,0.14408215375654954,0.6261227181189872,-0.22905895576979543,0.4157317661931111,0.5424020450215031,0.4288078531104342,0.5126421528553194,0.4858643336355237,0.4743895421178265,0.5482295345030088,0.5991691684015381,0.5914997239182882,0.7969818992573713,0.4654179976845825,0.610140992113407,-0.32390930116479655,0.7336251171994754,0.19596489124731148,0.7116623928820207,0.6224298965075241,0.7497980200368789,0.4728726267634761,0.8154016330934774,0.24412544481302287,0.7712496568783793,0.39531446868891335,0.7284934515082733,0.3484538485173544,0.544649328418309,0.6200051314982998,0.4632399932233102,0.6046492793886206,0.9999999999999998,0.8204350098731905,0.5332870198842111,0.7436528842141232,0.7757688597275132,0.32226189040934927,0.6586206298600287,0.6519712082126015,0.3876533851280858,0.3556309182489651,0.6909973307602738,0.40279009215258,0.1455092356851565,0.6265614412823958,0.8206281342241666,0.23665645429051163,0.32777864286975084,0.15488920402209994,0.7920845352616789,0.1528406514640096,0.6971001430209709,0.6527043633259025,0.8736364644352267,0.8316055403614283,0.5249823875824531,0.5797714666076036,0.7416617384742135,0.7350786225934042,0.8548004350578687,0.8398046995557449,0.8473985203380164,0.8489206452790176,0.7875530076310879,0.8487150653541738,0.8279075457976135,0.8587089714057411,0.3128592341996924,0.4679226196602729,0.1572915454568239,0.5679733369622273,0.770489214808476,0.7939497038934767,0.8142641058379664,0.5929294138270202,0.6768222945721076,0.5491237464191087
ROI_7002,0.7007295769536876,0.4769479979841515,0.6109095546232971,0.7267471372017094,0.448894190176889,0.3342957751703289,0.733190046115816,0.8166016727788216,0.6594840065993424,0.6557223587954206,0.6720174229213305,0.7406937757352551,0.704266924895616,0.656760723897645,0.6708764376038583,0.7222112681555826,0.5067631610037745,0.44902340375224725,0.7900730071337589,0.6956067244673668,0.09674244473290142,0.007645126020405564,0.5869254690833018,0.1353607495783406,0.5569020276827072,0.6352084467961786,0.5606304333901652,0.2503471992328636,0.6352703254292905,0.48228666832706263,0.6944374867636182,0.6420720172756337,0.6730206714599574,0.7303709010317738,0.4773745272882972,0.5437564440238922,0.6253658425825748,0.5274532367679646,0.136161689227866,0.4928136132633114,-0.17176269265710378,0.31033185711139777,0.38910867890696366,0.2716399523561317,0.3125873561682664,0.27956666769109967,0.3410740063400688,0.36434012723402043,0.40099955825069383,0.37517506526881395,0.5855791087458759,0.36681446922773003,0.49271932665100554,-0.1405726432173893,0.5885699872315961,0.30028625099032985,0.5292947800005741,0.4793946410928251,0.6501065520790759,0.40230203689578137,0.7195089411520029,0.4519760953152841,0.673748511505721,0.5641773645607306,0.5998751442645684,0.4594111938334847,0.5466989187185447,0.5170416562698998,0.44159815660681917,0.4613139095200155,0.8204350098731905,1.0,0.6611231342585263,0.7610795946290455,0.6402130851707589,0.23641382018672547,0.7148026842255698,0.6729047388946297,0.3328293737246332,0.5131198735927965,0.6421542856502996,0.41709909809398055,0.27390586944001416,0.5264921513818551,0.6837321799193599,0.34822104331583986,0.22262230836527644,0.17445926847932136,0.5775175829213139,0.30605826969912275,0.5809057338539158,0.5924504040163018,0.6465345748155213,0.6118663574610196,0.4444188567698193,0.29100979740334265,0.5191392148396832,0.5434734865780789,0.6721536648207072,0.7367326334320144,0.603909276241107,0.5863365703443292,0.5102251173027891,0.5620595434773461,0.6106867631656643,0.6552363224442317,0.2640372170274932,0.26340875922251655,0.14288410008621513,0.3899304790869547,0.5987692954257685,0.6225832931943327,0.6075174019484165,0.5390288347847542,0.5136733016169891,0.3894878242093966
ROI_7011,0.4522215036066065,0.36859283460496145,0.5938039984635627,0.5813375816441929,0.26440993152249476,0.1354464770577137,0.5275281025389517,0.5355043386448933,0.2848070253191411,0.2506646891149212,0.5151735843588631,0.549678937534142,0.48264776653826097,0.4913045098146547,0.40133994288258584,0.4909946345940304,0.5082760360254523,0.4749994622009423,0.5297989179827973,0.5024436028519971,0.18197919963946393,0.11418402603561337,0.5766146087375312,0.3345664753352386,0.45040795685100526,0.30649817156748904,0.2468519400791505,-0.007564448813632066,0.5300021465365239,0.5042161408396953,0.4896859166260079,0.5065852096769135,0.5897967918977389,0.5092642991862159,0.3674475567369363,0.42047263899582554,0.4163775677341577,0.38732349723873133,0.2848301251577028,0.35075767362546006,0.20579292178772385,0.35704504744625803,0.2953537739357323,0.24027043020276284,0.22748917656722545,0.17514267804250175,0.1886576104382495,0.18238232332995566,0.29696822779176346,0.2522595498664401,0.36554684750673605,0.3915070623354804,0.3699670276620279,0.10882764751211817,0.37860028091279896,0.30555753117030365,0.35861402515782514,0.28865168247227474,0.39941826925778784,0.31942314557975965,0.46903234342427647,0.44581182121174046,0.5695335663145301,0.5015570275116793,0.46551271121504506,0.4431396881752532,0.37369782531679674,0.39711090927651005,0.362688873514767,0.3508797917022474,0.5332870198842111,0.6611231342585262,1.0,0.8189872881412072,0.3745524085096056,0.5617623654101992,0.49212246063598375,0.4838483580234056,0.4700782147167639,0.6099930018243108,0.5644481278025416,0.49290893356972604,0.4632628210882984,0.40318730060000213,0.49159614882537284,0.36568444834045205,0.37282204025214777,0.26090908511632677,0.38996827109149956,0.2389731457488734,0.42561313071036166,0.3931269395094692,0.41261521062525325,0.3679511337192705,0.2639723571041051,0.24800093770311757,0.3215640057160874,0.2902961054320205,0.40534929238167905,0.514777922283362,0.39109295272240685,0.34004712434676315,0.409290991958704,0.35377658188568234,0.4018828577945265,0.46843534612866766,0.18419144056869702,0.16997975680047706,0.06860074216518734,0.28668525161559094,0.30767082127047096,0.31687303157541014,0.3805744123640537,0.4213290739006709,0.29087396397499293,0.29125101604370746
ROI_7012,0.7048544350256836,0.5374264729349163,0.5259526443578242,0.6691649483587641,0.39128682474688103,0.20974487944144604,0.7029254170533613,0.7167568390000577,0.5585135311486245,0.5241079236801115,0.7069021263690033,0.6827693970568056,0.7142851584528275,0.5138819047325953,0.6320546737962235,0.5630226369330185,0.6141240306678111,0.5222569709013783,0.6795504492290113,0.7214811238796842,0.1604454705678955,-0.005077181924883641,0.4920251508370007,0.061369479044172115,0.4904645877490735,0.4903981042046294,0.5814195933947393,0.09007780990664423,0.7046379445076537,0.5691544862696185,0.6173196580230036,0.5648333348193638,0.5972952793243373,0.696869171839977,0.3546868901177255,0.5012512155277365,0.6759300769235381,0.5741239853357359,0.20390341827619266,0.5295948404928252,0.020972099345513587,0.4593739783015495,0.4633767977867534,0.3981822295929148,0.3985376130610441,0.38152931367518433,0.39093208525281553,0.42961249564017334,0.48325858456559523,0.4646765248090768,0.6379331951661605,0.4518873370189917,0.5321510597365101,-0.15421823683031888,0.6294575801791487,0.2775403237893052,0.5806957669085218,0.5107423527716921,0.600878861049368,0.39799644229148345,0.6608894344788582,0.3199904526798809,0.6942682542807393,0.4527584103375191,0.5988220981538037,0.39617063781288814,0.44727026324781916,0.5362038272853632,0.43515059217797397,0.5141628805803374,0.7436528842141231,0.7610795946290455,0.8189872881412072,1.0,0.6388407294912642,0.4471269610105607,0.5825011352754597,0.592467005957389,0.45413788577356023,0.5459013525486347,0.6776790655913264,0.4672253875495354,0.30656110558973265,0.5462041636648532,0.7056670053178088,0.3524600385983183,0.3069837577683553,0.166127900685523,0.6013524227001198,0.16366161462659845,0.5538330970947393,0.5055412269592124,0.6702407452649768,0.6145395548379597,0.4684131875739521,0.4227596398790661,0.6031803337573296,0.582550158586576,0.7095598971053362,0.728612889375323,0.6643773696711445,0.6195183265165293,0.6173563097700933,0.6275696220060718,0.6422682906716083,0.689685763777929,0.16584114303267197,0.2340030357449394,0.13288871293032956,0.4513996829028254,0.6237770726380865,0.6330771881776359,0.6597611420265802,0.5191335146303431,0.5520332514678048,0.4753851044524659
ROI_7021,0.7243105771714841,0.4468500819916075,0.25178976348889714,0.5275518134925132,0.5691946383406331,0.41958235006190364,0.6936536460823576,0.7026037103006969,0.7841536373759119,0.7755268934662043,0.7311525844053173,0.6708040549388752,0.7760986722474852,0.5194269385437364,0.764312332220474,0.5834516739961637,0.6245836778994172,0.5062062327242072,0.6886114070899683,0.735809071203343,0.17528766353619538,-0.1507811168274239,0.3162708877466321,-0.32746649673873257,0.4273595425745122,0.6623822130551239,0.814373133243419,0.349332187934639,0.7786820944734028,0.5597214197299824,0.6994921824874544,0.561052680945469,0.5264021051447152,0.73033469573269,0.272908692618656,0.46305133295532097,0.7401042422256195,0.5709844423769916,0.0777614216798312,0.5038338240051009,-0.3260890892608763,0.44518975476239936,0.4538625922203568,0.37695590605702906,0.44907884377598417,0.4459816557041499,0.390020269131539,0.45197865669809045,0.44068775900662427,0.5034682802418338,0.7141524801126793,0.39467984874894896,0.41743975849159964,-0.4499051771598568,0.6390150026704432,0.07055359601454794,0.6107877926404922,0.5512352235482153,0.640461181609168,0.34999227819537576,0.6679655010669338,0.050308375255837166,0.638304292954545,0.3435449781832573,0.6451062630454438,0.2312017421595367,0.41307583511586593,0.5081388261279459,0.2762475909015889,0.435336278002426,0.7757688597275132,0.6402130851707589,0.3745524085096056,0.6388407294912642,0.9999999999999999,0.13517940673924442,0.5646815297672069,0.5972958624949696,0.39668512157522495,0.3032913723328328,0.6385895339172193,0.3786696132419007,0.12090277411478789,0.6569463934881754,0.71209016049985,0.2315273143532399,0.18699167891008148,0.08669471635888502,0.6486198028599919,0.04361431860244097,0.5100629222085886,0.505071561415873,0.7618394646822012,0.7004411561252517,0.5074490951042471,0.5513185766448103,0.6653623788579776,0.636539411844351,0.8083456994602639,0.7448982013223252,0.7844596367422726,0.7548570648311393,0.6204178031532999,0.750383694106732,0.6580368694932425,0.7134978553699175,0.111242898163892,0.3165474553679316,0.10261301641894861,0.5027577744755207,0.7610518754607593,0.7633216462681143,0.6854619819221348,0.4616980940038897,0.6423987022208315,0.5360772604319777
ROI_7022,0.259929497814057,0.18723901512535063,0.4808011489090576,0.3535639741173815,0.09340800099561791,-0.16389713409872164,0.3956110132119308,0.22288125879953097,0.0471254632032436,-0.06060680169313482,0.38092869026012965,0.22884802151431877,0.33978336964354017,0.1250356710522141,0.18335754536432514,0.18681330134031815,0.3684847210041742,0.2676888362014335,0.3303502631051706,0.24198513573926575,0.309877125329105,0.39675682418661934,0.4905228780695824,0.38254099138166886,0.3613678509885065,-0.09440209596693458,0.14380010348628056,-0.32244599767077303,0.3758069122423656,0.3839283797255964,0.29422934337347156,0.2537211650951432,0.4478695362123515,0.3173145147558,0.2815808337994731,0.36056822202327404,0.22900610670018554,0.2105034818269073,0.21267579206928328,0.2573171908236364,0.28487800868244206,0.2058265032213516,0.19898717823644888,0.14282102045994624,0.0807797133895549,-0.013715680181851571,0.10592270495695426,0.09937092362521846,0.2319495540737441,0.11439588982054465,0.2340890893642444,0.2186420044389034,0.2530416595063055,0.060099138970423696,0.21089725712459736,0.15608839497521612,0.19440223229885603,0.12135733340247094,0.2244969004886967,0.22872822389119268,0.231919125256516,0.26283815199516175,0.4247750611920875,0.2502555247085095,0.2786689968490494,0.2011156448748002,0.25543356252755406,0.30734911929603126,0.16474017748324582,0.2539186698833621,0.32226189040934927,0.23641382018672547,0.5617623654101992,0.4471269610105607,0.13517940673924442,1.0,0.401118847101329,0.4309065007018263,0.4182598080936346,0.2883804247988262,0.3724857946771944,0.2382085241781639,0.32962703318008285,0.13949425499589668,0.2720380973591083,-0.0172762547340065,0.4109612599991021,0.10623650068739304,0.2509536229175847,-0.029968657203850852,0.4352988606250363,0.29854630533128246,0.3301236015377335,0.2915122712314624,0.13270144072417425,0.3068516668659525,0.3221046223138543,0.23005070708997713,0.31416015761128224,0.4086987414128353,0.3023539789026919,0.3082553728881571,0.50539432493134,0.3858491086463514,0.442574512307503,0.4559803420177223,0.23372874680283848,0.32942096154695866,0.05522809424418523,0.28704972338884827,0.21365139490492052,0.18566329437307658,0.3035774054607037,0.2685305446540793,0.17564705597434924,0.27834197073547906
ROI_7101,0.5176331508759472,0.26810879241737023,0.578969712293983,0.5406179576648418,0.20346888738359759,0.08703746591804422,0.7035257496555192,0.6544383294066972,0.4718459350020119,0.3887804709261382,0.5744469629455913,0.48734983668381615,0.5910066150879433,0.37614636723288475,0.4378289096563908,0.41618159076520406,0.26526471361134846,0.16891537696430745,0.6554407651603359,0.4786343198141348,0.0029979740719407216,0.10069588528068465,0.5022191178354587,0.11550011602789284,0.34847753039451757,0.31059777525469523,0.4370862690909725,-0.005241308905825416,0.48333550645092294,0.27147616849891876,0.5097660767275399,0.4544116029251186,0.5993361598105187,0.6875779179826905,0.3868498581066134,0.5763355102530711,0.4838897248007701,0.3104487117187689,0.007037851659321541,0.40043314525140655,-0.253879129078412,0.08504640834738772,0.0817290129714399,-0.07077139586677864,-0.022401658482261267,-0.058312448204682975,0.10052099671272531,0.1622455298269583,0.11074900100918322,0.10631983024706732,0.3796708071417548,0.03924644591488457,0.2958656210608017,-0.306586858555361,0.38028798518512735,0.08094144926523102,0.3065211699353459,0.2676873425468144,0.45306350063286777,0.23906257463437197,0.5319480550907164,0.32925638032854165,0.5695164730607972,0.4458120031822386,0.35019554518987883,0.1380102238315509,0.408940135092163,0.33461163205130773,0.14426780006820017,0.23987852867575912,0.6586206298600288,0.7148026842255699,0.49212246063598375,0.5825011352754597,0.5646815297672069,0.40111884710132906,1.0,0.9487641955958356,0.12711131708959011,0.30079500365988626,0.42537364830496666,0.042174827139041374,0.09052501633605925,0.22978248935244563,0.42265251549451366,-0.0670868993572226,0.13217788506593,-0.019367635556519897,0.3732400651450616,-0.008731762250157895,0.5883924457592824,0.5439320713128291,0.5479312918150354,0.5446797099026999,0.40552929780208585,0.18640967721229518,0.5360469484133883,0.603403802788153,0.611670227958643,0.6859009678647898,0.502904196739722,0.5352160447736458,0.4966496119638153,0.5504306067935499,0.6462993707542413,0.6674410229521114,0.17640392001351674,0.30761587085564274,0.1406704957017826,0.48980197579026385,0.6814909041580772,0.5768075388417195,0.5051105171120942,0.3903145329351267,0.5803919783457989,0.36064572381833077
ROI_7102,0.5095051152338284,0.2746278660458965,0.4851574840275841,0.5317142343234474,0.21337800907520463,0.11669838258068234,0.6965555855089093,0.6457946137402422,0.49647253111780754,0.4200496151511034,0.5593944535243001,0.45519949690078876,0.6010534920535262,0.33524242144546096,0.47542172117146014,0.42849804484242987,0.33160209850559,0.2024107054616025,0.6063862622696978,0.49206679492669975,0.01718354888117464,0.09460770336088538,0.4795320545889867,0.06509618377253912,0.3652861260487621,0.347684573984288,0.4866180481980799,0.009488630667544865,0.5559686873702294,0.3540913172556206,0.5582468762198146,0.5014141325180258,0.6122535606069583,0.7320274104220827,0.39203592501208234,0.6221593074544928,0.5746205613557904,0.41617158806227156,0.11709695717439375,0.4617150197192279,-0.15279914933324346,0.2534804698909565,0.12075441558158456,-0.02166597421501406,-0.006131783850231874,-0.033151756941137304,0.18066748440693398,0.20209927188737767,0.12088341088951723,0.12222985281983556,0.4117393100602939,0.044226061212583656,0.31580310090780234,-0.33507808020284185,0.43215317138440484,0.11324865824760554,0.3080968737971269,0.2830749717197221,0.46004141250857583,0.2306423404790989,0.4992056444901423,0.2675504257101785,0.5639992639469257,0.38396848379894394,0.36082006040475273,0.11585591433386741,0.3893236451030388,0.36330196354090966,0.13655837005591004,0.23076078707925338,0.6519712082126015,0.6729047388946297,0.4838483580234056,0.592467005957389,0.5972958624949696,0.4309065007018263,0.9487641955958354,0.9999999999999998,0.20064925903358516,0.2987453614102292,0.45414581039778973,0.04961058080609168,0.20248585002137745,0.29836659439140745,0.45668110925731975,-0.054179674499384906,0.269568726277682,0.09234517325331414,0.42435611675743806,0.004944462191747402,0.6067406606699596,0.5742637722476995,0.5994170072554523,0.5771376315715561,0.4532095321080424,0.2755540846250798,0.5121477302703757,0.5689368635061004,0.6374227737344056,0.6960542204072175,0.5506416266252842,0.5784927870519324,0.5506785060069123,0.6067176055656656,0.6671644061859963,0.7043194036769085,0.09741110861130302,0.33046677902254457,0.0004535161233743415,0.5303052686031038,0.7403576627123591,0.5499630063727992,0.5301089726818985,0.39743138778843584,0.593030217761965,0.32183318860130045
ROI_8101,0.381647944972661,0.2626485225047249,0.2831427578035055,0.4134211059462406,0.26053488956400844,0.1560553633554174,0.3642689709918003,0.3517344027527524,0.3170423807065618,0.3695599358474594,0.5314917289581296,0.48826277646603267,0.480458657727538,0.42140542935087977,0.47451299037178557,0.5101572948766849,0.8622924184964541,0.7485152251615153,0.4497507066737904,0.4828342245591038,0.3271432434855177,-0.11190420015482763,0.4785608217198785,0.11984447029653414,0.42561259625300707,0.37398260726478094,0.3477559485613787,0.030513155109860277,0.7468877053022641,0.8612054606517782,0.658153156214663,0.5984646641579967,0.5817139762648392,0.36734286708302594,0.2503163293623854,0.2465363661706725,0.4330369862045336,0.4756562356470609,0.27894493422715666,0.27199038300318434,0.1457156545697988,0.6216079320791056,0.42317483543249745,0.43729769417146963,0.3931430742015138,0.2962545625883325,0.23486804551535517,0.20176460697867474,0.3872071394156257,0.3242434974562945,0.43499970262050947,0.48139442104146535,0.35313192406196864,0.046958688946632215,0.36716350098983275,0.203912515771901,0.38373394503794267,0.313937874326375,0.4123192841185364,0.3015671704029452,0.3507921379339643,0.13754561590421827,0.5776574384254171,0.4249908828072587,0.5907484231773578,0.38829399044934704,0.33663239530603734,0.4387512487179069,0.29414362558278856,0.2800430719212108,0.38765338512808567,0.3328293737246332,0.470078214716764,0.45413788577356023,0.3966851215752249,0.4182598080936346,0.12711131708959011,0.2006492590335852,1.0,0.5669135204812267,0.7161965862819537,0.6472881721699482,0.5574129186913996,0.5292812478924616,0.48771988839095115,0.32800729739437123,0.4836822751007875,0.22029055965477004,0.40343346973076255,0.14694665821835318,0.2667917371602344,0.2206687825295666,0.4290915471277751,0.30534617292911936,0.22556873849584277,0.5605440581547626,0.22054991232216808,0.057024723012449326,0.3982805377965628,0.41809633400128754,0.40866196244750136,0.37103079439675896,0.39830920998331215,0.4046327762815124,0.274997593457201,0.36162277924394437,0.044356554657744705,0.04102053127287158,-0.15439852245689303,0.21669107131319323,0.2204013684482576,0.23349611338628978,0.3954741240658881,0.3316978038875178,0.07526767556185099,0.3810919948184801
ROI_8102,0.46107392760340443,0.5015875594824192,0.5317838577217818,0.5706499880250081,0.24868828986064617,0.2211673419734185,0.31140908474776363,0.4675782075244111,0.19489625954983203,0.1982839528090937,0.4383069829504552,0.626465295516276,0.40727874669017755,0.6357221555444683,0.34174743156798437,0.524684247246148,0.6199889428282163,0.7231845560345724,0.514690416730613,0.4901703901858538,0.148187531190852,-0.00021694593189189342,0.4689518754085466,0.37825389056569314,0.4988662617883629,0.418133184054349,0.13525295799372794,0.14011915571186845,0.4912015071986056,0.5695373826154914,0.42495761082320116,0.46888227063249344,0.6320722844140065,0.43400575473411857,0.5326051937697942,0.417636728358216,0.3404420555408854,0.3815313068224854,0.25665389890470686,0.2701824437920211,0.1958255619106545,0.3766321111227417,0.5055924871113524,0.4654233747335856,0.3849583330307958,0.35042852718199413,0.36928494309663873,0.30715044158463634,0.40211458197061356,0.37405593684383087,0.3841342106670822,0.521933906982466,0.45283784067591837,0.3365061606879378,0.4254024693223678,0.504083993649478,0.45694240478540804,0.4546140481548473,0.5116048792563875,0.47844401267157843,0.4760752439444133,0.42398956672866167,0.5705033645187062,0.7008355119116931,0.516233828954582,0.614563725473283,0.5907171551542292,0.547450214260115,0.5272828065751334,0.3923517487309118,0.3556309182489651,0.5131198735927965,0.6099930018243107,0.5459013525486347,0.30329137233283276,0.28838042479882614,0.3007950036598863,0.2987453614102292,0.5669135204812267,1.0,0.7529331011061463,0.7554227850742904,0.64059238510111,0.5561028066476361,0.543098430297766,0.5756783140497076,0.3267776309212936,0.2942816328859314,0.30859291907912356,0.426823683625753,0.1605239847669253,0.2740365395087333,0.2662812609447764,0.21019642995147117,0.19434632365268883,0.2245159489798618,0.18819386233079194,0.1357329248726182,0.2704420553037627,0.3214264138468583,0.2581784209586103,0.18825757381747732,0.2183324481771988,0.17339414455170185,0.20434993541518034,0.26975041727722265,0.18144374617934947,0.03631001684403007,-0.012068543990568467,0.15871684496178343,0.19405663501577244,0.20329609129681364,0.30001005368799466,0.4404968578188882,0.1494562092767286,0.2444431487983256
ROI_8111,0.7656874536168986,0.6811246280549799,0.5265455120416677,0.7129133937119941,0.532495018529672,0.3478066667381031,0.6145026181617665,0.6879701032159835,0.5817607917361329,0.5532740026701826,0.7323378061432754,0.8115221584249993,0.7433121838216094,0.6827546030869303,0.7029192821917715,0.7047734788462356,0.8700962180560466,0.849722392035381,0.7538829180519442,0.7986908852744603,0.3235414341554542,0.07628062034296589,0.5184669474355105,0.12086667776356766,0.68348569596786,0.6072728390474863,0.5846596587346202,0.21117078724477392,0.8269187418777724,0.7801831411717132,0.7143055388123734,0.6241916277052875,0.7615761782662771,0.731827259845768,0.5456873100305785,0.52660732652821,0.6584589564523247,0.5849529736276805,0.29789652650602966,0.5141267590159218,0.0650447875377401,0.5652674542965376,0.7110782041593317,0.6630735310732561,0.6338186913394162,0.5985347545108745,0.5947762184926755,0.5874501764027129,0.6660266111559711,0.6422122646970083,0.7501458417776812,0.6818951913376692,0.6666851749650857,0.043976128282008344,0.7131750726247725,0.4451467609117263,0.749807435813209,0.7154454756218913,0.7881665463912056,0.626419034052623,0.7380787885309507,0.3206769861973411,0.8405246262124564,0.6777246347621254,0.7469003354114275,0.5715800927444498,0.7174892663684247,0.7608880746628801,0.6471220740162594,0.6333525308732825,0.6909973307602738,0.6421542856502996,0.5644481278025417,0.6776790655913264,0.6385895339172194,0.37248579467719445,0.4253736483049667,0.45414581039778973,0.7161965862819537,0.7529331011061463,1.0,0.8026644231199985,0.5975395348968499,0.7827732542344242,0.8219904203669591,0.5527870156836617,0.4543217187774383,0.2821929327819762,0.6338467764799178,0.34045861370755054,0.40028819353285855,0.44658058069762446,0.6382359613587917,0.5431544771360068,0.4278473777153351,0.5848690755055325,0.5446703644108014,0.43980281271862776,0.6429026754146767,0.6133359213814625,0.6253217312387978,0.5864712698988676,0.5851348118672803,0.5948246044665899,0.5494061435137547,0.6108092634022284,0.20087019512878568,0.2645643131000386,-0.005492831336162315,0.4366384403716397,0.5387810761637433,0.5229644528073262,0.6459930462564611,0.5887423911711941,0.3940457675595686,0.41594288984790007
ROI_8112,0.5613894188906116,0.6109770774526891,0.4342444602236323,0.5899052930061701,0.5293420170453916,0.4318549283358482,0.32736909635805317,0.4869850445375704,0.35460368294715,0.3634669805383135,0.4963269283196792,0.7040625309096183,0.4894634207378659,0.7249091607622539,0.5125738644287994,0.6492883824060706,0.7613181808221041,0.854666616334351,0.5304251251111312,0.6088306813107746,0.4268735863887154,0.10270379596019058,0.40080466413575494,0.264106240006264,0.5973910981602052,0.539464290021406,0.3011144846576259,0.29005010543236914,0.5869088700278096,0.6693449485038325,0.48099962469233704,0.49030912243338776,0.5704184793273959,0.4458779031551425,0.5164775927908395,0.34658178322465694,0.3954140152302439,0.4303256902262267,0.3313483491210141,0.31658407865874966,0.2215059566955441,0.4930343669336352,0.724051008898225,0.7220923103305754,0.7066084987627461,0.6506152008846735,0.5452529083433643,0.49904584428449456,0.6529170691729741,0.6206105110015449,0.5824839318480861,0.7530505041289512,0.5698088891672232,0.31331234129099056,0.5534054632399766,0.5499569245405646,0.6292965513595862,0.6237914465654786,0.637897386672166,0.6460662223058791,0.5606878473208258,0.40434642169787993,0.6008223173849685,0.6160205212736308,0.6884094717638644,0.7349137891294019,0.6392118902250141,0.6668940556761941,0.6526211785355942,0.537781502628597,0.40279009215258,0.4170990980939806,0.4929089335697261,0.46722538754953535,0.3786696132419007,0.23820852417816393,0.042174827139041374,0.049610580806091674,0.6472881721699482,0.7554227850742905,0.8026644231199985,0.9999999999999998,0.6518948783810297,0.7656671316158328,0.6738437973620296,0.7649100950972142,0.4074168361744966,0.39086361670934355,0.44910698298533996,0.5008558808019081,0.1715666206427865,0.27519356119810495,0.37191838583878634,0.3095143124949297,0.18442821712335342,0.47213699716152735,0.3212796922994923,0.17572480854315095,0.3532014149649157,0.3451579064676403,0.4124518076668049,0.33994954221164625,0.3698832144811547,0.320040505742418,0.2565985755301223,0.30790294700156,0.278607282046658,0.23674532618183916,-0.003904645908937392,0.2209400545219577,0.17353346204048264,0.24935698354818672,0.38061487814901573,0.439467740355549,0.09957456490835577,0.2477662363556894
ROI_8121,0.25743025115784957,0.37173167566677634,0.3440050857898366,0.41905772475693615,0.18836251131145143,0.2231533091761481,0.2157898479829829,0.3114959582665233,0.09038964648284162,0.08273691661289514,0.21166099059274177,0.3935068847366732,0.24628251962182332,0.4076883892915083,0.2589641630819212,0.46676771400440065,0.5394826863304533,0.5831570730109034,0.26249532785727686,0.31332837921476586,0.2682906639072786,0.14666229837873898,0.4205801387226571,0.4071252612286076,0.3997071127035079,0.24810057224942347,0.02374470002384595,0.07552465220106927,0.4248818450769615,0.5879779850531361,0.36392784561158537,0.42054907961007476,0.5340124289529852,0.3433469840925165,0.4353804296456641,0.32408025467025237,0.3239784707655614,0.4312954387030077,0.5248131888933463,0.23912044781388095,0.5152072483653954,0.6196891662202109,0.4011829300730425,0.41962475422467804,0.2600857706491784,0.23526960357172216,0.40844871338022004,0.24626782370489653,0.2841204507370306,0.23444054091291947,0.25817149574034987,0.39037232256788024,0.3924748935016185,0.3508878164506062,0.324012750316765,0.5231202438072042,0.26903996071055436,0.315198275730608,0.3573363265937585,0.36936960159133647,0.25630650874526995,0.33411564191920207,0.3830163812967978,0.45247721879863356,0.3452689036123978,0.4479626255083457,0.4116528829939017,0.39063809228287744,0.4148678537828073,0.24903651914798006,0.1455092356851565,0.27390586944001416,0.4632628210882984,0.30656110558973265,0.12090277411478789,0.3296270331800828,0.09052501633605924,0.20248585002137745,0.5574129186913996,0.6405923851011102,0.5975395348968499,0.6518948783810297,1.0,0.5528951492937079,0.4056229032326406,0.5290827798936872,0.6116756886388299,0.5511306109202948,0.22063904157075392,0.4042751526739086,0.09696815165967429,0.22140799430717953,0.14664714597344283,0.07746417282938294,0.12991238779681058,0.3462272360472873,-0.028980690037033977,-0.1267889796328558,0.0992418458552705,0.17457564022392041,0.1235187154900367,0.08973481540387789,0.1669530857006665,0.10497309626828905,0.062066603664982296,0.14450934810755714,-0.02659412048901097,0.11368651739973074,-0.42692009470426884,0.11851763871047191,0.07513904616487943,-0.12065102427888143,0.1080944917986463,0.23848042342527775,-0.06970452921863665,-0.029919108463690964
ROI_8122,0.7208917962402205,0.6688897400785025,0.31791941723886646,0.619988363283525,0.6926917319003252,0.5688353020879925,0.5055240747420996,0.6225715884615534,0.6430614642154204,0.634880421694126,0.601795204191353,0.7226982948741193,0.6645251815595785,0.6555317235671063,0.7300349947192677,0.7200309642114167,0.7537670719099542,0.7686850850124105,0.6127325658984234,0.7539428985774141,0.39883680121975545,0.106398180266633,0.3391842039699215,-0.0600816874847149,0.6556616930030968,0.6885927327532325,0.6457150366903562,0.45817910287752744,0.7233627528036043,0.6867391982595252,0.6155361367900875,0.535288945170821,0.5640859224898818,0.6527903068944205,0.5177606393358755,0.5044411148982434,0.6535955268186421,0.6032282216100506,0.35161021890929595,0.5107277742904401,0.05685301054251335,0.6477449088379418,0.7388048950939177,0.69927141084434,0.7138691856056432,0.7088907951225264,0.6925424684909456,0.6590353864984168,0.6831190079947832,0.6962387839542944,0.7620900404894196,0.6444316534485617,0.6175323910575286,-0.06930301699818107,0.7544686483793264,0.45025163393059636,0.7389947509313742,0.7323072163420149,0.7583814291300319,0.6048995612010075,0.6478799651312769,0.1414276234011243,0.6485709010398419,0.44747212526728836,0.7058577770285136,0.491599501576276,0.6095857601241188,0.6954741956178627,0.6049014889200689,0.5971337657829083,0.6265614412823958,0.5264921513818551,0.40318730060000213,0.5462041636648532,0.6569463934881754,0.13949425499589668,0.2297824893524456,0.2983665943914075,0.5292812478924616,0.5561028066476361,0.7827732542344241,0.7656671316158328,0.5528951492937079,1.0,0.791045815332214,0.622770597416645,0.48632575531342903,0.48405260993172655,0.6702350989185432,0.3941926167935288,0.35640264764790625,0.481261414760848,0.6175552809990619,0.554186670706147,0.4099961210340108,0.5984381255131492,0.5164212086705312,0.44775569150886907,0.6235315655808739,0.5471109989832564,0.6840460684503775,0.6194747446482056,0.5765117518362505,0.6004704938486058,0.5044033764450081,0.5618637319080801,0.2570654980205884,0.41503493219674403,-0.11788729086570435,0.4277131062334421,0.5500611750599096,0.4920534750663735,0.6017684124269324,0.4397678909838565,0.42895741152406186,0.3300184759218918
ROI_8201,0.8876933980518384,0.7344347950787715,0.48762406339197806,0.7449703448463691,0.7435579977573427,0.5355331196090368,0.7481334602953995,0.7802964099909949,0.7955696539585531,0.7351581697910552,0.787535434246606,0.818311172898507,0.8621203917731669,0.6789440802992427,0.8756497973665686,0.7492330063865057,0.7335433962630673,0.6893849937596592,0.7695780784104782,0.8666286798517158,0.37186922738181855,0.12901618643389642,0.48712868898576106,-0.03912659448759239,0.7128950049445825,0.6935816469375695,0.8041158102385949,0.3514127165331978,0.7777231250368336,0.604872874294431,0.6839028791662096,0.6010069505333827,0.6524131970703031,0.7818225552026788,0.5608309384825906,0.5084913212469738,0.7671189171322275,0.6719820018921485,0.2922447593366831,0.6600217026395568,-0.039018554893444524,0.5895990907172421,0.7773288414308499,0.7186152106976798,0.7217098936958612,0.7075967933630256,0.7083819085284694,0.7311005404296934,0.7657816211268059,0.7704909139690178,0.8884758712697729,0.7044887486972641,0.796553766830884,-0.07396984665630431,0.8583010031963475,0.4654186920749374,0.8097059932798459,0.7750451170321325,0.8439572144305973,0.615307780230469,0.8558175954115926,0.29419763979097413,0.7854129108912627,0.4713979971495314,0.8695169000796562,0.5804754759773249,0.6812533286604932,0.7558354959162076,0.6488505685873052,0.7128592692282704,0.8206281342241666,0.68373217991936,0.49159614882537284,0.7056670053178089,0.71209016049985,0.2720380973591083,0.4226525154945136,0.4566811092573197,0.4877198883909512,0.543098430297766,0.821990420366959,0.6738437973620296,0.40562290323264066,0.7910458153322141,1.0,0.5789928066004222,0.4759421200429939,0.3793179783282777,0.8406936670992143,0.40410814297868636,0.5617983694135388,0.6218122957044603,0.8177031420058538,0.762776971878513,0.48046335500598764,0.6150896422763809,0.6836939736308637,0.6164854075962778,0.7943533844037389,0.7539336431564414,0.8011192688648859,0.7736905359949082,0.7217046907306991,0.7677331005069334,0.7016077817568549,0.7620983753976415,0.2666123517939063,0.4020812738128849,0.08381971439975576,0.4942007279872715,0.6641453275020588,0.6826700956568107,0.7813281541147765,0.630366810613088,0.5705519990159207,0.45377634151016816
ROI_8202,0.42597136373116595,0.5751322523419602,0.22271151992932445,0.44691639638938785,0.5017405413443315,0.5254462234364793,0.1597518521350899,0.42692482707239415,0.3069488129270828,0.36411616532099716,0.25596906452607443,0.5480239590756487,0.26771010425496183,0.5871022253421007,0.3916038801849977,0.578142395439005,0.4525177442957332,0.60849186360027,0.34468254707271434,0.45457312703571057,0.1923354757513492,0.0376992161271354,0.17844416838161312,0.18821510068537323,0.4086856111301204,0.49470259700115593,0.17994845768321663,0.4364698707387808,0.3389285405108098,0.3851464153244363,0.23621848723982655,0.33014211970135954,0.34570254255368044,0.334110809929062,0.4217904330427894,0.1987389192254884,0.33111234061973144,0.432648295867876,0.396382535785606,0.3824075045351572,0.2665808243160198,0.3774904601349748,0.6475578442965574,0.68603805530871,0.6216703936669942,0.6313206195658074,0.6176022847039715,0.5708140499122372,0.60338400530392,0.6217736124064928,0.4994717497321854,0.7713068588363872,0.5741155999645106,0.46581041135143686,0.5857358221404434,0.7356487334198414,0.5156920254947326,0.5956505354231992,0.5257149848739006,0.5624450069850969,0.4994668534685851,0.46308522401532215,0.38296132564347224,0.5167957915022785,0.4872983704169336,0.690632663319757,0.547665096463066,0.5206460630820766,0.611810812070702,0.4607625745810137,0.23665645429051166,0.34822104331583986,0.36568444834045205,0.3524600385983183,0.2315273143532399,-0.0172762547340065,-0.0670868993572226,-0.054179674499384906,0.32800729739437123,0.5756783140497076,0.5527870156836617,0.7649100950972142,0.5290827798936873,0.622770597416645,0.5789928066004222,1.0,0.3438650577041488,0.5166325663532951,0.42413408685360915,0.7452121032482357,0.10979766396554394,0.2944869253366441,0.2451047273922648,0.21249842903817054,0.13282147611292516,0.20613265025404406,0.14953528387763054,0.08152277123637014,0.2306621523127076,0.21324905233633581,0.2627270508522326,0.15718649532454765,0.17288227016091143,0.12452819475164276,0.11295135205837549,0.1570879754222183,0.15808956637137597,0.09436626459473106,-0.06231369196828001,0.10190842654709391,0.08065189285296331,0.13319741002793728,0.2864237573792228,0.40442430276446273,0.06969185384236277,0.11410559254943893
ROI_8211,0.3184392630806771,0.35073807949395003,0.2015731382111867,0.3629411229511531,0.30379435201998733,0.21582500496874746,0.30746674846904487,0.28592229798537944,0.2502424379321871,0.2162726052046778,0.28922620434011737,0.2966824422943481,0.36047534572032064,0.2714585430931506,0.3559760361343487,0.36676857925130574,0.4678485202999332,0.44205615871630527,0.2520831326232082,0.3940573905933,0.31584561368626746,0.3330403436494594,0.37438170906386964,0.17955364084270922,0.4140723154096148,0.18726639303436873,0.3152071379431965,0.030089903868369752,0.4487707713551477,0.46491413165417705,0.387164964249432,0.3914185993499487,0.4141800124600775,0.40646884206662803,0.3096228017486946,0.2999776918544645,0.42802926011642434,0.4559084533650086,0.6087762429282746,0.4708109588694869,0.3708602694509423,0.60773379285904,0.39953580398526645,0.3933818119189698,0.30819134215898036,0.28254460664293013,0.4348735617740428,0.33149542187965825,0.36267538196279064,0.32682276898039525,0.3950654529067018,0.3725583744370245,0.49276387426504736,0.16926295112911266,0.47308318360757673,0.42053140638884967,0.3359470782153346,0.32115362432617656,0.3480703707801148,0.2924488991356314,0.27026257351637667,0.13969782555652788,0.39259684535959916,0.14664276825965844,0.3669553584549985,0.26664814322380015,0.28327267831171793,0.38717224816835294,0.32865913337028047,0.286763891258214,0.32777864286975084,0.22262230836527644,0.3728220402521477,0.30698375776835535,0.18699167891008148,0.4109612599991021,0.13217788506592998,0.269568726277682,0.48368227510078743,0.3267776309212936,0.4543217187774383,0.4074168361744966,0.61167568863883,0.48632575531342903,0.4759421200429939,0.3438650577041488,1.0,0.6492621897070584,0.550644872256268,0.3737481815113334,0.4268375729670992,0.45425182617216064,0.41781623089795666,0.34230761819660543,0.17672740861471312,0.4742161960551287,0.1335297443320877,0.07007144870491945,0.29030590019870167,0.337638609546022,0.36321331965832215,0.34010327189383766,0.453260387597415,0.38617706833881205,0.3538886862986969,0.40525898970874685,0.08338420294727612,0.278325625457397,-0.45011008248536977,0.30209859876362694,0.2602544537906053,0.028205508142709192,0.35305861565245045,0.40891358559771435,0.20835231676073498,0.10641393175734655
ROI_8212,0.23344037703895665,0.3623763079188799,0.13906914220277866,0.3378877577505066,0.42670847666658324,0.4860090823885775,0.12675237998674233,0.26452504669871213,0.2003910444511812,0.1794705042611228,0.0715350347325588,0.2408578646442897,0.13582570245432604,0.33138329347735385,0.2785744803479173,0.3724937728333585,0.2621612440143127,0.3163293232649533,0.1390344989664831,0.2799872807245081,0.300478011396314,0.35030623555849955,0.24048608182225564,0.22094739564655694,0.354633882972169,0.26800253682022007,0.16271344832157042,0.33785756029297864,0.1789009706089223,0.22577228658108603,0.15746657387193672,0.26729712468451067,0.24922747698223735,0.27009249587729145,0.3524429717450623,0.25495334098630174,0.266647615544926,0.3119113257657206,0.6105007324137223,0.37124042362425774,0.39566074492459463,0.43460730954181886,0.34040797636848924,0.3228939435872149,0.2803686208953856,0.2951435048463045,0.4222484527275394,0.31175805336013246,0.2879933599435966,0.2729085271593546,0.2803453322947581,0.34578577109278164,0.4065900183434574,0.30111239515316424,0.4147292835273546,0.49586072102833373,0.30054030625282413,0.3027839389531703,0.29618623228193125,0.3054274862896696,0.18775805859574402,0.23913219017324128,0.2196948867523622,0.18255843673860517,0.26616348316906663,0.36536725800810366,0.2757511623180514,0.2858627331487986,0.33279738103539,0.23475897996866263,0.15488920402209994,0.17445926847932136,0.26090908511632677,0.16612790068552302,0.08669471635888502,0.10623650068739304,-0.019367635556519897,0.09234517325331415,0.22029055965477004,0.2942816328859314,0.2821929327819762,0.39086361670934355,0.5511306109202948,0.48405260993172655,0.3793179783282776,0.5166325663532951,0.6492621897070584,1.0,0.4560542936382678,0.6118140159405722,0.20510609589758397,0.3165994804011092,0.20033780609369875,0.18883610581736118,0.059774420860495996,0.20850913076071848,0.03660717405108569,0.04094709936244989,0.11302158212764475,0.1445073132539963,0.1665573598402042,0.11775102959904202,0.17110638017706595,0.14719146429255536,0.10709075309311768,0.18140321073574625,0.15884905233290275,0.29730202950897944,-0.2787392935179287,0.12389944600807457,0.12914210337249746,-0.04546516228484172,0.13926992577835975,0.2683817079031161,0.06932643695721787,-0.08617505697328806
ROI_8301,0.7312378635280427,0.5724828707750204,0.31829024661832744,0.569901875341438,0.7434803641981463,0.560993986449169,0.6496308981553476,0.6359541987823233,0.7613851114526395,0.7216836526381932,0.6490945412629958,0.6261911237395725,0.7351203990449215,0.5328054028944329,0.8210041951814698,0.6571023298847862,0.5828778352761167,0.48256452532053423,0.616548948378263,0.7328978338598159,0.38641678011029834,0.2511111402924484,0.41586248637385537,-0.11806308491176154,0.567913070559256,0.5680393888270321,0.8184454158178703,0.37972331288136885,0.6747068617607096,0.4799258861082872,0.6022425826256603,0.5325935796058706,0.49138956586769683,0.6927960460290419,0.3865143837466149,0.41193975892640844,0.7609590163057287,0.6909548895213147,0.426005829531364,0.7565494140008602,-0.05583208658732925,0.5459669243784152,0.6382329193484367,0.5440527663318049,0.558137201828833,0.5680170853365739,0.5912108928255492,0.6144477962084344,0.6449573900425253,0.6524484267416847,0.7836661343159931,0.5890172412632536,0.7435507926832245,-0.046201449387041404,0.8571969499384415,0.45259195382318584,0.6707904898402779,0.6020250837383968,0.6577655498463288,0.4100433880806534,0.6905805250156933,0.13782712407462505,0.6492183558558339,0.26235023642789373,0.6915711556866867,0.33051463674772646,0.4552143858745868,0.5568881902324433,0.4412260657149297,0.5392873574525313,0.7920845352616789,0.5775175829213138,0.38996827109149956,0.6013524227001198,0.648619802859992,0.2509536229175847,0.3732400651450616,0.42435611675743806,0.4034334697307626,0.30859291907912356,0.6338467764799178,0.44910698298533996,0.2206390415707539,0.6702350989185432,0.8406936670992143,0.42413408685360915,0.550644872256268,0.4560542936382679,1.0,0.46667719324465756,0.6958579950518141,0.7290493969003421,0.854218754827439,0.8057514797833771,0.4973917387722286,0.6044465546373465,0.6311221398783717,0.5789317721935635,0.7443500687569055,0.7285534047508265,0.780418051267846,0.7378757576619189,0.7281877162684686,0.7510563451852482,0.7185827684060728,0.7650320517495461,0.2690845083368867,0.42313468942848886,0.06832681628154454,0.4865830855931089,0.6474904977836441,0.6534846893040267,0.8004671598457799,0.6595612583583984,0.60717946769504,0.487807581636863
ROI_8302,0.24341424391537278,0.40264497384896514,0.22757370458074025,0.32809057877648096,0.39797089297272153,0.5145211592224629,0.028784649716141964,0.2623962068430176,0.1876352090511809,0.2381701454071884,0.05425523823532175,0.3430869264417859,0.07776835630746612,0.4873549822840852,0.25656497401054845,0.4917232244530667,0.2140355384139694,0.36427531196521046,0.23662332629987365,0.2707153152652272,0.12060001529731845,0.18108970900343255,0.20717587283279895,0.293594007389556,0.31423907451013683,0.3755961370721393,0.051893370081688005,0.43087959758574057,0.10040812014328872,0.1250952201915648,0.0999835179877034,0.2515216192795761,0.2867589244547492,0.2472318077237129,0.42443201382109164,0.18962845305310191,0.17503412999742746,0.3185381613830398,0.41175472839472305,0.38590249309622865,0.18136401267844793,0.19776601510371705,0.45443640781130884,0.41889189977296903,0.3203528500715575,0.3588894992474845,0.4245321961665409,0.3912409115133881,0.38097561499978744,0.40733851201232807,0.27435555372860193,0.5584801574019492,0.5221488456048534,0.6572028572978422,0.49848641773495356,0.8157411612112379,0.3238864917721417,0.3876423845900562,0.355651292565266,0.38247447490116454,0.33148697949818046,0.4531257294775222,0.2467755244173866,0.4597755007372951,0.3069305983553636,0.5236765861051822,0.4410193994410778,0.3366858111820264,0.4470651927638085,0.2642465690141016,0.1528406514640096,0.30605826969912275,0.23897314574887338,0.16366161462659845,0.04361431860244097,-0.029968657203850856,-0.008731762250157895,0.004944462191747402,0.14694665821835318,0.42682368362575296,0.34045861370755054,0.5008558808019082,0.4042751526739086,0.3941926167935288,0.40410814297868636,0.7452121032482356,0.3737481815113333,0.6118140159405722,0.46667719324465756,0.9999999999999998,0.198029972308824,0.44118169779636496,0.18078839546802042,0.1960676844699959,0.11847034853070068,0.01593513681365827,0.021519617413389723,0.009419431197872141,0.0961715006113561,0.13891834683690468,0.1256132295372757,0.03830663756359116,0.08189676138816619,0.012491459980394925,0.07986975939883093,0.11397638791963201,0.23934450910373212,0.0953254060015312,0.02124108405621027,0.013008883810541674,-0.00915029285815348,0.04714852252071713,0.20456826157735103,0.4474064868743727,0.040351007033890114,-0.0037630356753596017
ROI_9001,0.5277993782149577,0.2735655000834142,0.4222024401479621,0.510605450508196,0.41740544867245083,0.19598270804024567,0.7017109023197017,0.6130739726603706,0.5367039082719578,0.5218521857396081,0.5842729165958358,0.4595990118225547,0.6477892030871212,0.3785486346116629,0.5655485540374383,0.4944063297920544,0.35987372098413245,0.1936298250913592,0.5716975572938974,0.5314911079300787,0.2924441242572936,0.26686004919556827,0.5002793991076808,0.07427912468105215,0.4027377221226682,0.29143066216969027,0.6155892984598369,-0.03494977993706955,0.547642962169727,0.34724507165637436,0.5245538526150149,0.48748331775846,0.45661037553822054,0.6014947075635892,0.27002056424066834,0.43106245795337556,0.607553789642651,0.55241813157374,0.16895150859899213,0.6373077528496427,-0.09263548012209355,0.328405147526278,0.2817709115969335,0.17085840575667377,0.20309033034979723,0.14555438837556234,0.2703256305353904,0.31143174610913676,0.37394997556240117,0.32976413624740525,0.5338839301204679,0.3035904627275897,0.5269126256133496,-0.17201595621782978,0.561640199658495,0.26646401897045213,0.35406112563902487,0.27527063193721757,0.42937244837219696,0.2293784097548851,0.5180739936299121,0.24665970099246115,0.48018059545461655,0.15615025365377713,0.48470733910783337,0.16552401004055914,0.26746910820250946,0.3432670669386747,0.1662594749625295,0.30016342924200373,0.6971001430209709,0.5809057338539158,0.42561313071036166,0.5538330970947394,0.5100629222085886,0.43529886062503637,0.5883924457592824,0.6067406606699596,0.2667917371602344,0.1605239847669253,0.4002881935328586,0.1715666206427865,0.0969681516596743,0.35640264764790625,0.5617983694135387,0.10979766396554394,0.4268375729670992,0.20510609589758397,0.6958579950518141,0.198029972308824,0.9999999999999999,0.8215081862355201,0.8239552150322166,0.8319510936295125,0.3624737644792733,0.4002324627852627,0.5267056763767357,0.4992942023721046,0.7003301355644678,0.7639015178897178,0.6922233614521179,0.700474535425544,0.7665213670315987,0.7305716555886776,0.8031689833404473,0.8065684599215941,0.3313898954949825,0.470492956267565,0.023929210091458365,0.4850828754590757,0.6317481442167616,0.5663741641437824,0.7205412062912919,0.6012827334162695,0.6728030029192701,0.517574029221198
ROI_9002,0.5268551891619284,0.3542990328600211,0.4287786770742363,0.49029930538402416,0.5360253320072349,0.3993717641422052,0.6262875708882389,0.5724723194553718,0.5944058015051016,0.5699631911528422,0.5270902236240698,0.4688729507750664,0.600676026219175,0.4467295065844639,0.6289033711494088,0.5865352238184125,0.3466761449566045,0.2701377364169697,0.5294152805099326,0.5159377484859687,0.1559460796237728,0.19386795307492746,0.45759061250911653,0.029169798634011177,0.463646913371138,0.4245148430942086,0.5783327932223055,0.2171370903550222,0.49951135460778145,0.31409669659640155,0.45925094764370683,0.43205490419833215,0.4489854120053532,0.5747110340882821,0.3753504703525389,0.38941667393141066,0.617774952269391,0.5752680943187953,0.2927942252941742,0.6772827954087541,-0.06931987171859519,0.35420258141644057,0.3569775628561095,0.2435349077461687,0.2229330743007464,0.2156253724488447,0.3662162073285449,0.4038944880857552,0.3798384991202393,0.383520708769429,0.5326158668879356,0.380115687607853,0.5941959222958291,-0.015779133361599015,0.6575820100024068,0.46804624743283396,0.37106394596095765,0.3517996865159719,0.46152494320483745,0.2519807949006936,0.5330171978018335,0.22516185305599115,0.4711481799478018,0.2732945895738423,0.511390850440783,0.21158335995747002,0.35051458589095313,0.34036782230268203,0.26385636906217114,0.3141091826647925,0.6527043633259026,0.5924504040163018,0.3931269395094692,0.5055412269592124,0.505071561415873,0.29854630533128246,0.5439320713128291,0.5742637722476995,0.2206687825295666,0.2740365395087333,0.44658058069762446,0.27519356119810495,0.22140799430717956,0.48126141476084794,0.6218122957044603,0.2944869253366441,0.4542518261721607,0.3165994804011092,0.729049396900342,0.441181697796365,0.8215081862355202,1.0,0.7460512340302531,0.7648212851042642,0.41522183683974795,0.37110235855417784,0.4764915842268545,0.46967205104249654,0.6439027701216107,0.7246430589734807,0.6415028065425545,0.6102389894190177,0.6252538998263043,0.6179988232950373,0.674480810711563,0.7119929315320287,0.24905299770628775,0.460194633617756,0.012823719719326193,0.4575740022974943,0.62127339586715,0.5516386778099741,0.7001584193200028,0.6277253302952708,0.6418142162156291,0.3975150038479765
ROI_9011,0.765422430789646,0.4982427862481967,0.358997904287698,0.6114913401865045,0.657089288575087,0.41241481177878636,0.7797464502540815,0.7124660300069472,0.8066023940094438,0.7767707875804771,0.772321801145573,0.6553537379819934,0.8445116605423809,0.5074996909037899,0.8372818924711843,0.6432353457059028,0.6344511522738395,0.46455194713426734,0.6986867741666035,0.7713668097903501,0.35468279436737554,0.12735943252088086,0.4475039431533848,-0.17118439431030122,0.5791415907669717,0.598425238660986,0.896806978411892,0.22035103768932024,0.7951393328233074,0.5623415137800086,0.7288898576699525,0.6165892910568744,0.5784479635175854,0.7836859126644559,0.3742763871457427,0.5021343076144422,0.8097396054314511,0.6914920797477901,0.2071750655294942,0.7230067154381444,-0.17368379770765952,0.5355755919103957,0.5480573486538812,0.45534853365699507,0.5094139552586874,0.47341528400642247,0.5011069849914811,0.5609733048211495,0.6082602324379252,0.5941548928673785,0.8105330671630528,0.4911186535388389,0.6470071320979485,-0.31977824944850536,0.7711036434817903,0.24832500736718346,0.6404161200569647,0.5583808220339977,0.6730701021507437,0.3783631035834815,0.7100021260395516,0.10448254480202283,0.6870758398015974,0.25224101677834965,0.7362208430225518,0.27104561146441725,0.440250667523292,0.5727980126367932,0.3600537105782615,0.5158535803461319,0.8736364644352268,0.6465345748155213,0.41261521062525325,0.6702407452649768,0.7618394646822012,0.3301236015377335,0.5479312918150354,0.5994170072554524,0.4290915471277751,0.2662812609447764,0.6382359613587918,0.3719183858387864,0.14664714597344283,0.6175552809990619,0.8177031420058538,0.2451047273922648,0.4178162308979566,0.20033780609369875,0.8542187548274391,0.18078839546802042,0.8239552150322167,0.7460512340302531,1.0,0.9645659504822922,0.5445936165368939,0.650887134289306,0.7317550559850238,0.6644009589555018,0.8771374244632216,0.8457990154541691,0.9251333344631576,0.9237707167961449,0.8949134710944034,0.931323847009145,0.8957479788972237,0.9304234100074852,0.2699473107930333,0.505874664742175,0.06158922195051463,0.6101000151140851,0.8088304429686128,0.7800042548838476,0.8780774798072216,0.6423971660142566,0.7295845614218912,0.6057362708584725
ROI_9012,0.7164866397600188,0.4527186571470483,0.3411533205202135,0.5401769258899943,0.6642786124231289,0.4357633763974356,0.7417481832478706,0.6605430302915956,0.7765403527458373,0.7402973388629015,0.7221636017387894,0.59324453235324,0.7905183421973264,0.4707990634232663,0.797001955107218,0.602766990850132,0.5258626758659649,0.36587455555048964,0.6546340917500035,0.701971100470044,0.3692790457776988,0.19307526375559442,0.3943530580748998,-0.1868689920219526,0.5245557014944532,0.5491295780839425,0.8539093529901527,0.24048998033372704,0.7018324892411943,0.4543040100568678,0.6350183439044401,0.5411386615068786,0.5043320039258362,0.7276336799020838,0.3373356021226759,0.4583783348044111,0.7422746816481567,0.624943063913391,0.1638884580450389,0.7004183356739574,-0.20504953666563522,0.44543539330745613,0.49981161437580923,0.4000862191465216,0.4557708518662911,0.4324083951933389,0.459108786762559,0.5323387328411495,0.5645376250649164,0.553823357967373,0.755689655836628,0.440216743174529,0.6133247053477169,-0.3015961869427287,0.7212114596764055,0.24863240088288543,0.584468668029216,0.5031005222713198,0.6150968881559872,0.33725616745476517,0.6692506250362467,0.10222079946666147,0.6046561633465874,0.20693225255175995,0.6624201865255231,0.2096658835130626,0.3893717395707189,0.5084934470317621,0.3060560425695057,0.4646778797551473,0.8316055403614284,0.6118663574610196,0.36795113371927046,0.6145395548379597,0.7004411561252517,0.2915122712314624,0.5446797099026999,0.5771376315715561,0.30534617292911936,0.2101964299514712,0.5431544771360068,0.3095143124949298,0.07746417282938294,0.554186670706147,0.762776971878513,0.21249842903817054,0.34230761819660543,0.18883610581736118,0.8057514797833771,0.1960676844699959,0.8319510936295125,0.7648212851042642,0.9645659504822921,1.0,0.5167964233758223,0.5724518786197481,0.7159100182721359,0.6532482212157733,0.831243374696866,0.8084860984501734,0.8915566669006199,0.9080890185708456,0.8738232510132088,0.9066684076301764,0.888068660046157,0.912411411175976,0.3312469683100377,0.5675521701896812,0.12488693925634586,0.5962593824073084,0.7714834552623562,0.75937081373193,0.8150324833518706,0.627422217862253,0.7254506307264458,0.5478318750065931
ROI_9021,0.5191787223782561,0.39875801743969214,0.22448337897212112,0.3850905625739745,0.32906084357211784,0.19910211724532173,0.47315276693454966,0.44231416832306963,0.5022225119416736,0.4951301230105001,0.4142710200173818,0.37951930234354814,0.4924418236273497,0.21907789436811048,0.5157606050648652,0.4138488821277627,0.37919283862674996,0.29721337387164076,0.4475977070549931,0.49413476858100847,0.06684935726225859,0.06348679518392603,0.1831908059809085,-0.18538711856593884,0.3146166557872861,0.38123969353364806,0.5554791964655174,0.16435321537128225,0.52168789865291,0.3816093402019695,0.4128767087269648,0.31153663381631225,0.3435579467860003,0.5679194469859099,0.26232302647268385,0.40140068162007025,0.6107688543469765,0.5444612330798336,0.173262225371945,0.5426243290845738,-0.044157524799812664,0.3434979263617342,0.41682946263352666,0.3289747493936719,0.29853465902806936,0.3265535632669627,0.45281086407168614,0.4783724050994373,0.35036801768817893,0.38704150827410927,0.5417600117181186,0.2545956543737444,0.41499568844341317,-0.23188445221392587,0.5630957049119626,0.2424802336050468,0.46021464517037936,0.41513030720802996,0.4671778467329631,0.22061059818360854,0.42949256544522113,-0.012515609428143924,0.4313636546425052,0.1937718177329991,0.3666183596995415,0.06750382899055092,0.31144388777901033,0.37822122780421175,0.3117385696600956,0.3845938052408214,0.5249823875824531,0.4444188567698193,0.2639723571041051,0.4684131875739521,0.507449095104247,0.13270144072417425,0.40552929780208585,0.4532095321080424,0.22556873849584275,0.19434632365268883,0.42784737771533515,0.1844282171233534,0.1299123877968106,0.40999612103401084,0.4804633550059876,0.13282147611292516,0.1767274086147131,0.059774420860496,0.4973917387722286,0.11847034853070068,0.3624737644792733,0.415221836839748,0.5445936165368939,0.5167964233758223,1.0,0.4640102393415596,0.599906912299255,0.5963230239625414,0.6065101326334463,0.5672462876101902,0.5455061553289635,0.5459387760853139,0.47394616434525955,0.5370626049441662,0.5650168338427974,0.5827714003523068,0.07469929676958044,0.25170874956007055,0.1776419651097783,0.5376816991196595,0.6325601365340991,0.5872250664943456,0.5336512763925585,0.4212621873151695,0.6047630871736209,0.3354992379397546
ROI_9022,0.5576742202214219,0.4108038388984692,0.1565583856944011,0.39478476712982635,0.5338930100386744,0.34745865777606394,0.5055410588690568,0.42084530452721375,0.5585217073298363,0.5262683626036353,0.6105564841355623,0.5016287434133196,0.6467693476086027,0.3997283172421442,0.6432323934423818,0.48778786767146026,0.676395654762358,0.5473648275631404,0.460859384768283,0.5890668300386406,0.47687286539408136,0.18342015321201932,0.2903454828387339,-0.16864757235958305,0.44996331560345315,0.3867610480912753,0.6768001813441623,0.2071964448157948,0.6980040401413148,0.6497467817292061,0.5954688253086151,0.4683276793908954,0.44859611450922526,0.5446172249656089,0.21952618643187,0.28888522516204757,0.5885030371377488,0.5403185089783891,0.25657377914237245,0.44512014478330014,0.09858574532615667,0.6366320636286852,0.5408657489677063,0.5176580819707758,0.5361313179020141,0.5055717361995629,0.48079997823027254,0.44686651855676457,0.5187402083436158,0.4965360665780616,0.6480304620594587,0.4148012469751401,0.4437502983714105,-0.2527812734280833,0.56154966266342,0.14854261409803643,0.5515485802058119,0.48549678803119484,0.5319654174694846,0.3812038134087134,0.4754793101914347,-0.037446549388273055,0.5737699478146214,0.170203114294264,0.5823212554356942,0.21389425585378535,0.34833482586092374,0.5060279427431841,0.35441461266435265,0.4511840403616229,0.5797714666076035,0.2910097974033427,0.24800093770311757,0.4227596398790661,0.5513185766448103,0.3068516668659525,0.18640967721229518,0.2755540846250798,0.5605440581547625,0.22451594897986182,0.5848690755055324,0.4721369971615274,0.34622723604728733,0.5984381255131492,0.615089642276381,0.20613265025404406,0.47421619605512877,0.20850913076071848,0.6044465546373464,0.015935136813658265,0.4002324627852627,0.37110235855417784,0.650887134289306,0.5724518786197482,0.4640102393415596,0.9999999999999999,0.5518836820476821,0.4310553362984471,0.6216725419513772,0.5672444455521998,0.673220601597448,0.672447257578715,0.6531992357716983,0.6951045814705505,0.548478514018605,0.5975400568202444,0.14695802821990922,0.4494081119641682,-0.09924371490195853,0.5241034253120062,0.5291466531659617,0.46165679519042485,0.5488606112196391,0.380761141517581,0.36571325119269454,0.34899700318686866
ROI_9031,0.8043802479229483,0.6295446320093142,0.44140750583233107,0.5831947211619297,0.5735848407486438,0.2563499428587186,0.7008019321523442,0.631328147749124,0.6696793183124341,0.5534628777012809,0.7196754023179771,0.6137491453860625,0.7549881312088088,0.4046259667542947,0.6796021467497073,0.4680262055143201,0.48338041297370377,0.41042040691991305,0.6978658486533426,0.7297122764768583,0.30219605491860735,0.24360294613922315,0.29350188300080043,-0.15631829692712196,0.49857640177529644,0.4234343368943359,0.75877640668414,0.1844113070784092,0.6203256855284838,0.3742751769783982,0.47535701474265657,0.3221039894098837,0.4431236532244917,0.703582106743605,0.36903000755537674,0.49016207062193234,0.6083793690176245,0.41102757362416414,0.02034387990264121,0.5825955185355458,-0.19466170026125748,0.22324450669481954,0.6038427836370841,0.4915146328433903,0.569171565068759,0.5543026592650384,0.5392148297541467,0.6669079637030574,0.629669014606304,0.6422437243425906,0.7843294896798678,0.4285695412461836,0.5433925684043126,-0.35791904293021026,0.6927101121699856,0.15576688432577784,0.7403092813281007,0.675636034949829,0.7178259650178177,0.540180901271252,0.7022331525822153,0.11947580549715688,0.6729241673939261,0.30341484733644863,0.5889396467579027,0.25141913526852167,0.5459304496706275,0.6313412801160734,0.4719876618610355,0.6584521556039381,0.7416617384742135,0.5191392148396832,0.3215640057160874,0.6031803337573296,0.6653623788579776,0.3221046223138543,0.5360469484133884,0.5121477302703759,0.22054991232216806,0.18819386233079194,0.5446703644108015,0.3212796922994923,-0.028980690037033977,0.5164212086705312,0.6836939736308637,0.14953528387763054,0.1335297443320877,0.03660717405108569,0.6311221398783717,0.021519617413389723,0.5267056763767357,0.4764915842268545,0.7317550559850238,0.7159100182721357,0.5999069122992551,0.5518836820476821,1.0,0.9101337595071791,0.8497995175931237,0.7525462272457111,0.7949020650748271,0.8046621757332088,0.7731436941533942,0.8064597257937643,0.8131638702305233,0.7999535691934944,0.3860770167307634,0.5694988591715302,0.4627029743358978,0.5967125313099819,0.7698006414633598,0.8647731474695254,0.7432485095849154,0.4467298501616757,0.7114232070103303,0.493435942769656
ROI_9032,0.7864738903930044,0.6161033243272158,0.42698437665228245,0.5820852465887755,0.49537651365956437,0.2197137914741377,0.6806274965806357,0.651920762262157,0.6570952012144803,0.5384811343839935,0.6685793256202529,0.5920503135507321,0.7116373277250375,0.38228018074628534,0.6211505527266368,0.3954559937157004,0.3520555135783888,0.2921013165209151,0.6948231429991655,0.7096899830397587,0.16725871747475682,0.17917065042947727,0.2435723853236645,-0.19687779320633528,0.4400698190852936,0.42724161767861907,0.7274197671968345,0.1930490097935784,0.520665434183272,0.2505195263072885,0.40966570699852806,0.2788506007063629,0.3649992140310784,0.690045022750725,0.34325216702950073,0.48085735729170037,0.5612335380638797,0.3403925477350781,-0.027116286927448614,0.5487256855925104,-0.2501624955090146,0.13791140149661724,0.48394885533093995,0.3690756174529469,0.472586871787668,0.4908873359772447,0.4874314463603439,0.6202873499191308,0.5347534368340731,0.5705327173611328,0.7237103478822353,0.32294234933454663,0.4861241025366159,-0.423185577518316,0.650619679024842,0.10755813732083673,0.6995571631028695,0.6451356800355779,0.685295209626121,0.4990608900037876,0.6734104521243646,0.11326212352828346,0.6206569105944058,0.2725082288897629,0.49724020837017485,0.19157772656490626,0.5066225545118511,0.5600815762639697,0.4278283079431442,0.6035076364525731,0.7350786225934041,0.543473486578079,0.2902961054320205,0.582550158586576,0.636539411844351,0.23005070708997716,0.603403802788153,0.5689368635061003,0.057024723012449326,0.13573292487261818,0.43980281271862776,0.17572480854315095,-0.1267889796328558,0.447755691508869,0.6164854075962778,0.08152277123637014,0.07007144870491945,0.04094709936244989,0.5789317721935635,0.009419431197872143,0.4992942023721046,0.46967205104249654,0.6644009589555017,0.6532482212157732,0.5963230239625413,0.4310553362984471,0.9101337595071792,1.0,0.836324005968228,0.7383320527625183,0.7411480865808185,0.7476668494702633,0.6912768470919799,0.7498080871740374,0.7636032541193074,0.7520091717483912,0.37326038876272744,0.538100321972165,0.4553847628118394,0.5727033033159522,0.8020220747954983,0.8631512195091938,0.703044135113888,0.3933674966408514,0.755935344584318,0.40997784256014713
ROI_9041,0.8649382482501622,0.5874504019641539,0.4385981663336368,0.6699654365097255,0.571898727664656,0.3043986577518125,0.835773093363338,0.7981322046908312,0.8146866555254544,0.758886159840614,0.8506189266523947,0.7406513436859571,0.8917711256840183,0.5209001966347483,0.811825902834527,0.6109965942666149,0.6396452532959401,0.5036194057534057,0.8143339142264677,0.8402997825469479,0.23023841878144272,0.0300161597901274,0.417346696501757,-0.20958793712583934,0.5183419204781343,0.5875218052532787,0.8745769133950796,0.19828348049104805,0.803376712248217,0.5685900124857838,0.6989646874909838,0.5604891768317095,0.5719934402727117,0.8059069605320646,0.3471620200779407,0.5133231317425107,0.7561415572503222,0.6055556076441843,0.05287536277365681,0.6483258558143487,-0.23184760770426657,0.45558287861224567,0.5714291799848612,0.4868437212201147,0.5434435476881816,0.5161468679090843,0.5293842821990056,0.6248553514570396,0.6192146548537679,0.6368148928746247,0.8445909243341165,0.47798970691238835,0.6149572606833649,-0.4209008556150752,0.7717545884496787,0.20598082791812206,0.7254678974064965,0.6660467383587413,0.7676681658411625,0.4992075757067138,0.7927594041415997,0.17027018115509918,0.7469242897050998,0.3498395223363364,0.7147695556590441,0.30442904959239575,0.5275835288641726,0.6334416756621285,0.4184518731069672,0.609844028610314,0.8548004350578688,0.672153664820707,0.40534929238167905,0.7095598971053362,0.8083456994602638,0.3141601576112823,0.611670227958643,0.6374227737344057,0.39828053779656275,0.2704420553037627,0.6429026754146766,0.35320141496491564,0.0992418458552705,0.6235315655808739,0.7943533844037389,0.23066215231270756,0.29030590019870167,0.11302158212764475,0.7443500687569055,0.0961715006113561,0.7003301355644677,0.6439027701216107,0.8771374244632215,0.8312433746968662,0.6065101326334463,0.6216725419513772,0.8497995175931238,0.836324005968228,0.9999999999999998,0.9308322491190417,0.9104681782246307,0.8993432790881556,0.8340602878528852,0.9065514397983169,0.8589116585184949,0.8856799793040049,0.30210959930301023,0.4593298587925741,0.20596849904108613,0.5744098948006279,0.8728297691413791,0.8870732130676028,0.8658432269086563,0.5253734721121427,0.765203643545928,0.601165369351232
ROI_9042,0.808631320428698,0.4962014726014243,0.562759775243952,0.6614646411178762,0.5199283854718552,0.27694943598948496,0.8905482093535758,0.8159243050006793,0.768786984780106,0.6940192023548847,0.8582575416700116,0.7366720323606247,0.8789920569031332,0.5517829850577886,0.7862793203790016,0.6379507566590221,0.5955773030748299,0.44983972251769105,0.8266665412781636,0.7727035375320346,0.23827261479018927,0.05395000430707527,0.5549954713699432,-0.06886783625813327,0.48493353675388684,0.49266330672288694,0.769433225003942,0.13268723850983938,0.771162815747793,0.566381293937905,0.6888653392942383,0.5619291710434613,0.6077952497971092,0.7519792672837986,0.3195835074105295,0.4594437340033695,0.7120816362556519,0.5912444687342641,0.10333412674018719,0.6129432026069075,-0.18061411981699818,0.43226271270959915,0.46706099272581175,0.36181709485613756,0.3882107480978664,0.3505339783430152,0.4023530180692703,0.4751499020393593,0.5041564222306011,0.49711378749125323,0.7357628601175076,0.4081862785897381,0.6010372869968409,-0.32428841238097983,0.7049774012822754,0.24048930713591124,0.5989852956992556,0.5255048170203479,0.6767333118952774,0.4221520564726249,0.772950313606919,0.28934982112835694,0.7106467321315749,0.37718512526723075,0.6833501085339391,0.300532267192252,0.4481623043308714,0.5051102832789902,0.3489063201879357,0.5106435171431144,0.8398046995557449,0.7367326334320144,0.514777922283362,0.7286128893753229,0.7448982013223251,0.4086987414128353,0.6859009678647897,0.6960542204072175,0.41809633400128754,0.3214264138468584,0.6133359213814625,0.3451579064676403,0.17457564022392044,0.5471109989832563,0.7539336431564414,0.21324905233633581,0.337638609546022,0.1445073132539963,0.7285534047508265,0.13891834683690468,0.7639015178897178,0.7246430589734807,0.8457990154541691,0.8084860984501734,0.5672462876101901,0.5672444455521997,0.7525462272457111,0.7383320527625185,0.9308322491190417,1.0,0.8429317350250036,0.834489401805399,0.7889560842187624,0.8417530194146311,0.8118605373218002,0.8565271051999858,0.3137473203803952,0.44673597244936464,0.1937163134758968,0.5294351146032398,0.7976055323056496,0.8184065134909423,0.8084428999185909,0.5517352692938188,0.708311600946253,0.5907899248255524
ROI_9051,0.8117669453362041,0.5518586243856664,0.3415663701718841,0.6054121022519635,0.6472395865603201,0.3875086626116198,0.7560316334016485,0.7159035424744324,0.8009457794664572,0.7492217926172036,0.8203717912705263,0.7046262979070799,0.8618925183952478,0.5374045162687976,0.8333661350688043,0.6202369816026917,0.6574676875567825,0.5171682886045347,0.7312143116657067,0.8076803716428776,0.33890181233614114,0.09240625330567029,0.37780236978533016,-0.2471858810226156,0.5490601751538132,0.616600732353805,0.8953557739010803,0.27260738630270387,0.8130267029750355,0.5956400104100126,0.7161748650655534,0.5839972775735861,0.5582378752328396,0.7861362523228532,0.3482934575076655,0.5039746483698982,0.7236295775609186,0.5940826167512421,0.11074107461542157,0.629046601647957,-0.18547125386203522,0.5037814389786324,0.5985085155538423,0.5214570056659694,0.594365180609977,0.5631352531747156,0.5367778670036986,0.6250050752469848,0.6545788544585297,0.654201393665747,0.8417735291205986,0.48897737280261644,0.5931790218247447,-0.40319730941393933,0.765113246262965,0.19328187687021112,0.7065792377303569,0.6516246716629556,0.7310385900509628,0.48945112471344004,0.750794309603678,0.09584662152887714,0.7115566308081063,0.2893401855886615,0.7418567118618671,0.29177740866820495,0.4887106164226342,0.6379108141775688,0.40591724553607605,0.5883287644158494,0.8473985203380165,0.603909276241107,0.3910929527224068,0.6643773696711444,0.7844596367422725,0.3023539789026919,0.502904196739722,0.5506416266252842,0.40866196244750136,0.2581784209586103,0.6253217312387979,0.41245180766680484,0.12351871549003669,0.6840460684503775,0.8011192688648859,0.2627270508522325,0.3632133196583221,0.1665573598402042,0.780418051267846,0.12561322953727572,0.6922233614521179,0.6415028065425545,0.9251333344631576,0.8915566669006197,0.5455061553289635,0.673220601597448,0.7949020650748271,0.7411480865808185,0.9104681782246307,0.8429317350250036,1.0,0.9578786749422806,0.9187827512852735,0.946059988634286,0.8743484100320937,0.8896054904738514,0.3797269222584332,0.5758229078058074,0.146468399201623,0.5496970418400909,0.8071518638042414,0.8340099344328185,0.8492300595406718,0.47902994690494594,0.6808741072946392,0.5835190992478787
ROI_9052,0.7965794331014355,0.5180023520071532,0.34148190223821173,0.5770582603583931,0.6401486198246554,0.37125557772887346,0.777436398457826,0.6905171027278872,0.8129294872969107,0.7415019185293188,0.8151231090352361,0.6663585649366397,0.8663943101863771,0.47635597803215607,0.8308850267448488,0.5945201839190358,0.6165872657255996,0.46134406512429216,0.7217342259507218,0.7839185240322485,0.3952420355831355,0.16740366538035556,0.37170594692842973,-0.2642545202350579,0.5497973902153047,0.5669887439218629,0.9039895136692773,0.2297354200757058,0.784557655215626,0.5577460358249345,0.7064677005864806,0.5534424557061791,0.5444372657453829,0.7742760093188652,0.3387666376389238,0.5004974254933099,0.7204618148739445,0.5536852136573995,0.06880947555609924,0.5950046130502896,-0.1931410941710477,0.4911106889894546,0.5463081268393635,0.46429559564979217,0.5506783579805111,0.5086825050532744,0.5000549037246875,0.5833540262424971,0.6102077637649252,0.5968255736715214,0.8162214603229936,0.40874605866235914,0.5579901744500307,-0.4781082869544282,0.7005778287716508,0.10763122627665699,0.6814118157120423,0.6134881055526326,0.7116514105734008,0.45546074277158516,0.7210732583650553,0.05934967120345594,0.6889282562142389,0.2269575401873611,0.7104479071058549,0.23758776125342718,0.4576039653977329,0.6032145694852792,0.37668656792249583,0.5705601231738975,0.8489206452790176,0.5863365703443292,0.34004712434676315,0.6195183265165293,0.7548570648311393,0.308255372888157,0.5352160447736458,0.5784927870519324,0.3710307943967589,0.18825757381747735,0.5864712698988677,0.3399495422116463,0.08973481540387789,0.6194747446482056,0.7736905359949082,0.15718649532454762,0.34010327189383766,0.11775102959904202,0.7378757576619189,0.03830663756359116,0.700474535425544,0.6102389894190177,0.9237707167961449,0.9080890185708456,0.5459387760853139,0.672447257578715,0.8046621757332088,0.7476668494702633,0.8993432790881556,0.834489401805399,0.9578786749422806,0.9999999999999999,0.9296428745289659,0.9804435341901145,0.895273759636239,0.910537450043301,0.38514917307092483,0.615318073076672,0.12190920474634846,0.5869419111788885,0.8174232018919176,0.8041422034583553,0.8107732813054994,0.4583034631636024,0.6921834415812883,0.5371838059043732
ROI_9061,0.7369791741928022,0.5301352251306314,0.3853877167648191,0.5711718679114156,0.5683825535130598,0.2444826901466096,0.7184526936840319,0.6119993027475044,0.6537992830826765,0.5693480184727551,0.7503554241405109,0.6073813600432733,0.7925247389877942,0.4194140097879244,0.7188166287588793,0.5294254853690341,0.6043572960489015,0.46035037625336334,0.666606162689176,0.7283127388658768,0.4465088794294007,0.3243106106935585,0.4007403920760364,-0.09638566625004101,0.5636363496810832,0.4059628069201634,0.7922249988821033,0.07791023567179298,0.7397713195854376,0.5532882221020827,0.6194725022536012,0.4947837013502909,0.5446140948806473,0.7320436348223798,0.3597027391629147,0.5160750914990211,0.6510105598933462,0.5287297912875153,0.16070806379773803,0.6303150866368519,-0.02503756807973936,0.4655282209495279,0.567355219556351,0.48494641770666763,0.5359422949387451,0.47526068834313845,0.5236124599659027,0.5866603813275998,0.6449089048233544,0.5920144099457526,0.7737535732071248,0.4552430364081526,0.5866929657061891,-0.3247854103792146,0.6961968946812772,0.21308890395118146,0.6537606131711423,0.588024095839644,0.6670247660185805,0.48780951421445296,0.6592432113213356,0.11237836836960381,0.6935455428420881,0.2356584707339759,0.6528360390768306,0.26018039641912366,0.4701906370638931,0.6228641976252084,0.40003259270046515,0.5725294150155931,0.7875530076310879,0.5102251173027891,0.409290991958704,0.6173563097700931,0.6204178031532999,0.5053943249313398,0.49664961196381535,0.5506785060069121,0.3983092099833122,0.2183324481771988,0.5851348118672804,0.36988321448115463,0.16695308570066653,0.5765117518362505,0.7217046907306991,0.1728822701609114,0.45326038759741505,0.17110638017706595,0.7281877162684686,0.08189676138816619,0.7665213670315987,0.6252538998263044,0.8949134710944034,0.8738232510132088,0.47394616434525955,0.6531992357716984,0.7731436941533943,0.6912768470919799,0.8340602878528852,0.7889560842187624,0.9187827512852735,0.9296428745289659,1.0,0.9449252162229745,0.9165966841125939,0.9098266472122503,0.4547232667181233,0.671628721932304,0.09363894105085503,0.5616905904266597,0.7318995091055396,0.7087117627779868,0.8032658170891581,0.5013430851827743,0.6556874445658352,0.5358465566072247
ROI_9062,0.7893292093760235,0.5143758973704937,0.3399555766393811,0.5752629994320322,0.6239101493271452,0.33501060379367364,0.7849037689203963,0.6778300882587489,0.7901673347360375,0.7129015098950943,0.8085630953179402,0.6364009534432991,0.8635737080467614,0.42850141243701334,0.8160078691241094,0.5632130560904302,0.6275739347541207,0.4536223908903494,0.7118348706691272,0.7783256391428364,0.409498537053355,0.20234603310374774,0.37584432567198023,-0.2540865213500322,0.55387642022815,0.5249973095454707,0.9076060745596449,0.17350708954689334,0.7943982851198907,0.5654306147526346,0.6960169090567351,0.5436721953960053,0.5457344400381829,0.7782575943084301,0.3315214127686548,0.513084192103835,0.7348237497779478,0.5593103068160998,0.11040829123665145,0.6214541606484368,-0.16652329109032377,0.5070068428339898,0.5358258234004594,0.45627915090454135,0.532142571583154,0.488395840194526,0.497897688766044,0.576921270373204,0.6060778106853553,0.5901547665876928,0.8182817006994005,0.4129612742206021,0.565052978707328,-0.47814648614163713,0.7011287234876673,0.09953660838663478,0.678269561660176,0.5989025503141084,0.7013355947159714,0.44677746161341275,0.7003057602950308,0.04598388342370709,0.7050805985664977,0.21604874926621206,0.6968832429332119,0.2190941052854083,0.44845736294719096,0.6062659225378926,0.35485544133985175,0.5590836283795387,0.8487150653541738,0.5620595434773461,0.35377658188568234,0.6275696220060719,0.750383694106732,0.38584910864635136,0.5504306067935499,0.6067176055656656,0.4046327762815124,0.17339414455170182,0.5948246044665899,0.32004050574241794,0.10497309626828905,0.6004704938486058,0.7677331005069336,0.12452819475164274,0.38617706833881205,0.14719146429255536,0.7510563451852483,0.012491459980394925,0.7305716555886776,0.6179988232950373,0.9313238470091451,0.9066684076301764,0.5370626049441662,0.6951045814705504,0.8064597257937642,0.7498080871740375,0.9065514397983169,0.841753019414631,0.946059988634286,0.9804435341901145,0.9449252162229745,1.0,0.9094414785032037,0.9343112175365068,0.3447989158746931,0.6135812429099392,0.10605285830485267,0.6020869982081275,0.8306440342770371,0.7945329280904974,0.826662519320948,0.4844760538955392,0.714921389762905,0.5449035166486925
ROI_9071,0.7459136643428746,0.5151511294247582,0.4501203674335895,0.6278393065152527,0.5195793498250723,0.21475980726379407,0.7505955349653376,0.6677064556338737,0.6612559512314942,0.5866428799491438,0.7116459926386082,0.5753769273545495,0.7816169271465927,0.407077639468638,0.6870707159288638,0.5056531342959717,0.4827595944567428,0.34644860000964933,0.6911132618412092,0.7141675561465747,0.31855555103390976,0.29249986694515473,0.4234695542433004,-0.05269875889965299,0.555574954320748,0.4488402820306587,0.79389711210227,0.07408618858866205,0.6769687270877197,0.41917732845763966,0.6001718896412324,0.4974193746097997,0.5307687198307777,0.7837420859077824,0.42225934752625016,0.6066618173628943,0.6967073533141669,0.5395747169261161,0.12261864772307385,0.6997947776019796,-0.14664923711126102,0.34147809901932097,0.5153376252338,0.3912244312301716,0.4544997218611819,0.41299159977837885,0.49010224539986214,0.5752431116391987,0.5879139766016739,0.5574316150595624,0.7489823515619601,0.39911606383775144,0.5826834535265344,-0.3471378477140923,0.7044694348164722,0.20781616504537023,0.6301819064680724,0.5544158990115499,0.6662858991932958,0.43968879326990307,0.6623441541027538,0.1394989286668647,0.6615197354017933,0.2497222053094435,0.5990558392486443,0.23824426440062454,0.49528991695925073,0.6177207295232037,0.3829205092727178,0.5690533201556632,0.8279075457976134,0.6106867631656643,0.4018828577945265,0.6422682906716083,0.6580368694932425,0.442574512307503,0.6462993707542414,0.6671644061859964,0.274997593457201,0.20434993541518034,0.5494061435137547,0.2565985755301223,0.062066603664982296,0.5044033764450081,0.7016077817568549,0.11295135205837549,0.3538886862986969,0.10709075309311768,0.7185827684060728,0.07986975939883093,0.8031689833404473,0.6744808107115631,0.8957479788972237,0.888068660046157,0.5650168338427974,0.548478514018605,0.8131638702305233,0.7636032541193074,0.8589116585184948,0.8118605373218002,0.8743484100320936,0.8952737596362389,0.9165966841125939,0.9094414785032036,1.0,0.9606282520374149,0.37352881169211555,0.5832409011646902,0.16590515921330176,0.614946056195266,0.8151725633440635,0.7827609014531378,0.838213600124551,0.5708009434504856,0.767576986944575,0.5700379268839194
ROI_9072,0.7729268244685935,0.5269933917537943,0.4668668228294401,0.6455885563852014,0.5830824957866336,0.2982128976729847,0.7949354700841146,0.7063704392687972,0.7289029063829867,0.6517584803241101,0.7647043304496132,0.6276983181692305,0.831484223885283,0.4518933814212594,0.7628712912805684,0.5698405533687986,0.5644092494987828,0.4096424923906145,0.7257215587882723,0.7564649072649787,0.34004854709369625,0.24684345013737935,0.4608381372006384,-0.09037322639316314,0.5867264983121909,0.505915402719928,0.8284481715457396,0.12366416139391576,0.7446656278532122,0.4972991255154396,0.6643273101590341,0.5478085567994848,0.5978510306516658,0.8181751633541693,0.42407593158273704,0.5932738489252721,0.7503654337096619,0.591665647074036,0.16808230835457605,0.7034422995942589,-0.14324167172409333,0.43075543539664435,0.5210910537851906,0.40483094152711707,0.45618522218700447,0.4176038457793818,0.4940922570983508,0.5620779554871181,0.5813078792303695,0.556755803522848,0.7824467833859281,0.42788916972363,0.616993762828323,-0.3425026207706957,0.7304659201112235,0.22208622543934284,0.6467358431165242,0.5614347794477983,0.6968723468685931,0.43665081742864276,0.7007816952711442,0.146845037144032,0.7088289367936345,0.2971568253998346,0.6578096760649546,0.26391575938485917,0.507301160237316,0.6202661244595378,0.3862069207222855,0.5599971082114442,0.8587089714057411,0.6552363224442317,0.46843534612866766,0.689685763777929,0.7134978553699174,0.4559803420177223,0.6674410229521113,0.7043194036769086,0.3616227792439443,0.26975041727722265,0.6108092634022283,0.30790294700156,0.14450934810755714,0.5618637319080801,0.7620983753976414,0.1570879754222183,0.40525898970874685,0.18140321073574625,0.7650320517495461,0.11397638791963202,0.806568459921594,0.7119929315320288,0.9304234100074852,0.9124114111759762,0.5827714003523068,0.5975400568202445,0.7999535691934944,0.7520091717483912,0.8856799793040049,0.8565271051999858,0.8896054904738514,0.9105374500433011,0.9098266472122503,0.9343112175365069,0.9606282520374149,0.9999999999999998,0.32883885303088456,0.5704106148782507,0.13356101604581178,0.649510838903887,0.8445075331727717,0.7900653928852148,0.8521144595539738,0.6070911408767122,0.777125629150355,0.5659784403747209
ROI_9081,0.35020148276495777,0.28114283014356967,0.3766115350557064,0.3167099656040138,0.38061811560080366,0.23161983906875414,0.25416721572540435,0.283217887648766,0.22977748075339766,0.15643936645813097,0.36685102964879895,0.4039785565185133,0.3197055062871945,0.448510885575823,0.28481564664353454,0.35491267284524664,0.16649625769066248,0.19662685647500514,0.4271134155217955,0.29853126267497976,0.4023812096136747,0.43541340039676923,0.28173991586930347,0.19489894036303623,0.3419800588242737,0.1668060784655466,0.2123418140045498,0.17546573217933406,0.14639853180932788,0.12460187715504707,0.16269196851368795,0.1498558060982306,0.28407057312032524,0.245382357327682,0.2633670448811499,0.22177072339763554,-0.038986805378928485,-0.11645748151525204,-0.13898592871647827,0.046632364203985636,-0.06728256408165187,-0.10179273599592505,0.2938433401519388,0.19633861273649195,0.3063159054047278,0.2579401839505205,0.14267272817154264,0.21709691820641844,0.33550905824770516,0.2836911780536647,0.27772260061272686,0.23260104243974866,0.20324408529444424,0.023448736145210272,0.223378841865308,0.13656955622726014,0.3449714531685836,0.29800029847978926,0.36283988184483806,0.5016910187251369,0.3695210931814618,0.3448872885650345,0.2999574492532521,0.267084393171603,0.2863701468811176,0.3146383270942639,0.3832659403782693,0.35709101855628417,0.3026514463090002,0.3760557626365219,0.31285923419969236,0.26403721702749317,0.184191440568697,0.16584114303267197,0.11124289816389199,0.2337287468028385,0.17640392001351676,0.09741110861130302,0.04435655465774471,0.18144374617934947,0.20087019512878568,0.278607282046658,-0.026594120489010973,0.2570654980205884,0.26661235179390624,0.15808956637137594,0.08338420294727612,0.15884905233290278,0.2690845083368867,0.2393445091037321,0.33138989549498243,0.24905299770628772,0.2699473107930333,0.3312469683100377,0.07469929676958043,0.14695802821990922,0.3860770167307634,0.37326038876272744,0.30210959930301023,0.3137473203803952,0.37972692225843313,0.38514917307092483,0.45472326671812324,0.3447989158746931,0.37352881169211555,0.32883885303088456,0.9999999999999999,0.6514341351173625,0.3601114259187399,0.023103866026324787,0.11442879291666021,0.29961723250892436,0.24512769113484534,0.15821904697774686,0.22428919334522168,0.22391069105099606
ROI_9082,0.4296424700796132,0.34326246677966543,0.25246452897764454,0.33300041560920707,0.5581974989999167,0.37384782046337506,0.4036240975493839,0.3601244111557503,0.43118628039260304,0.3063688040136791,0.41067551742852626,0.3530731481337202,0.4432735030359558,0.32418644949079134,0.4636265805506114,0.3902995536280072,0.2336193250488263,0.18982947117693186,0.39231828486344716,0.3863612451249761,0.5014340644868673,0.5304572510707822,0.20281172368152117,-0.009562807649764778,0.41739340584481394,0.23232635678461225,0.4669560334136741,0.2476402343148039,0.31800794207945365,0.2090558054103121,0.25652017172143166,0.20663416627302045,0.27904225567713925,0.4277059154912789,0.3173378817469247,0.3433232434117799,0.2821125279175192,0.14873759411571616,0.14903075463564244,0.3313984205580995,0.05665331178171216,0.1550229423410101,0.34490998823364405,0.24861535149375125,0.3342750344896095,0.31439027700686706,0.34819013845564556,0.3861588971970642,0.3746476015745522,0.327871621502548,0.44749974871097725,0.1945921861368308,0.2871395726780865,-0.22297477842833116,0.39332970245189447,0.12487166330286847,0.3942113952243461,0.3667683967251666,0.42611974723390267,0.4191987435210682,0.3723293395266763,0.12419131956853506,0.3499249357989204,0.1159397161937673,0.34519136367489617,0.1602998791708352,0.33379702010998535,0.38603406984714445,0.26905376403595366,0.37346731228005786,0.46792261966027293,0.26340875922251655,0.16997975680047706,0.23400303574493944,0.3165474553679316,0.32942096154695866,0.3076158708556427,0.3304667790225446,0.04102053127287158,0.03631001684403007,0.2645643131000386,0.23674532618183916,0.11368651739973074,0.415034932196744,0.4020812738128849,0.09436626459473106,0.278325625457397,0.29730202950897944,0.4231346894284889,0.0953254060015312,0.470492956267565,0.460194633617756,0.5058746647421749,0.5675521701896812,0.25170874956007055,0.44940811196416824,0.5694988591715302,0.538100321972165,0.45932985879257415,0.4467359724493647,0.5758229078058075,0.615318073076672,0.671628721932304,0.6135812429099393,0.5832409011646903,0.5704106148782507,0.6514341351173625,0.9999999999999999,0.14505255538850909,0.42143696694641414,0.43503766484180434,0.4245938147748597,0.3576484533434698,0.21873929052083874,0.3884985632284687,0.1110397203538026
ROI_9100,0.2155290933623517,0.13705367470429153,0.26716861828768973,0.12874628619400685,0.16997042481523278,0.027961064252509403,0.1337176459487721,0.10183074738749398,0.10801887120711527,0.03495131966109263,0.2006467992105462,0.15764951419302306,0.11905517371297064,0.13031744694839134,0.1071057432686278,0.030755178223987763,-0.054278323808292096,-0.04370375584701703,0.24723539634395503,0.10488085859514308,0.07261645062812219,0.09716937328719827,0.07513955008024935,0.00047402865571779217,0.07893199536775876,0.04302724815103829,0.11269643537790928,0.09381615627188022,-0.03572765261773839,-0.17885486986899166,-0.07989540131081985,-0.09958956964602071,0.01351433892537828,0.05991765012635813,0.10783818887512442,0.05250914329199096,-0.08208803325488288,-0.16532639911047636,-0.3602358379621881,0.051437420067180536,-0.293306273084169,-0.39004848462645125,0.14467675792273477,0.0526581186717451,0.13451650334327084,0.14184412806703445,-0.0405910129739888,0.13852761792906426,0.16744927475398008,0.19004266019248708,0.13854197528701737,0.14282338052952367,0.052948226712637436,-0.005305418332131453,0.08903914550605267,-0.0588042692838527,0.21114290849385386,0.14113514369957753,0.16517539379598956,0.19600789844148714,0.2254748237667434,0.16135722073711573,0.14824688055516894,0.1661827832231762,0.129674212466435,0.1132784829338472,0.1898688721660302,0.14532832064191473,0.09824030853675987,0.2341478526648076,0.1572915454568239,0.14288410008621513,0.06860074216518733,0.13288871293032956,0.1026130164189486,0.05522809424418523,0.1406704957017826,0.00045351612337434145,-0.15439852245689303,-0.012068543990568469,-0.005492831336162315,-0.003904645908937392,-0.42692009470426884,-0.11788729086570435,0.08381971439975576,-0.06231369196828001,-0.45011008248536977,-0.2787392935179287,0.06832681628154454,0.02124108405621027,0.023929210091458365,0.012823719719326195,0.06158922195051463,0.12488693925634586,0.1776419651097783,-0.09924371490195855,0.46270297433589785,0.4553847628118395,0.2059684990410861,0.1937163134758968,0.146468399201623,0.12190920474634846,0.09363894105085502,0.10605285830485266,0.16590515921330176,0.13356101604581178,0.36011142591873985,0.14505255538850909,0.9999999999999998,-0.03159372503332068,0.06295567213554364,0.4671044032920999,0.1449099295729794,0.0320817507409508,0.17362968972785803,0.15005428637625667
ROI_9110,0.5003912539812061,0.38025156196581267,0.25332957482416063,0.38675948160921464,0.37662728472775386,0.1963296094648469,0.5115607390558513,0.4194922321182964,0.46892985722525954,0.4025027412074541,0.48684604028327666,0.3850142737805065,0.5321371878979326,0.24094239144521143,0.49340858809795024,0.3419585681163232,0.3989145364919455,0.33245959169353606,0.4532147838813975,0.5015396384373887,0.26849537677397634,0.19716379975263276,0.21037986796097435,-0.11746927148665579,0.34448704294023585,0.3038808127497999,0.5428429572009645,0.07263260785431305,0.5238176052581835,0.3626107955350925,0.41875286819663865,0.32466948929485023,0.3797129800896978,0.5535930366479572,0.2646157133235006,0.397800932648182,0.5594011096628129,0.46406065850512707,0.2775605987103849,0.5230934944501529,-0.048287093252185914,0.27536971715907,0.38545373703700214,0.2990236516285987,0.3217009644752798,0.31340565883768723,0.41162231198124377,0.4331574688066934,0.3907070560901202,0.379385196345609,0.5497180596419516,0.27764917704923553,0.4374025025570154,-0.23986664911331892,0.4986975303869148,0.17690430756757958,0.445453489878867,0.4028036341179763,0.4713722237368156,0.27953277997055187,0.43204366530442134,0.014976168566008473,0.4628566402779381,0.19899768720956396,0.3852813964636692,0.12444346372513095,0.32824995062488116,0.42028166260658295,0.31775862847955966,0.35665365279972794,0.5679733369622273,0.3899304790869547,0.28668525161559094,0.45139968290282534,0.5027577744755207,0.28704972338884827,0.48980197579026385,0.5303052686031038,0.2166910713131932,0.15871684496178345,0.43663844037163974,0.22094005452195772,0.11851763871047191,0.4277131062334421,0.4942007279872715,0.10190842654709391,0.30209859876362694,0.12389944600807458,0.4865830855931089,0.013008883810541673,0.4850828754590757,0.45757400229749434,0.6101000151140851,0.5962593824073082,0.5376816991196594,0.5241034253120062,0.5967125313099819,0.5727033033159522,0.5744098948006279,0.5294351146032398,0.5496970418400909,0.5869419111788886,0.5616905904266598,0.6020869982081275,0.614946056195266,0.649510838903887,0.023103866026324787,0.42143696694641414,-0.03159372503332068,1.0,0.6581278316666304,0.5365188612280976,0.5069402017391784,0.44328565009192766,0.5276274753497725,0.2754318353256285
ROI_9120,0.7425789249290448,0.5172788449337264,0.3361556561815536,0.5680520545780129,0.474984022751602,0.2618769552631707,0.7490271650738216,0.7054187099141895,0.7442022535462457,0.676785944948641,0.6915442563966082,0.5781613030083219,0.7675838778161347,0.3646143837038753,0.7037816087411586,0.47750768169304875,0.4759844308065003,0.34812101268827367,0.6527287890928498,0.7225941888699586,0.10197440733761057,0.03234814280331385,0.2898454184960576,-0.2760902350582706,0.44077333512271677,0.5128875022435758,0.8150381846882864,0.18323599345009747,0.6838965411042525,0.4349290185119094,0.5942990729597751,0.44967980055941026,0.4729313798292599,0.7898231232985565,0.30786185338430405,0.5282184030093691,0.774179418424724,0.5675531108110649,0.12006259253126651,0.6451304604843467,-0.2068290409405239,0.42281616990583665,0.4080676700241005,0.3229819671915715,0.3707431477789976,0.3823961671690482,0.4925574520632787,0.5588372105911831,0.4590631346313805,0.48799044197121083,0.7292887563131173,0.27892387673037494,0.5086837061978576,-0.5062843255133066,0.6891135836139504,0.12676076149158166,0.6017769782429848,0.5603393180309635,0.660084113334045,0.34871406304331176,0.6391471583136965,0.003196413021848275,0.6245900003276725,0.24389888787108271,0.5297565608552636,0.10631045930900343,0.4249914035494614,0.5038479377891025,0.3252859005415859,0.46338542711923475,0.770489214808476,0.5987692954257684,0.30767082127047096,0.6237770726380865,0.7610518754607593,0.21365139490492052,0.6814909041580772,0.7403576627123591,0.2204013684482576,0.19405663501577244,0.5387810761637433,0.17353346204048264,0.07513904616487943,0.5500611750599096,0.6641453275020588,0.08065189285296331,0.2602544537906053,0.12914210337249749,0.6474904977836441,-0.009150292858153481,0.6317481442167617,0.62127339586715,0.808830442968613,0.7714834552623562,0.6325601365340991,0.5291466531659617,0.7698006414633598,0.8020220747954983,0.8728297691413792,0.7976055323056496,0.8071518638042414,0.8174232018919176,0.7318995091055395,0.8306440342770371,0.8151725633440634,0.8445075331727717,0.1144287929166602,0.43503766484180434,0.06295567213554362,0.6581278316666304,1.0,0.80272406865881,0.7901950493433323,0.46838078652373744,0.8031256148530328,0.4595601853584676
ROI_9130,0.7781794027102098,0.5080400122088978,0.41270958825765797,0.5830696088999688,0.5434086148373054,0.2947683486812887,0.7219917702321326,0.6953649046294619,0.7538232333988715,0.6815193435293383,0.7623329572821594,0.6359342107408456,0.776291697206192,0.45875584562488075,0.731012855579119,0.4980786089476542,0.47994078375658183,0.3668779146561441,0.7346532540793207,0.7173396275180659,0.13646122298067556,-0.033656572256988135,0.3291463000491739,-0.24472996578156503,0.45948389131876255,0.5717293065758063,0.8006426815675819,0.259503769611021,0.6579661564002074,0.3896545596900072,0.5762965504463613,0.4211643191556601,0.45719414192676555,0.692795297107846,0.3142549171282432,0.4541192202636189,0.6284531489670475,0.456344430399298,-0.06859924876889836,0.5666530893087275,-0.3630535539305804,0.22039733883945578,0.4939083137286139,0.38095347766928916,0.47717816251610246,0.4787405888640348,0.40906733393913947,0.5605354820326897,0.5610290820152979,0.5900399322124488,0.7474022371733944,0.4107920706934304,0.506701748781008,-0.4140667168224544,0.6855889764356125,0.10124545154028664,0.6500337673351545,0.5874909531102902,0.6803768856908776,0.43252689769342434,0.7273346066660475,0.1083125601238252,0.6348828837158051,0.32858553214626385,0.6296955143764721,0.23792887287767378,0.46935317141709926,0.5485643829350098,0.3461016244321484,0.556294029657914,0.7939497038934767,0.6225832931943326,0.31687303157541014,0.6330771881776359,0.7633216462681143,0.18566329437307658,0.5768075388417195,0.5499630063727992,0.23349611338628976,0.20329609129681364,0.5229644528073262,0.24935698354818672,-0.12065102427888141,0.4920534750663735,0.6826700956568107,0.13319741002793728,0.028205508142709192,-0.04546516228484172,0.6534846893040267,0.04714852252071713,0.5663741641437824,0.5516386778099741,0.7800042548838477,0.75937081373193,0.5872250664943456,0.4616567951904248,0.8647731474695255,0.8631512195091938,0.8870732130676028,0.8184065134909422,0.8340099344328186,0.8041422034583553,0.7087117627779868,0.7945329280904975,0.7827609014531378,0.7900653928852148,0.29961723250892436,0.42459381477485963,0.46710440329209985,0.5365188612280976,0.80272406865881,1.0,0.7950842565948502,0.431401616416504,0.7275961230407026,0.5991030662837615
ROI_9140,0.7816022430011983,0.5754142129849136,0.41491805385871544,0.6326944055486678,0.5736921559666261,0.2905994183851535,0.7198752289850868,0.6874532615135492,0.7178829633413614,0.6897625356408685,0.7425501433237,0.6536818557698272,0.8036801086506331,0.48969536713893697,0.7512692750630804,0.5773094101074385,0.5925768479919347,0.4712839816142405,0.7046943634409503,0.7675008862313517,0.20123750322403391,0.06106849892163855,0.4080034292243799,-0.13110684286058746,0.5737111231803159,0.5496995836209042,0.8192044384098466,0.1591047810083072,0.7315339946977825,0.4974955183060789,0.6407647128454301,0.5123563052996258,0.5336077800059389,0.7432110026720231,0.37901246083593476,0.49406174931491514,0.7440273522366443,0.6339264516699581,0.13237336372374148,0.7207211472786036,-0.16483889908201632,0.4491782019299365,0.5968182216194496,0.5174275419630558,0.5427061923487041,0.522346107507969,0.5552077087347393,0.6356065842674554,0.6629097871111473,0.6729043735505913,0.7978563107455459,0.552617810754453,0.6794578765470215,-0.25090155796206964,0.7945500444182121,0.30644383754402954,0.6888537393527012,0.6278744418088162,0.6997988343445829,0.4250573222347684,0.7163689443978463,0.09083534518584965,0.7047211850030645,0.32214751057392893,0.6872213422093391,0.28527409680915905,0.5149846178870661,0.6044278537753472,0.45830701509885036,0.5911893237983619,0.8142641058379664,0.6075174019484165,0.3805744123640537,0.6597611420265802,0.6854619819221347,0.3035774054607037,0.5051105171120942,0.5301089726818985,0.3954741240658881,0.30001005368799466,0.6459930462564611,0.38061487814901573,0.1080944917986463,0.6017684124269325,0.7813281541147766,0.2864237573792228,0.3530586156524505,0.13926992577835975,0.8004671598457799,0.20456826157735103,0.7205412062912918,0.7001584193200028,0.8780774798072216,0.8150324833518706,0.5336512763925585,0.5488606112196392,0.7432485095849154,0.7030441351138879,0.8658432269086562,0.8084428999185909,0.8492300595406718,0.8107732813054994,0.8032658170891582,0.826662519320948,0.8382136001245509,0.8521144595539738,0.24512769113484534,0.3576484533434698,0.1449099295729794,0.5069402017391784,0.7901950493433324,0.7950842565948502,1.0,0.6092339501540021,0.7472770876678588,0.6488248850690278
ROI_9150,0.5628028862574007,0.48842320488994184,0.3700434391453832,0.48463527177910437,0.48583732636793636,0.3355758628145516,0.4723149616114819,0.4961351511601047,0.4822628286472897,0.4970255783310088,0.44991137548470156,0.5168966414962362,0.522813119282159,0.45716749388793637,0.5168972825077846,0.5162967524684348,0.437679881247956,0.4367300407267916,0.5182860188964573,0.546484064406431,0.24217285283144435,0.1865351693356184,0.3487678684896955,0.10771342246975724,0.4666572324848564,0.3735079633347849,0.49791873599490416,0.17255674997855133,0.4700297450185895,0.3172136871942521,0.40471171845827525,0.34931663150866454,0.45409751358331485,0.5402926216020159,0.33797576250838535,0.2967355717212513,0.5837548929304026,0.5452291045429069,0.30865402376429485,0.6173804449756762,-0.01843068064614404,0.3119406643792491,0.5357501559568999,0.43855804873590204,0.4042070952183199,0.4000360107694964,0.4700122002765466,0.4488502130257628,0.4830487702870749,0.4884625586565038,0.5587165341200341,0.5413189470306138,0.6164017980079645,0.1978343801981009,0.6470159059153158,0.5287654350037113,0.5272038934811513,0.4600630638886863,0.5070969632062713,0.33828669169459374,0.544901594293816,0.2656110331870673,0.5034317484383714,0.3728612505075875,0.48000102683422063,0.3525744561017449,0.44621161187413305,0.45448566992980155,0.43693362883584763,0.42146403087662826,0.5929294138270202,0.5390288347847542,0.4213290739006709,0.5191335146303431,0.4616980940038897,0.2685305446540793,0.3903145329351267,0.39743138778843584,0.3316978038875178,0.4404968578188882,0.588742391171194,0.439467740355549,0.23848042342527775,0.4397678909838565,0.630366810613088,0.40442430276446273,0.40891358559771435,0.2683817079031161,0.6595612583583984,0.4474064868743727,0.6012827334162695,0.6277253302952708,0.6423971660142566,0.627422217862253,0.4212621873151695,0.380761141517581,0.4467298501616757,0.39336749664085147,0.5253734721121427,0.5517352692938188,0.47902994690494594,0.4583034631636024,0.5013430851827743,0.48447605389553927,0.5708009434504856,0.6070911408767121,0.15821904697774686,0.21873929052083874,0.0320817507409508,0.4432856500919277,0.4683807865237375,0.43140161641650393,0.609233950154002,1.0,0.5273519063233685,0.41840729164676826
ROI_9160,0.6506243090288385,0.4579915616710697,0.30851089428941764,0.4738441413034917,0.43284653063718426,0.21115020711689292,0.6442718925897546,0.5973612269546484,0.6269637398745751,0.5753992841844632,0.5470275138687716,0.4531575137843773,0.65916880561942,0.28154329011171764,0.5851442717954989,0.3937154556676278,0.2923992561247089,0.1809077070920744,0.545712731061223,0.5992237526288566,0.09312649523133508,0.12985241376946705,0.227147223874639,-0.23416576186666424,0.390375676554161,0.38310395946410497,0.715595652955364,0.11736110599419756,0.5056434883404026,0.24530063155769516,0.39445633557088994,0.26995315904669,0.30875595193418315,0.6404785560903969,0.2732140959487734,0.4765531649158926,0.6411873472112175,0.4644282973773192,0.04929733076194873,0.6242963974527157,-0.233637523954771,0.25478640354712173,0.3777695471248186,0.2727828675642746,0.3349818678208467,0.3512945192399735,0.4179379185702855,0.5068191809817234,0.4170908947449087,0.46236040339149137,0.629816608481594,0.26944492829821287,0.47105444743131014,-0.40066647787800186,0.6110457682726307,0.12430763048725632,0.5238139835882116,0.44848868228474403,0.5288261923800283,0.28988868466048107,0.532643427904959,0.004939965194229132,0.4481511482557545,0.09667539761141394,0.42734123929164053,0.059407023087420484,0.3238959903481805,0.40058069024354237,0.28222087813884716,0.4374912271142443,0.6768222945721076,0.5136733016169891,0.29087396397499293,0.5520332514678048,0.6423987022208315,0.17564705597434924,0.5803919783457989,0.593030217761965,0.07526767556185099,0.1494562092767286,0.3940457675595686,0.09957456490835576,-0.06970452921863665,0.42895741152406186,0.5705519990159207,0.06969185384236279,0.20835231676073498,0.06932643695721785,0.60717946769504,0.040351007033890114,0.6728030029192701,0.6418142162156291,0.7295845614218912,0.7254506307264457,0.6047630871736209,0.3657132511926946,0.7114232070103305,0.755935344584318,0.765203643545928,0.708311600946253,0.6808741072946392,0.6921834415812883,0.6556874445658352,0.7149213897629049,0.767576986944575,0.777125629150355,0.2242891933452217,0.3884985632284687,0.17362968972785806,0.5276274753497725,0.8031256148530327,0.7275961230407026,0.7472770876678589,0.5273519063233685,1.0,0.4876815755688076
ROI_9170,0.4747450620187569,0.23201656665850645,0.32558543455447575,0.3854614993495004,0.2742565138026206,0.03531873306963501,0.5039970859503575,0.44716899383494496,0.4294384614658988,0.4289247549887618,0.5601747127568152,0.42955931208660814,0.5590406764927954,0.33226318731338955,0.43589409946854585,0.3241936385793017,0.44834343484319245,0.316002715277134,0.5012064388287758,0.4481550788595948,0.08395398129604842,-0.1442846195601124,0.36046329940431077,-0.036272310293042835,0.29272787242386916,0.3003141011849748,0.5073498947624288,-0.07237402502808028,0.5400327614018577,0.41562768167599295,0.5024051820550508,0.39162956814852007,0.4148205511747,0.4257233587632295,0.161919664287091,0.28711955020641644,0.450277512045444,0.436166978745427,-0.0667536579150373,0.3640327067765758,-0.2028448599476547,0.25618062032437955,0.3364025992944319,0.2622533492126296,0.3077439229273219,0.26691381484431903,0.17685268935510162,0.2690126417444492,0.40960123669668386,0.3915378421991981,0.48231602393800044,0.3748846467408179,0.3938907218003102,-0.17541268370743057,0.4372274852962117,0.07481898370175041,0.3876279674291922,0.29930985277682554,0.3830198242272128,0.2140177676518847,0.4773027933890574,0.09020742824733004,0.44130845408562086,0.2178776620659022,0.4687409478846286,0.15786364489024862,0.2552331529828009,0.32986304172013337,0.1596059030906908,0.3445854716378206,0.5491237464191087,0.3894878242093966,0.2912510160437075,0.47538510445246585,0.5360772604319778,0.27834197073547906,0.3606457238183307,0.32183318860130045,0.38109199481848005,0.2444431487983256,0.41594288984790007,0.24776623635568937,-0.02991910846369096,0.3300184759218919,0.45377634151016816,0.11410559254943893,0.10641393175734655,-0.08617505697328805,0.487807581636863,-0.0037630356753596017,0.517574029221198,0.3975150038479765,0.6057362708584725,0.5478318750065931,0.3354992379397546,0.34899700318686866,0.49343594276965597,0.40997784256014713,0.601165369351232,0.5907899248255523,0.5835190992478786,0.5371838059043732,0.5358465566072247,0.5449035166486926,0.5700379268839194,0.5659784403747209,0.22391069105099606,0.1110397203538026,0.1500542863762567,0.2754318353256285,0.4595601853584676,0.5991030662837615,0.6488248850690277,0.4184072916467682,0.4876815755688076,1.0
