,ROI_2001,ROI_2002,ROI_2101,ROI_2102,ROI_2111,ROI_2112,ROI_2201,ROI_2202,ROI_2211,ROI_2212,ROI_2301,ROI_2302,ROI_2311,ROI_2312,ROI_2321,ROI_2322,ROI_2331,ROI_2332,ROI_2401,ROI_2402,ROI_2501,ROI_2502,ROI_2601,ROI_2602,ROI_2611,ROI_2612,ROI_2701,ROI_2702,ROI_3001,ROI_3002,ROI_4001,ROI_4002,ROI_4011,ROI_4012,ROI_4021,ROI_4022,ROI_4101,ROI_4102,ROI_4111,ROI_4112,ROI_4201,ROI_4202,ROI_5001,ROI_5002,ROI_5011,ROI_5012,ROI_5021,ROI_5022,ROI_5101,ROI_5102,ROI_5201,ROI_5202,ROI_5301,ROI_5302,ROI_5401,ROI_5402,ROI_6001,ROI_6002,ROI_6101,ROI_6102,ROI_6201,ROI_6202,ROI_6211,ROI_6212,ROI_6221,ROI_6222,ROI_6301,ROI_6302,ROI_6401,ROI_6402,ROI_7001,ROI_7002,ROI_7011,ROI_7012,ROI_7021,ROI_7022,ROI_7101,ROI_7102,ROI_8101,ROI_8102,ROI_8111,ROI_8112,ROI_8121,ROI_8122,ROI_8201,ROI_8202,ROI_8211,ROI_8212,ROI_8301,ROI_8302,ROI_9001,ROI_9002,ROI_9011,ROI_9012,ROI_9021,ROI_9022,ROI_9031,ROI_9032,ROI_9041,ROI_9042,ROI_9051,ROI_9052,ROI_9061,ROI_9062,ROI_9071,ROI_9072,ROI_9081,ROI_9082,ROI_9100,ROI_9110,ROI_9120,ROI_9130,ROI_9140,ROI_9150,ROI_9160,ROI_9170
ROI_2001,1.0,0.9676379021301066,0.6041016176432464,0.676277757991443,0.6705044180621829,0.7024698103954315,0.61064136111565,0.8008167923173284,0.631008780814888,0.603539810509819,0.8780986220159566,0.8993462962403546,0.7006298755376779,0.8471729589220338,0.7994463332173175,0.7392417557789911,0.8600247607956906,0.8790877279410195,0.9313409046439834,0.9097496783781182,0.7561180049257299,0.6070604701328609,0.08367450251126451,0.6491274491211053,0.5737006352479463,0.509715229714157,0.6887954240710229,0.7026098485145419,0.8151632719578688,0.8406793570490465,0.39239404514264165,0.6691495315301721,0.8558803994339644,0.8983904682274557,0.7840347375535069,0.7951935487878893,0.8272629148557816,0.791428246845432,0.6744674521383274,0.6665180645209233,0.706055460496435,0.5899611073098731,0.8218501409935137,0.829393120709543,0.7434146710120014,0.8080230703016987,0.8265241726998845,0.8341287939607719,0.7882974457791093,0.8400799068545688,0.8629078082734923,0.8370497835024264,0.8389250491009898,0.7949405221701414,0.8119341239934363,0.7320120548834117,0.9518395646088346,0.9346446270682977,0.7438755364482983,0.8377484508465554,0.751166660706354,0.7144204422490531,0.8080203524509182,0.8758847613410806,0.6149895812613461,0.6900016681189964,0.6496722788283816,0.884295645785951,0.7794485561332082,0.8977889996379288,0.7366237821316939,0.769103501022171,0.7393822791736986,0.756812925372725,0.7614069621035208,0.7442966741759613,0.7553415704879116,0.7957721543465641,0.7098896160365472,0.8247813209113986,0.8195694920184934,0.8419904487927924,0.7589098445148786,0.7907609535224656,0.8095219618505675,0.8358621969722566,0.4480403348982653,-0.35528934044379384,0.04013719072403102,0.28764357591770595,-0.33525367866212785,-0.6510888642943624,0.4554201731304284,0.22411050924713666,0.6409628006006448,0.7199836973442455,0.5771097754611507,0.6450614648114513,0.057030413797841635,0.5402438934136391,0.5302532614320441,-0.5458217689385929,-0.6396810137146608,-0.501592623668507,0.3622769241840343,0.27694542224003316,0.5341238344649553,-0.4426266234761585,0.5685625537392642,0.6986562976799525,0.7805953037451541,0.6545588116229372,-0.4481354319586962,-0.4751375070204323,-0.08941713310177182,-0.09177027115642024
ROI_2002,0.9676379021301065,1.0,0.6206237878763259,0.6623214494232581,0.7063901891185901,0.7463350133142655,0.5498295934601368,0.7652165737605088,0.6647110292483407,0.6383238039022606,0.8297692331944739,0.892297303708793,0.639521167258066,0.8473761095104392,0.8127288566675818,0.7754965006097,0.8455945253986566,0.8774886040845593,0.9102089293814658,0.90841621830688,0.77688240783863,0.628725493726553,0.07961973329621572,0.6392076581477528,0.5828721109741778,0.5053262540282193,0.7201405101453476,0.727244171263709,0.8088813797932705,0.8421397455518208,0.40106232456218294,0.6804561811416827,0.8595952097647587,0.9125028491195933,0.7965635985591223,0.8076809466935094,0.8246431744622806,0.7743686865344024,0.6890517672319166,0.6682507117661699,0.7094620106964394,0.6054384165197196,0.822563844832155,0.8395410089508187,0.7633508541704003,0.8378958643593128,0.8468889515620244,0.8340798110034662,0.7854563823383818,0.8346449818823705,0.8525252306020411,0.8174126922707439,0.8036776314326088,0.762391253023488,0.7970946596872345,0.7045651277536922,0.9345466042951234,0.9567312473622395,0.6987017966757711,0.820662847285682,0.7125603341140021,0.7141935193859228,0.7970218825198232,0.8781195684132089,0.5925713220108354,0.6727974484902689,0.6035134128981939,0.8703361321984874,0.7420672845213631,0.8866132522784509,0.74261338471199,0.781279470648812,0.7713171510196107,0.7963017834709268,0.7856864726658198,0.7678382014111237,0.7512029273905302,0.807172586946917,0.7084926488861742,0.8171248419657032,0.8182015775714561,0.857817722430661,0.7349823938833799,0.8134077212724278,0.8009980273760938,0.8218455700255748,0.4861905069429238,-0.3557674709898293,0.027803781938247,0.23969272184200702,-0.3380017560144587,-0.6019009532062864,0.41128646711162226,0.19860187886175135,0.6382763083383395,0.7311912817737144,0.6163109853142648,0.6405069296738657,0.058109782921402814,0.4988662063495864,0.5230871404340541,-0.5051678222364904,-0.6263243176703118,-0.5252694559320744,0.3786313964611522,0.30827231090069523,0.5319178496770923,-0.4557372382766248,0.6219376373797696,0.7125632942394843,0.7532331148520661,0.6224279007604614,-0.4205371283479328,-0.4646812862336778,-0.1051827235426301,-0.11118125747418753
ROI_2101,0.6041016176432465,0.6206237878763258,1.0,0.8193986361111257,0.5799674290424327,0.6038028517017153,0.7644258040320606,0.7123676983007767,0.7713431204529426,0.6794700424642719,0.4045315690531174,0.47786377395154345,0.5552258623693681,0.45568849921819077,0.6361756678790493,0.5309782848978518,0.5858678137469716,0.4782821116856337,0.6846700487510498,0.6053338224311716,0.25324835289389325,0.24169521291235604,0.6623324499314578,0.7235184784898908,0.5652908787134883,0.6812155991073778,0.3393093659167692,0.26548428857649015,0.5852384353122824,0.4734501854998071,0.7205717069625889,0.643849346394439,0.7313698053858922,0.6189664972151447,0.5485442947251585,0.4877187493621632,0.36123990175174014,0.27963820561373315,0.496690135273916,0.3186778949421447,0.1320707592302176,0.3852365886388056,0.47340690556252346,0.44081289953936587,0.5493747770780322,0.4370999147884451,0.4010798584341945,0.34248043406435674,0.619337344266879,0.503223920541406,0.4886140797155241,0.45121600311043564,0.39840075070632786,0.25366241589458255,0.41013575746787456,0.3360606232264387,0.6481667902783294,0.5573942344945749,0.6366196476762265,0.5288557430088489,0.6727382586311541,0.6385033707487635,0.6670744997052074,0.5547279563838097,0.5739983852838124,0.6341165000043407,0.6155054448703247,0.48248555391069003,0.48865678874489177,0.4830469444554179,0.5756345929450142,0.5527855600212604,0.536213341884223,0.48804418327853133,0.528018723452006,0.4331392881756132,0.5999185056584898,0.5385919234631484,0.5269410376751762,0.40056678331945283,0.5791552490278219,0.34131677239445607,0.2976461322339234,0.3113705189757333,0.542494133265969,0.3332404400103996,0.5079864167257657,0.25825381514667795,0.5196772157467167,0.29385848731497816,0.2622019587494767,-0.10298501363552426,-0.22468490077222675,0.09762714297261144,0.34843374921834824,0.42128207964328757,0.6128929113206228,0.464338170302168,0.4356648743606517,0.22612172639345307,-0.12548808569865955,-0.051674312881813775,0.05253519773264142,-0.02332094101639157,-0.14818618236572867,-0.1045769801286406,-0.11004992618351066,0.06113892978798475,0.4599065944889542,0.438815870720309,0.39379636307995886,0.40986721803611287,-0.28393531920953824,-0.39335522386806604,0.2505207765310312,0.2363037743142903
ROI_2102,0.676277757991443,0.6623214494232581,0.8193986361111257,1.0,0.5258136028841564,0.42415653641489687,0.903071823800745,0.9122170167084185,0.5689085380961334,0.4859811238372273,0.541494748812547,0.6079505666067035,0.6906417000029037,0.5011287044793896,0.5193468572909309,0.3854706729547026,0.6055417026447947,0.5150357276968458,0.7796878726597072,0.7623002924500887,0.29562486318455633,0.12215213007879314,0.6851068024254025,0.835964893119336,0.5393228156458079,0.7233045982481721,0.280874116331812,0.15805601725154625,0.49998082813821765,0.45526915820830993,0.6993459090717002,0.7165347393899828,0.7545318074399574,0.6545616448815197,0.4694983342375425,0.4612145731521576,0.3368201478530844,0.29066729358064364,0.3218279593011795,0.20133519973340716,0.1174467604781383,0.230097545879024,0.5374717630807074,0.46671529978100657,0.5820628697159455,0.4630448799020047,0.40522612914037826,0.39845294839756645,0.6254099765938338,0.5066378150865717,0.48983723717266214,0.4400226342706328,0.46003190249359205,0.3789839109797495,0.410560896608948,0.42101559578790115,0.7050417933653795,0.6178043603156522,0.724417244599168,0.6695738831057769,0.7276815763496618,0.7194733745379375,0.6773173968522007,0.5930198667332032,0.5872943732871602,0.713268010053037,0.7741162861713111,0.6022219479166792,0.7055074948679527,0.6168810360200202,0.44134854374800153,0.4842938286958632,0.4028932182416326,0.39755430964144556,0.3702516697114817,0.3079095327931072,0.5625617975588073,0.4832492476416589,0.4445772021867068,0.4379739498945745,0.5191736057113908,0.3582588684242712,0.24778655537816618,0.2771180880971086,0.49835187786564555,0.36964713385206377,0.22086665659107044,0.1298221185268778,0.31785879478720824,0.38795398661099156,0.18651984911156208,-0.3556697658296163,0.028008865654908184,0.21254337319684954,0.19132640303980417,0.29336802517091454,0.4004373607730108,0.40235465218004113,0.34606996593463746,0.3709013106996293,-0.03922301910046478,-0.25831291797279576,-0.08051730060844953,0.027099417985108624,-0.15997661346653114,-0.16859663943789965,-0.03688483077303888,0.04476527787698165,0.44016434707878777,0.34240827671574475,0.4549875516489905,0.42927615525664076,-0.3908984707110917,-0.47572433774885764,0.2684304223767517,0.2234773745994888
ROI_2111,0.6705044180621827,0.7063901891185901,0.5799674290424327,0.5258136028841564,1.0,0.8445659174665705,0.41069578255784206,0.6170927936124891,0.833180453227245,0.6890899119657901,0.5715605446548575,0.6414174427490632,0.5165824260835215,0.6797381154164107,0.8531817520421442,0.7594897336445535,0.6785978945507306,0.713082467535381,0.6818443425024289,0.6514901638140457,0.7203131235476783,0.6640705747453681,0.23294473270174426,0.6486031039923862,0.7893434067307098,0.674440178685476,0.8122146688128615,0.6636915480802502,0.6458932268068064,0.6831655308082117,0.500719388305724,0.680086860788754,0.658401414573841,0.6889220182126071,0.6443256148835178,0.6388885369630003,0.6069098495640508,0.5413953871985941,0.6270089090725546,0.5543285252715778,0.5727636799861301,0.5102115734557215,0.6700806683976909,0.6935941660113183,0.6854975093120111,0.7400169416270722,0.7118458571724817,0.6912499744061532,0.7238242380842965,0.7593483405676847,0.7224079122208749,0.7511421723158558,0.680767958404524,0.6822710935651484,0.6493156065186306,0.6133866052809089,0.732073299495977,0.7455643629937293,0.6086909770207467,0.6925363129230383,0.6015068710721088,0.6330406003333198,0.6551039538197261,0.6944557681836199,0.5690940700533061,0.6905049114512172,0.5511473967931038,0.7300023092435335,0.6049213517155649,0.7054006033171695,0.6421496432372089,0.6568852972795228,0.6947422882856576,0.6540873395417997,0.6314311327888588,0.6056499682615194,0.4879118456048869,0.5458174790759768,0.5925112455975805,0.6376356709905292,0.651434198331615,0.6906758749054983,0.6032642696102861,0.6721262161610749,0.7064608868556677,0.6886556281485454,0.5883274148642976,-0.19619612347692555,0.17456493250802937,0.28267180274960574,-0.22697175992559937,-0.4934423731681948,0.23149210140409163,0.16972846604744363,0.43358569839012817,0.5431859859700466,0.44261722347633653,0.5018026841886908,0.10497069544645966,0.414698444254546,0.36520036718725024,-0.42771032280836263,-0.4512060319860527,-0.39149437808363435,0.2577599596620888,0.22781926649756595,0.37740219389748864,-0.3144597896935888,0.46990186008136103,0.4766954455472859,0.5070646530506999,0.48004343497384533,-0.37681158231774287,-0.44331681768698344,-0.01046349844993147,-0.04653928686088657
ROI_2112,0.7024698103954314,0.7463350133142655,0.6038028517017154,0.4241565364148969,0.8445659174665705,1.0,0.2973915298086074,0.5178139958805796,0.8463276479950749,0.8813160529887718,0.6156773530788164,0.6594557313798047,0.430801716108465,0.717814699567232,0.8693995356893232,0.9202147698109769,0.7273534410199708,0.7379071694231166,0.6713665702806353,0.5898111499030567,0.6927426281933071,0.7793764587433339,0.037099363068560064,0.48175846656514737,0.5751793045680517,0.5415744095735793,0.8265028504180532,0.8294272370126423,0.8098401858557309,0.8082560341174412,0.4550437124256144,0.6379989650522976,0.7439532811382679,0.7958618367910806,0.802762001669015,0.7844318929938541,0.7227232920700244,0.6155985383992904,0.7784463743180914,0.7388011635527401,0.6750667397429644,0.6317217764796816,0.6661705235593328,0.7402499925072378,0.6423587802864236,0.747691817383053,0.7620989214904809,0.7124189538576876,0.6892624070706858,0.806061475887463,0.7743215257179751,0.7848176955621317,0.6944269297811996,0.6224412121696169,0.7233612555821948,0.5303712549196845,0.7183322270848905,0.7627752833320045,0.5702626432504349,0.6327057983490796,0.6098059681278926,0.6803421616948695,0.6972298675045427,0.7878061284759142,0.5554361292714173,0.6147973254119458,0.43960837155763294,0.7217533428204262,0.37466675312806735,0.6178584899934854,0.8149385368219091,0.8244287270990409,0.8706243254486246,0.8449733375812629,0.8578441129324191,0.844971284071776,0.684927759770706,0.7650899811844958,0.7562692986213605,0.7093448904771313,0.7898071023698733,0.7478361710108703,0.7075140927829482,0.7579187843410268,0.7413769168227057,0.7112580627196983,0.7236568956230248,-0.2956658280487677,0.19748301708520705,0.05452429578062644,-0.2696808228971815,-0.32378804583498644,0.18789087082169006,0.027516599662316437,0.6417223655587013,0.7620329860685722,0.6890340703347217,0.5449976380490407,0.0947051292613899,0.2641350895475122,0.43410591324713865,-0.24978541348519642,-0.4810930483671643,-0.6065890745524402,0.4177056652362095,0.4179724962344746,0.45995528188321316,-0.4951947942616511,0.6148197053468615,0.6773476127047149,0.5548196603248025,0.5332991374143068,-0.2537099613826053,-0.3290772502181895,-0.17452563754369593,-0.1716678942724407
ROI_2201,0.61064136111565,0.5498295934601368,0.7644258040320606,0.9030718238007451,0.41069578255784206,0.2973915298086074,0.9999999999999998,0.8745305977529843,0.5166192573000017,0.395415960540297,0.5181836571970043,0.5150021705052839,0.7387698184928186,0.4134943081181492,0.46039231218289334,0.28396968987336035,0.5649092650137943,0.46096488617470993,0.7078388438075942,0.6643329678575177,0.17447671027838707,0.02980013951903884,0.6686876109109064,0.7345127354445414,0.43010807095473724,0.6143907131698271,0.1701608103528022,0.05130998857780416,0.46445818799019795,0.39881223414345685,0.6546858577515456,0.5941476254926439,0.6950823087264482,0.5589634814261242,0.3689696383495522,0.35523915010323803,0.2593394464652361,0.2348490967776085,0.2137771235367908,0.10511995756419594,0.027245977634178208,0.11439899295297196,0.43236421910751444,0.3536645300701727,0.4663308463517893,0.32850099655962983,0.27394448299680557,0.28913186298070304,0.5419260354679948,0.407480741876426,0.40579293286709633,0.3606427296398566,0.39183728370093246,0.2994733543055777,0.321919136192986,0.3425641589624945,0.617560440402913,0.4876266952791544,0.7100435453040309,0.5743013012558308,0.7408745961028699,0.6483719781036793,0.6275975479988362,0.49148549189399515,0.541798894244231,0.6229754701679303,0.7433720038060171,0.49335783312293086,0.6620177782168282,0.5375681021154323,0.35229363767507305,0.4026120896838492,0.299000825003982,0.29817664147590156,0.28201816345196457,0.22489965535931525,0.4973334158904204,0.39580688183628626,0.39085323984914705,0.4085167068620992,0.46408119707707324,0.2586403032403817,0.20149046961274697,0.17828707459865778,0.42922444155232675,0.28088837721072696,0.11716084472926977,0.1635284438555201,0.3296175124735849,0.3783264272410266,0.23697526187406662,-0.3141033878407136,0.009495190011366152,0.1943114767351721,0.12813918689253767,0.2215495195513503,0.3197685259656895,0.3290659641120118,0.34259895154765296,0.33440238252109916,-0.0972736219956106,-0.2205248253603941,-0.011332446775466843,0.09447900085652026,-0.21562108357939416,-0.2302900007955926,-0.09942862632591509,0.09804089334697136,0.30311790356102364,0.2621489203987705,0.4283848166701399,0.40183274398194235,-0.36651617806980874,-0.40051539857173335,0.2853096395471894,0.25735478633634373
ROI_2202,0.8008167923173284,0.7652165737605088,0.7123676983007767,0.9122170167084185,0.6170927936124891,0.5178139958805795,0.8745305977529843,1.0,0.6037704443440506,0.5190892224315555,0.722900823363913,0.7723752297410069,0.7640888661310583,0.6766825162369159,0.6338155107108754,0.5062702855404618,0.7222438883042478,0.683988245476973,0.8392093840494196,0.8331739374232682,0.4599647984890572,0.2805203142030694,0.48738654321619995,0.7976737921095202,0.550094794091278,0.6578890518929775,0.41927369714639423,0.33376543264060277,0.6316423298330218,0.6301996590187189,0.5862955583410915,0.7139353849825735,0.8052931502966405,0.7693462150148112,0.5689303781032377,0.6022937936765919,0.513670542042647,0.4977356606590972,0.4290974448506847,0.35504648851085957,0.3241685979187782,0.3594119048928191,0.6139535415728729,0.563511064202929,0.6152276286831017,0.5641144374159855,0.5457769468668158,0.5533797987145266,0.7011194292203125,0.641155576122546,0.6293872110462362,0.6030667571150066,0.6083161681668242,0.5567111696504475,0.5668546244889715,0.5944044722047791,0.793747919944356,0.7194286660423503,0.7774891492286169,0.7834398448099463,0.8016503748152092,0.7873213988454801,0.743234689553522,0.7235334006822735,0.592787563584814,0.7374875417891016,0.7820063058405836,0.7367818739469736,0.7841478617893408,0.7319514520936128,0.5195293598335253,0.5681337415975966,0.5356370115497318,0.5303279083798836,0.49345648762818484,0.46826442324314876,0.647806871505877,0.6061531253348732,0.5358775878988458,0.6048088739175412,0.6132964587247207,0.5414261149241149,0.44046659486283674,0.4545595151370388,0.601222269790833,0.5561243432773741,0.2937122154950789,-0.024411088526806218,0.22670608174224696,0.4592324285058259,0.008108105853632946,-0.5506267907636978,0.18486068948513554,0.2984521062344385,0.31611639964826443,0.4499281616781125,0.44545801108971667,0.5334283641172098,0.2737575073575601,0.521723991386267,0.16143383095887634,-0.46223184882345214,-0.2960345653918497,-0.11650168555887072,-0.010074522048610224,-0.06910995947712643,0.16001999310935364,-0.08083517235314959,0.4362313698535663,0.44931860424315123,0.6342943653437028,0.5584881155399885,-0.48900944245489664,-0.5327170752761132,0.2033220892202478,0.17780132909844737
ROI_2211,0.631008780814888,0.6647110292483407,0.7713431204529427,0.5689085380961334,0.833180453227245,0.8463276479950749,0.5166192573000017,0.6037704443440506,1.0,0.8640700448037776,0.4719906014104318,0.5533308953855554,0.46513900804798697,0.5468309012120275,0.8278938778641738,0.7312033569175732,0.6617009125514371,0.6380192628737827,0.6378398668649257,0.5720190874711464,0.48437021824167764,0.49685926637084504,0.34928459511112936,0.569716166753424,0.6644526514335111,0.6588777156753228,0.6139468083575759,0.535858044586191,0.6711365639181225,0.6281677428754837,0.5525406321167711,0.5743840940013918,0.7066875494238816,0.6632939336870172,0.6342911450463882,0.599079128687806,0.4935410243935164,0.3856868077531768,0.6652225495746524,0.5052970768337398,0.3823855731374164,0.5048093550345447,0.6061565839307643,0.600441427259567,0.6675551362338088,0.6391242251548422,0.5825828806639158,0.5377451154136255,0.7387054935084038,0.6910208874732645,0.6615907775126558,0.6392850609990592,0.595918700939443,0.4751212317674877,0.6062479879853013,0.49230500654819764,0.7040029583123342,0.6851185705485754,0.7004941987076411,0.6431106328535808,0.7080440398292402,0.6799917465207816,0.7296088480917506,0.6667353843873726,0.5707074956118051,0.6482422675240067,0.5862473703343416,0.629085504624468,0.45612484908370315,0.5845067096940324,0.6749420642611734,0.6497856777470343,0.6904315783519397,0.6440321853143793,0.677185905816656,0.6225753899369335,0.5840903157029762,0.5882157226050361,0.6402890797191735,0.5656724078948742,0.6854608640448302,0.5460721208097596,0.48294938379558355,0.5152506726871103,0.6499219946423607,0.5182975125627967,0.670261313696608,0.045273640160950444,0.4703374839895802,0.29344096046384305,0.025716684673153092,-0.23193237329981603,-0.0419533923181753,0.07930679405100334,0.4406482808987854,0.5793970581366792,0.6335079340539923,0.5283863491657211,0.31028324713047384,0.2892337491980568,0.10628785246606141,-0.17044066212666076,-0.16519965595031294,-0.24285343039965596,0.07760613803500063,0.10237417695966629,0.1232689794639614,-0.14410957720509,0.5089178518235715,0.5495519296745188,0.47116301003298755,0.4716186188775772,-0.292483728705459,-0.41800810689705775,0.10331696085777321,0.09342380478596633
ROI_2212,0.603539810509819,0.6383238039022606,0.6794700424642718,0.4859811238372273,0.6890899119657901,0.8813160529887718,0.395415960540297,0.5190892224315555,0.8640700448037777,1.0,0.471188802894499,0.536792650209232,0.4361905398558181,0.556728084988063,0.779288634671571,0.8241057669369056,0.6405399598989885,0.6024652161176669,0.6083922812477343,0.49907580953489855,0.4466189608662773,0.5841913086193548,0.21746636870613986,0.48494812915101987,0.48611642283992107,0.6138946649118845,0.6325082591796661,0.6332296681016655,0.7171802339645532,0.6783468639105703,0.5204088998482864,0.5389940957813814,0.7313821645216574,0.6886108081478212,0.6645711750578926,0.6257871177416413,0.5118109843467262,0.38897060115458304,0.6665134187206425,0.5671292214222695,0.43147267531623407,0.5049416001934848,0.5550458308591739,0.5919157600568543,0.5680232219067798,0.5947316235020312,0.558809600040404,0.5001256312196024,0.6127459746856182,0.6455412919529662,0.645541774565204,0.5993451235449149,0.5610138567191312,0.41557806167602995,0.5809756393954435,0.35085078314583173,0.6500499116604727,0.64751616237798,0.5913579889972267,0.5232107936478488,0.657598137427378,0.6915926232412143,0.6748143117504801,0.6674031748413667,0.5486023194737277,0.587380718869668,0.4543406988587896,0.5643135327056448,0.2824296528191455,0.48210159409539455,0.7489218136808495,0.7473220741267487,0.7337182412681144,0.7090033950042218,0.7207955216288338,0.7058733993782113,0.6382083287863943,0.6576117704770157,0.7115026041933686,0.6051120958778661,0.7291783513666522,0.5446544112377851,0.5053523265220283,0.5099746118054191,0.6432710866673303,0.5172459616129417,0.6409987298754245,-0.07930471952900449,0.4038492602606265,0.06669196391725829,-0.02352465116819568,-0.12700408878891437,-0.0048384197092242055,-0.04638607062753131,0.5012909443760486,0.6270440034607749,0.6701546945609734,0.4178884332533575,0.22199948403849037,0.12278375127394481,0.16628397390593547,-0.024250330403323347,-0.19952534714693945,-0.3918787935487698,0.20098154452313927,0.24816552051600155,0.19298174739822235,-0.3071285661960242,0.6249040697209777,0.6129289956914337,0.40878316729283753,0.4195372960616495,-0.16299174024724544,-0.30902997623134776,-0.05033827592008341,-0.05505939114933218
ROI_2301,0.8780986220159565,0.8297692331944739,0.40453156905311743,0.541494748812547,0.5715605446548576,0.6156773530788164,0.5181836571970043,0.7229008233639129,0.47199060141043175,0.471188802894499,0.9999999999999999,0.9276556211716992,0.7580260539976355,0.8699872791008442,0.7255928300948562,0.693294755564909,0.8518464335934306,0.8668180037854172,0.8260440313416754,0.8143333323238906,0.7453657999480368,0.5902415938466087,-0.012177249635967967,0.5574735772736957,0.41958395802168735,0.3626223176500824,0.6353489472758997,0.6905180494372104,0.8332758573982765,0.8560307443405752,0.33448359315401716,0.6356316822104746,0.769867021572672,0.8279865776216759,0.731674946760236,0.775868230934471,0.8158045807172875,0.7911034186323922,0.5949736351059125,0.6345248355713166,0.7283396593273574,0.5293519128655766,0.6723160962572445,0.7139078780776428,0.5559317773472191,0.6973970138507566,0.7683394511565496,0.777732468025271,0.6433171161756728,0.7754468255873821,0.7727509906956452,0.7923244523438135,0.7678210167369429,0.7889071524953667,0.7804289151811471,0.7127913199443827,0.8065713239797925,0.795647330662448,0.6191183038797445,0.7444845529044388,0.6939399817601539,0.6880607830254127,0.7836890112572927,0.8884953339601697,0.6038774025959978,0.6459048241598909,0.5339780289623376,0.8286913643338362,0.6474232070409509,0.7687244770942213,0.658153615391385,0.73603634031875,0.7458773374616016,0.781996050734273,0.7279483910492139,0.7602214749585494,0.7226329780523634,0.7743845133514269,0.7133662200446554,0.8095144990268358,0.7491912970489131,0.8087262270255947,0.763099858307442,0.7595334596217659,0.7333725586959252,0.8161476728222459,0.4282874686351719,-0.4245017425775531,-0.04451091352376393,0.23728331587614696,-0.408457133393328,-0.7166703934682288,0.5348099182534659,0.27096542802219564,0.5524871696287631,0.7151878347278924,0.5193207353859951,0.6083696334813965,0.01430609748648419,0.5571732113004142,0.5933546087273974,-0.6240884883556055,-0.7091884025552391,-0.5517508093980975,0.41547694483154124,0.30624401792933137,0.5935309613411355,-0.495807897894895,0.48843883830156976,0.6224081571563288,0.8087687158268501,0.6903172554612864,-0.4656542224457599,-0.4481945069408979,-0.12714771434301694,-0.11860581965214897
ROI_2302,0.8993462962403546,0.8922973037087931,0.47786377395154345,0.6079505666067035,0.6414174427490631,0.6594557313798047,0.515002170505284,0.7723752297410068,0.5533308953855554,0.536792650209232,0.9276556211716992,1.0,0.7615756615385315,0.9261075650731657,0.7801668276900269,0.7435939644592906,0.845717568282941,0.8907896690773723,0.8400452118411363,0.8575051938804276,0.7658867156048752,0.574569891447342,0.053112660673194485,0.6390079933115194,0.501965451755719,0.42230853958508147,0.6896720967626877,0.697405152921979,0.8105018144663713,0.8522945085608373,0.3761808264713171,0.6943951140205348,0.7882914687423056,0.8505096711208786,0.7550364433885062,0.7988109636456056,0.8076081926097235,0.7962143221976916,0.6156329817995368,0.6329147542885061,0.7047130039823752,0.5612718117810486,0.6912478376383848,0.728766153513389,0.6109085379849234,0.7415090910452542,0.7829735531522072,0.7790326018710533,0.6969598218000658,0.7920895415297119,0.7889747541249098,0.794701850630016,0.767025334285462,0.7722977755808165,0.7840429980590954,0.7460282442517135,0.8416672083925305,0.8674395436970993,0.6594222711734756,0.8115345985853116,0.7194535467832129,0.737736728970221,0.7960587930153011,0.915761804003204,0.6544952735549192,0.7168638262997802,0.5541129394310762,0.8467435823997539,0.6765532234479888,0.7939461842350464,0.679693298402895,0.7399992193870595,0.7532958683373896,0.7884771045001904,0.7245700611714968,0.7454020944699093,0.7195441511668087,0.7821743178945458,0.6928814547243417,0.7999054734223886,0.7437958716360499,0.8378491425839829,0.7322610590597205,0.768086688879513,0.7788388203702579,0.8414490893429843,0.4716265848712798,-0.34586241708497345,0.012926819535487608,0.3271619395110905,-0.37254163437572047,-0.7093625499381386,0.4605964757757778,0.29949258656381805,0.5441091504375728,0.7066363210583336,0.5473286923239886,0.6502376886019026,0.055851703483726686,0.587525503853619,0.5486952407445677,-0.63691945063982,-0.6694909700314844,-0.49175755870093896,0.3670017720918279,0.2596532709709519,0.5494030700154434,-0.425484423523962,0.5464878330923484,0.6249525379308504,0.7969919854835625,0.6609891043776386,-0.483459200743831,-0.4870233928708605,-0.06840688249095515,-0.07168888374425242
ROI_2311,0.7006298755376779,0.639521167258066,0.5552258623693681,0.6906417000029037,0.5165824260835215,0.430801716108465,0.7387698184928185,0.7640888661310583,0.46513900804798697,0.4361905398558181,0.7580260539976355,0.7615756615385315,0.9999999999999999,0.7357887684035731,0.6715966412585603,0.54900048768043,0.7088565970554584,0.6782838029534151,0.7565794721031299,0.6923759583534895,0.474711141279016,0.32009593088659166,0.420866459528794,0.7527127079363898,0.49717502915034334,0.5706581892850542,0.4852860220643367,0.37774981446837347,0.6470596861550911,0.6301223557607539,0.6134097383637541,0.7182585463276755,0.7027693326326467,0.6279207671301581,0.5416392142587071,0.5384320514394634,0.509096847411308,0.5025727572794779,0.33807644542671245,0.3259065252819496,0.3600223729983258,0.2812888661146778,0.48194389596197335,0.491811232129314,0.42355767724105725,0.4696764628402762,0.48088989785802444,0.4863218329239432,0.5131844742655738,0.5414996721298206,0.5495725082012294,0.5607702934881243,0.5485307413636065,0.5288583783353485,0.48791754044293156,0.4893622236506343,0.6832293886360462,0.5965240034495726,0.6116025900997931,0.6004753129775033,0.7240996485313517,0.6891706533922402,0.6672504411047357,0.6506708218938161,0.7530714337494651,0.7621981268828151,0.5631709732964495,0.5923391687296751,0.624480835279134,0.5892751150674641,0.46874548909206476,0.5667745450333015,0.48115466886184294,0.51823641323134,0.4241226612430859,0.4336277680466432,0.523870500261261,0.5102988870625974,0.5542511770423472,0.6204056683679628,0.5854606500645592,0.5185921823125939,0.4688297747624606,0.438727760167477,0.6539814057829746,0.5708642817308619,0.24535449840327378,-0.10845303575725783,0.14940995571020993,0.30658666759321773,-0.09911001445567766,-0.5443783727206069,0.28824992851573766,0.23448586279389685,0.24986478057744615,0.39608154322421274,0.3097618294647326,0.3732404119278793,0.12997713493895038,0.41882116914535716,0.24348993144424755,-0.43327911961025434,-0.3590273358552853,-0.2100198175459205,0.0938964105486871,0.02814443977533163,0.24254251940371332,-0.20170350822030644,0.3876150901490507,0.3350158564558735,0.5332904296784324,0.4697843598135753,-0.3983501987539878,-0.40281346565310855,0.07601987984903263,0.04493090247148978
ROI_2312,0.8471729589220338,0.8473761095104392,0.4556884992181907,0.5011287044793896,0.6797381154164107,0.717814699567232,0.4134943081181492,0.6766825162369159,0.5468309012120276,0.556728084988063,0.8699872791008442,0.9261075650731656,0.735788768403573,1.0,0.835191925280999,0.8304701931886741,0.7928155018302605,0.8695837890132914,0.759089167432355,0.7425402149161644,0.8332208354741383,0.698324744602997,-0.027545700471713817,0.6519473366299454,0.5398921387775031,0.42268099644383234,0.7956603677173827,0.8155048554802115,0.7996990280803244,0.8604477245840876,0.35123953434645544,0.718168108622767,0.7124115098129867,0.7968610518041865,0.8053546715222865,0.836321268857983,0.8499097388635721,0.8397108428388659,0.6378819698146543,0.6684235403225725,0.7932564393427021,0.5663582436617962,0.6577166820571185,0.73328038039207,0.575572200170134,0.7577609151735477,0.7996650923773119,0.7984145351108176,0.6400126668403111,0.7997711255470782,0.8061734793982588,0.840755891381638,0.7676338390533646,0.7792436852134103,0.7657531150699478,0.6716831402454397,0.7807639459071577,0.8247946981084752,0.5461643043013007,0.7332535017891335,0.6134690034664054,0.6718185609480722,0.663782079679547,0.8472516862475294,0.6914506510781956,0.7414384266146306,0.4085714382094249,0.7915567397110803,0.5844540300597139,0.7373349860525004,0.7372465702644132,0.8022863069361847,0.7863390017588708,0.8045594306648148,0.7471661691952991,0.7791257298337727,0.6623593405372031,0.7680499112152989,0.6806339012629865,0.8101526391981593,0.7401845567200771,0.885029872975378,0.7762035245629264,0.8528017935598183,0.8329216185157833,0.9009240702130696,0.4774084823672166,-0.4613891698224453,-0.10972488139889887,0.16707852741410936,-0.5158315474648809,-0.6428714144211265,0.5167125669374649,0.17053420749904413,0.6230478846218745,0.7224986654588016,0.506935778308719,0.572260733542235,-0.11560694208913382,0.4660732483269208,0.672733527577308,-0.5765407898483725,-0.7534565580933341,-0.6397942676140322,0.5328103781502161,0.4309182434211832,0.6783601679144973,-0.5680240333829316,0.5622296834752788,0.6486739781278151,0.7355799962880365,0.5592083095368551,-0.3540036619898318,-0.35100707584779006,-0.24463499867638933,-0.24533010702571062
ROI_2321,0.7994463332173174,0.8127288566675817,0.6361756678790494,0.5193468572909308,0.8531817520421441,0.8693995356893232,0.46039231218289334,0.6338155107108753,0.8278938778641738,0.779288634671571,0.7255928300948562,0.7801668276900269,0.6715966412585603,0.8351919252809991,1.0,0.9122095250287239,0.7993774516296498,0.8384700982844668,0.7721825135203246,0.6970257005343916,0.7778470855504223,0.737367251513288,0.14798398851369168,0.6755922080245159,0.715413518686636,0.6195563598818197,0.8649277889757472,0.8106661458880764,0.8278355550923873,0.848681072990698,0.5236823874388334,0.738590880123324,0.7699002345221536,0.7852607588161293,0.7972328649257648,0.7700095431436842,0.7602565117836799,0.7058824347153322,0.7176519183013214,0.6693542060953809,0.709213834991064,0.6012649263857689,0.716096909205019,0.7655200091694175,0.6724891137816723,0.7870512044081251,0.785873725729725,0.7653907292441097,0.7380017552582991,0.8254004079135835,0.8205361380801284,0.8483076783742842,0.7643992956531352,0.7343920608244877,0.7578852020833182,0.6480196820574752,0.8035401684050656,0.8115396927158174,0.6420333771947843,0.7151475769680403,0.6783853081324007,0.6707011446509833,0.7418004788519206,0.799643212370142,0.7251427758427602,0.7467026914465679,0.5094791519452172,0.774553401545599,0.565865110278145,0.7373618706349602,0.8065380075823906,0.8104754438401973,0.8260819253457539,0.7975035387363888,0.7892626273967309,0.7869228146469767,0.6425465472400647,0.7270399824157271,0.7497705967506058,0.8005162304347436,0.8123875555365125,0.8232135192579829,0.7600100278294636,0.7912567273173922,0.8689626078786474,0.8298610607603084,0.634119883444452,-0.29562875630731356,0.155622731075009,0.22477231739006048,-0.32908538692176226,-0.5061961977995078,0.3141769123407162,0.1305116121938232,0.5955871848216315,0.706639127687263,0.5713775695485815,0.5867461136478623,0.052741287152864295,0.41582527673576897,0.4907092043276563,-0.4356472093459132,-0.56408940341387,-0.5461587426992334,0.3962320845824141,0.34777486229023363,0.503715071334939,-0.44676725413468926,0.5487323063466871,0.6418596441636599,0.6376880717281584,0.5481633590468832,-0.3476864453936969,-0.42766259724183786,-0.12205445634909666,-0.12846525128386402
ROI_2322,0.7392417557789911,0.7754965006097,0.5309782848978519,0.38547067295470266,0.7594897336445535,0.920214769810977,0.2839696898733603,0.5062702855404618,0.7312033569175732,0.8241057669369056,0.693294755564909,0.7435939644592907,0.54900048768043,0.8304701931886741,0.9122095250287238,1.0,0.754804006118685,0.7988590768711834,0.6835922790715364,0.5912611783943035,0.764339018416328,0.816219651970211,-0.03045592360866189,0.5229052404732777,0.533796189608526,0.4949664644882168,0.8753070612248316,0.8984972189039948,0.8588944611568333,0.8870066867902043,0.44330079178253523,0.6952373476048058,0.7373192392304578,0.7970304752983273,0.8392463086214831,0.8115357252137333,0.7958443708779126,0.7225711358769833,0.7464759589868347,0.7462476043236953,0.771700045627596,0.6372249886623146,0.6426855915042081,0.7465989381638242,0.5686446219606027,0.7547436972254598,0.7887919689742142,0.7401626211045786,0.6268782701882692,0.7945093363298634,0.7921953070188619,0.8166126795213351,0.7113065934675333,0.6685055828541995,0.7322689932916076,0.5391616047207826,0.709619519273325,0.7652411189359751,0.5204597503984625,0.6255540617256723,0.5872760579428649,0.6662259360335984,0.664950354639634,0.7932971144336565,0.6524168824523435,0.6625050946640181,0.3368338770768513,0.7087940870549486,0.3538060349663984,0.6129867083731805,0.8286826814295312,0.8519229041110989,0.8747820103771038,0.8673424768761382,0.8549380808251833,0.866453587534467,0.6684845017598511,0.7886323448284981,0.7983620163277377,0.7987556862365744,0.8335852410152316,0.8398733638269024,0.7908265438661379,0.8306653495655323,0.8311077166942885,0.818197851198339,0.65591351930664,-0.40772674876966686,0.0634370182784758,0.012065140874797898,-0.40060904096194294,-0.3904963031193351,0.3153903773047318,0.03324843762111582,0.6851029022929925,0.7774054048391875,0.6430094114923602,0.5316640840278166,-0.01723959568054838,0.2758962294467905,0.5566991060270842,-0.32014866177973383,-0.604836100463203,-0.7031511961846147,0.5268579210309259,0.5020112052561202,0.5804731618350231,-0.5904397053758721,0.6411637036203934,0.6871353758323516,0.586558616405375,0.5119296049022521,-0.2348763134907896,-0.31846339345180563,-0.2601964046298627,-0.2582425591586996
ROI_2331,0.8600247607956906,0.8455945253986566,0.5858678137469716,0.6055417026447948,0.6785978945507307,0.7273534410199709,0.5649092650137943,0.7222438883042479,0.6617009125514371,0.6405399598989885,0.8518464335934305,0.845717568282941,0.7088565970554584,0.7928155018302605,0.7993774516296497,0.754804006118685,1.0,0.9514968478546647,0.8673709356469718,0.823849107142269,0.6563983070786251,0.5603828891191475,0.16184166240320536,0.5555660330716752,0.492528431508555,0.47966126884056787,0.6531103818588871,0.6424763031509365,0.9185696497889239,0.8878221002706537,0.5005469497513115,0.665510556498209,0.8654159412940345,0.866706531477541,0.7934229617121683,0.7884050192471942,0.7916185617014475,0.7300135922579742,0.6835537523283912,0.6619764944716233,0.6148687643254767,0.5790436425370143,0.7656062631364084,0.7901222910505263,0.7110112002593448,0.7583358178060224,0.7962623262595239,0.7740765976705805,0.7866177592609163,0.8198506460348812,0.825858144989439,0.8172283143922795,0.7791990472386959,0.7287572762399442,0.8036933239143979,0.7334692923301169,0.8858457188073693,0.8417823588713792,0.7300658372234573,0.7585569256671069,0.7602906221249064,0.7127080362850432,0.907326207480184,0.8938444611277834,0.6728562747344345,0.7254359391676332,0.6629741582009246,0.8411484289406714,0.6858411132454725,0.7821183340122719,0.6765602740893155,0.7613978433302089,0.7978632111805057,0.8147028365533454,0.7681331368381777,0.7809026684360478,0.7938606422801509,0.8178704811727396,0.8709005390176984,0.8750479158843909,0.894760256957362,0.7865054356414009,0.7539511619985347,0.7175442459321003,0.7920838365210036,0.7617174472186197,0.5676701578909003,-0.1915700930117884,0.22673848918727718,0.3376327470904015,-0.15200412252746667,-0.6101498861228135,0.31460735217865404,0.2784765537203407,0.5627862153859067,0.741855271641736,0.6703204513019942,0.6723714076448292,0.2569310197105954,0.5560902198359456,0.3745398660593347,-0.5111251567739713,-0.5100870882730963,-0.4224990014403971,0.22818557895029434,0.16080566494356732,0.3833478800045,-0.3407513521929791,0.4642322143299324,0.6336834606818038,0.7820472862588711,0.744260558445586,-0.511893339511954,-0.510493304816318,0.04718226572540159,0.04456791962981531
ROI_2332,0.8790877279410194,0.8774886040845592,0.4782821116856337,0.5150357276968458,0.713082467535381,0.7379071694231165,0.46096488617470993,0.683988245476973,0.6380192628737827,0.6024652161176668,0.8668180037854172,0.8907896690773724,0.6782838029534151,0.8695837890132914,0.838470098284467,0.7988590768711834,0.9514968478546647,1.0,0.8361034161465751,0.8189369953194635,0.770907702412011,0.6478194421775707,0.010366581382256119,0.5381855702101326,0.528739339651141,0.4271449845515155,0.7599364295276323,0.7416344001564811,0.8881776236402241,0.9311200066314849,0.3705527802892022,0.6377760101808293,0.7947189929125177,0.8483909369798959,0.7889587875189367,0.8022016654254821,0.8379684758506958,0.8102696496385108,0.6733809445831187,0.6852307656027685,0.7293606091880214,0.5927458906457237,0.78577229066868,0.8254033325168755,0.7136110181519384,0.824901318008387,0.852661470699821,0.8408222086959859,0.7763528328222776,0.854566873327239,0.8542702718525873,0.8654954882998604,0.818608595819506,0.8137245368322459,0.8247997182395355,0.775300540814334,0.8792042136560158,0.8874485620715407,0.6917304615318658,0.8012079987326137,0.697090649648175,0.6707071912162891,0.8351770953118125,0.892412701203826,0.6511804984735923,0.7084659833943405,0.5791430130798821,0.8701462949211527,0.6946821097187366,0.832213006268815,0.6760268991393144,0.7561402428184564,0.800369777633502,0.8250201758387197,0.7709478290703273,0.8010790454638841,0.7122524255283179,0.7894789606734641,0.8404353357144198,0.9293715304691974,0.8716738783413843,0.883487982711338,0.8125258859853017,0.8182899339985852,0.8143449650872749,0.8529038240650747,0.5332422774698387,-0.3457815830341697,0.06066965888381385,0.31261016909256534,-0.333569526415443,-0.7052712500613039,0.44920955851930805,0.2858018392259804,0.5835912330183649,0.7533343769712735,0.585352646853307,0.6597022508983971,0.1001827231717702,0.5846088626822346,0.5373557327302196,-0.6009157659465053,-0.6645514954941467,-0.5264007768687972,0.3662308810727963,0.2691027201238513,0.543111952568428,-0.44916673911971866,0.46867592903255956,0.6309061435949,0.7961579531437477,0.6997755267193839,-0.5024253942628741,-0.4688037747358817,-0.06046665022651116,-0.06469581688355777
ROI_2401,0.9313409046439834,0.9102089293814658,0.6846700487510498,0.7796878726597073,0.6818443425024288,0.6713665702806353,0.7078388438075943,0.8392093840494196,0.6378398668649257,0.6083922812477343,0.8260440313416754,0.8400452118411363,0.7565794721031299,0.759089167432355,0.7721825135203246,0.6835922790715364,0.8673709356469718,0.8361034161465751,0.9999999999999998,0.9435629825576638,0.6461245650953168,0.5045193357906586,0.28809359125300626,0.7099697041328357,0.5900300008708396,0.6030955459702577,0.6382960272038766,0.573095479077236,0.7950419376431027,0.7927666714326809,0.553318384629694,0.7098879255959826,0.8971758996653395,0.8864022429199145,0.7079357230501577,0.7032712524561106,0.6994382151250176,0.6475290190408778,0.5798901575217672,0.561298878087808,0.5518862324835956,0.5038681835446186,0.793056045763905,0.7826050044478441,0.7242882037874486,0.7381561556674768,0.7458384235983347,0.7460039673916089,0.7537718211181867,0.7656540251362018,0.7774478234798579,0.7479582964585305,0.7609618118850263,0.7124797683991432,0.7138970075262481,0.6649134004386151,0.925711072805311,0.8753732230426032,0.7565397411561421,0.7885180814516871,0.7648639415411477,0.7258572427403875,0.8386429924717264,0.8406241949805562,0.6291149453953846,0.7028644159107174,0.7383402248356525,0.8423658428572963,0.8088220114598705,0.8649653429884154,0.6690101968479175,0.7264269884472221,0.6865569645995375,0.7029842189433285,0.6832553322114854,0.6593317515145835,0.7268824530466493,0.7294919371238374,0.7185064872024403,0.7913056343339527,0.7995987964759964,0.7280433781034931,0.6581750025211145,0.6673910358148348,0.7481336116388964,0.7167746713688127,0.3994002842108681,-0.23643773935079415,0.14460547808639354,0.30937536585892966,-0.15583557726480435,-0.6054346569167811,0.34119513528623535,0.2459210667273475,0.4969709609098895,0.6058400082021512,0.5275575135560022,0.5738650377301885,0.17908859068750888,0.5137003399866634,0.3652377978933872,-0.4793674644790704,-0.49523650960839577,-0.373913825520753,0.20389047476060607,0.1429362646068367,0.3718821211595587,-0.32802473265281623,0.5284620930338785,0.5785106667149694,0.6877272930955337,0.6416978447870174,-0.4827716397092161,-0.5046167595598094,0.035122148091836586,0.012364498149793393
ROI_2402,0.9097496783781182,0.90841621830688,0.6053338224311715,0.7623002924500887,0.6514901638140458,0.5898111499030567,0.6643329678575177,0.8331739374232683,0.5720190874711464,0.49907580953489855,0.8143333323238906,0.8575051938804275,0.6923759583534894,0.7425402149161644,0.6970257005343916,0.5912611783943035,0.823849107142269,0.8189369953194635,0.9435629825576638,0.9999999999999999,0.6382728095225381,0.463047362577808,0.2331491529722508,0.675071501337982,0.5773737321044028,0.5260448117822968,0.587777918068942,0.5279883116301813,0.7243940106407339,0.7376551963269888,0.4315381068033934,0.644794636856322,0.8361365173709285,0.8700593796351264,0.6566940563166522,0.6840385248511326,0.6923063439837231,0.6544424851699334,0.5561587297842948,0.546602235459675,0.5384690145350509,0.49814584712941506,0.7977813786640576,0.7688038921385033,0.7498846257231593,0.7471766108343323,0.7551658608528701,0.757290229618242,0.7651779548858519,0.7510365617684035,0.7549766563919528,0.7218194088703753,0.7385240454602688,0.7316813799631176,0.7272842530621305,0.7317675405606847,0.9028708314120102,0.8790733519755761,0.7211379375534988,0.8019024957528824,0.716166166228916,0.6712811465990132,0.8128491083764108,0.8309302726685748,0.5406191407122487,0.6461723588238941,0.741737806099366,0.8617618416497358,0.8718180588257539,0.8960920500514395,0.5945731161328209,0.653970467928538,0.6518631347095742,0.6792009303404996,0.6259176461432433,0.6092695197215231,0.6917655609160107,0.6949284609810137,0.6335814882228715,0.734391809687934,0.7198436306928971,0.7191358505916606,0.6194371647177956,0.6444218725595431,0.6936974006635209,0.708943208945192,0.38528418785494734,-0.20822227805702104,0.1170066414022777,0.40153433400986677,-0.17302234213616852,-0.6870637705415684,0.3719288601116883,0.3362969840095766,0.45912985289401864,0.5910536820254849,0.5005222323926733,0.6115017781454591,0.18834354592480895,0.597316081979588,0.36816702570342097,-0.5792799442060989,-0.5129136055248951,-0.3060717162241634,0.16536354269556508,0.07957124963939555,0.36754867422476706,-0.27030548264579585,0.46859796639799356,0.5704097980586165,0.743592122594537,0.6650426171980517,-0.5504495887636265,-0.5250865414235102,0.0866142113113761,0.06306891547102515
ROI_2501,0.75611800492573,0.7768824078386299,0.25324835289389325,0.29562486318455633,0.7203131235476782,0.6927426281933071,0.17447671027838707,0.4599647984890572,0.48437021824167764,0.44661896086627734,0.7453657999480366,0.7658867156048752,0.474711141279016,0.8332208354741383,0.7778470855504223,0.764339018416328,0.6563983070786251,0.770907702412011,0.6461245650953168,0.6382728095225381,1.0,0.7680758284612648,-0.20772801063552393,0.5073052096791764,0.5829054117926338,0.3740037707143865,0.8423463137920996,0.8635994652503193,0.6406193150399663,0.7601239303340082,0.18012666091367674,0.5996009046824582,0.5507696288728604,0.6698767696389926,0.7130234772685119,0.7347261617964314,0.802105616300692,0.7793560736523218,0.5878376509461514,0.6205676554947812,0.8846049021623916,0.501637939755546,0.6958372734694196,0.7707092247890595,0.6000626332031159,0.8091894069083931,0.8314469629528234,0.8533317800071752,0.6084625626913115,0.7970863959014407,0.7831018867556513,0.8282138464020318,0.7823213539797892,0.8412942684153825,0.7348850978491733,0.6441696161877772,0.7017308206136654,0.7913196777369327,0.45100713350021154,0.6995842281936345,0.43930187030118606,0.5064137152594326,0.5209879827433376,0.7191131166656897,0.5353312383710943,0.5755266055750679,0.30314658228486424,0.7712548917234411,0.5405681242736295,0.7485670396684814,0.6580374405263351,0.6895188249151344,0.6863561290948798,0.7007213594954395,0.6973001946869419,0.7153371279094226,0.4640937789331716,0.6036988565211038,0.5430854128191577,0.7515839070983186,0.6317345659156369,0.8953637874419808,0.7497638392914484,0.8923784783555473,0.750503005888294,0.8813168099287897,0.3907699658288412,-0.663724583325453,-0.3162334104197008,0.04897170797363802,-0.6823950939365314,-0.6512874315135194,0.6605106277420735,0.125112456388337,0.5648344456248852,0.6448860337004637,0.3412135235507428,0.4910147162863471,-0.2887025007015992,0.43094502555411074,0.8078859629437735,-0.5958242185780885,-0.8667163842095712,-0.7435251798697645,0.6726856708658919,0.5657957776137413,0.8130176107985845,-0.6825898519422477,0.5444004350886232,0.5998423193888527,0.6200884879146663,0.46197346911700365,-0.28598916088796217,-0.32922443343671237,-0.3728165795336453,-0.38228834425664016
ROI_2502,0.6070604701328609,0.628725493726553,0.24169521291235607,0.12215213007879314,0.6640705747453681,0.7793764587433339,0.029800139519038843,0.2805203142030694,0.49685926637084515,0.5841913086193548,0.5902415938466087,0.5745698914473419,0.32009593088659166,0.698324744602997,0.7373672515132879,0.816219651970211,0.5603828891191475,0.6478194421775706,0.5045193357906586,0.463047362577808,0.7680758284612648,1.0,-0.32341914157474233,0.3160883645688363,0.49982459354506736,0.2958833023843381,0.8222203444781878,0.9102764950920503,0.6752841989280093,0.7371991159750111,0.11898595613612463,0.4514365612849695,0.5069628806827693,0.6491226599863243,0.7088943420021179,0.6996765917121248,0.7959067397160794,0.7569463420117135,0.7074287500721438,0.7747351979738761,0.8684592790238702,0.6190212267500346,0.6041061067615516,0.7160968558290767,0.48284973510627816,0.7055921538948637,0.7532419661751323,0.7500152200477825,0.4947568009345056,0.7202401752564108,0.729211469610849,0.7778906596042295,0.6557376560002417,0.7049610809179784,0.7052123095230348,0.5007651766573205,0.5621385246014121,0.6307120297693597,0.2898997202859266,0.4687801416041515,0.3322265066921142,0.391647332660456,0.4275104819667208,0.6248913690403558,0.39365495893996083,0.41384273137491834,0.19740819211770333,0.638035906363653,0.3197956203782187,0.5659947854059486,0.7400934657617819,0.7544946982251047,0.7607411384500655,0.7488831216185102,0.7377308576598591,0.7859276657449102,0.4993984742949435,0.6389633557733879,0.5993695220308166,0.6723009841205624,0.6485603800014181,0.783634798493869,0.8287162324732974,0.821662603836682,0.6934312816855829,0.8008121563958727,0.5770541223987242,-0.5676816289635203,-0.15825982395923247,-0.1128325827195849,-0.6148307021493362,-0.41931191698039916,0.4752151438672453,-0.04723624289293801,0.7143117955451151,0.7131837900566207,0.45115278545986603,0.4185528387697686,-0.25709666908871126,0.21497556136262755,0.7294876340979687,-0.3611340437551287,-0.7337810525347226,-0.7983170242880431,0.6951589773964151,0.6402038745670693,0.7458648152210462,-0.7149710373343433,0.4500658443282621,0.6135370601158529,0.5441557054409114,0.41357387451372507,-0.12959905169262578,-0.12584139883167972,-0.44723539743345797,-0.4183532857360385
ROI_2601,0.08367450251126453,0.07961973329621573,0.6623324499314577,0.6851068024254025,0.23294473270174426,0.037099363068560064,0.6686876109109064,0.4873865432162,0.34928459511112936,0.21746636870613986,-0.012177249635967967,0.05311266067319449,0.420866459528794,-0.027545700471713817,0.14798398851369168,-0.030455923608661895,0.16184166240320536,0.010366581382256117,0.28809359125300626,0.23314915297225078,-0.20772801063552393,-0.32341914157474233,0.9999999999999999,0.60343133102282,0.3849165796682144,0.6429827747694736,-0.11688566289808278,-0.35848340557952063,0.0721317216786649,-0.04152449749649853,0.752157761868114,0.44519103388973885,0.31389555851746404,0.09533581515943763,-0.01944658400062833,-0.08521550427192053,-0.2347615538769168,-0.26663966960766106,-0.09114960352435103,-0.2756042817768508,-0.4507409359356656,-0.10474560883191589,0.01487591491898728,-0.07817160104538215,0.13340228462623563,-0.07478795471021321,-0.13513335509510924,-0.18302182296735203,0.19399917588648374,-0.04021511249397291,-0.06754774490410191,-0.08579555376976036,-0.08837223126716642,-0.15331902481940873,-0.13249606167501746,0.0013642461345639357,0.18103588956130676,0.029261452030996355,0.3247851213750916,0.13639956907266604,0.34105734292411893,0.3046847950249736,0.28344887315822054,0.04719952477568207,0.31654058198168955,0.38433325470967655,0.444568474200825,0.015252923778038467,0.3031426063435525,0.05251580965402141,-0.016169093831513933,-0.014560288639159607,-0.04123340654592045,-0.09039172616210885,-0.13335853470323025,-0.2077055342760389,0.09226163273112555,-0.04997791333765376,0.08562909322008126,-0.0647060966344464,0.06684210264931403,-0.2078402421233749,-0.26071643645724196,-0.28676100132574706,0.04745260761470911,-0.19615825264524972,0.05086097748802537,0.594863987624456,0.5390523715567049,0.38678326828783854,0.6162698750510273,0.057432173103769454,-0.4601422072723808,0.18276284454659478,-0.2941729503194098,-0.20928260947173682,0.07034495551977915,0.0434799699445507,0.5217547534683187,0.10472431764558592,-0.579752304029466,0.08338143237661334,0.49063025349073375,0.5278487315214441,-0.6119195835672679,-0.5539594142222721,-0.5795647186269933,0.5336669093685448,0.0427252870110713,-0.18360579999154136,-0.08584190641565652,0.05212009032288136,-0.22675258851350338,-0.3244703795226209,0.5616587334608254,0.4960697954044485
ROI_2602,0.6491274491211053,0.6392076581477529,0.7235184784898908,0.8359648931193359,0.6486031039923862,0.48175846656514737,0.7345127354445414,0.79767379210952,0.569716166753424,0.48494812915101987,0.5574735772736958,0.6390079933115194,0.7527127079363897,0.6519473366299453,0.675592208024516,0.5229052404732777,0.5555660330716752,0.5381855702101326,0.7099697041328357,0.675071501337982,0.5073052096791764,0.31608836456883627,0.60343133102282,0.9999999999999999,0.7494755277218078,0.8133323437347911,0.510328965328721,0.3571291335835588,0.4792037889891993,0.4943471504037146,0.6825885427498746,0.8212361490323051,0.6477478170376771,0.5773426089457387,0.5185620974265017,0.5031802420483293,0.41957919696505264,0.3989402280405196,0.3225446282045548,0.2528880876849378,0.3161253724536891,0.2586599107140801,0.5179547069742374,0.4897108352045794,0.5408988698581004,0.5239758908625357,0.4703147093441358,0.48680701414325883,0.5747152710619914,0.5428485587783924,0.5353006202992012,0.5487329497929149,0.5315638893688368,0.5286166014182718,0.4442671227370423,0.4576618778094762,0.6643060998567762,0.6076483420827602,0.5893588878191226,0.6279199907053548,0.6099825740390825,0.6378723333012922,0.5417194468679952,0.545086448954506,0.7053183599260915,0.8060236468705543,0.5947891512904548,0.5862652733773656,0.6712644628258256,0.6231744490666543,0.5225939602794348,0.5460833510118983,0.4488894444456306,0.4241964130523504,0.38319974277850566,0.3426293668673908,0.4174910324014983,0.41165392775468024,0.42116527059933445,0.4892643696396568,0.49685647361998164,0.49903736530124254,0.3671505163922583,0.4408597565804151,0.6427376388671329,0.547256899701889,0.2590601711410165,-0.06977214714878423,0.13743508356103915,0.312758621767456,-0.09958276102182312,-0.45309772027760126,0.2343677922989773,0.14601163060384698,0.2346348185492078,0.2877770643926104,0.24330469913142325,0.34614620621009534,0.08565311621706757,0.35692890849941933,0.21033833241952696,-0.36099717044662205,-0.30122393723594043,-0.16779988731024517,0.07697205386670382,0.03990890406601861,0.20947193999651756,-0.1430795955335985,0.4506535628359171,0.3226386700152622,0.4236710834358167,0.3300573539203,-0.3221041681039076,-0.41251169065644694,0.07422310013453201,0.021298655282114387
ROI_2611,0.5737006352479462,0.5828721109741778,0.5652908787134883,0.539322815645808,0.7893434067307098,0.5751793045680518,0.4301080709547373,0.550094794091278,0.6644526514335111,0.486116422839921,0.41958395802168735,0.501965451755719,0.4971750291503433,0.5398921387775031,0.7154135186866362,0.533796189608526,0.49252843150855496,0.528739339651141,0.5900300008708395,0.5773737321044028,0.5829054117926338,0.49982459354506736,0.3849165796682144,0.7494755277218078,1.0,0.7927107348910758,0.6053691718282154,0.4527562754846632,0.4296470040748204,0.46201571129415003,0.4762104276620735,0.6417863451316344,0.5060465778026038,0.4944901324658801,0.5426523491883982,0.5119163363608734,0.4684435913703823,0.42754663317477176,0.5006226218031149,0.4238280869064101,0.43397702886298717,0.4111277781372053,0.6194765622152054,0.5879542849202303,0.6210067015930435,0.6303254174862758,0.5663726633961511,0.586302146727088,0.6321764677956635,0.5912990183570773,0.5886222433012155,0.6225339073594984,0.5774998460680238,0.601921942146861,0.5398667682589854,0.5698143664966551,0.6289979629030964,0.6011932376565321,0.536424607190618,0.5934513652889325,0.4799539034173767,0.4333025156052075,0.47546622376700537,0.47339815660651885,0.5895355100949093,0.6575356220597818,0.5740739896007911,0.6102239219694606,0.6501627532122889,0.6491109806035993,0.47991691908741246,0.4762553402924006,0.4777218722949389,0.424181164651705,0.4208974903358125,0.37934428201974196,0.34173940178122364,0.3547787669282862,0.36863499680186346,0.4506559823724982,0.4492099628681896,0.5334193811396266,0.4578717933654933,0.509840264230254,0.6377810877874496,0.5800797426744301,0.4505828947634315,-0.06238829847935744,0.2062126361257902,0.38299700765662825,-0.18644585980584727,-0.45066643243250465,0.21020133296208238,0.14321534418676024,0.34176158205561485,0.34653545553526155,0.2512801233008238,0.4215056980333891,0.06723685123683425,0.3941532535187916,0.2706965277020646,-0.40579483205824446,-0.33732876388611827,-0.21454670922267788,0.14875647874180026,0.10837095610575083,0.2684432366272716,-0.1528642890269967,0.29725066541304623,0.3583101354766223,0.4174994768897114,0.3411567052930142,-0.31355888657639397,-0.37954664721333864,0.04329317808666735,0.009148476929038266
ROI_2612,0.509715229714157,0.5053262540282193,0.6812155991073778,0.7233045982481722,0.6744401786854759,0.5415744095735792,0.614390713169827,0.6578890518929775,0.6588777156753228,0.6138946649118845,0.3626223176500824,0.42230853958508147,0.5706581892850542,0.42268099644383234,0.6195563598818197,0.4949664644882168,0.47966126884056787,0.42714498455151545,0.6030955459702576,0.5260448117822968,0.3740037707143865,0.2958833023843381,0.6429827747694736,0.8133323437347912,0.7927107348910758,1.0,0.4509242971643352,0.2767782955354871,0.415360575791471,0.4007166423012998,0.725189433941482,0.75059648672578,0.5857053759008302,0.48593267870835327,0.46466510702816316,0.41260944126163135,0.2605301991906229,0.1780637507812122,0.3459116768472792,0.2262271726493047,0.1868050858326635,0.28819268362675043,0.4902226461051473,0.4384399936764724,0.5254211517063132,0.4665940207731447,0.3892509903560229,0.38277322902647976,0.5415762485098874,0.46541951240918655,0.45913056602972596,0.4494729768914576,0.45536586588709577,0.39606488473439494,0.36264579495859667,0.3635022667623098,0.5845280631843486,0.5083418449552132,0.5735100113527501,0.5146037961595294,0.5434587607655844,0.5527140904211723,0.49517705898115827,0.4125026865591927,0.6052454823215433,0.7015959441005399,0.6189942506906273,0.49141335170054223,0.5483637712544351,0.5123377311708506,0.4387755177236875,0.4592444021476629,0.40135116092361445,0.35659336243614864,0.33365605735323733,0.289930203467797,0.35549925970050994,0.3085246647812695,0.385555757687739,0.3779299478655707,0.45053313334106465,0.35593174518903603,0.2409600157970106,0.2935409060755454,0.5265102169558442,0.3739433180649827,0.3126034069788537,0.07890650475031927,0.3375629726815207,0.31531789921755876,0.11368483549624886,-0.2779301755432505,0.02809266143332631,0.12553124275643243,0.15738612308357708,0.21522838228383212,0.24973357902129548,0.2724821946903174,0.23888914910112244,0.26186556688102525,0.0019151632737446295,-0.18960101104826785,-0.08889232322162702,-0.06162268900308878,-0.06945102421045554,-0.056586582702897244,0.011505068168073592,-0.019082075174409168,0.3745963582860756,0.2600862877062869,0.2377562807154409,0.2888109126247659,-0.2925808417330403,-0.43019611201247515,0.189761485767948,0.12372456165324454
ROI_2701,0.6887954240710229,0.7201405101453476,0.3393093659167692,0.280874116331812,0.8122146688128616,0.8265028504180532,0.1701608103528022,0.4192736971463942,0.6139468083575759,0.6325082591796662,0.6353489472758997,0.6896720967626877,0.4852860220643367,0.7956603677173828,0.8649277889757473,0.8753070612248316,0.6531103818588871,0.7599364295276324,0.6382960272038766,0.587777918068942,0.8423463137920995,0.8222203444781877,-0.11688566289808278,0.510328965328721,0.6053691718282154,0.45092429716433524,1.0,0.8947924869171211,0.6813264944009866,0.784636487798729,0.3258567348332534,0.6354995180032573,0.5892011036046216,0.6756424961427078,0.6907521901609953,0.6824467225391528,0.7384095772467273,0.7205385487469974,0.5830335120325426,0.6488729423220774,0.7923697025242613,0.523409598063504,0.6484362195556391,0.742876784023722,0.5633184957370796,0.7648021783006554,0.7866930361178509,0.7716211866377165,0.5733522175898521,0.7552548031753957,0.7464617346890607,0.804849210821767,0.7134265366685746,0.7604411884689676,0.6612838493431631,0.5787833760343137,0.6688183968638877,0.7489144994926513,0.4100897936146796,0.5921201493497323,0.4177678172390938,0.4736617439205175,0.5245608203724341,0.6868532175613702,0.5302077101335775,0.583321789243824,0.2757866603088132,0.696586520563873,0.46171157113228173,0.6770141995385865,0.7365081308927605,0.7463118277609176,0.7471278132455982,0.7376166542741234,0.6941073854280765,0.7167086115896358,0.44522446395109244,0.5961124756728,0.6366673639592361,0.7568216700216734,0.6990334459676515,0.8532712290017714,0.7611298095162286,0.8467861633830502,0.7653950278366275,0.843223718965919,0.47857851566279785,-0.5433083502571955,-0.1599462484270923,0.04590420537774998,-0.5340839691487427,-0.5653275876244122,0.4897320967226965,0.12947489323685285,0.5527561974191056,0.6081330245499686,0.3490859751724394,0.4269222458980028,-0.18401704788064155,0.36979093464329593,0.6798772175026722,-0.4908082313914867,-0.7442722874088687,-0.6911996363544214,0.5683857284063452,0.4910740744059136,0.6942085191279251,-0.6139200197387097,0.4854892074697779,0.5178298414896095,0.5068747752528322,0.43231319798204443,-0.3013744488844942,-0.3012497283511384,-0.2890918226106884,-0.31539754552659494
ROI_2702,0.7026098485145419,0.727244171263709,0.26548428857649015,0.15805601725154625,0.6636915480802502,0.8294272370126424,0.051309988577804166,0.33376543264060277,0.535858044586191,0.6332296681016655,0.6905180494372105,0.697405152921979,0.3777498144683734,0.8155048554802113,0.8106661458880765,0.8984972189039949,0.6424763031509364,0.7416344001564811,0.573095479077236,0.5279883116301812,0.8635994652503194,0.9102764950920503,-0.35848340557952063,0.3571291335835588,0.45275627548466324,0.2767782955354871,0.8947924869171211,1.0,0.7435665804438059,0.8170486272477366,0.12367779607274067,0.5195375025926521,0.5675150831417249,0.7142926588918939,0.7999250264704757,0.8063187571139486,0.865140983852844,0.8203937100657511,0.7415272832658344,0.8084793253068132,0.9373233556230597,0.640608672064336,0.6569721569000727,0.7733909596965731,0.5356119351173414,0.775988954004087,0.8392188620705475,0.8302458812796092,0.5472697182209766,0.79157169784169,0.7997579574204994,0.8392626120488585,0.747883668165401,0.765728065794026,0.7772504620080104,0.5771955644606988,0.6343017295553052,0.7324970207814012,0.3605770525894913,0.559319752506298,0.39772220033296996,0.4650035373677765,0.5025897066499628,0.723389237693157,0.4901790399095245,0.48919447486290946,0.1949535389997797,0.7105646360981646,0.3336012963551801,0.6331891998218384,0.804349149703951,0.8030332769319833,0.8257695987458508,0.82213023284443,0.8292274280272244,0.8701370286406078,0.57579879782516,0.7329115269139469,0.6573957173015449,0.7535971096370229,0.722837751140029,0.897643774043476,0.860138816004248,0.9199156122843453,0.7795023256652356,0.8894713304109411,0.5739321908462052,-0.6424540402118345,-0.19928253916095487,-0.08188891472031724,-0.6658454298887745,-0.4884453522022929,0.5529288316081917,0.013890029377040952,0.7628815139668852,0.7987599620113085,0.5204406507453839,0.5136531576497706,-0.2559531595044005,0.3010437458201558,0.8053766207230837,-0.43947681106936987,-0.8291345087207519,-0.8614606261295396,0.7462675182744071,0.674612113642746,0.8216976322460624,-0.7604996735309567,0.5495229628196112,0.7186946423475234,0.6266324800918741,0.48488290472845547,-0.189764741334504,-0.2179017710881142,-0.45408370786870395,-0.42968421452191563
ROI_3001,0.8151632719578688,0.8088813797932705,0.5852384353122824,0.49998082813821765,0.6458932268068063,0.8098401858557309,0.4644581879901979,0.6316423298330219,0.6711365639181225,0.7171802339645532,0.8332758573982765,0.8105018144663713,0.6470596861550911,0.7996990280803243,0.8278355550923874,0.8588944611568333,0.9185696497889239,0.8881776236402241,0.7950419376431027,0.724394010640734,0.6406193150399663,0.6752841989280093,0.07213172167866488,0.47920378898919924,0.4296470040748204,0.415360575791471,0.6813264944009865,0.7435665804438059,1.0,0.9457857771458823,0.49458963239595216,0.6598414798198692,0.8485159579032424,0.8875674614463209,0.8350642195353832,0.8192587978750666,0.8333764590154666,0.7554275344664224,0.7636105505185187,0.7570241554291476,0.6787323145040605,0.6729272314665496,0.6673969977791767,0.7370794184340428,0.5796536998448221,0.6971500348471934,0.7840996739939495,0.7311587913330287,0.6738534354990122,0.783333339762201,0.7808516910055763,0.796016881506034,0.6986905252641032,0.6564281695604083,0.7834799998533237,0.6394665872934899,0.784884491771611,0.7607265329453512,0.6046816695556693,0.6429075144475457,0.6870153858595238,0.6884098126739324,0.8375522494180351,0.8879645341007927,0.6239595506597878,0.632443931631689,0.5021392377699905,0.7600704263758966,0.49672382752751026,0.6633946399578674,0.7514736551405383,0.8150585838846213,0.8859958401209087,0.8914299074297691,0.8591984326390465,0.8814852843308371,0.824281345831784,0.8835613126691639,0.9058922817672471,0.8493668616894856,0.9073635766063795,0.7852580484115823,0.8131674862281997,0.7486444804050026,0.7793838376802412,0.7577231678617677,0.670154407239452,-0.24552449663883374,0.20872618763214887,0.17164963141284428,-0.21901009213034844,-0.47453273620369896,0.2434544839637332,0.17883810094019031,0.6800882271600523,0.826512813509594,0.7566933261863389,0.6564824068249803,0.20393940833301896,0.4210213814508466,0.42036768287154624,-0.3963187739120435,-0.5183396558325565,-0.5540699250260182,0.34077458259178517,0.2992769797696127,0.43730080949639477,-0.439722711468378,0.5160914497055024,0.6813600878955577,0.7462172376748213,0.7025166400060704,-0.40058527330670146,-0.4034985374696812,-0.06673127100119815,-0.048440550951805605
ROI_3002,0.8406793570490466,0.8421397455518209,0.4734501854998071,0.4552691582083099,0.6831655308082117,0.8082560341174412,0.3988122341434568,0.6301996590187188,0.6281677428754838,0.6783468639105704,0.8560307443405754,0.8522945085608372,0.6301223557607539,0.8604477245840876,0.848681072990698,0.8870066867902043,0.8878221002706536,0.9311200066314849,0.7927666714326808,0.7376551963269887,0.7601239303340083,0.7371991159750111,-0.04152449749649853,0.4943471504037146,0.46201571129415003,0.4007166423012998,0.7846364877987291,0.8170486272477367,0.9457857771458822,1.0,0.40608371224556766,0.6564677515241343,0.7947741316603627,0.8666161842563249,0.8081604259924697,0.8152469464117859,0.8543742065049664,0.8101123754910851,0.6948986382235642,0.7312439070990224,0.7719095005471404,0.6317037633777404,0.6927939563477009,0.7691222720662669,0.5903596713426053,0.757631893052814,0.8180212898054932,0.7857496050597073,0.6731720900678859,0.8147052988304518,0.8082767319675981,0.8329267498463906,0.7494282279940159,0.7455550259191398,0.7780568521124731,0.654179833428924,0.7926029373771089,0.8141641042848784,0.5943053771947249,0.706367572737087,0.6448477807205271,0.6687654393445994,0.7690641501165767,0.8817015100758864,0.5963405964708381,0.6270697366928392,0.44693298599562475,0.7981214673378764,0.5287411202051575,0.7297185235824046,0.7518320004128095,0.8091532930724523,0.862880047035985,0.8805571457740594,0.8308741727802101,0.871662534151783,0.726014846392489,0.8306323146883311,0.8793859358542263,0.9277578380218179,0.8922204998198701,0.8774276682295338,0.8513684588287133,0.8370796470694729,0.7923325595082076,0.8378244794333344,0.5638923776733678,-0.4258440904614685,0.0010593844139241094,0.1255412913539586,-0.396983737050843,-0.5769719558996953,0.41268842974973124,0.17150182130292016,0.650933668146067,0.7930347015349832,0.6171936318425639,0.5951137514585154,0.020787003958759105,0.4340565403368793,0.5821303783469407,-0.4789118619771749,-0.6741884596413497,-0.647289054201567,0.47321512449578734,0.401015460886136,0.5957753517729807,-0.5567675039338447,0.5363869613765808,0.6529552704156053,0.7344426231607926,0.6286263636359141,-0.37547854694161603,-0.36265057345141455,-0.18565635435351324,-0.18095299505385873
ROI_4001,0.39239404514264165,0.40106232456218294,0.7205717069625889,0.6993459090717002,0.500719388305724,0.4550437124256145,0.6546858577515456,0.5862955583410915,0.5525406321167712,0.5204088998482864,0.3344835931540172,0.3761808264713171,0.6134097383637541,0.35123953434645544,0.5236823874388334,0.44330079178253523,0.5005469497513115,0.3705527802892022,0.553318384629694,0.4315381068033934,0.1801266609136767,0.11898595613612463,0.7521577618681141,0.6825885427498746,0.47621042766207344,0.7251894339414822,0.3258567348332534,0.12367779607274065,0.4945896323959521,0.40608371224556766,0.9999999999999999,0.8012818819325359,0.6349665871315204,0.4630134966269109,0.35342738280069863,0.27109025718802626,0.15567471114084333,0.08876079941477552,0.19038239893172773,0.05615128655406064,-0.01964670449828654,0.10797620701699344,0.2335623321589002,0.23222963574718042,0.2856194863400081,0.22141511511633255,0.18435722731917029,0.13045801643896962,0.35599590287124727,0.2844954667914954,0.25855181329028926,0.2660702915445271,0.19858676540222586,0.1322419992223152,0.14710976842909507,0.12353924731373683,0.4364256132028855,0.3417649203083153,0.39479612801427255,0.3028053867342444,0.47337387830671823,0.5306584992131521,0.5226022559881817,0.40552354881628144,0.5080221320906942,0.5752516035611612,0.4394586424303185,0.2854068553006626,0.3432710205280299,0.28900667050832146,0.39487695465451883,0.43823194938920396,0.3615981182276348,0.3397904116023366,0.2639056766299795,0.2159135806805628,0.3471098716976717,0.31468024217309887,0.44000405902615203,0.3341080067912375,0.44800341435105384,0.18224301113970068,0.13442635285493548,0.12958533474994016,0.36104231213614707,0.17371266347055322,0.22167137659932337,0.185147560495421,0.34600719769210464,0.15851383880558473,0.2817161852567071,-0.060251384463393114,-0.20424943830364886,0.07787805371944649,0.04005160781865618,0.13001989314142162,0.28245054494780053,0.14215180876800068,0.32703086928800246,0.09529257335416115,-0.1826398901114039,0.00112026007251857,0.11065132911389548,0.03578071943773142,-0.1810468834689814,-0.13029409355418847,-0.16446348061184574,0.06717989038872435,0.35598720413493845,0.09333736773349316,0.1055021922973566,0.1964626013590883,-0.19607397240591862,-0.3310897001390692,0.23324942146454342,0.16688119444852856
ROI_4002,0.6691495315301722,0.6804561811416827,0.6438493463944389,0.7165347393899828,0.6800868607887539,0.6379989650522976,0.5941476254926439,0.7139353849825736,0.5743840940013918,0.5389940957813814,0.6356316822104745,0.6943951140205348,0.7182585463276755,0.7181681086227671,0.738590880123324,0.6952373476048058,0.665510556498209,0.6377760101808293,0.7098879255959826,0.644794636856322,0.5996009046824582,0.4514365612849695,0.44519103388973885,0.821236149032305,0.6417863451316344,0.75059648672578,0.6354995180032573,0.5195375025926521,0.6598414798198692,0.6564677515241344,0.8012818819325359,0.9999999999999999,0.7135605474305925,0.6927643110680559,0.6730115465974144,0.6301328190201224,0.5400888925410744,0.5008708423705256,0.4375494117558759,0.3765888205334917,0.4451920726185759,0.3626331509141904,0.5077769526955481,0.5466203313103222,0.48726653085100136,0.5532086860816485,0.5677147880069593,0.5378481946962792,0.533304231096308,0.5880771852146162,0.5683687204086393,0.6099302855884647,0.5252085570078204,0.5226928088565865,0.48369000605687074,0.4621955097101322,0.6424497601813678,0.6300478487023948,0.4928362219195553,0.5831737871787875,0.537776304103507,0.6362024743639734,0.5899502218267922,0.6336070020559096,0.6796243444134821,0.7600090484924298,0.48335217138321884,0.6051597172840057,0.5330271592246653,0.572906143314602,0.6045289904510166,0.6546507518898699,0.6109059319909729,0.598712223121752,0.5314302062593452,0.5106478471366324,0.5096406556134931,0.5651829982381599,0.5427175054562631,0.5693890308478323,0.6185086335150025,0.5988858887049546,0.4783819020147945,0.5601066385813069,0.6647595762818146,0.5964371258488462,0.3431010505194302,-0.18413870477491898,0.07018652584195617,0.19500115067492715,-0.15775288761794098,-0.41932756279059985,0.20384585029866611,0.1726219553739829,0.3530060031650393,0.4148324869974373,0.37176239148044676,0.39390325764324163,0.10032926234097164,0.3414503239843085,0.2920006249919316,-0.36569818552773503,-0.38777646686404743,-0.34739314923199505,0.20450133155235586,0.1751296958001855,0.30594821996275706,-0.2715958067549795,0.47490485910019337,0.37002970169419586,0.42817483269301465,0.39782384201593923,-0.32685649722280696,-0.432885982974129,0.006473461907469106,-0.04719463576409378
ROI_4011,0.8558803994339643,0.8595952097647587,0.7313698053858924,0.7545318074399575,0.658401414573841,0.7439532811382679,0.6950823087264482,0.8052931502966405,0.7066875494238816,0.7313821645216575,0.7698670215726718,0.7882914687423056,0.7027693326326466,0.7124115098129867,0.7699002345221536,0.7373192392304578,0.8654159412940345,0.7947189929125177,0.8971758996653395,0.8361365173709285,0.5507696288728604,0.5069628806827693,0.3138955585174641,0.6477478170376771,0.5060465778026038,0.5857053759008302,0.5892011036046216,0.5675150831417249,0.8485159579032425,0.7947741316603626,0.6349665871315203,0.7135605474305925,1.0,0.93278999130449,0.778323289693756,0.7582392345448596,0.7011262487588078,0.6150881889048124,0.6802780167803723,0.5974125413296412,0.5002038464381906,0.5045710153761774,0.7407201357797715,0.7488344419903018,0.7017977430681226,0.7012275914499563,0.6989305952254226,0.6783710668542872,0.7591644974565509,0.7594156971756972,0.7746305868215532,0.7206510179924734,0.7013455830115916,0.609224149841011,0.7281180503887176,0.5825005890854689,0.8696093628089934,0.8205004676031771,0.7451975453519805,0.7255553891754162,0.8160687291109341,0.7951285746995811,0.8824968024965909,0.8658335569106251,0.629665879952799,0.7024315882335402,0.7277300791313357,0.8063798631153575,0.6507004497265052,0.7469289033379906,0.7330747083194259,0.7823453004513197,0.7541786794294388,0.768915421091706,0.7535032076103442,0.719534135402901,0.8416785872818223,0.8322531265073917,0.7817889102166361,0.7613705173182149,0.8465830404951136,0.6788400635187288,0.6360912516586368,0.6264478090584509,0.7375254537829322,0.6585590309235907,0.520151415686158,-0.13565951074419305,0.28312710353633397,0.24881697192532906,-0.07050993925831103,-0.427905686030749,0.20232229002061072,0.12370797774198665,0.5421904409232835,0.6786328896229109,0.6927383146120083,0.5699333735162954,0.25236317997618785,0.3838149395646694,0.27062941169726384,-0.3114713549316481,-0.3679638594598563,-0.37221864595808135,0.18890080987251145,0.17247837561449766,0.284638633602166,-0.316586458451109,0.6018960665960665,0.6524499822890415,0.6777782997636692,0.6302872422425285,-0.373318143862655,-0.45226713604313346,0.01614863347285912,0.006815160297286023
ROI_4012,0.8983904682274557,0.9125028491195935,0.6189664972151447,0.6545616448815197,0.6889220182126072,0.7958618367910807,0.5589634814261243,0.769346215014811,0.6632939336870172,0.6886108081478213,0.8279865776216759,0.8505096711208785,0.6279207671301581,0.7968610518041865,0.7852607588161293,0.7970304752983274,0.8667065314775408,0.8483909369798959,0.8864022429199144,0.8700593796351264,0.6698767696389925,0.6491226599863243,0.09533581515943763,0.5773426089457387,0.49449013246588003,0.4859326787083532,0.6756424961427078,0.714292658891894,0.887567461446321,0.8666161842563248,0.4630134966269109,0.6927643110680558,0.93278999130449,1.0,0.8531074975956355,0.8587948397045847,0.8306455648889648,0.7561588185569145,0.7697807489217016,0.7511997737802879,0.6781470799785188,0.6447746481824246,0.7918753323674866,0.8256063124424662,0.7206936047427842,0.7822278437699305,0.8331260465754171,0.8086762923529877,0.7626785336338837,0.835404665575298,0.8382772241928809,0.8096306364286459,0.7640354489229418,0.7144573732035349,0.823189434628273,0.6929194845948337,0.8729067276560571,0.8744562114768756,0.6943251445900321,0.7642353886812262,0.7392077259545944,0.7534453456726686,0.8365203196997143,0.9078346775101628,0.5763844154270736,0.6536963886909417,0.6670835639920872,0.8813500368148041,0.663783591159299,0.8089530318130483,0.7573464870626163,0.8031005022134148,0.8360383656722293,0.8510352542940189,0.8422535194085492,0.8325516618453516,0.8596300708334965,0.8981403551462361,0.7862140852832468,0.7997443774482124,0.8584060881986596,0.8024815408503819,0.7661448728056238,0.7704883080936178,0.7762895906301033,0.7762244732247672,0.5778875275136732,-0.2857837384253494,0.14609139135452257,0.22645798147320537,-0.24854576784767923,-0.5356434416449083,0.3206546549625449,0.17340964417171922,0.6848966138190388,0.7891629847722144,0.7215885569522937,0.665847908923145,0.16471669937890826,0.46146531573728394,0.4515542865265246,-0.4443565595918319,-0.553412309572625,-0.5260965261353455,0.34441977629898196,0.29985842530640555,0.4652083759776642,-0.44144666416380723,0.5869959103432094,0.7284083217869848,0.7789673184220154,0.6935453342674613,-0.4182712631870561,-0.45963544649569,-0.0729546720154427,-0.06871688815548281
ROI_4021,0.7840347375535069,0.7965635985591222,0.5485442947251585,0.4694983342375425,0.6443256148835178,0.8027620016690149,0.3689696383495522,0.5689303781032377,0.6342911450463882,0.6645711750578928,0.731674946760236,0.7550364433885061,0.5416392142587072,0.8053546715222866,0.7972328649257648,0.839246308621483,0.7934229617121682,0.7889587875189366,0.7079357230501577,0.6566940563166521,0.7130234772685119,0.7088943420021179,-0.01944658400062833,0.5185620974265017,0.5426523491883982,0.46466510702816316,0.6907521901609954,0.7999250264704756,0.8350642195353833,0.8081604259924697,0.3534273828006987,0.6730115465974145,0.7783232896937561,0.8531074975956355,1.0,0.9697754421849506,0.8920883051127193,0.8105806411200681,0.8604009898604192,0.8374620957743137,0.7614168830860134,0.7115785103848846,0.7540858446927102,0.8132657219703147,0.6770710267404932,0.7784631202329664,0.8566862854679682,0.8356587001499713,0.7179169229477566,0.8363573277633142,0.853286971945722,0.8443706578761905,0.7690899296616897,0.7002310589852767,0.8549853823075572,0.6939084151041105,0.7564858510308134,0.7791705009149205,0.6328855403874034,0.7048229933055421,0.660198380525667,0.666431598236391,0.7035960536240228,0.8015061582997831,0.7098108127277435,0.7077175586115653,0.555757227109551,0.8216396400768474,0.4814009051340108,0.6728290208809166,0.7668590547836153,0.7994420506385618,0.8573055701240337,0.8566695907962742,0.889610942583742,0.8617315300085846,0.8424521649433707,0.8991104589159437,0.752130208703488,0.7350535804785557,0.8198786394556695,0.8324046384555981,0.7958466247067204,0.8292141707204582,0.8472742277225266,0.8182239997311811,0.6810959733793016,-0.2941065273453777,0.1450441255003711,0.18319677988094854,-0.3347237041129742,-0.46148074504137904,0.3385564175752568,0.11907865657466297,0.7982176070376297,0.8555541916671571,0.7700704722141979,0.7264954415424638,0.1072573633874448,0.4318282433694264,0.526210205650729,-0.4379829859858563,-0.60293195847929,-0.6326392336503546,0.4515079290690119,0.4074448993454828,0.5399846791284054,-0.49178094767535396,0.5417969361852236,0.8044742218208276,0.783298600147308,0.6787901585652563,-0.3432008663942932,-0.39396817975105436,-0.16219304806930537,-0.134033696022033
ROI_4022,0.7951935487878893,0.8076809466935095,0.48771874936216325,0.4612145731521575,0.6388885369630003,0.784431892993854,0.35523915010323803,0.6022937936765919,0.5990791286878059,0.6257871177416413,0.7758682309344709,0.7988109636456056,0.5384320514394634,0.8363212688579829,0.7700095431436842,0.8115357252137333,0.7884050192471943,0.8022016654254821,0.7032712524561106,0.6840385248511326,0.7347261617964314,0.6996765917121248,-0.08521550427192051,0.5031802420483292,0.5119163363608734,0.41260944126163135,0.6824467225391527,0.8063187571139486,0.8192587978750667,0.815246946411786,0.27109025718802626,0.6301328190201223,0.7582392345448595,0.8587948397045846,0.9697754421849505,1.0,0.9069851742954297,0.8310418312361689,0.8455750360505494,0.8475953030253742,0.78826045146724,0.7064875242975763,0.753962390236829,0.8049310298563932,0.6790644123931503,0.784202800707809,0.871285498154555,0.8590139580788122,0.7232739912156755,0.8511360090068678,0.8592904840132228,0.8512980903897355,0.7903552417678066,0.7369287970990348,0.8777411344931769,0.7350027616760908,0.7578323181521541,0.7917555596459998,0.6351808138552334,0.73828426100998,0.6710424786052898,0.6901897069687001,0.7015273122434431,0.8306888630527413,0.6824952463261664,0.7011043493733211,0.5538297527244893,0.8526840529953732,0.5068781681922088,0.7007907142663184,0.7518764055290611,0.7889098955474614,0.8579584518531359,0.8663333772154349,0.8873696465984436,0.8659783829380634,0.845605396155122,0.9017859721532473,0.7325174569489429,0.7449103086749241,0.7994460344122198,0.8538042112897344,0.7968775724615131,0.8478104788154186,0.8335203839029659,0.8384472791288552,0.6665088322648476,-0.33582206749799215,0.0999591972951109,0.2070303370063083,-0.3819786898620673,-0.530841747649182,0.40170519854439635,0.15510761613893062,0.7875951005558421,0.8818569614411566,0.7580719984538397,0.7514494142158059,0.08215127320523892,0.48052918561368996,0.5738671744104415,-0.5051381877849276,-0.6582232808689563,-0.6410167821267319,0.473647181606405,0.41123286788942,0.5840766110227932,-0.5109617535379065,0.5404403770683269,0.8234572856673203,0.8368194920680154,0.7133173484502174,-0.37977641174824767,-0.40571555630347783,-0.17111800431006863,-0.14097916292751392
ROI_4101,0.8272629148557816,0.8246431744622806,0.36123990175174014,0.3368201478530844,0.6069098495640508,0.7227232920700244,0.2593394464652361,0.513670542042647,0.4935410243935163,0.5118109843467262,0.8158045807172875,0.8076081926097235,0.509096847411308,0.849909738863572,0.7602565117836799,0.7958443708779126,0.7916185617014475,0.8379684758506958,0.6994382151250176,0.6923063439837233,0.8021056163006919,0.7959067397160795,-0.2347615538769168,0.41957919696505264,0.46844359137038233,0.2605301991906229,0.7384095772467273,0.865140983852844,0.8333764590154666,0.8543742065049665,0.15567471114084333,0.5400888925410743,0.7011262487588078,0.8306455648889648,0.8920883051127193,0.9069851742954296,0.9999999999999999,0.958084538802201,0.8218119570695644,0.8890041779338971,0.9008129979217977,0.7481127447258183,0.7453865244496317,0.8224913150660483,0.6260500637518851,0.7932640033771983,0.8928579079574054,0.8951848214935949,0.6839803455968146,0.8456116768109553,0.8796397794237121,0.8855868097257431,0.8143962355651404,0.8167928973990889,0.8966663347145157,0.7523691132560544,0.7630952543897929,0.7912442059684092,0.5319137303920399,0.6820502763921268,0.5635411263011787,0.5497292156280659,0.6594942841364243,0.8177399388497515,0.569919269022182,0.5753709628139263,0.43012453413063545,0.8318198140861566,0.5395806709852496,0.7365503334965117,0.7561293285895172,0.7842075865674694,0.834912813059261,0.8495302977209277,0.8548398207403276,0.8703274269671202,0.7812168858944496,0.8726999871424141,0.7443214883760921,0.8044368177633481,0.8222708992481245,0.9219498416475743,0.9274716938837279,0.9215060818580662,0.8423270132404165,0.9222123736047602,0.6223868361998173,-0.46252792867486553,-0.0646520131412368,0.1421839600646575,-0.5372836291131168,-0.6059737276192957,0.5381410357359517,0.14071282416650605,0.8374612877531441,0.8826570103407574,0.6643773832314674,0.715153059093168,-0.06700970432312194,0.48942121110662035,0.7199619298433182,-0.5779931176412038,-0.7934298094948616,-0.7280272055187887,0.593256909957752,0.49931498288889414,0.7252171199706872,-0.6174437449111055,0.47825792198901557,0.7974110351664142,0.8543782636588714,0.6793708408637337,-0.3509850388174118,-0.3321247906356519,-0.284055953741141,-0.24152687955801946
ROI_4102,0.7914282468454319,0.7743686865344025,0.27963820561373315,0.2906672935806436,0.5413953871985943,0.6155985383992902,0.2348490967776085,0.49773566065909725,0.3856868077531768,0.38897060115458304,0.7911034186323922,0.7962143221976916,0.5025727572794779,0.8397108428388659,0.7058824347153322,0.7225711358769833,0.7300135922579742,0.8102696496385109,0.6475290190408779,0.6544424851699334,0.7793560736523216,0.7569463420117135,-0.266639669607661,0.3989402280405196,0.4275466331747717,0.17806375078121217,0.7205385487469975,0.8203937100657511,0.7554275344664225,0.810112375491085,0.08876079941477552,0.5008708423705256,0.6150881889048124,0.7561588185569145,0.810580641120068,0.8310418312361689,0.958084538802201,0.9999999999999998,0.7261187553794715,0.8198767147450335,0.8771910731265321,0.6934728246824295,0.6824607287485197,0.7610722921262572,0.5512916042744438,0.7300350547092861,0.8426529337066925,0.8521872414464757,0.6249652572558417,0.78400381448667,0.821476650485152,0.8504965317629115,0.7614765728033319,0.8074652547200829,0.8351086196015136,0.7663864785803484,0.7063717254488686,0.7344572585249588,0.46381673324137757,0.6503184053783357,0.49154940012094883,0.4634121215203574,0.5811742566150297,0.7526067681393236,0.5138761367495875,0.527876754803268,0.3702106941308517,0.7825417148431701,0.551734269967786,0.7072369381423579,0.6878158810743122,0.6939759089513533,0.7508965635365539,0.759731042750366,0.753322857580414,0.7855743445604462,0.6837337108367908,0.7927714075398987,0.6579631869330773,0.7676309594688168,0.7390001154223242,0.8985865901764353,0.9106469323304205,0.8894163746454309,0.7896062590713511,0.9159424518858694,0.5342668677619002,-0.4564453351373031,-0.1440513632432414,0.2135282526633189,-0.5550388377151854,-0.6795712211076099,0.5523708542278671,0.2338709635112179,0.7796446201065169,0.8099809539353219,0.5510920759313441,0.7016653339021371,-0.09419699087443263,0.562378108405702,0.7299583262348989,-0.6681898179959669,-0.8169644219565552,-0.6646135234695753,0.5616856170703541,0.43331367474824306,0.7291615449341223,-0.5568405802472581,0.3643538810291528,0.693413293053506,0.8418975386994672,0.6494105466385495,-0.4021993335849398,-0.3432955882102453,-0.24047486429806134,-0.1987358994822163
ROI_4111,0.6744674521383273,0.6890517672319166,0.49669013527391603,0.3218279593011795,0.6270089090725545,0.7784463743180914,0.2137771235367908,0.42909744485068474,0.6652225495746524,0.6665134187206425,0.5949736351059125,0.6156329817995368,0.33807644542671245,0.6378819698146544,0.7176519183013214,0.7464759589868347,0.6835537523283912,0.6733809445831186,0.5798901575217672,0.5561587297842948,0.5878376509461513,0.7074287500721438,-0.09114960352435102,0.3225446282045548,0.5006226218031149,0.3459116768472792,0.5830335120325426,0.7415272832658345,0.7636105505185187,0.6948986382235643,0.19038239893172773,0.43754941175587597,0.6802780167803723,0.7697807489217015,0.8604009898604192,0.8455750360505494,0.8218119570695644,0.7261187553794713,1.0,0.8882405838436898,0.7188899002638562,0.7926689981350195,0.704093983860425,0.7515090196388587,0.6299984130433574,0.7102248979518158,0.7876035459679327,0.7543377788995324,0.6927829080843914,0.7733712919580266,0.8017181874991205,0.783486045066333,0.7047077753461107,0.6246714221952174,0.8755060914454779,0.6758392916653004,0.677937354870955,0.6843054449971286,0.5530945922321914,0.5914023970657909,0.57576339960669,0.5360666204500628,0.674093234856581,0.7434580539205887,0.5116640739710665,0.5243033110336901,0.5040716965541752,0.7428349225590142,0.39609045266290843,0.5952310927626717,0.7286037260964972,0.693403055900586,0.8134844512801757,0.7652926625107592,0.8434149619609373,0.8229296646540372,0.8024551987745919,0.8346898102085155,0.6842161898020164,0.5996898964388641,0.7355851884531117,0.7170512829663281,0.7837492401974515,0.7251696565630464,0.7433856312131074,0.7299266065485985,0.8318469046444043,-0.1366047010723017,0.33300656262031336,0.2485949674749961,-0.25789116144105667,-0.33468104691679895,0.1836846042379707,0.061988620676154814,0.8297142495819165,0.8696021161655658,0.829142968285438,0.7460798950092149,0.18641251703379674,0.3812203084200022,0.41055224094344506,-0.34322740793662476,-0.4552689862560026,-0.5239994241115117,0.38134255179268384,0.3616185680405729,0.42359156456086644,-0.38018913829078815,0.4470921033950274,0.809117160543423,0.7400782960071415,0.6480352207664218,-0.27312315267747606,-0.3687032784247698,-0.11114427981349653,-0.056747490231886154
ROI_4112,0.6665180645209233,0.66825071176617,0.31867789494214477,0.20133519973340713,0.5543285252715779,0.7388011635527401,0.10511995756419594,0.3550464885108596,0.5052970768337398,0.5671292214222695,0.6345248355713164,0.6329147542885062,0.3259065252819496,0.6684235403225725,0.6693542060953808,0.7462476043236953,0.6619764944716234,0.6852307656027685,0.561298878087808,0.546602235459675,0.6205676554947812,0.7747351979738762,-0.2756042817768508,0.2528880876849378,0.42382808690641005,0.2262271726493047,0.6488729423220774,0.8084793253068132,0.7570241554291476,0.7312439070990224,0.05615128655406064,0.3765888205334917,0.5974125413296412,0.7511997737802879,0.8374620957743136,0.8475953030253743,0.8890041779338971,0.8198767147450335,0.8882405838436898,1.0,0.8085032215386455,0.8261192524039861,0.6773987936843745,0.7458317667013088,0.5562289098657909,0.6984406062937002,0.8194130560591094,0.8014727716933304,0.6159213712766717,0.7625135979934985,0.7878532819578813,0.787842104460246,0.711202185288667,0.6902700530143715,0.8655356801433403,0.71037929532031,0.6333504654219873,0.6617898393832199,0.47470850446822854,0.5578627243817501,0.5008954353432034,0.4748585134338079,0.5866761791297895,0.7231091619138509,0.4661399622069594,0.4523993934958448,0.4088711788611975,0.7402308427577323,0.37528654945360357,0.5984163159027108,0.6869989199229029,0.6829672206712528,0.812103773702244,0.8023139973028844,0.8401891632768094,0.8552653143962659,0.7656031870358683,0.8313228645441875,0.6902069132916111,0.6456965455445294,0.7353950484799465,0.7804449401388969,0.8683532412146482,0.8041731630586463,0.7331277985302119,0.7886983128630093,0.7609864235432954,-0.30129354255569196,0.14274739511942175,0.16691969323296815,-0.3972859163275911,-0.4499541942147197,0.34764865007782736,0.1073985731972285,0.8624711350228491,0.8915180187695394,0.7271867525960942,0.7240746107232776,0.06818632660433367,0.42393002286899584,0.5679164537900379,-0.4469066183761064,-0.6256578025733454,-0.6488914247552942,0.4913168800817361,0.4392610558981308,0.5772951300076945,-0.509508768275778,0.3714045780381816,0.7634327351557622,0.7709042090441925,0.6755974868208684,-0.31525685178558716,-0.30515952238837674,-0.20375825493324973,-0.13973334108851246
ROI_4201,0.7060554604964351,0.7094620106964394,0.13207075923021758,0.1174467604781383,0.57276367998613,0.6750667397429643,0.027245977634178208,0.3241685979187782,0.3823855731374164,0.43147267531623407,0.7283396593273573,0.7047130039823754,0.3600223729983258,0.7932564393427022,0.709213834991064,0.771700045627596,0.6148687643254767,0.7293606091880215,0.5518862324835956,0.5384690145350508,0.8846049021623916,0.8684592790238702,-0.4507409359356656,0.31612537245368916,0.43397702886298717,0.1868050858326635,0.7923697025242612,0.9373233556230597,0.6787323145040604,0.7719095005471405,-0.01964670449828654,0.4451920726185759,0.5002038464381906,0.6781470799785188,0.7614168830860134,0.7882604514672399,0.9008129979217977,0.877191073126532,0.7188899002638561,0.8085032215386455,1.0,0.6465480036838835,0.6738906871898322,0.777531916903295,0.5214418155276415,0.779248263986899,0.8422144616349304,0.872371270251013,0.5353465554907628,0.7805877754200021,0.8029807802367768,0.8375278580325471,0.7806348311549409,0.8322138068011725,0.8158090643055534,0.6422673021915114,0.6219172893019963,0.7156797512472441,0.35449118734680213,0.586016057083625,0.35885192137684924,0.3968852300200434,0.4547993117799585,0.6949876090291096,0.4439578559916996,0.4413848938889064,0.2134397179735511,0.7397609949748446,0.4039678187052224,0.6822845897557741,0.7217478505182596,0.7222816917025445,0.7394568491709791,0.7494415106026463,0.769542522382436,0.8199316347626908,0.5441406780112211,0.6976369613882918,0.5837424690831199,0.740407002594204,0.665795670270692,0.9086223647771924,0.8981434504850719,0.9365096109233348,0.7529493633582011,0.916614427479575,0.4871981389590369,-0.7059508561951827,-0.31268161965247243,-0.04197988014958522,-0.7764911704096953,-0.5787233641798938,0.6994066031786121,0.009102231937365082,0.7779077163093714,0.7660196875254428,0.43243530544191044,0.5183419860167978,-0.3495918222754617,0.3567580510148603,0.8977919951804274,-0.5386328312115551,-0.918551930158567,-0.8706485851748879,0.8041344215456513,0.7052582232626381,0.9040118909905154,-0.7887156223097118,0.46549426953958545,0.6988249697460657,0.6828237890544754,0.48213652077626873,-0.18122022983440142,-0.21931207370727845,-0.5049655494522042,-0.46966853169120387
ROI_4202,0.589961107309873,0.6054384165197196,0.38523658863880567,0.23009754587902403,0.5102115734557215,0.6317217764796816,0.11439899295297196,0.3594119048928191,0.5048093550345447,0.5049416001934848,0.5293519128655766,0.5612718117810487,0.28128886611467774,0.5663582436617963,0.6012649263857689,0.6372249886623147,0.5790436425370143,0.5927458906457237,0.5038681835446186,0.49814584712941506,0.501637939755546,0.6190212267500346,-0.10474560883191589,0.2586599107140801,0.41112777813720536,0.28819268362675043,0.5234095980635038,0.6406086720643359,0.6729272314665496,0.6317037633777404,0.10797620701699344,0.36263315091419035,0.5045710153761774,0.6447746481824245,0.7115785103848846,0.7064875242975763,0.7481127447258183,0.6934728246824297,0.7926689981350193,0.8261192524039861,0.6465480036838835,1.0,0.5327518693612942,0.5789377086412156,0.4447320271493068,0.5721797323194983,0.7158682704574214,0.6445399607501702,0.5414374624726402,0.6251595792512118,0.6395019958639191,0.6463691200019016,0.5411273783747641,0.5246414218577778,0.7019239846883248,0.6799339450917528,0.559079642219639,0.5527679942245987,0.38773761790590633,0.47975403758362944,0.4076359407740149,0.3894574843344663,0.5093748417512213,0.5987429081434109,0.3857520680841395,0.4058772536015704,0.3253415939065981,0.5957098366715089,0.3550212563618006,0.4821716331702386,0.5503647777696061,0.5035355328054186,0.7258641060275893,0.6755632989040508,0.7219546902890672,0.7177394868909893,0.6696877228313259,0.7087356431045813,0.5831268858624057,0.5085538057503223,0.6233755865352603,0.667447948127117,0.705649067665332,0.65521856814664,0.637845732811725,0.66288613705149,0.7697282746002452,-0.05264561211629158,0.2588488018539485,0.3467097171666816,-0.1818144585754094,-0.4036344374547934,0.08425042256791504,0.30215065930719104,0.7268608652415487,0.7559726687799919,0.6951029042787126,0.7584225188849739,0.25364418702935654,0.5026865759123202,0.33503703819126623,-0.4722151293847937,-0.4310237885550239,-0.3928629314824367,0.23338631781270766,0.17591105330966936,0.3426588413435908,-0.21423506165123007,0.2676560992477891,0.640575661335831,0.6540428624753503,0.6426448177490338,-0.4250075571335496,-0.4283801404710408,0.06384377531762037,0.11068210031240046
ROI_5001,0.8218501409935137,0.822563844832155,0.47340690556252346,0.5374717630807074,0.6700806683976909,0.6661705235593328,0.4323642191075145,0.6139535415728729,0.6061565839307644,0.5550458308591739,0.6723160962572446,0.6912478376383848,0.48194389596197335,0.6577166820571185,0.716096909205019,0.6426855915042081,0.7656062631364084,0.78577229066868,0.7930560457639051,0.7977813786640576,0.6958372734694196,0.6041061067615517,0.01487591491898728,0.5179547069742374,0.6194765622152054,0.4902226461051473,0.6484362195556391,0.6569721569000727,0.6673969977791767,0.6927939563477009,0.23356233215890018,0.5077769526955481,0.7407201357797716,0.7918753323674866,0.7540858446927102,0.753962390236829,0.7453865244496317,0.6824607287485198,0.704093983860425,0.6773987936843744,0.6738906871898322,0.5327518693612942,1.0,0.972394837605148,0.9430649413593987,0.9398683155436849,0.8934390709448728,0.9191069369724376,0.8835963428016687,0.8869771066404659,0.901495490803277,0.8535667194085695,0.8855812166700499,0.8456055256644931,0.8628263713686265,0.7618722286517549,0.8803292902644845,0.8847355993015213,0.7469604777888821,0.8097744149724967,0.6552068280807006,0.5766592170977026,0.7301661516695629,0.7414224869014616,0.5661280791251674,0.6203805318089697,0.7313907146917786,0.9139613164624832,0.7703935764977352,0.896750534854426,0.6382630829088152,0.663640358775423,0.651454305247759,0.6624234384304065,0.6897632138833012,0.6744100864346768,0.6657822538612159,0.6990845097147507,0.6482911641037524,0.7633818992268729,0.7634283423436076,0.7904942135948543,0.7236412959426403,0.7580692374434308,0.7617032747519686,0.7763593343562349,0.46969907588911075,-0.3298100676259886,0.08272349920246738,0.284098315682218,-0.32875746981489107,-0.6123128426436126,0.5076215022321621,0.11874654391076668,0.5987082111577198,0.6640539477186742,0.5183598863519919,0.5956785383531802,0.04586564752118232,0.49385937698967913,0.5103016945091092,-0.47516286534356506,-0.5995069926574018,-0.49020983081168584,0.3663105911863845,0.3121478831293059,0.5123590693877919,-0.4447356420356608,0.47410023499090276,0.6712389881112647,0.7187779583758087,0.6117161710102225,-0.3837699145978683,-0.4425910127684727,-0.11719837511305654,-0.12750579671068984
ROI_5002,0.829393120709543,0.8395410089508187,0.44081289953936587,0.46671529978100657,0.6935941660113183,0.7402499925072379,0.3536645300701727,0.563511064202929,0.600441427259567,0.5919157600568543,0.7139078780776428,0.728766153513389,0.49181123212931405,0.73328038039207,0.7655200091694175,0.7465989381638242,0.7901222910505263,0.8254033325168755,0.782605004447844,0.7688038921385033,0.7707092247890593,0.7160968558290767,-0.07817160104538215,0.4897108352045794,0.5879542849202303,0.4384399936764724,0.742876784023722,0.7733909596965731,0.7370794184340428,0.7691222720662669,0.2322296357471804,0.5466203313103223,0.7488344419903019,0.8256063124424661,0.8132657219703148,0.8049310298563932,0.8224913150660483,0.7610722921262572,0.7515090196388587,0.7458317667013088,0.777531916903295,0.5789377086412155,0.9723948376051481,1.0,0.8932188575525164,0.9617060022475206,0.9343569194165011,0.948891167759925,0.8437119612366994,0.912961778332354,0.9257693958079383,0.8953176559008497,0.8946591221812163,0.862516503367988,0.8837827925022858,0.739882011160174,0.8647339265396369,0.8950883247895975,0.6834053207680311,0.7827040632021598,0.6189293600598885,0.5827594487368063,0.7169393902883753,0.7814028115443671,0.5824217014998742,0.6224173652283537,0.629140720091364,0.9087749703954217,0.6944316987055648,0.8731887646165964,0.6998003473344334,0.7350101509283176,0.72162205054167,0.7419769857056551,0.7596811340675725,0.7621415900863115,0.6829562630357229,0.7556935814895854,0.7038342600760614,0.8112629611606805,0.8049410492021549,0.8572037255986812,0.8079704183083166,0.8426455174841925,0.8093435956231441,0.8421450616555938,0.51574830326477,-0.43136017729845044,0.004879115596544603,0.17441545774815198,-0.43663640662461134,-0.5978179094313615,0.5484121269783201,0.06937160769275262,0.671184330620905,0.7302043438518198,0.5518863774470217,0.5849855040229938,-0.036648866093937305,0.4428687734648186,0.6138652587437435,-0.4681131932622715,-0.6869059462806762,-0.6253780732463818,0.49584462117954176,0.4417491905838697,0.6208607506822522,-0.5678392056630922,0.5295862850206894,0.7008934001126788,0.7240106216317859,0.6014773307741881,-0.3302912189329578,-0.38902498368231514,-0.22940418568912685,-0.23453452865412938
ROI_5011,0.7434146710120015,0.7633508541704003,0.5493747770780322,0.5820628697159455,0.6854975093120113,0.6423587802864236,0.4663308463517893,0.6152276286831017,0.6675551362338088,0.5680232219067798,0.5559317773472191,0.6109085379849233,0.42355767724105725,0.575572200170134,0.6724891137816723,0.5686446219606027,0.7110112002593447,0.7136110181519384,0.7242882037874486,0.7498846257231594,0.6000626332031159,0.4828497351062781,0.13340228462623563,0.5408988698581004,0.6210067015930435,0.5254211517063132,0.5633184957370795,0.5356119351173414,0.5796536998448222,0.5903596713426053,0.28561948634000806,0.48726653085100136,0.7017977430681226,0.7206936047427841,0.6770710267404934,0.6790644123931504,0.6260500637518851,0.5512916042744438,0.6299984130433574,0.5562289098657909,0.5214418155276414,0.4447320271493068,0.9430649413593987,0.8932188575525164,1.0,0.9057295571993034,0.7997020565627264,0.8221320379427771,0.9305906965828998,0.8551740669270196,0.8495851125433591,0.7829131263777943,0.818894380223455,0.7482150298963044,0.7803360785958346,0.6834511002519356,0.8448594561369965,0.8440995959527667,0.7669461742978202,0.8028869030596864,0.6555595191730981,0.5911182919142888,0.7104631638232796,0.6732085580689897,0.5370529651803343,0.6341662571027942,0.7498803503042275,0.8516873176812914,0.7522541886848908,0.8452577653952492,0.5868114014452186,0.6047399991388911,0.5774113978149602,0.5882412419374453,0.6117504309764877,0.5775193359430657,0.6056060576950596,0.6154757753150918,0.5940116988473667,0.6662866371751074,0.7023166992729074,0.6795500479857958,0.582150915976314,0.6447553415716173,0.6957583399610552,0.6564404907466672,0.4501255384083146,-0.18596278562820753,0.1741235585524137,0.30597007568565093,-0.19716760610337036,-0.5025054239080817,0.3899479997166466,0.0796266635270825,0.4954679622810677,0.5854476735803601,0.5091873274748525,0.5493079728218724,0.11652240499199419,0.4243709660598698,0.35980043467152256,-0.36441351588173915,-0.4388795356935489,-0.3491101716310205,0.23771069833286104,0.21416299797192306,0.36147196117597263,-0.3199965807636982,0.49011671769734905,0.6342883735005681,0.6414617941592305,0.5388545951907756,-0.34249426712298026,-0.4251061075822922,-0.04034604630294849,-0.06641241489024641
ROI_5012,0.8080230703016987,0.8378958643593128,0.4370999147884451,0.4630448799020047,0.7400169416270722,0.747691817383053,0.32850099655962983,0.5641144374159855,0.6391242251548424,0.5947316235020313,0.6973970138507566,0.7415090910452542,0.46967646284027614,0.7577609151735476,0.7870512044081251,0.7547436972254598,0.7583358178060224,0.8249013180083871,0.7381561556674768,0.7471766108343323,0.8091894069083932,0.7055921538948638,-0.07478795471021321,0.5239758908625357,0.6303254174862758,0.4665940207731447,0.7648021783006554,0.775988954004087,0.6971500348471933,0.7576318930528139,0.22141511511633255,0.5532086860816485,0.7012275914499563,0.7822278437699304,0.7784631202329665,0.784202800707809,0.7932640033771983,0.730035054709286,0.7102248979518158,0.6984406062937002,0.779248263986899,0.5721797323194983,0.939868315543685,0.9617060022475206,0.9057295571993034,1.0,0.9241705819009898,0.9378911414833789,0.8702330902940492,0.936149112551646,0.9243045197507233,0.8988091476293816,0.8856183229938557,0.8689908779828219,0.8634267202713645,0.7328022450948668,0.8513938540323137,0.9088572696056609,0.6785002457061613,0.8206271887302071,0.6030481743071604,0.5987500956061518,0.6906516098735785,0.7740278775549403,0.5844896259872713,0.6516588074337001,0.583138654186744,0.9019772908547987,0.6808797369768638,0.8756081528839426,0.689874459529099,0.7236635052662128,0.7114712785688266,0.7372603153868252,0.7381943557214944,0.7481136896148903,0.6183696788217274,0.7102679445413154,0.6716411028081889,0.7947772583471594,0.7698474309773543,0.867919789877086,0.7677067736865485,0.8479539660965805,0.8015582443186539,0.8455841994276426,0.5078325106895433,-0.44614284254698877,-0.034648915839567765,0.17786933719203502,-0.47846369693625757,-0.5985296123253447,0.5586301711915684,0.0614497909899847,0.6255497428752671,0.6995383834593828,0.509807755224226,0.561986219507724,-0.08290898442881363,0.42930178701739347,0.630441007678725,-0.46943798419535704,-0.6960775791647629,-0.620236053283459,0.5105955625017612,0.4557047748051083,0.636064075449135,-0.5674435152341262,0.5734808586180921,0.6895507262400955,0.6879282069458126,0.5446182911133877,-0.306432625964175,-0.3922910708591108,-0.24654967695818514,-0.2636311073039626
ROI_5021,0.8265241726998845,0.8468889515620244,0.4010798584341946,0.4052261291403782,0.7118458571724817,0.7620989214904809,0.27394448299680557,0.5457769468668157,0.5825828806639158,0.558809600040404,0.7683394511565496,0.7829735531522072,0.4808898978580245,0.7996650923773118,0.7858737257297249,0.7887919689742142,0.7962623262595239,0.8526614706998209,0.7458384235983347,0.7551658608528701,0.8314469629528234,0.7532419661751323,-0.13513335509510926,0.4703147093441357,0.566372663396151,0.38925099035602295,0.7866930361178509,0.8392188620705475,0.7840996739939494,0.8180212898054933,0.18435722731917026,0.5677147880069592,0.6989305952254226,0.8331260465754171,0.8566862854679682,0.8712854981545551,0.8928579079574053,0.8426529337066926,0.7876035459679327,0.8194130560591093,0.8422144616349304,0.7158682704574214,0.893439070944873,0.9343569194165011,0.7997020565627264,0.9241705819009899,0.9999999999999999,0.9710652639753565,0.7976305574249017,0.9137475632583711,0.9084577544455303,0.9164192598872527,0.862841986604621,0.878797261714126,0.9034877538397702,0.8450332008135595,0.8215139161942275,0.8633306740941413,0.6185500458587053,0.7799631207709851,0.5823257557249587,0.5735999604803608,0.6980810120934872,0.804095635794614,0.5896033666773606,0.6246213012773694,0.5362659531380628,0.9056235535340196,0.6505749584190146,0.8257067588439782,0.6801580038098349,0.709782207622757,0.8092058757168372,0.8124951047724722,0.8161428065018206,0.8269296943223465,0.7003208687675433,0.7956164627911251,0.7266974544104695,0.8014228808132685,0.8033553016789347,0.920552289795258,0.8502975834217268,0.9019124925868571,0.8251080344121837,0.8916207859233055,0.6219075532159086,-0.41925971032912274,-0.002120688352600721,0.2689938947088424,-0.4450794581372986,-0.7085437093428383,0.5123262696421708,0.2748163425030818,0.7099836526218953,0.8192561350853984,0.6209593242257173,0.7372016791694839,0.051608028256852914,0.6020660705264943,0.6393450544498842,-0.6329864455933178,-0.7590000454685485,-0.6378091343128794,0.4714135323736803,0.38097116652755475,0.6460095620856601,-0.5226927464094605,0.47712944607851093,0.7212231256984339,0.8056945582027272,0.7293702186968295,-0.5016663889077145,-0.5041793606671205,-0.12480233127916425,-0.12234978941187227
ROI_5022,0.8341287939607719,0.8340798110034662,0.3424804340643568,0.3984529483975665,0.6912499744061532,0.7124189538576876,0.28913186298070304,0.5533797987145266,0.5377451154136255,0.5001256312196024,0.7777324680252709,0.7790326018710533,0.48632183292394326,0.7984145351108176,0.7653907292441097,0.7401626211045785,0.7740765976705803,0.840822208695986,0.7460039673916089,0.7572902296182421,0.8533317800071752,0.7500152200477825,-0.183021822967352,0.48680701414325883,0.586302146727088,0.38277322902647976,0.7716211866377165,0.8302458812796092,0.7311587913330287,0.7857496050597073,0.13045801643896962,0.5378481946962793,0.6783710668542872,0.8086762923529877,0.8356587001499715,0.8590139580788122,0.895184821493595,0.8521872414464757,0.7543377788995324,0.8014727716933304,0.872371270251013,0.6445399607501702,0.9191069369724375,0.948891167759925,0.822132037942777,0.937891141483379,0.9710652639753565,1.0,0.8089002828585528,0.9292088842116606,0.9304914891001677,0.9359173868453107,0.9186770748327648,0.9360861453332565,0.925058652264966,0.8393925345082117,0.8315608920753346,0.8719938032371343,0.6405379564776514,0.8010652177103265,0.5762647649540993,0.5511758584859066,0.6673054603308668,0.7868945317461704,0.5779532209650199,0.6207072171052193,0.5745395234990193,0.931953309803132,0.6947972079158478,0.8760583038465741,0.6887743340919799,0.7160228632142102,0.7548661297668761,0.7699017008746011,0.786774912702412,0.7976412545599879,0.6758809897993032,0.7641396701475939,0.675094181890092,0.8104908497276876,0.7745950430761941,0.9234207030702625,0.861300074677143,0.9129018764393908,0.8214203273761633,0.914202831608925,0.5282010006272165,-0.5069551837474846,-0.09192562897732862,0.2288529587726064,-0.5378215879469395,-0.7244013260770634,0.6444888056194793,0.18222415913496828,0.7181398922143923,0.7847483017467625,0.534248149833176,0.6804300462669952,-0.07386476317020858,0.568510693371724,0.724508632744563,-0.6341477375198631,-0.8194107809336897,-0.6782661073629636,0.5541050354315851,0.4561318736971756,0.7256138840206149,-0.5975863748076562,0.4668638827584668,0.7364844476236713,0.8153874335059947,0.679142091361396,-0.4254068535785874,-0.43462752947878625,-0.23296239852355807,-0.22430502202791439
ROI_5101,0.7882974457791092,0.7854563823383818,0.6193373442668791,0.6254099765938337,0.7238242380842965,0.6892624070706858,0.5419260354679948,0.7011194292203125,0.7387054935084038,0.6127459746856182,0.6433171161756728,0.6969598218000658,0.5131844742655737,0.6400126668403111,0.7380017552582991,0.6268782701882692,0.7866177592609163,0.7763528328222776,0.7537718211181869,0.7651779548858518,0.6084625626913115,0.4947568009345056,0.19399917588648374,0.5747152710619914,0.6321764677956635,0.5415762485098875,0.573352217589852,0.5472697182209765,0.6738534354990121,0.6731720900678859,0.35599590287124727,0.5333042310963081,0.7591644974565509,0.7626785336338837,0.7179169229477566,0.7232739912156755,0.6839803455968146,0.6249652572558417,0.6927829080843912,0.6159213712766718,0.5353465554907628,0.5414374624726402,0.8835963428016687,0.8437119612366994,0.9305906965829,0.870233090294049,0.7976305574249017,0.8089002828585529,0.9999999999999999,0.908620146735405,0.892536125850582,0.8458271496625485,0.8460046430469206,0.768327011258091,0.8353004696644952,0.7685601553958459,0.8718145867628523,0.8457802613857729,0.8489900626233581,0.8750349367630519,0.7571273848359515,0.6793203129726737,0.8044027598236386,0.7604621620481397,0.590556761939328,0.7025683615832876,0.790949290129355,0.8861991309794913,0.7481488785319835,0.8363537594157406,0.6260384934431799,0.6243244318569262,0.6491462682536985,0.648496028255744,0.6765868664262753,0.6402534343254026,0.684448753609455,0.6905030488576573,0.6708437165924226,0.6992280996815099,0.7594015304252054,0.7077959865292106,0.64504229560903,0.6584810387547702,0.738387885449696,0.7041641167369699,0.5582734736365124,-0.09561622271945125,0.2810738059662108,0.43444359468733773,-0.13193181316411975,-0.5512899801742801,0.31249191396429865,0.19218281790323863,0.5337529747548518,0.6641977746485721,0.6143602536895801,0.6737719998123016,0.24108825780873175,0.534726268956059,0.3155301113096368,-0.456259061060683,-0.4211241345785807,-0.30354056433249266,0.1679867503196419,0.12595268560798772,0.31528177431342047,-0.24395129284712475,0.47336648774934026,0.6630341501223399,0.7390614436635883,0.657726300837929,-0.44487501374271465,-0.525933712539395,0.06494567086187901,0.05639066988427227
ROI_5102,0.8400799068545689,0.8346449818823704,0.5032239205414061,0.5066378150865717,0.7593483405676847,0.8060614758874629,0.407480741876426,0.641155576122546,0.6910208874732645,0.6455412919529662,0.7754468255873821,0.7920895415297119,0.5414996721298206,0.7997711255470782,0.8254004079135836,0.7945093363298634,0.8198506460348811,0.854566873327239,0.7656540251362018,0.7510365617684035,0.7970863959014407,0.7202401752564108,-0.0402151124939729,0.5428485587783923,0.5912990183570773,0.46541951240918655,0.7552548031753956,0.7915716978416899,0.783333339762201,0.8147052988304518,0.28449546679149534,0.5880771852146162,0.7594156971756972,0.8354046655752979,0.8363573277633142,0.8511360090068678,0.8456116768109553,0.78400381448667,0.7733712919580266,0.7625135979934986,0.7805877754200021,0.6251595792512117,0.8869771066404659,0.912961778332354,0.8551740669270196,0.9361491125516461,0.9137475632583713,0.9292088842116606,0.908620146735405,1.0,0.9609656757716876,0.9600838027180172,0.9226900915957169,0.8835699033250454,0.9162020667545642,0.7853603051733914,0.8697564200040917,0.8900103299961333,0.7538024436289924,0.8637470527384242,0.6987245146402363,0.6937714162713535,0.7713141459231887,0.8500906508611756,0.625834229535646,0.7089540190798472,0.6437391136490119,0.9400744104957756,0.659611579875693,0.8501360901535817,0.7535356772279458,0.7729670470841615,0.7889158726488816,0.8018914247542308,0.8215831476346767,0.8181239871927306,0.7188243196130211,0.7924778229488341,0.7497019818771484,0.8157679055080744,0.8244708841006114,0.8681938024498764,0.8191502842529832,0.8514545915657764,0.8245264732131671,0.866758606719909,0.5995371008518696,-0.3909544106527913,0.05700673077052992,0.23889963407754516,-0.4115830130768303,-0.6195875390793122,0.5110706205927347,0.12584963631096027,0.6833483835942562,0.797023476379645,0.6185475123662475,0.6686027364883632,0.021291868430401966,0.49756004837235684,0.5978999077408765,-0.513884351874933,-0.6812087868788059,-0.604855985340514,0.463612562544987,0.40312020627692646,0.6029257159827177,-0.5329310306764554,0.5590441493572036,0.7510134817726459,0.7864331539563383,0.6679338033641794,-0.38487823288797074,-0.44568619012591165,-0.18305366520509525,-0.18215113592069535
ROI_5201,0.8629078082734923,0.8525252306020411,0.4886140797155242,0.48983723717266214,0.722407912220875,0.7743215257179752,0.4057929328670963,0.6293872110462361,0.6615907775126558,0.6455417745652041,0.7727509906956452,0.7889747541249099,0.5495725082012294,0.8061734793982588,0.8205361380801285,0.792195307018862,0.825858144989439,0.8542702718525874,0.7774478234798579,0.7549766563919527,0.7831018867556512,0.729211469610849,-0.06754774490410191,0.5353006202992012,0.5886222433012155,0.459130566029726,0.7464617346890607,0.7997579574204994,0.7808516910055763,0.8082767319675981,0.25855181329028926,0.5683687204086394,0.7746305868215532,0.8382772241928809,0.853286971945722,0.8592904840132228,0.8796397794237121,0.8214766504851521,0.8017181874991205,0.7878532819578813,0.8029807802367768,0.6395019958639192,0.9014954908032768,0.9257693958079384,0.849585112543359,0.9243045197507233,0.9084577544455303,0.9304914891001677,0.8925361258505818,0.9609656757716876,1.0,0.9586634712941211,0.9537642081119627,0.8884080248537364,0.9391440725814382,0.7735428371475934,0.8841215453626751,0.8936532952901515,0.7510211712008553,0.8372917474310653,0.7067765074147981,0.6618826040758894,0.7638513917036804,0.833106412653887,0.6504708864628468,0.7069044019354592,0.6401168574970658,0.9275104088383945,0.6662172275335981,0.8516287205501017,0.7669549602378315,0.7848975745874236,0.7756976496694511,0.7845317104037984,0.8056720965608315,0.8096182908532683,0.7348337167920339,0.8014189180189241,0.7551304634127414,0.8338311304407431,0.8572766846815195,0.8898951004300633,0.8491137481228981,0.8643979203682821,0.8828624146750079,0.9016942178575473,0.5902061817815856,-0.3881648150813734,0.06843553271418518,0.23071676656027257,-0.42897198264196984,-0.6032067466900259,0.5371543024359515,0.0791252035071249,0.7229476954047199,0.803781889423039,0.6213108898854868,0.6509004567416847,-0.009494705527440478,0.4723791086138076,0.6167358496378389,-0.5013243626532539,-0.6905233209046651,-0.6211973318548767,0.48979773137613786,0.4287708891365393,0.6214993196694297,-0.5551148787706045,0.5657804680672462,0.7723478344773889,0.7896296921790162,0.6562623778406189,-0.3466811284324663,-0.4258949397931999,-0.21924951153775948,-0.21313770717875255
ROI_5202,0.8370497835024265,0.8174126922707438,0.4512160031104357,0.4400226342706328,0.7511421723158557,0.7848176955621317,0.36064272963985655,0.6030667571150066,0.6392850609990592,0.5993451235449149,0.7923244523438135,0.794701850630016,0.5607702934881243,0.840755891381638,0.8483076783742842,0.816612679521335,0.8172283143922795,0.8654954882998604,0.7479582964585305,0.7218194088703753,0.8282138464020317,0.7778906596042295,-0.08579555376976036,0.5487329497929149,0.6225339073594984,0.44947297689145754,0.804849210821767,0.8392626120488587,0.7960168815060339,0.8329267498463907,0.2660702915445271,0.6099302855884647,0.7206510179924734,0.8096306364286459,0.8443706578761905,0.8512980903897355,0.8855868097257431,0.8504965317629115,0.783486045066333,0.787842104460246,0.8375278580325471,0.6463691200019015,0.8535667194085695,0.8953176559008498,0.7829131263777943,0.8988091476293815,0.9164192598872527,0.9359173868453107,0.8458271496625485,0.9600838027180172,0.9586634712941212,1.0,0.9257427818375359,0.9170972669304207,0.9198090701206748,0.8043456643900045,0.8403714236132428,0.8529588111565513,0.6770732737744062,0.8109826697208226,0.6339311874585707,0.6202563672226343,0.7236451685167948,0.8237132186502057,0.6403482015525951,0.7190839097219301,0.5765169371132712,0.9124079485100347,0.6450646531432406,0.8237363715858317,0.7588427831260912,0.7774908635174256,0.8024713991023472,0.7967764152691921,0.8108477667883932,0.8223147510997545,0.6888518595873491,0.7826871097015423,0.7475150981122852,0.8363645454821892,0.8210809353165137,0.9042417091495338,0.8764673103101798,0.8852023370887546,0.8627645543545562,0.9291985647331351,0.603043613282703,-0.43011834755578826,0.0138410352107576,0.24338580294350431,-0.48043720544707474,-0.6624474763848022,0.548595990533906,0.15187422253987098,0.7137085272911404,0.7967132291560558,0.579307223518118,0.6733357795392165,-0.03129029699235918,0.5259329152505308,0.6632115370613814,-0.577417055831397,-0.7461840006405625,-0.6446908027468662,0.5164605282850018,0.4305864683250801,0.6664084022965852,-0.5630788379655088,0.5060270730645638,0.7335782980011284,0.798876580006217,0.6679257437018834,-0.39462509613306657,-0.41879451285184743,-0.21295023342684896,-0.20775028519210834
ROI_5301,0.8389250491009898,0.8036776314326088,0.3984007507063278,0.4600319024935921,0.680767958404524,0.6944269297811996,0.3918372837009325,0.6083161681668241,0.5959187009394431,0.5610138567191312,0.7678210167369429,0.767025334285462,0.5485307413636065,0.7676338390533646,0.7643992956531351,0.7113065934675333,0.7791990472386958,0.8186085958195061,0.7609618118850264,0.7385240454602687,0.7823213539797894,0.6557376560002417,-0.08837223126716642,0.5315638893688368,0.5774998460680238,0.45536586588709577,0.7134265366685746,0.747883668165401,0.6986905252641031,0.749428227994016,0.19858676540222586,0.5252085570078204,0.7013455830115916,0.7640354489229418,0.7690899296616897,0.7903552417678067,0.8143962355651404,0.7614765728033319,0.7047077753461108,0.7112021852886671,0.7806348311549409,0.5411273783747641,0.8855812166700499,0.8946591221812162,0.818894380223455,0.8856183229938558,0.862841986604621,0.918677074832765,0.8460046430469206,0.922690091595717,0.9537642081119626,0.9257427818375359,1.0,0.9300709976809393,0.9114709407846711,0.7758130346492454,0.8705180320671213,0.8752227042732694,0.7653175147876288,0.8455456102363964,0.6798470459333852,0.6165134788351124,0.7186313049334335,0.7819057129017886,0.6271456471561987,0.6794846859394862,0.645133913906233,0.9113045750388054,0.6820543448396814,0.8630417422169996,0.7071046927144371,0.7228167208750439,0.6825971508590849,0.7044842587599224,0.7343690983943645,0.7346452771789104,0.6420212059766647,0.7007453461086772,0.6882199901781738,0.8164685156699866,0.7949120744738467,0.8620846876985127,0.8142289597493806,0.8380008891603632,0.8405953651700196,0.8766428569778629,0.4850605400377532,-0.44538896414925216,0.0032312614244015526,0.23701233925753765,-0.4610500754439362,-0.6581235084731786,0.6488287895799026,0.0778838548789705,0.6403566846582354,0.7184324597488411,0.48950229420617697,0.585519186338551,-0.0710418745055585,0.49113648835841145,0.6479359337300664,-0.5338529754993924,-0.7241023159705184,-0.6034187424269154,0.49406653209972884,0.42117229258943684,0.6467190932483222,-0.5674985734715756,0.5076963050143262,0.7066092355714346,0.749575978899818,0.6292149966820956,-0.3514007202488848,-0.41194252281367355,-0.23607339554050444,-0.23405043246187682
ROI_5302,0.7949405221701414,0.762391253023488,0.25366241589458255,0.3789839109797495,0.6822710935651485,0.6224412121696169,0.2994733543055777,0.5567111696504475,0.47512123176748766,0.41557806167603,0.7889071524953667,0.7722977755808165,0.5288583783353485,0.7792436852134103,0.7343920608244878,0.6685055828541995,0.7287572762399444,0.8137245368322459,0.7124797683991432,0.7316813799631174,0.8412942684153824,0.7049610809179784,-0.15331902481940876,0.5286166014182718,0.601921942146861,0.396064884734395,0.7604411884689676,0.7657280657940259,0.6564281695604083,0.7455550259191397,0.1322419992223152,0.5226928088565865,0.609224149841011,0.7144573732035349,0.7002310589852767,0.7369287970990348,0.8167928973990889,0.8074652547200828,0.6246714221952173,0.6902700530143715,0.8322138068011724,0.5246414218577778,0.8456055256644931,0.8625165033679879,0.7482150298963044,0.8689908779828219,0.878797261714126,0.9360861453332566,0.7683270112580909,0.8835699033250455,0.8884080248537364,0.9170972669304206,0.9300709976809393,0.9999999999999998,0.8778907822203186,0.8328464268578051,0.7964268487774654,0.8211136393212131,0.6268017004322418,0.7925471669677285,0.5502081070427162,0.5082121745017831,0.6325483153038538,0.7498355589333018,0.5561218004843012,0.6146157095191815,0.5509378716643204,0.8929265425175649,0.7097918551745083,0.861158899052437,0.6365593836704626,0.6628384765955364,0.6581594018348643,0.6748317900794478,0.6640440531822536,0.6945593573275424,0.5380880816842775,0.6318709345204151,0.6270751185734864,0.799022434558193,0.7101455795453266,0.8832957793507414,0.8342011619427208,0.8548496072847314,0.777969484657736,0.9064725820383016,0.4276953563454563,-0.5366239377110924,-0.1490922717553473,0.2676728050469452,-0.5689424710059349,-0.8090289511661993,0.7381404681443734,0.19390277341392595,0.5858576952318338,0.6631018653810418,0.353532958481574,0.5695418476141682,-0.14470529766551332,0.5851842373128052,0.7403040545053106,-0.6828156516342838,-0.8389659210359561,-0.62081702252587,0.5323773786387601,0.41512005400156543,0.7333342368598652,-0.5866679206510735,0.383595667687376,0.5968885673728547,0.7547108060850066,0.626992329590413,-0.4354049746045093,-0.42980762652292126,-0.23131596549903422,-0.2341477180669447
ROI_5401,0.8119341239934365,0.7970946596872345,0.41013575746787456,0.41056089660894807,0.6493156065186307,0.7233612555821948,0.32191913619298596,0.5668546244889715,0.6062479879853013,0.5809756393954434,0.7804289151811471,0.7840429980590954,0.48791754044293156,0.7657531150699479,0.7578852020833182,0.7322689932916076,0.8036933239143979,0.8247997182395355,0.7138970075262481,0.7272842530621305,0.7348850978491732,0.7052123095230348,-0.13249606167501743,0.4442671227370422,0.5398667682589854,0.3626457949585966,0.6612838493431631,0.7772504620080104,0.7834799998533237,0.7780568521124731,0.14710976842909507,0.48369000605687074,0.7281180503887176,0.823189434628273,0.8549853823075572,0.8777411344931768,0.8966663347145157,0.8351086196015137,0.8755060914454779,0.8655356801433403,0.8158090643055534,0.7019239846883248,0.8628263713686265,0.8837827925022858,0.7803360785958345,0.8634267202713645,0.9034877538397701,0.925058652264966,0.8353004696644952,0.9162020667545643,0.9391440725814381,0.9198090701206749,0.911470940784671,0.8778907822203186,1.0,0.8497962293884428,0.8235014857735113,0.8311606064400697,0.6978743950315892,0.7818363240755667,0.6757710750444129,0.6073344364801547,0.7653382235438266,0.8438372142521426,0.6008588396372097,0.6284034188062312,0.6342658627631551,0.9158319396205039,0.6194349874851917,0.8007464325660791,0.7422390832338958,0.7425215111436766,0.8005069665272814,0.8030860443564767,0.8306296351919908,0.8378240337711889,0.7956741562925859,0.8402551776674134,0.7339787914522561,0.7659218789265533,0.8043922244089895,0.8597872808323869,0.8706380403693561,0.8370237554186162,0.8333883959735597,0.8799363788925515,0.6906817986243912,-0.31991583214518265,0.15580743690830282,0.32023455591835337,-0.4067243115184853,-0.6227975710909289,0.5027395450164374,0.14577990544909286,0.7744339695479168,0.8631892043553039,0.6966173653932405,0.7562245917911266,0.07587739584217357,0.5509165052519114,0.5942735062814926,-0.5623090789126276,-0.6768215814063603,-0.5905324733081826,0.45859829241836747,0.3847515722117628,0.5944956195887856,-0.4956143287002179,0.459613971604386,0.8147372838130048,0.8760422046760619,0.7415740427581956,-0.4010035963978711,-0.45005715378868544,-0.15768640163780306,-0.12110944766613142
ROI_5402,0.7320120548834118,0.7045651277536922,0.3360606232264387,0.42101559578790115,0.6133866052809088,0.5303712549196844,0.3425641589624945,0.594404472204779,0.49230500654819764,0.35085078314583173,0.7127913199443827,0.7460282442517134,0.48936222365063436,0.6716831402454397,0.6480196820574751,0.5391616047207826,0.733469292330117,0.775300540814334,0.664913400438615,0.7317675405606847,0.6441696161877771,0.5007651766573206,0.0013642461345639357,0.4576618778094762,0.569814366496655,0.36350226676230984,0.5787833760343137,0.5771955644606988,0.6394665872934899,0.654179833428924,0.12353924731373683,0.4621955097101321,0.5825005890854688,0.6929194845948337,0.6939084151041106,0.7350027616760907,0.7523691132560544,0.7663864785803483,0.6758392916653004,0.7103792953203101,0.6422673021915114,0.6799339450917526,0.761872228651755,0.739882011160174,0.6834511002519357,0.7328022450948668,0.8450332008135595,0.8393925345082117,0.7685601553958458,0.7853603051733914,0.7735428371475934,0.8043456643900045,0.7758130346492454,0.8328464268578051,0.8497962293884428,1.0,0.7473452182106669,0.7242400142251747,0.6534485580633612,0.7682378331120019,0.5868875342727542,0.47767496627470823,0.6861464082433081,0.7125063021846127,0.5237106326590522,0.5868657375532077,0.6497283164311212,0.8495185007079619,0.7388785588279162,0.7662678583552719,0.4686377458110314,0.457158174649819,0.6463474862623365,0.6224067993424732,0.6309630790936053,0.6324416148285766,0.6306764586463001,0.6597815841955823,0.5795884916322753,0.6401494141819589,0.6303832170028005,0.7659575941354083,0.7269304998260364,0.7013041629262247,0.6938649355583815,0.7759009361945324,0.6031195639150626,-0.10973196739383168,0.20119493643759784,0.6816399470870015,-0.20584413859771444,-0.8529843474289416,0.37727794908808127,0.5733124255432394,0.5498101962063915,0.6950581659703673,0.532028324530181,0.8623584734796419,0.31045622539593687,0.878646127835111,0.4085575649991355,-0.8398632263932597,-0.5964783045283534,-0.2738888091629589,0.13279421197596106,-0.011272668768894831,0.3965752619779333,-0.147224133917244,0.13788253047065926,0.5664948094452662,0.8603652680400266,0.8461578504591605,-0.7555067620027696,-0.6727018434113854,0.23769045254433657,0.2520224035150925
ROI_6001,0.9518395646088346,0.9345466042951234,0.6481667902783294,0.7050417933653795,0.732073299495977,0.7183322270848905,0.6175604404029131,0.7937479199443561,0.7040029583123342,0.6500499116604727,0.8065713239797925,0.8416672083925305,0.6832293886360462,0.7807639459071576,0.8035401684050655,0.7096195192733249,0.8858457188073692,0.8792042136560159,0.9257110728053111,0.9028708314120102,0.7017308206136655,0.5621385246014121,0.18103588956130678,0.6643060998567762,0.6289979629030964,0.5845280631843485,0.6688183968638876,0.6343017295553053,0.784884491771611,0.7926029373771087,0.4364256132028855,0.6424497601813678,0.8696093628089933,0.8729067276560571,0.7564858510308134,0.757832318152154,0.7630952543897929,0.7063717254488686,0.6779373548709551,0.6333504654219873,0.6219172893019963,0.559079642219639,0.8803292902644845,0.864733926539637,0.8448594561369965,0.8513938540323138,0.8215139161942275,0.8315608920753345,0.8718145867628524,0.8697564200040917,0.8841215453626751,0.8403714236132429,0.8705180320671213,0.7964268487774653,0.8235014857735112,0.7473452182106669,0.9999999999999998,0.9557660617049308,0.8112503060714813,0.8592688737638071,0.7925867018451803,0.7288482762608626,0.8664305406583078,0.8596882403774619,0.636790682962777,0.7323274060507045,0.7487995598273616,0.9046987205061718,0.8238335315059563,0.917171841450907,0.7051904032106177,0.7399696957016785,0.7115781390084146,0.726535450854433,0.7330872916122887,0.7042222318427662,0.7424600353941205,0.7555212804643615,0.7313483745151442,0.8193071551469011,0.8302565558046917,0.7923106974639507,0.713419796157022,0.735075993566044,0.8026158448499285,0.7852711653036677,0.49458490826172424,-0.2396552696222384,0.16719507580031223,0.35132730125611855,-0.22055376966018328,-0.6263564397264274,0.4004537247470962,0.2007092974860481,0.5685545192083659,0.6817170822498233,0.5838951679608071,0.6334598170263863,0.14630047702605656,0.5353568629089588,0.42110313621008094,-0.49163293813887027,-0.5349552427314304,-0.4054786577228338,0.25870804395661035,0.1982587422229826,0.42521941451645506,-0.3616384888316603,0.5480488588419086,0.6701828553215913,0.7485538674829534,0.6509312546609617,-0.45661673045420437,-0.5000867955289814,-0.012047603947127918,-0.025999782460384778
ROI_6002,0.9346446270682975,0.9567312473622394,0.5573942344945748,0.6178043603156522,0.7455643629937292,0.7627752833320046,0.4876266952791544,0.7194286660423502,0.6851185705485754,0.6475161623779802,0.7956473306624479,0.8674395436970993,0.5965240034495726,0.8247946981084752,0.8115396927158175,0.7652411189359751,0.8417823588713792,0.8874485620715407,0.8753732230426032,0.8790733519755761,0.7913196777369327,0.6307120297693597,0.029261452030996355,0.6076483420827602,0.6011932376565321,0.5083418449552131,0.7489144994926512,0.7324970207814011,0.7607265329453512,0.8141641042848783,0.3417649203083153,0.6300478487023947,0.8205004676031771,0.8744562114768756,0.7791705009149203,0.7917555596459996,0.791244205968409,0.7344572585249588,0.6843054449971286,0.6617898393832198,0.7156797512472443,0.5527679942245987,0.8847355993015213,0.8950883247895974,0.844099595952767,0.908857269605661,0.8633306740941413,0.8719938032371343,0.8457802613857729,0.8900103299961333,0.8936532952901515,0.8529588111565513,0.8752227042732695,0.8211136393212131,0.8311606064400697,0.7242400142251746,0.9557660617049308,1.0,0.7588342911406905,0.8772332839411489,0.7229004174561693,0.7110158482817331,0.8075679826603406,0.8801407106921173,0.6009439088700548,0.6931985982486131,0.6478672448633266,0.9147596674839147,0.7448082089677949,0.9205691758807353,0.7329244871470771,0.7668779177997544,0.7349776843902176,0.765806072219884,0.7687117607499953,0.7478462879596426,0.7002361370576564,0.7636550035221668,0.6986761087353661,0.8289342234983309,0.8051204479684179,0.8580452347039111,0.7353942393652708,0.8187541509348033,0.8004968083772067,0.8313268486797277,0.47278289909407345,-0.39235389565881335,0.023505089387653586,0.23789928409581942,-0.37377803405649673,-0.617034773840987,0.4874854977709949,0.1400653663052702,0.6057465271205387,0.6995072532102264,0.5628145160616999,0.5947740473232431,0.011360621612825212,0.4823619843638044,0.5532380937491299,-0.4905397835052892,-0.6443978105248189,-0.539659392818986,0.41079580099356794,0.3480124584192395,0.5605744443542431,-0.49319929418678304,0.6182439265623465,0.6914273683605632,0.7239628514275068,0.5924005977606605,-0.38230121579551873,-0.45044409944605707,-0.15084353535926415,-0.16583661513983355
ROI_6101,0.7438755364482983,0.6987017966757713,0.6366196476762265,0.724417244599168,0.6086909770207467,0.570262643250435,0.7100435453040309,0.777489149228617,0.7004941987076411,0.5913579889972267,0.6191183038797446,0.6594222711734756,0.6116025900997931,0.5461643043013007,0.6420333771947844,0.5204597503984624,0.7300658372234572,0.6917304615318658,0.756539741156142,0.7211379375534986,0.4510071335002116,0.28989972028592664,0.32478512137509163,0.5893588878191226,0.5364246071906181,0.5735100113527503,0.4100897936146796,0.3605770525894913,0.6046816695556692,0.5943053771947249,0.39479612801427255,0.49283622191955534,0.7451975453519805,0.6943251445900321,0.6328855403874033,0.6351808138552334,0.5319137303920399,0.46381673324137757,0.5530945922321915,0.47470850446822854,0.35449118734680213,0.3877376179059063,0.7469604777888821,0.6834053207680311,0.7669461742978202,0.6785002457061613,0.6185500458587054,0.6405379564776514,0.8489900626233581,0.7538024436289924,0.7510211712008552,0.6770732737744061,0.7653175147876288,0.6268017004322417,0.6978743950315892,0.6534485580633612,0.8112503060714813,0.7588342911406906,1.0,0.8946768687033769,0.9139702770331475,0.7933403667341753,0.803943079905351,0.7064976117055122,0.682860772219538,0.7403958061753532,0.878468732379289,0.8012596320946941,0.6842037367263799,0.7388984893839948,0.4962486300158241,0.5248041725546659,0.5057477515863739,0.5203931687223279,0.5782856454009239,0.5113591870866477,0.6548695175724515,0.6002260115851578,0.6344664406810047,0.6448541154900876,0.7052360564990298,0.5629661945105857,0.5063724768047624,0.49612962651828396,0.6815939240893573,0.559013638037735,0.4317707474590592,-0.0020625419229996955,0.38752873495061707,0.45649980637111376,0.03617661671592625,-0.48884290468444325,0.2485887939926858,0.1945854794958443,0.3823155657369002,0.5463091331044551,0.5456361084791768,0.5860078687606725,0.3310027674038583,0.4947238734144178,0.15509088332284351,-0.37513012870886814,-0.27460748971398524,-0.16886774578126118,0.008251792718880586,-0.012657831890527684,0.15325979048997113,-0.1293836760893208,0.4253729630426453,0.5367691743779132,0.6560986359676388,0.6424805898127206,-0.4536221848078251,-0.5275704538428024,0.1667932074612115,0.16062473080851952
ROI_6102,0.8377484508465555,0.8206628472856818,0.5288557430088489,0.6695738831057769,0.6925363129230383,0.6327057983490795,0.5743013012558307,0.7834398448099463,0.6431106328535808,0.5232107936478488,0.7444845529044389,0.8115345985853116,0.6004753129775033,0.7332535017891335,0.7151475769680403,0.6255540617256723,0.7585569256671069,0.8012079987326137,0.7885180814516871,0.8019024957528824,0.6995842281936345,0.4687801416041515,0.13639956907266604,0.6279199907053549,0.5934513652889325,0.5146037961595293,0.5921201493497323,0.5593197525062978,0.6429075144475457,0.706367572737087,0.3028053867342444,0.5831737871787875,0.7255553891754162,0.7642353886812262,0.7048229933055421,0.7382842610099801,0.6820502763921269,0.6503184053783357,0.591402397065791,0.5578627243817501,0.5860160570836251,0.47975403758362944,0.8097744149724966,0.7827040632021599,0.8028869030596864,0.820627188730207,0.7799631207709851,0.8010652177103263,0.8750349367630519,0.8637470527384243,0.8372917474310654,0.8109826697208227,0.8455456102363964,0.7925471669677285,0.7818363240755668,0.7682378331120018,0.8592688737638071,0.8772332839411489,0.894676868703377,1.0,0.8007132668768812,0.7819575523306779,0.7628753601956909,0.7929622777786893,0.6509589117945653,0.7642876413663128,0.7574300987217469,0.9103982220985678,0.7438755283128494,0.8463517037609712,0.5631031875100614,0.5903498367221359,0.6014729645258539,0.6238852217094976,0.6521271923771275,0.6151039745272313,0.6321438330631999,0.6609115365900006,0.6227035723429891,0.7354819498392644,0.7109891641892111,0.7530402737451165,0.6364885561143563,0.6991689913198822,0.740258044582991,0.7463381647166316,0.4376182753388135,-0.24637742143526797,0.11157105860287446,0.4195884199076601,-0.2504917458328726,-0.6714515456956972,0.4459764591838706,0.2618178260687327,0.47406227096321313,0.6244458178039469,0.5040452389324285,0.6466685334989868,0.13362429105786391,0.5912082363669122,0.4278474335069224,-0.5715292333025725,-0.551194566837417,-0.36253628290361417,0.23618535511744077,0.16216248025383048,0.4242799649296586,-0.31347044588916223,0.49644166062076484,0.5917984449107959,0.7421492119344772,0.6466250358993999,-0.48984488263392484,-0.5347291764422613,0.020729866545484015,0.01010824084191337
ROI_6201,0.751166660706354,0.7125603341140022,0.6727382586311541,0.7276815763496617,0.6015068710721088,0.6098059681278926,0.7408745961028699,0.8016503748152092,0.7080440398292402,0.657598137427378,0.6939399817601539,0.7194535467832128,0.7240996485313517,0.6134690034664054,0.6783853081324007,0.5872760579428649,0.7602906221249064,0.697090649648175,0.7648639415411476,0.716166166228916,0.4393018703011861,0.3322265066921142,0.341057342924119,0.6099825740390825,0.47995390341737665,0.5434587607655844,0.41776781723909373,0.39772220033297,0.6870153858595238,0.6448477807205271,0.4733738783067182,0.5377763041035071,0.8160687291109341,0.7392077259545943,0.660198380525667,0.6710424786052899,0.5635411263011787,0.49154940012094883,0.57576339960669,0.5008954353432034,0.3588519213768492,0.4076359407740149,0.6552068280807006,0.6189293600598885,0.655559519173098,0.6030481743071605,0.5823257557249587,0.5762647649540993,0.7571273848359514,0.6987245146402362,0.7067765074147981,0.6339311874585707,0.6798470459333853,0.5502081070427162,0.6757710750444129,0.5868875342727542,0.7925867018451803,0.7229004174561693,0.9139702770331476,0.8007132668768812,1.0,0.8987552286188304,0.8540433980399502,0.7734263460616367,0.7491086161421436,0.7743532500131208,0.8008241157572394,0.7472640655321547,0.5997166514208384,0.6538439438009693,0.5565243706973845,0.614429603131131,0.5928406433415848,0.6127485319624124,0.6266411371838763,0.5669842189451528,0.7322628212371431,0.6708609150962692,0.6770321727083807,0.6410814723149592,0.7195749564360266,0.546337058986359,0.508495145357692,0.47868068170141426,0.7045291754708799,0.5592881514143399,0.5037563667777939,0.023227527517354043,0.4447435527478292,0.4065035591408873,0.0503651195283996,-0.43723712681940136,0.16668571963837225,0.1818134599352795,0.3854529959613911,0.6059713277533527,0.6283100688319126,0.5876731649029255,0.3539609960803277,0.44212159355166586,0.13364235580702796,-0.3306833434658684,-0.24458779085174137,-0.1913780863819794,0.018964962116685854,0.008490444033779394,0.1368483543869157,-0.14694388667864988,0.5004459541125471,0.571143005241336,0.6734543065207561,0.6449025609021664,-0.4266707461574657,-0.49790529231106034,0.1560087563371841,0.16101302518296237
ROI_6202,0.7144204422490531,0.7141935193859228,0.6385033707487635,0.7194733745379375,0.6330406003333198,0.6803421616948695,0.6483719781036792,0.7873213988454801,0.6799917465207816,0.6915926232412143,0.6880607830254126,0.737736728970221,0.6891706533922402,0.6718185609480722,0.6707011446509833,0.6662259360335984,0.7127080362850433,0.6707071912162892,0.7258572427403874,0.6712811465990132,0.5064137152594326,0.391647332660456,0.3046847950249736,0.6378723333012922,0.43330251560520755,0.5527140904211723,0.4736617439205176,0.4650035373677765,0.6884098126739324,0.6687654393445994,0.530658499213152,0.6362024743639733,0.795128574699581,0.7534453456726686,0.666431598236391,0.6901897069687001,0.5497292156280659,0.4634121215203574,0.5360666204500628,0.4748585134338079,0.3968852300200434,0.3894574843344663,0.5766592170977026,0.5827594487368063,0.5911182919142889,0.5987500956061519,0.5735999604803608,0.5511758584859066,0.6793203129726738,0.6937714162713535,0.6618826040758894,0.6202563672226343,0.6165134788351123,0.508212174501783,0.6073344364801547,0.4776749662747082,0.7288482762608626,0.7110158482817331,0.7933403667341753,0.7819575523306779,0.8987552286188304,1.0,0.7715161405473533,0.7843351960683134,0.7192446758999433,0.8137605699962659,0.649906741894918,0.7078981523170181,0.4904231342150367,0.5923705196398927,0.571232071648511,0.6607541207339601,0.6213748200375003,0.6585257621677181,0.6439720889177982,0.5979734004689305,0.6922146451325366,0.681505997788336,0.6652252296958683,0.6323113502160168,0.6875984789176552,0.5537555080015201,0.46932309517706244,0.5063629869025542,0.6591034353788139,0.553195210952909,0.4685903364184102,-0.10502085016010167,0.2998959946669066,0.22917738255327,-0.05284544510442126,-0.36406123275847085,0.1752115309259283,0.10291213070575432,0.37665907099265045,0.6009043093092213,0.6106114023517861,0.4990047821935425,0.23146113614583064,0.3119598183603125,0.203520882849076,-0.24669754415920556,-0.2901440789088554,-0.3027533312244899,0.13591293869094673,0.14380532860456108,0.2153495529275573,-0.2653894422593728,0.6455966903749072,0.5623513358886071,0.5856999857170558,0.5362542336158989,-0.31787736894740976,-0.42076688477084745,0.030503681473640198,0.020076575774720003
ROI_6211,0.8080203524509182,0.7970218825198233,0.6670744997052073,0.6773173968522007,0.655103953819726,0.6972298675045429,0.6275975479988363,0.743234689553522,0.7296088480917506,0.6748143117504802,0.7836890112572926,0.7960587930153011,0.6672504411047356,0.663782079679547,0.7418004788519205,0.664950354639634,0.9073262074801839,0.8351770953118125,0.8386429924717262,0.8128491083764108,0.5209879827433376,0.4275104819667208,0.28344887315822054,0.5417194468679952,0.4754662237670054,0.4951770589811583,0.5245608203724341,0.5025897066499628,0.8375522494180352,0.7690641501165767,0.5226022559881816,0.5899502218267922,0.8824968024965909,0.8365203196997143,0.7035960536240228,0.701527312243443,0.6594942841364243,0.5811742566150297,0.674093234856581,0.5866761791297895,0.45479931177995847,0.5093748417512213,0.7301661516695629,0.7169393902883753,0.7104631638232795,0.6906516098735785,0.6980810120934872,0.6673054603308668,0.8044027598236386,0.7713141459231887,0.7638513917036803,0.7236451685167948,0.7186313049334336,0.6325483153038538,0.7653382235438266,0.6861464082433081,0.8664305406583078,0.8075679826603406,0.803943079905351,0.7628753601956909,0.8540433980399502,0.7715161405473533,1.0,0.9003199549066505,0.6439275443548685,0.6929266719149807,0.7594763299681205,0.8136089323114442,0.64345310666651,0.7285883176932327,0.6326938637491532,0.6859836506535641,0.7378800775509397,0.7478076372660596,0.7323572061832863,0.6943882220024914,0.8034397533943268,0.7804668059300143,0.8044510689766786,0.7425184791966014,0.8223787840293236,0.6502430505971724,0.6189250521534138,0.5743585111367585,0.7122402410006681,0.6314588062683694,0.6164395177724047,-0.015882970968704058,0.4261404806693101,0.4133354406122561,0.021885399287016584,-0.5098593971243907,0.1565192349480127,0.2615745531791215,0.4463099871144541,0.6893031680081122,0.7259240291133704,0.6774953876308594,0.4063982790195115,0.5254192599961115,0.18589218362807083,-0.4092098040362439,-0.3168858616238566,-0.2576250822622708,0.06165810783201609,0.03258051036338575,0.19334324256625623,-0.1882994779792751,0.4958719527863441,0.6087052363031539,0.7383427898068758,0.7386558158952821,-0.5064379322274211,-0.5624215095123009,0.17194222754732197,0.17240800534366493
ROI_6212,0.8758847613410806,0.8781195684132089,0.5547279563838097,0.5930198667332032,0.6944557681836199,0.7878061284759142,0.49148549189399515,0.7235334006822735,0.6667353843873726,0.6674031748413667,0.8884953339601697,0.9157618040032038,0.6506708218938162,0.8472516862475294,0.7996432123701419,0.7932971144336566,0.8938444611277835,0.892412701203826,0.8406241949805562,0.8309302726685748,0.7191131166656897,0.6248913690403558,0.04719952477568207,0.545086448954506,0.47339815660651885,0.41250268655919275,0.6868532175613703,0.7233892376931571,0.8879645341007928,0.8817015100758864,0.40552354881628144,0.6336070020559097,0.865833556910625,0.9078346775101628,0.8015061582997831,0.8306888630527411,0.8177399388497516,0.7526067681393236,0.7434580539205887,0.7231091619138509,0.6949876090291096,0.5987429081434108,0.7414224869014616,0.7814028115443671,0.6732085580689897,0.7740278775549403,0.804095635794614,0.7868945317461704,0.7604621620481398,0.8500906508611757,0.8331064126538869,0.8237132186502057,0.7819057129017886,0.7498355589333018,0.8438372142521428,0.7125063021846127,0.8596882403774619,0.8801407106921174,0.7064976117055121,0.7929622777786893,0.7734263460616366,0.7843351960683133,0.9003199549066505,1.0,0.6255101005783941,0.6897567777758195,0.6114785544268907,0.8741300761200205,0.6004898814782071,0.777329885726746,0.7537538580257103,0.8066325587434968,0.8339498135604841,0.8550155261036834,0.8339285281475269,0.8295620061589639,0.820725845746902,0.8725686209664969,0.8016792373275445,0.8178106205628526,0.8291525799709695,0.8099460528882038,0.7628154095790721,0.7653585655688874,0.7723349692078393,0.8035967438685302,0.6076806430467709,-0.3041776518498631,0.15502286915653335,0.25362502643437107,-0.2936716827550572,-0.5767296042526622,0.3598799105706797,0.18763073863860794,0.6151344624285188,0.7947138402387081,0.7052533647004204,0.6680013429313066,0.1425534861155936,0.4908127306185744,0.48412668240459805,-0.48541961663428623,-0.5827981388153157,-0.5284067313518932,0.3641030546601412,0.3040660409992959,0.49355836277205717,-0.4535635556614585,0.5998279232857892,0.70507110773075,0.7926718261344671,0.7042535476244688,-0.4196184814029605,-0.4573086785654354,-0.08908536590293306,-0.08002475388200479
ROI_6221,0.6149895812613461,0.5925713220108353,0.5739983852838124,0.5872943732871602,0.5690940700533061,0.5554361292714173,0.541798894244231,0.592787563584814,0.5707074956118051,0.5486023194737277,0.6038774025959978,0.6544952735549192,0.7530714337494651,0.6914506510781956,0.7251427758427601,0.6524168824523435,0.6728562747344347,0.6511804984735923,0.6291149453953846,0.5406191407122487,0.5353312383710944,0.39365495893996083,0.3165405819816895,0.7053183599260914,0.5895355100949092,0.6052454823215434,0.5302077101335775,0.49017903990952444,0.6239595506597878,0.5963405964708383,0.5080221320906942,0.6796243444134821,0.629665879952799,0.5763844154270736,0.7098108127277436,0.6824952463261664,0.5699192690221822,0.5138761367495877,0.5116640739710665,0.4661399622069594,0.4439578559916996,0.3857520680841395,0.5661280791251674,0.582421701499874,0.5370529651803343,0.5844896259872713,0.5896033666773607,0.5779532209650199,0.590556761939328,0.625834229535646,0.6504708864628468,0.6403482015525951,0.6271456471561987,0.5561218004843012,0.6008588396372097,0.5237106326590522,0.636790682962777,0.6009439088700548,0.682860772219538,0.6509589117945653,0.7491086161421436,0.7192446758999433,0.6439275443548687,0.6255101005783941,1.0,0.8927433648565158,0.5698521992281304,0.6201795492489244,0.45295067231880587,0.5181856048166286,0.5216299865766906,0.6126361585775381,0.5607805215533669,0.5731384592578448,0.5562245450139859,0.5334145002629991,0.573776494225652,0.5721117342412005,0.6205971461335331,0.5970925900227521,0.6507717146566332,0.5910538261304176,0.5088659177849232,0.5390798007483742,0.8207197479218864,0.6401341344429765,0.46635513059652395,-0.08443535789008424,0.27712841519655257,0.27827405529546173,-0.1195185309584961,-0.4207131077919455,0.26279611230860106,0.12002242841290019,0.3795377488163927,0.5341696044562148,0.4802317623866149,0.48283908448617735,0.1658587113746408,0.3645050295132412,0.2714593359198555,-0.3442869969979517,-0.36142015580685893,-0.3293090204604377,0.17936350492012626,0.15747898147936581,0.2757322214929977,-0.26353797161634424,0.4687775601254654,0.48615400362223776,0.5442175977149659,0.5078189026579911,-0.32620883597267275,-0.4153031059143359,0.0114502843441617,-0.0005903601765484718
ROI_6222,0.6900016681189964,0.672797448490269,0.6341165000043408,0.713268010053037,0.6905049114512172,0.6147973254119456,0.6229754701679303,0.7374875417891017,0.6482422675240067,0.587380718869668,0.6459048241598909,0.7168638262997802,0.7621981268828152,0.7414384266146304,0.7467026914465679,0.6625050946640182,0.725435939167633,0.7084659833943405,0.7028644159107175,0.6461723588238941,0.5755266055750679,0.41384273137491834,0.3843332547096765,0.8060236468705544,0.6575356220597818,0.7015959441005399,0.5833217892438239,0.48919447486290946,0.6324439316316889,0.6270697366928393,0.5752516035611612,0.7600090484924298,0.7024315882335403,0.6536963886909417,0.7077175586115653,0.7011043493733211,0.5753709628139262,0.5278767548032681,0.52430331103369,0.45239939349584474,0.44138489388890634,0.4058772536015704,0.6203805318089697,0.6224173652283537,0.6341662571027942,0.6516588074337001,0.6246213012773694,0.6207072171052193,0.7025683615832875,0.7089540190798472,0.7069044019354592,0.7190839097219303,0.6794846859394862,0.6146157095191815,0.6284034188062312,0.5868657375532078,0.7323274060507045,0.693198598248613,0.7403958061753532,0.7642876413663129,0.7743532500131208,0.8137605699962659,0.6929266719149807,0.6897567777758195,0.892743364856516,1.0,0.6683912869585669,0.7193915204027783,0.5997234521236028,0.63029284418246,0.5474138028536819,0.630114512057403,0.5797784142081821,0.5836389259495051,0.5541584504321241,0.5219078683159762,0.5705315145804644,0.5801038644164399,0.6275446259774164,0.638586987396205,0.6667828895917759,0.6246765987069802,0.5075142024203392,0.5557793642650443,0.7965615066774857,0.6771566027239723,0.4528043332838773,-0.0743324580921842,0.2690369259018235,0.36634995051356367,-0.10111744508079576,-0.4916320158297905,0.26593637910368545,0.18442791865071678,0.35686148326776385,0.5175225223001972,0.4654856159341301,0.5133964643459025,0.18732263859615358,0.43349235050737905,0.25981857295026073,-0.40983192839030075,-0.36823728337504674,-0.27602321626175347,0.13545024222713892,0.09930192271933766,0.2638126400619645,-0.220705814135163,0.5109328274196041,0.48410608406325706,0.5768684540906447,0.5288766790826063,-0.39249030542408464,-0.4547816590862447,0.06980136650745536,0.03289972699771244
ROI_6301,0.6496722788283816,0.6035134128981939,0.6155054448703247,0.7741162861713111,0.5511473967931038,0.439608371557633,0.7433720038060171,0.7820063058405836,0.5862473703343415,0.4543406988587895,0.5339780289623376,0.5541129394310763,0.5631709732964496,0.40857143820942493,0.5094791519452172,0.3368338770768513,0.6629741582009246,0.5791430130798821,0.7383402248356525,0.741737806099366,0.30314658228486424,0.19740819211770333,0.444568474200825,0.5947891512904548,0.5740739896007911,0.6189942506906273,0.2757866603088132,0.19495353899977974,0.5021392377699906,0.4469329859956247,0.43945864243031846,0.4833521713832188,0.7277300791313357,0.6670835639920872,0.555757227109551,0.5538297527244893,0.4301245341306355,0.3702106941308517,0.5040716965541752,0.4088711788611975,0.2134397179735511,0.32534159390659806,0.7313907146917786,0.6291407200913639,0.7498803503042275,0.5831386541867442,0.5362659531380628,0.5745395234990194,0.790949290129355,0.6437391136490119,0.6401168574970658,0.5765169371132712,0.645133913906233,0.5509378716643204,0.6342658627631551,0.6497283164311212,0.7487995598273616,0.6478672448633266,0.878468732379289,0.7574300987217469,0.8008241157572394,0.649906741894918,0.7594763299681205,0.6114785544268906,0.5698521992281305,0.6683912869585669,1.0,0.7678420960793134,0.7842882920639558,0.7166993716145591,0.38685138369170935,0.42638168530514103,0.4248681443390359,0.41677197642899727,0.4468519307744531,0.3811224091679148,0.6392713719038446,0.5288540505665228,0.4979067126121244,0.4985586863539446,0.5676149124523381,0.4146183188702269,0.3929346717470541,0.33695346316048247,0.5461107810537505,0.43793676680049015,0.3737288499005159,0.15056674164533448,0.4642543311598556,0.5646995715473098,0.18628527981168566,-0.4836197183954626,0.14371008830518825,0.26345686498168647,0.29139723906411236,0.422129989975403,0.47492903985649393,0.5692084518452648,0.4410728374050037,0.5390152436874651,0.010564439899140344,-0.4011439132222361,-0.14632608131462288,0.005819431790182693,-0.14929638327851089,-0.17657721595622902,0.004087882420619065,0.03969389320398481,0.26067332061579845,0.4374534484208458,0.6327521313657071,0.6403369465062498,-0.5082954654866705,-0.5337342875959067,0.3093842941831532,0.3008967025520132
ROI_6302,0.884295645785951,0.8703361321984874,0.48248555391069003,0.6022219479166792,0.7300023092435335,0.7217533428204262,0.49335783312293086,0.7367818739469736,0.629085504624468,0.5643135327056449,0.8286913643338362,0.8467435823997539,0.5923391687296752,0.7915567397110803,0.7745534015455989,0.7087940870549485,0.8411484289406714,0.8701462949211527,0.8423658428572964,0.8617618416497357,0.7712548917234409,0.6380359063636529,0.015252923778038469,0.5862652733773656,0.6102239219694605,0.49141335170054223,0.696586520563873,0.7105646360981646,0.7600704263758966,0.7981214673378764,0.28540685530066257,0.6051597172840057,0.8063798631153575,0.8813500368148042,0.8216396400768474,0.8526840529953731,0.8318198140861566,0.78254171484317,0.7428349225590142,0.7402308427577323,0.7397609949748446,0.5957098366715089,0.9139613164624832,0.9087749703954217,0.8516873176812912,0.9019772908547987,0.9056235535340196,0.9319533098031318,0.8861991309794913,0.9400744104957756,0.9275104088383945,0.9124079485100347,0.9113045750388055,0.8929265425175648,0.9158319396205039,0.849518500707962,0.9046987205061718,0.9147596674839148,0.801259632094694,0.9103982220985678,0.7472640655321547,0.7078981523170181,0.8136089323114442,0.8741300761200205,0.6201795492489244,0.7193915204027784,0.7678420960793134,1.0,0.7823516728934973,0.9158497143769887,0.6804274839002004,0.7143812687127117,0.7486447490036867,0.7615118886692162,0.7716667139946889,0.7593636416759098,0.7499539356892447,0.791673108996301,0.7119744357586346,0.816945573846686,0.7976033675491768,0.8574725498652657,0.7879854704438436,0.8146155007813628,0.797604446341179,0.855117271878677,0.5370425739494048,-0.35563222871160044,0.07425501345103094,0.3611427697427312,-0.3618675507390388,-0.7284530642937095,0.5310659523998698,0.2372417649717164,0.6221360242237362,0.7515347517962122,0.5829555684097201,0.7063618106724276,0.08315845453432749,0.611414326577901,0.5633838874892687,-0.625760127231412,-0.6811060690223317,-0.5149601863650564,0.3786946364642396,0.29266827747614255,0.5624950147833746,-0.4526370222252755,0.4997023787100764,0.7085746161340483,0.8455529106554642,0.7267960486695649,-0.49406097468233107,-0.5152552270388034,-0.08010999539071537,-0.08085222535906314
ROI_6401,0.7794485561332082,0.742067284521363,0.48865678874489177,0.7055074948679527,0.6049213517155648,0.3746667531280674,0.6620177782168282,0.7841478617893408,0.45612484908370315,0.28242965281914556,0.6474232070409509,0.676553223447989,0.6244808352791339,0.5844540300597139,0.565865110278145,0.3538060349663984,0.6858411132454725,0.6946821097187366,0.8088220114598705,0.8718180588257538,0.5405681242736295,0.3197956203782186,0.3031426063435525,0.6712644628258256,0.6501627532122889,0.5483637712544351,0.4617115711322818,0.3336012963551801,0.49672382752751026,0.5287411202051575,0.3432710205280299,0.5330271592246653,0.6507004497265052,0.663783591159299,0.4814009051340108,0.5068781681922088,0.5395806709852498,0.551734269967786,0.3960904526629084,0.37528654945360357,0.40396781870522247,0.3550212563618006,0.7703935764977351,0.6944316987055646,0.7522541886848909,0.6808797369768638,0.6505749584190146,0.6947972079158478,0.7481488785319835,0.659611579875693,0.666217227533598,0.6450646531432406,0.6820543448396815,0.7097918551745084,0.6194349874851917,0.7388785588279162,0.8238335315059563,0.7448082089677948,0.6842037367263799,0.7438755283128494,0.5997166514208384,0.49042313421503664,0.64345310666651,0.6004898814782071,0.4529506723188059,0.5997234521236028,0.7842882920639558,0.7823516728934972,1.0,0.8868426358574557,0.3807738379192747,0.4235873994211575,0.4082378678582341,0.40796285068645394,0.37495366480127124,0.360041532371052,0.4769606640876421,0.45386846974626593,0.4313890327835733,0.6086810740348428,0.5395804257260368,0.5874696759207747,0.49415793063593194,0.5023508630182059,0.5751419970424348,0.6039441819470022,0.21681731744841734,-0.10865857798081113,0.08722036591831285,0.5496487009737365,-0.1138361137580638,-0.7410356144043283,0.3864696010558644,0.38599880181104346,0.30294181330116193,0.3763543862847209,0.25310842547753165,0.5316706683757078,0.1683463628228232,0.6567112850894689,0.282510475297888,-0.6395410732309332,-0.4345969564200355,-0.10453567720247003,0.030734772750515605,-0.07914467614712906,0.2692287533767043,-0.09556399635428284,0.22875933384356995,0.37416115270571343,0.6548667574716037,0.5620587413311915,-0.5773596436775951,-0.5208195046674579,0.19247013547960967,0.15715434062636072
ROI_6402,0.8977889996379288,0.886613252278451,0.4830469444554179,0.6168810360200202,0.7054006033171695,0.6178584899934854,0.5375681021154323,0.7319514520936128,0.5845067096940324,0.48210159409539455,0.7687244770942213,0.7939461842350463,0.5892751150674641,0.7373349860525005,0.7373618706349602,0.6129867083731806,0.7821183340122719,0.8322130062688151,0.8649653429884155,0.8960920500514397,0.7485670396684814,0.5659947854059486,0.05251580965402142,0.6231744490666542,0.6491109806035993,0.5123377311708506,0.6770141995385865,0.6331891998218383,0.6633946399578674,0.7297185235824045,0.28900667050832146,0.572906143314602,0.7469289033379906,0.8089530318130483,0.6728290208809166,0.7007907142663186,0.7365503334965117,0.7072369381423578,0.5952310927626717,0.5984163159027107,0.6822845897557741,0.4821716331702386,0.896750534854426,0.8731887646165963,0.8452577653952492,0.8756081528839426,0.8257067588439782,0.8760583038465741,0.8363537594157406,0.8501360901535817,0.8516287205501017,0.8237363715858317,0.8630417422169997,0.861158899052437,0.8007464325660792,0.7662678583552719,0.917171841450907,0.9205691758807352,0.7388984893839949,0.8463517037609712,0.6538439438009693,0.5923705196398927,0.7285883176932327,0.777329885726746,0.5181856048166286,0.63029284418246,0.716699371614559,0.9158497143769888,0.8868426358574557,1.0,0.6270913739485084,0.6500532737748208,0.6159533550950055,0.63692630959935,0.6375060000477742,0.6280362055872405,0.6001595132498584,0.640752545440261,0.597879992098181,0.7896709867589891,0.7195217976607137,0.8029043955772518,0.7139299548795335,0.7574693718071868,0.7258977172015112,0.7934002114437129,0.34920045259729154,-0.3980565157639238,-0.035818751224833495,0.3205744862645145,-0.37705840251648803,-0.7191777047982028,0.5717345304413624,0.19977192275384087,0.5418484844577418,0.5996373162998294,0.4041414822887738,0.5651624935928964,-0.01778219209130778,0.5581789524495259,0.5569471800171717,-0.5893974140971905,-0.6626596892888121,-0.45757709017189374,0.3624242946385904,0.2691076078310931,0.55405013675317,-0.4334839597860148,0.4507919372903995,0.5952733559726322,0.7349139717652109,0.588359600292067,-0.4414253029406429,-0.4637201065752048,-0.10319697949240021,-0.11976632567185871
ROI_7001,0.7366237821316939,0.74261338471199,0.5756345929450142,0.44134854374800153,0.6421496432372089,0.814938536821909,0.35229363767507305,0.5195293598335253,0.6749420642611734,0.7489218136808494,0.6581536153913848,0.679693298402895,0.46874548909206476,0.7372465702644131,0.8065380075823906,0.8286826814295313,0.6765602740893155,0.6760268991393142,0.6690101968479175,0.5945731161328209,0.6580374405263351,0.7400934657617819,-0.016169093831513933,0.5225939602794348,0.47991691908741246,0.43877551772368745,0.7365081308927605,0.804349149703951,0.7514736551405383,0.7518320004128095,0.3948769546545188,0.6045289904510166,0.7330747083194259,0.7573464870626163,0.7668590547836154,0.7518764055290612,0.7561293285895172,0.6878158810743122,0.7286037260964973,0.6869989199229029,0.7217478505182595,0.5503647777696061,0.6382630829088152,0.6998003473344333,0.5868114014452185,0.689874459529099,0.6801580038098349,0.6887743340919797,0.6260384934431799,0.7535356772279458,0.7669549602378315,0.7588427831260912,0.7071046927144371,0.6365593836704626,0.7422390832338956,0.46863774581103135,0.7051904032106177,0.732924487147077,0.4962486300158241,0.5631031875100614,0.5565243706973845,0.5712320716485109,0.6326938637491532,0.7537538580257103,0.5216299865766906,0.5474138028536819,0.3868513836917093,0.6804274839002005,0.3807738379192747,0.6270913739485086,1.0,0.9272966463524863,0.8296823072242072,0.8103655963513025,0.8032016097018624,0.7951880035588238,0.70498100323735,0.7682246268800154,0.6803029415031374,0.6791537597712245,0.760549124138257,0.7403414906715347,0.7510094818839526,0.7513950397932526,0.7556899676206688,0.754619635277471,0.5675182189186019,-0.3901043213097815,0.05830884806531813,-0.03261566919884024,-0.4083687693270951,-0.28222185413426465,0.3584464759245687,-0.12242148958390156,0.7568953868377598,0.7110184156321907,0.6001967572532979,0.4583209458750543,-0.10527702837212059,0.17964764922833262,0.5529476483254896,-0.229209468910078,-0.5524234485876466,-0.6605949899256559,0.5421312380496194,0.5302040078090333,0.5692491925034877,-0.5856463795938788,0.6100646742858143,0.7600753712728434,0.5795587871540245,0.4236310398595135,-0.09113311934972658,-0.21353020687616717,-0.34936777280050496,-0.33061549120055406
ROI_7002,0.7691035010221711,0.781279470648812,0.5527855600212604,0.4842938286958632,0.6568852972795228,0.8244287270990409,0.40261208968384915,0.5681337415975964,0.6497856777470343,0.7473220741267487,0.73603634031875,0.7399992193870595,0.5667745450333015,0.8022863069361846,0.8104754438401973,0.8519229041110989,0.7613978433302089,0.7561402428184564,0.7264269884472221,0.653970467928538,0.6895188249151343,0.7544946982251047,-0.014560288639159607,0.5460833510118983,0.4762553402924006,0.4592444021476629,0.7463118277609175,0.8030332769319835,0.8150585838846213,0.8091532930724523,0.43823194938920396,0.6546507518898699,0.7823453004513197,0.8031005022134149,0.7994420506385618,0.7889098955474614,0.7842075865674693,0.6939759089513533,0.693403055900586,0.6829672206712528,0.7222816917025445,0.5035355328054186,0.663640358775423,0.7350101509283175,0.6047399991388911,0.7236635052662127,0.7097822076227571,0.7160228632142102,0.6243244318569262,0.7729670470841615,0.7848975745874236,0.7774908635174257,0.7228167208750439,0.6628384765955365,0.7425215111436767,0.45715817464981906,0.7399696957016784,0.7668779177997544,0.5248041725546659,0.5903498367221359,0.6144296031311309,0.6607541207339601,0.6859836506535641,0.8066325587434968,0.6126361585775382,0.630114512057403,0.4263816853051411,0.7143812687127117,0.4235873994211575,0.6500532737748208,0.9272966463524863,1.0,0.8623861296544124,0.8814736332865825,0.8172354171883646,0.8306778088555143,0.7350258237302415,0.8004436327922967,0.7522125499110546,0.7589215487514057,0.8146064800141221,0.7662177297926035,0.7362647984984633,0.7685057600404018,0.781586038530113,0.7656476079482212,0.521411928931168,-0.44386472585793757,0.0199497998856156,-0.09050130958559491,-0.4190226579789077,-0.3291818895364587,0.41308944033173844,-0.14294180092819633,0.6861485083329539,0.7125029034775372,0.6016536709009614,0.4207065072884852,-0.11928268939260848,0.15683438238167208,0.5768010021917241,-0.21558677639460797,-0.5861024853978707,-0.70881140161051,0.5673146832086849,0.5586569831313543,0.5957634273056233,-0.6564052353687762,0.6769416461847826,0.7385456373237773,0.6039994979698357,0.45351600456465313,-0.10142314931574152,-0.19649418584798733,-0.3815645226724334,-0.3740087663688828
ROI_7011,0.7393822791736987,0.7713171510196106,0.536213341884223,0.40289321824163254,0.6947422882856576,0.8706243254486246,0.299000825003982,0.5356370115497318,0.6904315783519397,0.7337182412681145,0.7458773374616017,0.7532958683373896,0.48115466886184294,0.7863390017588708,0.8260819253457539,0.8747820103771038,0.7978632111805057,0.800369777633502,0.6865569645995375,0.6518631347095744,0.6863561290948799,0.7607411384500655,-0.04123340654592045,0.44888944444563067,0.47772187229493884,0.40135116092361445,0.7471278132455981,0.8257695987458508,0.8859958401209088,0.8628800470359851,0.3615981182276348,0.6109059319909729,0.7541786794294388,0.8360383656722293,0.8573055701240337,0.8579584518531359,0.8349128130592609,0.7508965635365539,0.8134844512801757,0.8121037737022441,0.7394568491709791,0.7258641060275893,0.6514543052477592,0.72162205054167,0.5774113978149602,0.7114712785688266,0.8092058757168373,0.7548661297668761,0.6491462682536985,0.7889158726488816,0.7756976496694511,0.8024713991023472,0.6825971508590849,0.6581594018348643,0.8005069665272814,0.6463474862623365,0.7115781390084145,0.7349776843902176,0.505747751586374,0.601472964525854,0.5928406433415847,0.6213748200375003,0.7378800775509397,0.8339498135604841,0.5607805215533669,0.5797784142081821,0.42486814433903586,0.7486447490036867,0.4082378678582341,0.6159533550950055,0.8296823072242072,0.8623861296544124,0.9999999999999998,0.9626826261554078,0.911306449921547,0.9246771081766628,0.8069966625876437,0.8764157196529437,0.8050200500298215,0.7443368001989447,0.8279046902372468,0.8131797862102574,0.7883515699685171,0.800663820286763,0.7734202473476555,0.7745556025408089,0.7557359348778325,-0.28322796333784533,0.17385496754030574,0.1450346960941006,-0.3080227726302341,-0.4446069240792924,0.23808795510949585,0.14823912663026131,0.7212136792573778,0.8466585169126064,0.7664828355548374,0.6876744859388123,0.13733868483162368,0.4051816889175943,0.4907299383657183,-0.40885109711433015,-0.5652022484721768,-0.617197710485211,0.42697155931917585,0.3813849721083588,0.5083974563303683,-0.48138392513402134,0.5222312137162479,0.7553938631301528,0.7381041836554514,0.6626334676075857,-0.3562512890117693,-0.37348364235004106,-0.13796778445637406,-0.1111958238476277
ROI_7012,0.756812925372725,0.7963017834709268,0.48804418327853133,0.3975543096414455,0.6540873395417995,0.8449733375812629,0.29817664147590156,0.5303279083798836,0.6440321853143793,0.7090033950042218,0.7819960507342729,0.7884771045001904,0.5182364132313401,0.8045594306648147,0.7975035387363888,0.8673424768761383,0.8147028365533454,0.8250201758387196,0.7029842189433285,0.6792009303404997,0.7007213594954395,0.7488831216185103,-0.09039172616210885,0.42419641305235034,0.42418116465170497,0.35659336243614864,0.7376166542741234,0.8221302328444301,0.8914299074297691,0.8805571457740594,0.33979041160233664,0.598712223121752,0.7689154210917059,0.8510352542940189,0.8566695907962742,0.8663333772154349,0.8495302977209276,0.759731042750366,0.7652926625107592,0.8023139973028844,0.7494415106026463,0.6755632989040508,0.6624234384304064,0.7419769857056551,0.5882412419374453,0.7372603153868253,0.8124951047724722,0.7699017008746011,0.6484960282557439,0.8018914247542309,0.7845317104037984,0.7967764152691921,0.7044842587599225,0.6748317900794478,0.8030860443564768,0.6224067993424732,0.7265354508544332,0.765806072219884,0.5203931687223279,0.6238852217094977,0.6127485319624124,0.6585257621677182,0.7478076372660596,0.8550155261036834,0.5731384592578449,0.5836389259495051,0.41677197642899727,0.7615118886692162,0.4079628506864539,0.6369263095993501,0.8103655963513026,0.8814736332865823,0.9626826261554078,1.0,0.9101042630977714,0.928471882585002,0.8131836007908726,0.8893347894577669,0.8182774308946151,0.7744629270205358,0.8402222172447862,0.8220656286719978,0.7824476242941895,0.8116101398594456,0.7674363952037194,0.7727563328350078,0.6900617489662885,-0.3524597628631208,0.1018954225029758,0.0714052082690331,-0.3534834489606512,-0.453498111673749,0.3216188462729527,0.10538624130311465,0.7035431020809232,0.8450746326732943,0.7510009517608234,0.6385677361123252,0.07953488860585733,0.3661491364683491,0.5353633536030582,-0.38494189520911437,-0.6049217371505389,-0.6654965708094597,0.4732826007154572,0.4341311467385682,0.5527198994035897,-0.554717667871081,0.5851211866564027,0.7677517614012563,0.7428745929939455,0.6503566297565975,-0.3229664491155966,-0.3208200820539941,-0.20403702941421964,-0.18272381941099847
ROI_7021,0.7614069621035208,0.7856864726658197,0.5280187234520058,0.37025166971148177,0.6314311327888588,0.8578441129324191,0.28201816345196457,0.49345648762818484,0.677185905816656,0.7207955216288338,0.7279483910492138,0.7245700611714968,0.4241226612430859,0.7471661691952991,0.7892626273967309,0.8549380808251833,0.7681331368381777,0.7709478290703273,0.6832553322114854,0.6259176461432433,0.6973001946869419,0.7377308576598591,-0.13335853470323025,0.38319974277850566,0.4208974903358125,0.33365605735323733,0.6941073854280765,0.8292274280272243,0.8591984326390465,0.8308741727802103,0.2639056766299795,0.5314302062593451,0.7535032076103442,0.8422535194085493,0.889610942583742,0.8873696465984438,0.8548398207403276,0.7533228575804138,0.8434149619609372,0.8401891632768094,0.769542522382436,0.7219546902890672,0.6897632138833013,0.7596811340675725,0.6117504309764877,0.7381943557214944,0.8161428065018206,0.786774912702412,0.6765868664262753,0.8215831476346767,0.8056720965608315,0.8108477667883932,0.7343690983943645,0.6640440531822536,0.8306296351919908,0.6309630790936053,0.7330872916122887,0.7687117607499954,0.5782856454009239,0.6521271923771275,0.6266411371838764,0.6439720889177983,0.7323572061832864,0.8339285281475269,0.5562245450139858,0.5541584504321241,0.4468519307744531,0.771666713994689,0.3749536648012712,0.6375060000477742,0.8032016097018625,0.8172354171883646,0.911306449921547,0.9101042630977715,1.0,0.9388062461002764,0.8409306438452163,0.9067804013537624,0.777724136235354,0.7319381025978925,0.8161050829826278,0.8099620327130371,0.7927037578516172,0.8310736756258391,0.7673516697209449,0.7684347171940977,0.7331976188265714,-0.3448124778129827,0.13585355987710132,0.07348285405611595,-0.3542916814087382,-0.38587586805213836,0.29445288521136675,0.055749210535390885,0.7838599296154041,0.891820269093235,0.8148584470508015,0.7027672936777071,0.09033808646002235,0.35316512944507783,0.5332936400934022,-0.3425572084358253,-0.5840037623744901,-0.6775489506645622,0.49173666034488894,0.46268606398429823,0.551102379631696,-0.5462370504025947,0.5794198415504827,0.8384854096749246,0.751345577930425,0.6611804363888508,-0.28568043772211615,-0.33463997571566784,-0.22170881933930872,-0.17754001836214425
ROI_7022,0.7442966741759613,0.7678382014111237,0.43313928817561315,0.3079095327931072,0.6056499682615195,0.8449712840717759,0.22489965535931525,0.46826442324314876,0.6225753899369335,0.7058733993782111,0.7602214749585494,0.7454020944699093,0.4336277680466432,0.7791257298337726,0.7869228146469767,0.866453587534467,0.7809026684360479,0.8010790454638842,0.6593317515145835,0.609269519721523,0.7153371279094226,0.7859276657449102,-0.20770553427603894,0.3426293668673908,0.37934428201974196,0.28993020346779697,0.7167086115896358,0.8701370286406077,0.8814852843308371,0.871662534151783,0.2159135806805628,0.5106478471366324,0.719534135402901,0.8325516618453516,0.8617315300085845,0.8659783829380634,0.8703274269671202,0.7855743445604462,0.8229296646540372,0.8552653143962659,0.8199316347626908,0.7177394868909893,0.6744100864346768,0.7621415900863114,0.5775193359430656,0.7481136896148902,0.8269296943223465,0.7976412545599879,0.6402534343254026,0.8181239871927307,0.8096182908532684,0.8223147510997545,0.7346452771789104,0.6945593573275425,0.8378240337711889,0.6324416148285765,0.7042222318427661,0.7478462879596426,0.5113591870866477,0.6151039745272313,0.5669842189451529,0.5979734004689304,0.6943882220024914,0.8295620061589639,0.533414500262999,0.5219078683159764,0.3811224091679148,0.7593636416759099,0.360041532371052,0.6280362055872405,0.7951880035588238,0.8306778088555143,0.9246771081766627,0.9284718825850019,0.9388062461002764,1.0,0.8037176522860694,0.8908790312251561,0.7944785762328925,0.7800127233598209,0.8187084387558939,0.837783859875992,0.8389103291109634,0.8452702726806566,0.763164147388554,0.8019157978708296,0.7058467227002073,-0.4142779663116116,0.06632730060947033,0.03899251409895889,-0.42391708739427914,-0.4337156276548241,0.36188253838292156,0.05545459135537785,0.7790781414794922,0.8930110632756177,0.7503180621583814,0.6525555878638376,0.023899236410625906,0.3496183502341298,0.6008691932431397,-0.37269168662013263,-0.6503579666055256,-0.7321868308985345,0.555821658698844,0.5103419744014219,0.6193507173170191,-0.6086110633460806,0.5438591471619957,0.7899611901600555,0.7479602055077483,0.6462854428725063,-0.2768236405372711,-0.3109552037348186,-0.27367516402755243,-0.22827094065694312
ROI_7101,0.7553415704879116,0.7512029273905303,0.5999185056584898,0.5625617975588073,0.4879118456048869,0.684927759770706,0.4973334158904204,0.647806871505877,0.5840903157029762,0.6382083287863943,0.7226329780523633,0.7195441511668087,0.523870500261261,0.6623593405372031,0.6425465472400645,0.6684845017598511,0.7938606422801507,0.7122524255283178,0.7268824530466493,0.6917655609160108,0.46409377893317155,0.49939847429494355,0.09226163273112556,0.4174910324014983,0.34173940178122364,0.35549925970051,0.4452244639510925,0.5757987978251599,0.8242813458317841,0.726014846392489,0.34710987169767166,0.509640655613493,0.8416785872818222,0.8596300708334965,0.8424521649433707,0.845605396155122,0.7812168858944497,0.6837337108367909,0.8024551987745919,0.7656031870358683,0.5441406780112211,0.6696877228313259,0.6657822538612159,0.6829562630357229,0.6056060576950596,0.6183696788217276,0.7003208687675433,0.6758809897993033,0.684448753609455,0.7188243196130212,0.7348337167920338,0.6888518595873492,0.6420212059766648,0.5380880816842775,0.7956741562925858,0.6306764586463001,0.7424600353941205,0.7002361370576565,0.6548695175724514,0.6321438330631999,0.7322628212371431,0.6922146451325366,0.8034397533943268,0.8207258457469021,0.573776494225652,0.5705315145804642,0.6392713719038446,0.7499539356892446,0.47696066408764215,0.6001595132498584,0.7049810032373499,0.7350258237302415,0.8069966625876437,0.8131836007908726,0.8409306438452162,0.8037176522860694,1.0,0.9532479629631547,0.7380536960599927,0.6349963925524306,0.7819375936452896,0.6504672662502152,0.6662559785669301,0.6243969247456411,0.6954318256310993,0.6365661193774105,0.6735652478010946,-0.06151657564118563,0.3527221669473284,0.26162898334194573,-0.06841804799014156,-0.35388741339420055,0.1369379461377308,0.14818665714953994,0.7197855644099188,0.8210939246550396,0.8734017813691098,0.7471202814598588,0.3294597422746738,0.42249988585520903,0.27535516223207074,-0.3352334414433939,-0.36365258141947315,-0.408667388578616,0.21214555441909558,0.18759667712622213,0.28630458581814006,-0.29082190824126225,0.4975162303704914,0.821657972531235,0.8112781027166223,0.7358132278939812,-0.3728930291214102,-0.40606796327956685,0.014444592157172729,0.06113029992324871
ROI_7102,0.7957721543465641,0.8071725869469171,0.5385919234631484,0.4832492476416589,0.5458174790759769,0.7650899811844958,0.39580688183628626,0.6061531253348732,0.5882157226050361,0.6576117704770156,0.774384513351427,0.782174317894546,0.5102988870625974,0.7680499112152989,0.7270399824157271,0.7886323448284982,0.8178704811727397,0.7894789606734642,0.7294919371238374,0.6949284609810137,0.6036988565211038,0.638963355773388,-0.04997791333765375,0.41165392775468024,0.3547787669282862,0.3085246647812695,0.5961124756727999,0.7329115269139469,0.8835613126691638,0.8306323146883312,0.3146802421730988,0.5651829982381599,0.8322531265073917,0.8981403551462361,0.8991104589159437,0.9017859721532474,0.8726999871424141,0.7927714075398988,0.8346898102085156,0.8313228645441874,0.6976369613882918,0.7087356431045813,0.6990845097147506,0.7556935814895853,0.6154757753150917,0.7102679445413154,0.7956164627911251,0.7641396701475939,0.6905030488576575,0.7924778229488341,0.8014189180189241,0.7826871097015424,0.7007453461086772,0.6318709345204151,0.8402551776674134,0.6597815841955823,0.7555212804643615,0.7636550035221666,0.6002260115851578,0.6609115365900006,0.6708609150962691,0.681505997788336,0.7804668059300142,0.8725686209664968,0.5721117342412005,0.5801038644164399,0.5288540505665228,0.7916731089963008,0.45386846974626593,0.640752545440261,0.7682246268800154,0.8004436327922967,0.8764157196529437,0.8893347894577668,0.9067804013537623,0.8908790312251562,0.9532479629631548,1.0,0.7901167577529462,0.7332119924719108,0.8359327061409867,0.777932262229797,0.7801841212314863,0.7668497025958857,0.754565815319374,0.7546248974767569,0.6813620933348176,-0.24467158589664348,0.1863251254750123,0.17157733380482737,-0.2659343021308909,-0.41493100166562175,0.2552435517612216,0.11556694844978253,0.7902709727619861,0.872976972533081,0.8498704050709786,0.7342687852502617,0.17696185890013866,0.4082625970290593,0.4549403825813984,-0.3798231820169919,-0.5288900997244045,-0.5774276963143951,0.39204300001998166,0.3538668349479857,0.4689954901240034,-0.45373080848609637,0.5612538508858158,0.8369352516057346,0.8173119217122826,0.7027343961359603,-0.33591610710849884,-0.3805763988469201,-0.12986140756219186,-0.09065723264125826
ROI_8101,0.7098896160365472,0.7084926488861742,0.5269410376751761,0.4445772021867069,0.5925112455975806,0.7562692986213605,0.39085323984914705,0.5358775878988458,0.6402890797191735,0.7115026041933686,0.7133662200446554,0.6928814547243417,0.5542511770423472,0.6806339012629865,0.7497705967506056,0.7983620163277377,0.8709005390176985,0.8404353357144199,0.7185064872024403,0.6335814882228715,0.5430854128191577,0.5993695220308166,0.08562909322008126,0.42116527059933445,0.3686349968018634,0.385555757687739,0.636667363959236,0.6573957173015449,0.9058922817672471,0.8793859358542263,0.44000405902615203,0.5427175054562632,0.7817889102166361,0.7862140852832468,0.7521302087034881,0.732517456948943,0.7443214883760922,0.6579631869330772,0.6842161898020164,0.6902069132916112,0.5837424690831198,0.5831268858624057,0.6482911641037523,0.7038342600760614,0.5940116988473667,0.6716411028081889,0.7266974544104695,0.6750941818900921,0.6708437165924226,0.7497019818771484,0.7551304634127414,0.7475150981122852,0.6882199901781738,0.6270751185734864,0.7339787914522561,0.5795884916322752,0.7313483745151441,0.6986761087353661,0.6344664406810047,0.6227035723429891,0.6770321727083807,0.6652252296958683,0.8044510689766786,0.8016792373275445,0.6205971461335331,0.6275446259774164,0.4979067126121244,0.7119744357586345,0.4313890327835734,0.597879992098181,0.6803029415031374,0.7522125499110545,0.8050200500298215,0.818277430894615,0.777724136235354,0.7944785762328926,0.7380536960599927,0.7901167577529461,1.0,0.8583131059707395,0.9293950103164736,0.7281585018226613,0.761672214702787,0.6783157575263256,0.7494347622126322,0.6808101841422182,0.6344587876319178,-0.20241677198306893,0.2551569053045459,0.1467718363059397,-0.1552986607886611,-0.42673136397798683,0.2501349060277918,0.11816518286767358,0.5759752028136818,0.7548301011671901,0.6951134202524205,0.5666154374752164,0.21049732128969073,0.3492393364253357,0.35027279082212615,-0.2936591117789426,-0.44428934711869517,-0.4965940313336498,0.2793556022825707,0.26214156636083275,0.3654640240842504,-0.41177674345110626,0.5035368307151533,0.6221628368814579,0.656898156007318,0.6394546453203418,-0.3534309001918909,-0.35935092544071584,-0.0540609436299513,-0.05278385252593061
ROI_8102,0.8247813209113987,0.8171248419657032,0.4005667833194529,0.43797394989457444,0.6376356709905292,0.7093448904771312,0.40851670686209923,0.6048088739175412,0.5656724078948742,0.6051120958778661,0.8095144990268359,0.7999054734223886,0.6204056683679628,0.8101526391981593,0.8005162304347436,0.7987556862365744,0.8750479158843909,0.9293715304691975,0.7913056343339527,0.7343918096879339,0.7515839070983186,0.6723009841205624,-0.0647060966344464,0.48926436963965686,0.4506559823724982,0.3779299478655707,0.7568216700216736,0.753597109637023,0.8493668616894856,0.9277578380218179,0.33410800679123753,0.5693890308478323,0.7613705173182149,0.7997443774482124,0.7350535804785558,0.7449103086749241,0.8044368177633481,0.7676309594688168,0.5996898964388641,0.6456965455445294,0.740407002594204,0.5085538057503223,0.7633818992268729,0.8112629611606805,0.6662866371751073,0.7947772583471594,0.8014228808132685,0.8104908497276876,0.6992280996815099,0.8157679055080744,0.8338311304407432,0.8363645454821892,0.8164685156699867,0.799022434558193,0.7659218789265533,0.6401494141819588,0.819307155146901,0.8289342234983309,0.6448541154900878,0.7354819498392644,0.6410814723149593,0.6323113502160168,0.7425184791966014,0.8178106205628526,0.597092590022752,0.638586987396205,0.4985586863539446,0.816945573846686,0.6086810740348428,0.7896709867589891,0.6791537597712245,0.7589215487514057,0.7443368001989447,0.7744629270205358,0.7319381025978926,0.7800127233598209,0.6349963925524306,0.7332119924719108,0.8583131059707394,1.0,0.8922520205405937,0.8760063127243686,0.8179877496877143,0.8232026358794258,0.7881748571827235,0.830634593148619,0.4275163631525858,-0.48934214521246494,-0.06846519143091237,0.11192342106430517,-0.4280431992778654,-0.6180560569655545,0.5441762067059404,0.1051783204083287,0.5679459435655188,0.7008910838267851,0.4833665130298871,0.5001343021052376,-0.07100698192383142,0.41407215059877334,0.6147139228964524,-0.46649709459601524,-0.7003730214002901,-0.6319479195914112,0.4887745505125314,0.41231929023929154,0.6231932035882776,-0.5885827437534672,0.5075106603718538,0.5944181207419121,0.6958254192456563,0.5701779604432103,-0.3387762977077572,-0.32446521032205294,-0.23615012094043178,-0.24320761618840714
ROI_8111,0.8195694920184934,0.8182015775714561,0.5791552490278219,0.5191736057113907,0.651434198331615,0.7898071023698732,0.46408119707707324,0.6132964587247208,0.6854608640448303,0.7291783513666521,0.7491912970489131,0.7437958716360499,0.5854606500645592,0.7401845567200771,0.8123875555365127,0.8335852410152316,0.894760256957362,0.8716738783413842,0.7995987964759965,0.7198436306928971,0.631734565915637,0.6485603800014182,0.06684210264931405,0.49685647361998164,0.4492099628681896,0.4505331333410646,0.6990334459676515,0.7228377511400291,0.9073635766063795,0.8922204998198702,0.44800341435105384,0.6185086335150025,0.8465830404951135,0.8584060881986596,0.8198786394556695,0.7994460344122197,0.8222708992481245,0.7390001154223242,0.7355851884531117,0.7353950484799465,0.6657956702706919,0.6233755865352603,0.7634283423436076,0.8049410492021549,0.7023166992729074,0.7698474309773544,0.8033553016789347,0.7745950430761941,0.7594015304252054,0.8244708841006115,0.8572766846815195,0.8210809353165137,0.7949120744738466,0.7101455795453266,0.8043922244089896,0.6303832170028005,0.8302565558046917,0.8051204479684178,0.7052360564990298,0.7109891641892112,0.7195749564360268,0.6875984789176552,0.8223787840293236,0.8291525799709696,0.6507717146566333,0.6667828895917759,0.5676149124523381,0.7976033675491768,0.5395804257260369,0.7195217976607137,0.760549124138257,0.8146064800141221,0.8279046902372468,0.8402222172447861,0.8161050829826277,0.8187084387558938,0.7819375936452896,0.8359327061409868,0.9293950103164738,0.8922520205405937,1.0,0.8266572000516016,0.8117415164665256,0.7825231116731344,0.8506409311229027,0.7724009278191896,0.6006187146408147,-0.2767540679611573,0.18646533639508628,0.1455037176137818,-0.22846394959880376,-0.4609780144547152,0.34151995669120166,0.07944280613059843,0.6639024741629559,0.78225567761157,0.6978143570172008,0.5990429653921775,0.14152703021381918,0.3742925228981776,0.43873378037031086,-0.3385986179313716,-0.5267154188839093,-0.5597106636884361,0.35671896973158546,0.3324008613823514,0.4537998336043084,-0.477897451596328,0.5491732076593896,0.6993889035859622,0.7035388832498529,0.6471014344805347,-0.3401470004543963,-0.38239351145228107,-0.12242222652363316,-0.11767620921324397
ROI_8112,0.8419904487927924,0.8578177224306611,0.34131677239445607,0.3582588684242712,0.6906758749054984,0.7478361710108704,0.2586403032403817,0.5414261149241147,0.5460721208097596,0.5446544112377851,0.8087262270255947,0.8378491425839828,0.5185921823125939,0.8850298729753779,0.823213519257983,0.8398733638269024,0.786505435641401,0.8834879827113379,0.7280433781034931,0.7191358505916605,0.8953637874419808,0.783634798493869,-0.2078402421233749,0.49903736530124254,0.5334193811396266,0.3559317451890361,0.8532712290017715,0.8976437740434761,0.7852580484115823,0.8774276682295338,0.18224301113970068,0.5988858887049547,0.6788400635187289,0.8024815408503819,0.8324046384555981,0.8538042112897345,0.9219498416475743,0.8985865901764352,0.7170512829663281,0.7804449401388969,0.9086223647771923,0.6674479481271169,0.7904942135948543,0.8572037255986813,0.6795500479857957,0.867919789877086,0.920552289795258,0.9234207030702625,0.7077959865292106,0.8681938024498763,0.8898951004300633,0.9042417091495338,0.8620846876985127,0.8832957793507416,0.8597872808323869,0.7659575941354083,0.7923106974639507,0.8580452347039113,0.5629661945105857,0.7530402737451165,0.546337058986359,0.5537555080015201,0.6502430505971724,0.8099460528882038,0.5910538261304175,0.6246765987069802,0.4146183188702268,0.8574725498652656,0.5874696759207748,0.8029043955772519,0.7403414906715347,0.7662177297926036,0.8131797862102575,0.8220656286719977,0.8099620327130371,0.8377838598759921,0.6504672662502152,0.777932262229797,0.7281585018226613,0.8760063127243685,0.8266572000516015,1.0,0.885217994180647,0.9720948073648281,0.8703283278544179,0.9603817025183421,0.5268027413732466,-0.5574977032937531,-0.16274536745198354,0.1588351234788404,-0.5951223937858748,-0.6864780083417787,0.6179153560915318,0.16802006009311335,0.7065648203652706,0.7847596441180389,0.5215128080561325,0.6396486614850704,-0.14323540609819962,0.5173449810281436,0.7694607126595285,-0.62298813048514,-0.8536163211720326,-0.7399712378924495,0.6183939856379954,0.5103862368760902,0.7754376496164481,-0.6452773618319844,0.5107732510600926,0.7092277728935142,0.7674368408873664,0.6149494258750744,-0.37642984417781444,-0.384032797118306,-0.2920788910730112,-0.2842904928228123
ROI_8121,0.7589098445148786,0.7349823938833799,0.2976461322339234,0.24778655537816618,0.6032642696102861,0.7075140927829482,0.20149046961274697,0.4404665948628368,0.4829493837955835,0.5053523265220282,0.7630998583074419,0.7322610590597205,0.4688297747624606,0.7762035245629265,0.7600100278294636,0.7908265438661379,0.7539511619985347,0.8125258859853016,0.6581750025211146,0.6194371647177956,0.7497638392914485,0.8287162324732974,-0.2607164364572419,0.3671505163922583,0.4578717933654933,0.2409600157970106,0.7611298095162287,0.860138816004248,0.8131674862281997,0.8513684588287133,0.13442635285493548,0.4783819020147945,0.6360912516586368,0.7661448728056238,0.7958466247067204,0.7968775724615133,0.927471693883728,0.9106469323304204,0.7837492401974515,0.8683532412146483,0.898143450485072,0.7056490676653319,0.7236412959426403,0.8079704183083166,0.582150915976314,0.7677067736865485,0.8502975834217269,0.861300074677143,0.6450422956090299,0.8191502842529833,0.849113748122898,0.8764673103101798,0.8142289597493807,0.8342011619427208,0.8706380403693561,0.7269304998260364,0.713419796157022,0.7353942393652708,0.5063724768047623,0.6364885561143564,0.508495145357692,0.4693230951770624,0.6189250521534138,0.7628154095790721,0.5088659177849231,0.5075142024203392,0.39293467174705404,0.7879854704438435,0.494157930635932,0.7139299548795335,0.7510094818839527,0.7362647984984632,0.7883515699685171,0.7824476242941895,0.7927037578516173,0.8389103291109634,0.6662559785669301,0.7801841212314862,0.7616722147027871,0.8179877496877141,0.8117415164665256,0.8852179941806471,1.0,0.891075480021555,0.8130908416231359,0.9058254816350098,0.614481136425277,-0.48298008117054536,-0.05902230200962621,0.12652715308358253,-0.5539796230518184,-0.5988006022620742,0.5606867238952863,0.10213455332859638,0.814662792822033,0.8266230537539421,0.5551862376680341,0.6270082171057914,-0.10536011884210493,0.45327442003581325,0.7241975109630734,-0.5451738610632982,-0.784843425181479,-0.7281716352505072,0.6020792335717065,0.5151945863104501,0.7289400468274033,-0.6287343462515115,0.36843704354245826,0.6852200155187181,0.7713706396171238,0.6203780422644986,-0.31460541992049307,-0.29322062898409773,-0.3045641826469292,-0.2608763206893095
ROI_8122,0.7907609535224657,0.8134077212724279,0.3113705189757333,0.2771180880971086,0.6721262161610749,0.7579187843410268,0.1782870745986578,0.4545595151370388,0.5152506726871104,0.5099746118054193,0.7595334596217659,0.7680866888795131,0.43872776016747705,0.8528017935598183,0.791256727317392,0.8306653495655324,0.7175442459321003,0.8182899339985852,0.6673910358148349,0.6444218725595431,0.8923784783555473,0.821662603836682,-0.28676100132574706,0.4408597565804151,0.509840264230254,0.2935409060755454,0.8467861633830502,0.9199156122843452,0.7486444804050026,0.837079647069473,0.12958533474994016,0.5601066385813069,0.6264478090584508,0.7704883080936178,0.8292141707204582,0.8478104788154186,0.921506081858066,0.889416374645431,0.7251696565630464,0.8041731630586464,0.9365096109233348,0.65521856814664,0.7580692374434308,0.8426455174841926,0.6447553415716173,0.8479539660965805,0.9019124925868572,0.9129018764393908,0.65848103875477,0.8514545915657764,0.864397920368282,0.8852023370887546,0.8380008891603631,0.8548496072847315,0.8370237554186163,0.7013041629262247,0.735075993566044,0.8187541509348033,0.496129626518284,0.6991689913198823,0.47868068170141426,0.5063629869025543,0.5743585111367584,0.7653585655688874,0.5390798007483744,0.5557793642650443,0.3369534631604825,0.8146155007813629,0.5023508630182059,0.7574693718071867,0.7513950397932525,0.7685057600404018,0.8006638202867631,0.8116101398594455,0.8310736756258391,0.8452702726806566,0.6243969247456411,0.7668497025958857,0.6783157575263256,0.8232026358794258,0.7825231116731345,0.9720948073648281,0.8910754800215549,1.0,0.8364675955343953,0.9359232420177515,0.5294594645004356,-0.6172207372195492,-0.2276233749412993,0.0378445934555744,-0.6658119381638731,-0.6053253055722754,0.6338663779910707,0.061603707966432705,0.7536367673803891,0.7878640135675786,0.5117374800288703,0.5912148842697779,-0.23040076787302285,0.42033479445690564,0.8212953684456418,-0.5448878754664329,-0.8719414150858589,-0.8177134553806605,0.7070912656845875,0.6172216277986879,0.8303738647854414,-0.7230005195789165,0.505175206127928,0.7123203190050057,0.7234409698381772,0.5533994459556425,-0.27557659710557275,-0.2938779451071097,-0.40166713206062865,-0.3809601550710132
ROI_8201,0.8095219618505674,0.8009980273760938,0.5424941332659691,0.49835187786564555,0.7064608868556678,0.7413769168227057,0.42922444155232675,0.601222269790833,0.6499219946423608,0.6432710866673303,0.7333725586959253,0.7788388203702578,0.6539814057829746,0.8329216185157833,0.8689626078786475,0.8311077166942885,0.7920838365210036,0.8143449650872749,0.7481336116388964,0.6936974006635209,0.750503005888294,0.6934312816855829,0.047452607614709104,0.642737638867133,0.6377810877874496,0.5265102169558442,0.7653950278366274,0.7795023256652356,0.7793838376802411,0.7923325595082076,0.361042312136147,0.6647595762818146,0.7375254537829322,0.7762895906301033,0.8472742277225266,0.8335203839029659,0.8423270132404165,0.7896062590713511,0.7433856312131073,0.7331277985302119,0.752949363358201,0.637845732811725,0.7617032747519686,0.8093435956231441,0.6957583399610552,0.801558244318654,0.8251080344121837,0.8214203273761633,0.738387885449696,0.8245264732131671,0.8828624146750079,0.8627645543545563,0.8405953651700196,0.7779694846577359,0.8333883959735596,0.6938649355583816,0.8026158448499287,0.8004968083772068,0.6815939240893572,0.7402580445829909,0.70452917547088,0.6591034353788139,0.7122402410006682,0.7723349692078393,0.8207197479218864,0.7965615066774858,0.5461107810537505,0.7976044463411791,0.5751419970424348,0.7258977172015112,0.7556899676206688,0.781586038530113,0.7734202473476555,0.7674363952037194,0.7673516697209449,0.763164147388554,0.6954318256310993,0.754565815319374,0.7494347622126323,0.7881748571827234,0.8506409311229027,0.8703283278544179,0.813090841623136,0.8364675955343953,1.0,0.896278702665323,0.6140853480384876,-0.2949465167457566,0.14518872090206542,0.23770214965390257,-0.37399287149046795,-0.5323621889442265,0.44095831252466605,0.09213365889757796,0.6699724152810754,0.7497110934764424,0.5906003527720707,0.6196384056268606,0.01780210188742801,0.43391248169903424,0.5498941428707665,-0.47403444162782454,-0.6232966937533354,-0.581599903488321,0.439138032370239,0.38424624290279263,0.5570236426879326,-0.4926381722946887,0.5331283394590717,0.712923865434506,0.7103187071987161,0.6018773096326614,-0.3303208868930457,-0.38758185896676595,-0.17559089610339845,-0.16750925331882968
ROI_8202,0.8358621969722566,0.8218455700255748,0.3332404400103996,0.36964713385206377,0.6886556281485453,0.7112580627196984,0.28088837721072696,0.5561243432773741,0.5182975125627967,0.5172459616129417,0.8161476728222458,0.8414490893429843,0.570864281730862,0.9009240702130697,0.8298610607603084,0.8181978511983389,0.7617174472186196,0.8529038240650747,0.7167746713688127,0.7089432089451921,0.8813168099287898,0.8008121563958726,-0.19615825264524972,0.547256899701889,0.5800797426744301,0.37394331806498265,0.843223718965919,0.8894713304109411,0.7577231678617677,0.8378244794333344,0.17371266347055322,0.5964371258488463,0.6585590309235907,0.7762244732247672,0.8182239997311811,0.8384472791288552,0.9222123736047602,0.9159424518858695,0.7299266065485985,0.7886983128630093,0.9166144274795749,0.6628861370514901,0.7763593343562349,0.8421450616555938,0.6564404907466672,0.8455841994276425,0.8916207859233054,0.9142028316089251,0.7041641167369699,0.866758606719909,0.9016942178575473,0.9291985647331351,0.8766428569778629,0.9064725820383017,0.8799363788925515,0.7759009361945324,0.7852711653036677,0.8313268486797277,0.559013638037735,0.7463381647166316,0.5592881514143397,0.5531952109529091,0.6314588062683695,0.8035967438685302,0.6401341344429765,0.6771566027239724,0.43793676680049015,0.8551172718786771,0.6039441819470021,0.7934002114437129,0.754619635277471,0.7656476079482211,0.7745556025408089,0.7727563328350078,0.7684347171940978,0.8019157978708294,0.6365661193774105,0.754624897476757,0.6808101841422182,0.830634593148619,0.7724009278191896,0.9603817025183421,0.9058254816350098,0.9359232420177515,0.896278702665323,0.9999999999999998,0.5326535655936161,-0.530153930086995,-0.13491887517254111,0.19999898189490986,-0.6168580949882488,-0.6980457245200999,0.6417948801186361,0.1546633009570833,0.726151261828199,0.7706303444240975,0.48334143249073575,0.6285461333679222,-0.17184595141323414,0.5218728323267778,0.7808853780294529,-0.6470164340751938,-0.8545260729630234,-0.7170206850276177,0.6212572991361276,0.5078405513233318,0.7820220577004304,-0.6335762180569225,0.48730279197086196,0.7022989756793847,0.7788789024916388,0.6027882575456885,-0.35572122718125854,-0.36673374811464465,-0.30439493784593363,-0.2913127757804042
ROI_8211,0.4480403348982653,0.4861905069429238,0.5079864167257657,0.22086665659107044,0.5883274148642977,0.7236568956230248,0.11716084472926977,0.29371221549507887,0.670261313696608,0.6409987298754245,0.4282874686351719,0.4716265848712798,0.2453544984032738,0.47740848236721656,0.634119883444452,0.65591351930664,0.5676701578909003,0.5332422774698387,0.3994002842108681,0.3852841878549474,0.39076996582884116,0.5770541223987242,0.05086097748802537,0.25906017114101654,0.45058289476343144,0.3126034069788537,0.47857851566279785,0.5739321908462052,0.6701544072394521,0.5638923776733678,0.22167137659932337,0.34310105051943024,0.520151415686158,0.5778875275136732,0.6810959733793016,0.6665088322648475,0.6223868361998172,0.5342668677619002,0.8318469046444044,0.7609864235432954,0.4871981389590369,0.7697282746002452,0.4696990758891108,0.5157483032647701,0.4501255384083146,0.5078325106895433,0.6219075532159086,0.5282010006272165,0.5582734736365124,0.5995371008518696,0.5902061817815856,0.6030436132827031,0.4850605400377532,0.4276953563454563,0.6906817986243912,0.6031195639150627,0.49458490826172424,0.4727828990940735,0.4317707474590592,0.43761827533881353,0.503756366777794,0.46859033641841014,0.6164395177724047,0.6076806430467709,0.46635513059652395,0.4528043332838773,0.3737288499005159,0.5370425739494048,0.21681731744841734,0.34920045259729154,0.567518218918602,0.521411928931168,0.7557359348778325,0.6900617489662884,0.7331976188265714,0.7058467227002074,0.6735652478010945,0.6813620933348176,0.6344587876319177,0.4275163631525858,0.6006187146408147,0.5268027413732466,0.6144811364252771,0.5294594645004356,0.6140853480384876,0.532653565593616,1.0,0.15629381214602545,0.5661296806408043,0.36194245038707634,0.0029169231590449006,-0.2521917856182174,-0.11012959094301805,0.21533763849710305,0.6046642659648159,0.7677585621091407,0.8077969275182204,0.7410814143482686,0.4272405813665865,0.40179147406238835,0.1349331290511658,-0.2927103729565839,-0.2095417038152419,-0.28119388403998813,0.09942692361112433,0.09564085588590734,0.1467226258088372,-0.1106490414621258,0.28275791889303203,0.6044430496557665,0.611610626554567,0.6465702545467982,-0.3848711898411808,-0.39643634234399167,0.15197571140857252,0.20730768249012005
ROI_8212,-0.35528934044379384,-0.3557674709898293,0.2582538151466779,0.1298221185268778,-0.19619612347692558,-0.2956658280487677,0.1635284438555201,-0.02441108852680622,0.04527364016095044,-0.07930471952900447,-0.424501742577553,-0.34586241708497345,-0.10845303575725783,-0.4613891698224453,-0.29562875630731356,-0.40772674876966686,-0.1915700930117884,-0.34578158303416967,-0.23643773935079412,-0.20822227805702104,-0.663724583325453,-0.5676816289635203,0.594863987624456,-0.06977214714878421,-0.062388298479357444,0.07890650475031927,-0.5433083502571954,-0.6424540402118344,-0.24552449663883377,-0.4258440904614685,0.185147560495421,-0.18413870477491898,-0.13565951074419302,-0.2857837384253494,-0.2941065273453777,-0.33582206749799215,-0.4625279286748656,-0.4564453351373031,-0.13660470107230172,-0.30129354255569196,-0.7059508561951828,-0.05264561211629158,-0.3298100676259886,-0.4313601772984504,-0.18596278562820756,-0.44614284254698877,-0.41925971032912274,-0.5069551837474846,-0.09561622271945125,-0.3909544106527913,-0.38816481508137335,-0.4301183475557882,-0.44538896414925216,-0.5366239377110924,-0.3199158321451826,-0.10973196739383168,-0.23965526962223838,-0.39235389565881335,-0.0020625419229996955,-0.24637742143526797,0.023227527517354046,-0.10502085016010165,-0.01588297096870406,-0.3041776518498631,-0.08443535789008424,-0.07433245809218421,0.15056674164533448,-0.3556322287116005,-0.10865857798081113,-0.3980565157639238,-0.3901043213097815,-0.4438647258579375,-0.28322796333784533,-0.3524597628631208,-0.3448124778129827,-0.4142779663116116,-0.061516575641185636,-0.24467158589664348,-0.20241677198306893,-0.48934214521246494,-0.2767540679611573,-0.5574977032937531,-0.48298008117054536,-0.6172207372195492,-0.2949465167457566,-0.530153930086995,0.15629381214602545,0.9999999999999998,0.7921046301573469,0.5388066634189698,0.8878654015829204,0.3217754995460893,-0.8311220739720471,0.2978373348314066,-0.3549677621012304,-0.2679351708302383,0.11918116309353757,0.10328590863346408,0.7727652250106222,0.08893230095595428,-0.9012501785823345,0.200086374507143,0.8302991878954002,0.8473991061110973,-0.8906422053819982,-0.8260358580234168,-0.9070653507442521,0.9037008262156326,-0.390829073690449,-0.29558632024835296,-0.19500931551631956,0.03709850399267296,-0.21315482585327986,-0.1866021623853721,0.7938634502243894,0.7937663133277312
ROI_8301,0.04013719072403102,0.027803781938247004,0.5196772157467167,0.31785879478720824,0.17456493250802935,0.19748301708520707,0.3296175124735849,0.226706081742247,0.4703374839895802,0.4038492602606265,-0.04451091352376393,0.012926819535487606,0.1494099557102099,-0.10972488139889888,0.15562273107500899,0.0634370182784758,0.2267384891872772,0.06066965888381385,0.14460547808639357,0.1170066414022777,-0.31623341041970077,-0.15825982395923247,0.5390523715567049,0.13743508356103915,0.20621263612579016,0.3375629726815207,-0.1599462484270923,-0.19928253916095484,0.20872618763214887,0.0010593844139241096,0.34600719769210464,0.07018652584195617,0.28312710353633397,0.1460913913545226,0.1450441255003711,0.0999591972951109,-0.0646520131412368,-0.1440513632432414,0.33300656262031336,0.14274739511942175,-0.31268161965247243,0.2588488018539485,0.08272349920246738,0.004879115596544603,0.1741235585524137,-0.034648915839567765,-0.0021206883526007207,-0.09192562897732862,0.2810738059662108,0.057006730770529916,0.06843553271418518,0.013841035210757599,0.0032312614244015526,-0.1490922717553473,0.15580743690830282,0.2011949364375978,0.16719507580031223,0.023505089387653586,0.38752873495061707,0.11157105860287446,0.4447435527478292,0.2998959946669066,0.4261404806693101,0.15502286915653335,0.2771284151965525,0.2690369259018235,0.4642543311598556,0.07425501345103096,0.08722036591831286,-0.035818751224833495,0.058308848065318136,0.0199497998856156,0.17385496754030574,0.1018954225029758,0.13585355987710135,0.06632730060947033,0.35272216694732844,0.1863251254750123,0.2551569053045459,-0.06846519143091237,0.18646533639508628,-0.16274536745198354,-0.0590223020096262,-0.22762337494129928,0.14518872090206542,-0.1349188751725411,0.5661296806408043,0.792104630157347,1.0,0.5714842939940701,0.7333202610311353,0.12521738218251763,-0.6371451254648702,0.262524459777383,0.01420026798094874,0.18007156728634052,0.5127455115027909,0.3961393868553191,0.8313109156178585,0.22785583837434867,-0.6460763942545874,0.07789215060129506,0.5549103372265569,0.48670275855068584,-0.6398368666180981,-0.5683220556312489,-0.6412214055599986,0.5840249747843772,-0.06583489582442097,0.12586639560800833,0.15982427462546753,0.38638001887143086,-0.34109661389323775,-0.36998569337756754,0.6686532003047909,0.689631520520909
ROI_8302,0.28764357591770595,0.23969272184200702,0.29385848731497816,0.38795398661099156,0.28267180274960574,0.05452429578062644,0.37832642724102666,0.45923242850582585,0.29344096046384305,0.06669196391725829,0.23728331587614693,0.3271619395110905,0.30658666759321773,0.16707852741410936,0.22477231739006046,0.012065140874797898,0.3376327470904015,0.3126101690925654,0.3093753658589296,0.4015343340098668,0.048971707973638014,-0.11283258271958489,0.3867832682878386,0.312758621767456,0.38299700765662825,0.31531789921755876,0.04590420537774998,-0.08188891472031724,0.17164963141284426,0.1255412913539586,0.15851383880558473,0.19500115067492718,0.2488169719253291,0.22645798147320537,0.18319677988094854,0.20703033700630832,0.14218396006465747,0.21352825266331893,0.2485949674749961,0.16691969323296815,-0.04197988014958522,0.34670971716668164,0.284098315682218,0.17441545774815198,0.305970075685651,0.17786933719203502,0.2689938947088424,0.22885295877260636,0.43444359468733773,0.23889963407754516,0.23071676656027257,0.24338580294350434,0.23701233925753765,0.26767280504694524,0.3202345559183534,0.6816399470870014,0.35132730125611855,0.23789928409581945,0.4564998063711138,0.4195884199076601,0.4065035591408873,0.22917738255327,0.41333544061225613,0.25362502643437107,0.27827405529546173,0.36634995051356367,0.5646995715473098,0.36114276974273113,0.5496487009737365,0.3205744862645145,-0.03261566919884024,-0.0905013095855949,0.14503469609410063,0.0714052082690331,0.07348285405611595,0.03899251409895889,0.26162898334194573,0.17157733380482734,0.1467718363059397,0.11192342106430515,0.14550371761378184,0.1588351234788404,0.12652715308358253,0.03784459345557441,0.23770214965390257,0.19999898189490986,0.3619424503870763,0.5388066634189698,0.5714842939940701,1.0,0.412980524821136,-0.5557532836772971,-0.20816739879361632,0.7678078672192564,0.0109430831575276,0.18373479517540547,0.2535774308945814,0.6512109483612691,0.6912253712766266,0.8247771883471724,-0.28877895335000325,-0.6351129811912306,0.07601337739772428,0.4747669693860812,-0.5547849861042363,-0.6667027210503672,-0.3109238160245445,0.58182610075368,-0.2729390484101044,0.07382330344217428,0.45260698962408763,0.5993203376158204,-0.7898432072963864,-0.6865369077832385,0.7825753169052306,0.7763525367552485
ROI_9001,-0.33525367866212785,-0.3380017560144587,0.2622019587494767,0.18651984911156208,-0.22697175992559934,-0.2696808228971814,0.23697526187406656,0.008108105853632946,0.025716684673153092,-0.02352465116819568,-0.40845713339332795,-0.37254163437572047,-0.09911001445567766,-0.5158315474648809,-0.32908538692176226,-0.40060904096194294,-0.1520041225274667,-0.333569526415443,-0.15583557726480438,-0.17302234213616852,-0.6823950939365314,-0.6148307021493363,0.6162698750510273,-0.09958276102182312,-0.18644585980584727,0.11368483549624887,-0.5340839691487428,-0.6658454298887745,-0.21901009213034844,-0.39698373705084306,0.2817161852567071,-0.15775288761794098,-0.07050993925831105,-0.24854576784767923,-0.3347237041129742,-0.3819786898620673,-0.5372836291131168,-0.5550388377151854,-0.25789116144105667,-0.3972859163275911,-0.7764911704096953,-0.18181445857540937,-0.32875746981489107,-0.4366364066246114,-0.19716760610337036,-0.47846369693625757,-0.44507945813729866,-0.5378215879469395,-0.13193181316411975,-0.4115830130768304,-0.42897198264196984,-0.4804372054470748,-0.4610500754439363,-0.5689424710059349,-0.4067243115184853,-0.20584413859771444,-0.22055376966018328,-0.37377803405649673,0.03617661671592625,-0.2504917458328726,0.0503651195283996,-0.05284544510442126,0.021885399287016584,-0.2936716827550572,-0.11951853095849609,-0.10111744508079576,0.18628527981168566,-0.36186755073903876,-0.1138361137580638,-0.3770584025164881,-0.40836876932709504,-0.41902265797890775,-0.30802277263023403,-0.3534834489606512,-0.3542916814087381,-0.42391708739427914,-0.06841804799014156,-0.26593430213089087,-0.1552986607886611,-0.4280431992778654,-0.22846394959880376,-0.5951223937858747,-0.5539796230518185,-0.6658119381638731,-0.37399287149046795,-0.6168580949882488,0.002916923159044901,0.8878654015829204,0.7333202610311353,0.412980524821136,1.0,0.3205672429009698,-0.8168849702469122,0.34079658199525653,-0.4514636878066701,-0.3189912306267546,0.08467686089083308,0.011097230126920892,0.8300638316945221,0.06458368560838464,-0.9497772837169636,0.2500704556765564,0.8447418703792405,0.8226514017212928,-0.9391990214903392,-0.8626265390653434,-0.9459790979563989,0.8638792573442223,-0.3519266704203607,-0.3554349293056109,-0.264624612513825,0.07940940364765735,-0.280565799756222,-0.21552535804803988,0.8299077197029272,0.8177854665510115
ROI_9002,-0.6510888642943624,-0.6019009532062864,-0.10298501363552427,-0.3556697658296163,-0.4934423731681948,-0.3237880458349864,-0.3141033878407136,-0.5506267907636978,-0.23193237329981606,-0.12700408878891437,-0.7166703934682288,-0.7093625499381385,-0.5443783727206069,-0.6428714144211265,-0.5061961977995078,-0.39049630311933503,-0.6101498861228136,-0.705271250061304,-0.605434656916781,-0.6870637705415684,-0.6512874315135195,-0.41931191698039916,0.05743217310376945,-0.4530977202776012,-0.4506664324325046,-0.27793017554325056,-0.5653275876244122,-0.4884453522022929,-0.47453273620369896,-0.5769719558996953,-0.060251384463393114,-0.4193275627905998,-0.427905686030749,-0.5356434416449083,-0.46148074504137904,-0.530841747649182,-0.6059737276192956,-0.6795712211076099,-0.33468104691679895,-0.44995419421471966,-0.5787233641798938,-0.4036344374547934,-0.6123128426436125,-0.5978179094313615,-0.5025054239080817,-0.5985296123253447,-0.7085437093428383,-0.7244013260770634,-0.5512899801742802,-0.6195875390793121,-0.6032067466900259,-0.6624474763848022,-0.6581235084731785,-0.8090289511661994,-0.6227975710909289,-0.8529843474289417,-0.6263564397264274,-0.617034773840987,-0.48884290468444325,-0.6714515456956972,-0.4372371268194013,-0.36406123275847085,-0.5098593971243908,-0.5767296042526622,-0.4207131077919455,-0.49163201582979055,-0.48361971839546253,-0.7284530642937095,-0.7410356144043283,-0.7191777047982028,-0.2822218541342647,-0.3291818895364587,-0.4446069240792924,-0.4534981116737489,-0.38587586805213836,-0.433715627654824,-0.35388741339420055,-0.41493100166562175,-0.42673136397798683,-0.6180560569655545,-0.46097801445471515,-0.6864780083417787,-0.5988006022620741,-0.6053253055722754,-0.5323621889442264,-0.6980457245200999,-0.2521917856182174,0.3217754995460893,0.1252173821825176,-0.5557532836772971,0.3205672429009698,1.0,-0.5692994506022176,-0.6430956771041053,-0.270851841786103,-0.45644156782128026,-0.16516637359977465,-0.6005156383086998,-0.093078334817296,-0.8559943827741585,-0.4997579087998143,0.9170244024956267,0.7033557041247454,0.2570292509237564,-0.16381074871732917,0.02566641511987746,-0.481274520977075,0.2124206411948158,-0.05563983564796116,-0.2979101715777617,-0.7099598736686022,-0.6953263840871063,0.7684857151696783,0.5815287015144185,-0.17391910612816056,-0.15729522789415107
ROI_9011,0.4554201731304283,0.4112864671116223,-0.22468490077222675,0.02800886565490818,0.23149210140409165,0.18789087082169006,0.00949519001136615,0.18486068948513554,-0.041953392318175305,-0.004838419709224206,0.5348099182534659,0.4605964757757778,0.28824992851573766,0.5167125669374649,0.3141769123407162,0.3153903773047318,0.31460735217865404,0.44920955851930805,0.34119513528623535,0.37192886011168824,0.6605106277420735,0.47521514386724534,-0.4601422072723808,0.2343677922989773,0.21020133296208235,0.028092661433326307,0.4897320967226966,0.5529288316081917,0.2434544839637332,0.4126884297497312,-0.2042494383036489,0.20384585029866611,0.20232229002061072,0.3206546549625449,0.33855641757525684,0.40170519854439635,0.5381410357359517,0.5523708542278671,0.1836846042379707,0.34764865007782736,0.6994066031786121,0.08425042256791505,0.507621502232162,0.54841212697832,0.3899479997166466,0.5586301711915683,0.5123262696421708,0.6444888056194793,0.31249191396429865,0.5110706205927347,0.5371543024359514,0.5485959905339058,0.6488287895799026,0.7381404681443735,0.5027395450164374,0.37727794908808127,0.4004537247470962,0.4874854977709949,0.24858879399268577,0.4459764591838706,0.16668571963837225,0.17521153092592828,0.15651923494801268,0.35987991057067964,0.26279611230860106,0.2659363791036855,0.14371008830518825,0.5310659523998698,0.38646960105586436,0.5717345304413624,0.3584464759245687,0.4130894403317385,0.23808795510949585,0.3216188462729527,0.29445288521136675,0.3618825383829215,0.13693794613773078,0.2552435517612216,0.25013490602779187,0.5441762067059404,0.3415199566912017,0.6179153560915318,0.5606867238952863,0.6338663779910707,0.44095831252466605,0.6417948801186361,-0.11012959094301805,-0.8311220739720471,-0.6371451254648701,-0.20816739879361632,-0.8168849702469121,-0.5692994506022176,1.0,-0.1500424851069428,0.3384344053709276,0.3022051507499611,-0.1276323825358208,0.055069927788437015,-0.6464170276406648,0.1697871350527772,0.8729695836427596,-0.4254632314976907,-0.8596492455830594,-0.692649519806501,0.7447219512327983,0.6450359400347657,0.8595961695796961,-0.777678533353605,0.29323765166538,0.34191870277386255,0.400455249244582,0.15773249093353478,0.004803854642778662,0.020694355768724984,-0.6220953087403593,-0.6269242571134187
ROI_9012,0.22411050924713666,0.19860187886175135,0.09762714297261144,0.21254337319684954,0.16972846604744363,0.027516599662316437,0.1943114767351721,0.29845210623443846,0.07930679405100334,-0.04638607062753131,0.27096542802219564,0.29949258656381805,0.23448586279389683,0.17053420749904416,0.1305116121938232,0.03324843762111582,0.27847655372034075,0.2858018392259804,0.2459210667273475,0.3362969840095766,0.125112456388337,-0.047236242892938006,0.1827628445465948,0.14601163060384698,0.14321534418676024,0.12553124275643243,0.12947489323685285,0.01389002937704095,0.1788381009401903,0.17150182130292016,0.0778780537194465,0.17262195537398292,0.12370797774198664,0.17340964417171922,0.11907865657466297,0.15510761613893062,0.14071282416650605,0.2338709635112179,0.061988620676154814,0.10739857319722848,0.009102231937365082,0.30215065930719104,0.11874654391076667,0.06937160769275262,0.0796266635270825,0.06144979098998471,0.2748163425030818,0.18222415913496828,0.19218281790323863,0.1258496363109603,0.0791252035071249,0.15187422253987098,0.0778838548789705,0.19390277341392595,0.14577990544909286,0.5733124255432395,0.20070929748604813,0.1400653663052702,0.19458547949584426,0.2618178260687327,0.1818134599352795,0.10291213070575432,0.2615745531791215,0.18763073863860796,0.12002242841290017,0.18442791865071675,0.26345686498168647,0.23724176497171642,0.38599880181104346,0.19977192275384087,-0.12242148958390155,-0.1429418009281963,0.14823912663026134,0.10538624130311466,0.055749210535390885,0.05545459135537784,0.1481866571495399,0.11556694844978253,0.11816518286767357,0.10517832040832868,0.07944280613059843,0.16802006009311335,0.10213455332859639,0.06160370796643271,0.09213365889757796,0.1546633009570833,0.21533763849710308,0.2978373348314066,0.262524459777383,0.7678078672192564,0.34079658199525653,-0.6430956771041054,-0.1500424851069428,0.9999999999999999,-0.05537857665956608,0.17873835328195287,0.1689583243191472,0.5948656384773907,0.6361220084052697,0.8685945417518396,-0.17969391647317529,-0.7482792740661005,-0.08502114271674992,0.3336543473666641,-0.48374244329497834,-0.6420184125308818,-0.19286777292148818,0.4673421171571144,-0.3113003789010929,-0.02410718980446241,0.3925234624576003,0.6468908298989036,-0.9294757650456923,-0.6436861154420863,0.7633129708358783,0.7572703686601447
ROI_9021,0.6409628006006449,0.6382763083383395,0.34843374921834824,0.19132640303980417,0.43358569839012817,0.6417223655587012,0.12813918689253767,0.3161163996482645,0.4406482808987854,0.5012909443760486,0.5524871696287631,0.5441091504375728,0.24986478057744615,0.6230478846218745,0.5955871848216315,0.6851029022929925,0.5627862153859067,0.583591233018365,0.49697096090988946,0.45912985289401864,0.5648344456248852,0.7143117955451151,-0.29417295031940977,0.2346348185492078,0.3417615820556148,0.15738612308357705,0.5527561974191056,0.7628815139668852,0.6800882271600522,0.650933668146067,0.040051607818656174,0.3530060031650393,0.5421904409232835,0.6848966138190388,0.7982176070376297,0.7875951005558423,0.8374612877531442,0.7796446201065169,0.8297142495819166,0.8624711350228491,0.7779077163093714,0.7268608652415486,0.5987082111577198,0.6711843306209051,0.4954679622810677,0.625549742875267,0.7099836526218953,0.7181398922143922,0.5337529747548518,0.6833483835942562,0.7229476954047198,0.7137085272911404,0.6403566846582353,0.5858576952318338,0.7744339695479168,0.5498101962063916,0.5685545192083659,0.6057465271205388,0.3823155657369001,0.4740622709632132,0.3854529959613911,0.3766590709926504,0.4463099871144541,0.6151344624285188,0.37953774881639274,0.35686148326776385,0.29139723906411236,0.6221360242237362,0.30294181330116193,0.5418484844577418,0.7568953868377598,0.6861485083329539,0.7212136792573778,0.7035431020809231,0.7838599296154041,0.7790781414794922,0.7197855644099188,0.7902709727619861,0.5759752028136818,0.5679459435655188,0.6639024741629558,0.7065648203652706,0.8146627928220329,0.7536367673803891,0.6699724152810754,0.726151261828199,0.6046642659648159,-0.3549677621012304,0.01420026798094874,0.010943083157527601,-0.4514636878066701,-0.270851841786103,0.3384344053709276,-0.05537857665956608,1.0,0.8140251313526986,0.6822132758755864,0.605821455601452,-0.07475806811634828,0.25305008732330936,0.5841330210365175,-0.302218340286708,-0.5884033188515712,-0.6742318653172431,0.564337765565951,0.5316661946117425,0.5951749660239813,-0.541111130230347,0.37679705222752446,0.8086991002627107,0.67623505057794,0.49847085727036683,-0.11482511417834905,-0.16872687616331114,-0.33612648579626875,-0.26790424886905106
ROI_9022,0.7199836973442454,0.7311912817737144,0.4212820796432876,0.29336802517091454,0.5431859859700466,0.7620329860685722,0.2215495195513503,0.4499281616781125,0.5793970581366792,0.627044003460775,0.7151878347278923,0.7066363210583336,0.39608154322421274,0.7224986654588017,0.706639127687263,0.7774054048391875,0.741855271641736,0.7533343769712734,0.6058400082021512,0.5910536820254849,0.6448860337004638,0.7131837900566206,-0.20928260947173685,0.2877770643926104,0.34653545553526155,0.21522838228383212,0.6081330245499686,0.7987599620113086,0.826512813509594,0.7930347015349832,0.13001989314142162,0.4148324869974373,0.6786328896229109,0.7891629847722142,0.8555541916671572,0.8818569614411566,0.8826570103407575,0.8099809539353219,0.8696021161655659,0.8915180187695394,0.7660196875254428,0.7559726687799918,0.6640539477186743,0.7302043438518198,0.5854476735803601,0.6995383834593828,0.8192561350853984,0.7847483017467625,0.6641977746485721,0.797023476379645,0.803781889423039,0.7967132291560557,0.718432459748841,0.6631018653810417,0.8631892043553039,0.6950581659703673,0.6817170822498233,0.6995072532102264,0.5463091331044551,0.6244458178039469,0.6059713277533527,0.6009043093092213,0.6893031680081122,0.7947138402387081,0.5341696044562148,0.5175225223001974,0.422129989975403,0.7515347517962121,0.3763543862847209,0.5996373162998294,0.7110184156321907,0.7125029034775372,0.8466585169126064,0.8450746326732944,0.891820269093235,0.8930110632756176,0.8210939246550395,0.872976972533081,0.7548301011671901,0.7008910838267852,0.78225567761157,0.784759644118039,0.826623053753942,0.7878640135675787,0.7497110934764423,0.7706303444240976,0.7677585621091406,-0.2679351708302383,0.18007156728634052,0.1837347951754055,-0.31899123062675455,-0.45644156782128026,0.3022051507499611,0.1787383532819529,0.8140251313526987,0.9999999999999999,0.8420234966671741,0.7923980439256774,0.15996060372307516,0.46228975400151695,0.511209896527359,-0.44662183917471154,-0.5895440406141854,-0.6101008815088624,0.4305102239746053,0.3726262918864739,0.5225443149633606,-0.4700786690168608,0.47412613860828245,0.8417900037539835,0.8402657671513543,0.7510066831054503,-0.38015492385061134,-0.36386652315642043,-0.13471719897303913,-0.06673578914214831
ROI_9031,0.5771097754611508,0.6163109853142649,0.6128929113206228,0.4004373607730108,0.4426172234763366,0.6890340703347216,0.31976852596568944,0.4454580110897167,0.6335079340539923,0.6701546945609734,0.519320735385995,0.5473286923239886,0.3097618294647326,0.5069357783087192,0.5713775695485815,0.6430094114923602,0.6703204513019942,0.585352646853307,0.5275575135560022,0.5005222323926733,0.3412135235507428,0.451152785459866,0.07034495551977916,0.24330469913142322,0.2512801233008237,0.24973357902129548,0.3490859751724394,0.5204406507453839,0.7566933261863389,0.6171936318425639,0.28245054494780053,0.3717623914804468,0.6927383146120083,0.7215885569522937,0.7700704722141979,0.7580719984538397,0.6643773832314674,0.551092075931344,0.8291429682854379,0.7271867525960942,0.43243530544191044,0.6951029042787127,0.5183598863519919,0.5518863774470218,0.5091873274748525,0.5098077552242258,0.6209593242257173,0.5342481498331759,0.6143602536895801,0.6185475123662475,0.6213108898854868,0.579307223518118,0.48950229420617697,0.353532958481574,0.6966173653932405,0.532028324530181,0.5838951679608071,0.5628145160617,0.5456361084791769,0.5040452389324285,0.6283100688319128,0.6106114023517862,0.7259240291133704,0.7052533647004204,0.4802317623866149,0.4654856159341301,0.4749290398564939,0.58295556840972,0.25310842547753165,0.4041414822887738,0.600196757253298,0.6016536709009614,0.7664828355548374,0.7510009517608234,0.8148584470508013,0.7503180621583814,0.87340178136911,0.8498704050709786,0.6951134202524205,0.4833665130298871,0.6978143570172008,0.5215128080561325,0.5551862376680342,0.5117374800288703,0.5906003527720707,0.48334143249073575,0.8077969275182205,0.11918116309353759,0.512745511502791,0.2535774308945814,0.08467686089083308,-0.16516637359977462,-0.1276323825358208,0.1689583243191472,0.6822132758755864,0.842023496667174,1.0,0.7787413569653036,0.48803836831580044,0.3495577829088039,0.09169810666205429,-0.19670325278507567,-0.1712445976551191,-0.3068265756066116,0.0896311204133546,0.10034581015136783,0.11044495904797547,-0.1389166830781013,0.4633250080745744,0.7806091860852614,0.7066496965334111,0.702958871908572,-0.34691725050815997,-0.3986106048147383,0.13162711184189022,0.19330618764575436
ROI_9032,0.6450614648114512,0.6405069296738657,0.464338170302168,0.40235465218004113,0.5018026841886908,0.5449976380490407,0.3290659641120118,0.5334283641172098,0.528386349165721,0.4178884332533575,0.6083696334813966,0.6502376886019025,0.3732404119278794,0.572260733542235,0.5867461136478623,0.5316640840278166,0.6723714076448292,0.6597022508983972,0.5738650377301885,0.6115017781454591,0.4910147162863471,0.4185528387697687,0.0434799699445507,0.34614620621009534,0.4215056980333891,0.2724821946903174,0.42692224589800276,0.5136531576497706,0.6564824068249803,0.5951137514585154,0.1421518087680007,0.39390325764324163,0.5699333735162954,0.665847908923145,0.7264954415424638,0.7514494142158058,0.715153059093168,0.701665333902137,0.746079895009215,0.7240746107232776,0.5183419860167978,0.7584225188849739,0.5956785383531802,0.5849855040229937,0.5493079728218723,0.561986219507724,0.7372016791694839,0.6804300462669952,0.6737719998123016,0.6686027364883632,0.6509004567416847,0.6733357795392165,0.5855191863385512,0.569541847614168,0.7562245917911264,0.862358473479642,0.6334598170263863,0.594774047323243,0.5860078687606725,0.6466685334989868,0.5876731649029255,0.4990047821935425,0.6774953876308594,0.6680013429313068,0.48283908448617735,0.5133964643459025,0.5692084518452649,0.7063618106724276,0.5316706683757078,0.5651624935928964,0.4583209458750543,0.4207065072884852,0.6876744859388124,0.6385677361123251,0.7027672936777071,0.6525555878638376,0.7471202814598589,0.7342687852502616,0.5666154374752164,0.5001343021052377,0.5990429653921774,0.6396486614850704,0.6270082171057914,0.5912148842697779,0.6196384056268605,0.6285461333679222,0.7410814143482686,0.10328590863346408,0.39613938685531913,0.6512109483612691,0.01109723012692089,-0.6005156383086998,0.055069927788437015,0.5948656384773907,0.6058214556014518,0.7923980439256774,0.7787413569653037,1.0,0.5285340407797547,0.8114352869382103,0.19937278705714306,-0.6908951992841564,-0.37908570049306994,-0.18584929708947015,-0.003235399879208453,-0.1116282310521473,0.19639358120683148,0.01373679750544386,0.1826521319973197,0.6644567098042939,0.8664494333022575,0.8817182844264192,-0.7282632799478276,-0.6470728483609165,0.3577016595861245,0.4118747542185309
ROI_9041,0.057030413797841635,0.058109782921402814,0.4356648743606517,0.34606996593463746,0.10497069544645966,0.09470512926138988,0.342598951547653,0.2737575073575601,0.31028324713047384,0.2219994840384904,0.01430609748648419,0.05585170348372669,0.1299771349389504,-0.11560694208913383,0.052741287152864295,-0.01723959568054838,0.2569310197105954,0.1001827231717702,0.17908859068750888,0.18834354592480895,-0.2887025007015992,-0.25709666908871126,0.5217547534683188,0.08565311621706757,0.06723685123683425,0.23888914910112244,-0.18401704788064152,-0.2559531595044005,0.203939408333019,0.0207870039587591,0.32703086928800246,0.10032926234097164,0.25236317997618785,0.16471669937890826,0.1072573633874448,0.08215127320523893,-0.06700970432312194,-0.09419699087443262,0.18641251703379677,0.06818632660433367,-0.3495918222754617,0.2536441870293565,0.04586564752118232,-0.036648866093937305,0.1165224049919942,-0.08290898442881361,0.051608028256852914,-0.07386476317020858,0.24108825780873175,0.02129186843040197,-0.009494705527440478,-0.03129029699235918,-0.07104187450555849,-0.1447052976655133,0.07587739584217358,0.3104562253959369,0.14630047702605656,0.011360621612825212,0.3310027674038583,0.13362429105786391,0.3539609960803277,0.2314611361458306,0.4063982790195115,0.1425534861155936,0.16585871137464078,0.18732263859615356,0.44107283740500364,0.08315845453432749,0.16834636282282323,-0.01778219209130778,-0.10527702837212059,-0.11928268939260848,0.1373386848316237,0.07953488860585735,0.09033808646002235,0.023899236410625906,0.3294597422746738,0.17696185890013866,0.21049732128969073,-0.07100698192383142,0.14152703021381915,-0.14323540609819962,-0.10536011884210492,-0.23040076787302288,0.017802101887428014,-0.1718459514132341,0.4272405813665865,0.7727652250106222,0.8313109156178586,0.6912253712766268,0.830063831694522,-0.093078334817296,-0.6464170276406649,0.6361220084052697,-0.07475806811634828,0.15996060372307516,0.4880383683158005,0.5285340407797547,1.0,0.5055793575300915,-0.6784827275086507,-0.18201448548709528,0.48250064824770195,0.5637316785479259,-0.7804707417294572,-0.775113146364583,-0.6746563493017892,0.7087894447413553,-0.2037249815572613,0.020311786309126147,0.23355603028960942,0.5697833553898348,-0.6619553981033128,-0.5730463314711878,0.9008064626170015,0.9115064112596234
ROI_9042,0.5402438934136391,0.49886620634958645,0.2261217263934531,0.3709013106996292,0.414698444254546,0.2641350895475122,0.33440238252109916,0.521723991386267,0.2892337491980568,0.12278375127394481,0.5571732113004142,0.587525503853619,0.41882116914535716,0.4660732483269208,0.41582527673576897,0.27589622944679043,0.5560902198359456,0.5846088626822346,0.5137003399866634,0.597316081979588,0.4309450255541108,0.21497556136262758,0.10472431764558592,0.3569289084994194,0.39415325351879155,0.26186556688102525,0.36979093464329593,0.3010437458201558,0.4210213814508466,0.43405654033687935,0.09529257335416116,0.3414503239843086,0.3838149395646694,0.4614653157372839,0.4318282433694264,0.48052918561369,0.48942121110662035,0.562378108405702,0.38122030842000226,0.42393002286899584,0.3567580510148603,0.5026865759123202,0.4938593769896792,0.4428687734648186,0.4243709660598698,0.42930178701739347,0.6020660705264942,0.568510693371724,0.5347262689560591,0.49756004837235684,0.4723791086138075,0.5259329152505308,0.49113648835841145,0.5851842373128052,0.5509165052519114,0.878646127835111,0.5353568629089587,0.4823619843638044,0.4947238734144178,0.5912082363669122,0.44212159355166586,0.3119598183603125,0.5254192599961115,0.4908127306185744,0.3645050295132412,0.4334923505073791,0.539015243687465,0.611414326577901,0.6567112850894689,0.558178952449526,0.17964764922833262,0.15683438238167208,0.4051816889175943,0.36614913646834907,0.35316512944507783,0.3496183502341298,0.4224998858552091,0.4082625970290593,0.3492393364253357,0.41407215059877334,0.37429252289817755,0.5173449810281435,0.4532744200358132,0.42033479445690564,0.43391248169903424,0.5218728323267778,0.40179147406238835,0.08893230095595427,0.22785583837434867,0.8247771883471724,0.06458368560838464,-0.8559943827741585,0.1697871350527772,0.8685945417518397,0.25305008732330936,0.4622897540015169,0.34955778290880396,0.8114352869382104,0.5055793575300916,0.9999999999999999,0.14413208549674353,-0.9175308192386329,-0.3957620358602135,0.04247691933427539,-0.19115561243682994,-0.37038381329145864,0.1266668485229496,0.18302277372162604,-0.11718797979145139,0.2845931141564927,0.7136144117192103,0.8288257554149213,-0.9375006103078165,-0.7426716242779114,0.5506925074954305,0.5612788672982216
ROI_9051,0.5302532614320441,0.5230871404340541,-0.12548808569865957,-0.03922301910046478,0.36520036718725024,0.43410591324713865,-0.09727362199561058,0.1614338309588763,0.10628785246606141,0.16628397390593544,0.5933546087273973,0.5486952407445677,0.24348993144424755,0.672733527577308,0.49070920432765625,0.5566991060270842,0.37453986605933476,0.5373557327302197,0.3652377978933872,0.3681670257034209,0.8078859629437736,0.7294876340979687,-0.579752304029466,0.21033833241952696,0.27069652770206454,0.0019151632737446297,0.6798772175026722,0.8053766207230836,0.42036768287154624,0.5821303783469407,-0.1826398901114039,0.2920006249919315,0.27062941169726384,0.4515542865265246,0.5262102056507288,0.5738671744104415,0.7199619298433182,0.7299583262348988,0.41055224094344506,0.5679164537900377,0.8977919951804275,0.3350370381912662,0.5103016945091093,0.6138652587437435,0.3598004346715225,0.630441007678725,0.6393450544498842,0.724508632744563,0.31553011130963676,0.5978999077408764,0.6167358496378388,0.6632115370613813,0.6479359337300664,0.7403040545053106,0.5942735062814926,0.4085575649991354,0.4211031362100809,0.5532380937491298,0.15509088332284351,0.4278474335069224,0.13364235580702796,0.203520882849076,0.18589218362807086,0.4841266824045981,0.2714593359198555,0.25981857295026073,0.010564439899140344,0.5633838874892687,0.282510475297888,0.5569471800171718,0.5529476483254896,0.5768010021917241,0.4907299383657183,0.5353633536030582,0.5332936400934022,0.6008691932431397,0.2753551622320708,0.4549403825813984,0.35027279082212615,0.6147139228964524,0.43873378037031086,0.7694607126595285,0.7241975109630734,0.8212953684456418,0.5498941428707665,0.7808853780294528,0.13493312905116583,-0.9012501785823344,-0.6460763942545875,-0.28877895335000325,-0.9497772837169637,-0.4997579087998143,0.8729695836427595,-0.17969391647317526,0.5841330210365175,0.511209896527359,0.09169810666205429,0.19937278705714306,-0.6784827275086508,0.14413208549674353,1.0,-0.42377535015662743,-0.9583002115677319,-0.8952759338949948,0.9279331984612514,0.8260220813802205,0.9985438125545979,-0.8987049692673568,0.4037574667732407,0.501422060250115,0.4742916372884681,0.1875699528215109,0.055509123602775684,0.04482789055183349,-0.7347122507133794,-0.7136123210988282
ROI_9052,-0.5458217689385929,-0.5051678222364904,-0.051674312881813775,-0.25831291797279576,-0.42771032280836263,-0.24978541348519642,-0.2205248253603941,-0.4622318488234522,-0.17044066212666076,-0.02425033040332335,-0.6240884883556055,-0.63691945063982,-0.4332791196102544,-0.5765407898483724,-0.43564720934591317,-0.3201486617797339,-0.5111251567739713,-0.6009157659465053,-0.47936746447907036,-0.5792799442060989,-0.5958242185780885,-0.3611340437551287,0.08338143237661333,-0.3609971704466221,-0.40579483205824446,-0.18960101104826788,-0.49080823139148666,-0.43947681106936987,-0.39631877391204356,-0.4789118619771749,0.00112026007251857,-0.36569818552773503,-0.3114713549316481,-0.44435655959183185,-0.4379829859858562,-0.5051381877849275,-0.5779931176412038,-0.6681898179959669,-0.34322740793662476,-0.4469066183761064,-0.5386328312115551,-0.4722151293847937,-0.47516286534356506,-0.46811319326227147,-0.36441351588173915,-0.46943798419535704,-0.632986445593318,-0.6341477375198631,-0.456259061060683,-0.513884351874933,-0.5013243626532539,-0.5774170558313969,-0.5338529754993924,-0.6828156516342837,-0.5623090789126275,-0.8398632263932598,-0.49163293813887027,-0.49053978350528915,-0.37513012870886814,-0.5715292333025725,-0.33068334346586836,-0.24669754415920553,-0.40920980403624385,-0.4854196166342863,-0.34428699699795173,-0.40983192839030075,-0.4011439132222361,-0.6257601272314121,-0.6395410732309332,-0.5893974140971905,-0.22920946891007798,-0.21558677639460797,-0.4088510971143302,-0.38494189520911437,-0.3425572084358253,-0.37269168662013263,-0.3352334414433939,-0.3798231820169919,-0.29365911177894255,-0.46649709459601524,-0.3385986179313716,-0.62298813048514,-0.5451738610632982,-0.5448878754664329,-0.47403444162782454,-0.6470164340751938,-0.292710372956584,0.20008637450714303,0.07789215060129506,-0.6351129811912306,0.2500704556765564,0.9170244024956268,-0.4254632314976907,-0.7482792740661005,-0.30221834028670796,-0.4466218391747115,-0.1967032527850757,-0.6908951992841563,-0.18201448548709528,-0.9175308192386329,-0.42377535015662743,1.0,0.6329528950752639,0.17812908508012992,-0.09124995186656024,0.11496861917386261,-0.4031466234537799,0.06737517856631162,0.0684333072248037,-0.2881730961874768,-0.7055748581154697,-0.7101033746991074,0.7995351797976953,0.5968599371181971,-0.26999888496981533,-0.2794747722719335
ROI_9061,-0.6396810137146608,-0.6263243176703118,0.05253519773264141,-0.08051730060844953,-0.4512060319860527,-0.4810930483671643,-0.011332446775466843,-0.29603456539184964,-0.16519965595031297,-0.19952534714693945,-0.7091884025552391,-0.6694909700314844,-0.3590273358552853,-0.7534565580933341,-0.56408940341387,-0.604836100463203,-0.5100870882730963,-0.6645514954941467,-0.49523650960839577,-0.5129136055248951,-0.8667163842095711,-0.7337810525347225,0.49063025349073375,-0.30122393723594043,-0.33732876388611827,-0.08889232322162702,-0.7442722874088689,-0.8291345087207519,-0.5183396558325564,-0.6741884596413497,0.11065132911389548,-0.3877764668640475,-0.3679638594598563,-0.553412309572625,-0.6029319584792899,-0.6582232808689563,-0.7934298094948616,-0.8169644219565552,-0.45526898625600254,-0.6256578025733454,-0.918551930158567,-0.4310237885550238,-0.5995069926574017,-0.6869059462806762,-0.4388795356935489,-0.6960775791647628,-0.7590000454685485,-0.8194107809336897,-0.42112413457858067,-0.6812087868788059,-0.6905233209046651,-0.7461840006405625,-0.7241023159705186,-0.8389659210359561,-0.6768215814063603,-0.5964783045283534,-0.5349552427314304,-0.6443978105248189,-0.27460748971398524,-0.551194566837417,-0.24458779085174134,-0.29014407890885546,-0.3168858616238566,-0.5827981388153157,-0.3614201558068589,-0.36823728337504674,-0.14632608131462288,-0.6811060690223317,-0.43459695642003543,-0.6626596892888121,-0.5524234485876465,-0.5861024853978707,-0.5652022484721768,-0.6049217371505389,-0.5840037623744901,-0.6503579666055256,-0.3636525814194731,-0.5288900997244045,-0.44428934711869517,-0.7003730214002901,-0.5267154188839094,-0.8536163211720326,-0.784843425181479,-0.8719414150858588,-0.6232966937533354,-0.8545260729630235,-0.2095417038152419,0.8302991878954002,0.5549103372265568,0.07601337739772428,0.8447418703792405,0.7033557041247454,-0.8596492455830594,-0.0850211427167499,-0.5884033188515712,-0.5895440406141854,-0.1712445976551191,-0.37908570049306994,0.48250064824770195,-0.3957620358602135,-0.9583002115677319,0.6329528950752639,1.0,0.8279788587886829,-0.7985704301775812,-0.6586410229864794,-0.954577222765494,0.7971601294451655,-0.35768914128620066,-0.5214992614595914,-0.6126550616660281,-0.4054365713283434,0.22193577859475694,0.16777140256777945,0.5226730799525264,0.5081375657579507
ROI_9062,-0.501592623668507,-0.5252694559320744,-0.02332094101639157,0.027099417985108624,-0.3914943780836343,-0.6065890745524402,0.09447900085652026,-0.11650168555887072,-0.24285343039965598,-0.3918787935487698,-0.5517508093980975,-0.49175755870093896,-0.2100198175459205,-0.6397942676140322,-0.5461587426992334,-0.7031511961846146,-0.4224990014403971,-0.5264007768687972,-0.373913825520753,-0.30607171622416335,-0.7435251798697645,-0.798317024288043,0.5278487315214441,-0.16779988731024514,-0.21454670922267788,-0.06162268900308878,-0.6911996363544214,-0.8614606261295396,-0.554069925026018,-0.647289054201567,0.03578071943773142,-0.34739314923199505,-0.37221864595808135,-0.5260965261353455,-0.6326392336503546,-0.641016782126732,-0.7280272055187887,-0.6646135234695753,-0.5239994241115118,-0.6488914247552942,-0.870648585174888,-0.3928629314824366,-0.49020983081168584,-0.6253780732463817,-0.3491101716310205,-0.6202360532834589,-0.6378091343128796,-0.6782661073629636,-0.30354056433249266,-0.604855985340514,-0.6211973318548767,-0.6446908027468662,-0.6034187424269154,-0.6208170225258699,-0.5905324733081827,-0.2738888091629589,-0.40547865772283387,-0.539659392818986,-0.16886774578126118,-0.36253628290361417,-0.1913780863819794,-0.3027533312244899,-0.2576250822622708,-0.5284067313518933,-0.32930902046043764,-0.27602321626175347,0.005819431790182692,-0.5149601863650564,-0.10453567720247003,-0.4575770901718938,-0.6605949899256559,-0.70881140161051,-0.6171977104852109,-0.6654965708094598,-0.6775489506645622,-0.7321868308985345,-0.40866738857861606,-0.5774276963143951,-0.4965940313336499,-0.6319479195914112,-0.559710663688436,-0.7399712378924495,-0.7281716352505072,-0.8177134553806605,-0.5815999034883209,-0.7170206850276178,-0.2811938840399882,0.8473991061110973,0.48670275855068584,0.47476696938608115,0.8226514017212929,0.2570292509237564,-0.692649519806501,0.33365434736666416,-0.674231865317243,-0.6101008815088624,-0.30682657560661153,-0.18584929708947018,0.5637316785479258,0.04247691933427539,-0.8952759338949948,0.17812908508012992,0.827978858788683,0.9999999999999998,-0.9350503825477784,-0.9069191536815628,-0.9130766831708268,0.9526614678651049,-0.5486250820422427,-0.5852505887985094,-0.4138786570127544,-0.20119939523788363,-0.16635983290643958,-0.09073133727356567,0.7701855351524942,0.7387192023130971
ROI_9071,0.36227692418403434,0.3786313964611522,-0.14818618236572867,-0.15997661346653114,0.25775995966208876,0.41770566523620956,-0.2156210835793942,-0.010074522048610224,0.07760613803500065,0.20098154452313927,0.4154769448315413,0.36700177209182794,0.09389641054868708,0.5328103781502161,0.3962320845824141,0.5268579210309259,0.22818557895029437,0.3662308810727963,0.20389047476060607,0.16536354269556508,0.6726856708658919,0.6951589773964151,-0.611919583567268,0.07697205386670382,0.14875647874180029,-0.06945102421045553,0.568385728406345,0.7462675182744072,0.3407745825917852,0.4732151244957874,-0.18104688346898143,0.20450133155235586,0.18890080987251145,0.34441977629898196,0.4515079290690119,0.473647181606405,0.593256909957752,0.5616856170703541,0.38134255179268384,0.4913168800817361,0.8041344215456513,0.23338631781270763,0.36631059118638454,0.49584462117954176,0.23771069833286107,0.5105955625017612,0.4714135323736803,0.5541050354315852,0.1679867503196419,0.46361256254498695,0.4897977313761378,0.5164605282850017,0.4940665320997289,0.5323773786387601,0.45859829241836747,0.13279421197596103,0.2587080439566104,0.41079580099356794,0.008251792718880586,0.23618535511744077,0.01896496211668585,0.13591293869094673,0.0616581078320161,0.36410305466014115,0.17936350492012626,0.1354502422271389,-0.1492963832785109,0.3786946364642396,0.030734772750515605,0.3624242946385904,0.5421312380496193,0.567314683208685,0.4269715593191759,0.4732826007154572,0.491736660344889,0.555821658698844,0.21214555441909558,0.3920430000199816,0.2793556022825707,0.4887745505125314,0.3567189697315855,0.6183939856379953,0.6020792335717063,0.7070912656845875,0.439138032370239,0.6212572991361276,0.09942692361112432,-0.8906422053819983,-0.6398368666180982,-0.5547849861042363,-0.9391990214903391,-0.16381074871732917,0.7447219512327983,-0.4837424432949783,0.564337765565951,0.4305102239746053,0.08963112041335458,-0.0032353998792084525,-0.7804707417294572,-0.19115561243682996,0.9279331984612514,-0.09124995186656025,-0.7985704301775812,-0.9350503825477784,0.9999999999999999,0.9674233876050241,0.9373485813259277,-0.9551161910889725,0.478815188172002,0.47169238421982723,0.2698670179013778,-0.04429260777136639,0.37409745194764105,0.26030089138838813,-0.9049762878976176,-0.8768795744342041
ROI_9072,0.27694542224003316,0.3082723109006952,-0.10457698012864061,-0.16859663943789965,0.22781926649756595,0.4179724962344745,-0.2302900007955926,-0.06910995947712643,0.10237417695966629,0.24816552051600155,0.30624401792933137,0.2596532709709519,0.02814443977533163,0.4309182434211832,0.3477748622902336,0.5020112052561202,0.16080566494356732,0.2691027201238513,0.14293626460683673,0.07957124963939553,0.5657957776137413,0.6402038745670694,-0.5539594142222721,0.0399089040660186,0.10837095610575083,-0.056586582702897244,0.4910740744059136,0.674612113642746,0.2992769797696127,0.40101546088613593,-0.13029409355418847,0.1751296958001855,0.17247837561449766,0.29985842530640555,0.4074448993454828,0.41123286788942,0.49931498288889414,0.43331367474824306,0.3616185680405729,0.4392610558981308,0.7052582232626381,0.17591105330966936,0.3121478831293059,0.4417491905838697,0.21416299797192304,0.4557047748051083,0.3809711665275547,0.4561318736971756,0.12595268560798772,0.40312020627692646,0.4287708891365394,0.43058646832508,0.42117229258943684,0.4151200540015654,0.38475157221176287,-0.01127266876889483,0.1982587422229826,0.3480124584192395,-0.012657831890527684,0.1621624802538305,0.008490444033779394,0.14380532860456108,0.03258051036338575,0.3040660409992959,0.15747898147936581,0.09930192271933766,-0.17657721595622902,0.2926682774761425,-0.07914467614712906,0.2691076078310931,0.5302040078090334,0.5586569831313544,0.3813849721083588,0.4341311467385681,0.46268606398429823,0.5103419744014219,0.18759667712622213,0.35386683494798576,0.26214156636083275,0.4123192902392915,0.33240086138235136,0.5103862368760901,0.51519458631045,0.617221627798688,0.3842462429027926,0.5078405513233318,0.09564085588590736,-0.8260358580234167,-0.568322055631249,-0.6667027210503672,-0.8626265390653434,0.025666415119877464,0.6450359400347657,-0.6420184125308818,0.5316661946117424,0.3726262918864739,0.10034581015136783,-0.11162823105214731,-0.775113146364583,-0.3703838132914586,0.8260220813802204,0.11496861917386263,-0.6586410229864794,-0.9069191536815628,0.9674233876050241,1.0,0.8413706283799938,-0.9405736311644863,0.5302744190481391,0.44201633645283134,0.14588268077800015,-0.15526730189617105,0.5221441834306556,0.3369807855623911,-0.9412490962625016,-0.9171267615261236
ROI_9081,0.5341238344649553,0.5319178496770923,-0.11004992618351067,-0.03688483077303888,0.37740219389748864,0.45995528188321316,-0.09942862632591509,0.1600199931093536,0.12326897946396138,0.19298174739822235,0.5935309613411354,0.5494030700154435,0.2425425194037133,0.6783601679144974,0.503715071334939,0.5804731618350232,0.38334788000450004,0.5431119525684279,0.3718821211595587,0.36754867422476706,0.8130176107985845,0.7458648152210462,-0.5795647186269933,0.20947193999651756,0.2684432366272716,0.011505068168073592,0.694208519127925,0.8216976322460624,0.43730080949639477,0.5957753517729807,-0.16446348061184574,0.30594821996275706,0.28463863360216596,0.4652083759776641,0.5399846791284054,0.5840766110227932,0.7252171199706872,0.7291615449341222,0.4235915645608665,0.5772951300076944,0.9040118909905155,0.34265884134359076,0.5123590693877919,0.6208607506822522,0.36147196117597263,0.6360640754491349,0.6460095620856601,0.7256138840206149,0.31528177431342047,0.6029257159827177,0.6214993196694297,0.6664084022965852,0.6467190932483221,0.7333342368598652,0.5944956195887856,0.39657526197793325,0.4252194145164551,0.5605744443542431,0.15325979048997113,0.4242799649296586,0.1368483543869157,0.21534955292755734,0.1933432425662562,0.4935583627720572,0.2757322214929977,0.2638126400619645,0.004087882420619065,0.5624950147833746,0.2692287533767043,0.5540501367531702,0.5692491925034877,0.5957634273056233,0.5083974563303683,0.5527198994035897,0.5511023796316961,0.6193507173170191,0.28630458581814006,0.4689954901240034,0.3654640240842504,0.6231932035882776,0.4537998336043084,0.775437649616448,0.7289400468274033,0.8303738647854414,0.5570236426879326,0.7820220577004304,0.1467226258088372,-0.9070653507442522,-0.6412214055599986,-0.3109238160245445,-0.9459790979563989,-0.481274520977075,0.859596169579696,-0.19286777292148818,0.5951749660239813,0.5225443149633606,0.11044495904797545,0.19639358120683145,-0.6746563493017892,0.12666684852294963,0.9985438125545979,-0.40314662345377983,-0.954577222765494,-0.9130766831708268,0.9373485813259278,0.8413706283799937,1.0,-0.9124069267725992,0.4242601026471621,0.509768162668834,0.46637542807080246,0.1866942526035878,0.06509586602926216,0.04647521426987899,-0.7437383729897391,-0.7233306503719404
ROI_9082,-0.4426266234761585,-0.4557372382766248,0.06113892978798475,0.044765277876981646,-0.3144597896935888,-0.49519479426165114,0.09804089334697136,-0.08083517235314958,-0.14410957720508996,-0.30712856619602413,-0.49580789789489493,-0.425484423523962,-0.20170350822030644,-0.5680240333829315,-0.44676725413468926,-0.5904397053758721,-0.34075135219297914,-0.44916673911971866,-0.32802473265281623,-0.27030548264579585,-0.6825898519422479,-0.7149710373343433,0.5336669093685448,-0.1430795955335985,-0.1528642890269967,-0.019082075174409168,-0.6139200197387097,-0.7604996735309568,-0.43972271146837805,-0.5567675039338447,0.06717989038872435,-0.2715958067549795,-0.31658645845110894,-0.4414466641638073,-0.49178094767535396,-0.5109617535379064,-0.6174437449111055,-0.5568405802472581,-0.38018913829078815,-0.5095087682757778,-0.7887156223097119,-0.21423506165123005,-0.44473564203566074,-0.5678392056630921,-0.3199965807636982,-0.5674435152341261,-0.5226927464094605,-0.5975863748076563,-0.24395129284712475,-0.5329310306764554,-0.5551148787706045,-0.5630788379655087,-0.5674985734715756,-0.5866679206510735,-0.4956143287002179,-0.147224133917244,-0.3616384888316603,-0.493199294186783,-0.12938367608932078,-0.31347044588916223,-0.1469438866786499,-0.2653894422593728,-0.1882994779792751,-0.4535635556614585,-0.26353797161634424,-0.22070581413516302,0.03969389320398481,-0.45263702222527546,-0.09556399635428284,-0.4334839597860147,-0.5856463795938788,-0.6564052353687762,-0.48138392513402134,-0.554717667871081,-0.5462370504025946,-0.6086110633460806,-0.29082190824126225,-0.4537308084860964,-0.41177674345110626,-0.5885827437534672,-0.47789745159632807,-0.6452773618319844,-0.6287343462515115,-0.7230005195789165,-0.49263817229468876,-0.6335762180569225,-0.11064904146212579,0.9037008262156325,0.5840249747843772,0.5818261007536799,0.8638792573442224,0.2124206411948158,-0.7776785333536052,0.4673421171571144,-0.5411111302303468,-0.4700786690168608,-0.13891668307810126,0.013736797505443859,0.7087894447413553,0.183022773721626,-0.8987049692673568,0.06737517856631162,0.7971601294451655,0.9526614678651049,-0.9551161910889725,-0.9405736311644864,-0.9124069267725992,0.9999999999999998,-0.5627902444428483,-0.49389426701475686,-0.30033202595082525,-0.04588838277731207,-0.30102156828890186,-0.2201289355852047,0.8713785858619283,0.8557054150744564
ROI_9100,0.5685625537392641,0.6219376373797696,0.45990659448895416,0.4401643470787877,0.4699018600813611,0.6148197053468615,0.30311790356102364,0.4362313698535663,0.5089178518235714,0.6249040697209778,0.4884388383015698,0.5464878330923484,0.3876150901490507,0.5622296834752787,0.548732306346687,0.6411637036203934,0.4642322143299324,0.46867592903255956,0.5284620930338784,0.46859796639799356,0.5444004350886233,0.450065844328262,0.0427252870110713,0.45065356283591707,0.29725066541304623,0.3745963582860756,0.4854892074697779,0.5495229628196112,0.5160914497055024,0.5363869613765808,0.3559872041349384,0.4749048591001933,0.6018960665960664,0.5869959103432094,0.5417969361852236,0.5404403770683269,0.47825792198901557,0.3643538810291528,0.4470921033950274,0.3714045780381816,0.46549426953958545,0.26765609924778916,0.47410023499090276,0.5295862850206894,0.49011671769734905,0.5734808586180922,0.47712944607851093,0.4668638827584668,0.4733664877493403,0.5590441493572035,0.5657804680672461,0.5060270730645638,0.5076963050143262,0.3835956676873761,0.45961397160438605,0.13788253047065926,0.5480488588419086,0.6182439265623466,0.4253729630426454,0.4964416606207649,0.5004459541125471,0.6455966903749072,0.4958719527863441,0.5998279232857893,0.4687775601254654,0.5109328274196041,0.26067332061579845,0.49970237871007633,0.22875933384356995,0.4507919372903995,0.6100646742858143,0.6769416461847826,0.522231213716248,0.5851211866564027,0.5794198415504827,0.5438591471619957,0.4975162303704914,0.5612538508858158,0.5035368307151533,0.5075106603718538,0.5491732076593896,0.5107732510600926,0.3684370435424582,0.505175206127928,0.5331283394590718,0.487302791970862,0.28275791889303203,-0.39082907369044895,-0.06583489582442097,-0.27293904841010436,-0.3519266704203607,-0.05563983564796116,0.29323765166538,-0.31130037890109286,0.37679705222752446,0.47412613860828245,0.46332500807457444,0.18265213199731975,-0.20372498155726126,-0.1171879797914514,0.40375746677324065,0.0684333072248037,-0.3576891412862006,-0.5486250820422427,0.478815188172002,0.530274419048139,0.42426010264716213,-0.5627902444428483,1.0,0.6014002352712481,0.3113594076593176,0.13644382603715868,0.15217776153296123,-0.09573741623723898,-0.41465809895803796,-0.45290328149947157
ROI_9110,0.6986562976799526,0.7125632942394843,0.438815870720309,0.34240827671574475,0.47669544554728593,0.6773476127047149,0.2621489203987705,0.44931860424315123,0.5495519296745188,0.6129289956914337,0.6224081571563288,0.6249525379308504,0.3350158564558735,0.6486739781278151,0.6418596441636599,0.6871353758323516,0.6336834606818038,0.6309061435949002,0.5785106667149693,0.5704097980586166,0.5998423193888526,0.6135370601158529,-0.1836057999915414,0.3226386700152622,0.3583101354766224,0.2600862877062869,0.5178298414896095,0.7186946423475234,0.6813600878955577,0.6529552704156053,0.09333736773349316,0.37002970169419586,0.6524499822890415,0.7284083217869849,0.8044742218208276,0.8234572856673203,0.7974110351664141,0.693413293053506,0.8091171605434231,0.7634327351557622,0.6988249697460657,0.6405756613358309,0.6712389881112648,0.7008934001126788,0.6342883735005681,0.6895507262400954,0.721223125698434,0.7364844476236713,0.6630341501223399,0.7510134817726458,0.7723478344773889,0.7335782980011283,0.7066092355714347,0.5968885673728547,0.8147372838130048,0.5664948094452662,0.6701828553215912,0.6914273683605632,0.5367691743779132,0.5917984449107959,0.571143005241336,0.5623513358886071,0.608705236303154,0.70507110773075,0.4861540036222378,0.48410608406325706,0.4374534484208458,0.7085746161340483,0.37416115270571343,0.5952733559726322,0.7600753712728435,0.7385456373237774,0.7553938631301529,0.7677517614012564,0.8384854096749246,0.7899611901600556,0.821657972531235,0.8369352516057346,0.6221628368814579,0.5944181207419121,0.6993889035859622,0.7092277728935142,0.6852200155187183,0.7123203190050057,0.712923865434506,0.7022989756793847,0.6044430496557665,-0.2955863202483529,0.12586639560800833,0.07382330344217428,-0.3554349293056109,-0.2979101715777617,0.34191870277386255,-0.02410718980446241,0.8086991002627107,0.8417900037539835,0.7806091860852614,0.6644567098042939,0.020311786309126143,0.2845931141564927,0.5014220602501152,-0.2881730961874768,-0.5214992614595915,-0.5852505887985096,0.47169238421982723,0.44201633645283134,0.5097681626688338,-0.49389426701475686,0.6014002352712481,1.0,0.7583659175327088,0.5602857419025685,-0.16822457777753314,-0.23048201874358165,-0.26176206481210607,-0.2101881302909259
ROI_9120,0.780595303745154,0.7532331148520661,0.39379636307995886,0.4549875516489905,0.5070646530506999,0.5548196603248025,0.42838481667013995,0.6342943653437028,0.47116301003298755,0.4087831672928375,0.80876871582685,0.7969919854835625,0.5332904296784324,0.7355799962880366,0.6376880717281584,0.586558616405375,0.7820472862588711,0.7961579531437477,0.6877272930955338,0.7435921225945371,0.6200884879146662,0.5441557054409114,-0.08584190641565653,0.4236710834358167,0.4174994768897114,0.23775628071544092,0.5068747752528322,0.6266324800918741,0.7462172376748213,0.7344426231607925,0.10550219229735659,0.4281748326930147,0.6777782997636692,0.7789673184220154,0.783298600147308,0.8368194920680153,0.8543782636588713,0.841897538699467,0.7400782960071415,0.7709042090441927,0.6828237890544754,0.6540428624753503,0.7187779583758087,0.7240106216317859,0.6414617941592305,0.6879282069458126,0.8056945582027271,0.8153874335059947,0.7390614436635883,0.7864331539563383,0.7896296921790162,0.798876580006217,0.749575978899818,0.7547108060850066,0.8760422046760619,0.8603652680400264,0.7485538674829535,0.7239628514275068,0.6560986359676388,0.7421492119344772,0.6734543065207561,0.5856999857170558,0.738342789806876,0.7926718261344672,0.5442175977149658,0.5768684540906448,0.6327521313657071,0.8455529106554642,0.6548667574716037,0.7349139717652109,0.5795587871540244,0.6039994979698357,0.7381041836554514,0.7428745929939455,0.7513455779304249,0.7479602055077483,0.8112781027166223,0.8173119217122826,0.6568981560073179,0.6958254192456563,0.7035388832498528,0.7674368408873664,0.7713706396171238,0.7234409698381772,0.7103187071987161,0.7788789024916388,0.611610626554567,-0.1950093155163196,0.15982427462546753,0.4526069896240876,-0.264624612513825,-0.7099598736686021,0.400455249244582,0.3925234624576003,0.67623505057794,0.8402657671513543,0.706649696533411,0.8664494333022575,0.23355603028960942,0.7136144117192101,0.47429163728846807,-0.7055748581154698,-0.6126550616660281,-0.4138786570127544,0.2698670179013778,0.14588268077800018,0.46637542807080246,-0.3003320259508253,0.3113594076593176,0.7583659175327088,1.0,0.843311495546381,-0.5892032791410847,-0.486410796334131,0.050108171139024923,0.1072337789072559
ROI_9130,0.6545588116229373,0.6224279007604614,0.4098672180361129,0.4292761552566407,0.48004343497384533,0.5332991374143069,0.4018327439819424,0.5584881155399885,0.4716186188775773,0.41953729606164947,0.6903172554612863,0.6609891043776386,0.46978435981357525,0.5592083095368552,0.5481633590468832,0.511929604902252,0.744260558445586,0.6997755267193838,0.6416978447870174,0.6650426171980517,0.46197346911700365,0.41357387451372507,0.05212009032288136,0.33005735392030006,0.3411567052930142,0.28881091262476594,0.43231319798204443,0.48488290472845547,0.7025166400060704,0.6286263636359142,0.1964626013590883,0.39782384201593923,0.6302872422425286,0.6935453342674613,0.6787901585652562,0.7133173484502175,0.6793708408637337,0.6494105466385495,0.6480352207664218,0.6755974868208685,0.48213652077626873,0.6426448177490339,0.6117161710102224,0.6014773307741881,0.5388545951907756,0.5446182911133877,0.7293702186968295,0.6791420913613959,0.6577263008379289,0.6679338033641794,0.6562623778406189,0.6679257437018834,0.6292149966820956,0.626992329590413,0.7415740427581956,0.8461578504591605,0.6509312546609617,0.5924005977606605,0.6424805898127206,0.6466250358994,0.6449025609021664,0.5362542336158989,0.7386558158952821,0.7042535476244688,0.5078189026579911,0.5288766790826064,0.64033694650625,0.7267960486695648,0.5620587413311915,0.5883596002920671,0.4236310398595135,0.45351600456465313,0.6626334676075857,0.6503566297565975,0.6611804363888509,0.6462854428725063,0.7358132278939812,0.7027343961359603,0.6394546453203419,0.5701779604432105,0.6471014344805347,0.6149494258750744,0.6203780422644984,0.5533994459556424,0.6018773096326614,0.6027882575456887,0.6465702545467982,0.03709850399267296,0.3863800188714309,0.5993203376158204,0.07940940364765736,-0.6953263840871063,0.1577324909335348,0.6468908298989036,0.4984708572703669,0.7510066831054503,0.702958871908572,0.8817182844264192,0.5697833553898348,0.8288257554149212,0.1875699528215109,-0.7101033746991074,-0.4054365713283433,-0.20119939523788363,-0.04429260777136639,-0.15526730189617105,0.1866942526035878,-0.04588838277731206,0.13644382603715868,0.5602857419025686,0.843311495546381,1.0,-0.8320601769131921,-0.6757139662911241,0.3889018080414484,0.4282345805633287
ROI_9140,-0.4481354319586962,-0.4205371283479328,-0.28393531920953824,-0.39089847071109163,-0.3768115823177429,-0.2537099613826053,-0.36651617806980874,-0.4890094424548966,-0.2924837287054591,-0.16299174024724544,-0.4656542224457599,-0.483459200743831,-0.3983501987539878,-0.35400366198983174,-0.3476864453936969,-0.23487631349078958,-0.511893339511954,-0.5024253942628741,-0.4827716397092161,-0.5504495887636265,-0.2859891608879622,-0.12959905169262578,-0.22675258851350338,-0.3221041681039076,-0.31355888657639397,-0.2925808417330403,-0.3013744488844942,-0.189764741334504,-0.4005852733067015,-0.375478546941616,-0.19607397240591862,-0.326856497222807,-0.373318143862655,-0.4182712631870561,-0.3432008663942932,-0.3797764117482476,-0.3509850388174117,-0.4021993335849398,-0.27312315267747606,-0.31525685178558716,-0.18122022983440142,-0.42500755713354965,-0.3837699145978683,-0.3302912189329578,-0.34249426712298026,-0.306432625964175,-0.5016663889077145,-0.42540685357858743,-0.4448750137427146,-0.3848782328879708,-0.3466811284324663,-0.39462509613306657,-0.35140072024888475,-0.43540497460450933,-0.4010035963978711,-0.7555067620027696,-0.4566167304542045,-0.3823012157955188,-0.45362218480782507,-0.48984488263392484,-0.4266707461574657,-0.31787736894740976,-0.5064379322274211,-0.4196184814029605,-0.32620883597267275,-0.39249030542408464,-0.5082954654866706,-0.49406097468233107,-0.5773596436775951,-0.4414253029406429,-0.0911331193497266,-0.10142314931574153,-0.3562512890117693,-0.3229664491155966,-0.2856804377221162,-0.2768236405372711,-0.3728930291214102,-0.33591610710849884,-0.35343090019189083,-0.3387762977077572,-0.3401470004543963,-0.37642984417781444,-0.31460541992049307,-0.2755765971055727,-0.33032088689304573,-0.35572122718125854,-0.3848711898411808,-0.21315482585327986,-0.34109661389323775,-0.7898432072963864,-0.28056579975622203,0.7684857151696782,0.004803854642778662,-0.9294757650456923,-0.11482511417834905,-0.38015492385061134,-0.34691725050815997,-0.7282632799478276,-0.6619553981033128,-0.9375006103078165,0.055509123602775684,0.7995351797976953,0.2219357785947569,-0.16635983290643958,0.374097451947641,0.5221441834306556,0.06509586602926216,-0.30102156828890186,0.15217776153296123,-0.16822457777753314,-0.5892032791410847,-0.8320601769131921,1.0,0.7405230286990236,-0.6977531554067532,-0.6926816163439361
ROI_9150,-0.4751375070204322,-0.4646812862336778,-0.39335522386806604,-0.47572433774885764,-0.44331681768698344,-0.3290772502181895,-0.4005153985717333,-0.5327170752761132,-0.41800810689705775,-0.30902997623134776,-0.4481945069408979,-0.48702339287086055,-0.40281346565310855,-0.3510070758477901,-0.4276625972418378,-0.31846339345180563,-0.510493304816318,-0.46880377473588164,-0.5046167595598094,-0.5250865414235102,-0.32922443343671237,-0.12584139883167972,-0.3244703795226209,-0.41251169065644694,-0.3795466472133386,-0.4301961120124752,-0.3012497283511384,-0.2179017710881142,-0.4034985374696812,-0.36265057345141455,-0.3310897001390692,-0.43288598297412895,-0.45226713604313346,-0.45963544649569,-0.39396817975105436,-0.40571555630347783,-0.3321247906356519,-0.34329558821024525,-0.3687032784247698,-0.30515952238837674,-0.21931207370727845,-0.4283801404710408,-0.4425910127684727,-0.38902498368231514,-0.4251061075822923,-0.3922910708591108,-0.5041793606671205,-0.4346275294787862,-0.525933712539395,-0.44568619012591165,-0.4258949397931999,-0.41879451285184743,-0.41194252281367355,-0.4298076265229212,-0.45005715378868544,-0.6727018434113854,-0.5000867955289815,-0.45044409944605707,-0.5275704538428024,-0.5347291764422613,-0.49790529231106034,-0.4207668847708475,-0.5624215095123007,-0.4573086785654354,-0.4153031059143359,-0.4547816590862447,-0.5337342875959067,-0.5152552270388034,-0.5208195046674579,-0.4637201065752048,-0.2135302068761672,-0.19649418584798736,-0.373483642350041,-0.3208200820539941,-0.33463997571566784,-0.31095520373481866,-0.4060679632795669,-0.3805763988469202,-0.35935092544071584,-0.32446521032205294,-0.38239351145228107,-0.384032797118306,-0.29322062898409773,-0.2938779451071097,-0.38758185896676595,-0.36673374811464465,-0.39643634234399167,-0.1866021623853721,-0.36998569337756754,-0.6865369077832385,-0.21552535804803988,0.5815287015144184,0.020694355768724984,-0.6436861154420862,-0.16872687616331117,-0.36386652315642043,-0.3986106048147383,-0.6470728483609165,-0.5730463314711877,-0.7426716242779114,0.04482789055183349,0.596859937118197,0.16777140256777945,-0.09073133727356567,0.2603008913883882,0.33698078556239114,0.04647521426987899,-0.22012893558520466,-0.09573741623723897,-0.23048201874358168,-0.486410796334131,-0.6757139662911241,0.7405230286990236,1.0,-0.5498502794574336,-0.5197430608321252
ROI_9160,-0.08941713310177184,-0.10518272354263011,0.2505207765310312,0.2684304223767517,-0.010463498449931472,-0.17452563754369593,0.2853096395471894,0.2033220892202478,0.10331696085777321,-0.05033827592008341,-0.12714771434301692,-0.06840688249095515,0.07601987984903263,-0.24463499867638933,-0.12205445634909667,-0.2601964046298627,0.04718226572540159,-0.06046665022651116,0.03512214809183658,0.0866142113113761,-0.3728165795336453,-0.4472353974334579,0.5616587334608254,0.07422310013453201,0.04329317808666735,0.189761485767948,-0.28909182261068844,-0.454083707868704,-0.06673127100119815,-0.18565635435351324,0.23324942146454344,0.006473461907469106,0.016148633472859115,-0.0729546720154427,-0.16219304806930537,-0.1711180043100686,-0.284055953741141,-0.24047486429806136,-0.11114427981349653,-0.2037582549332497,-0.5049655494522043,0.06384377531762037,-0.11719837511305653,-0.22940418568912688,-0.040346046302948496,-0.24654967695818514,-0.12480233127916426,-0.23296239852355807,0.06494567086187901,-0.18305366520509528,-0.2192495115377595,-0.212950233426849,-0.23607339554050438,-0.23131596549903424,-0.15768640163780304,0.23769045254433654,-0.012047603947127917,-0.15084353535926415,0.1667932074612115,0.020729866545484015,0.1560087563371841,0.030503681473640194,0.17194222754732197,-0.08908536590293306,0.011450284344161702,0.06980136650745536,0.30938429418315316,-0.08010999539071537,0.19247013547960967,-0.10319697949240021,-0.349367772800505,-0.38156452267243346,-0.13796778445637406,-0.2040370294142196,-0.22170881933930875,-0.2736751640275525,0.014444592157172725,-0.1298614075621919,-0.05406094362995129,-0.2361501209404318,-0.12242222652363316,-0.2920788910730112,-0.3045641826469292,-0.40166713206062865,-0.17559089610339843,-0.30439493784593363,0.15197571140857252,0.7938634502243895,0.6686532003047909,0.7825753169052305,0.8299077197029271,-0.17391910612816056,-0.6220953087403593,0.7633129708358783,-0.33612648579626875,-0.13471719897303913,0.13162711184189022,0.3577016595861245,0.9008064626170015,0.5506925074954305,-0.7347122507133794,-0.26999888496981533,0.5226730799525264,0.7701855351524942,-0.9049762878976177,-0.9412490962625016,-0.7437383729897391,0.8713785858619283,-0.414658098958038,-0.2617620648121061,0.050108171139024923,0.38890180804144847,-0.6977531554067532,-0.5498502794574336,1.0,0.9801049799270334
ROI_9170,-0.09177027115642024,-0.11118125747418753,0.23630377431429028,0.2234773745994888,-0.046539286860886576,-0.1716678942724407,0.25735478633634373,0.1778013290984474,0.09342380478596635,-0.05505939114933217,-0.11860581965214897,-0.07168888374425242,0.044930902471489786,-0.2453301070257106,-0.12846525128386402,-0.2582425591586996,0.04456791962981531,-0.06469581688355777,0.012364498149793393,0.06306891547102515,-0.3822883442566401,-0.4183532857360385,0.4960697954044485,0.021298655282114387,0.009148476929038266,0.12372456165324454,-0.31539754552659494,-0.4296842145219157,-0.04844055095180561,-0.18095299505385873,0.16688119444852856,-0.04719463576409378,0.006815160297286024,-0.0687168881554828,-0.134033696022033,-0.14097916292751392,-0.2415268795580195,-0.1987358994822163,-0.05674749023188616,-0.13973334108851246,-0.4696685316912038,0.11068210031240046,-0.12750579671068984,-0.23453452865412938,-0.06641241489024642,-0.2636311073039626,-0.12234978941187227,-0.22430502202791439,0.05639066988427228,-0.18215113592069535,-0.21313770717875255,-0.20775028519210834,-0.2340504324618768,-0.23414771806694468,-0.12110944766613142,0.2520224035150925,-0.02599978246038478,-0.16583661513983355,0.16062473080851952,0.010108240841913368,0.16101302518296234,0.020076575774720003,0.17240800534366496,-0.08002475388200479,-0.0005903601765484718,0.03289972699771244,0.3008967025520131,-0.08085222535906313,0.15715434062636072,-0.11976632567185871,-0.33061549120055406,-0.3740087663688828,-0.11119582384762769,-0.18272381941099847,-0.17754001836214425,-0.22827094065694314,0.06113029992324871,-0.09065723264125826,-0.052783852525930604,-0.24320761618840717,-0.11767620921324397,-0.2842904928228123,-0.2608763206893095,-0.3809601550710132,-0.16750925331882968,-0.29131277578040415,0.20730768249012005,0.7937663133277311,0.689631520520909,0.7763525367552484,0.8177854665510114,-0.15729522789415104,-0.6269242571134187,0.7572703686601447,-0.26790424886905106,-0.06673578914214831,0.19330618764575433,0.411874754218531,0.9115064112596235,0.5612788672982217,-0.7136123210988282,-0.2794747722719335,0.5081375657579507,0.7387192023130971,-0.8768795744342041,-0.9171267615261237,-0.7233306503719404,0.8557054150744563,-0.4529032814994715,-0.2101881302909259,0.1072337789072559,0.4282345805633287,-0.6926816163439361,-0.5197430608321252,0.9801049799270334,0.9999999999999999
