ROI_2001,ROI_2002,ROI_2101,ROI_2102,ROI_2111,ROI_2112,ROI_2201,ROI_2202,ROI_2211,ROI_2212,ROI_2301,ROI_2302,ROI_2311,ROI_2312,ROI_2321,ROI_2322,ROI_2331,ROI_2332,ROI_2401,ROI_2402,ROI_2501,ROI_2502,ROI_2601,ROI_2602,ROI_2611,ROI_2612,ROI_2701,ROI_2702,ROI_3001,ROI_3002,ROI_4001,ROI_4002,ROI_4011,ROI_4012,ROI_4021,ROI_4022,ROI_4101,ROI_4102,ROI_4111,ROI_4112,ROI_4201,ROI_4202,ROI_5001,ROI_5002,ROI_5011,ROI_5012,ROI_5021,ROI_5022,ROI_5101,ROI_5102,ROI_5201,ROI_5202,ROI_5301,ROI_5302,ROI_5401,ROI_5402,ROI_6001,ROI_6002,ROI_6101,ROI_6102,ROI_6201,ROI_6202,ROI_6211,ROI_6212,ROI_6221,ROI_6222,ROI_6301,ROI_6302,ROI_6401,ROI_6402,ROI_7001,ROI_7002,ROI_7011,ROI_7012,ROI_7021,ROI_7022,ROI_7101,ROI_7102,ROI_8101,ROI_8102,ROI_8111,ROI_8112,ROI_8121,ROI_8122,ROI_8201,ROI_8202,ROI_8211,ROI_8212,ROI_8301,ROI_8302,ROI_9001,ROI_9002,ROI_9011,ROI_9012,ROI_9021,ROI_9022,ROI_9031,ROI_9032,ROI_9041,ROI_9042,ROI_9051,ROI_9052,ROI_9061,ROI_9062,ROI_9071,ROI_9072,ROI_9081,ROI_9082,ROI_9100,ROI_9110,ROI_9120,ROI_9130,ROI_9140,ROI_9150,ROI_9160,ROI_9170
812.9774993662288,832.9926990848599,838.4610166787818,848.6272969340898,490.4724911623223,515.580581000873,829.6460508718922,805.10969114263,620.5521736826215,602.9248572646594,765.9022802957675,705.114169917031,806.242791857973,616.8308657564615,642.5118324406704,541.8950593263725,736.562763304507,756.7191246878665,801.8654125695941,832.2236231689453,421.67906665802,440.13135623931885,807.6071439690749,820.8465835783217,535.3156192240291,583.0102142501663,524.3365434256707,480.99761162863837,799.0313352188974,803.3028584044656,832.593597492208,844.0948962402343,830.80190962452,813.2564937337239,770.8910273012907,716.8871713661285,636.8945995448445,683.4642747949671,486.148217005123,523.8017421965295,606.7959614738089,632.1529202461243,764.7901879634176,789.9524142730858,837.9723128754448,848.3130376269246,717.9412819728378,656.711453741247,913.7179866760008,795.9903352687086,934.4160898176706,739.1939339359521,801.4707049543013,585.34355654436,600.4911452212089,549.4827690272791,823.8842023366905,884.6693730839977,965.2555305036046,923.9203705814498,887.9974827509341,919.681761235481,778.8560226393766,887.9518357726281,913.584688328985,822.0852569178402,892.1125694446349,835.5923175758712,891.624862476519,900.7348128682343,754.6321838653839,742.6459639502353,573.026151184642,636.6327653364701,466.18817050215125,467.86100618604206,711.1728174178327,698.3344604998704,737.1713854201297,830.4689047677176,729.3921420802559,737.3820223340672,490.56846397717794,464.9453942362467,675.1958079090202,685.2754349522894,489.48555347218235,424.96207040483773,397.88300089413923,424.6089080849549,630.7260581714675,563.6842945192258,227.81435589534576,207.70896227812204,705.3537902832031,684.8971055887513,712.8089645504951,702.1946127015541,725.3379644825865,671.7509131536507,32.782337460072945,1.1067318752959923,27.072089235299384,32.55214657286207,94.18340555419572,94.88179788216921,230.04722616407605,382.2708623917664,690.7108542702415,758.4360395951704,753.6436200237914,781.072383059731,696.095801259957,270.89742608237685,343.7166079842683,698.8592045224946
801.5682303238366,820.4884193413185,822.7459823390675,833.093973706918,487.07243397734885,510.3821558441435,820.1918080647787,794.1016230773926,615.0105782917568,597.2746057549462,762.0213785559181,702.0922624921042,800.2896673159984,614.1040899910425,637.6337643476268,538.0357730737691,738.6737046806733,762.0313672734258,791.6680218342163,820.673698852539,416.128429306878,435.27685225804646,792.9002738996674,809.9227165229737,535.2819266793615,580.4502556140607,517.9543262292009,476.7558501031664,801.3760560233638,804.0075231481482,828.6053574129039,843.9681829833985,825.9178373692399,810.2681825086805,767.4686518130095,714.29322061194,636.5541719276999,678.2403376543963,484.0876115517957,521.3114565731435,616.1702945896836,632.2498288154602,759.4250473238174,789.9138755617548,832.6570946579192,845.0446374904343,718.8755418126248,653.6417782531752,908.8237831730996,790.9370183189593,930.786147835632,736.1427320378647,805.0512009522306,578.6088813800437,597.9152036958224,547.4606372970607,813.1161347605444,874.1565792825487,948.2916056424958,906.3742893712829,874.9423476774796,911.6173337748136,777.7629004428875,885.6721084637898,907.9903550788538,817.5040122242862,880.5450329255522,827.8579590973834,873.3781256220143,892.165054068381,746.5821445224522,738.7760238647461,574.8941444606955,637.2958655419287,467.1706653539685,471.83076670472053,708.3158162851803,697.8581175744781,738.302414914395,821.2903071812221,726.5562284038441,736.6539207906848,487.1409015313784,465.4687262630463,674.9160863599063,684.4895815980627,486.13743115593405,424.9205299473842,397.2442988976836,423.43452769212416,632.4298253494871,561.2799225767453,235.8739407039075,215.97562965975936,688.1644246419271,676.1763300491592,706.158292889595,694.9436022383055,722.9962306520108,672.2977377371567,39.415815156149236,1.7650702914154088,29.493464595703095,35.07425002132326,96.58175383690056,96.58682389905856,247.3327424261305,387.05418296421277,672.9321621981534,740.2814375443892,744.5465978840053,769.6320329497132,695.7217096066943,274.94792879673474,351.69104938073593,681.6368324016703
801.9589857621627,821.4364771264973,820.9335085339268,831.9808415644673,485.174319759635,508.6997185094016,819.5239289032529,793.6758388470589,615.6779777371154,596.0988665037468,761.819019782834,701.550726124597,800.5107595401195,613.4417313530378,636.0970524768924,535.9009896080858,737.1429516399077,761.7151949714585,790.0598088406969,819.9955400390625,413.3357916937934,435.11462987263997,791.1606437385856,807.0845154504927,533.4007841979022,578.4375377906548,514.1730076489528,474.08053538534375,800.3355270961546,802.5820002049576,828.0829241094314,842.3786525472005,828.461156683453,812.0826947699653,764.8689304517663,713.1446345685476,635.516219622238,676.4080930639196,480.13660115003586,519.601558528143,607.7572696873399,631.1597476005554,752.2548417217201,787.3417023572877,829.5528707172214,843.2806649012872,714.2619336143998,650.3540339178139,907.6022147393995,788.8029038549519,929.1012502545095,733.3195418107438,803.1033498310723,576.5576935842926,594.4806928888731,543.3030147895876,814.2546510059235,876.124011847708,951.9172735028855,910.1586350517917,879.4097525687839,913.851044909468,777.2143793601873,886.7425518026077,909.158850370948,817.9909041339113,882.1757253325387,827.7696277236408,874.2020801617082,894.7061996881474,745.51253708848,738.8283097314053,572.4766393539009,636.2575655850497,461.65687472578406,467.3595417721171,706.347303796987,696.7607913195345,739.1159758872175,818.3898053850446,724.0472637775757,734.1050806567484,476.58898313681283,462.96162366231283,671.7084020959123,682.3345875803449,477.9682335797478,422.268628674724,393.00341339160997,423.69330101885583,627.782146581719,556.4813620654742,231.103668382719,211.3496422531754,678.4383565266927,668.8414798025358,704.1022492945194,693.7096322866587,721.6946809394972,671.0982727013474,37.69945960123043,1.5987425597177611,28.660288373558792,34.35639067415281,95.10622473765743,95.4709242302624,243.48471217685275,381.51819626724017,656.6038152521306,741.6817926580255,747.216282377307,765.6913946610463,690.3582392673867,271.6448485307526,347.0205039544539,721.7736227101293
800.3508611811939,818.5536953258996,822.4757313858739,832.3135134404399,487.07937556422036,510.7657539844513,818.77230001126,792.6692466995564,615.4931540489197,597.5117620092924,759.0115561446523,698.1773411039322,796.615385785111,610.7557163489492,635.1480628673118,535.3008895532665,729.6833590828412,752.7929705274462,786.646510098629,819.618607055664,420.7706258032057,439.0798718770345,790.6773562851063,807.0295011656625,530.0894885936957,578.1794157132998,518.6033078609909,479.486789200041,795.1065440627764,796.3409138997396,825.6248313122846,841.1851900227865,824.2273706985733,808.6977379014756,762.8852878736413,712.4595200871847,627.5646237276724,676.9874321266457,485.0112769688879,520.8255484791731,600.6075414438717,624.714551448822,752.5630472444352,782.9335549160203,829.3171959640588,842.7256545574345,713.6289217412964,649.4293198685546,905.2501882276227,790.9945193092145,928.102449532488,736.4840728030118,800.534563244191,584.20047547303,595.7818670222009,546.5738881590323,812.1118584890877,872.8845244800603,947.205386695285,905.3733031199529,875.6763364045516,911.630531956077,774.1295715705335,884.7863894136844,906.2273598286642,817.7202653767835,878.2857732494226,825.1623108297462,874.7374586846419,891.6598874929861,746.2401745770428,737.5810900828877,569.2118764054885,632.6216702812162,462.29513859403306,465.16208530479753,703.8797224701428,694.5584681340767,733.200623857214,820.2921371459961,720.5589421882484,730.209819647818,477.8614273784403,461.74951968073844,668.9397757021866,681.8174446766873,474.3025349336512,422.1706154441145,395.1630253915985,422.60330836956206,625.392183185729,558.3205648634831,225.89622611946564,204.92887770278114,685.0355041503906,677.4173537432138,706.8152891099453,693.2344977607554,719.8677231980341,667.1109485113242,32.920982941838076,1.035062361218863,26.849228284370778,32.32178566384017,92.38642527563806,92.69898475946918,232.7791487905714,376.9073449583615,692.4790593927556,740.3996948242187,737.0131590158347,765.6344928982892,689.8441221947763,269.12752292449017,339.3042255373615,751.4141698376886
797.1832839713609,815.0517766168623,817.3879977531298,827.755833226846,483.3076187399931,505.9643629108156,816.2698476519832,789.2047468501963,608.7165362299705,589.6937833457697,758.9577556858218,696.8346585954938,793.3506100427226,608.209924180498,630.9522768027747,531.3098158280252,729.6939015320692,754.6318508620278,786.612070427087,816.0714742431641,413.18424383799237,431.56911245981854,787.0799301554803,804.7252227238247,530.036453386876,579.097865492433,513.0838866681684,471.71985138787164,795.3760561673147,797.9853260935089,824.178051084984,841.9786549886068,819.3924309682038,806.612874077691,762.5565148395041,712.911729559841,634.2090388898807,674.5269239920157,483.50036990323235,518.6614965231678,611.0298561971696,628.2646636962891,751.2014576754873,783.5832881837094,828.2536772061192,839.8085461889791,712.871708741858,647.35147081055,905.4803089880174,788.8588705873909,925.0717660322152,732.9863666432724,798.034409732562,568.4891706120734,593.0363172087322,543.1235905239898,808.5731711915132,869.1884122380504,941.5250130441225,899.1725028576592,870.0536242145041,908.115381262449,772.1460992188993,880.6830077112456,903.3272700523263,814.4793958873404,874.4110198460268,822.9332580195017,868.9024186346941,887.0168699823032,743.0643342851519,734.8666907138512,572.1012004887292,635.0579851158769,463.7890879313151,468.87659637021346,702.85419076388,693.9747266334122,728.3872485871011,813.635480608259,718.2130220493594,728.7956172017102,481.6906365275383,462.9088665262858,669.9695298014233,680.0960283234135,482.03824718699735,423.04664949906004,393.43514204537496,419.40677631835547,627.0700902185941,557.830476825436,233.16953147502824,214.22149490923348,682.3951334635417,671.4610719842426,704.1394875943661,694.4817722717561,718.091214449351,669.5456494049222,38.58054954186082,1.805065504885796,29.386718616761225,35.07246792537168,96.76058633217667,96.9706258302134,243.59834305445352,389.0963645296938,667.2962369051846,738.617509321733,741.1420077125498,760.6404233522053,690.1304309321384,274.191681629733,352.1798650495934,688.5244393184267
799.653173471426,816.8470411794355,819.938703258029,829.8279737799292,484.5748897907346,508.46636465617587,817.4320115579668,790.5038673952793,614.101138582035,596.1247803187761,760.8763988153721,698.5017900860499,798.495622926061,609.5118252555368,636.3041985308502,535.9115699088899,734.1803592483014,755.3081751725206,789.8314124797953,819.5400744628906,417.39919026692706,436.283003171285,787.4698932697247,805.3407226592775,532.956763592066,578.3423385829716,516.3248987777457,476.2112452189128,797.6907904283056,799.3065914954668,826.6321193264538,843.3812384033204,822.1610881999387,806.913662109375,764.0895640497622,711.3566214320172,633.7192422471908,677.9163629037363,481.89029427298476,519.4103529426488,605.7566198130123,628.1768040657043,753.320823367626,784.3099369573367,831.3151339793936,843.4519516794305,711.8235299370506,646.8116869532562,905.9355095371124,789.895447582793,927.2120289649129,733.8222124267152,799.1931980800201,574.7837683359782,594.1806534653658,543.5527674000704,810.9502002594896,872.1388304233551,948.1530630882049,906.609757396562,875.0523319144871,908.3857148681258,775.8879865827181,881.0596640409266,909.5853082457585,815.8335210741028,878.5679278898775,825.9459756803446,871.0197533771491,892.1764750612375,743.6901617651587,735.9370663752321,572.7991048830365,634.7511517413251,464.5065528759058,469.7237119003081,704.0231158147093,694.9147099538462,734.1756565824468,814.6717191423688,720.927742705948,730.0939856603773,484.78672411600746,461.4916035878658,671.7577958085989,681.2548647712551,487.23374530567844,421.8833869321252,393.19617195179063,420.15338018284365,623.2880616768209,555.568465774556,225.5725595422986,205.5114885983048,686.010693359375,673.9884612519862,702.2650292813778,691.9426844670222,717.6798318955127,666.8277670293683,33.98591587033221,1.2528921163192501,27.25300354748085,32.636200612835324,92.08106854430872,93.16181885816597,226.37479162216187,371.44468315909893,669.3772583007812,736.6094626686789,741.6210828947541,760.4259519939181,685.9818450329351,268.87415437112776,341.2096269401637,700.9202586206897
798.1909304577175,814.9069440738119,820.6979372181025,829.4221161846145,484.6928509468256,508.6993156671524,818.367192169996,790.3756464499616,614.8989988151861,595.2578819638393,761.8808112415841,699.7508044046069,797.219197268347,610.970753318385,638.7838588520069,535.5786363622982,732.0287526930678,754.1937490491772,787.4688928830669,816.6066456298828,415.83545769585504,437.6884836196899,791.5140946458429,807.3064512298221,533.7359743567662,578.4125146761045,516.7015310466619,475.18082666397095,798.796580476581,800.0333985882041,828.5778920731832,843.9836688232422,823.9550037707313,809.2811165364583,766.8493339206861,714.2378698142178,629.3004481781946,676.086851755778,482.8667284761156,520.6354462555731,605.0206438908812,629.5706224441528,751.7922187149525,785.2813624522132,831.7066389073236,844.2265728509914,712.7639626933277,648.4829510241956,905.0887037277222,789.8428990652135,927.1374059060979,735.4028524345075,803.627516588288,574.4745868421069,595.3477902149858,544.9434420371797,810.1900288476348,869.3752607107162,940.4972708189205,896.2643957299094,872.3081849736752,908.6597140946435,775.5475810106377,882.5964882177581,908.9734948001691,818.5712094568775,873.723112102037,823.4890044746876,868.8126630357876,887.2580359021603,744.6515453441723,736.6181878261879,572.5602905553416,635.2576255633202,463.612719549649,468.6571019132372,704.5130381349658,694.7663599544541,735.8433461290725,815.9091175624302,720.6369882634773,730.5040897608462,477.54460324048995,462.6905210987727,672.6655495631012,682.4064493051395,483.53897422341737,423.9975817435915,395.15679720494273,421.1039903456605,626.7247240341605,555.4099773938706,229.38194827245619,209.5331800104769,669.5627278645833,668.9405072745631,703.0669653117657,692.5474321529337,718.872411325081,668.9593130218954,35.26849450624401,1.3646377307949242,27.917050682843318,33.54464315925891,93.82706509957805,93.3287808714855,234.35015890333386,377.6133765823701,687.1148459694602,735.3372147993608,739.4559938571597,763.4008429804935,690.38346713197,270.02203741199094,342.14676680077207,686.1906990840517
800.3161627353996,817.9451848930782,819.5485803647217,830.0252538126304,481.91793311363045,505.1131077834538,818.5755994427641,791.8439007730686,610.537893003347,589.6502391974457,760.8291571392276,699.268498429798,796.2907979451567,610.2788020145555,633.0845371122977,531.2383015652744,732.3881122896456,755.4190644742642,789.992379024111,819.1868701171875,416.78403006659613,431.79970162709554,789.6431644269054,806.2554010663714,531.769408470673,579.8675577561934,514.6730892750439,470.6726174354553,796.6019279911833,798.7484361436632,826.4518241982447,842.5911889648437,824.2026836589231,809.7972534179687,767.31889117697,713.8012015101422,631.4377864888061,675.0570500691732,479.75641418141976,517.57394142008,612.3552376168673,624.2488856315613,748.761193188883,784.6303274868789,828.6468450033565,841.036129689356,711.3579402285174,646.787069564099,906.7920208161877,789.3900398746614,926.0623380054685,732.3006904922141,801.4735167293805,570.2810233504165,591.7557417207247,541.4575160373057,811.7678476690854,873.857986220607,946.4579170836744,905.4515889509534,874.3527051311991,911.0825185127628,773.776551226228,882.0367282521087,908.7073990551394,817.4660762834918,876.9334696994739,825.7819445839511,870.5455895199137,891.669300901297,744.0252578322952,737.3129695204437,570.9222218924706,633.9114448580391,462.80361518307006,467.35504838110694,703.4305029697106,693.486847303715,734.2350113239694,813.7813284737723,718.1086504413707,728.93986446077,476.03900412718457,462.2833839035034,670.2257403050226,681.0453037269208,471.3410302106072,422.01495829558115,392.7119444788744,419.19171234876524,624.6298540263659,555.2161396300793,230.0188029957267,210.8471642606245,681.6977315266927,673.0965643413996,702.9920356273651,693.2287586263941,718.5417314194541,668.0510650858611,37.459673062677645,1.622157247143763,28.63547837187149,34.452308927912135,95.72750678384385,96.42801545692548,245.9627366065979,385.9140229575774,660.6411687677556,739.311669921875,738.2019497660183,761.4752367236946,687.9520407284008,272.40113869884556,349.03946697350705,708.3081980738147
800.9549134805042,818.449357455427,822.2670402708292,832.19226884272,484.9653110238009,510.2759759085519,819.2958319648554,792.8763133174815,614.2817456187034,596.2365851167773,759.3593154224923,697.6764384375679,795.9238179699225,609.4386108558671,636.2749490998871,536.0942222859072,730.2792718534786,751.2471350221539,789.7421801921508,821.0712567138672,419.2598525153266,437.4382088343302,789.828119385294,807.1566086875068,532.470102000611,579.2174717620179,518.7152590251101,477.09466897116766,795.3790434351507,797.5422541112075,826.141563435552,842.4418422444661,823.4158931667522,808.7996428765191,765.1125891644022,714.5426871058453,632.5245657765392,678.7385884037724,483.9282796590456,520.1784687828035,604.3926106437308,627.0273880958557,756.8464746910428,784.5134107399891,830.0164848881511,843.335047493204,714.3993617739559,650.546710209413,905.0337796057424,790.886544683462,928.4700458580616,735.3821411126816,797.9045521710485,577.234946788526,596.3366195253539,546.7831731810312,811.7835884219585,873.7044679147226,946.5107916220218,905.7932664037422,873.9498850416101,909.9883753643838,774.2430269667133,882.1167997038414,906.4646590503294,816.4544209910301,878.0518422844705,827.5018197591513,872.4547712483983,891.6893236360497,747.891305871912,739.4111255583216,571.6024085928541,634.3964995677337,465.67579562422156,467.2471906635123,705.7786212358318,695.4651086577736,730.7824135638298,818.9645919799805,720.9405519624323,729.47002189627,487.29738806883495,462.438447321256,671.0506681366902,682.0308080722577,486.4919907513787,423.3068610640639,394.80633251989883,420.68881660678534,625.0667732803845,558.4179690999786,225.08136859160192,205.35982391424102,696.3603434244792,678.3802485061905,706.1527658998966,694.2093617365911,719.5580384349095,667.1822622994048,32.74325465500404,1.047915703251406,26.93661070011237,32.26582186228978,92.35629402769739,93.51301888224258,226.67290841208563,372.0138516005348,680.9713245738636,743.8592140891335,738.8371950699978,765.6841086858435,688.4618494370404,267.75705580544053,341.8073155780633,696.0435264850485
797.3464812556856,816.1598316358798,818.1930429070799,828.3316852827946,484.1158877882847,506.8219233410699,817.2715105738075,789.9520446063102,611.6695593035951,594.4653837270424,759.9540033107851,699.3225996532137,795.3352794745365,610.2506033727515,635.2792776188447,536.4393153652068,734.7300535084512,758.6734473285485,788.6124323117779,817.5846276855468,414.41292497846814,433.6605853398641,788.2807518599869,805.1749115595742,532.1662548624408,579.7666728889549,515.6309671981559,475.0238974889119,800.0148155644255,802.5838351779514,827.1488379931512,844.375301920573,820.9608305591648,807.8738693576389,765.3275050951087,712.4308221656156,633.5736500072059,677.5191198278357,483.40636066879546,519.5922998292616,609.1420728339524,630.8564953804016,752.7564841623581,786.9169884993566,830.7152150215213,842.245278430961,715.6350720544492,650.0225323597034,905.4160441798549,789.332303838646,927.3501659182201,735.0104414392525,803.8192058785614,571.9006205773821,595.6798466450367,545.4953025811627,810.4409825135949,870.1821798660137,940.2821756449425,897.6232236178686,869.3377356487772,904.9228781990249,774.8317413796708,881.3454358479613,903.9590153480643,813.587399490659,873.1128375707048,823.2772114824022,867.8199950297168,886.736996308216,746.5309791908608,738.9794201460041,576.1484393198556,636.3369029651989,465.9889057546422,469.6790225606569,706.2319612346712,696.4472191521736,737.699601843002,818.0696214948382,722.811188650314,734.0121297200741,486.3608196448783,464.95607738494874,672.100687438696,683.1307748144055,486.8071591994342,423.730280191029,394.6631701439619,420.09644770906425,629.4535873438373,558.5132311995824,231.5284785141013,212.43462848317785,684.0336934407552,673.3976647328523,704.0881643295288,694.0980065462277,721.8268986185088,670.9093272295441,37.55460353408891,1.5069164166157996,28.746063485497796,34.57540100935278,95.47172583359342,95.55536170980783,239.07054540846082,385.67625974907594,666.2020319158381,737.9457164417614,743.3343733205091,761.9841459250148,692.7624918619791,273.39933963825825,349.7597608783028,677.8456631364494
799.1261147383112,817.9014756715659,818.5541126645844,828.5173007083604,483.6625265786814,506.0025248527527,817.1375496580574,790.2422804519978,612.2511590062355,590.9921505802968,761.6816619935074,700.1189910283165,797.1118766693063,610.0106447129115,634.691094372403,532.4450888651477,735.4628251062185,758.9486114400565,790.4144895122425,818.6764975585937,414.3219675487942,433.81957664489744,787.9925860340289,804.7097308370802,530.9245928419822,576.8044759729406,514.0228294246104,472.93151752154034,797.5606374200785,800.1920402621046,826.2291093160474,841.9923801676432,824.5774711996822,809.7034665256076,764.2085231615149,713.2665368505271,629.9817371116336,674.1268670823839,479.1593219297273,517.1562561149454,607.1449925156891,625.3253383636475,747.9827433094559,784.3042987263033,829.0417330431075,842.468947471931,712.3191987293318,647.1725680052817,907.3793412946885,788.609909616957,926.7463205698374,733.1227585612169,803.9851512481279,571.564584190939,593.6289179625774,543.0160186435119,811.732501929326,874.4414245155123,947.7696085985484,904.4528406279172,873.8660010827106,906.8876506306207,775.7151625513666,881.7996152855242,906.5894233361998,815.1147241601648,874.9773081361578,822.8528395070485,870.4134635682319,891.8197068693888,744.2364138354052,735.2572561795595,571.872094670567,634.3606003270005,462.39309957753056,469.88079705036864,703.0192968649942,692.9792694471683,735.0808469082447,814.6626685006278,719.5687411955033,731.8042030798796,478.48292418400445,463.21990889231364,670.3323241372466,681.8688962126729,479.84636149686924,421.69136504576096,391.98564342067885,420.4961667978721,625.9041777525887,555.8679377694924,229.5151784483395,210.66334310180736,677.9505228678386,669.4840972383143,703.1909381151199,693.7829570856569,718.6597840306716,669.5879116757866,37.294190265532386,1.6354918404999705,28.469550385535435,34.21199228188135,93.91820653397987,94.82375607759722,242.81363158755832,383.1269143258824,659.3672374378551,737.1847811612216,742.3605152104525,762.5653489511225,688.9921659581802,269.83999986397595,342.5817736315005,725.6930268386315
800.9626933461519,819.4074196165258,822.3286005172095,831.5775855166978,484.43919774432516,507.98881168024883,818.1549941093009,792.6939472344582,611.3359579845351,594.640642986923,761.2564490403586,698.5958674779014,798.9759857544154,612.1074874236999,636.4187946224687,535.0547458584197,732.4991375529936,754.7491226299261,789.8882935622643,820.6469085693359,417.18486319647894,437.29779733022053,789.2320695301843,806.5786042137752,530.2098160289345,577.6559291462322,519.0453062953211,477.1950778696272,796.6586699575748,797.9753433039159,825.3070585796527,841.3395644124349,823.6445534916247,809.3847340223524,765.5400050951087,712.3415104509836,625.6370729286765,675.512570699056,481.48048095724414,519.3717949042159,595.2162535620517,623.209466457367,750.2400153780741,784.787959889778,829.8497246102038,844.1479113840917,711.1640232633953,647.6866558915251,906.5832664474365,791.325764172238,927.0909956609266,734.7396917937987,802.40754672337,577.1253018753201,593.8781604826132,545.0966375931586,813.6731028562047,875.1878236973727,948.7047023567217,907.0097473835185,875.6262708050272,910.7045248442097,774.417913781029,884.3357840153416,906.5893133362728,817.7223250026543,876.1844956323002,824.505685178892,874.1742227639362,893.0139207365763,746.6578815219639,737.5770796478772,570.9706947256666,634.5246829078311,464.3994812896286,468.0809240206866,702.8196743824443,694.0488613017861,732.8265939266124,818.734148297991,720.4715882809226,729.9809870664751,475.8992871427536,461.9575121672948,669.3916781677549,681.1717576035294,476.85267275641945,421.3466390616627,393.3918770129482,420.973231506575,622.0958074469796,555.3288086030881,223.06994521428174,203.2485410374115,682.765450032552,677.7702771202993,706.981648683548,694.1944726106808,718.141438637071,667.23821668928,31.509291095236364,0.9326088051001231,26.396969794822606,31.775888449238014,90.72107951230065,91.6633436731016,226.35141478644476,372.6200044856352,689.740644975142,738.914013671875,737.362309807899,762.9683339565615,687.3726172353707,265.42770865089017,334.5927456960534,704.7889256970636
798.3171515796936,816.501188392591,820.3120098590284,830.0346320330859,486.0033767522768,508.51320254802704,817.3245570970619,791.1242601792355,613.0792485256584,595.8593935761295,759.1210103538947,698.3010298713805,796.3548267292526,612.1138539883772,635.3368859119083,535.5621515420767,731.5140754735866,755.1357086203819,786.7111059897704,817.0721739501953,418.4300190607707,437.97526836395264,788.8179111370621,806.5052390628391,529.913768808255,579.5655019781092,516.4044983584578,474.29511446423,797.6305288638708,798.5831651475694,825.6261354781824,841.5290924072266,821.7812199996689,809.1770893012152,765.602055027174,714.9955569347703,629.8388088411172,674.5312362953468,485.04461994580925,520.1717081605718,606.4746924228356,628.4253621101379,752.9499434824028,784.7189485088909,828.5205437987628,841.4713221321329,713.2759609734717,646.6225469012361,905.7961127173517,789.766434006677,927.5361325375669,735.90556565089,798.4737394358546,572.4368247050865,595.2820988052904,546.4237722624733,810.5483165461027,871.1768727832371,942.4749550211765,899.7516500676998,871.8606579059103,911.6127541427859,772.91807346169,882.789220265155,904.0124860165724,816.2603726670416,873.5019234860881,823.6225404341463,869.3579363488848,887.849622694827,746.2576019699509,737.868995916648,572.6687627669868,636.6052812848773,467.539287843566,469.09690749477335,703.5964127837634,694.4506197727568,732.9616309632646,819.5660008021763,721.2793610963785,731.6335671257577,483.517005610466,463.9931445344289,671.465186002286,681.6682035087521,485.36125968484316,424.4183207625517,395.9829832191269,421.2553757476011,628.2326613306645,558.3192122796178,230.24960621104887,211.24167040441188,689.8826578776042,673.882884397345,706.7493108510971,694.7680760034069,720.0713134455013,669.3186986592113,36.64092112842359,1.4798610595158406,28.56950144643864,34.02874914658917,95.4675834687047,95.21333805245337,236.11792023976645,380.882714013843,679.1314364346591,741.4146406693892,740.1131534448406,762.1936208990555,692.9744968788297,273.11420362455806,348.02871571345764,687.3687112742457
797.7477948978068,815.7178171427563,817.5095765638862,827.5483469640117,484.5014645953511,507.10265145983016,816.0069288561107,789.8363913580712,610.5232713855042,591.2773163592229,761.0440452234532,699.9441799950978,797.1357246254975,611.6153822688439,634.2821535316866,534.9564992819471,735.5634793105284,758.4603316348256,786.5985206223995,815.663133178711,416.1457803514269,433.5193480173747,785.6623388100496,803.634230905109,532.6786268144377,578.9663767238239,515.7280953760305,472.3423887623681,799.0642788005325,802.2888358410494,825.7046350193774,841.2641931152343,822.6326861623991,807.5944833713107,768.278369140625,714.5833589484893,637.7120369394445,678.3752382066515,482.0203129713024,519.4873793098363,611.2741038838371,632.2240881919861,751.2977584117934,786.4592319145022,830.0139162493947,841.33626257467,714.5251438361554,649.7561201365678,906.6455601353799,787.6908839720785,927.9955604386299,733.618280693319,803.3931536139929,570.3955514255692,594.1063181457787,542.715939201817,810.7767966062581,872.3236353088308,946.4461176894911,904.46571219124,874.3940835703975,913.2872798172788,773.0299648086594,881.1174521313774,907.7254502026003,816.1715816231662,875.8363069598595,825.4700456564218,867.8815625913584,887.9881124759906,744.4599196287962,737.1791015374856,574.0981242328609,633.9878933729032,464.26459713258606,469.0197177940691,705.7075600545915,695.047085457323,739.330461218002,816.0691800798688,722.61259267522,732.3380819936154,484.89845970312757,465.0514883931478,672.8310059719674,682.6116654825346,484.58118465647976,424.8042525556544,393.8402296677232,420.7895484834519,625.8322394624328,555.7598522762457,232.43056218758986,212.90137886476163,685.7531921386719,673.2437035512116,704.4692089259624,694.2610976275275,719.3381037918363,669.693363753974,38.392872826784455,1.7190850190749323,29.16056665466455,35.044234589851946,95.50258140477585,96.24206252706547,243.83255455229016,387.78201840029044,653.784462668679,737.2877596768466,741.552759976995,759.0998071598101,688.0820707433364,272.8900946399622,348.75072932965827,675.8289458176185
799.3728149891463,816.9283072231996,821.6634292194308,831.2400658064155,488.19252700805663,511.99241042137146,817.5928466484675,792.0917186071517,615.7878715067494,599.1329794320903,761.2152396721568,699.4205929105244,799.8115659160843,612.9194712773991,637.9040130809765,538.3242861863697,734.8597722347314,757.5976048160431,786.1731905297758,818.3758824462891,419.18903838263617,441.3184897104899,789.6853815329196,806.7424703098479,536.270870857838,580.0193104586758,520.6370029765598,479.1648483541277,797.8310605894844,801.3465457115644,830.8878106545276,843.3586250813802,826.3011477195611,809.8813590494792,769.5225872537364,713.4262849738799,634.310213668756,680.9747051662869,482.5902123791831,522.7185179035315,605.448073590388,631.0230278968811,752.0715944558855,785.6463306300448,834.0470225525434,845.7353299681903,711.2744927928468,648.8285472784843,906.3392320836743,790.81374805484,929.5472082189611,735.8006465070445,802.3963963803689,580.47131665723,596.7083387239364,545.9037658719501,812.8295915818815,874.6535562718356,950.6569551010626,909.50442338124,877.7130087147589,914.7767193629903,775.9851461521347,883.8725584146907,914.2140106656658,821.0344235267135,880.0540631519275,828.3155633812985,871.3384324577963,890.5807479942702,746.882604169416,738.3443514714476,570.8565995802574,633.5727476970458,464.24296215997225,467.719482421875,703.6970157310611,694.8208885351157,735.1565214116523,817.9926223754883,723.157353163679,733.1740923949533,484.75841105937957,464.24870800177257,672.5819192327592,683.7265900800257,486.89919038660383,424.11911614276875,395.5463527077809,423.47258953911756,623.2155960302354,555.9807368834813,225.09894041987934,205.8961972746421,682.8482014973958,675.6723767296743,704.805101364851,693.0788446486805,718.4844197765865,666.4363851290752,32.84668987060401,1.1151323227418795,27.115334125381132,32.629933518122876,92.22932253911279,92.82531757067929,228.19585349824695,372.1788420922616,680.5059869939631,742.5316905628551,740.3748777248716,763.012130930454,688.8396678251379,267.9146985589412,340.0550043655164,711.0649856041217
798.8070314220442,817.8456858541026,821.3998131270074,831.1053051511605,485.416009831983,509.6377217769623,818.3716910802088,792.5536590706034,614.3699753235798,595.8019429542979,760.650424399027,699.7664425441197,796.2224420249769,611.6101232366524,635.185741135137,534.3620263523707,734.0111450629212,756.5883391022286,786.0532971378487,818.6681584472656,415.9502427842882,439.8205291748047,790.5592286025978,807.3359013890463,535.3579964063555,581.0576896038684,518.5782091340966,475.95722341537476,799.309702747273,801.1270388756269,830.1256387064776,843.3981486002605,828.0483416541148,811.2192651367187,767.4181518554688,715.2939144272402,632.6213348657549,679.0050837198893,482.7800281686442,521.2270921142807,607.1150027415791,631.0265736579895,753.0971286315767,785.7770800115937,833.062550081184,846.1445982637462,715.1747318713133,650.4576611450085,907.7241020541037,791.1982607016465,929.9019671505175,737.510289876274,803.4869588843376,579.7872415009667,597.4113958309641,547.3161709593478,812.2968359254668,874.0138050361916,945.9357774046533,904.6972919199301,875.5209449303668,915.360954448629,775.609027267596,885.0410141316952,908.7612434501078,819.3928618863014,876.6787920405355,825.7490069209617,872.6320291021068,887.2513355234051,746.4725242820946,738.5213604286068,573.3307213739517,635.8924749465216,465.03519627667856,467.62686501086597,704.6395122340468,694.9278208625761,738.2580046958112,817.1636494227818,722.6776926910284,732.7939983996156,478.50318470637006,465.041848320961,672.4450224939422,682.7480597793773,479.76754473517923,425.3790129788946,396.0875157850484,422.47860846047746,625.4434729206656,555.3376387786865,226.96223286332355,206.335140412827,674.3176391601562,671.16510475288,705.1479521393776,693.9695279911093,718.6468806181852,667.3468060808252,33.174590001225866,1.0904617513219514,27.355616760491838,32.78683706302462,92.38966236019868,92.10084425629948,228.1407634947035,375.11136639819426,688.2331653941761,736.8819502397017,740.4757063692848,760.7791446734078,687.8043105181525,269.5253453965773,338.700642034863,686.2288923592403
798.2838577621802,817.3602941560023,819.9949635472791,829.1687099335203,489.2557292494663,512.2289860589163,817.4050212837343,791.0099340171002,616.3985991380653,599.4415521621704,761.4079554177881,699.1086907583569,795.6623418425205,610.6414154681117,635.0384476552555,535.3174051871666,734.5109918241817,758.0109895851921,787.0710600637385,816.6796180419922,423.88173993428546,441.80674978892006,789.2350111406774,806.7723512800914,537.3449750970171,583.6278648376465,518.1444610469249,478.13704906569586,795.9126257266638,800.1350818021798,827.8401984267348,841.7921112060546,824.0965852899067,808.660055609809,767.7905660878057,712.9623916809818,633.1520210299723,676.6112699155454,482.15731923069274,521.812087826961,605.470573550365,626.2074527740479,751.8814057906469,787.2848110831744,833.5165751252666,844.3943437721297,716.807821712218,652.5670012527412,910.1162677857184,793.5733847855822,931.2144293275733,738.7565417707686,804.4547822550273,579.707338739844,594.7392961381807,547.3329613275107,811.5002548368188,872.775751652541,945.5334202084634,905.165988635838,874.5488442064368,915.2655761515824,774.4035836782659,883.4144150867384,906.5746945053784,818.86994110275,875.9687231792493,824.6711786294017,870.6584744301571,889.0803585157869,745.5631528974653,736.940553508821,571.0778703602082,635.3163855086158,465.2538854626642,469.10516916194433,702.5087562936251,692.7590433334414,732.6363324104472,816.3772310529437,721.1754003941328,732.2210593453675,475.855787653923,465.14885955810547,670.7827726809464,683.7867049206357,476.74311285579904,423.68936392030133,394.33319784452516,421.9341050692622,627.1373132335461,556.6078675484657,231.1924884604911,212.18614842829254,679.3477884928385,673.2908578646385,704.8713263869286,694.6962426647342,718.7283362274558,668.9917565557951,37.53245346433189,1.5427163519241192,29.021484592235176,34.61028051130457,96.45713152257564,96.22290166107918,245.38518259260388,383.3673369568937,677.3913629705256,740.899580522017,740.392474488124,763.3972202735611,692.7336294136795,274.96288189762515,350.85345699931634,698.1340142611799
800.6085544482595,819.3571004789285,819.7885837214739,830.7246902131465,493.0876998990081,513.9497550555637,816.9213255535103,790.9164933127545,621.2044363994987,599.6759473065861,761.5132568173292,697.0450888618591,796.1272123673767,608.2554655253646,637.5773642288511,535.6049501878156,734.9102425236273,758.0322308302718,789.3813176063742,820.2257600097656,423.7325065930684,443.6021951039632,789.2263728275271,806.543009303865,535.5349623994678,582.3581731188428,521.5486560210338,478.86049336857263,796.8091131246315,800.1113968460648,829.1476043140482,841.5593737792968,824.59001819158,809.0618831380208,766.6499660326087,714.3227509647967,633.3136134210662,678.671043113426,485.7874067276716,524.8842883449369,607.8973413686283,627.6700367927551,752.9081437228218,789.1574009899845,832.3534662833121,843.9862255966455,717.6923704935499,651.8507121517094,908.5054534942873,791.3800541606466,931.2420361493084,736.8289713763616,803.7989972204371,576.9872579936888,596.0756070364008,547.2450084218027,814.0943879945386,875.1371775468191,950.213439249323,906.161935122778,876.9998340374491,912.0595776023988,775.7399017613963,884.1322793391506,905.9384603927384,816.0562605588319,877.3673350816363,824.698780262752,872.2383608483965,889.593672778725,748.3711822784699,737.6388733660589,571.2577405457102,635.1961063533635,464.4087172798489,469.7297977931063,703.8135574841109,694.8148822705281,734.466139773105,821.8688823154995,721.8195175521676,731.9893630637648,483.5317772595088,467.21859393437705,670.5590500911427,682.0741806274806,480.4802790024701,423.8387804771589,394.45623724410933,422.66343633381206,625.9692657632384,557.8140935941537,233.88970520973413,213.9450539225109,688.0313008626302,681.1290464239605,710.594846278429,698.3878828368036,721.4889717296182,670.2718480023894,37.70381468573683,1.7294387198781973,29.515100102772376,35.109649463549225,97.16628409185451,97.92825997990346,243.243995613522,380.91520544711284,679.8395774147727,743.0747447620739,744.397492069526,766.630447194546,689.5760713465073,275.5016215642293,352.4355733683615,691.4884433088631
802.6017323868897,821.2869371597213,822.2921502275501,832.2779966863503,489.4726232262545,515.4504491601672,818.2453956961733,793.1852249827283,619.4127619023226,599.650899840183,757.8768234873206,699.6972602602035,795.4952716860108,610.7776411482197,639.3814238790255,539.1094175319813,734.4711461360986,759.0732932162048,789.1364515165716,821.3942504882813,423.61773851182727,446.9865805308024,791.2982826810894,807.8735064173502,534.5831862045209,582.991021837507,523.9666978193252,485.31932422849866,795.7315770275188,801.8849411952642,829.6478008760868,841.7831642659505,825.9634261050467,810.7817267523872,764.6380954908288,711.7299598785768,634.1521907587934,680.813442795365,484.73295366551196,523.8606581384323,604.3697619829021,631.2781620025635,759.2717240154743,792.8932708450968,835.5601691721541,848.156790928534,717.6692958163821,656.4430110871375,911.729582051308,794.8312389452087,934.1115958313223,740.4945528962962,802.4323098221167,582.2774201000439,597.3269143235832,548.6174190696055,816.5818213037697,876.5182018986454,951.6635602123022,910.8095812269715,877.9071862792969,913.7178955024115,779.5159519207223,886.9358052461727,906.1775216629256,819.9301986626568,879.78511743867,827.88918341317,874.6200121253919,892.1192348754208,747.3891916360941,740.7121789650839,573.5075239828967,636.3719397871009,466.9755454685377,468.0901974960112,705.3084020145604,695.2249170833603,735.0823623981881,826.4573080880301,724.2358370083045,734.1707986316628,488.9069185354312,464.58441500027976,670.9529339408034,683.8125694050522,489.3961254793055,425.2227429792769,395.3362798349311,423.24334392346736,624.2570858538052,558.651072537601,226.12567446574016,205.87938153084136,690.4486470540364,678.3884168721862,707.2702099978924,698.1203877720898,723.0186941326423,670.9374271943109,32.154785634952866,1.0699432300610674,27.013975900401928,32.58190174176956,93.35263517332126,93.66680399945346,224.44633674621582,372.49619597547195,662.7999101118608,745.5435879794034,741.8310950362443,770.0215326623072,692.1653250899969,270.5175459886852,342.1362483492403,705.6546672952586
798.3642828354729,817.7620473233136,817.5896767016399,828.083049500606,489.23777845515764,513.2239026512418,814.9503774553511,788.5117467774736,617.025253782467,597.9891869279205,759.6417268272338,698.824922034854,794.2654204065967,607.5329356434856,635.7131073439299,536.2359251396236,739.8823682595204,763.4205267833316,787.723205040241,818.0033271484375,422.38895320892334,445.9016876856486,785.5925377904939,804.0879844256809,535.2795329468413,580.6800260439023,519.9841463289208,480.9279106458028,798.2860936578714,804.5738697193287,826.6348103200356,840.4497692871093,822.9810078507763,808.0525236002604,764.367332922894,712.8713934105563,633.767808015126,678.1794101573803,484.6050320437976,522.8769163353167,609.3239345863217,631.7693104743958,756.8177774747213,790.3343902877157,834.0339963774827,845.9227368092677,719.3836480338465,654.2022986578775,909.7473559594923,792.011142451043,931.0236130644456,737.9871484269079,806.5259203034132,575.6727957772274,595.4107766261533,546.743488850258,813.2972155066466,873.7720258324234,945.989793847498,903.6659270209622,872.7063294518513,907.9472496131477,778.6031195497659,884.8184057326964,902.3559406337454,812.3336382072409,875.9787117475873,824.0187891613956,869.4840547598092,889.4160017993569,745.2963671984974,736.4887109975346,573.4823072240987,636.1817033775957,463.8627224244933,470.68003995653606,703.6982438134365,692.8448116571577,738.608676342254,820.095091683524,722.9261183464664,733.8617349173977,489.3514920647939,465.685988779068,670.1151451699009,681.9690856768308,489.2874464147231,424.6695665641812,394.27120091145235,422.56747737758224,628.444781421502,558.6506031469504,233.5507373010257,214.07610184098527,685.6474772135417,674.4529982744638,704.5582179874182,695.6553988564608,721.0946103549792,672.232783459801,38.202837992165435,1.7573696291833012,29.402401149249897,35.1500749985201,96.18925633210986,96.16186827333063,241.07596476872763,379.1917551685782,680.2147272283381,735.5005903764204,746.9054518322016,767.0195660168612,694.0843876857383,273.64545796628585,350.82711815834045,702.2093442719558
800.9483530524208,819.8799477755422,817.7009678136437,829.1699279921938,487.42915672036105,511.2343875680651,815.8057378978681,790.0977794111536,617.6384841957871,594.9003197482375,762.0642968154535,700.448487775288,797.8809487815582,609.8934384820915,636.8953223821536,534.5193410511348,740.3368690092982,763.4642393343472,788.6889652529895,819.5431616210938,417.3558007346259,445.75549468994143,785.3319313109868,804.27277862458,533.9366885779416,578.4386408669608,518.6740191549227,479.6209393342336,799.3324727472269,803.4624351972415,827.8483865893106,841.4702117919921,826.050514479815,811.2489386664497,765.5456452742867,712.0634916374482,627.6995711809739,674.710585558856,482.7758831339223,519.8850317537115,602.3542770635886,628.8022727966309,750.2884761743129,787.5966859067221,831.3103829771695,845.0574821784483,712.8992982698866,648.719984010383,909.2199945761312,790.8504604887753,929.7048683706552,735.5888818994134,801.9567749981388,575.880822888192,592.2271778892666,542.8639399260038,815.1513222634858,876.690259690638,951.2515852992015,910.2771406057404,878.6681143851902,911.8878930255433,779.5922188948418,888.6267844178549,905.415390925621,816.3767394482204,877.34879494142,826.2241193395994,871.376305306793,892.0666824256517,743.4754405666042,735.6451330966637,570.6737428717657,634.6675734747024,465.16982811084694,468.3870677679357,701.8243429465372,695.4387693286436,736.6604172726895,820.8350982666016,722.3430554620151,732.8269311764293,479.73579203446707,464.5271587371826,669.3371381742838,681.2771667551111,483.5391673817354,422.80862690825757,392.1901617140199,422.14030116448384,622.8949409890018,554.1402292704582,228.83390012348968,208.4792012074284,678.8458251953125,670.5641826047736,705.8887391984463,694.2305666202873,717.0595271666238,667.6799395078551,34.37812635760852,1.4411000889208583,28.017519619190292,33.628846844623745,93.66066060013964,94.56437284990103,232.3561111556159,376.1950507935356,661.5086059570312,738.3605146928267,744.756461943556,763.012749394284,687.153060613894,269.6700878017827,343.9521070971633,722.1500328327047
800.9024692972266,818.5426342132116,821.5821256648914,831.7129154129333,490.4938238809275,515.9801870584488,818.5008472335309,792.4945780230584,618.9121802485719,600.9545723336641,758.8508159668465,698.3095650385296,795.9798020482268,610.8231621990923,639.3917174030893,538.0587758344989,734.7990866566156,756.1156368849681,786.0541266664235,820.3865954589844,426.5303190019396,452.03241062164307,789.6946838208263,808.9616274682302,530.3747294660639,581.2701524168581,523.6977508713527,486.74078165160284,795.4298336101028,800.2894701545621,826.7422911476275,840.9843638102213,824.9284450724973,811.5822970920138,764.4198380180027,712.4958521831467,625.6526229118986,677.2435583891692,485.79469664660945,521.815519290024,595.9946148981813,625.7417440414429,754.6893890471686,787.2886574550828,831.7191146044346,845.7500571981508,714.3239611801038,647.9521028245246,908.2587626549505,792.9319878631323,930.6383978648536,739.3647845942729,799.2899237448859,580.2632289634031,595.3923200544625,547.8592034947072,813.8437246299652,874.2875161281338,947.5285220053489,907.3178793547524,877.0516643490998,914.6698057026539,776.7024259888069,888.6326405089578,903.6996305095615,820.4578445419785,875.9343064168866,826.6104836457296,874.0713153037296,890.4019964228678,748.0925632511173,738.5827794309522,569.1085009093679,635.3205904609713,467.00145467122394,468.01510276257153,701.5479690051469,694.1395884153754,737.3630617831616,822.3163953508649,722.1947488894408,732.5389757097097,483.5806961731116,462.3643293921153,669.8321416701514,683.0736151719705,482.98435931486244,425.3846523951107,395.54358261590824,423.4146266895767,624.5087519532832,556.4564859686295,226.60348312290714,204.45275302588848,684.5196329752604,678.2915954589844,706.8566358685493,695.6069780927977,720.2249925142632,668.162360520118,32.341475352142496,0.8616442814745285,27.12955846418973,32.58712691936401,92.94651231491525,93.24547645553787,227.3044079674615,368.05038628858676,698.0093217329545,737.5902876420455,735.2307991181444,764.9048473503016,691.1995131548713,270.9287142209839,345.2501735113787,676.1781321558459
798.4748513267905,816.2176392969459,818.3096569755273,830.2560327765476,487.13970415869426,511.91827957970753,816.1216568292356,791.1524568793114,614.863880955443,596.9607756255103,761.3726895340089,699.4493309565953,797.1354606981752,611.716170062903,635.5749242127831,537.9211316581991,735.476668443725,758.9664962473897,786.9643762230417,818.1413780517578,421.1254881752862,443.33948911031086,788.335670548256,807.3945201200153,534.1891152546668,582.1570754208408,520.6809275084438,479.6815457608965,796.2104656291458,802.1214414243345,825.3592776000656,842.4222444661458,822.8276892193293,810.4703653971354,769.3410028872282,717.395116966891,634.9575666520038,677.7470355563694,485.4499070090907,524.5121302086762,608.4466307593174,631.9731421470642,754.2752819146428,789.8060238372658,833.6470807007096,845.6667164585047,716.9533205534801,651.2186110686589,911.4844013844767,792.5998444039801,932.1971216189509,739.6365883561447,803.215489083876,572.1910426990659,595.4806203634658,545.931917139044,810.4983063245525,871.3524072964987,945.1721595451074,904.5447976217932,874.5259935461957,915.9839856200234,777.365782664821,886.6666866496757,906.059265592205,820.9870950060605,876.7788316276636,827.168049390525,869.22163308502,887.4050812273395,746.0014422304995,738.6286154575035,574.0852084378583,637.3852636824439,464.9257255222486,470.8904930437115,706.305567757028,697.3794011159556,734.2563112948803,819.2152960641043,722.9601288718738,735.0453203448933,490.0045269175371,465.6272410392761,672.9691137641537,684.7025421863494,489.3495013293098,427.12451556443307,394.5542739396915,421.95213530174453,628.538985466553,557.0762793668111,234.80238507781178,214.65249642941086,687.340889485677,673.3829180184057,705.088981539011,697.3219903453983,721.2002398852477,672.005593582004,38.379488427780174,1.671979444336008,29.57635248279398,35.10073486900115,97.42162029065359,97.19269250977098,240.5054817199707,382.1549816201715,675.2033192027699,735.1354225852273,745.2841917716416,763.6994319867484,693.1267484777114,275.75460385439686,354.5973302089807,679.9102572737069
803.2664176868858,820.3237839720466,821.8119780305733,833.8870712903391,492.049065789511,517.7442200354168,819.2689494907805,794.7819238995492,622.8850161688669,602.9921538556208,763.6031446689512,703.5597518497043,803.9286025294309,614.9378826403425,641.7026389534793,541.2027804183014,738.3377350721314,758.9544308050922,790.0975062929351,820.8145913085938,424.9973759121365,450.998463567098,791.0648580030961,809.7463361800664,536.5650753700296,582.0144501990014,525.8833114033905,486.18572415245904,796.5657486825619,801.5485408830054,828.8568575000513,843.4046655273437,829.0766792943922,811.8894490559895,770.4114661175272,715.8446817053369,633.7416853043476,680.4739621480306,486.513068569558,524.2148311629278,606.2097888383709,632.7863864898682,758.5723360191203,792.1146354494501,836.4232815713272,850.3043977614732,718.8391189417563,653.9886131411665,913.6425054580934,795.2939488475274,936.541806371976,742.004202959763,808.3442882657586,584.0971883605508,599.9434208336351,548.6606936977655,814.7661818037419,876.8116504086388,954.7124590616247,917.6043338954561,883.2448821225373,922.0711474372346,779.8294333361705,890.3086365289649,914.3330144170504,824.673622680881,885.8385272851151,832.755662108993,873.5725722586274,894.8517513380525,750.777871003022,741.4670844156234,573.9232226730487,636.816369391107,465.0760376418846,470.0861975441516,707.0732177984519,698.5323600294184,742.859611348903,820.9346073695591,726.482250988255,737.0279522073862,486.7257155831655,466.41213310162226,674.108958147696,687.6662400852807,489.2218434950885,425.8297000155122,396.0938468830039,425.99970144878836,627.0296319478368,557.0309111833573,228.13516841906434,207.21758435835397,683.9658671061198,676.1236344676906,707.1775346696377,696.51834969499,723.9689552947765,672.2553221275871,33.12285512700481,1.1691598854683063,27.312454396313623,32.81131136739984,92.97865937092293,93.94973698340516,226.3989952405294,368.2881319312488,674.7380704012784,739.4952869762074,748.0600970991505,768.3937084342859,691.4507865157782,269.4202489675137,342.31487076932734,687.3754040948276
803.2174775890364,820.0453611133677,824.5963027990389,834.9558794773907,493.1259910849638,520.2485703400204,821.9407092108243,795.8205658673226,625.9552179453324,605.2209115419231,764.3352199027208,704.4075278569782,803.2457827114936,616.238742788311,642.0130848528734,541.2090712007755,734.3651159205143,757.2807271837,788.5087184394456,819.9287922363281,421.22787231869165,451.7027254740397,795.0185118038073,811.0773278720795,538.6742611730286,584.7411828512674,525.6014669850387,486.09925140274896,794.9246234533922,798.5885333779418,830.0365895348897,843.3879471842448,830.1554415428033,812.5908935546875,771.5133109714674,718.5087670016002,630.0412025619709,680.9621033845125,486.48267383234844,524.7934297068736,602.4828191038038,629.763355255127,761.6869946696928,794.6671504883969,838.4627424574828,852.3178899218465,722.3318607876123,656.4947053969323,914.2195761465257,797.5224003721892,939.2845590166758,746.5952180909438,810.5093036531867,590.5551704518936,601.525631867336,551.9931604959766,814.4690993644322,875.9484974631557,952.510417897037,913.3656748007654,883.9140733801801,925.1022842595878,779.5252417701464,892.1299065739039,912.8880710886485,827.9214914621309,883.733325255319,831.8065164006304,874.69341156589,891.3393411372906,753.5561097291139,742.1504492837875,571.6131065438647,636.3274365709974,466.1868321515512,470.65447869099364,707.5466444922275,697.9114129157482,740.0112044963431,822.7414659772601,725.4197563668321,735.6875124771292,481.48995927711326,467.5863925965627,674.7087392954049,688.0689571227556,484.541070691277,426.81274101277984,398.7675871811807,428.2414344201071,631.1853337629187,560.4784773925941,231.5002877939044,210.14428942831574,677.6438496907552,671.9765640517412,706.4258715510368,696.6552495826962,726.4836988958693,674.1176475301057,33.14641249143077,1.096508422769882,27.69343017665983,33.336714446337176,93.85574077546455,93.2347945363451,229.55309089024863,374.4515576432733,692.3762484463779,739.5360662286931,742.8303871922845,770.0900218335888,695.770414464614,272.39344351333483,342.83234239256745,678.9276333512931
802.8521180316155,820.4366393077253,822.1553098381487,832.4796391749287,489.5379685379738,514.9797378948757,818.8812223858846,793.9084881754125,619.3228910212614,596.8627101241565,763.8977599415352,703.0089195433117,801.4605683053542,614.4665069377374,635.8443153201051,536.3083416480877,732.7497012603905,757.6134056973694,789.9450546790814,817.5879270019532,423.49676179885864,441.6023117701213,793.6906985851249,807.0757286170173,536.9473833713232,586.0420277354482,521.9586485130352,478.19016003608704,794.3114146106648,798.4404375241127,827.9634636506008,842.5041752115885,826.994274333372,810.3420920138889,767.4947780443274,719.0395710037416,635.9405110228954,680.1400703147606,488.4666189295905,523.3605967032329,608.5913060923092,632.1629323959351,760.7259000295567,796.3061274668617,836.3414447593158,848.5441822252775,724.3579590559498,660.3070395943168,913.462650622091,797.5638739734102,939.3067360857125,747.0696724463756,810.912705340193,584.4739751231436,598.1265434871558,551.2270952309017,813.3947943095179,876.3174183986805,953.4241994771278,915.8047984125019,882.0757233992866,926.175055544739,775.8284992369672,887.3754551253692,910.1201010177384,825.1939420552217,883.4957710544714,829.9520430637832,873.5868448148108,893.1723137112613,748.3056399371173,738.9202301775823,571.0742240695779,636.322619417529,464.563744586447,470.223671496754,704.0473772893187,695.9850170088013,733.9377162202876,819.0151378086636,720.8387722439236,733.4287378929597,480.80853509902954,466.3837921492259,673.8446456606692,685.3772545938591,486.353826231115,425.425774543294,396.6126658767462,427.2843418092921,631.6766480300338,561.4595259102185,237.49754714850266,217.35829542027093,686.6271789550781,672.0957300218486,707.2552143335342,698.6512547143444,725.129569716126,675.1684375380537,38.74944474989254,1.7910948917545655,29.991923981796155,35.65008737672387,98.40112709352897,98.14789862515184,250.82666720284357,393.94826304211335,666.4336658824574,736.4013927112926,748.2747175997536,770.0011828458762,692.8213261623008,276.80378666258696,357.8392577966054,708.8920982623922
802.9069609748993,820.2416015128897,822.1410893498079,832.2146944524758,489.58340533056924,516.3024241924286,817.6060929034169,791.6182216757917,622.3962872563576,599.9455706643276,762.9295809986146,701.5447819058858,803.5856544141295,613.3264503450047,642.0018046898629,539.0046350109961,733.4666821086577,755.2288482799087,788.7084271076538,817.8535167236328,425.0902683469984,447.43465455373126,790.2064915996954,806.179780475677,540.2323067650121,583.412123984033,524.5269339967169,483.3929459253947,794.7718518814951,799.8219872745467,826.4990767831878,840.0022637939453,823.9458385402874,807.8981943088107,764.2154105808424,714.9255793927664,638.9022465508415,683.018941949915,486.2144728877715,524.579189743442,610.1811388359695,634.4917683601379,764.1049168810011,794.6907337785332,834.1798623727225,848.6979676185296,724.4377155264547,659.3686293088473,911.0335029802014,796.0592295179619,939.0351113966226,744.0700862546802,811.3589483697318,587.5112334022335,601.197089125801,551.1410190922539,812.7496262014499,876.552879139229,954.4781893901124,916.7515147640379,882.1682274329144,920.5658566149307,774.9531781024525,883.8501268747902,911.1021769509387,819.9698006997429,882.2493782236335,826.5374389245216,874.724313821003,894.8009468205067,747.9553002709741,738.0628996051726,570.0093940944846,633.1873478084416,463.8080185599949,467.10939907020247,704.5798947693871,695.4486485398162,735.3704171687999,819.1519317626953,722.2199692123238,732.4407598437195,491.8548552831014,465.14313826243085,673.1247543082889,684.8836868649308,492.35202232809627,425.2102938972225,398.08309898525476,426.76801803938963,629.3959743349366,562.7945781008402,231.89764244930336,210.9722755509813,698.7730834960937,680.4097093485169,707.3934950828552,697.7639900656308,724.0308216376462,671.632719711453,35.433348534591985,1.371815969063728,28.2169387168387,33.750057720421005,94.6065291141588,95.9118440826173,234.17071681552463,376.09677009898076,669.7737759676846,738.4540105646307,751.2964676210544,769.1445467019383,693.1655081954657,273.3567523119742,350.43159451448554,720.440012964709
801.4309861409481,819.1786457396516,823.0167400890808,832.6219007028526,489.4751089406568,517.4453176770892,818.7404590291237,792.5002816967254,622.582950436339,600.4580004957855,764.1703361883397,702.777055134849,803.450098237288,615.318663503477,642.9901871277918,540.4076669636198,735.1422135050262,758.0158632506564,787.4356738561871,820.2979755859375,420.4531594382392,449.25086510976155,792.5363607668086,807.5681424292308,540.0609520317996,582.0562147412982,523.6994797933168,483.74091641108197,798.4883270263672,801.4999049057195,830.0787432012282,842.2309149169922,827.861335495771,811.5054892306857,764.8529355256454,715.2979795157191,633.7605148517088,681.2557101779514,487.1246072096484,523.8852293178829,604.8177995525423,630.1453328132629,761.4992723824486,794.0531704437111,836.1754976275239,851.4883734273632,722.052226433084,657.5792577033276,912.6013195530061,797.4256760046279,938.3486193015002,745.1572810701681,810.4227144215673,587.6824126617581,601.7107407263287,551.592078469584,813.1566312858857,876.0190231800079,950.3694001232831,910.9129083286307,879.6154378078295,917.6077536194069,777.5804532952264,887.4948800409773,910.3186303893132,822.0442954785448,879.2668691013636,826.4630931899345,873.296794526896,891.1753556899603,751.0928682206987,739.6682878087779,573.0141546966832,636.4914486046994,466.4023707293082,469.2773953290053,706.0426530681673,696.2866051385017,738.4968248732547,820.8922162737165,723.2337815441848,733.5493863744466,483.0195828882853,465.27963049252827,673.7058295195324,684.9287768468785,486.52478776819567,424.57587171935,398.8411745087554,426.4911018026031,629.2551097054674,561.3000429632266,229.92878582252672,208.72007179444645,676.100917561849,672.7647927494372,707.7750490903854,697.5267646064585,723.8368380985794,672.1984796500731,32.50643538546405,0.9864133742672426,27.543183435105426,32.93981345665656,92.94186342514664,93.39325446307018,228.08153687583075,370.49435894629534,670.3288685191761,739.6500887784091,747.7066490634176,770.0760262404816,694.5157733992035,271.8415561485709,343.33865256381756,743.7686851764547
800.2155746045613,818.0184057216452,820.0081278770347,829.7035806283533,486.7699775961942,512.0020441157477,817.024094616564,790.7762522531063,616.665177267425,594.4138624941717,761.5333692038931,699.1866061861552,797.4145999339187,611.9133901301666,636.9540397397321,534.7247887515548,733.1727427984301,758.1317551381564,787.9527199697677,818.2264886474609,420.69368203481037,440.48513056437173,789.9710425064505,805.5435549796574,535.765501281978,584.7453271635286,520.3163165940764,477.2991405857934,797.7265596209832,800.810196638696,828.17612567411,841.8888547770182,824.6412291445974,810.3796472167969,763.9218479322351,714.0682461290475,634.4659476259206,678.2917025530779,484.11331359576434,522.6246302315359,611.2265579974065,632.6144318580627,755.66965117885,791.6180790182539,833.5851793959945,846.3943910654525,719.5366690947004,653.9718962220045,910.8654737749407,794.6352953980745,934.8647803229254,741.9410984578507,808.2881192262931,579.1406232796463,596.9064408847748,548.7936506240145,812.156803995991,874.2359584790689,947.4946739905339,906.064616806288,877.0183574112602,914.8875873150563,773.8643333131749,884.9385633659952,905.8215974266849,818.2723331993557,877.1267719504539,824.0664328573807,871.6925871053319,890.0774932355512,745.675538071641,738.026267630155,571.9580631081118,634.7154682374104,463.7129812931669,468.4729304783781,704.1335376676966,694.4025805461456,733.7642023614112,817.1076823643276,721.2344623141819,732.4759458126449,481.25285357316335,465.25694391568504,671.0251712252915,682.7072958556788,481.1457182940315,424.3772770334237,395.8916493480404,423.8293679502212,628.6211727415931,558.875301747322,234.79036482616706,214.40184162582423,685.697422281901,676.1834396103682,706.5002843439579,698.2678669718056,722.1117045569966,672.988727243139,38.02622897952403,1.6663057700351434,29.52438179644641,35.14446138919444,97.0888297126112,97.07172670978451,246.74444511201648,389.3961987705792,669.1523936878551,735.1835748845881,746.6474412751678,766.5797231167178,693.9177305932138,276.59060063696745,356.07028771891737,730.6371438914332
801.0134295719151,818.9269407996626,820.2371473550513,830.2358701257592,488.1418465636497,513.1180879558835,816.8100509318346,790.8464299693006,619.8465511750202,596.2577183363868,761.0542057316478,698.9424844469343,801.1993864919882,610.8413913853256,640.3167604318825,536.9332440662621,735.076635062412,756.0848858697074,787.8424466304853,818.2537243652343,425.4692333009508,444.4793176015218,786.7741179528174,803.3583932906862,537.5665602459334,582.1201804653629,521.519790396506,481.4641767607795,796.0488173286869,800.5573099018615,825.2459915441478,839.2496337890625,822.2681354587361,807.2757653808594,763.1017047384511,713.1534920198371,636.4609604217933,679.878311863652,485.78262660226653,523.6223086810737,608.0045005923412,632.8873829841614,759.4005276286413,791.2972270368965,833.42233760244,846.9432115164417,719.6087904764601,653.0691091197353,909.9427934877334,794.2064203279109,935.3840353240378,741.8505214704594,807.3354559586187,580.486747468219,598.8526982295576,548.3132055379365,812.1037754088085,875.7321198869635,951.565215767846,912.8328083711091,879.2069823688009,916.030331599288,774.4921573557256,881.6595978295362,907.7297308622901,818.1555568334052,878.8354804221163,824.7265989498568,872.739385276843,893.3543229076744,743.4689929034259,736.7859435785012,570.891591343311,632.4728558693097,464.6118643940359,468.69821553834726,705.0267660422403,695.7405439827946,735.2048158036902,817.6784613473075,721.4001922899736,732.3250496578994,490.1744981106122,464.62686745762824,672.3626389669952,683.5505304257301,490.95011143403894,424.36157955503637,397.0983298122883,424.09670211873834,626.7677630516503,559.3473583885034,230.4712154980473,209.32936713792444,698.911289469401,679.261557886156,706.4952791929245,696.2386660683749,720.5327794606449,670.2607945766309,35.08624636048549,1.2630028705630036,28.237744165582352,33.568832542829064,94.82497519032226,95.6250119175842,233.00495280159845,373.2398989397813,675.6683294122869,736.8460571289063,747.4287172867947,766.2029573464696,689.6204187729779,271.1305841019279,348.1534181815205,708.2971465012123
799.2299781943437,816.8702856603295,822.2321499020535,830.7128704420599,488.6561885212743,515.269133908408,817.6602908733657,791.6731166109125,621.0975644637127,599.3741129421797,760.2693329787836,700.9794127994113,800.6719416361526,611.9526722585624,641.0087910006888,537.0097388818897,734.6134972594925,756.5447720657552,784.4813214298409,818.6686545410156,420.5248858133952,446.2163330078125,788.9792769516014,805.8758573229351,537.5393164420003,581.3811383928571,523.4459163602545,484.4273890654246,796.6840086163215,799.3045893916377,827.3577400267593,840.6481626383463,824.8198286153503,809.0939023166233,764.0825810971468,711.0092552828502,631.2465672429963,679.784090395327,485.42708176374435,523.6333064675778,602.5028436379355,629.0033988952637,756.9571688317117,791.2754244691388,835.8870597988118,849.1313894171464,718.8122578810069,653.2182022135157,909.7298944042575,795.401489011703,936.416730136945,743.5534052513015,809.4446046085101,584.2496039773904,600.1799803127404,549.8775844979793,812.1247451966068,873.6032541283855,946.7963089747254,906.6669086112761,877.4585974121094,917.07285365009,776.179167301283,884.6938384118885,909.9754044262331,821.3354961089693,875.2521296533306,822.2493996082991,870.444540570496,887.4038021867447,747.2209405297632,736.9861887947458,570.9236173017309,633.867903936477,465.54888119904894,469.53777904241855,704.5337369324731,695.7490669978605,737.6982227081949,819.9053649902344,722.9685739685292,733.0617946448906,484.4225565671921,463.404655102094,672.9918350215526,684.4022497852304,489.1625297546387,425.1490737783995,397.940864516655,425.5326959231471,627.9575780079604,559.0558972276887,229.33163459050573,207.99952807330098,679.6237447102865,675.992604401152,708.5758877694607,696.0125299168927,721.4967928296737,671.3230294318537,32.573074510247494,0.9361557982034153,27.617124920649704,32.85167507554912,92.67022221674922,93.0692052203481,227.23323122660318,371.66134492088764,682.0611183860085,739.6182361949574,744.4476705461541,768.9700680503362,694.2429749731924,270.9585916745576,345.514301220576,720.2939768824084
799.8650666183958,817.1597655547989,821.2616032295363,830.5756871728784,485.13740336839544,511.7201941183635,817.1570737144425,790.2563145998691,615.4643710389429,592.9493402418543,761.5327217598272,699.4475938342866,796.9227716305244,611.4868500905964,634.7112829341224,533.1879871216956,732.1986945274317,756.823206217186,785.5373846178311,817.287552734375,419.4011700948079,441.26213652292887,789.5194072283019,805.9745586637466,537.1112273151338,583.9633533352024,521.3649051307973,478.06654943360223,793.8448008411335,798.3035924840857,827.7597315029835,842.0557517496745,825.5132790258375,810.0922437879774,766.8246396272078,714.9596715720303,632.7036161716815,676.4953373096607,483.9086861929723,522.1964449221722,608.9825109262936,626.6697587966919,753.0271397994625,790.2019330065398,833.7211311321737,845.3619903207523,718.1935729118418,651.775900293897,911.3047895170027,794.159424980365,934.1005693629595,742.484420903012,807.2845690261088,578.5086134970188,595.7660938486537,547.5744149774655,811.7578231627682,873.8888118267059,947.0477655464321,906.187292446115,876.9474719238282,916.1094581054638,773.2703363727721,884.4191199658829,912.0123211305532,821.1433903179119,876.0610708515296,823.3081967444347,870.6258890431398,888.8080471312802,742.7947018597577,734.4070036841221,568.4937394168398,632.5952952991832,464.400073065274,468.1887722821303,701.9933045184026,693.6044264670725,734.6383835812833,817.6816907610212,719.8549237013776,732.1841118559653,479.6242362630367,464.7110235786438,671.9903716595687,683.9614375791772,482.63875952327953,425.7021322697939,394.82496721545857,422.6960343626884,627.6190963473728,556.9211385170619,233.85747241280558,214.12826545160334,681.6356140136719,673.0594751390361,705.8358965814114,697.137012360862,720.6418950903507,671.4314896273438,37.28125268431675,1.630533284680159,29.122195712120135,34.93952307062074,96.36143709752947,96.45980849502588,243.00436364279852,384.6622948786792,671.3983653675426,736.1736960671165,743.5403276481884,766.1033506755588,693.7642774394914,277.0654633881753,352.75609257726956,715.469535038389
799.8878275613436,819.0202460626159,822.5642016679581,832.2839221498406,488.23849071680115,512.4623307841165,818.1505357851255,791.0840009778611,618.8375183222245,597.3323997904042,758.8961140702411,697.5379152025495,797.4638150772959,608.764999204319,637.4975759342535,537.5833063269075,732.3552280082522,753.1725383058339,787.1691870561505,819.5146640625,420.63627841737537,445.57293097178143,790.3040397666061,807.1519919652787,538.5429331994181,581.8211198534284,522.6454071550738,482.6412678029802,792.5757228923294,796.0554435824171,827.2176763579602,842.5198689778646,823.2992794230832,808.1223928493923,765.2568927267323,715.0073109822101,634.2079415342356,678.7088138439037,485.85263551345895,522.7801536960102,603.5448263199603,628.417652130127,756.2031779586086,788.4586437641162,834.3200229044412,846.1842090985929,716.9624045427181,651.441029433187,910.0838523249472,793.2963707328192,933.5243695822462,739.7549151669086,803.4834392616033,578.278478346619,596.7798196471182,547.8374409699011,812.4255545241157,876.1062071941517,949.7811387064132,910.1805421639563,878.0551058296535,914.7560916394477,774.147352399447,881.6121573781771,911.2366055161206,819.9821973561625,879.4678088198887,825.6679038736187,874.2019003120957,893.7593454603332,744.672929712244,735.3598396426341,566.8714945381935,631.5291322650331,461.89102836277175,465.85889703455103,703.0649994396773,691.8942250611871,729.9282434341756,815.6080910818918,720.8914309096062,731.358523628659,487.6505295785268,463.1182707754771,671.9118871150038,683.7050657782912,490.3523819867302,425.2975894948636,396.01512026352185,422.2810643029014,625.6526989308494,558.1874252494176,228.1860119845649,208.92379333852404,698.6487060546875,677.2378410727291,707.2301751375198,697.8478536821599,720.1227081920051,669.229009535027,34.26739064154313,1.2421411946967795,27.809019185239553,33.2584262622381,94.07127486716655,95.20182111789222,228.07800245285034,373.00663499797093,665.3200517134233,745.9586969549006,743.0054786221293,764.5947169050386,689.9226193895527,271.5993813882794,346.3593461450302,696.8268895642511
797.3395342235723,815.372936990526,823.0362962593505,831.5564874443875,490.8210788283237,515.390909246036,817.8715045535453,790.607980460309,621.3877165268879,601.1824065505481,758.3388702578661,697.4273814155941,796.1293319780667,610.016347535226,640.6049839916514,540.7976280714087,734.0809859144745,755.5135492684437,783.5702653205258,816.9789476318359,423.8666068183051,449.7532306671143,792.2286572862325,809.1506075177874,540.3295553117522,583.1566044314877,524.4209958492721,485.4357040193346,794.5084231394642,798.6981404622396,829.7835129465018,843.7387565104167,824.3024329492602,807.2891807725695,767.5536185886549,711.3379329083914,631.7624863275872,681.9355673613371,486.5560955788408,523.4035736398304,602.6345409956135,630.8504605293274,757.2676068449778,790.3122439271466,836.9064833261176,848.0363265366582,719.3234683028923,653.2131351315892,908.9915341715658,794.3611976086569,934.0652386286084,741.6622720577827,806.2640344765155,581.0184822211079,599.1801096372452,549.0913290641897,811.2180999388178,872.6838353872299,943.1317020029022,902.6685083400017,873.66504129161,910.806265548595,775.0768221700592,881.9614019943363,911.0892698373367,821.8091673580712,876.4466111858239,825.2884814655499,870.6485030544791,888.3664557525466,747.7660081193254,736.1814757800493,570.0166739367564,632.2107425045657,464.8098936219146,468.7396227339624,703.6484481311235,694.3313187088709,737.2849134079953,816.3945770263672,724.4341181027935,734.1448669636118,487.89559464943284,463.8177014748255,673.4613334412091,686.1748420692917,491.2723321353688,426.555482221532,396.6818090329568,423.2691732088062,627.4054215734884,558.8889687133332,229.2593270810321,208.52512888407608,687.3866231282552,675.5722470041048,708.692585259676,696.8841110160448,720.6906715761918,670.084192443885,32.88563294814115,1.074400874806775,27.697173761196037,32.914014706175244,93.05003158091368,93.41603586518316,228.23505443996854,368.9635398387909,690.4039806019176,741.8330033735796,743.5926857762689,768.24553786652,692.138552198223,272.5274776286331,341.6261883594773,706.1430727202317
797.7822440191312,815.7106878889931,821.7523644999574,831.2713240893239,487.6024426881657,511.3904052461897,817.3245255127994,790.1796810653362,617.6678294551616,595.6026179985922,758.5594010391856,697.8232780093239,794.4543776863844,609.5489008600413,636.3805716903648,535.487277848549,732.6975382583402,757.1888212888343,786.3327375974692,816.011341796875,419.1709740956624,442.766180229187,793.6127513951553,809.2731388069335,538.9329350556378,584.2233746287587,522.9738103539904,479.39921100934345,794.4827911089052,797.7888614607446,830.7215108395874,844.008729654948,824.4454828036033,809.5611644151476,769.9513793945313,715.4269865104951,632.132463026677,677.1840465686939,482.536932268313,521.5141199661998,604.8340789294633,628.1331677436829,753.1138671239218,790.670421365313,836.1627882489919,846.1047301710697,717.8065319888848,651.0694467287797,911.8687267257321,793.7038194874515,933.1800388645481,739.7353620721061,804.3772276121405,576.6916484645768,594.8429599748412,546.1938677021408,810.7920680970509,872.6092307655899,942.4674099948958,902.4916628252498,873.0536881156589,911.2953311069883,773.6386979129336,882.2517618662046,913.5599087387768,822.9633509142454,876.6412552265639,824.9530435132383,868.7375683632625,888.2024586714434,746.2468403996648,735.3742394369157,568.2361857562984,632.4661784646831,463.9812341220137,468.27755393444653,702.6342944786197,693.0986960003485,732.4583506482712,816.6813583374023,720.159945345473,732.5666099128143,480.03453201095266,465.9451455148061,672.5453181397022,685.8463207735748,482.63676053215477,426.01747709405123,393.33249579695985,421.8626212828634,628.7210948150929,557.5862930595874,235.41717727691326,214.97465295921188,677.1657511393229,672.1094587940281,704.6754602491856,696.5372033788068,719.6676702717789,670.9384206058344,37.15568845140699,1.718336937824885,29.488607006621535,35.094702070893256,96.55622916040122,96.41469877126116,241.54420593049792,380.82230008700316,669.5628273703835,736.2331087979403,744.8710407026662,766.068802845629,691.7500706092984,275.8968983700401,351.99719222386676,708.8725838496767
799.1130346548177,818.0232223790101,822.8143837210965,832.6009311372065,488.3676806205927,513.5745594160898,818.2028720657336,790.7507954958652,620.2386912131797,597.326066165674,758.7550685541416,695.806553462195,796.2161263519863,608.6275171138014,637.8955212208762,536.5663902197523,730.2673650804854,751.6164352988137,787.7651150875165,817.8752164306641,420.49530537923175,445.3548018137614,792.1821366347276,808.2072024648152,537.6353146018782,582.7017942365709,521.7727637106542,481.08275085025366,790.6538952521558,794.5763478973765,828.4902543996576,842.0362284342448,824.5793777724443,808.1468048773871,768.6819171407948,712.6871543792357,629.8951225112713,675.8021608988444,486.54018607735634,520.1750129385388,601.4543101826653,624.8080430030823,756.9314248542937,789.3173397841612,833.9512538936477,845.9136859380711,714.4562560507088,649.673925696553,910.6590679837811,792.8326417693644,931.7036508488993,737.5600272774457,803.0829559634085,572.2240458481452,593.768478268205,544.9175838635908,812.0345872793375,874.9861381981108,947.7364860518189,907.653389506671,874.7467706564198,912.3388423703635,772.2296346028646,881.1460914690308,912.6730496990147,820.1794780440417,878.4209508188654,825.7944520942359,873.5401498102078,892.2001202830952,746.2921794169658,736.9526494760983,565.5443190828375,632.0529063831676,464.1252063253651,467.8025207519531,702.1505736053967,691.531305969998,730.6717451379654,816.5676716395786,719.9828646721968,730.6647402415289,479.73501379648843,462.79264899253843,672.1670458192867,682.7613839057096,487.12434436573704,424.1029577668393,394.3429126031697,421.8097170899679,625.0610764866302,558.3206778812408,229.81406717223797,211.00550206963504,687.2325032552084,671.2812194824219,707.7707544863224,696.6970939118398,718.2103372918438,668.2280617226598,35.293980727486904,1.4672857221629885,28.39794315643127,33.8856622345215,95.16306224977377,96.760220250255,234.76785845226712,377.76295448927317,684.051064231179,735.8229969371449,740.9548139124108,762.7586051844344,688.8927648207721,270.6938506134769,348.6471498897581,695.8441814554149
798.2191215343993,816.3613885960946,823.5322610671399,832.1394681360617,489.0659873784975,515.3972142423902,818.2166358837183,791.284723468537,619.8939152347798,601.0338595343418,757.9561153815044,696.4845604851132,797.6089319716596,610.2657540113428,639.949919060095,539.9599437737287,734.0232211289248,752.597863693174,784.7078932254251,818.1068293457031,423.9690588845147,448.4402608235677,792.5000339414478,808.5151762205456,539.53806705375,583.6974483322311,525.1364683709751,486.13417010837134,794.8072886916826,797.4924370659722,831.1144888169497,842.8407413736979,823.0518079854675,807.6874663628472,766.2444808296535,711.7417694459479,633.0576339923338,680.6787957085503,486.03578120523264,523.2023937068182,604.0216069456006,631.6376180648804,761.1390389565911,792.5188919718231,836.1162011447391,848.3531093485872,718.9955807264187,653.5194695308492,909.4660716333697,793.7786468103135,933.625099938195,740.0415623214403,802.5518971130987,580.0801982190095,597.5883076182479,547.2843554804251,811.2621262081351,871.8837875348551,942.9914797624295,901.6500166844695,872.4452584706182,909.8060766146021,773.8908093187058,881.812033537484,907.958416611401,820.0206410336556,875.293116108755,824.7307629048079,869.7835895514032,886.059690528153,747.0545802073435,737.5511869837026,568.9967815154189,633.1200212751116,464.24174610082656,466.08211850448396,704.6702870853612,694.2316328499821,736.5040529940991,819.9863204956055,723.9669289716816,733.2551780076317,491.73501593530176,463.1447553539276,673.3526400150181,685.0340933425163,492.5215647080365,425.14163241984613,396.2084858904903,421.7185777303573,626.2072290738455,559.8382916074495,227.400586555229,207.2386654081269,691.2123453776042,675.361786923166,708.1587380617857,695.7717092522669,720.5437310196971,669.5948769445815,32.09352988512623,0.8757882394172527,27.279799510067555,32.64032445068421,93.2722255370615,93.39152314762275,224.80033837424384,370.34900635831497,687.4329057173295,741.5259643554688,740.0972900390625,765.748661862144,691.9431499406403,271.81140854065876,340.8916056950887,693.9156262627963
797.2127323893758,815.6278296501348,821.5268302627182,830.9426700166497,487.66864439498545,513.1377755233219,818.2819049571787,790.3995849609375,617.4508117364377,596.8603349591865,760.9706532548114,699.7636765979585,797.5336793928981,611.006806779668,637.9761432438941,537.370055234166,733.9620331678345,758.733657132005,785.3257287854892,815.5677325439453,420.90041044023303,443.72037375768025,792.4749500720532,809.123813651857,539.9771589508856,585.0509886060443,522.5211714012188,480.113716284434,796.2352123620375,800.5700992537134,832.2851032247067,846.7512847900391,825.9302470320362,810.0880615234375,768.3124532948369,713.6463078878012,633.4807005222674,677.6440864845558,482.7261270029204,521.2770160575038,606.922432821305,629.301203250885,755.963151405728,793.5541653746112,836.8477770425483,848.8301031993843,719.0835592924071,650.705817557715,911.8632051437132,794.3562899726577,933.9205165946499,740.7559754721356,808.6038228193206,575.3473323934219,595.8592876261547,545.9276858796464,810.8906893777169,871.7345556329798,941.9404234257939,899.1865918443976,873.3991300101902,911.2257280025667,776.7511680673022,884.8295393166719,911.3052743940211,821.2623543160214,874.3525524010819,823.3073513365256,868.2688785723061,888.3553488715578,748.4670566180805,737.9066461031554,571.3530809594951,634.3532379282501,465.91443423948425,469.4692851321798,703.903690900959,694.9109384370543,738.2256365836935,816.7486746651786,722.5439547250097,734.545909119739,481.60650111883876,465.64644859790803,673.5399397030801,686.203167803154,484.9866479312672,426.3600580304969,394.42411234167713,422.32804776978577,629.7425174834444,558.3983892464638,234.2720514235811,214.48579318849164,675.3264078776042,673.7211624404131,704.3219561576843,697.5491251190324,720.1324884739844,671.9192700794099,36.79942711785828,1.5472442747473165,29.143454093844735,34.5924929404255,95.79872044909445,95.78005733212797,236.43172385957507,380.74765810896366,673.5512195933949,736.4008078835227,741.344015031853,764.8234932814972,694.5150337967218,273.7983897004211,350.55859294082177,678.9500585095636
801.0761158615527,819.5941282462592,823.1308160253427,833.2373586099936,488.1779020974802,513.5070741006306,818.5534725075386,792.6692986865754,619.7978108172514,598.0583362813856,760.7331799142729,699.349971183898,797.4297238803033,610.1190613928111,637.6355820105443,536.3521142159739,733.5074361647474,754.8534478254096,789.1151964326472,821.2560458984375,422.18884531656903,445.88731956481934,793.0779725222017,809.6041071906923,537.8664261683119,584.8483405060821,523.304750305513,480.7209773858388,793.3242073778836,797.9091405044368,831.1035478246494,843.7185595703126,827.269788968361,810.2698098415799,766.1635036302649,713.7199096679688,632.5969156945855,677.8957374007614,482.10609587862353,520.9242045798998,602.805546494781,626.7218055725098,758.1370384976977,792.4681410224517,834.8777484017162,847.5903042798851,716.6031421590443,653.2094650435281,911.6699015771189,794.7240231981026,933.9879492682379,740.0821965592248,806.6519717913573,577.4913923015781,594.0092163289207,546.5865362950901,813.5381973450443,876.7720480406725,950.2720308901166,909.7143025210382,878.1904721998131,916.8689562271328,774.442142498238,885.5911480347806,910.6496074164091,820.9407861826879,879.9138213361247,825.3886380520584,875.183083844033,894.6825067509603,748.2952786694776,738.6530622888783,569.3413153132168,634.066510089032,464.8748414412789,469.4635654503191,704.4618912993884,692.9638317313926,735.5318343791556,814.5131007603237,720.3613321881642,731.8199308524474,481.4775680565834,463.26180042584735,671.5317220135407,683.3788184066783,477.5286864336799,424.11170129913717,393.8791498467326,422.56569446383554,626.751983107319,558.0381385866305,229.72179159588887,209.6882876869351,686.8227132161459,677.9304540601827,707.4571753144264,695.2769890694597,718.7468053026661,669.4994967490944,35.00020389670604,1.3749899999962913,28.049067823094934,33.41739917902752,95.05346037239119,95.75505112268792,237.03508705563016,382.78155063530977,683.024247602983,740.2421597567471,739.1583094244835,764.4300965900662,690.3661415249694,270.98401908288923,346.2075373259458,740.102696912042
799.0603824917231,817.131498552332,823.4108389674129,832.8634388076357,488.31079525614894,515.4175484521048,818.7019937292491,792.5621834710304,621.0982048073594,601.6836827856596,758.647836328522,696.1350234743148,796.6523200373707,609.6988108718489,639.7960734750463,540.336180921228,732.4876168779853,753.0096863638919,785.9313439847866,820.0174489746094,423.57136800554065,446.9786343256632,793.012630091085,809.8763372935946,539.9158576545915,584.4786539811355,523.5125600066633,484.163654088974,793.3388421400538,796.881493989921,830.5510531047511,844.090786336263,824.1448069426973,808.3740657552083,766.3274058466372,715.6272244740682,632.3073779538864,680.8573929115578,485.7537554545062,522.7037233288369,602.9157559754418,629.7646088600159,761.1558052724789,792.0201251133923,834.8647432891771,847.612155311986,722.0947986654014,654.5208206810318,909.4648796635289,793.759469678325,933.6927678367192,740.5737015469454,803.4988699600835,582.5476225287307,598.0131340321174,549.1041540998093,811.7797346835852,873.3459353623567,943.4295724493896,901.7995612446855,873.6760118036685,912.087818989476,774.9241864032338,882.7355448679668,906.5743387706244,819.9825883580116,875.7499303796318,824.1206265042986,872.7081998108299,887.5760017521474,750.0134491104263,739.965944008749,570.9279239199577,633.9473998494994,465.7745414402174,469.2795642261774,704.8638265641009,694.0379420870073,734.1132344996676,821.5484640938895,723.3755354607242,732.3835363426755,493.28608829351765,462.5671805858612,673.0029851308478,684.2615023533277,491.7717867682962,426.4729711105677,396.5696966660519,423.1098003634679,627.3115557435164,560.6526579082013,228.2162571243459,207.00683722296876,699.1655558268229,677.4329052941274,708.4847347736359,697.9328056611627,721.1884108293451,669.415397298948,32.378197333922515,0.9768616104429518,27.53015776255176,32.927516786137,93.98093446186121,93.83655434666622,226.14521153767905,371.87418899816623,695.750810102983,739.7376154119319,739.3507524528759,766.817952989023,691.7974123487286,272.37316672007245,342.46566010514897,689.0467634529903
797.6125924832143,815.7895284397433,820.6691456680207,830.7883628374077,484.8882926319921,510.15881752967834,817.3764734942996,790.3112675703333,615.9525857263682,595.289336782987,761.8649026824207,699.1145134214371,797.2464145509906,611.29024077234,636.9416061349176,537.8925238247249,735.3179430487031,760.6621586555658,786.4642158011367,816.8014722900391,417.5437553193834,440.25757325490315,791.3871287446345,808.4184111716255,538.6973786179308,586.1584068969056,521.4438969944064,478.4772578875224,796.9351845507351,800.9904058762538,830.5117081769808,846.132123413086,825.6103648816124,808.9844411892361,766.2021622367528,714.0906302210797,635.8351867944658,678.2922432510941,483.33140384725164,520.3833193832569,608.6354745333311,628.6499300003052,757.1989126583886,794.0005808464159,837.4446742846774,847.7563117847108,720.1201900421096,653.734882111316,910.6882307821704,793.6710053049574,933.4376336371423,740.4650277434221,808.9537329566853,573.2025949405689,596.1887470502836,546.0522414884864,810.8227087148309,872.6130257270954,941.5461341413,900.5799957261077,872.5246053413723,910.280765996396,776.816968632036,883.3984185854594,910.112802306218,819.6352910810663,874.7610575472371,822.6617122485674,867.5498938590857,888.558559523103,747.8402099609375,739.2754132630395,573.379636152075,636.4274229900145,463.9074129850968,470.23835775885783,703.7835838442943,696.3771682675944,734.0285352341672,817.8216596330915,722.366377702618,734.3178847942563,485.32772065723935,465.4869179344177,673.4983260738692,685.4835173836914,488.5763252258301,426.3883852545535,393.80357711886364,422.225746477318,630.066971240951,558.144175059994,233.8010197313744,214.30238582824603,679.8509887695312,672.1455714338916,704.9856351017952,697.7847093608045,720.4687434092126,673.724351845627,37.40170836517293,1.667929603656133,29.132602962415685,34.747775265569466,96.16959834874109,95.48264913998985,239.35723802778455,379.3692076136084,665.1864679509944,737.4842573686079,745.2169957512978,766.7090446375594,692.3462404737286,275.7591952838396,351.95269085421705,686.0581159920528
801.9735595225725,819.6011970302071,822.0721753287116,832.366159021142,485.2316430025322,512.794280733381,818.3971835475444,791.3032354476604,620.1149869743658,598.6436227266905,759.8811358940311,697.9659383501325,797.4801382912166,609.2353108894487,640.1015302031788,536.3018424457711,733.194428647299,755.44734226588,789.2555191215428,820.0058414306641,418.8472265667385,444.92682819366456,790.6454586067586,807.7052892049154,535.0851098005684,580.7403862502549,521.902738961067,480.87283205986023,793.6858746510632,798.060720184703,828.5303645897412,841.3988293457031,825.037846322787,808.4008928765192,765.3939978558084,714.5452344044145,629.2629190184472,676.81093399613,480.20299040100406,520.0402476992947,599.8052383172708,622.7462859153748,757.5027404664055,792.2497504356348,834.4661328116001,847.5190488581072,716.7614287325173,653.0116358403559,909.7164377212524,794.6793176197936,931.8699294081679,738.7039342319941,808.1441171415183,579.7913291600405,594.7975428565993,547.3657211562811,813.8338458592895,876.391574718334,948.6375267078243,907.8234960115873,876.2146986455502,910.8051617168686,773.9788723166929,883.2392172835491,910.7795619679921,819.1199262832179,877.3061063959358,823.3952869579756,874.076868531051,892.5372193057234,746.4923415312896,739.4543160610511,569.9438809736059,632.4619867234003,464.3138865595279,467.1740782831756,700.8530009535492,692.1213234549241,734.3442811357214,817.849723815918,720.5779304650551,732.4821854410744,483.22127436002097,463.64468890388804,671.4013431382074,683.562678795368,481.23312997257005,423.54399822248877,394.0625744909048,422.2511732774355,625.6998708581833,557.517161287864,229.84435672005984,209.21045003450612,684.8673502604166,674.2502167265294,706.7251702547073,695.3628810692696,719.1733371938458,668.759938452238,34.76362924687074,1.4411519178637753,28.01411484864781,33.481624038291294,94.66359882614624,95.73210795183655,235.26644791497125,379.5881142668864,684.2092562588779,740.6333063299006,740.9285718674628,765.2073082259939,690.0556724398743,270.21214370978504,346.1244514855471,756.1706479828933
799.4249757453712,817.625747383845,822.6692573964667,831.768373405791,483.7691052725149,511.88490232399533,819.0918478677137,791.8060129823076,618.9941353311344,599.023154204009,761.4796957310622,697.6739284273178,797.2607799549659,609.8955058025928,639.143293188579,538.7513349424521,733.6506636199229,755.3705989823388,787.7150370279948,820.9967456054687,417.95483281877307,442.9520501454671,790.4144050080711,808.0755698113214,536.5436264557364,582.6911711640411,522.3499170798623,481.95004977120294,794.6927769499005,797.6325406298225,828.5760483629122,842.7044317626953,822.2254765397412,808.772991265191,764.1995918605638,714.3589573136295,631.057953418614,678.5559897246184,485.1895686686039,522.8326856491717,601.8347643242507,626.5439229011536,760.2235342566929,792.3882439057409,834.7674784075915,847.6060779415376,719.6232920008257,653.118082815117,909.7497883304472,794.4917530160495,932.7084091756028,740.6057011690178,801.857430239964,578.2202238721006,597.3937597630503,548.3248457479399,811.6850716631619,873.0422433438124,943.1941306524092,900.4673359926378,871.6779836107337,908.4833107991898,774.4989009938838,882.3952129040049,906.5985884025915,818.1566840979712,873.6946522016203,822.0854382932766,872.1130722434657,888.1212787101282,750.5191914326435,739.7194337688509,571.8654565373691,634.8436625426982,465.2900892617046,468.780165551414,704.1463553006532,694.3254790879879,731.55705358627,821.981183733259,722.3055186070702,732.8278973487036,490.4665013607343,463.8573343890409,672.2139133606976,682.9259100861473,489.99890791949105,426.47006826180734,394.9254081229058,420.7357115890471,626.9915141042587,559.1596158059438,228.01963010307884,207.50999160192652,697.5442749023438,679.1413175938493,708.7179543077946,700.0349044799805,721.4364728272416,669.9900270476027,32.85700135116809,1.0293306876318875,27.590788116055446,32.883632777524426,94.31490818315773,94.1014289742596,226.2806551721361,370.5948427003973,690.8429177024148,741.946299050071,738.9948386377936,766.1246278014364,693.2032195446538,272.4195416015491,345.3299609792955,699.807932886584
799.7643698339901,817.5403728641645,820.8475543417914,830.9355047081572,484.3550393747729,511.87690450463975,818.4992806385037,790.517583235071,617.8580462397362,597.9916112071178,763.7105043612845,700.2242945413741,799.2765971685969,611.3147353377902,639.9105801742468,539.1433469701198,736.9945554326496,762.5037802739001,788.8489005136307,817.7524635009765,419.0606477525499,440.69585908253987,789.9562659270491,807.533275899433,539.2995213114154,585.1942025278951,521.4137791164673,479.245126247406,797.9896594353442,803.0673596040702,831.6913450546465,845.3554583740234,823.5799949775308,808.9168037923178,766.3487819505774,715.0159298080996,635.4481141346666,678.3241659093786,483.7951658410685,522.1343287207214,608.0582400462666,627.9011545181274,758.7234819720662,794.6259733805724,836.9775516462194,848.0120879056161,719.7746993805752,654.351743854426,911.2878055172582,794.4146087400375,934.0175648300191,740.5178205640743,808.4422560892832,574.9521906142141,596.1787136392949,546.6761434729868,811.7895717892433,873.090775264634,944.1416204464873,900.6806373954043,872.9723464037024,910.1430008496282,776.680604053929,883.8773923126267,910.7553918183739,818.9208084957852,874.494939825508,822.530111676297,867.5651779174805,888.0344740725354,749.2890690983953,739.0744760231894,573.5123202822624,635.9786514348282,464.4825289076653,470.2875185684419,704.5449393850859,696.9951820215249,736.80389858814,818.621203831264,724.4146595805084,735.8603751481568,487.1907880663872,466.40693586031597,674.6610524332996,685.6188668475645,491.7781844643986,425.64561370822065,393.7350506214425,421.5418113693151,629.6434097029838,558.9712015020847,233.58239244122524,214.20281854601694,681.3999593098958,673.8400397866459,705.964163929224,698.4911899825566,722.4659461586833,673.6832661477162,37.38838784580462,1.5846324491969965,29.137392940663137,34.82194035094968,95.93027365416447,95.5955354276724,239.08444468180338,379.967061365352,669.6438210227273,738.6598122336648,744.0005984722368,767.7655940961234,692.962204877068,274.00258600188977,352.3496741237062,674.4792038490033
802.4003997676629,819.7541408683314,822.5843538381823,832.5109413876477,484.87694888447606,510.66896522045135,820.6507167832423,791.9287330432649,621.8420633004636,598.4707611037082,763.9009367779987,699.9738540467762,800.8857887228808,611.0111288319715,641.2243328236822,537.9611952227931,734.5755263776011,757.1690959138332,791.0513217969873,818.6686674804688,415.5717656877306,441.1355991999308,793.2585848771132,808.6019701957703,537.0612756319695,583.5044212970105,520.9736944799265,478.6855713791317,794.7283640447653,798.6773544499904,831.3155383012427,842.8452091471354,825.1888242818542,808.932440592448,765.5964525305707,713.5703176475433,631.1023940031749,677.2076418841326,480.58801579688276,520.1381214513315,602.9381558777856,624.3343210220337,756.2159407233435,792.1845879577347,835.1560258148108,848.6315824274432,718.0647306769224,653.1926553299377,911.4443684301069,795.5287646408304,933.2002630049658,739.6647132804217,804.9311436195544,578.3784292702582,594.174840066615,544.5179858917886,813.4774532923955,876.6395819849438,949.1511385693149,907.681551874243,877.7448536217731,911.9415632544212,775.1353296869028,883.9664188533899,913.6410044200385,820.9813199893449,877.8517005277483,824.2744763895599,873.0675518254566,892.4610086514805,747.8609353830149,739.3607694281907,569.4969937385769,633.7705671302168,463.0037600752236,468.53875732421875,702.2126576157867,693.5115564116799,736.529713732131,819.3900680541992,721.0825813848853,733.5160372006959,480.0419589527448,463.87760350147886,673.6312841404903,684.7514994925583,478.8820485283347,424.59326375348473,393.0714216331641,421.9245860687456,627.2186432058096,558.4957416836421,230.31978323521022,209.72848294166403,678.1876322428385,674.0715099270061,706.4885596632957,696.347611440253,720.9540510007747,670.8494123071796,35.4859190923652,1.3818593451822245,28.256034339089574,33.9859856072306,94.92884968641386,95.44604226233818,237.64822896321616,376.5708299735013,654.5612571022727,741.3233431729403,743.035067974321,767.0111273270619,690.2365399528952,272.4736262748116,345.9312522095261,737.6094928609914
801.2525260637051,819.8164094840035,824.6343716633872,832.8948864119936,486.3303347299265,512.8830218655722,820.6933412803917,792.531643017708,621.5153337595414,600.6209677399182,760.0054640421054,697.0164542122493,797.617489247134,609.0593856548974,640.0218989955845,538.040769732028,732.7104589091658,755.0661173805446,788.1432707921755,820.6001037597656,417.89447657267254,444.2579757054647,791.7701779870588,808.0996710913522,536.5078217571319,582.7126155266395,521.5516940796573,482.08988467852276,793.168051665684,797.0422488365645,827.7307329152826,841.8336006673177,822.4781011807717,807.7810019259982,762.2074892790421,713.1376232468938,630.3529860710782,677.5226943404587,488.1954024859837,521.4199863819593,599.3758920137999,624.4224147796631,758.8567146919077,789.6215066051031,834.3238795288426,845.7447260806435,717.0736378795845,652.7304905227847,909.6022071838379,794.710010662806,932.0710610840158,740.679241962476,801.7312848311202,579.3992179077046,596.1224446231053,548.6122964478163,813.3768951649995,875.6034931032746,946.5748928061829,903.7019230375594,874.4223223611583,910.1414061642001,772.9406177392428,882.1433768193908,907.4788073639371,819.0566744976882,876.0481389185016,822.9912646695536,875.2750043929763,892.1895047182536,748.4927553056597,739.042736741363,570.3180966158526,635.3741910860136,464.3239757150844,465.6179757991307,702.0726716088467,691.9400194096862,735.3922989216256,820.4469778878348,722.2354851499828,732.3505058239178,485.48381552735964,461.44617192268373,672.6017578192219,683.5607451975968,490.3027369330911,424.85207922622186,395.93288599327207,421.4330638043218,626.678296985462,560.5236606768767,228.19794663390215,206.49232892634373,694.1144104003906,678.598061254469,710.109078809619,698.2794101076428,720.5024485309009,669.4614090767933,32.99919043973971,0.9644719439248244,27.60850280604464,32.69036765381035,94.01826354513447,94.11162996199984,227.7321089638604,369.9263043684118,676.9672130237926,741.7726551402699,738.8185602994573,767.3844917393938,692.1543339748008,271.3911881655977,343.45410336870134,691.7376645844558
797.453534280536,816.02055116423,820.9847381764162,830.1720346473603,484.9865440723508,511.21338411739896,817.6774014003848,789.841387614798,616.6178108526736,597.6947028206997,759.4261556175666,698.0315953088185,796.5100570076735,609.5496283431768,637.4552481524387,538.127735514203,737.1412054125167,758.4045654008555,787.1519936747935,816.4872550048829,417.9135871463352,438.7690368016561,789.3819543142167,807.404449349358,538.9324820004208,582.9385298005827,520.707987158338,479.7788013882107,796.5024496114479,801.0929704077449,829.5971118997088,844.0329697672526,822.2007963536149,807.7417243109809,763.5972688094429,713.2581316476845,633.2808866122746,676.6109507525408,484.4880914837122,521.2082812562863,608.6071372110335,628.3232469558716,755.4511331627293,790.124948582943,835.646248336622,844.9023425007424,718.6467290673374,652.1559452610416,910.0196796663346,794.3863561859579,932.299954683164,740.4189169229396,808.3763722988522,575.5061493106917,596.6048964166725,547.4519746486957,811.0835752455846,872.9577202841087,943.1153588840823,899.9746180994202,871.6872559655231,907.5387495744576,775.5846762000967,883.3546438743302,907.6216874763147,818.335784917962,873.7006712967091,822.3239137890939,868.339796029838,888.6793580450405,746.0222205084723,736.981309609335,572.7507223426749,635.5278134036374,463.6033358366593,469.82280333613005,702.9574943917696,693.9492040610412,737.6778032018783,817.3796931675503,723.9984644747328,733.9382944110349,489.5293405564626,465.86323908170067,673.6812300749287,685.173634017861,491.8703441844267,426.2371905590223,394.34068730225164,421.63754292722257,629.4411146901896,558.6939233136177,233.63054832157246,213.3692235749972,685.4794962565104,674.3865666793564,707.1331366598606,698.4280386532055,721.6584126227382,672.4166757215206,36.79529863729534,1.4875883676525619,28.944816072802112,34.60977176765113,96.07417995657693,96.07768660787774,237.1127692858378,382.38757611898814,682.4332552823154,738.5705610795454,743.3520432030595,766.2867454818532,693.8391807406556,274.8313021900361,349.6443024404121,677.4722500505119
800.9555518230271,819.5138926361547,822.5182152111947,832.4942935928406,484.3962745489076,510.14220970017567,819.4326478351616,791.7809050344914,618.0261109215872,597.2962772181777,760.7108246407857,699.6347396487281,797.49136279255,610.8012084058422,637.4257412621038,537.731699411094,737.4466275038877,760.0428142500082,789.6204438775892,820.0783748779297,417.25977330737646,440.3957671483358,791.0906887659951,808.234247722323,537.1179711856144,581.8708226759355,521.1974571185876,479.1609144740635,796.4590343259415,800.5619567117574,830.0194508309752,844.0916664632161,825.95956899352,810.0347580295139,766.0865589971128,713.2686068982963,630.0938455186752,676.4458561650029,481.05415934324265,520.8706198988782,600.1684085032979,625.5763492584229,754.8720039621232,790.8756319018902,836.2448636084214,848.5787395454987,717.6411026660815,651.3142407035285,911.4560309594677,795.1425379084702,934.6134538490953,740.5189219576492,806.5403801101205,579.1681504950803,596.2210026024502,546.0364565560549,814.4093729877785,877.5155596512335,951.1375944331191,910.4150179671526,877.4444988217562,913.4361087126254,776.9401330043781,884.8198809148782,912.8525461225368,821.3982088987063,879.2479176467724,825.9648654378008,873.4485786583773,894.2832105436378,744.7576916668866,736.4843591158507,570.1613216575132,633.7724030730012,464.2118216251981,467.75693436743506,703.5649649197939,694.8011439153267,739.9690876412899,820.1970836094448,722.6789322191728,734.3725492292347,481.99591360280914,464.3511370889346,672.7223699355441,685.337482242333,481.0649225122788,424.5799295893645,393.49592788983136,421.9066417373548,626.2831129854551,556.9377876029412,228.36373683158308,208.0169956766414,682.8273742675781,677.1920559123411,707.270619571209,697.9870106968945,719.4028622576299,670.1805226482214,34.03715660658322,1.2178253457502082,27.521535682873644,32.91229999317022,93.3645943160438,94.38520384012091,230.02008808983697,374.3301351385958,656.6887872869319,742.1082020152699,742.7644751631974,767.1929502849338,688.9133911132812,270.0895450980517,342.29361067215603,733.0625589304957
800.7943077357629,818.4177678173991,825.5357871265388,833.3263925119226,487.1705356154331,513.5183667625699,820.6153219341724,792.6333279613739,620.850951136375,601.7610077623461,759.8329362946797,696.6230746859596,796.2738303549294,608.6532227793928,640.9524549417828,538.7677400863496,732.4468293393393,753.777956904367,786.7215437615055,820.1371324462891,424.4716543621487,446.9789295832316,792.7765644425782,809.6127134429084,537.1439854786659,584.3721172207005,523.2499849519677,482.8278154532115,793.6771993097269,797.5047762647088,829.4089208087271,842.488672281901,824.1520349534892,809.754453938802,765.5615605893342,714.9744270048946,628.8730226760393,678.4189128169307,488.1843394791441,521.885369172257,596.0179753538038,624.344804763794,759.692779042418,790.8896957325145,835.3019636945804,847.7716293781124,717.5616849158421,651.2287210317759,909.8133505851991,794.858964399858,933.1986094981701,741.21733183832,802.5252934271979,579.8802354476031,596.6481485578561,549.1189077232161,813.1967636726772,875.3713377184338,945.7662724604102,902.8829698974151,874.932911164657,911.9461263144286,774.3109938128644,883.4376159621855,909.1023566402606,821.024154466252,875.8819714621212,824.3189680818391,873.8222329692476,890.7521586549875,749.8340287079682,738.8247176623735,570.3774090688163,634.8422706240699,466.0886099995046,468.47888226576254,702.836552354156,694.2058353661502,732.5581522190824,822.5747222900391,723.3622661897506,732.7887827685278,484.6651779810588,463.2857850646973,672.8345246508258,683.763181662401,490.78789304845475,425.0564493866173,396.2372085091968,422.66496241050055,627.2338758812037,559.1114217050001,227.78716520318346,206.97645487879558,689.0115214029948,681.6851444567665,710.8219638764858,698.9214784786172,720.0903526577937,668.8319912423132,32.68411431537549,1.029156203498995,27.40998039068,32.734084477225714,93.57003682959268,93.65674620273934,226.76464409298367,369.393700206981,702.7613636363636,740.5121937144886,736.6083548117005,765.7756625791139,691.2728163775275,270.8618721961975,343.5581359407215,678.1422918911638
798.4244551765595,817.3509462379446,820.136658091324,830.0989229194671,484.1769736090372,510.79167793478285,818.1466318766276,790.3664732912754,615.8599809724458,596.1523381217581,761.9653935316132,698.5834403446743,797.3796984769059,610.7652415847971,636.7229669532966,537.9299361818186,737.098876953125,758.9841293449022,787.4988492768387,817.4723791503907,421.6511391533746,439.50981117884317,791.1688549680283,807.4899506871662,540.1514878098253,585.5412264184638,520.975676541829,478.2702343198988,796.7389448633734,801.8224992163388,829.3532021189612,844.75122660319,822.8454490273685,809.5353177897135,767.594091796875,715.095111892884,636.6915186407283,679.3003083688242,484.89825907988205,521.7824267412393,609.3632007036052,630.1894097328186,759.9726311526601,793.6822760704005,835.7967643086956,847.4217612283271,719.7110108225799,654.72222577942,910.9818331610772,794.400799200332,933.8634793393247,739.6683535120137,806.9496317978932,572.0338954387927,596.0807020942983,546.824548804038,812.3816150610967,873.4334942411493,943.8413436593041,901.6877796681244,872.6265118673573,910.0648851961765,775.3915156093212,882.1104488569032,909.5682901410914,819.2429291219366,876.1776675749361,824.8365659607634,868.7904900228901,888.946365440748,746.9948221842448,738.5911855228612,572.5972266240951,635.6794771797213,466.9119003959324,470.01827573104646,704.4178984595127,695.6782896429671,736.3931423755403,819.2070127214704,722.8543171791281,735.2940394315272,492.11247567117215,466.0733473014832,673.7430805155884,685.1535513593487,491.42736686257757,426.57298005961337,394.8187580046554,420.87867156171967,629.401493620216,559.4939852825801,232.82282690883235,213.9498679250389,690.8949930826823,677.7587311308263,706.9854305833578,699.6846090808713,722.2932811183783,673.478609010468,36.847759741768975,1.459987368962417,29.146191015006618,34.58753671808975,96.79163831109578,95.89031880182685,237.6002835697598,382.81574809375934,676.5910810990767,734.9339011452415,743.8833505515285,764.653031361254,693.0268985523898,275.70264404280147,351.4442010901191,683.6251157563308
801.4088323428751,819.8590741253862,824.0541159077575,833.6894818112195,486.0158191148625,513.5697519438608,820.6094252382296,793.1518148803711,620.2541581465274,600.5418813111352,762.5550623327736,700.822477806939,802.6549954291683,612.6912272077823,641.5336822253555,538.9317659065682,736.0024826266754,758.1998680473562,790.2009928619268,820.0642564697266,418.03528594970703,443.6594669977824,792.2490824964999,808.6326095036098,537.6205367642548,581.90699164422,522.6677264218831,482.8031557665931,796.3312811221716,799.532832694348,831.3620329929462,844.6676283772787,826.6835698273222,810.3929086642795,769.1058068316916,714.7804054352174,631.3181036726494,679.1923654344347,483.2621646268027,520.426027176532,599.8154637070953,625.4468860626221,758.0658493586003,792.8717140089279,838.1027304475354,850.7473203424822,718.558862591578,653.6819365253815,912.6517160334895,795.6642235339212,935.371664550467,740.8077360322058,806.709325200239,580.9255892622705,595.8956173376757,546.5190441721589,814.3049045324586,877.4735063181984,950.9947103413856,910.8785466593157,879.2197419009001,914.274880677751,776.0640648891438,885.3791465001342,914.5013990259882,823.7165749136946,881.2474634792028,827.239638575924,873.2796881122954,894.7455651720585,748.6604524904543,739.1820242209512,571.595947265625,634.1490732168222,462.2470351509426,469.23576290506713,704.5817438344486,694.9905836176575,736.5589210023271,820.4261158534458,723.432905906005,734.4430946757121,483.1842171728611,463.17725371837616,673.2816092066828,685.684407705029,485.8511102564195,424.0072515432585,394.99502060748637,423.38397641517264,626.2272117939523,557.701176341176,226.95483280026733,206.80289515428305,683.0654357910156,672.6486614679886,706.9496737718582,696.9062909777887,720.049471440206,669.763982320473,32.50707866877661,1.1348989083259193,27.003909414828286,32.64312815859568,92.26783342580025,93.30680100151127,224.49705653720432,372.4837757839876,659.837119362571,743.2357244318182,744.1363830566406,767.19810196116,692.742649452359,268.28884443483855,340.06243282014674,726.8798680798761
800.1220955021125,817.7307078426073,823.964829067271,833.2005496917968,486.545784417973,514.4700230189732,820.5582782586009,792.3698060380651,621.7669381511455,601.1115084085308,760.5310241885302,697.6735294705345,798.1438961912387,611.0303746167616,641.211562132954,539.0855759781584,733.0291738645725,754.9664428087564,787.1438388166756,818.6214451904297,419.9400993982951,445.064644241333,792.4541616618719,809.160327714587,536.4161303854737,583.8538343827803,522.0150492546967,480.2734677261776,793.6373632179117,797.3011822735822,828.3985164772495,842.2740515136719,823.8086215520309,808.6219533962674,764.2396797511889,715.8785609969174,626.3396615183826,675.979958569562,482.84935413513864,520.2811227291264,601.0124446681289,625.669771194458,756.1403458156283,789.6772142744742,834.9619684295734,847.8880588464569,717.0839684541561,651.3443301474298,911.0816989437226,796.1402888144216,932.9472171385776,741.3455880686071,803.0062158139832,581.1897347440906,595.9337235733628,548.5132439140407,813.834557457012,875.4987006275742,944.7904556636934,903.0759172314328,875.3735956075917,913.5312131400248,775.0918077008075,884.1614811062323,908.8392415971898,822.3812083236161,875.6777731713285,824.0360387634998,873.2041752809172,890.0902035539322,748.9169497790638,738.6147303346728,569.0496508397093,635.0298093325132,465.213023752406,466.3869022852938,703.2674699376842,692.0370970919914,734.5621454766456,818.0721413748605,720.0261914483432,732.5196694071863,481.7079925616582,462.89781553665796,672.6943875552274,684.7439828254105,480.36660658892464,424.3653023483951,396.2079171997805,422.916639306406,626.3966223064,559.0459286002815,229.30551083796416,208.6623021037476,689.1174458821614,677.7850217657574,707.1688639819622,695.1443658543927,719.8604271478629,670.1466557285896,33.75199903155628,1.0610357965584154,27.956811005538956,33.4026622238307,94.39529657332112,93.71431987912905,231.91711542341443,373.88070656271543,681.520713112571,737.9222833806818,740.4895095313155,764.1227818742583,691.7239140529258,273.1784817168587,343.69282777201045,706.6562563139817
798.0643698592113,816.5484585533238,818.7423046806055,829.5668663009704,483.7433565317198,510.4254341125488,816.7797288691398,789.392521157772,614.9356560804406,595.57480321165,758.726283810003,696.7666723887125,796.8040184688405,609.3969733407382,635.9553772074667,536.8586977527988,733.1260080925097,756.8549404968059,785.9268668456095,816.0485167236328,417.7106720606486,438.7693775177002,787.3442706951676,805.1065732108223,535.9526659481188,581.4738507323212,521.173992051604,478.56900538338556,794.0530123440725,798.6655365366995,824.0931853046567,841.8869803873698,818.7129917468055,805.7418208821615,763.8697748598845,713.0989596814994,632.1561825117876,677.4919834843388,481.41934548318386,520.5797305017821,608.6738286252881,629.0576872825623,752.3746357659498,786.8918253821785,833.4967598715865,844.4060354846263,716.5561134598472,650.6809112125343,910.5398500965488,793.9133925787514,932.2004020425804,739.7823051156653,804.3796351821968,574.8563184223923,594.4726467547578,545.8860154003637,811.1095765564032,873.6348146420938,944.7239708128037,903.0734152230268,873.1245028023097,909.6133520888665,773.6536273547998,880.1617811699954,906.7283981095499,818.838129984316,874.0558599622062,822.1715719305258,867.9968916777592,887.5757861058356,742.9751796550579,735.7719576476051,569.4461256954648,632.5683643952077,462.66636746171594,466.8094306193607,700.3110336553855,691.0786170801186,733.0201344591507,813.2968880789621,719.7326985209381,732.3179714577633,490.34956856320304,465.4819395383199,672.7211462079691,684.4600377082825,489.07492610707004,425.5237721604991,393.9394497995575,420.7416841108552,626.1956128742884,557.6898524061838,232.1178181495138,213.2116405226485,692.27548828125,671.5147875769663,703.4718103706837,696.2988679635579,719.2652211759533,669.7008289206582,36.36762784014756,1.4714889161978606,28.96253913779471,34.53700962626275,95.55483808682048,96.07398035287136,237.33289252387152,382.71521972558077,659.5486949573864,736.8788252397017,741.9606403120412,762.3367296049867,692.1203038832721,274.7075682732097,349.1915035934159,683.8597790948276
799.8298540892257,818.1178861230311,822.1513626924168,830.9778548996762,486.83765584369036,513.6430919510977,818.0903619244275,790.7741770870127,620.0748711605461,599.5695483332775,761.330303595318,699.7783620743525,800.4237822177685,610.2786270220753,640.5442012198529,538.8967051470546,735.854410397498,757.5510409373381,786.2005987642368,817.2203685302734,419.58789836035834,444.6850927988688,789.513141433914,806.2117322967166,536.4549039371351,581.2657305958506,523.7607853083321,481.91261400116815,794.6140377116653,799.0679202232832,827.6168711104106,841.1886098225912,822.0173092858266,806.7716395399306,763.8317791482676,712.5054372764496,629.7197270330354,677.7247211315014,484.7000549095018,521.7492714642585,602.8322533779457,628.7936663627625,752.8901373980538,788.37698255783,835.7626701251378,847.910626149317,715.8348008344981,649.5491944188839,912.9365798273394,795.7393689980605,934.9399739269124,741.7346189295502,807.1999370249932,579.9355126292098,596.4287450529542,547.2201305660991,814.051047016992,877.3996438097071,950.8412599831369,909.8088311612271,878.6864296556556,911.8202186618422,775.1537305732751,882.9850521283876,912.1362798890071,821.3253419719617,877.9637539767148,825.0764786769353,871.1191703650602,892.0253533632057,745.3949850958746,733.1898724915551,569.8801963876147,631.9170622061857,462.6685948026353,467.5379247531085,700.2973824172724,691.9688663720095,734.0628012799202,818.389410836356,722.4701464130504,734.6784466883754,484.55191907246905,465.15355678160984,673.760427288442,686.2364856257171,488.99673614501955,426.13006879190243,394.4457533566747,423.70205213799096,623.990555912759,555.7432446575165,228.05755558259855,208.3410826867495,681.4266581217448,673.4359203273967,705.9829333126545,696.9548747550308,718.9194430285738,668.7439152594009,33.24539851421785,1.191213074988789,27.680104086644363,33.13540742515179,92.5185135070464,93.47527433935834,225.6041948530409,368.25379091501236,680.3330632990056,739.9901356090198,743.4093595159134,762.6214850703373,690.9237287932751,269.5018012053088,341.88229419697416,706.3721018824084
800.6397082656446,819.4606105293891,824.2692524459784,833.0513291909875,488.60830330072446,513.4816761527743,821.0277549047706,792.4018900834753,622.926437883961,599.8091164026104,760.5847180374269,698.4960012284536,798.4011582755716,610.94616745165,639.6551368865207,536.3991042998233,734.1584792295339,755.9307044229635,785.7110401606651,818.123017578125,419.959721883138,446.5981528600057,793.0945746957137,808.811795242249,538.0830369869452,583.9035361572936,524.7247622157987,483.55692580011157,794.0599477516031,797.8701339156539,828.8798105635356,842.3746547444662,823.3063327336715,808.035267062717,765.5548801587976,713.3725523431617,628.2522798109685,676.4879914742929,482.562837932791,521.1148744218805,604.1999986992507,624.1464371681213,755.4537471055038,790.7935117748676,837.9198689475282,849.9362093384503,718.236423108819,651.9845544725031,914.7246932921871,799.4403295209331,936.1982737262583,745.7360369837739,807.2797299714366,585.26703173039,597.93701691907,550.2606708055237,814.6171709877507,877.1941925154792,949.3804564177346,907.2229892594729,877.8020024838655,913.2247008185557,775.6361495551713,885.7340237260355,909.0786975462046,822.755253028192,876.3225346940287,824.477406906319,873.2067189793678,891.2683228550695,747.1638000075882,735.9099703929463,568.0874258618836,632.7558998008827,463.6251410885134,465.69974786462916,701.4674947769915,691.9726332035302,736.4436190990691,821.0592705862863,722.2612793436452,734.2210176083264,482.12041221077243,466.24327838579813,673.3950281748163,686.0962141862055,483.76325715008903,426.51708095598735,395.8460264181097,423.08845920343936,624.902583525818,556.6475457330048,229.14678309388734,208.7416283310554,683.4696879069011,671.9956923662606,706.5390657782555,695.996172322407,719.6599549543463,669.0719590082145,32.986627226548364,1.0287743894038377,27.57945096425848,33.19487828408559,93.46463746196144,93.48647457519446,231.47432931264242,375.1179260786842,676.4080866033381,736.4485240589489,737.6582893525194,763.3438931235784,692.5441822725184,271.9716662748864,343.1253956520196,695.924369022764
798.4685920165872,818.0291254243465,820.170912925185,830.0138077678909,487.48704787853154,512.7015038047518,817.6899403265573,789.2099242644614,617.5736872225392,595.6549119636661,759.5589529518189,697.3198469616118,795.6762708922398,608.7977197527402,634.3981381749633,536.7176496160238,733.8988685788702,757.427454156337,785.8466994479242,816.6779111328125,420.48675558302136,442.1665201187134,789.1182796346161,805.8637768389686,536.9699497822068,583.4215067349948,523.7689434915617,480.59277669588727,794.9678547697247,799.3881136670525,825.9993912504101,840.9299839274089,820.908655198954,808.3582717556424,767.5689150602922,713.2270647531533,634.7895332370035,677.1702944437662,483.1575250668185,521.8640533190095,608.5200690597784,629.3093557357788,753.0127545609361,790.0150253512847,836.4889642993056,846.9399167780291,719.5960381760085,652.9891333546672,914.011127039694,796.6668245533695,934.984503001013,742.7422965422003,807.652195643951,579.4449835840394,596.7999704968231,548.7161643922622,812.1183033135738,875.1456151847486,948.2635716547461,905.4167194724307,875.3301971170176,910.4058187077346,775.3392012943186,882.2055316579685,907.7236050278393,818.6658433672686,877.3901459040267,824.3249395984602,868.6763988907929,887.9134153924595,743.5061962368252,734.5265913165983,568.664389794026,632.3473123657755,462.5872426793195,466.8926357215559,700.6180608780658,692.7365969582712,732.2469956418302,819.4764567783901,723.3374735222009,734.7243277493103,489.75303058008353,466.23759838104246,673.7438012295357,685.614810260952,489.1013468798469,426.7756067200258,394.6555421166122,421.74260879046017,625.3250986589894,557.4218823870023,232.57066510866085,214.0823729636393,692.7273600260417,668.8269730907375,704.3625429719687,697.4822156396926,719.306395144863,669.463070498702,36.95849745826011,1.6162986999308622,29.310926404852797,34.96759642956271,96.31698020785093,96.54132950998923,238.14651568730673,383.4956283288843,658.4108276367188,739.8744673295455,743.5886451669987,762.2725422533252,691.322655771293,273.5044132261946,350.9860153198242,685.0903067753233
801.0617837556841,819.4750935492491,823.0554140614839,831.8352227305986,491.3512861739757,516.0357246909823,819.9292529302078,792.4641998615671,623.3302252438604,601.3320427253598,765.0885684625889,701.5843168682522,802.2415298540433,612.9086897170948,641.6152697060238,540.2848902248567,740.364417198145,761.0032236288948,788.5423374102946,819.9776398925782,423.74433930714923,451.3424715042114,789.7983122326079,807.5791892626929,537.0975013653022,582.1559900765891,524.3268418285728,486.9321811464098,799.5387098204415,803.8133223922165,830.6693440434814,842.6892934163411,826.3784398224394,810.6493469238281,769.0784041694973,711.8040139071912,631.4666545716676,679.1102468702528,485.3885996565223,523.849810596709,601.07623190958,630.1781120300293,757.2686384254032,792.8330724634831,841.3023513412742,852.9681143063551,719.9582936625835,652.9858221074085,916.0117819878362,799.5497417058414,937.6572215351512,745.7523068580589,809.2871086394306,584.8282966730642,599.1523465762976,548.7131177998604,816.1172184855366,879.0847339585976,954.996570760179,914.435916263659,881.2626711107337,915.5507885213809,781.4347471651316,889.5471120488987,913.446037406352,822.1660519477933,883.2710336599457,831.2893518837834,872.2225506047535,894.3840377554709,747.8305209048159,737.9027651177078,569.797686655587,633.8052103942607,465.1015439240829,466.8808576556998,703.4442700245341,694.8118802778948,740.9816673765791,821.0800792149136,727.2281926180668,737.3733175512177,488.1516279729207,466.87157487710317,675.3449108493486,688.0449209020801,492.5266738442814,426.40816985312784,395.860386138161,423.9769802774803,623.7150227213721,555.8174702294667,226.31764542987716,206.0886311325464,684.0108520507813,675.8264930854409,706.7510081231594,696.2997280138111,718.9012360220951,669.4308244756498,32.379015078676225,1.0767018721611412,27.140554286737853,32.50946858483502,91.43931379903691,92.90016639244652,224.97517606947156,368.2783308730406,682.6845536665483,740.520790793679,743.2659305854131,764.0020259422593,692.7373645258884,269.6247018345615,340.11299004067075,692.0461236361799
801.2730009400999,820.1620813085876,822.0935918737677,831.5514427276247,491.808909296435,514.7028022663934,819.8999154821788,792.3399476720932,619.8678171975272,599.3576700335643,762.0837643786175,701.1023688967266,796.9047173946636,611.1492634934452,637.8965565505905,535.995414427433,735.7322466520336,759.1901387392088,788.4318804393783,819.1306010742187,421.32283316718207,449.14321060180663,792.3658839166594,809.6951986116077,536.1709298538287,583.0023448231456,523.6081378156968,483.60578470759924,796.2866765148235,799.1734890407986,829.1369467107016,843.7369250488281,826.4524545184637,810.4681378851997,768.4760768724525,715.1143401731928,628.4405235929111,677.1515929610641,481.4028035104275,522.1728688072176,605.0719849633389,629.3419165611267,754.379943181598,792.0484637219758,839.2657923565602,850.8106666252627,721.1668514042847,654.5255267870176,916.631803260311,799.2270389344336,936.1917013121695,745.4883135502007,808.9356844949081,585.4612471601542,597.7448587536177,551.4062268339866,814.5395597058867,877.6012743093349,950.1605236803224,909.1517711481949,878.3569588569973,915.5371896194408,777.1172964113568,888.3637481829757,907.3615055368907,818.4142059405028,879.6179235179773,828.003090196591,874.4348021100282,890.3141762749266,748.7758200018255,737.3303717941534,569.6768497852011,634.415144883193,462.83863034455675,467.6504765900088,702.2324108686604,693.1859182777247,736.0995704163896,818.6996885027204,723.1282374648756,735.0255143876234,482.53239923241546,468.2863752365112,674.2369663431781,686.1819271814902,483.9973924075856,427.52364392745363,395.5907497604688,424.0514981118658,626.5719981679696,557.9052960391839,231.25967083274628,211.76825964585757,680.9309285481771,670.8404861708818,705.3762227296829,695.8772460108969,720.1533258840934,670.6364246638888,35.64717190432375,1.5095890922885802,28.66931718401611,34.23203202023163,94.64600060892543,95.09586909853462,238.7221508026123,379.7298252407242,672.5761052911931,734.6221812855114,741.222978835138,764.4503618071351,693.7227436140472,275.59928016495286,347.7955272992452,704.4672725282867
801.6952529330744,821.2768926463946,819.6794878021857,831.2939669620469,491.5790955964909,515.047593814986,818.5102169625493,791.5441691589356,620.5316136418556,599.6962254868179,762.0328207248594,698.7788253602528,797.3140966503739,609.9860986191252,638.454269532244,538.2153368250608,737.6669763501786,758.1006948306315,788.355663080325,819.7996099853516,423.77686458163794,448.6841475168864,788.8658871258492,806.682768882267,535.2575761485474,580.1971357366541,522.5410141918541,485.0257496039073,795.5649110326227,800.9058269736207,825.0647118435757,841.8017891438802,823.5905143608481,809.1383847384983,767.4072345236074,713.9436891854527,632.2587139112834,677.6006811636465,483.87247124101435,522.8328806416372,607.2687648085297,629.6542501449585,756.5010449583568,793.1001150845351,838.7331647826436,850.1488090648986,721.4041064081114,655.0613211585091,917.4549508986935,799.5050669919011,936.8186601911273,744.5044010294755,807.5289424502796,583.2579474262162,598.0580698507929,549.5033294955564,814.9216213665029,879.6377426827395,954.903499562076,915.6815416718961,879.4929159943954,914.8639608633171,777.4307537487158,886.1599627747947,906.428964643336,816.862714524879,882.5282243192866,830.1983489459678,874.5663836533856,894.7555041234137,744.6401319074201,735.6832106543369,568.1829838184042,632.773357440899,464.7638923534449,466.91627309020134,702.2683700811667,693.5175497601141,736.5258100793717,820.1505486624582,724.1900392437346,735.5418464472281,490.26359226544696,466.54962600708006,673.8830691207348,685.5188678540395,489.88166369269874,426.2788886102959,394.74269493684795,422.8867395941492,624.5799153495203,556.9693499497572,228.286348600708,209.69120630229142,696.9232340494792,673.5385426666777,705.9077624380589,697.9394031024087,719.0532137941161,668.5241734754194,35.22510302966265,1.4262395144060807,28.28578710400897,33.88474543306781,94.98682180855653,95.83953409829248,233.08804029888577,373.6971419786706,661.132041237571,738.7767100941052,742.578607751219,761.0010540153406,689.713769052543,271.6015112818333,346.6071022771525,691.0090921336207
801.4874835414054,820.1075900504084,823.537145952549,832.59821707129,494.4595658147058,519.9930421795164,820.1470044746627,792.9906429209608,624.7000572827397,605.2565442694993,763.4637866446642,700.5144849020337,800.2551094434682,611.6458676068889,643.2305344989644,541.9460906343484,737.9381483900604,758.6819212705987,785.2745135661743,819.3562706298828,427.6560550265842,455.5205680211385,791.3528932871412,809.5174679756165,537.3706979701657,582.3063408149468,526.4247093411441,491.24158096313477,797.633630572625,802.3413352683739,828.8299961040026,843.3596569824218,825.8317436606197,811.0238468424479,767.8042501698369,714.1296894119447,628.3502237597226,679.9344630771213,487.64597301743925,526.3196743882997,605.1800316982582,632.7722678184509,760.0661149062807,794.5585758154991,841.6870915630734,854.1509651050233,722.5146358269305,656.4354557928506,918.4514798564296,801.1762187431984,939.2197148189275,746.7617393446641,809.9638425502008,587.8360829540328,601.5180172098678,552.477667894379,815.5858908712798,879.5471033034502,954.2422108330943,914.3240560814319,881.5170383088486,914.3470984894095,779.9959994908137,888.2985194582998,911.0488616032387,821.7439364986518,882.5095473750254,831.2885960484745,873.3367903885568,892.2728812707721,747.4228323171805,734.2204633618965,568.1961431940762,632.223595953607,463.4190516817397,468.6692741286587,702.2957809948531,694.9792645086392,738.4519952002992,820.6742172241211,726.4850591316077,736.7409616115178,490.0538245284557,467.5053440626462,674.9765580236124,687.4759491042421,494.4166841394761,428.40582906640395,397.9060426990812,425.88372904325126,625.2338104499498,557.82579338034,226.53366555045875,206.29227406578934,684.364735921224,676.0801577810514,708.606149315834,697.0383856242598,720.5818815158524,670.1620616306594,31.8617453081495,0.8596734646431826,27.07627510511777,32.67031389517361,91.55113906304736,92.61621212406504,223.99927965799967,368.5808417236104,679.0147816051136,740.3028331409802,743.9362901521209,765.6223270078249,693.822343414905,270.75526986624067,338.19704240876615,692.4295128131735
800.4073929139264,819.3958561011035,820.6982731768123,831.8601806230279,494.65040380788406,516.2200104934828,819.8475327877945,792.7381348987336,620.1501205016156,600.215392315974,764.5204241062568,700.2835176316519,799.7052496882286,613.0766919016355,640.4246112386978,539.1426457530512,739.0038077548782,762.6806871043487,787.6944955409258,817.8115251464844,424.19887277815076,449.92097873687743,792.5002778784021,809.4535193216233,537.4019150059885,584.2374632279951,524.653455281126,485.9582177533044,798.7654738516178,802.0653082200039,829.4581135426919,844.4646685791016,827.487197617353,811.9134646267361,771.6246826171875,715.7627420080713,629.9882603447868,677.7841784159342,484.83021925176894,524.8464563776938,607.2597120941663,628.6624813079834,757.8651314954909,795.4963552465936,841.1810269887069,854.0519268192046,724.3844025194153,657.7816924448614,920.584413325402,801.26215320039,939.489530487257,748.1427510838273,812.0287313247476,587.4081450630637,599.4724505104349,552.1513501243778,815.4945059668718,878.6439672885118,950.8769961989467,911.7188928936928,879.9840971042798,917.8993023035981,778.9477141494051,890.2710542006748,911.5078459782387,822.6067946542449,883.1254742440213,831.267524915544,872.150016784668,891.6166282358749,745.4473752545881,734.6395994092597,571.3790036822678,634.5041107574067,465.4262914242952,470.30279154173087,703.8564735787813,695.974822744789,738.8089041202626,821.656857081822,725.5700340124839,737.1966674592943,480.21005511919657,470.16702829996746,675.5611094878109,688.3417090382445,484.3833044164321,429.30627104693804,396.5118086313208,425.3589091342169,628.5967109315161,556.9966646544138,234.77038631514708,214.78619955362794,678.8516764322917,672.4060731014963,707.544251948595,699.0767749769116,721.8199168003849,672.5239030796042,37.15706177114656,1.637689367936993,29.278682340015237,34.898119580793924,96.08611842848237,95.99104211760825,240.05156215031943,384.9704060975243,681.9517711292614,735.2447287819602,743.2398485017303,766.0196994829781,694.6461540670956,276.0410849587959,352.48967146150994,690.8773824757543
803.4648292028073,821.8064693733297,823.1756631985005,834.677972907564,496.0019041327543,518.4782484088626,821.2682494596854,794.9959685565055,624.1669632269412,601.3375917966249,765.2190902678947,701.2402812715561,800.7959744435436,612.7821357491528,642.4684159103317,540.7277339818164,740.0241544461363,760.9805009872018,792.6360751915709,821.9377429199219,427.97081078423395,454.52144107818606,794.7839415606654,810.5295370646885,537.956846357016,585.5716596330915,526.5256321522412,488.8833739492628,798.7534784281029,803.6107387213059,831.0335872780307,843.5732322184244,830.5942281949318,813.4841939290365,772.7894881538723,718.9930986151638,634.833420875314,679.8499638592756,486.73354202508926,524.9137838127908,604.382134109247,629.2925777435303,762.3142339454757,797.5862125197858,841.1907693576015,853.8225567020171,723.7005131412144,659.5219721243932,920.0592626140964,799.6886560658206,939.8792386441618,746.2343132874855,810.3935279247472,585.4769121743008,598.7290769783684,552.7141746108933,816.4739977866901,880.641490066493,956.8899928313352,919.8753704443211,882.1214875594429,921.7133883797235,778.6729357424862,890.1736494111426,912.5352029373397,824.3734766007702,888.9505759507083,835.8340725268707,876.4474421701614,897.2346100359332,747.7953111115877,739.3696584232518,570.5148469417467,635.6301957828142,466.9272421131963,468.7119248081261,705.6076867775839,697.6972182657709,735.2734193193152,827.931145804269,725.7206072167875,736.6028749165614,484.9984802325567,468.0764179309209,675.9158275137914,687.9128102413949,490.4589817720301,428.6774516363867,397.16651027401286,426.6473212150482,627.991850234157,559.5716259837151,231.2779174010459,212.05013574402727,687.2888224283854,677.3037078340175,710.4013774394989,700.318512964033,722.945081113859,673.1757135134746,36.30922360903596,1.6108197911194078,28.663615060349656,34.114774726528516,95.90399662772485,97.64186264562511,240.60094266467624,381.8245834953645,676.7789528586648,740.1662242542614,741.9721743180447,767.0548721506626,693.765105602788,272.611094263562,351.37043899117094,689.8485233701508
803.3840428682257,820.7144386190357,825.9155906423235,835.6897549192269,497.263466733001,522.4486528294427,822.0162074746785,795.992924135898,625.6138423413646,605.87226927085,765.2964499558859,701.2325725131565,803.1839756384926,612.5009380550038,646.4830737113953,545.6639902420138,740.4076509159323,757.296778588596,793.8395494482983,823.64129296875,430.3055369059245,459.2176294962565,796.8341409179556,812.2007981936137,542.9448721820771,587.0318096705845,530.7754136396377,494.46560351053876,800.1183435691977,805.049018464265,834.8804724986159,846.2935894775391,831.8011572886321,814.607353515625,775.1015577233356,719.7563895719597,637.8760373959982,686.835780956127,490.4490334125502,529.2088151853183,610.4949380843366,635.5417447090149,768.8676147593392,798.8138396638265,842.1079196846916,854.1783083196271,727.4059875031148,662.5291373429599,916.6770978435393,797.6934340468599,939.6248617871848,745.1966774641148,808.4753311482245,589.7252024762771,602.9369044244607,553.4309578254063,815.2644347810275,877.2732267203154,954.3784918898383,914.3802996379574,880.6671004054857,919.6265507346218,779.6830201688527,888.7563481860691,913.1696046288333,824.3005884962796,888.7898079604246,837.4353067612947,876.0948510139611,891.3861626893776,753.6026851894619,744.425663682281,576.0473343035496,638.4882054184422,469.45489877894306,474.0767753493618,711.4156023869749,700.2020058532968,742.0737629342586,828.597906930106,728.736600123146,738.2746548192442,497.02019249290225,468.3115336751938,678.4307845855075,688.8387938863532,498.13553996366613,429.85833137043977,399.47081830725074,426.92874917625954,630.4035516942358,563.7471928704033,229.23151779240342,208.9494952384075,702.8881591796875,686.9513653254105,713.9453561902046,702.2586162791532,726.8077324437731,673.5522747086429,33.167150785349996,1.0094558768250323,27.659202390228376,32.95638127133466,94.01877206499508,94.25858272576043,226.885393248664,371.83746200449326,682.6750654740767,746.3577237215909,747.2252760509516,771.1086097427561,695.055768181296,273.22320984120955,344.4983409101313,701.5480136213631
799.9323272569965,817.9268870624629,822.2789148292134,833.6011493424495,494.39661351137386,519.7737989681108,820.3033061568186,794.3684918245356,622.9350767914129,602.1426970841454,767.591153741852,704.0322750273205,801.9206045945758,614.8128862304666,643.1928562121605,542.264026005274,742.1293519368104,763.3368019610149,793.5591048317394,820.6380322265625,424.1703216764662,451.49716974894204,796.4781704499436,812.7377585532173,542.3796643561718,585.6981849880009,526.6258526796794,487.8965734375848,801.0073668281987,805.0099005051601,833.2039778902149,846.3219730631511,831.224676746433,814.6113975694444,774.8485707158628,722.1713120793722,636.3426248827694,682.1913803948296,484.54524322918485,526.097126678581,612.4334086433786,633.7338571548462,764.9734757552071,799.0946072402159,843.5300343149552,852.8915769342791,726.7933975305439,661.9245893388361,916.894047432561,797.3636161379101,937.9724782504323,743.515829910155,812.7694924187767,583.7582396853204,601.001422924428,551.3469126774714,811.2529541216179,873.2794735917339,947.9674511573742,909.7341148204696,875.4554217794667,919.132331662965,780.518623748686,889.7927598080026,911.6209621144765,825.5768024989185,884.7771169898215,834.0252528396203,872.0134686026604,891.4731044031638,753.6177183958861,744.2571607495918,577.5712035292879,639.8781278535918,467.0492219786713,475.63035776917366,707.473488354292,698.5035927167078,740.4090290475399,819.6166294642857,726.8227266625883,737.5541875881055,486.9574993658066,469.881807791392,676.9727927548245,689.1249925390607,491.32454479441924,430.1066731477042,398.03786762803793,426.5661103993974,634.0960888953623,564.1037227404117,236.74078780205713,217.4248204130822,685.5419921875,677.1356635659428,708.413016051054,700.7612665098717,726.2268051652204,676.1771900764596,38.36178843681946,1.7750164371499084,29.50180406592351,35.32697687267958,97.44714454102431,97.11797474077352,241.64678642484876,387.179559942554,665.4243330522017,742.0206021395596,751.754113933384,773.9102180577531,697.0401180491727,277.5946609095523,354.2008168047125,701.287965971848
802.4002278135406,820.5053410372047,822.5856197280067,834.976307606792,492.5784156973972,518.26987019607,821.1008913604398,795.3883815781613,621.4774898801531,602.5428837166457,767.1401119852454,702.8846083625915,802.602577667498,614.3683086088312,643.1950339013664,541.3443292897038,741.0127448493271,760.8318967922186,796.8432651680548,822.8640476074219,423.75528770022925,453.5547793070475,795.3930679888264,811.4340076446533,537.4070858181459,583.6977243947459,526.2117538030635,487.0525074534946,798.8510998419996,802.4171451521509,830.3602419875738,843.901718343099,830.5001355187368,813.4513814290365,770.0228335173234,715.0401688541275,633.0181748310375,680.7073953416613,483.24468845129013,522.359183607923,605.3624787877818,630.926016330719,760.6660892291675,795.2410866976915,840.0205356390695,851.2382029929356,721.5170842744102,659.0158034917358,915.490714639233,797.0418758895739,935.9278428950365,741.2432837587007,808.5774997659863,585.4877374768257,598.6321457037917,548.4234479679413,813.7731499060874,876.8294226372683,953.6605878792881,918.600419019445,879.4466736901325,920.5908829679767,779.0829878407516,890.3548916450744,912.9792013595353,824.9864087622295,885.2023291086882,834.4542187941422,874.520096311144,894.7255682339326,749.5235372319952,740.8118178570857,573.3581547168417,635.3292367117746,465.370610555013,471.006728481239,705.0582462998688,696.1132807434842,741.6124293550532,820.9014511108398,724.6662235186931,736.0769186984768,482.1426624147097,466.82340485572814,674.1837507869441,687.1974322734735,485.40389390833235,427.08649365049837,395.63637115682167,426.39736281987166,631.7115547526454,560.6191530358791,230.36166506403782,209.91483097045236,683.6088114420573,681.0553097482455,709.7139423787594,699.9761253115279,724.339122665444,673.2449242654815,34.873025541536904,1.4455174309236032,28.00719765799455,33.57287581875966,94.47576484006446,94.96696061915368,234.4947598245409,377.2002895369249,669.2321666370739,747.0227516867898,749.4259487894558,771.8232680694966,694.4459455901501,273.4432345273202,347.8916222137032,771.1969583445582
802.0886834154726,818.8360873316274,825.0891900714597,835.1113704514219,494.9160589085069,519.9448505895479,821.9294388714959,795.2679317003615,624.415693516634,605.2852407987001,765.0993123558478,701.3949208759126,800.3665117424102,613.0897528840462,643.9763394540815,541.6789215681866,736.4732254534536,756.3484194516343,793.0076226713101,821.8343317871094,425.3736230002509,455.1020778020223,796.3581344665043,813.2826022496299,535.0461541320641,582.3649466378348,529.4272713002579,493.7091961436802,796.2943980378925,799.5889212902681,829.5452421093237,844.388614095052,827.4732341443078,811.6001178656684,770.619801396909,717.2255190194371,627.9619316067465,679.3751240483036,487.6219468627657,524.9250176819077,596.4908872510566,624.9629735946655,761.0697528691519,792.7986165268161,838.6089791534339,850.2343044169465,720.1186671690507,655.4937408478944,912.5025512080039,796.4979820587068,934.6069061789887,742.0331376390438,804.5046174601055,585.9500674640431,599.2728502856266,550.8389325040451,812.7454215944923,873.5228666751473,948.5882358427439,910.1270940719805,877.6820969025985,917.5463227747327,777.6452157956744,888.7115736400149,909.1406008592293,824.8440712684193,881.2429941027352,830.8460671659636,873.97029497669,888.4527911613001,753.0215934547218,741.9025160992732,570.9919607179975,635.6333607595204,468.2027548085088,470.51103876678036,704.2076123347048,695.3108249521849,736.5630674970911,822.911884852818,724.1862841785182,733.832566681364,480.9225126577417,466.62365657806396,673.8146101476863,686.4313540841326,482.4207575629739,427.723708438529,398.03952050892013,425.69451035447287,630.9533045409225,562.3839656748374,229.05752329946566,207.51116810471638,687.4979349772135,682.1175361245365,712.1148993223906,699.0047388896684,725.1428933762412,671.9348881355417,32.04294778052472,0.9325644342987626,27.400819077085327,32.70914520837781,94.09100123802068,93.81798134283513,227.0619124836392,372.3780847156749,688.3631203391335,748.815566184304,745.4677957624397,771.8552423791041,695.9610858992035,273.2849502939927,343.95005799784803,729.114779768319
799.7007243619196,817.2910748617818,821.4679175160303,832.4174037416618,489.54996760667757,513.0330324854169,820.1913556865617,793.0457230198637,618.7204837020563,597.2910745573826,764.4889699269116,701.2305342659117,797.5631280182565,612.5224814595964,636.7720200499492,538.9637733570695,736.3247089114799,758.3816553552285,792.1460701076463,819.1142359619141,421.07759316762287,444.9878932317098,794.7988007312902,809.7205760743883,535.4832085914013,583.3693720639407,523.286504966778,481.83158644040424,795.8361757386406,799.9324850200135,827.4990985700151,844.8874076334636,824.7929498704814,809.5449850802952,769.1280931555707,716.6703594161803,634.8008240687165,677.0056891264738,487.3505803208266,524.3810425376178,610.4888250632364,630.8367853164673,759.2723234030935,792.8550100462131,836.2880806829936,847.7259169015271,718.5060984911012,654.0755782477505,913.3396662633265,795.4627849657165,934.232877242826,741.3651139141328,805.0524812877981,574.7348166634055,596.7745290522465,548.1168467713651,810.0719576414679,871.6503641472923,947.0009197787126,907.6694059532981,876.0194210152005,916.8048308597799,775.7561552181885,886.4996767627849,907.0954528353108,823.1081382322681,879.925643230824,829.3551445272602,870.0680511377419,889.0226029032501,746.5798812728744,738.0323987867012,570.3565350453788,633.366027435699,465.9204747296762,470.83353004992847,703.9266416205735,695.2667119829487,732.6140967835771,816.9237790788923,721.1060578795685,733.2411234168057,487.6828617310524,467.79678267796834,673.6001846582354,685.189576847714,490.8453202191521,429.26720634178133,396.2821146796147,422.91189277868307,632.0219932327012,562.7838238338629,236.61275086096592,216.80829584428392,695.7388732910156,677.5792841507217,709.4440363645554,701.2012444405534,723.5793636894712,675.5010201237312,38.06894616111133,1.8443060803813516,29.844516531144155,35.4055381651394,98.34455813196382,98.22895219747818,242.11686775419446,389.59679862155633,667.4152721058239,741.0610762162642,747.9011050230705,768.8715318124506,695.8525594075521,277.5805647665994,356.57662478360265,680.2710087217133
800.6779361621267,818.2225431786342,822.7913501072724,833.730390867864,491.95958896459535,517.4050616196224,820.2613415730274,794.0917028808594,623.2938890846408,603.4373388446745,762.9084857847632,700.8309873974513,800.0181593723199,610.9054426915853,641.1487474738069,542.1986147712537,739.045850925536,756.6595439364348,790.6508541180257,820.567823852539,424.1999444961548,451.3133370081584,791.6610307954951,810.1505504638429,536.8327744668691,582.6377974918911,525.6554229904933,489.74733050664264,797.9406428786943,801.5825563030478,826.8935101526616,844.3520064290365,823.3175068224891,809.6282312011718,767.889090629246,714.6740527784968,632.7613779479711,679.3293756555628,484.3712991029024,521.9264947984102,602.7527931088307,631.5087523460388,758.041927386844,791.5014130651103,837.9487824068096,848.1195546646564,718.9928175082877,654.1435730824104,911.9903811854701,794.6848886887,934.7280808967973,740.0829225824152,805.8291863582594,578.9777680080311,597.7060210632812,547.6390278873974,811.6478647522441,874.2030706096579,952.1049376254978,913.1713682321401,878.4483022673234,916.9853144648778,775.7603602978068,885.197091095732,910.041816369811,822.1705594440148,881.5497293750891,830.3687560329516,871.2468850202621,891.2535380157976,746.2019893886807,736.9124937213835,571.5541006665711,633.6886582147507,465.1540768388389,469.60187197403167,704.4743781167953,694.8835463147935,739.3515196455286,819.5703768048968,724.6999040216322,734.4360028932601,489.04049433231353,465.10197557608285,674.2314921954655,686.2079840544169,493.131590719784,426.88637525165984,396.4718761853874,423.4483655141988,629.4213381194065,559.749519564112,229.386064525228,209.17450902791285,691.6704447428385,676.5969926219875,707.7830258905888,697.2939395473014,722.9311898500865,671.3221729437122,34.18510632432605,1.2724395367834302,28.060418108803237,33.5077167655037,94.17677544926015,94.96564120654097,229.38287268744574,372.7578372148906,667.9826882102273,740.9974742542614,747.0807982579174,770.6888976278184,693.3775646733303,271.6122414291951,345.65658207328033,737.768238988416
799.6096102141433,816.7685601098669,823.2216283909347,833.6430847882275,491.1222914850989,516.3492422274181,821.239079819311,793.2038762388838,620.4437205450876,600.4814365730911,763.9545986206551,701.8393195439899,799.4006195853545,612.090734836061,641.8853587712814,539.944963897724,738.2066637373648,758.3850194063298,787.607552013178,819.3235861816406,424.02948644426135,449.76403630574544,794.1323539959576,810.4567753171164,540.8015214111168,584.8875860277113,524.9892298661542,486.98693985409204,799.0573672888414,802.0602472752701,831.7289260503813,846.0853389485677,825.5030587406482,810.8747195095486,769.4504192849864,712.6392634747976,631.6492719608257,680.1363066214102,486.4992515019008,525.0395555674806,607.8617738817559,632.9294667243958,758.8314024465425,790.932476025622,840.7279300530308,850.3258812441463,718.6757115293141,652.5600305137101,912.7378466452321,795.9753272204805,934.9526472251234,743.53468374851,804.6631860497821,581.4466263185822,599.1279928239582,548.6127212909942,812.1748438288844,873.0733794503742,946.648594569954,906.9487904017235,876.5700718622622,914.7038581965425,778.826184660652,887.5900388946259,912.4023970418901,825.8486774053993,878.6210036417071,828.9250275269669,870.3619715210739,887.7227516806587,749.0128972508886,738.2417222320056,571.9481650536213,637.5970720563616,466.3341062241706,470.8735476211763,705.8525443155257,695.7636655435523,739.6542410343251,820.7311237880161,725.1807279331017,735.9610109677466,489.56854941248895,467.050813823541,674.8448464557463,687.1654717478431,493.354276006362,428.9985532511012,396.7972831229369,424.46316625364346,630.2778320066403,560.993249275287,230.4579458049395,209.72871648007535,689.1509501139323,679.0833910925913,710.8187942802906,699.0127907317149,724.0199467899236,672.4992706373444,33.00997586592444,1.0837791840787288,27.74823418259882,33.274257329922904,94.22280058804988,93.7465045135268,229.17916054195828,376.42377770648284,692.4127585671165,741.4710016424006,744.5442398378513,769.7966347223596,695.4948431276807,273.9153093852495,343.3064444986257,693.6285863415949
801.1597435150687,820.0205741133353,823.3195093950959,833.7393735452478,487.0284098603005,512.6897208690643,821.2470387542543,793.7710652939817,616.4746948942847,592.1498582480384,764.7225146099804,704.0000804598369,799.870396897069,613.4958876651308,638.629288374488,535.6104324638991,738.4704162453023,762.3295016431333,792.1021284783023,818.271525024414,419.8091878890991,441.2691377957662,793.8183256317183,810.6466511355507,541.5305860529395,586.1243911575485,523.115448124501,482.07597226566736,800.8806885053526,804.0323462215471,831.0178301152907,846.3911541748047,827.9995027962377,812.9661538357204,772.2137180494226,718.6067089402532,636.5285739982705,679.4963022867838,484.812169019665,523.380026256547,611.0657083480085,634.20734167099,757.3304828897355,793.3013140059195,839.8942752575143,849.0786164936267,720.4703508684457,654.7182688283754,913.7646761194352,795.9300365727668,934.7645028996806,741.5110394777187,808.0443274664772,577.4911640718872,598.048790503141,548.0453875927215,813.0963901214767,875.1999964360838,949.4510717865716,908.8127306567795,877.9309450365149,915.033282107134,778.2530898347907,887.6346754179079,914.3407005196187,824.7312035511322,881.5522856423024,830.3055877499852,871.7186921721052,892.6159855120749,745.9827555750942,737.5030101088227,574.6449092200043,638.8962502747903,468.47064518582994,471.11118370378523,707.1310950107262,698.616115585897,740.2175838389295,817.5194996425083,723.9852626990541,736.792754842802,479.6293871142467,467.2032771555583,676.5420122457496,687.1566820573717,488.1519183439367,428.3766886163705,395.6502321815739,423.14192804875336,631.0303166371427,558.3811149144173,235.40466873275324,215.67484705409848,680.3275166829427,675.2846167612884,708.8865889906883,700.0377885982462,723.0086558490005,675.3199682328986,37.55100846992757,1.8522605350379038,29.521368542510306,35.34654975626119,96.83755730528063,97.12206013861203,243.76997921201917,385.3996516303981,677.796347878196,743.2043823242187,747.1470168964975,769.46992936919,695.8928234623928,276.9006823405885,351.781445387638,710.7751717403017
801.8423261676235,821.5938290640561,821.9740690124729,833.4138446063159,487.32329306491584,511.38377625601635,819.5239805203671,793.3119262662847,616.4569759563524,595.3821986776884,764.23167602415,700.2342723846435,798.8369626393653,610.9977937997112,635.1608677622098,534.7599244099988,736.9095206599665,757.6727388863548,790.4904806787483,820.2629140625,420.7275034586589,444.76164932250975,790.5219405753616,808.2410141399929,538.4425365987248,585.6655109531276,523.2922757396382,481.38866027196246,796.0438887398197,799.2397133909626,827.9416793863292,842.3975219726562,825.9900096311408,810.6970947265625,769.5579441236413,717.8933686405779,631.5541918246231,679.6186264885796,484.0275857246348,522.9494751490904,603.0855257628394,629.2827849388123,756.8723720607776,791.3044299084993,838.2245855783021,848.8672813727842,717.2954858866605,653.5742475144513,912.9306992992279,795.6103961306933,933.5140567617527,741.4216920422836,807.206968230517,581.1552669861737,595.7498363372911,547.4018341484319,814.1998661705594,877.1930992117634,951.8574667615458,913.9665308982749,878.3165491784138,913.1707479814881,776.518750205317,885.600059603958,911.1926399344828,823.0058010799632,882.6362733948097,829.7711742783123,874.1877695557419,893.456669422803,745.854228457889,736.4766539276624,571.8312828693914,636.2626990116004,467.41674627774006,469.41342721858496,703.1481424550541,695.2283006090346,737.0249711706283,820.3729858398438,721.8051570731561,733.8060858276009,479.7481606531143,465.2026774199804,672.4202044541615,684.4922016389237,480.311051716524,425.7528257017101,394.874581295376,423.4651871500481,625.9905272603592,557.7274923475584,229.73974168233366,208.82495027414,684.8656229654948,681.3146450236692,710.3996745646,699.5337877575629,721.111827869755,670.8153453910846,34.680589900964776,1.4101302248736223,27.905118081946807,33.58614899383309,94.7701015805393,96.04064615068818,237.08579640918308,382.6841554150862,681.4519764293324,747.179512162642,742.9680523968383,769.2263280168364,692.9748571059283,273.50330989402636,346.47424132264024,755.8005350047144
800.7997173953366,819.6618913508424,821.0563369097806,830.7224232723039,488.4707135089608,511.07885294301167,818.2005506354525,791.3827984554209,617.8339400388757,596.6142656060516,764.3246447555418,699.9055585952033,795.572803215956,610.5617069252107,634.163014409554,533.879839698449,736.5653636625028,758.6317999640177,788.7260226545662,819.9618006591797,421.47128666771783,443.84457708994546,788.4819340616422,807.5451800028483,534.3873570027775,585.7311346661913,522.5458593210462,479.371166812049,798.5627219721956,800.0489943516108,827.2740286278912,841.3443231201172,822.8733745510295,809.0024096679688,765.8566745923913,714.9856199701148,632.7852495504371,678.2352082994249,489.8693797811866,524.3760961253992,607.6559193095222,628.7057886123657,759.3825596880819,791.693998002328,836.5354255985749,847.6190179300587,716.0985454646024,651.8780741253933,912.6130656150079,795.914817519202,932.8416499625148,742.9600586941544,798.7767447783808,572.7913947806638,593.852826262452,546.4174875339003,813.4563313178139,873.9413603146871,945.914100202062,904.0425735996096,874.2467030400816,912.4195655472456,776.512447345512,886.8460425010925,906.1196446205253,819.3532181475359,876.0253108035313,825.2357878200866,872.4008774484039,889.5852109793142,747.8647561288095,738.0181951053808,573.6248181544313,640.1057053603136,466.8565607485564,471.72149357325594,705.4633242497679,695.4040536207776,733.8058588555518,822.2483389718192,721.4079489872373,732.1514746256131,484.3746972270807,464.636033337911,670.7725611134248,682.1449139582352,488.6601286944221,425.95388206592105,394.20478985644877,421.83131281155937,627.7793764588953,559.4971858580907,233.58248551310626,212.88321273268707,688.2004211425781,678.6450153932733,711.2446915507317,699.7721615269173,722.31548842219,672.665591326203,37.379043391721915,1.6118148389306886,29.20936916306657,34.7982426341515,96.92056246309308,96.7824030536958,238.7210399309794,382.6840105652809,700.2157648259944,742.2612770774148,744.408972004116,769.6442338001879,695.2293198529412,276.14158758063587,354.01449394226074,701.7720231681035
802.5220121993929,821.9986945932561,819.9930586389639,830.2636268889287,490.2419159401295,514.2007924148014,818.3313165715081,792.2070441258207,619.9006658670853,596.2904201101085,767.1191085877457,701.1055441599044,798.4355344167091,610.7240465524708,637.6589200437365,536.239390238343,740.5235772155472,762.8175574109404,791.686267136614,821.7517030029297,420.914294772678,444.9075061162313,786.9534265785162,805.6839794052971,534.7802404034201,580.7192753802289,520.5124936604368,483.602174282074,801.9033298132555,805.3618133921682,826.5766732924253,840.9950427246093,824.9673320964231,811.2019066026476,761.1809888756793,710.895955648767,637.0370442394643,679.4440063193993,486.14320585876703,524.1211207243388,612.0152397781122,631.687991142273,757.2599676733926,793.5781329548189,834.5029042019486,847.8143895020959,717.6655857779763,651.6975524375489,912.4062529025539,794.9290459149045,933.9889525188903,740.1687164002021,801.2381649102865,570.4273863861374,595.4197009477904,546.2639958901414,815.2047274235437,876.5674158864551,952.4098075059269,911.5399398338504,877.6277043350883,916.0416612339637,778.7927828447534,887.8516283036505,905.5095476748338,818.7774611674538,879.0688855760553,826.102827294977,874.4425696111789,894.7222345678846,746.6808466181025,738.2787470583056,573.6530112170299,636.5681333335447,464.1836948118348,471.035996557961,706.0421905517578,696.6140549529143,737.0307175656583,822.7935355050223,725.3863347663734,734.5995770508413,488.96416702588397,465.606331769824,672.7223297468892,683.2352489193394,491.2118488536162,426.1373598325984,394.9474459568349,421.6645892993486,625.723748663083,556.3161762064695,230.7006953572337,211.66368655418185,699.8551615397135,682.1876412084547,708.8057428896427,701.1344208177937,721.8716415133489,671.9514483939173,36.753735957550816,1.617995563963497,28.98376935063286,34.39184992420321,95.64929931827653,97.13921393508151,236.46477852927313,379.1453727063011,661.3558238636364,745.6522538618608,746.2564000891359,770.0169782034958,690.5250351849725,274.57374213452925,351.9818119208018,689.5810904667295
800.2503457322734,818.34581860629,821.5918330307097,830.4898825869617,491.02303885526436,516.4416684082577,817.0643517379566,791.2245702410759,622.695564990141,603.4904174492008,763.1584488783426,700.1748109545026,798.5900332416514,611.0367031358031,639.8647429563513,539.2578333033522,741.3771155479395,761.2376181912977,786.6474757870495,820.2497607421875,423.61894024742975,450.35725453694664,787.0261530084872,807.279408893888,534.7469703214955,580.7854112478403,522.8215990856867,485.55814414554175,800.471230129026,804.4936968014564,827.2803011516261,841.2025413004558,823.1457738068144,808.763401828342,761.9228834069294,710.8843185240963,630.8995547525683,679.8618209273727,485.83324768713544,525.1348335394698,602.8863265240778,634.6105031967163,758.1997530677962,792.3060649853747,836.6931933646083,849.3577917444776,716.4251773928808,650.6856587566696,909.4095770374421,794.9983023031017,933.0392572508508,741.7224086611803,800.4569484916236,577.0887643712408,596.5716460991922,546.2791600578545,814.2329655759045,873.8751214301145,948.2246391345822,906.5474013418351,875.906049273947,913.2665292730609,780.251601566233,887.9071920575428,906.0849436290229,818.8132867135434,876.0269788463464,825.5446167973716,872.6710267765507,888.989989391348,745.6237744855451,737.108660838643,572.0333529131128,635.1846769258574,468.10953333757925,470.69682849293025,704.6418913544202,695.0512077363201,741.9531081179355,821.4806562151227,728.5035741813338,736.0959626877506,490.4342506922285,463.834491259257,672.3171113295703,683.8407011069463,491.7004640467027,426.27039258058323,396.58394505797577,423.1243066094345,623.9559175669531,556.5060648794969,226.1670197580717,205.1762201677131,688.4821268717448,677.802436440678,708.3545501828194,697.9831231233761,721.5709225797774,670.504210362516,32.33585226793749,0.9580684487190512,27.145299572181322,32.539503778420375,92.53574939994185,92.35244208037533,226.65792401631674,370.54622926431546,686.1079378995029,743.9829867276278,745.5938001799103,769.4873823334899,693.785520067402,271.04416966438293,339.6214631771048,728.3726996060076
797.7905726517246,816.0422089400918,818.3465211258207,827.8677609052316,487.75063103077025,511.4866839647293,816.8742039412997,789.1548896464896,615.9619226844943,592.877284730067,765.1207325632979,700.812205983722,797.0658356026966,611.6512400418641,634.6008893862293,533.1171406066743,738.802272416969,761.9414657706834,784.8855182165387,816.3621257324219,417.12443049748737,442.83062343597413,787.0165191584335,806.1059942964523,533.1987339888568,580.866396851592,519.0129624256112,479.2904418839349,799.0710383001364,802.5724134657119,825.8022553851911,840.6723374430338,822.9191277714099,809.215869547526,765.2465406334918,711.6657847209149,629.3688088975814,674.0994727523239,482.153270474502,522.6200023108207,610.3328577260502,628.1557612419128,751.6710198777063,789.4452625292737,834.6356966913909,846.0976689210412,715.6600384850148,648.007090888657,911.2938360368051,793.9953461588303,932.3455286995631,740.8426372056875,802.0613549407822,571.332644665139,592.6428310028401,544.5987210141071,811.3749832871971,871.5926233927408,944.4963083946936,903.4793099372964,875.1467672596807,913.1679572133185,779.1798902972394,888.1763692765569,907.4374416977612,819.2260463773742,873.4843876870831,822.4622201616144,867.5862026336087,885.7831511945355,744.0654346362965,732.668809609335,571.1591728280443,635.0600283403934,464.8208651335343,470.26810895892936,702.637294581679,694.2654415146444,737.5395455867687,819.3727133614676,724.2937322448497,734.3864408359343,481.2898025306066,466.35624172846474,671.0720341886357,683.335244267528,481.9060532064999,426.9120657194392,393.87103994578746,421.2073472390158,626.2579354410311,554.3278236659368,234.83176590586933,214.4597950314998,678.7171122233073,672.5368140269134,704.9795197248459,697.2851745467381,719.2202675894623,670.9142830389345,37.528770278747146,1.7271154334975614,29.709688154164326,35.19232057343595,96.8882713147673,96.24592237951614,241.42066944970026,386.60245921331295,674.304726340554,737.316123268821,743.3580639730363,764.6917917758603,693.2675374348959,275.40817455659834,354.581433838064,694.3073667328933
800.7961154834157,818.6142259721804,820.8601883605885,829.8921912903804,487.7781660778578,513.2879109382629,817.2637304645873,790.8672038496302,618.5787831812489,596.3834556126204,763.20209692358,697.8990769401429,797.9596614412337,610.0314540974042,635.6542816873807,535.0250895691864,733.5632309032277,753.745692712524,786.6048731895243,818.6527830810547,419.6675097147624,446.51051502227784,786.7054285872379,805.0658488500686,532.5239749828559,581.5235797756321,520.305312562384,481.7081368499332,794.2262809321566,798.5755865403164,823.5673616664616,839.0608660888672,822.6095147860252,808.1711532931857,763.9253810716712,711.3857638807182,629.8206559235829,674.4666714138455,486.1047934847219,522.4883026380218,604.429991675205,627.7489376068115,752.4924600644717,787.3222402418959,832.7125105711743,845.4411220438997,712.5989486580053,646.2998053177254,910.7840907619845,793.7860065135789,932.6634695085013,740.8041940483769,801.445949793931,569.6687813225915,592.7810945222899,545.2235834774136,812.2894978016648,875.7643929190106,950.726654678905,912.170572441917,878.9036649222996,917.4020389760678,775.927749680452,886.3736538877213,908.5952171211812,818.3580632930579,879.3055739670657,826.11141605669,873.4861440476338,892.0178489052788,743.2663773545274,735.6245688766729,568.9069360855523,633.8481953938802,463.682847617329,469.4150850537797,701.6758361566262,692.5891797077606,734.5210753095911,819.5357818603516,724.0395785803082,732.7787037407002,481.01803543368976,463.55418210546173,671.2987387562638,682.0592466369767,488.27032744463753,424.9723583774016,394.1397839759787,420.9086122411582,621.9155008539317,554.2807514627774,228.92416320608376,209.33358730901955,688.7188334147136,675.1320190429688,708.3020313084126,698.227512100703,716.4925514687109,668.9118617367919,35.24157069873457,1.3991321910586623,28.399510517184822,33.69018033155569,95.04879984270198,96.49454935155408,235.27292230394153,375.73672994533007,676.2685602361506,740.9453890713778,739.7238542185534,764.8396048244042,690.6817124310662,271.9610436046333,348.12247320377463,688.1543010843211
799.4110123545389,817.1762709346684,822.1347451499186,830.1613139270312,492.68138867755266,517.1905985900333,819.2476369430138,792.5322426037078,623.2578496446415,602.3851472745176,762.6306508072023,700.6635033985925,801.3218760416806,611.7692994608087,640.724843925208,538.6004152428128,737.5813737480561,755.0828355950771,785.5348363415949,818.9179289550781,425.01803376939563,448.95872599283854,789.0870277905705,806.5556905610221,537.2018803501628,580.8034643655295,522.9683068206956,486.61263436741297,799.1953980067991,802.9021184473862,826.9900378129614,841.5426007080079,823.3233197745631,808.8187969292535,766.9401600713315,711.3930892025131,634.7914825305014,680.2966739513256,487.53053260701046,524.8674540358983,608.1771560418802,635.8020777702332,755.7908974895402,790.0325321721805,836.9968451909036,847.9217611390944,718.8051832677904,650.6467299994889,910.7120665334886,795.0662188823621,935.1099548732606,743.3750175380371,801.9596810661624,578.2892875180524,598.2564721607188,548.9244113522543,812.0149697244233,874.2245669497383,947.5770091310176,907.1321742073903,877.5063678243886,915.6624442736307,777.8152471419868,888.5092217132387,908.1870693377595,820.4483688810999,877.3410220071171,827.1136169380538,870.579954353867,887.754763439874,749.7834550324861,740.1682876837058,573.7062538916912,636.9273634080763,467.39128953132075,470.6720976493728,706.8999166019628,697.4981861668504,739.8467900702294,821.7109244210379,726.9182650102052,735.6149870924116,493.0805414346854,465.063343334198,674.5250199927108,685.4774118593955,495.3335205078125,427.06673784462555,396.61935975464684,422.25736041560646,624.3083537284708,557.0395678955316,228.88221834103265,208.61862581723295,695.3912841796875,679.4418060819982,709.521409869194,698.8724611032063,722.2636108689636,671.673332587431,33.50104930599857,1.0573933883397668,27.9455914396344,33.4123808630264,94.2569506670132,94.41613639973264,228.4147563510471,375.9178930801504,686.6724298650569,738.2734996448863,741.1828240516202,767.9414802261546,693.9660129921109,274.1809334671288,345.46752357753843,679.734499174973
800.0722180741456,818.017525712649,821.2844129600933,830.6975131699763,489.92333625083745,513.904797247478,820.6510082482275,792.8395948077263,618.3006663419762,596.0555206439534,767.4850969702247,702.5489352513873,800.2260682775062,613.6567992826223,638.5331345553421,536.3292156460859,738.2510322462326,761.8324081414562,788.4137021353419,817.4265469970703,420.2553905381097,443.96864630381265,791.0501254000533,808.3845240880572,535.6336342976356,582.9536667708512,523.0364456598271,483.17005080646936,798.8045582321455,801.8101988992573,828.8869684975291,844.8308156331381,825.5237610380528,811.1857415093316,770.3497250764266,714.5185800575348,636.0758267709338,679.7081683123553,485.0579549074173,524.4716826592492,614.1121856189164,634.1129984855652,754.7208254772519,792.6876550466528,838.4455929254091,849.904387981571,719.836924801188,651.0668771250265,916.3188428694202,797.8611234961367,936.370730798984,744.3463785192616,809.0104530060772,577.5733570164325,597.3100392272163,547.4620552921451,811.9619701506666,874.9933856990602,948.6714836433691,909.2996355382408,877.9075201150646,918.3458196572888,778.3014940734304,888.7748708774033,912.8397615347336,823.2209428554974,880.0172865406851,828.5279883807823,869.587371048654,892.4730811356181,749.2128068391268,739.3756848944993,573.9242534112493,636.6209089270918,464.5320339479308,472.2076699700154,705.8940435941103,696.912325403997,736.3570692995761,816.956292288644,723.822030546108,735.2875734617038,480.51138957947495,466.728787911733,675.0592429004051,687.1417076980513,484.8621469834272,428.61132345647155,395.0695633940243,422.6705024233876,629.0001852751278,556.5733842798074,235.68738003149716,216.60418353324206,676.9263366699219,672.5377207610567,706.240399479866,699.8253566690161,722.0475801365976,675.7341156099128,38.38861606691621,1.8540277312337248,30.010883297139173,35.551419211862545,96.70922380571047,96.96077854622916,242.53529029422336,384.0859196168535,673.1082985617898,737.1932151100852,748.0234161991401,767.4313574682308,694.8810245289523,276.1360267003377,353.6577084714716,693.7154246363147
802.943291115789,820.7143755458823,824.1356564407258,833.563237429615,492.6556426669276,515.4538575070245,821.8118444574459,793.9872117192695,623.4452760657485,599.7283966033185,765.667384388001,700.1904963720413,800.9667234338987,611.9938047849215,639.2663007328166,536.5717670473804,734.8159144975563,754.8396500147062,790.5331851769224,820.2867390136719,424.5041421254476,447.7167263031006,792.9537046468275,808.5962766011556,534.9812213138761,582.2396055997073,524.0116743224761,485.2340547243754,795.2301569524801,799.6598708164545,826.9568271586901,842.5030082194011,826.9963139679472,811.003714328342,770.8338124150815,715.6760952501412,631.1728137852336,677.4253477873625,484.4783958122134,523.5556434031283,607.6884985751793,626.9585485458374,756.9714950843463,792.1008971155537,836.9750587189399,849.9492373996311,717.4537670356183,653.9448497812231,915.6643354454349,797.6884103366706,936.3960174207061,742.644745998939,809.4710219686876,581.7227954518269,597.2173111409107,548.4543180418873,813.4958556928352,878.6034439095745,955.1750602639777,917.0505059977634,882.4835012419328,920.2328985701872,776.1460852200103,888.3952048089769,914.9610550154501,823.4974977175394,886.4622494151083,831.6294850069557,877.8779962138765,895.9670824925544,747.8547862284893,738.832407966989,570.8217153286715,635.1989295596168,462.81203405407894,467.8793438118948,702.6716863913614,693.2065979257164,737.341804666722,818.3660757882254,721.7844943342537,733.6843953373435,481.5719661307335,465.3751202360789,674.7528305078919,685.9311176790924,479.5129357730641,426.7432144316525,395.2774687496324,423.9875780390897,625.9973276969937,559.4292310651143,231.15223710941737,211.49631208686583,689.7627034505208,680.0914968716896,709.5318208634853,699.8591331033145,722.3337109883627,672.2392942573156,35.82478510339953,1.5176372546702623,28.571230692142265,34.137529668499646,95.51690255995328,97.42269380942427,240.74021180470785,382.06759002717104,690.6751043146306,740.0999567205256,744.352310487888,768.7598262738578,692.8582045611213,273.2530454627255,350.62647035988897,722.3412328259699
800.6938078879184,819.2986750858648,824.3327807450266,834.3611394494653,493.68566262888356,517.801675098283,821.0141865892077,794.1840247231341,622.9018467591733,601.0179584847122,762.9447704408227,699.3133838532463,799.5884108109908,612.4343571863194,639.5026793296064,540.4312205042496,734.7293444448172,755.2906151839665,787.9805080954599,821.0872292480469,423.92165152231854,450.58178736368814,792.588561081439,809.6349842132084,540.5991056951552,585.7256218836858,525.388555874482,488.1144408384959,796.4378175555535,801.5342631775655,828.4325872306123,843.325151163737,825.1932922621904,811.4509328884549,769.3623444930366,715.0141399337584,632.5630050860838,680.6858562893337,490.00245183706284,526.7424320120937,606.7994965099898,632.8349571228027,760.4885716301109,792.3733495197025,838.5058581028808,850.2243259719938,722.2572445514774,655.7445143552927,914.245056404606,797.1615499681042,937.9237296989372,746.1805335539927,804.7860435242076,582.8201863695593,600.9056730405899,551.3765167791988,813.6957493726683,876.2178530957964,950.481837525996,910.7188646341577,877.6249143915591,917.487306037767,775.647317775528,886.9416495978587,910.0081579863136,824.0380278397593,883.2645555389062,830.8380359999825,875.2389056454798,893.9995687073765,749.6439784281963,738.9062712622471,570.5013534125932,635.8218218650653,466.1406555175781,470.5067194549131,704.8259311113201,696.3490529673722,734.8997530024102,822.3397500174386,725.1671602972623,734.381011802518,492.3504034686089,465.99102436383566,674.6008727069468,686.2524114248307,495.2489739361931,429.1602888761445,397.71633996721357,423.8345069396482,627.620297621651,561.0896457606555,230.80835649831636,210.35184734334544,703.904471842448,682.6526928917837,711.1855560541153,700.7689314622146,722.7587675429482,671.42338208989,33.762936543501716,1.173194532510307,28.138641899476728,33.69613874221208,95.37454466179226,95.47624536045835,230.9094623989529,379.23369209906633,684.4212480024858,746.5438165838068,743.0823143056575,770.5636824595778,696.9768868240656,275.2797606618781,346.9307256119721,690.9224074791217
798.6623307985849,817.4437565059975,821.4343099015788,831.4926225882602,490.45690301407217,515.0977770260403,819.1301202408188,791.1431139617271,619.4560649249019,596.4147845799806,764.9936310992978,702.364809127081,800.4536651820711,612.7405583742659,637.2599225895322,537.6000648325785,739.9399788662156,761.7746176830558,786.8990932186902,816.1222869873047,423.1020008722941,448.06440041859946,791.549351613759,808.4943632436177,542.9915139462935,585.7426400865827,524.0412244849442,483.5008121596442,798.2132156659972,802.3188930181809,828.900752831006,843.2540588378906,826.3928115327479,809.0330631510417,768.9658999235734,716.0006158667875,636.9368753979385,679.7133660493074,486.732532149979,525.9020150931141,612.4016238353291,633.6521010398865,758.0812644381372,793.8943990553724,841.1638939971712,850.4624619511833,722.5339666831592,655.6726117317493,915.6217228397246,797.3921527359144,938.3686476109724,745.1125329389898,811.3635801306755,576.8159757127949,598.6215420694059,548.1566856746392,812.6523932533222,875.1968429088593,949.2615421039754,909.1130623593787,877.7530571713655,916.7225350994122,778.5547085916595,887.7083426561866,912.6783779770581,824.1235823261645,881.9350140132261,828.7659562605644,869.9583863179395,891.634816543832,744.8062142037056,737.0043244909068,573.2935466241399,635.360802984857,464.69309179333675,469.3331367600132,704.6546598340644,695.5338270258607,738.9762281052609,818.3100433349609,724.0655605272315,736.0645336653646,486.3487020889918,468.11705076853434,675.5222285871464,687.150041999527,492.2589641795439,429.71241247955214,396.31628652537864,424.33440162967867,630.7436700307674,558.9429325032235,236.97671512629907,217.70072245067155,686.1047017415365,675.5193476272842,707.6938081979752,699.7728917048528,722.852537674455,675.1421788269267,38.15756915137172,1.9070168099124674,29.924865513397485,35.73710321379559,96.73227021560709,97.47630999162192,243.05607589085898,387.7117953791338,668.78857421875,736.4086714311079,749.9641672428822,769.092334988751,694.3414450252758,278.58762377186827,357.6600089145429,690.0818039466595
802.0600661600917,820.8960004605428,824.5059531684722,833.8350029295659,491.4506220884101,516.0082795960562,821.307604569405,793.8568165555913,621.1666056671921,599.4740441431765,763.8954808615088,700.8687835996113,801.5182030286838,613.2982145055586,637.875548604709,536.7866198620193,735.8972788444628,756.880963141736,787.5370220315867,819.0185405273437,422.97028213077124,452.1700732549032,792.935425104689,809.4044531489176,537.473488033754,586.0374402056683,526.4776023738292,486.84872221946716,793.9481751064085,797.218467279128,826.6032963149504,840.1649829101563,827.6199214094776,809.8808460828993,768.251051396909,717.7521781461785,631.3923280018541,678.7138635140878,484.05301860507046,525.3467293928625,600.1145885029778,628.8924040794373,758.3585272138081,792.759428774576,840.6097019123832,853.3835510789303,719.3732875713632,656.6809110734221,916.487980873354,800.3734987656043,939.219164481341,745.4603691806255,809.8901705891562,587.9494408254019,598.3993857554814,550.4333166475187,815.4962169902087,879.7083461770305,955.8928144879269,918.8094221619683,882.9566548488451,921.8339050996651,778.1605083687225,888.4993229442173,915.5695372624184,826.847790668177,885.6648865158638,831.3350216092255,877.0312804203884,896.7010836943737,746.4647712363853,736.8293972328061,568.7086537212407,634.0155064966772,463.0088140515314,464.9086669062225,702.0358024972384,691.3035387221214,737.3556700361536,820.7576108660016,722.2914929737076,734.4334762489722,479.2893592305978,466.1643311192592,673.2637533885267,687.0084304862779,482.9624601925121,427.02162137186485,397.17349508528906,424.59198184178183,626.139166990488,558.4937007117271,229.58526859764189,208.5832917144376,683.6434753417968,677.4509085962328,709.5243320763111,699.450542398168,721.2602179917974,670.0198396202404,33.89968667993028,1.2480593110952112,27.757960383447536,33.28936843265593,93.6108309423189,94.21636762793091,229.78703530629477,377.1558399305624,670.6909013227983,744.3908824573864,744.8468830697489,768.3063404710987,693.9724492091758,272.0613408757929,343.55901572232443,760.9160240436422
799.058781850155,819.131140571652,821.7961092845721,831.5838608608777,491.73060793765757,514.680132491248,817.9580844056372,790.6199897344062,618.0419271819445,595.9643149063236,761.3059434037867,698.5840480986095,795.9967989520798,609.5308392327806,634.5336770347102,535.1214510087044,734.6472865100155,756.0491011926898,785.3500282609143,817.6104302978515,421.53359095255536,448.43509267171225,788.7151215320714,807.8714303970337,539.1410513473431,584.2024805257608,523.2723599850143,483.7786869208018,793.2974791616764,798.1352230119116,823.1191749072137,839.3488781738281,820.8145254102803,807.2935298665365,763.4320731784986,717.3968200683594,632.5635334972768,677.0332634537308,487.753240094121,524.4736368343624,606.9498250992572,632.6109209060669,759.2449200186464,791.8898366051262,838.5077305593862,850.0023717155234,722.931704265027,655.5048699562366,914.8263842674994,798.1925690838319,937.9592249611323,745.185716858812,807.4383493603078,580.0127909802923,597.8382676420584,550.8920962041802,812.2580021568875,875.2695623459639,948.7423125693401,908.1697186511185,876.1671975309953,916.3494489000068,773.4834007706481,883.2896908006551,906.1337243834538,821.2603597517777,877.4754864896281,826.0992640149112,873.36021365026,892.6640515406488,744.073442545023,736.113893227499,567.9934545394477,633.8173727720847,462.3720711970675,469.2076673910651,700.1085235095414,690.6543714594544,732.2867516050948,819.2528239658901,722.0462436602946,733.8047481885602,487.2011161828041,466.7398018582662,673.0419901137835,685.8713747908813,491.06140823364257,429.2788964488446,396.5708880412082,423.4467435295164,626.8892125141363,559.1900689808527,233.93185785526617,215.24594547033078,694.9236002604167,673.2990324375993,707.4795257896185,699.9112792209263,720.5775205500556,671.8019538123916,36.69087084892549,1.6389227848913934,29.4679238306777,35.21818055988359,96.81178928883438,96.80931287535006,237.63808059692383,383.86733412742615,659.321943803267,737.9582852450284,745.0548443890258,766.332414844368,694.2473443723193,275.64676339584486,353.98849510424066,695.9027541588092
800.6290444618414,820.5025735955046,820.068944021581,831.1349226279087,491.6858323829119,517.894240123885,816.911802924401,789.9681157570697,621.5522564868538,599.3858036135064,764.4597775994278,701.8066562773689,800.1657453900136,611.8243620810721,636.6961068300466,537.5560380992464,738.6992528110884,760.2183865843422,787.8435626852101,818.1743489990234,424.35632122887506,450.86923084259035,787.024891794158,806.1429080433315,538.185808711027,582.4189649938227,524.4567923361425,486.74386262893677,795.7474608511295,800.6313787012924,823.1598409817914,838.7902575683594,821.4398565777277,806.6556424967448,762.6786387567935,712.0922572124435,631.6556593437027,679.2879895810728,484.1784944193704,524.8398963128136,606.9937804175205,631.2734532356262,759.740334508911,794.8531001665016,841.3170837333275,854.893392016316,722.2013449195988,654.6135925296303,917.8629100814942,800.383248594849,939.8655971296353,745.0641514367501,811.0033075649108,581.3315770111832,597.9107258764508,549.8339155793385,814.6890147816051,879.3072002596325,953.4535632205576,914.5833167457223,880.3404426375679,916.9365795592274,776.7944853896395,885.0033561138459,911.8086850749912,821.6194278485399,879.809556922484,827.5238073532041,872.3953304898207,894.7192352463527,741.9549376341673,733.1104582489514,569.1331882301821,633.5518628405287,461.6660375180452,466.61292148643815,698.1816431264408,690.3791013852194,737.5040289696227,817.1319274902344,724.3929223831586,737.1261055727196,485.362568475008,467.68670712947846,674.0715175393394,687.5529391301437,491.0967700733858,428.27167361565876,395.47927085931104,424.08488678790104,625.124614477798,554.7348190557957,230.23546967689913,210.73894783487202,683.8174540201823,676.3164222846597,707.6071728765965,697.8939149606282,719.6298302318,669.1395706325987,35.29231105749741,1.5451233202970966,28.49102874605006,34.09933987355616,93.89610993754454,95.37137452567558,232.16933647791544,373.7694705198793,672.5451216264205,736.7967806729404,746.5274463627962,763.0215718716006,692.0468558517157,271.1767015938173,347.05834156455415,701.8211543642242
801.9177674402735,822.2753378995741,822.277231876405,832.5117064472214,492.7931331900663,517.0934825965336,818.047713426881,791.3293735780107,620.0756848588281,598.6247126157167,764.0433531660375,701.4836229233515,797.8120779361365,611.5276444373343,636.9748355476418,535.2365728359364,737.4942812806622,757.2626413982176,786.3912464594932,819.513447265625,424.95000733269586,450.6366357167562,788.7670198911196,807.7219218072437,537.3202823618943,582.3588151407765,523.8163094704981,486.4817632039388,792.585287993809,797.3884051287615,822.3833558891076,838.0258905029297,821.6872481006687,807.4041292317709,763.8677792756454,713.7358986728162,627.1121713915585,676.0988607053404,485.69427912575856,524.382068005394,604.0899683217533,626.5181856155396,760.9913667099817,796.0802602903537,842.1687310937388,855.410926328068,723.9395585483755,656.731405945091,918.4302837925572,801.8830594149503,940.0623145183234,748.5959246969319,811.1076103689425,584.709475608433,599.4699651640219,553.2894840927249,814.9931901344726,878.8699243333605,951.6290858950522,910.8829972408503,880.5082922363281,917.875447060298,775.6878623845745,886.56561690201,907.5019093983209,822.5099612033953,878.4746628686283,825.7406974150508,876.079433319675,893.3024485888402,744.6425682961403,733.842390591981,566.8727738966636,631.7276373528815,464.0960341743801,467.3428078235035,699.2627681044281,690.6375315812613,731.5781574655086,821.9930681501116,722.475694707527,736.1602270148736,481.19122076034546,467.1964678351084,673.6168411229676,687.4360180711701,482.1512491113999,427.84694202368007,396.85397331851226,425.03742611479277,625.5444774371786,556.9226035471758,233.0152259908651,213.43886774224632,682.9451904296875,678.7521569203523,708.9944683909416,698.3073282026057,720.6847683855596,671.6132880213208,35.60940700274353,1.4761999168605715,28.854978570308056,34.611936871869794,95.12848466021667,96.27154442675973,239.86212571461996,383.83670734307344,683.7554376775569,734.1361095081676,740.9346862383337,765.4882495735266,694.4281688017004,275.6203554324936,349.32499449903315,705.8388650828394
802.2143867609774,823.1491452034168,818.8668333999325,830.900302218251,489.6184203214424,513.9768597057888,816.7555156945166,790.428072753257,616.5563726814426,592.8164853033472,766.2639542246253,702.248521998572,798.8569442722851,610.4311177334805,635.09247917441,535.5020307346846,742.1269824855135,763.3691900449734,789.9147409022539,819.6874359130859,425.5913491778904,450.68614908854164,786.2139551842539,805.0423774870616,538.4245290706295,581.9213683998191,522.8933742797177,482.9954462316301,797.8187907956681,802.1267657998168,821.8974763164371,839.271303914388,820.1603609505346,806.4896925184462,762.6975219726562,712.7066609945642,635.9162744866594,679.7051809805411,484.6934322225196,524.4702980955889,610.9015622998847,631.6771469116211,761.9792974373651,797.280883716746,841.7475916203682,853.9006517198351,726.2272897436599,657.5407572242764,918.5985926258949,800.4843344366795,940.4648025296676,745.8859678475669,809.6756176285679,580.73458456175,599.5304942918713,551.6267167511236,815.4327690400273,880.1958381025879,954.8517308739813,915.0917961414044,879.6946739661175,916.3556820227491,777.7349382219694,884.809212322711,908.3228053761952,819.4492276426433,879.9019252519929,826.4414155426874,873.1953291680403,894.505516768819,741.3340398427603,731.8461049814694,568.4749128709145,631.6030636742001,462.6715704876444,467.56592011787524,699.3942271998671,690.9075904941163,736.9999142910572,822.0853903634207,725.270704569031,738.7771234979946,491.05807825565336,468.51073163350424,675.5403016039978,689.5948501955806,492.05633181403664,428.80650278635403,394.9348572349797,423.7752286055091,624.1101806132987,556.7748922920227,233.7058456806397,215.1042595922767,689.7858520507813,672.9569867667506,705.7881110310555,699.8723521167876,722.119720196906,672.5338879331108,36.91356327688616,1.7477998295040043,29.666533786881967,35.55650452423641,96.58476633504387,97.78546522621826,237.64415078692966,386.8683149078313,669.5513527610085,730.9056906960227,744.5401799758808,761.599100813081,690.9940041934742,276.51417062993636,353.8764924569563,686.1552671235183
803.7933557413545,824.0639358783009,823.5307281984019,833.8324855789245,494.2297533434491,519.9646054336002,819.8036509820364,792.382881625561,624.1861183789312,603.8326235755545,767.7907394316138,705.2326644897461,803.6861301899775,613.6204144954681,644.1385811383451,542.3066289525469,742.7318628681779,763.5509990616098,789.1697267261958,821.8535646972656,425.0342212253147,457.2668086369832,791.4812354601135,808.7193502168807,539.443710716607,583.0780378907591,530.058264463646,494.2353811264038,798.5454258468916,803.3761278694059,827.2290761552144,841.4416615804037,824.9984963627185,810.5204006618924,764.1447127632473,712.120408391378,630.8192626012054,680.8858682137949,487.39836221933365,528.1759119641022,602.696056928791,630.915780544281,766.8491177785965,800.4137917468898,846.7001012221684,860.7309523019177,726.3299985877738,659.9774780573545,919.3222787426364,804.2733326014186,943.3724399011875,748.4627045552495,816.802147424809,591.5979936426761,604.2992594161635,555.6349509546683,817.8351415360484,882.6656136115392,957.2068866045892,917.6767632196365,884.5234146781589,919.9042468873429,779.0240916214223,889.5126435906308,913.1502993000088,825.3840523848854,884.2968787675493,831.0252425362238,877.2102405037849,897.9619155799486,746.2045675741659,734.15788944432,569.5784930307931,633.26256280544,463.627796560094,467.76163493411644,700.0009665567367,692.1868450750454,745.2556476998836,828.9947095598493,728.9562720229343,742.6130902987817,483.2553290907604,470.7694495455424,677.3019053698637,692.6483590029753,486.7165613959817,429.340757893311,398.2308277732227,427.66185760412793,625.0208300868419,556.7885140144825,228.94237680001945,208.97070811548357,684.8044820149739,676.2402085126456,712.1738662719727,699.7249629853537,722.5100228889601,672.3145599038793,32.41926446961435,1.2097487872949353,27.64102723702613,33.403746016149825,92.76933723082546,93.90500913838785,228.39047574996948,373.10295762034025,683.0421364524148,742.8698874733665,746.4142114012034,768.1165080010137,693.668711942785,271.41365926307543,340.17574323307383,708.9795932112069
801.9246449025773,824.0292942752742,820.9771464934105,832.0410938414919,490.62845427823623,514.3067488925798,817.4278925174541,791.0588737650121,616.5942858871149,593.8641619291462,764.7653526988456,701.8512549506294,796.9059776188375,610.3176876060393,636.18804110342,534.7492904757744,741.6489778491558,762.7126530713813,789.0336189123863,819.0218303222656,425.9195279545254,447.7144831975301,790.507050413762,808.2650489201621,537.1885329740834,584.6282473763267,526.3743391932703,484.53070240550574,796.8767747699089,800.2625328534915,823.8517693146633,840.6880466715495,823.4231934628244,809.4607001410591,764.170581585428,716.3405239610787,633.5667875180685,678.7819439923322,485.2970562790121,524.3697107579378,609.7882285196273,631.4957594871521,762.8220588440696,800.5852646669505,845.9581652484565,856.9822557237413,727.3807677769464,663.020379318224,920.4644441373887,804.2041848929397,941.1197338521557,749.249994509177,811.5523675076096,591.073424419936,600.3593947832369,553.7603584077276,816.5126093418418,881.3743791756807,953.758845055335,912.158351590441,878.8861518130095,915.9838032182366,775.6746267149572,887.4121271129007,907.7602176950938,823.0251294814955,882.1397954962226,828.3718480732246,875.1870284353852,896.893063877169,740.6897145864126,731.2037387285076,567.515013948493,631.9557829357329,465.0721369204314,467.83599724568114,698.8534802296123,692.303492122666,737.0339069772274,824.4512666974749,725.2368817968844,740.8030282110799,481.03570839007693,471.19418484369913,676.2764625742572,690.5901143376531,484.81439787920783,430.69624431210735,396.31272945987683,425.67038946185835,625.8941629223199,558.3270456926028,234.23277812040652,215.4252542169611,679.8449300130209,675.0719764838784,708.4729578346014,700.6063980862026,721.9803782358728,673.3353783717074,37.12082794749815,1.8552721523576312,29.77782921463021,35.6132532470078,96.92032697010714,97.59396046996918,245.38968065049914,389.6437412833466,678.7667236328125,729.4150113192471,744.8646817815384,764.9700294204905,693.6017192765778,278.31369818302625,354.8310192787286,675.2319167564655
802.4475308522987,825.0908964884402,822.6405248789384,833.7320901711148,494.9514187147451,518.6346641438348,818.8343150861631,792.7689434197608,624.2393427479024,601.1379476687947,766.9522825256596,702.9595606364901,801.7663470050687,611.176113019588,644.1889914635996,541.697044109884,745.5308900806011,763.3458068085667,789.6426717823949,821.8808167724609,431.79505740271674,458.72486941019696,791.4944335337497,809.0140031254481,542.4294862797123,585.7163199330424,528.372331988087,492.45323287116156,799.46564555618,804.8947089301215,827.4414674453535,840.8431404622396,824.6694202746376,810.1826028103299,765.6801285453465,714.6098529861634,636.6490721849618,682.736395517985,489.05309775897433,527.3110748748207,612.0652816022028,636.0009069442749,770.3990464078056,802.9948261857597,849.2710314341574,860.695506848787,732.1445183241663,664.4793927827915,922.9252368742419,805.3712115357698,944.6439559524124,750.6403913737782,818.459615100125,596.7711058107077,605.7843844378185,557.7459885040008,817.5240595505245,884.9525834145369,959.5879607890646,920.5483686543763,881.9427598505434,914.6718022325664,780.1832437777738,887.3473497585014,912.2171824441027,822.9577647807986,887.7899538190177,833.4795351253929,877.4269510742965,901.6069774311551,742.7351643330342,733.2032339377481,568.7131441448806,632.4519004656639,464.0744907545007,467.5334975551551,701.9435688706695,693.2785015185344,743.826243299119,824.1328669956753,729.2377036083703,743.9552599162027,493.0139962991079,471.2699274492264,679.8702242384924,692.9676303686919,495.8237779056325,430.8525975809201,397.8743760761184,428.44446405892717,627.1334571977393,559.4533136105538,231.50845507064972,212.89779079861478,700.7051595052084,685.6621429960607,712.2120344638824,701.3246118536902,725.0123364882918,673.0693496153815,35.794943619617506,1.6035908223854172,28.58409506594448,34.2158498105144,94.85269021797237,96.31201500113133,233.4808456632826,375.8778517000815,660.3378406871449,737.6578957297585,747.4947419646602,767.3196519296381,694.1052018707874,272.87336061816467,347.09148664907974,691.4568102606412
801.5689131861735,822.1833617145365,823.6495350079077,833.642214687697,493.70837770949964,516.6524055429867,820.2774496899643,792.0522870100306,621.9781250175165,598.2600051223254,767.8425705452275,703.376899943276,801.8037883568792,612.1787297194786,643.1831120875345,538.2564159421707,743.0050746682696,762.4251697285231,788.4371312751624,818.907853515625,423.2992836634318,456.6701758066813,796.6846504238949,812.041885989053,541.2667280766352,583.9505032969045,526.9228682122837,489.8905641237895,797.8085151528412,800.949129533179,828.1734902689776,842.8634806315105,827.1479580119504,810.2843680826822,768.282080078125,713.3117723579867,632.6846626718664,681.417527657968,485.34404447249005,527.2198778645376,608.4945893834849,629.7868504524231,765.649620411888,802.709865262723,848.5901775589228,861.3760162710446,732.4553888671654,666.314040554987,924.1877721248135,807.7154417513402,945.479036819674,754.9044620074496,821.0320081839112,601.1152739711837,605.9743714612076,559.1043760156085,815.9703621503949,882.3315964539846,953.6769193645173,914.7938744901045,880.5892785113791,914.057860834313,779.3376601099603,889.2595276013324,910.7091734017898,823.4157462144699,886.0850964664073,831.6499452710317,875.8871229621255,895.9191572494929,747.6505126953125,737.0070556890769,570.5923768489732,634.4990353274655,464.669348232988,469.06816853268043,702.0082392458056,694.682378745178,740.5309656021443,823.3252040318081,727.4751569667538,741.5912893381567,480.3524169452985,473.2962511730194,678.7409004070686,692.5376461125054,485.8627011467429,431.4310333995613,397.50671888080734,428.97943607644044,628.9757858724705,560.4068326234817,233.88938813940277,215.03421478200576,681.8700236002604,672.0289348020392,710.3701834976673,702.2670341595266,725.1006804604567,675.5809736321783,35.266574803690766,1.5841577139165666,28.79943748991086,34.88230598972212,94.48693635558762,95.66259695803846,237.54893249935574,388.5043561598834,677.9591064453125,739.6783380681818,749.1347355170537,771.501849210715,696.1957457299326,275.55440267345364,348.7279897819866,714.670687971444
801.4879457187765,823.138851711771,822.4106244961515,832.8433208921516,493.92789029187935,517.0208150999887,819.2283501848642,792.439707797436,622.0901534022117,598.5424278681395,766.9356846538017,701.381981459118,799.8718291294105,610.3887356553483,642.6635286037009,538.8754573853377,742.5145378655167,760.8415681618789,789.1361106200236,819.9370899658203,426.08678828345404,458.69587860107424,792.8067830678876,808.966212325626,539.2017999519228,583.6912767808516,527.4930443948145,491.0239315032959,796.327507019043,800.955876253858,825.2739837726583,841.2599928792317,825.1409568140062,810.2075044759115,767.132983929178,716.1290996505553,635.8723145203444,679.7384721261484,487.4698159247637,526.1243743753612,608.0435410796618,632.1200633049011,765.5346800126727,800.4519685862754,844.9156088364158,858.4188559905828,730.9683730897825,665.8969570298295,922.7135541854366,806.4993034877385,943.8333485921224,752.2614636958485,819.0923047600305,596.5483110231512,604.71331838435,558.483802431734,815.8052765928771,882.6548292460265,956.1101898127447,918.6672352545704,880.2436841351054,914.68967096088,778.0634922412557,885.8973272374137,909.8625326583634,820.8959716090244,887.6089702649062,832.8361619782215,877.1797909584774,899.7996635647769,747.2621620796822,734.6165971599642,569.3853503585956,633.3760274251302,464.0470510289289,468.1180260886609,698.8896720761159,691.7879828615307,736.3604931121176,821.5516869681222,725.667898886962,739.4237035318632,484.73060710748035,469.4576192696889,677.8173072495649,689.1949251909429,491.5617053761202,430.0261575134222,397.4111959012225,427.76144635663127,626.4910888505301,560.8325322254499,231.67859298563604,213.16204718107514,696.762880452474,675.2838088213388,709.5294366180897,702.1748112812301,723.0670210568959,673.5052221386824,36.3984938282826,1.6342170847786797,28.97858819402074,34.790526190767245,95.38392415641414,97.77256932994851,240.02528731028238,385.1050463459071,679.010703346946,739.1761818625711,744.4994715748218,767.8878807357595,693.1180623372396,275.78650024219564,351.9823155583757,691.4534575363685
799.4701526916576,818.6776425272527,823.7540505281102,832.7044669679436,496.6626005926798,518.8142961944852,820.8329356812252,791.808961691349,624.2304111208234,601.8251097085046,766.053445676478,703.2182785155281,804.0969345590058,613.1033951521885,646.2565021989358,541.0351399665435,743.661957004059,762.2167893343194,785.6442727859907,817.9239959716797,428.9103190104167,458.0672120412191,794.22034731503,809.7623423848834,542.3499188048677,584.5815252995753,527.5693680146782,493.0308930608961,798.6608459184755,803.4088038315008,829.8333056192073,843.1017024739583,827.0472780647924,809.8009316677517,768.172509765625,713.8730711419898,634.1105926782549,681.4975850140607,489.51732731291224,528.2785875984792,610.4631422699475,632.0803847312927,766.9540107972801,802.9565181641782,847.4303270897161,862.2261182104635,731.8454661960444,666.0745940525215,921.802772232794,805.2434669338014,945.6560329402889,753.7207792004349,823.0351369712384,599.6480869428784,606.8885692305082,559.0330313371949,814.4612705861621,878.8890985471231,952.0568242577704,911.6126958657385,880.0076719599185,914.6428946194911,779.6926076346581,887.7668554086254,912.992011682311,822.6461775902881,886.8656768991706,833.941774683967,872.803916299419,893.1458939188751,746.7991485595703,737.3053543841253,569.4574772546051,634.8416177328531,465.10510895217675,470.00496834768376,702.5511099393251,693.8879295760665,742.6339033410904,823.2128154209682,729.6803875042561,742.1084340672467,490.141369467179,472.4074284505844,680.3408992696964,691.9541534847683,492.652561636532,430.82350923008005,398.7819442761441,428.15641155174717,629.7042115188515,562.4756088570754,232.7021648105734,214.84489996887095,686.733085123698,678.6603662523173,711.0026268362999,701.3749028891999,724.5663898846575,675.826200112154,35.155912925501504,1.5817560000690045,28.49701354119487,34.56711900248603,94.60257567563293,95.69060281247542,235.38438404930963,384.7617119252682,671.8018521395596,743.8296952681108,751.1070239175887,771.049312156967,696.1111761354932,274.91501919010227,347.01213906750536,709.4999073949353
801.1060591228174,821.7495684172168,821.2518093775909,832.4902086067959,492.6999361659205,515.2167659316744,819.8557970286025,792.4927689832322,617.4765427550491,595.7002572700626,767.1464399632399,702.9767845880417,801.1797435361361,613.3151364007942,640.0635340723825,536.1441441244878,742.9665593151798,762.344717054272,789.4449483352603,818.4754714355469,426.8410473929511,454.4596935272217,793.3620441734017,809.0874783690014,539.788091839296,585.8270520430344,527.6166128506318,486.65097676383124,797.8337998300228,801.7417272497106,825.9035671764784,841.688154703776,827.5685481701867,810.1375562879774,765.6576532778532,713.8034517219268,634.6449006202463,678.7577458134404,483.2400108107499,524.4514486477169,610.2983313388512,629.9376945495605,759.0343939595753,799.3288700772688,842.6823989793783,857.5715739824618,728.5092358667988,662.5808350439672,921.5675692465998,805.6262323821395,942.8833821418202,750.5027169696762,821.9732767626843,595.5227034746432,602.336464841243,553.917723316998,814.7861958531926,881.601332894078,954.931896135565,917.9507782776852,879.2588765285326,916.2652723179666,777.0387462184334,887.3595323653378,914.028638241896,824.3733060926738,888.0983226015327,833.3188764229935,874.9742270791606,896.2700171707744,743.77532553458,734.835518758805,569.8680083948537,634.7447314241748,463.4344296662704,468.3553789165658,698.6508082405466,691.1407363068513,735.9352780605884,818.9864807128906,723.4748834193438,739.2781528968837,482.1034888911247,469.94975862503054,677.1371795066128,690.3523208264046,484.4921848521513,428.73860026955174,394.45660951112706,424.98714048792834,629.4124728732304,559.0609269412358,232.74648246733057,213.93084488723284,684.1167114257812,674.9327113264698,707.69530621171,701.5047484523031,723.2938412285337,673.876687635128,37.62046031047296,1.7124484799733317,29.20415539124489,35.207708076006384,95.72522569976094,97.08984474725621,243.5437970161438,389.8262547675301,665.9501786665483,735.7532570578835,746.8569061484113,768.7585429903827,694.2166544596354,275.6439306129489,351.7766428355015,754.5354361698545
801.9073429310336,822.3944226653889,823.7045953911635,833.3939900949182,497.0434114855389,520.3103199175426,820.2548008208994,792.7562078824957,622.8521516177119,602.3375423228155,765.5170719177743,700.0542663634769,802.556330162297,611.9046477878142,644.5531883055891,542.3248679324356,742.5497296952524,760.3116146314184,788.4563642479908,821.490099609375,432.7602294286092,460.3163537343343,793.7207664555801,809.9815991114057,540.0303525475307,584.8234737941196,532.644517930173,495.48788515726727,798.5931432472086,802.7759140203028,825.4769846197814,841.3079221598307,824.854560722739,809.5138069661458,763.6206744650136,713.72120023061,634.2696833673552,683.3091297856083,488.99003321358134,528.2340705242942,605.3208217933529,635.1053247451782,766.8278626007811,799.522238925735,843.262038572585,858.561638547663,731.0994828634026,663.5573069649142,919.2041391188098,803.8764580757387,943.3284588081036,750.4438935144087,814.597194936778,597.0175122273173,606.202853595067,556.6156655676822,816.488837452081,881.0986343180692,954.2855831335739,913.8941312006223,878.5055390731148,912.1448158446253,777.0815400756462,885.8071954466188,911.0147497831886,822.1904015257685,883.9416031698163,831.5384254084178,876.3596275961323,898.1497379534811,745.9365720319319,737.6702072893987,568.7744310011558,635.176270984468,463.8997871288355,468.19767567809197,700.4579361462203,690.8171494353362,736.8464809985871,826.3539014543805,728.5148860010607,741.1295196660974,494.2893906144177,470.7240826574961,678.4241806988149,691.0915710717327,495.0599791134105,430.3135698607682,398.4982362849793,425.94676289669235,626.5619748997121,561.5779401776691,228.1744030660608,209.0890690926575,703.6006530761719,682.4796778792041,712.9122141897678,703.0121061230137,723.5820680962871,671.6347875525141,32.54235002408294,1.1397687443980464,27.748766402631286,33.414883051163216,94.1759986918755,94.6414523159344,226.28234513600668,377.46789175622604,674.9249988902699,740.7046231356534,746.7502980072227,771.7028484103046,696.2537686217065,273.2258363143917,343.86561939210605,703.6681497508082
800.0947473519245,820.5933356676438,821.3061507380392,831.4540875803427,493.1660167028738,515.0620983839035,818.4430703816004,790.7562772158359,616.5680776907474,593.2917303491811,768.2566365652938,702.9260410248287,801.8776827463769,613.4154339946716,641.4706453494172,538.9863836297918,746.7526934293774,766.927123185408,789.5747445643633,817.4228803710937,427.5670182969835,452.8036226272583,791.7716709428707,809.2219986158703,542.1422679461734,585.701407463996,528.0515865094095,489.2476184897953,800.5983063319944,805.439836968316,827.1953504667507,843.1661728922526,826.3233289556988,810.6438861762152,767.7995547087296,715.264745873141,639.6283276259636,681.834107293023,488.9598469563893,526.8706020469523,615.7062848200563,636.1473641395569,765.2914510492294,803.2027624772059,847.9084742912675,861.6478425856919,732.4161378795451,664.4525518317323,923.4647985273792,806.4300680524093,943.9757184749097,750.6982186629739,820.0232156830518,589.7499184982449,604.4264082150603,555.0979426847542,814.9604109130057,879.6206143741255,951.6539992462224,911.0733488272547,877.0762173063858,911.1929335740778,779.8310250098552,885.7120016234402,912.7104230282912,824.0416088880495,884.2928836008136,830.9772822097544,871.770338216405,894.5294076487504,742.7272729959574,734.2129574134701,570.1700127277899,634.0751336167901,465.8556830364725,470.9998465524593,700.7371234581119,693.2537203586943,742.282504467254,820.4058140345982,728.527799087466,741.871564708609,484.36894723494845,473.59350429534913,678.2689385519154,692.6294456021851,491.4248041489545,433.2072155811296,396.1843790759643,426.3203417704984,630.320867182211,559.8917589199543,236.26604265292366,218.376061633634,678.1061686197917,674.7664800094345,709.2798494845629,703.4420528498171,723.5885365609904,677.2619113222603,38.103124461381846,2.0355676614748384,29.762490277108476,36.07977161157843,96.59862516100974,97.65229857691955,243.14362626605563,390.1793088351979,675.8114624023438,732.5948608398437,750.645497571702,770.0883352545243,697.6745796951593,277.72567494710285,352.482427705418,687.6813186119342
804.311181736105,823.7516399338992,825.2924565010206,835.9919521210203,497.29982574817745,519.4876129967826,822.0787939021247,795.0573867440731,623.5573303845464,600.6027660917064,769.0009196056583,703.7038009643554,805.7970912403349,614.2174163328009,644.7023357870567,539.2047483572002,746.0490758814518,763.477373805355,792.3508183271035,821.6069407958985,427.8355894088745,460.6351843516032,794.965390319604,811.6131251350282,541.4034162191821,587.3272217132233,531.2663395075508,493.6869258880615,799.4280368157152,803.678601375627,829.7069596418246,843.2932920328776,831.4382822069072,812.8488453504774,771.8673106317934,716.5535451130695,634.6226057817232,682.2152693006727,484.9042363134878,527.2757383768031,603.194498531154,630.8111824989319,766.8261035756459,802.4689519077681,848.4329939333509,861.128240306475,733.8219861944845,665.8198070626158,925.8136213548722,808.8288043740907,946.0204659244729,752.0430524094963,819.5800660821889,599.4974219962662,605.0881234672099,557.5959958717983,817.5303533581235,884.2910643860146,962.2512803211583,924.2109947777152,884.4520862347147,918.9460011948274,778.3878959632431,890.385165927832,916.5046851314715,829.1115782328662,892.8927093830839,838.6968275396482,878.1508393500261,901.121529426364,747.2531722472595,736.1104942696993,569.4356116898563,632.6999160304214,465.9556844960088,467.21134755309197,704.678240541552,696.1759533387497,740.9169233606217,828.6119646344866,728.2672053662296,740.09643564435,482.9367794307073,471.60708029111225,678.526566070607,692.3936836748948,485.2365478515625,430.8522002843313,397.72144044625264,428.9533424400175,629.2783524923545,560.4528391422828,231.43966135794093,211.71440389112644,688.7259806315104,678.1197494248213,712.2416381239891,704.9807315325845,724.1892622154178,674.5099009721379,34.327293935746546,1.4821029532907737,28.118367799105688,34.033003931895756,94.64135635870187,95.41291343702645,235.1780244509379,382.11929216455013,671.901084206321,741.9674649325284,747.2127726510067,771.7346384555478,697.0910692401961,274.7965035564021,347.66705173795873,725.5959030677533
799.9425033605366,819.3147198002447,824.404422651148,836.1734767473076,498.07787572284076,521.0413272678852,821.2477510522191,794.6123813905107,622.9562721544382,600.322392166638,766.6877212214276,700.7753097049774,802.6103221441829,612.0523999577109,643.5459597300534,541.2187479814288,742.0599436827746,758.2198867314678,789.1301662401221,820.4846829833984,428.25117694007025,460.8667174021403,795.7579273978009,812.5018582192678,542.4678152893226,590.0051802121676,532.0384075944595,496.3830995029873,798.0500232048754,802.2907080379533,828.9151547249221,843.8730045572917,828.6220492346812,812.6763993326823,775.7576707922894,720.4909436329301,637.5184676384611,683.5254033406576,492.4602667731898,530.6166592501522,604.1039969022157,631.5464572906494,769.1806630645953,798.9059166930863,846.7636205525783,857.0294325979132,731.9467049906076,667.2065033762605,924.8781833494863,807.0001124720419,944.8131473497074,754.6374389242599,814.3822394572031,595.0164169189977,606.8176898147454,559.7072157446179,812.3232479032786,877.6357876548061,954.5970673200636,918.2342094865122,879.755409041695,920.1751124754693,775.1283458278084,887.9896231384434,913.519309883687,829.0479271935554,889.2758260319742,837.4019355986148,873.8405786016185,894.0045938228375,747.3854618931675,737.5574285788614,572.6767552927,635.1168308010349,469.8894319396088,471.86143987951147,707.4306019016954,697.8750519178715,740.1999394842919,825.5892998831613,727.5946457376882,737.4512449532583,489.49387418031694,469.65937866250675,678.5854682817333,691.1333627266082,495.14922283397,431.80477015636455,400.3225136261123,429.5391449973751,631.4492987281246,566.1727305928866,233.32468214651777,213.5086970932077,697.5592549641927,685.2207672636388,715.1335140764713,705.0319104777202,727.5385021277663,675.5978553604089,34.40259547507384,1.3274912808504369,28.59514858681248,34.28000966648261,96.10573625857656,96.63470799891499,234.6389161215888,383.18739667710133,674.9362182617188,748.5595714222301,746.1483264897494,773.7536084138894,698.5431757908242,275.8608653210757,350.69856229334164,696.5650066507274
797.590463712618,815.6151866298733,823.0387289702679,833.7865501874946,496.2732738317445,519.860164812633,820.6328103796397,793.5019886617457,621.3363867973794,598.6893346661427,769.13744129398,703.3501390971835,804.7197682558979,614.881902742965,644.0284334035655,540.8289159557067,742.8513648589076,761.9634386285198,790.4230004672346,816.9145905761719,428.6522636413574,454.8584973017375,795.4169085641616,812.6288983784025,544.5509806228558,587.9202650510348,527.8416119991745,491.10239532258777,801.3737081851599,804.3570659119406,832.366005564612,845.9766849772135,830.2476625604145,813.5264495171441,776.89106976053,720.0973205566406,641.1546620104282,682.3770257455332,488.17441084980965,526.9395247470127,614.947621329886,634.8297357559204,765.599981824557,798.0385756650808,844.3655063262557,853.5570132606908,726.8692760231081,662.282874724248,921.6039225332198,802.050247125262,941.2501908821489,749.440842045265,814.4147611198938,584.6708472476286,601.6110188490968,551.6500239114714,808.9904189511954,873.2936693209189,951.8058052474943,918.1552956457657,877.4737471870754,922.316825132154,776.2785563337693,887.4780058674361,919.3866754788071,831.1602918815244,889.8566608771849,838.1474623381677,869.6062856297584,890.2537236503474,748.8526158375784,739.3965612943056,574.9918995428523,635.6498936244419,467.5445662788723,473.4087146168024,709.0212532418673,699.2081674916121,741.5255789249501,816.8476889474051,726.416298526457,736.065762825022,486.79832516034446,469.35854997634885,678.4777782994745,690.1254761139778,492.8899584601907,431.0123332398893,397.5715365036546,427.8048957402999,634.0509234663535,563.2808886621395,239.0257711522971,220.26623879348713,685.9985819498698,678.010587013374,710.0296843647957,702.8218069292302,726.7263326086768,677.5985921192869,39.164151753151884,2.104466953928824,30.3442769514334,36.283973599172064,98.03921356373489,99.28176536126644,246.70436477661133,391.7871929757735,671.3032781427556,739.5853526722301,749.4328443284003,773.0963130902641,699.4522214403339,278.8090217657257,358.44690905195296,708.7425852808459
799.1323802367011,817.5737431961479,824.8276594118896,835.6377988716521,496.0603202287541,519.9032878705433,822.1348343871134,795.7349735178846,623.951236685928,600.6701273370961,768.6712978487093,701.849090509566,805.4471119378484,613.6728613511754,644.3943811672837,540.0691371969787,739.5999618457957,755.5598288077452,791.7339402706687,818.810834350586,425.65181085798474,458.2404717763265,796.1264405959269,811.8717926646036,541.5476043261783,586.7730643513438,530.0716295611134,494.47419357299805,798.3439808971477,800.4198433581694,831.0978166074577,844.9433402506511,830.8808808407541,812.4918333604601,774.1898097826087,719.8900959060853,634.9661033059007,681.3043828893591,485.0720641187259,525.4895771469517,600.5476529480981,629.4652934074402,758.6554475589877,792.0238343731487,837.430614535855,847.9383225468864,720.3490026075978,655.7305233011713,913.7385841300411,795.8812600188941,935.2437757101759,741.8102964784058,809.4104907801333,584.0365821029626,598.696147801821,547.2051157241171,809.191664295677,875.0515683580328,952.2643672209837,920.5021344555252,880.6569456415591,924.9650789588014,774.22184328785,887.8848388272303,921.8724547428872,832.9755858894466,889.5769105707661,837.6107985111205,871.6931267999539,891.7594157687867,748.0142969354853,740.1584069924277,571.4958679479197,634.696926364651,467.6373669168224,471.98772634586817,706.6068928202644,698.4543415243695,739.2931401678857,817.9493985857282,723.2281376922724,733.0655783941733,478.61363947192825,467.3365502802531,675.1182102808343,687.4835976019205,483.8314568014706,428.3659343581768,396.4748361093613,426.6182270794574,630.7503875131088,563.1461431129774,232.11956868572506,212.3315702223517,684.6941670735677,679.8362343998278,710.4327292442322,700.7134604475617,723.8782673415943,673.8553027337222,34.62177513718703,1.4405976153358264,28.170284370381093,33.88402468045741,94.45609491996431,95.63377480779371,235.08406119876437,381.52352578981834,659.7667236328125,747.4374622691761,750.9803257884595,771.41915816295,696.8901798023898,274.5843514664131,348.88480648127467,783.1862203663793
798.5001416076876,815.853861971636,824.6980696733726,835.5217330598261,496.63795158031377,520.5032576578004,822.5729185398684,795.4216333235071,624.3547756428621,604.099666611093,766.9483276770367,699.4081254716904,802.2473203943688,612.552054420385,642.8019906703513,539.9214117627581,735.5244950570201,751.4836921747341,789.7236705794645,819.4110007324218,431.1691483391656,459.7696201324463,797.3170683531878,812.2628212807671,540.5330547812098,586.503264940702,528.626280389438,494.1374945640564,796.502400812113,798.142551299672,829.6580384422163,843.6199383544922,827.328013403941,811.1937064615886,774.0718091881794,720.5390845608998,632.1445292334199,679.3649053220396,492.3510853967496,525.3577088916793,606.2320666704021,628.5050849914551,760.0973310319204,789.710224097374,836.0774437544405,845.0586563913446,717.0607897240268,651.6273792673658,910.4855579316616,793.722762099459,933.152880910434,741.1612309946621,801.6530434818011,580.4960917351293,597.6335027196691,547.9858863779059,807.9029780008707,870.021305989336,944.5711746380603,909.5813949398878,875.8543681534477,923.1218043053614,772.2814765953507,885.9286318610234,916.9956788020347,831.9194214156124,883.1451408900572,832.5487197801699,871.2823280771827,887.552187250464,753.7452877147778,742.2835080506371,573.2037403911626,637.3660159420657,468.87040157594544,472.4612637372084,705.8531894371158,696.8136834742122,736.8687640250997,816.2608620779855,721.9397484205692,730.9023278656915,484.01809011256944,465.7564440981547,673.9671127731054,685.4941137316447,493.29120398128737,429.3856254226464,398.36667605520535,425.32125159526186,632.0281766390077,564.3479669799407,235.00979147803176,214.84178393314662,690.7053751627604,683.5923906746557,713.7677506059408,700.0423774891849,725.2784954779628,672.7737735617715,34.813478341865306,1.5016966479657976,28.873764936184102,34.565560181244344,96.8131203171157,96.89514529999465,237.65290318595038,382.50599216888935,690.7314786044034,745.982499556108,744.907740445745,773.1031250772597,696.9792983111213,278.2439361099611,353.8556492328644,717.1409091291756
796.919130552758,815.4087638409451,822.5593172814985,833.2030800291267,493.3721907238628,515.6783769471305,821.4781822861511,793.8102304693994,620.7156966073172,594.2174129329744,769.2307224273682,700.6981361510261,801.9013018599915,612.9900464505893,639.0805414031394,536.206338881263,737.2716916341917,756.8088869462377,789.5214181366551,816.4197292480469,427.8810289171007,450.2796848297119,794.9396058642675,809.9871449016389,542.1598827601728,586.5030280521938,525.9858263131663,487.76713026894464,797.4021882830925,799.8876573350694,828.3333869994156,843.6769848632813,825.3300773491294,809.9931690809461,771.6540877632473,717.9922716991011,641.6847152373864,680.0074575918692,487.27557937800884,524.737120953392,612.8424972784323,634.1323037147522,757.7036451728098,789.8508036825895,835.7559632976075,843.9383560983758,718.7070084603365,651.9288134091383,912.1220014141452,792.6362467343506,932.9058264655035,739.0253140600155,806.3689187225204,569.7399208662557,596.5685568465644,543.8279735546455,806.3495505459338,869.0312335137968,946.0110888223669,910.4943123937325,874.4712726095448,920.9050295993349,772.3449356125765,883.2865828722103,916.9189919998397,829.900870873523,882.4925539209602,831.799133412198,867.4216847996803,887.0446079317377,747.969684222797,740.1707937522012,575.8516586723678,637.7161422663437,466.50020698879075,472.5799586336378,707.7977576333968,697.8703957712007,735.6788037888547,815.3440584455218,721.8058484833816,731.5713626090334,485.4756608788172,466.394126106898,674.3193116839236,684.7509896854276,490.56496705447927,428.69899254671503,396.43123534259695,422.3393028586641,632.2893489880428,562.752741030852,239.35844926712863,220.43230183048723,693.9905151367187,678.6334145756091,707.3447797000408,699.5814213817475,724.3301902169186,675.8514319981806,39.59742229529902,2.1846487469419285,30.546504740972136,36.357342068742895,99.17887502613861,100.07348205291376,248.6067958937751,392.18338760207683,666.165077903054,739.6593228426847,750.0278803678167,769.6506602613232,695.1393671970742,278.87562705759416,360.6617936799021,683.3083938072467
798.6812836468009,816.4349991083145,826.0948346213977,835.9252810307233,496.5478605847026,520.1458303162029,823.0683834144221,795.666383459213,624.4460224521404,603.824520157986,767.4736587865566,700.9797337789385,804.6448106454944,612.6236667855065,643.3927088448064,541.1634130383247,738.4677720634858,755.7015457089954,790.3069476131278,820.6901317138672,427.58032004038495,457.3778170903524,796.0133273109557,811.8306293109107,543.2902601351913,585.206879228026,528.8919663824429,495.2106343375312,798.6298897221403,800.6545889395254,833.2996544224696,846.288056640625,827.5167569952496,810.3430160861545,773.4737368376359,718.901221585561,636.0485812283823,681.3159671359592,487.1057654150895,526.1157678468397,601.6701910300333,631.3085684776306,759.4427828486004,789.6020016783222,838.585876611282,847.4803014387164,716.0201863690842,650.9308744127101,910.1771797441667,794.0268330727854,935.0049944942675,738.8298663833971,804.0631446581785,577.4500812899832,597.8283571781951,545.4113050100261,809.761847906541,871.767864730623,948.8228842815622,912.6694421821866,876.3290262504246,919.5264628512188,774.6431182954655,885.7993294319498,920.7165495459714,829.8298783477886,885.0825630295143,834.1132316483245,871.7137747114631,891.2916563255352,752.960975234573,744.6652292970751,574.9971666248566,636.3616832386364,469.06126912434894,472.4578943386884,708.0161129060339,696.8356872811852,739.1708620761303,818.2843148367746,724.7976408625927,733.2791654964836,486.38694387435913,464.2971633632978,674.7643379240834,685.9129421932859,491.5215579762178,427.5011640886107,396.6954095733042,423.2481270251314,629.3512282002217,562.4040512419243,230.2734287510695,211.26361584892754,693.3725606282552,681.7217055498544,710.1497468650341,699.7195503959829,724.2610899073477,673.2258310900924,33.43183608411958,1.402763104852703,27.906216173746174,33.67796008150492,93.85932255031373,95.45018235364708,229.47636646694608,375.18806523435256,671.1316361860795,745.282421875,748.7688778870858,774.1485070337224,694.7618791168811,272.71181367572984,346.0158088861993,754.3112329943426
797.1155446940921,815.2799044222844,823.9150753951101,833.8786682189698,493.42281348649846,517.3311319862094,822.7197317398214,794.1853450336862,620.1525188173566,599.2152167382787,767.376283715411,700.8706110999698,801.0050568621523,611.7823501424751,640.0208833182036,537.3354721524876,739.2262803208771,755.7857616573473,788.1895278989127,817.014775390625,424.91958830091687,452.66214141845705,796.9277083271681,812.9651450429644,541.398741976753,586.1097070044214,525.2942333748327,488.6770102712843,800.0875523405255,800.2733782732928,833.8409276446646,846.6669785563151,827.3759439759335,810.4447497558593,772.6152651579483,718.0809980645237,636.2149057934463,680.6403027287236,487.48263939789365,525.5256671548336,610.2808162501601,635.1710262298584,755.793593925143,788.8549327398364,837.1066409077152,845.1425730387369,716.4056279895719,651.7163271153723,911.5120884864562,793.0064857684273,934.23621585409,741.1191664384884,809.667984590402,574.0507616225411,597.8237790942827,545.711654830096,809.0360470089698,869.561749904244,943.3259111902884,905.2643239592074,873.7680767556895,918.4593922852698,775.1250931392751,885.9026790028246,917.8728649082468,828.376858068375,879.2476480312562,828.7559786705049,867.9546728680848,885.9883824132424,751.7515027845228,742.664165059074,575.8354423592943,637.8863389316575,468.178552157637,472.60889488542585,707.1078875182105,698.2931151330719,741.3321994213347,816.5731746128628,723.6542359275379,732.2806197892237,480.41688071946305,466.4823025099436,674.1569982477222,684.7391078669121,489.65775599760167,428.63175874840914,396.7280006023745,423.1906502187181,633.2958837825495,562.6904905374845,236.56355532596785,216.91109192760106,682.479248046875,677.7809794797736,709.9254797399044,700.0170532157518,725.433001724515,677.0910705529099,36.08573180858634,1.6891707778252938,29.22673169977615,34.9668556680616,97.42598056672715,96.84917206511463,238.07353729671902,385.55979612995594,693.689658425071,741.6648848100142,748.7248252510225,774.0951619208613,698.7689639820773,276.6642522979201,353.9843620459239,690.189994022764
799.2880342521803,817.8131519869121,823.3819592188995,833.6041423676023,491.4180854400923,514.4136776753834,822.0099759439272,794.1462258002099,616.913115034298,594.6528660508453,767.2477426761534,699.9970905303956,800.5461117988181,611.3709828370978,637.0287219707053,533.8520755460186,737.4816222710632,756.9778378508812,790.8154912488214,817.1052672119141,423.1021228366428,447.1010409673055,795.0932397883691,810.6854875125582,538.3165753948751,583.812164076082,523.4108162137027,484.59426204363507,796.3553881375295,797.1577513141397,829.5955884237615,844.6421272786458,825.6692392381572,809.7129838053386,769.905445928159,716.9855170192488,633.8482425370405,677.5127282319246,482.74266788044145,521.089326408472,606.7642782242572,628.8409929275513,753.6475321489667,788.401776788359,835.9279473425618,844.2045954654092,715.8456461528116,649.4217517759416,913.3642381729618,794.2851010990981,933.4449436182834,739.6574609821711,805.9104018959764,575.9027715117908,594.2160686557289,543.9852280733824,809.6911690619011,873.0870145382704,948.1075758141009,910.7111933602624,875.6088261612601,917.5727180956251,772.6269746832892,884.057429597211,916.3631792210821,825.8947015942222,881.1307688402326,828.2256475032121,871.6631782191574,891.9689804835873,747.7763644381687,739.6551030893795,572.56016078564,636.2530554569129,465.4456192237743,470.3466048979423,706.380627116219,695.9622022700013,735.7626673921626,815.9366901942661,720.5639352031138,730.9630711477517,474.9886181982358,465.6412837600708,671.640554610118,683.3090432127345,481.0414556166705,425.7617728581067,394.1307149430116,421.2384566561684,630.9881912432018,561.7024587814013,234.6398398725109,216.35684258115273,682.9093017578125,678.4521551617121,707.6322259306908,699.0269111529734,723.6927263293861,675.4622899827281,37.77468863600179,1.9794968130411925,29.412023930798618,35.417418326054964,97.78262214192246,98.59997196559624,246.5407821337382,392.9422905585345,658.4450517134233,742.6777088512074,750.0452372915793,773.6409301757812,692.6626646752451,275.8395342575876,355.51317515517724,772.3281207906789
799.3649551319542,817.4239567253325,824.0706471410291,833.9275822734453,491.0495392732842,513.4182984828949,821.0025673270327,793.2926624476656,616.4418951054008,596.2991983773278,764.2275709446852,696.8630319383409,798.9015703675677,608.4842855660056,633.8880879997614,534.5572764003839,734.3978641021873,749.8294729030014,789.7069767042138,818.8519521484375,424.50558884938556,449.86603151957195,791.6047551373898,807.7429818047417,536.7219466364196,582.5941652151255,523.6225911767443,486.6554817623562,794.1375659006947,793.2615898980034,825.2491464689961,840.8030627441407,822.0881341190661,806.809351671007,766.2592985733696,714.5269804805158,632.5649881236878,677.4408580638744,487.57219684469914,523.6910649703236,604.8025212522413,628.831768989563,755.0681530823783,785.7391584495798,833.614693347458,841.3313577216968,712.5999539863965,648.0755532521468,907.8554579596365,791.013293604697,931.0046319752893,738.2828879879274,797.7953492109017,574.016402941124,594.1355316465321,544.415511551153,809.3648547603946,872.4447130582951,947.8910541246056,909.6756135357253,874.7110433827276,912.8780141355151,769.8376282858193,881.1696124194581,913.436519565867,822.9020548199499,880.0011104412293,827.896349062011,871.7617362441531,891.1892948045256,749.4317383637299,738.5478524380043,570.9959126043757,632.9499515682072,465.36734672214675,469.60748291015625,704.552043977331,693.8182233755025,730.7776073699301,813.6053859165737,720.5008072250191,728.4084638116768,483.09279225031537,462.75811507274705,671.4939522159257,681.8928931436421,491.5368869781494,425.9939784840126,394.9327832820515,420.3547026508613,626.921172763814,561.7428194030126,229.16550150433451,211.22884370413584,701.3052815755208,680.5601175599179,709.3379831165075,698.546109989218,721.758386412953,671.558135333446,33.696968721005284,1.4010314245466833,27.94496210549361,33.543528681859605,94.8052858700402,96.39074188881423,229.75599326027765,378.66664171043567,665.9679731889205,745.6066350763494,745.6104017424103,771.7271029315417,693.4632448682598,272.3687922619937,348.6800422460744,720.7364207300647
795.9836767887984,814.3589466816247,821.3339615911423,831.3161766006652,491.58827309275785,516.3666434628623,819.1721971906969,790.8076062044184,618.6621299276546,598.2928065393792,766.5761594384667,697.986714390346,799.6594716459769,610.3982964869936,637.2567366420926,535.5577192920314,740.0059416712178,754.247453974727,785.5949683061505,817.1156007080078,424.113518608941,452.1875235875448,788.4942794568611,806.8379882176718,538.3690482933483,582.7249126015129,523.8234878034223,487.9060197936164,798.8261918841667,799.9306866681135,827.4338912363128,842.5112595621745,820.0115423687433,807.9764306640625,764.0813503099524,711.87548828125,630.7175442195673,678.0271237691244,485.96323035444533,523.4023908765129,604.2213735111425,631.1032485961914,755.4052331904097,786.5416456466603,834.6926947423675,842.3442392628095,715.2298321763346,647.6312084539787,907.1260189333269,790.9939802510997,931.8255015094614,739.523714179724,800.8608315129985,571.4692514521234,595.4761219244867,545.1917777771646,808.1519471886124,870.0981577634811,943.668063104024,901.8540535295211,871.7672560185971,909.676768333395,774.2976487652606,883.5761690701152,910.0674916737115,821.0358056282812,875.073353838117,825.7168313956228,868.4438336123327,885.2630979422048,747.5614135329788,737.1516787419554,572.3815296418077,635.3745423684388,466.19860065847206,471.4309498961543,705.61422166668,696.6400616277798,736.8846967981217,817.096906389509,724.5437233000423,731.0825795188794,487.4271942619483,464.43063859621685,671.8820746543649,683.0188623383174,491.4323007022633,426.90675073065916,395.8989744546513,420.82087631418824,629.138588849648,559.9993931233882,232.74648489694422,212.98967651594842,687.6941304524739,674.8003152103747,709.1298076808453,697.167755092431,721.1795169645897,673.2110897567861,35.20631607398881,1.5657363010673888,28.76094366701822,34.569117748793,95.44018405626453,95.77409509124774,233.9646805657281,378.8445396598648,690.4034479314631,736.3095858487216,744.6971796022966,769.2387772572191,696.0859925513174,275.39602265127917,350.99444676529276,701.4049893083244
797.4501050568527,816.7250988201022,819.194420772557,829.4449143352737,487.22273621670035,511.10912474564145,818.3235388558234,790.989344872008,614.5882577312236,590.7601901585939,769.044879153492,700.4970005701458,798.2285388141718,610.9318887393484,632.9512136848412,531.3046314272632,743.1490257227025,760.3453059148947,787.5643816250038,818.2714140625,420.5168964597914,446.2359871546427,788.4541441186682,806.2320265542893,535.1276515740999,580.8979187850114,518.6270245293886,481.1786342991723,800.5202849765993,800.7961917076582,826.5884682963214,841.9257535807292,823.1138939291744,810.4781290690104,765.0003147291101,712.2877101668392,632.1273604069512,675.1182409215857,482.9281707491194,521.079279403115,607.8993680359887,627.8735165596008,748.6623958841203,785.845196764616,834.1022219830569,842.9813968591523,713.424797099484,644.6661987713167,912.30973946356,793.2074645817105,932.2033714579186,741.159485811199,804.040919590424,567.8883104137345,593.5374657329616,542.1283570034415,810.2335601840066,873.0482977584556,949.4573051172508,908.964368365719,874.9470791227922,913.4280454032244,777.5322064040997,887.7475324334431,909.7152117828824,820.5610139112756,877.9958172680286,825.880869496681,868.9802650160091,889.8571106294243,742.064963194701,734.6229770848008,572.311642288068,634.646222267316,462.5285556074502,470.48395076268156,704.3845950267354,696.2757454393316,738.1299289135222,813.8613194056919,721.6889281291158,731.228503381679,476.4811863176028,463.69695826530454,670.3422154161899,681.7842590068481,485.24302608265594,425.6473100985861,391.95170469830435,420.03897911288885,627.3833459830907,555.8816513017813,235.10207420659114,217.22085962526995,681.3187093098958,673.8016797081899,706.878350943327,698.061170724722,719.7654855063247,672.880607894114,37.95593676686679,2.1038707327511577,29.743671642890554,35.759550716285595,97.24429704979839,98.33550306303447,244.63852622773913,386.3810799963334,668.8887717507102,738.5656949129972,747.1200006472185,767.3089881607249,693.2763384650735,275.89124153371444,355.7681993571195,707.7597635203394
799.5898538114329,817.8629634271969,822.8720060795298,832.6547216970132,492.6123064307279,516.8251957467625,819.9379896601346,793.1314210705046,620.5781317924966,602.3554231925089,766.9899693931021,699.5994949764676,799.6789119975645,610.0425686261915,638.428980215272,536.4445203516087,739.5729263811879,753.5886331254065,787.0067492371775,821.4214140625,426.02817079755994,453.2681034088135,789.5494491334946,808.8446065206376,533.9139425267724,580.0617759201552,523.335470715939,489.909763707055,797.8904855116358,798.722698447145,825.8346173143763,841.913721110026,822.7112196582859,809.88693359375,766.1734916355299,713.2968996346715,626.2739292094361,676.8091648243092,484.30050980831896,522.5112781667531,597.6136114401895,625.5314812660217,751.0184525932584,785.1992492675781,834.5086520608089,846.3671957986396,712.3368953594492,644.3639987365349,911.2653374579645,795.2318225200574,933.6730178381332,742.724659435541,804.8199988224046,577.5217362595539,594.1167164357051,545.5373040759622,812.0001932000017,875.2882264366856,951.1236575890823,910.0664908282081,877.6278735351563,915.1513702691951,775.5014812691131,888.6326710952162,909.2627736561334,821.8634028262254,878.668814361966,827.3054566708328,875.1806236801633,892.7846541431069,747.2714290447063,738.464418755203,568.659322896135,634.172453116545,465.5888276031052,468.03548850475903,703.3082036503026,694.0760362553893,736.50920202377,819.874153137207,723.3979011623338,730.9474312791508,476.9266279530525,463.3872992662589,670.8318914816768,682.9199047188247,479.86686580882355,425.2928918914244,395.5934689392646,420.86925307814926,623.8114272939825,556.1860606188576,226.7681677902152,207.4824829097065,687.288417561849,679.2458232297736,710.7344102263451,698.5994011374081,720.9841528739638,670.7678672398798,32.53120777807444,1.2792854894642476,27.356195752455047,33.1958787828002,93.57567961542244,95.10527112180748,230.32234790590076,374.9010098471361,697.5004438920455,743.271836159446,740.3929924676883,770.4038286812698,693.3276857862286,272.18450060748216,344.57616579893863,718.4195283034752
796.5707681739203,816.564809656956,819.4474817291876,829.7299840706753,488.5745295657668,511.99741215365276,817.3720501365564,791.012634998078,615.5821748071787,592.5544184700387,766.9260929386791,697.7416968027751,796.6663535430541,610.5867670784112,632.2459699028167,532.8346895650953,737.4425223834141,755.4442444227859,785.8052864513178,817.1080289306641,423.5535355673896,444.8137897491455,788.1615406823537,807.955158578025,532.8942756253388,582.7283991300143,520.7163989662465,482.2077893416087,796.0812138971293,797.4893786771797,823.5248429105663,841.0843737792969,819.5286998425499,807.9308501519097,765.1997616975203,715.127547666251,632.1477400993986,676.0528267754448,485.7834270766803,521.6774742755105,612.4009654561028,631.4585032463074,750.4129973631057,785.377522111504,833.981195874533,843.5990115160133,712.4765422442728,644.8543291492063,913.0624588689496,793.7741830887333,931.3693273438757,742.1885201662359,799.9601580893512,566.190636679238,593.582026754984,543.5220870253693,809.3997480177279,871.7688059762672,944.8005413937002,903.4655686927781,871.3848099418309,914.191513157971,772.7866512380244,884.2133554000668,903.3935218924906,820.1810539012886,873.661887891105,824.1185422772659,869.3575717415779,888.3263785852253,745.1388552554018,735.4942847079918,571.3731927434238,635.2790728152056,464.2694635805876,470.53172194789835,703.2268240256387,693.3060916884806,735.1578895081865,816.2206715175083,721.0009592282818,730.094634686715,484.7398488489787,465.90480623881024,669.7445996851648,682.3317071637537,486.1788016599767,427.9552615024553,393.6434780731797,419.23328328047376,627.8163252930522,557.3189572779338,235.17671434717528,216.5484979642064,692.2709330240885,676.6093522411281,708.1332538574934,697.619753220502,720.0990484591962,673.132531448215,38.215172975667215,1.9626473818664198,29.843165643511895,35.83843753816826,98.18372776780402,98.29523139104488,242.42052046457925,391.5937546000761,684.2401622425426,735.9684869939631,741.7311466908295,763.3572009122825,692.8776735791973,277.9117203929968,355.6117426482114,690.679897966056
798.7538767592825,818.9106561764322,821.2535825631849,832.2297485701116,492.28822578607605,518.3886491060257,818.0111013869393,793.43890223077,621.5927878399284,601.9944346615525,767.3036900497065,701.013807871985,801.4408153972331,611.8389118311376,640.1686901972254,540.0993810776741,741.8139708460225,755.8931871173389,788.4779708102288,820.6819324951172,427.32832463582355,455.2777684529622,786.9150836306045,808.3927832709419,536.4170295954999,580.0573546021849,522.8682344552561,489.1062976519267,798.0084907963591,800.7307424286265,825.4229898127359,842.7810357666016,820.1220687607588,808.7282288953993,765.6114003057065,714.7227889830807,631.6011298763594,677.9758374249494,484.53480805882384,521.3640705208653,599.075614053695,630.8602504730225,755.450411125781,788.350879470319,836.6120131885773,846.1274835240771,716.6116327569505,647.217486344851,912.1332430155046,794.6916114941371,935.4668304953949,741.5308052452517,803.7473523777162,573.4104301274991,595.6529887489062,544.5222231385751,811.7384882213513,875.8092950582504,951.1271791066773,914.4009355326755,878.2449148692256,918.8059005444104,775.3920581129348,886.3250439951939,907.343176542823,821.6025404454972,877.99426770371,829.7840316172933,873.2742084576066,894.3336034953924,746.8668616355003,737.8993371431944,570.0464231158616,633.4535457726681,465.1726111812868,468.4720450387874,705.5907217557314,695.9759272025334,740.0812001329788,818.4517549787249,725.185641789345,731.922353889896,485.9808411939939,464.3476849301656,671.9786321093858,684.4372082635095,490.447245721256,426.4202645661491,394.4952438945572,421.91994264782255,626.4062676690961,556.1892884691556,229.53044322546987,210.0143777014654,692.1709655761719,675.0724176956436,707.1795181632042,696.4713788960314,720.3636900438304,671.0089673459676,34.45363524254706,1.5653420085639314,28.093134071284467,33.7027728563686,94.54781305599269,95.79863231773338,230.50356075498792,375.3131935199832,664.1033769087358,741.8601995294745,744.2703351526452,766.6300325031522,692.7753152286305,271.35611204515425,345.62067339456445,690.4013124663254
795.5892275705529,815.7549980890872,820.1157746740244,830.855052985993,488.8201866105545,514.8954853500638,817.7795143615255,791.8971537585969,616.7424367204004,597.0532729508446,766.8685003296147,701.2808581942604,799.5761587362142,613.0193277692143,635.7348088423411,535.5212636573734,739.9366818107135,757.8991697341501,786.0877468649911,818.3135267333985,422.50932788848877,449.3905167261759,788.6675837215407,808.9949378399622,535.8002514065248,581.3477036402776,521.0986271220676,484.69076985783045,798.2528672128353,800.2829665195795,825.935708033444,841.9291534423828,822.2900937613795,808.8739421929254,766.6052001953125,714.1170231462961,630.0119543537694,677.4253086513943,484.422751222338,522.8743742467759,606.2277171650871,632.6290106773376,753.6947486864196,789.1786984267393,837.5083758168566,848.0852529960766,716.2495717566368,647.3200369791967,913.4403397079437,795.2967067953429,934.6935013190506,743.3675282231759,806.801428448459,572.1993241076376,595.4434255122292,544.5648106077103,810.2601811721318,872.6146613668512,943.3038436527129,907.2288102871034,874.1041554326597,916.7036686414268,776.6959513159702,887.8364837334602,907.6920564566086,822.9412589547554,872.972817701704,826.1686006597087,868.4370034576222,889.7371976230685,745.9876176988756,736.2185827786806,571.9219843313234,633.3428174303724,464.88862057008606,470.38625238982723,701.882010788214,693.6612762831058,736.3364322743518,815.1956209455218,722.352384311486,732.9067186362506,485.354505182902,466.8741171455383,671.3965042517574,685.1020269399015,489.7073263056138,428.43920163040985,394.88077705229324,422.2834698673653,629.0482410340426,557.6947281944751,234.22944515972847,215.22490679905553,683.0239054361979,675.867365950245,706.9564512372017,697.1168044422546,721.8194998724164,673.8431726469679,36.14880469235543,1.7777254279013033,29.0306366055869,35.07633315356631,96.85268180346849,97.01959217993182,239.75879907608032,387.73336507292356,681.865517356179,735.5087690873579,745.3816374708342,767.9582639283772,695.5620679668351,275.50054637591046,351.1851930329294,703.0474769329203
798.7540231229564,819.4325337638759,821.0834522678225,832.265453505801,491.4157478687375,515.6314613989422,818.3428587462287,792.160295650401,619.7019938644098,599.2782220918624,769.1126517164029,701.9365668039474,801.0051492785917,612.5511902027768,641.3944164342548,537.6639967177701,739.8730609767244,756.9277637329609,789.1296819343421,819.53742578125,423.0758564207289,451.11564820607504,788.34389205206,809.1268358571189,535.4300663433773,582.0508850223415,522.421688986088,485.6319824324714,797.0642160379662,800.2714397665895,824.8739460622231,841.4084549967448,823.5111627093817,809.3108444552952,766.9872463060462,712.8263373317488,627.926305023059,675.5795610215929,481.6949200247015,521.8263844550772,601.2586189645235,627.9932909011841,753.3368966579437,789.3380538434214,838.8907494571548,848.7796182911299,717.5723676405662,649.0359367107178,915.5847988405535,798.141557687888,936.1031566605144,743.8628209817338,807.0607598480087,578.5677710409258,595.2757493589953,545.0304915229934,812.1283586382997,876.9226829166765,949.1127844989686,914.0908422827945,876.9966001295007,917.5360681285364,776.4983175201883,887.4996314912175,910.5174829283757,824.1939368383521,878.4940130555228,829.3742966844243,871.9722610279254,893.7240826517179,746.488599897505,736.0007317965147,570.254094115091,634.0863626323221,462.6257010197294,469.2784681723151,703.2138416728035,695.1576802740453,735.1486030740941,815.7317297799246,721.9789584221968,732.4936125769141,476.8637131031354,464.9600736649831,672.5153308473494,685.3587202554868,482.27200075037337,426.86002573037405,394.4008301422,421.80829891686784,627.5582739231382,556.4626258957386,231.23995470131436,211.70268669801482,681.702978515625,676.5601035942466,707.8208687603474,697.2710241257336,720.0575410876869,671.0008477255301,35.690968081477635,1.7355220922803576,28.479800336721635,34.50131164465108,95.50779574288947,96.4771680517663,237.049412144555,379.3479476115283,681.4418778852983,739.9658114346591,742.3868313987783,766.0204189638548,693.5023767807904,271.2959362885408,346.0097829356338,715.6687664163524
798.3849748613702,818.7237099795932,821.5791221373713,832.8537459734426,490.22013712594674,515.1205096074513,819.3380841501533,792.6488186483181,619.6378003334512,597.6630634167155,766.9937634506846,699.6708493792821,799.692189499608,611.5994034218281,640.843998795125,536.9510306744066,736.7411600266588,753.9173000437081,787.0150069898116,819.2873974609375,426.49385431077746,449.39557151794435,791.5153291215112,810.182911184099,537.5742931765411,585.0414854825198,522.9392284372235,484.12841942575244,795.3125300857256,797.8853440272956,826.4425958748565,842.4806583658855,822.0340296858448,808.9855803765191,765.4667629076087,713.683544480657,627.7884239163168,677.0624210216381,487.65000317777907,521.3322934497162,604.9718077612705,627.9314246177673,755.6177111996544,789.709676444248,836.818721216037,848.0301147817868,717.0790692410193,648.8033055175434,913.4031717546525,797.6513726914034,935.1983538103533,744.8455503663307,802.2890342233427,578.4244109240233,595.3276274293185,546.7133289000017,811.1705201933444,874.534408017441,945.3474950275462,907.4630284729863,874.6173128078295,916.85361500774,773.9063706704236,886.3935414783258,906.9978059227786,823.1727803061483,876.3574453632483,825.8497006697515,871.3461830479324,891.1389064051169,747.7934654167107,736.0104148739674,569.8244634505805,634.0198917801762,463.4433032049649,468.32930787852115,702.205762269067,694.0626661371888,737.5290462412732,815.9242313929966,721.3148786464413,731.1695610521907,480.8785569914182,464.99054962158203,672.1875416322952,684.0978924366597,485.62151058421415,427.50596954331934,394.9235198314612,421.0760244641173,627.1520990580257,557.391622924606,231.81980031390708,212.53405143198384,688.9791097005208,679.4987115375067,711.7065732628107,699.044714327851,722.0186547723436,672.5451418683115,34.717445560963824,1.4795397782698274,28.528369221110108,34.6661895335654,95.51988383486726,96.30649024270154,240.56926658418445,388.6048816223355,685.9705255681819,739.8799616033381,740.9402123777659,767.3689946041832,695.0888851390165,275.2551064407616,348.3154375733751,706.9178887728987
796.9413421342617,817.5364931285983,819.5129566215306,830.1751882849461,488.3696913475214,513.3846561057227,816.785792084911,790.206674424841,616.8684518775161,594.1683956912307,767.735357098463,699.5448450784835,799.8347295168948,611.4951841734681,638.6139433852476,536.493628182423,739.1803577296541,756.5216884232834,785.704273267724,817.1244074707031,429.36673249138727,450.09349937438964,788.5888454580376,808.0772234788017,539.0637311286328,582.7525942037394,521.7842763405479,483.779613547855,797.3516672962116,799.6534383138021,824.0237949000882,841.0845737711588,819.1190662707313,806.125003797743,763.0923923658288,710.3217714608434,634.5150971265616,676.7187127007378,485.3631611657994,522.4181860877334,610.5567336785989,633.28981590271,754.7164580803069,789.2138374654038,835.1188156345761,845.0969431916176,718.8989034290156,650.3055048509912,912.8911218643188,795.7104282211349,934.7765237030069,741.5999220357814,805.2458120440153,571.0243635988411,595.3047680897146,545.0563879450098,808.9309740348557,873.7279687104402,945.1504406856924,905.7820846493204,872.7487359884511,915.1546442547276,771.8022432939722,883.1686890326409,907.3055804807749,819.402894023777,875.2546048667994,823.4211797196941,870.2315698854483,890.1839650190997,742.9454936122036,734.6571925429047,571.5659309877168,633.0156236788927,462.29367773083675,468.78480121451366,701.0716312596055,692.2343909552483,738.0681035467919,811.5912704467773,721.5610434287353,730.0783278234097,486.94782043536503,466.87463731447855,671.8932634193992,683.1583157732503,484.9417831981883,426.7848827658147,393.623316484193,420.6261384438843,627.5891716239566,556.8853313926855,236.26478823148904,218.108402756693,694.4752400716146,674.90569602837,706.2419390976429,696.6036158082712,720.8383712671489,671.9902182021759,38.399484187560645,2.0973560789117105,30.016236759533875,36.093670464752776,98.11021951743142,98.96225457961961,243.25893312030368,389.58687564204723,670.0245583274148,734.5036454634233,744.1853426734873,765.6552846401553,694.6250191482843,276.1033822528103,352.9375726526434,699.1678845635776
798.1719123272857,818.5670772691568,819.2478188323067,829.4780498063897,487.87773767293885,512.0628245898655,816.2426078516708,788.8979487447535,616.907159571745,591.8501929611456,768.2436380463887,701.9001609620594,800.9271048648893,611.9870508523122,637.7633772513167,534.399137127784,739.9364187231561,760.1469363944475,784.6494334136846,817.2272952880859,421.1482871373494,448.990337562561,787.0908483034605,805.7363447234744,537.795470412489,580.3339795332688,521.6993215149937,483.2976339658101,797.4413757324219,800.2427747938368,823.9477092112144,840.3307989501953,821.474752652443,806.2732579210069,760.1226758873981,709.4368749411709,631.9838062572059,675.9140105070891,483.92622240952085,522.7351611419564,605.0860235495645,630.9931569099426,752.7520155263326,790.9110562292885,837.5908407576403,849.2161579689785,714.3715185685592,648.0909973349604,914.7182347082322,797.5885824388073,935.454691942134,743.4381662482467,804.2655092761121,571.493373458292,593.5390770744473,543.3647408305916,811.7905281459646,874.917150815328,947.7283685408195,908.077520646029,875.6536776600714,913.3454303293938,775.8721135224042,884.1723901960585,908.8094694222976,820.6419961018156,873.4171195426684,821.9844493582451,870.6183998448074,890.1161156754467,744.2287474623671,734.6300211421778,570.7167377996882,632.9747035699489,461.283471148947,467.5058610943002,698.1414290881547,689.4436558133833,737.7603487055352,817.1162708827427,722.7938746894456,732.8319129606308,481.9077132574221,467.08188093185424,671.1129326358241,683.478346233694,484.30247427996466,426.3734663952989,392.7112810673813,420.5380568339515,623.3699141395846,554.5802139051756,233.0547610225363,213.77504734294695,680.7999186197917,671.412585759567,706.3703257739544,697.9551221752598,718.6857899673113,671.2454088206396,35.997258215015265,1.806414424131314,29.063838568258653,35.089740565522305,95.73113189179945,97.09427265375251,239.23159292009143,386.0799781048999,662.8721147017045,732.1446311257102,745.3028392407718,762.6898340152788,690.8440264533548,274.9519363202547,349.3606086572011,709.1639677902748
800.9895869843934,823.6041756007406,821.5671263523533,831.5284083392991,488.16715877333354,512.330287030765,817.7766629972726,791.0324071811108,616.6363459995815,593.8153916186974,766.6867042169338,701.7188886188326,799.3113378456077,611.6079716397683,637.7955951216209,534.8254299116489,739.1914831947942,757.9119232849425,788.3325547258515,820.7095155029297,427.3282585144043,453.56082483927406,787.6374965821853,808.1606611108023,535.3185882568359,583.2132140568325,525.4155808338144,486.21490269237097,795.7440674979732,800.5368949230806,821.8508566708703,839.7422029622396,820.9334420672918,808.0302841525607,760.774243694803,710.4765367622836,630.8233898683792,677.2718082004124,482.8992218029286,523.8103438816713,606.726704081551,631.0811939239502,754.8445896534693,790.9141499306918,837.1363831788384,850.1759230407358,715.5696321085464,650.0160959050372,916.7809536210953,800.4676860462536,936.5322593973717,744.3821980189269,805.9561951470482,577.6594671127843,594.3499701687964,546.7953929198744,814.3019252747853,880.7026004084835,952.8932324073742,913.54437097689,878.5949296238111,914.2615865698524,774.9517178316729,885.1050165116542,907.1580585081186,818.433397205609,875.6923528456956,824.6469821372848,876.9273156816033,900.0635937432558,743.438751426903,733.8266725383821,568.8725199568162,632.9080545004313,462.5361553689708,466.1460132867518,696.6827395079566,689.3397067374708,734.9713550324136,822.9248602730887,723.5422139368751,733.903896511589,479.3098496484756,467.6245604515076,671.0698898592709,683.7734534896676,478.1686669293572,426.73962523360547,393.68035560691106,421.09850948242666,621.0307035938202,552.7748542034626,230.1130140371,211.47423746400105,683.70908203125,677.66773081634,708.170320302248,698.6481023935171,718.3906499945177,669.5592503909086,35.28995147879881,1.7758592354099232,28.608550540729834,34.57599766726406,95.18720010533858,96.82965284529872,238.52191093232898,384.28681519452266,685.7688432173295,735.4676702325994,740.773177588546,764.235297480716,693.0268506816789,272.9709265608537,350.2714409972682,692.571935193292
800.0159891842388,822.7941036224365,820.931680400363,830.6223903215264,492.7796178773392,514.5892851352692,818.0288803217661,790.3638757194357,619.8873843757474,596.6057423138228,765.7153344348194,702.4785948193263,800.1249932735699,610.9991894588779,640.0065450982668,538.1591307093429,742.1926675950182,761.9324673212247,786.468480661911,820.4113352050781,428.34447140163843,453.8831952412923,789.1718463484859,807.7475305965969,539.2930410994285,582.1458802485204,525.061205321254,486.9682069884406,798.7886726811247,803.2657112027392,824.6666724337681,840.3421484375,820.6959324206337,808.7323937988281,762.046190344769,711.1254349674088,631.5781439558525,677.0995921382198,484.7512860766479,525.0089114757067,606.6872333464075,635.2789926528931,759.561786164367,795.2073242766032,840.6994449680562,853.4230635793585,722.7565903230147,653.4553915920791,917.7671879326143,799.7668304107756,939.3125085818415,746.1223055903821,806.0144514278446,577.0917276436207,598.9773106058368,549.1181402378113,814.4967200121508,880.2215859625074,951.3310915656533,909.8781770344747,876.2429071841033,911.248615402234,776.8672648671935,885.6991366422716,905.7144864210442,818.0774964565454,875.7322746576888,826.2985092900559,874.5405794860451,894.2515365010468,742.3390601905617,733.2391216090468,567.3113037949308,631.692941508768,464.8089239148126,468.7144689425616,699.7809853475602,690.6252899803067,739.6321540994848,823.8955372401646,725.9272819899052,738.5889260296643,493.7034299826622,468.95528098742165,674.5907131203471,687.0386303397212,491.4398257536047,429.1558457901331,395.99594043940306,422.5687724199852,622.9300870090116,554.7830460476875,231.4695275085461,213.97044089715365,689.8824259440104,679.7176172288798,709.2818543612957,699.1822786633246,722.8600006297647,672.358442814834,35.53884517520936,1.7165386579758315,28.985168706108503,35.00702235969948,96.05824913753868,96.67663485399618,234.40324438942804,385.5208687922534,682.4585793235085,731.8009310635654,744.31057780221,766.3849406182012,693.9500624712775,276.15615189493747,350.86157889799637,675.1881945379849
800.7595739353364,823.9946175067112,822.0861508146053,831.9163784771802,492.1033809506616,514.9476097992489,820.030576570971,792.5187228977934,619.3923346266455,595.539140818549,768.9529422822037,705.6816926380944,802.9590828373747,613.8558768801361,640.8489801776943,537.0883379810797,742.7908151635627,766.0705687152191,787.3277067571764,819.2043209228516,425.9039138158162,452.27263838450114,790.7489140718358,808.9069214245629,537.5736301681758,582.5433025360107,523.7835690830294,486.1384997367859,798.5025303678692,803.1221729419849,826.700609742813,842.3936234537761,825.5037288342492,811.148173421224,764.4393310546875,711.4880385801016,632.2343364161017,678.156876316777,485.17129546403885,523.5875648612833,611.2623165943584,633.6699528694153,760.102524997696,798.5297833483367,844.2308175132135,857.6390938563653,725.1889115108931,656.0663666024908,922.0195143515064,803.7692105357598,942.7311766439117,748.3721238161237,816.0389310896664,580.940764336025,600.2465835354468,551.0700691694519,815.0092302136458,882.8811029504847,955.5501390626055,915.5150159259674,880.5973395040761,917.452383138601,779.3185412672317,890.0378416781563,911.2909069915316,821.5779490088923,881.848530741488,829.290560837747,873.313895498871,898.238051272229,744.5436707917635,734.9082280143363,568.6156743600828,633.2641472093986,463.4733577120131,469.5420179770026,701.0707507524334,694.3263506750843,743.4672436003989,822.5352499825614,726.1353174845377,740.3034955066788,480.43300694863,471.15163033803304,676.0591017307164,690.1168119067366,483.4753952475155,428.56593645006313,394.2860487997532,424.6539729704306,626.7429130525867,555.012833342639,233.952220560086,216.01626426822523,676.9147379557292,670.8352697340108,709.9034742414951,700.7539886198432,723.5457017039524,674.4349423713963,37.58315288760748,1.9141838694681172,29.485893927346993,35.524308783950154,95.92776516379824,96.82009825570088,240.32218064202203,381.7913043008131,673.4282282049006,735.2839122425427,749.0842500213008,767.7233898307703,694.6118594898898,275.75603925972655,351.37217990557355,696.0900457974138
802.2879480679454,826.3449852448521,823.7371802086212,833.7412039160254,496.08101878221646,516.6814802544458,821.5143220841326,793.9131240942123,621.2253173127466,597.5106003089029,765.6947647497906,703.9749220651294,801.4637580204173,611.9360544430582,640.1378177766184,534.253028050176,741.063982922884,761.1773973849921,788.7849396453506,822.0035333251953,426.215838432312,453.83394927978514,794.2242183492641,809.2234292635842,537.896268295368,582.7936679085533,523.9080543096553,487.51727035310535,796.2078635737581,798.1053466796875,824.0292473740465,840.2215659586589,826.287616923704,810.4411355251736,764.286277173913,714.7703526508377,629.6269084241421,678.1389600965712,486.2120616648878,522.3639505364922,607.9991975377818,631.5484375953674,763.1762461491993,799.5346727416413,843.5515636746929,856.9683276617039,726.873546616105,659.3677726392145,921.6372477069978,804.6461860343508,942.8193939483917,749.5799545637319,816.1866753753525,589.212341930352,601.3699398515067,553.4292812331804,815.9716996760122,884.2257622656999,957.3097942838401,917.43943483163,882.1035215162194,918.4309103990449,776.910866926934,889.7776097883412,910.8387353242333,823.0502778072998,884.3990807908305,830.3706141937425,877.5816825332156,899.2311698112699,746.3589495409716,733.963740864738,567.7006000203824,634.2861661044034,461.8824852100317,467.7141543106294,701.0142664674853,692.3473100464373,735.7415966277426,824.0173394339425,725.0582878142025,738.7952461973738,482.1815058468779,468.00751068751015,676.845496638966,688.6241696908829,488.0655824324664,428.5936673160925,396.9041772522032,426.34523878655926,626.4737755351262,558.7946641945839,233.9760151910768,215.83068311503774,687.7937296549479,680.1802575062898,711.880613476038,702.8554355396944,725.2019717383931,673.0847542210138,36.70002966859427,1.8603372884569345,29.464782894084106,35.515174526930785,96.33916000682878,98.12668279836815,245.44513903723822,391.1434106370982,686.528642134233,735.8368785511364,744.9205531177905,769.7742496925064,695.9074467677696,277.52699862028425,353.3564048463648,677.8534545898438
801.6166109087335,826.0970646853399,822.4288169779194,833.0109546327021,493.5995863005172,515.8004707779203,819.8972624431588,793.1776313489548,621.0324862343924,595.8068771284135,766.166681568797,703.6071255032979,799.911466176473,613.1480796954893,640.6922440256052,539.0738714282625,741.0379703033592,765.3860571249775,789.8194473675841,820.50942578125,429.49634075164795,452.5398991902669,791.1606122246725,809.2140045090327,538.8889180827515,585.1580398685329,529.840793293484,490.70841304461163,799.1788124228424,803.8922859097704,821.1353058101624,839.9367390950521,823.5965141684322,809.7886134168837,765.6287889563519,715.3101799286992,637.8531765706739,681.4711456298828,487.8464326092175,527.5937602153878,614.942430840164,637.7773480415344,766.7086174450224,803.2732735584133,845.1084564296648,858.6944414997658,732.6376794153009,664.8709898674405,922.7433928512758,805.8011159924818,945.8123114155067,752.2054365012248,817.6333928129599,593.917318519424,604.4913628224158,556.0128131388838,816.0813927206518,883.8116395385177,957.4334602108785,918.6767827833795,880.3282836383322,917.7655905489011,778.3774078089162,888.2764348488286,910.1981030364535,821.8985326142274,884.7267566380876,830.9638439597607,874.3847560518107,898.9747511721448,743.8701049529755,731.0268522168769,567.9134913453269,631.5793467600108,463.0862475409024,466.9721451880227,698.4225668985335,694.1945517132391,741.3089041202626,824.1660472324917,726.7482067707398,741.0064857742075,490.8095427719752,471.74871079126996,678.5131580520831,693.2260854862354,495.1061958761776,432.2756237966489,396.9205590759714,427.4323293759229,627.5850829314156,559.3665319496394,234.5200997357843,216.8890927672926,693.6985188802083,678.7547152244439,711.4651527404785,702.310189225555,725.4265245238637,674.921305649438,37.42321885225216,2.048970481334254,29.67922393892201,35.56742587405191,96.1421603917418,98.3665096791341,239.6204546292623,390.3912405827466,657.6674693714489,731.34775390625,749.3799291009071,767.5096705955796,696.0152659696691,277.2262116566039,353.61764993812096,688.5755173255658
804.5649446219452,828.7315709861842,823.8142648123107,835.4620611943096,497.7565372755361,519.1965937273843,821.981924813117,795.6202258430643,624.9540641356488,601.5517989064826,770.6744738167863,709.153063262455,806.165076149471,614.7649949262982,645.3161636751089,541.5281289931266,747.0681367123861,767.7648960902445,791.7258943287349,822.20847265625,428.4347671932644,459.1437843322754,792.8291263690414,809.9377865185813,541.0092542358718,582.9332388783549,529.4008595166285,491.76871103710596,799.609434451697,804.5324915002893,825.653870109498,841.4165439860026,829.7144701682915,812.0868378363715,766.4607528023098,714.9305390507342,632.5838996114185,681.1707863984285,486.38420626946856,526.987667183751,609.088563012295,631.104914188385,769.5749416654072,805.7145967167136,848.8161882743198,863.3819240101597,734.4875539787545,664.4892693316186,926.4929722109149,809.9211778277177,949.2610957318751,755.0172070334376,824.6570381540888,602.0618698433334,607.0872001952854,559.1775989173477,819.2951564224761,888.6317358326029,963.5093898567217,925.2621991728305,887.9502735436481,922.3403860913126,781.3666635682459,892.4916472199523,915.0296544316989,826.912961189753,890.4397108228019,836.2360540106167,878.1839170030728,904.1959434214218,746.2737580033036,735.2707684626345,568.5439168947553,634.8797389439175,465.4763108405514,469.4375253596776,699.5119199909147,692.7941153751864,745.8625462308843,825.6942956107004,728.5880981094535,743.7773781403981,482.4537406826019,474.12427065034706,679.1946567489188,693.584219574815,485.34573988073015,431.750018433113,398.9447552661101,429.24011502675137,629.3657341552598,559.0451207898557,233.84219093406918,214.96258875132506,686.1814534505208,676.2919828770524,712.6539538800716,701.7309814384081,727.9261294357649,674.4159472775634,36.20757008309623,1.7367914586000281,28.860056132844157,35.01692923544324,94.49881026815288,96.59061042185478,239.8304968410068,383.31993488704455,688.5124345259233,740.068915349787,750.5611736118393,771.318901738034,696.1496701708027,276.4646417467218,350.447182561412,709.8632202148438
805.3032867809958,828.8051045880173,825.9584276287791,837.4878952664683,496.1474017963853,519.8233708377395,823.656091259162,796.8159334125925,622.7288361471526,600.3322609604382,768.5220353196307,706.4150643545483,803.1096984706244,614.4209365613065,642.0538038685547,537.8850176671599,745.0311489014829,763.8692867367766,792.28480547324,825.5411431884766,427.97067674001056,457.64826889038085,796.3697242406539,811.801006589617,538.0241719091126,585.6869810754126,531.7977081214525,494.4881157345242,797.6734440641583,801.7503851996528,826.4218083579397,841.0429423014323,829.0613276594776,813.5086827256945,767.651783818784,718.7280479339232,632.85045956515,681.394746851038,488.9799299410411,527.7613331083948,604.1670662301485,632.6961331367493,769.8628102096301,804.1338801813351,848.1599891829956,862.8247274655348,736.4496645336309,671.127656148447,927.7020435310179,811.4828969446445,950.2340303516756,756.2266540982174,821.2356221836244,608.1941761199166,608.1747271519148,561.4136523857054,819.6086003615849,888.6271394314589,963.2257796219565,925.3698790874088,887.5607709536345,923.3396159632306,778.6306744030127,892.4161350521041,910.0106961833897,825.1306185081639,890.8805707652917,837.3781966048919,880.6176313169443,902.0323457665206,747.2422899125933,734.7261942879098,569.3519085525372,634.917569775602,466.83635191986525,468.5068436743508,701.3708601154265,694.859156058537,738.0925176092919,829.5886851719448,726.9557183218185,740.9814361403002,484.7826625053088,472.8623607158661,677.8726128107256,691.8724187846876,484.2265342712402,432.1009935041627,400.0494518938164,431.3888052433409,629.5085769968648,562.8002213084698,232.50296051038808,213.97460967145665,689.0407002766927,677.6464760990466,715.2862857580185,703.9133266604324,729.8398410418562,675.7002439382316,33.88631456585963,1.4949013243670817,28.423328277188237,34.46696695511325,94.74317590025434,96.39178891696277,238.32064400778876,389.6347581568886,693.144775390625,738.0959017666903,745.4165204963429,770.8742984820016,697.8956657858456,277.52793865036546,349.9052611228191,706.2809848127694
800.814882947253,823.2015082021856,822.3756746298918,833.6652850268847,497.57949144008546,517.8033947433744,821.4914290354177,793.8880617701753,623.1941086710716,598.2441856509349,769.8387671679985,705.5621865983993,802.6486099269337,614.7547247513586,643.5064693137781,539.6798504753681,745.6800882059251,767.9135052484531,789.5916324776251,819.1380708007813,430.28908867306177,455.7533910751343,794.7005899492624,809.994534764971,541.7964093572806,586.3377095316793,527.2550703017092,489.10928461286755,800.9843496646521,805.8434933509355,826.6339050453166,842.5710626220703,826.0975279727224,812.3114240180122,770.2164816151494,720.2697430346385,637.9303301168434,679.6445936273645,489.4285269294466,528.8251393350323,614.3787921842982,633.0696768760681,773.8307907673723,807.3801620989614,851.0059343725858,863.2237431040982,740.6682452524989,672.799028309492,931.5401526720293,811.8763668026743,951.2310790622863,757.8244081944288,826.9788167123837,599.7122932742624,608.9741234796297,561.9188193482776,814.5640862121247,883.2159528820603,960.3328061196511,926.1381763436781,881.0600941533628,918.8560095064848,779.7918767433283,890.8284357825424,910.5286894840981,823.783659553035,891.0356286895409,836.8730135189476,873.8839039893667,897.8073986748964,743.3781000085779,734.8430617285557,569.2086272633404,634.1534961518787,466.2335023741791,470.63649867957747,704.0137197775919,694.768301936106,738.8837410135473,824.3522894723075,728.3728309426727,742.4353867354314,493.52400871833163,473.93196229934694,679.6085502053147,693.7568921716804,494.7333755044376,432.3782846437034,399.41148477668565,430.1655735619482,634.0645979354886,565.6674199112257,238.5344197458277,221.77005888918185,698.3950988769532,681.0078709489209,713.5012150108814,703.5570375951706,730.474047420589,680.2742580189973,40.31878524028549,2.4142070236305395,30.48947062328709,36.68060179472835,99.21402005381636,99.80088021267726,251.65725151697794,396.3741301157895,657.6880326704545,737.1403553355824,754.4048910461016,775.239095567148,698.6670532226562,280.1269670871266,358.70483674425066,696.3342116783405
802.2405744460285,823.1614491487994,824.7096385933131,835.8866651770603,497.8226625265077,521.0265674676214,822.1524389971045,795.5312300564381,624.8035636629377,601.5895837095917,768.4592374010784,704.3856291755798,805.7117382592647,614.7163354297761,645.5911148318011,541.3192676811597,744.9589997784221,762.8589776441504,788.3643830982661,819.2171263427734,428.36731179555255,461.7918223698934,794.5757195471341,809.956346118261,540.8864644734647,584.9927421821343,531.4035499952116,493.92610120773315,799.7185442942493,804.3336894470968,827.9933226577879,842.6905098470052,829.2148259049756,812.3317423502605,770.7553270422894,717.3680879523955,631.9070538088089,680.920438837122,486.8442756193025,527.5243433834462,604.002911677126,630.5799126625061,770.105838132283,805.2107444148493,850.7677060654569,865.8811315346879,736.8051527117894,670.200924489048,930.5548829017147,813.239055957962,951.4883196424487,758.0707312709609,825.262271590297,604.4262061773562,607.8562964918771,560.7484433147599,816.6495515085912,884.5063206443081,963.1768447513457,929.07269165082,884.2386475140115,919.8024740095664,780.3291160280187,892.9836986270951,915.3999027992362,826.005146095611,893.9234625919481,840.212211364831,876.0884974777318,898.9811521077024,748.0858689729158,738.8945986638304,569.9592944503925,634.8037402660816,465.02912571119225,470.47444647130834,704.1497420013928,697.3173017699689,741.4830075527759,825.6059603009905,730.3351379043754,742.8068091065844,483.46229163303974,471.075708656311,678.3060829498694,693.694803207575,488.08143884995405,430.28728289444956,398.3513151549657,430.50232519040657,630.1988618956066,562.3733049090704,229.88619500215822,210.71373092033855,683.9604553222656,678.2458920236361,712.1354225277901,702.543327331543,727.7061101801826,677.2907073107209,33.55375493354605,1.3007894195892193,27.667413340683233,33.507415206141744,93.69971067878589,94.77866689722124,230.41938591003418,379.1580454619492,658.9666914506392,742.8902687766335,750.3020791687421,775.5435678989072,698.4573400160846,274.5612190857268,345.24173041483544,754.3235936658136
800.4479679796743,821.2813332934271,823.2758054381744,834.5184392587122,495.5184441766074,515.9752769640514,820.5803610825275,793.3109611933282,620.1777794507085,593.8242829432253,766.7079075138744,702.8271950403849,799.8303154083304,612.3577233224745,640.2051511048085,536.9224781812568,744.1349961701162,762.6071515669458,787.8509114583334,818.1767706298829,431.00476190778943,453.3695259730021,793.9060446669013,811.3715246480609,539.9645715184237,587.6670166267144,526.5599578098697,489.0198204252455,798.4327765410801,801.354296875,826.827392578125,842.7961901855468,825.3197013725669,810.3419303385417,765.1097958772078,716.9497559329113,634.5793287638526,679.634157816569,487.77762000901356,525.3311772578664,612.8305919209465,634.3773303031921,766.066307336565,802.413311058876,846.5614778338037,861.7012790434542,732.7658602501735,668.3994683152312,928.0642530133647,810.9368050315163,946.8602474021175,755.8596475724004,817.8777597538559,596.6712466244604,604.2859236800226,557.2347963664029,814.564906810748,880.3984991841846,955.8651041315132,918.4338584384597,877.9778010890794,916.22270518985,777.0564537864942,889.8645586584821,908.753770059614,824.8021733566002,888.6212151002348,835.7629895588287,875.5702679385046,897.0542614341441,747.342408807428,737.799584560707,570.9042016825545,636.4837946375727,465.67092652251756,469.66733174928476,701.3665168637135,694.3092063808837,739.3733377659574,822.5529011317661,726.0299537337146,739.4376893569587,485.29116344094274,471.6711515235901,676.3760664717216,690.7398713400335,483.68340902889474,429.9576145199662,397.4295363586086,427.85368086584134,630.6493902301925,564.3278842083613,236.88690353685524,218.44640000203486,690.4788045247395,679.7641275696835,710.5112226009369,701.6097961356737,726.7755358358679,678.298569975389,38.240874176550854,1.9751378710071246,30.055835340493307,36.09144880181702,98.06786191009726,98.5202169808439,248.48017957475452,394.5600513780818,682.3617609197444,730.8292691317472,747.495776694893,772.2496774407882,699.4150510301777,279.357258294758,355.58896447672987,771.417566759833
802.0004849574642,823.2442097706024,822.4179328664446,834.8301059905276,494.4232898647009,516.9109075665474,820.5591148513053,793.5896079562573,620.4735456583451,597.1810146237983,767.101994025998,701.96812935481,800.9096565573743,611.5091582558416,640.8797644774119,539.2902592642431,743.8582527919968,761.7956328645497,789.1677198154259,822.1151126708984,431.7572241889106,459.04022687276205,790.5274097035285,808.392740870279,540.6452782615942,586.0182669712947,528.6096716612084,492.04366795221966,800.4242130495468,803.5689441068673,825.0959450228634,840.9248842366536,825.8153885663565,811.0310917154948,766.7288919200068,716.7195158809064,636.5685602263732,681.2419608787254,488.10899435196603,526.799591835965,608.8841887927446,634.3856844902039,767.1040756759189,802.5620398498825,846.8170133128472,859.9552597135131,732.6741321973565,666.2434059147026,926.75298204422,808.1369982968328,946.6863415103161,753.9258599118208,817.3039189154791,593.9293247519755,604.8064971097198,555.2479664292156,816.0476248700412,882.1022257716568,961.4641796466341,923.5850147082703,881.2061992612092,916.0197963035608,779.2773976923858,889.5543612668544,912.7154894017461,823.9316776858436,890.4124810379543,838.0518656426908,877.5335666632196,901.2124719777819,743.9572344255877,734.9070917348392,570.1779346991023,633.1960548301796,464.5874618309132,468.716288821798,703.7312440715853,693.82709512671,741.7729401284075,826.9222869873047,728.3811692862675,741.3745736324985,489.7453626461824,471.0779740015666,677.2927710820925,691.2144019877695,494.0438891466926,430.62229034272343,397.5590122502763,426.9603142204103,627.632454705242,560.6266059543689,229.77131818152137,211.723186304295,699.7257059733073,681.9265281547935,712.316947311163,701.910072533793,724.7053376894264,673.6886299851471,34.01174836956259,1.5699468518234359,28.14347928192969,33.945605117767784,94.93218287532504,96.30686026411031,231.15599372651843,380.67462667121606,672.7780151367188,738.9569591175426,750.1102010227689,770.8473970437352,695.1890593884038,274.91484378513536,350.74256704070353,689.7670224946121
801.8775361026192,821.2088430942309,825.6333427746713,835.7960837770743,497.9629970373109,520.0143000313213,823.4407382584594,795.067525017921,626.9885047017311,601.7377890915167,769.5674458015255,705.7813558003259,803.6507183618038,615.0616529810767,647.5557384704476,543.3501788392552,747.3614992982403,766.3119909474224,789.8889699767833,820.4713426513672,431.6285044352214,460.55279909769695,796.6422314361748,812.9173818467156,544.8169093007192,588.1687822656318,531.1113236569568,494.81901746326025,802.7375259399414,806.3268572771991,831.1928757394705,845.3875333658854,830.2105859012927,814.529110921224,768.9725861922554,717.5776562058782,635.1087672699915,681.8396908795393,491.33091745206286,528.6360669011034,608.1191356221184,633.2226781845093,766.9964597452255,801.2347127182223,849.0461053941243,861.2068880315412,731.7970739159703,667.8327753019187,924.8874366452617,807.4511465145346,948.1635473931311,756.7303444312612,819.9382339785452,596.7841233178681,608.6339378594082,558.8309086473406,815.9542425182798,879.3660311654762,955.8078909229254,914.3663083876276,880.8980515985903,918.2531717965518,781.8680151143205,894.0703543527627,914.758590242756,826.3344488085395,890.1769631589397,837.5471905004,875.7939621263249,896.5107917574887,747.3674673819327,739.2426406360063,573.429287411751,638.0235513794473,468.57891248620075,473.89143565003303,704.0827754286469,695.0606272843863,741.027415174119,829.5441556658063,731.6309452568435,743.6098509136979,488.65442536036176,475.40803415934244,680.9057572188357,695.2176889046418,498.01597016278436,432.32286572026004,400.4237372050993,430.1405780357847,632.0714845775148,564.76806648314,233.23061124212757,215.82355340035193,688.6060465494792,677.3366678528866,711.1615680605173,705.2671722826375,730.1195520687346,679.3164879628673,35.38237175758389,1.577200289180985,28.82363176138632,34.88741979690884,95.24120302044597,96.27503797355838,237.67515844768948,388.6503987662932,661.059043190696,736.5415826970881,753.7133924241034,775.955616238751,701.6858664119945,277.0749285587093,351.9141149340254,723.3039656014278
800.1665016813853,820.0995586913342,822.2264162034115,833.4842010741215,493.86320032740747,516.2823213168552,820.0748570695049,792.0231900024414,622.0468582425799,594.8487426492035,768.3131691227114,701.9170044066414,802.0213135969577,614.0573911386946,641.9107974488937,536.9411295483781,742.5828244177651,762.6896147078454,788.3167191428699,816.8557786865234,427.8959738413493,457.68869190216066,793.9111818531031,809.4855062923734,542.6119064410943,587.1367610051082,527.1847260195906,489.1683906979031,797.1825020268278,800.8828284746335,827.7454862819882,841.4661535644532,828.4418863846084,810.4358401150174,766.6031892195991,716.975094347115,636.5572847206687,681.5234430101183,482.1330553335803,524.0062242000737,610.5188268442623,633.2064242362976,760.1580847653132,795.7325020017217,843.8633196241012,855.1484947873835,725.6163093762949,662.1990974405845,922.804542292318,803.7893159032917,942.4551337007697,750.4978884499318,815.3549021220527,591.775469693483,601.6874005536203,552.1165881789062,813.0021898785661,878.682074242168,954.6389285390372,917.9253164652812,879.1787264351223,917.1833403750917,779.1399980364225,889.8435935527699,914.3433899381267,825.1686291016965,889.4546034437886,835.0666707586679,873.1946726027568,896.4799978351066,744.2831130156646,737.4003629840788,572.2063864611705,635.5581259459128,464.715009385261,471.9172406263754,703.3706686301309,694.6395451082728,744.6404094290226,817.6231896536691,724.3922598243216,738.1386834550134,483.46469962120057,469.96138967196146,676.7886671822502,689.3406881920406,479.55495939815745,428.6080564092643,396.48682312427746,425.88487669167523,630.158788387738,563.034975965023,232.49814050127236,214.39020285624974,687.9757263183594,678.7255957651946,708.1285737752914,700.7163955550388,724.8267097667276,675.8015794940566,37.31084512026466,1.879639080180614,29.021019394054427,35.159127470716236,96.6225368703199,97.78356584111575,243.7654193242391,388.4475923005272,660.5257263183594,744.4356134588069,748.1523855324559,772.9795760142653,696.9339707318475,276.57274867149823,352.48539757728577,792.7374267578125
797.2471613157738,817.0075429259526,822.2112092688308,832.7119011290044,495.2144603729248,518.395955826555,818.6985908892048,790.6249201283556,622.5755667297208,598.5295565167412,763.9832682105584,698.1031162988572,798.9559386631228,610.4430894255638,640.4953761471445,538.3895360388176,737.073539625412,753.6036505239747,783.6685204633808,817.1731640625,431.0146359337701,459.19283803304035,789.9489759662623,808.6784018334888,539.9517499214692,584.4491200918679,528.7058366807127,492.1436763339573,794.1144509945276,797.3062833056038,822.8517959074086,838.7022477213542,821.2131981283932,807.0682187228732,764.244654912534,713.5028443853539,631.0853252662961,679.9172737686722,487.74698695966174,523.868812103843,608.3426753810195,631.6704359054565,758.9089296138476,790.1618902558964,839.1697823237575,850.3463389078776,721.6102796192012,656.9785681804577,916.7560282245759,801.0029098644984,939.9243100238737,748.3915341130685,809.9624633618,587.301869210075,600.8753549311555,552.0210204241514,810.5876273315029,875.3607120822977,949.136856968923,910.4538695244136,874.601254405146,909.410053263976,774.0242723004169,883.9165343472987,906.8957571912167,821.2269009207724,879.5297585262341,829.0727318987892,872.2974141114836,891.8036552977167,748.6476432869026,736.6481433305584,568.6696767544528,632.6082506055956,463.637463113536,469.91626793230085,699.5633996431944,687.1961648394953,733.5679152468417,817.5886143275669,723.2413341186056,733.3389593674003,489.544895649751,466.95848378817243,674.4572014056638,685.2222641443822,491.35119200313795,429.0374250601345,398.3162747332826,424.29042714770276,627.3505067016948,561.8259107247989,230.0399914195899,212.22966774025375,700.6811096191407,678.5167655298266,709.5995507836342,699.552173873418,722.6940886616403,672.7291667070832,33.98058036673128,1.5052393183478636,28.20976536076495,34.13721334422818,94.05138805805224,95.55831819450262,229.09570365481906,381.69186683393576,665.915732643821,739.037412331321,746.0948533435796,770.607083091253,697.8435429591758,275.30798527650666,346.5990557815089,729.9281658304149
796.7597450427492,817.9873261646452,819.2741214058203,830.1791697270367,491.46493361051694,513.9617711135319,816.1777820896107,788.6840836025806,616.016799985146,590.2413337347938,768.5295961736664,702.0696943495009,798.6055310676273,611.7897267447792,637.5505383856854,534.8193325937237,738.3621334419431,762.0542166130091,783.5301904787963,816.0137365722657,427.81614685058594,455.17707239786785,789.5591459095392,807.5197037742251,540.7991428275383,585.1836014213143,524.2701379765463,486.1487889819675,797.5498058391067,799.4519092701099,825.1421319756295,841.5105310058593,821.8263778686523,807.0447261555989,763.1680987814199,712.1722206207643,635.0821503626618,678.9674860636393,485.3887709719794,524.1265490742659,609.7537601658555,633.1118898391724,753.5117458029399,792.6422878464251,840.7613994162892,852.2304788332933,722.049524002824,651.7468529547845,921.5016499550112,801.2615665983944,939.3792543349886,748.6713926038991,812.5781348361028,578.2953088482221,597.8175199847027,548.3107573669982,811.4732576936385,876.6158398654726,948.4766504934488,910.8663379962628,874.8490012525475,910.0405633742755,776.4358819150779,884.5465873685883,907.6751021200151,822.3037579844703,876.6146089532402,825.3755624012423,867.8721980441148,891.8963899559737,742.3853243578661,732.2186943429415,571.8208146401502,633.6185017375203,461.9146622367527,469.54158471335825,695.6645888031507,686.4774019233419,737.5679158961519,811.6182272774832,722.9902158130631,735.3123140983819,481.1686655712128,470.09550954818724,673.6021445539029,685.9115778482877,485.7745919844684,429.77181139577596,393.93977013758075,423.188918562697,626.1491673252907,556.0895597553254,235.012991170912,216.3744069482809,677.9808756510416,670.1731722556939,707.1786738038063,697.4013312154226,720.6326823149625,674.7382163068776,37.121299882615475,2.02458563350417,29.610347416839993,35.784880665941664,96.12191279940484,97.92331246915523,241.28847731484308,388.9864295650931,677.3318814364346,734.1948297674006,747.5063361865562,766.2345544356334,693.5491907456342,277.66011816995183,353.653279579047,720.061647612473
800.0654074658751,821.6410926146941,822.7845471503476,833.4451994269018,494.311820718854,517.8036339538438,817.1868126910666,790.4443592444886,619.1249491243947,597.8161193034688,763.8186618215669,700.792288547092,798.639876665014,609.9800923483574,641.3866254820753,539.8813530043988,738.9774104836993,756.3045299282898,785.804439676219,820.6188961181641,429.8924543592665,460.82067953745525,790.9750583202808,809.9873930764577,537.3385721875735,585.168104150793,530.3822895281882,493.5132270918952,794.79042283544,799.0113275221836,823.8840356060839,840.3163842773438,821.1405740511619,807.709339328342,764.202349057405,712.7948865775602,630.3890387581308,678.8809040210865,487.5864109141486,524.8537099673954,603.6267405025294,630.5808305740356,760.4265779715682,792.2750210151853,841.0642659710643,854.003891526607,720.0488690802873,651.7182160057388,920.0917631672274,803.8357180374459,940.2009504163588,748.592934214733,808.9745645651368,584.875396000404,598.7879216107763,551.827055726621,813.8748873557083,879.0752231633222,953.320342622102,913.8542935799031,877.8137270720109,910.0285020476406,774.6511366724603,883.8171571586357,906.1945964756296,821.5573217948894,879.9582660975082,829.0231658712713,874.9122369851276,896.7062605546982,745.8763752155476,734.5122847009877,567.8610722253082,634.373978784074,462.7303637076115,468.01808145012654,694.9425561623495,686.0785518662069,732.2946322826629,824.1192496163504,724.7025670603317,735.3668210338492,484.8594436295827,466.94736044247946,673.6119201508913,685.8430409829954,491.4948892705581,428.37021859458207,395.7261792055021,422.5956224900747,622.1528876672925,556.1090401999155,227.06639734138702,208.9141705429905,693.5406107584636,673.4301483671544,709.1416883319616,700.7468096012443,720.0692372115817,670.1183542983748,32.50522232186785,1.392917453414864,27.545343386230133,33.55993277577987,93.76938734938042,95.39236666299202,229.47310384114584,378.58952558632285,688.1166104403409,735.3420543323864,741.1193210678613,767.9163300719442,693.5143300972733,272.0885743948451,345.9313534516277,674.4893167429957
798.5313802041298,820.0709094438288,819.7451911862767,830.0158446338547,492.5500607601432,514.3272324119296,816.3825289701053,789.1583752668665,616.5314447928448,592.0904485827587,767.8214411076491,703.602841955518,800.5876858483866,612.9846857279418,640.4897566784674,539.2550055927437,745.0256495181983,763.790555671996,784.2822701757439,816.3846727294922,429.3764895333184,455.34529361724856,789.857692110246,808.8427070663089,542.5691827804006,586.7343133360475,528.1566126280727,489.72193241119385,799.5233619258089,805.9007877302759,826.0316895812828,842.3372631835938,821.2239405745166,808.6631438530816,763.4699696416441,714.6204455272261,637.5044436013646,680.6520866111473,489.69289430975914,527.8944481838955,615.5017309970543,637.3553042411804,762.7698945755819,798.6323382481579,845.3449048331853,857.792871129443,726.2200386504496,657.776009252855,923.4765223948225,803.7910817277747,941.6735125606738,749.749456332603,816.2386992244977,581.2399099434124,601.335885420574,551.9724185275563,813.140728117994,876.9525143437916,949.4959943536549,909.2378213499545,875.6801847507643,909.8074294556307,780.30830229313,884.7535779662584,907.901079547939,821.6696203820774,878.9615093188339,828.1584599565233,868.1139122057872,891.6310591724038,740.4812983607387,732.0238307264984,572.2756766223033,634.0733505182968,463.27875817340356,470.23707258197624,697.4235247002273,689.4529978645293,742.3443187957114,818.7535988943918,727.3581493860004,740.4329961702969,489.5299781545003,472.6629948361715,676.6194019670528,689.2856784573307,493.19034509097827,430.33024851940166,395.53911342978245,424.3118766118574,626.1284171529778,555.922764515082,234.42688053937766,217.10318436493097,680.0954935709635,672.2097271418168,710.0756855458021,699.7700926146356,721.1747585228685,673.6081985692815,37.70575817424412,2.0743879353006682,29.647627512100833,35.898278788939514,96.02838892808352,97.16540399156712,238.0895365079244,386.33831818664777,666.0712779651989,734.5599609375,747.6087736603398,764.223503595666,694.0833082012101,277.3283044999106,352.13455949407637,684.2465231007543
802.5196281171886,823.1046602960789,822.4806043055622,834.200792715369,493.9017044799272,517.1051331758499,819.6802223511263,793.0663925722812,620.1096685759875,597.7412764674327,767.1952654055464,704.178515540229,801.4755265774081,612.3223474034172,641.4875269505515,539.3595959164073,741.4167679339223,760.0706063267401,787.7681809933249,821.0178109130859,428.71616231070624,460.5366502126058,791.0694871217141,810.3573237373715,536.9971942302444,583.8896714095231,531.1241178986776,492.68146509594385,796.8693391332087,800.0322244526427,825.6202815498892,841.4508630371093,825.8995458311954,811.2823942057291,767.9308248768682,714.8124694824219,630.2205070461996,679.6415410924841,482.86737909753407,524.4142417979151,601.275731321241,629.0885233879089,764.4299982298934,798.5304854695831,847.6541890792528,861.0944403040479,725.8922770180978,659.2010732496327,926.3544434562806,808.6930339511189,945.4888895002878,752.6221586420263,815.6814704689745,592.6188833830404,601.2666704201571,553.8278374492439,815.6164735290595,882.2279774171335,959.7133958458128,920.8068770324535,884.241694866678,917.4698128715688,779.6457717382215,891.4696356053215,910.8594216873397,826.1972348111699,887.492485440715,833.2906386384713,874.5181639361533,895.9336235931565,745.1489452327694,734.8722375338194,567.3198060201943,633.4674571644176,465.7681451327559,467.51079849458074,699.3863616693216,691.8795390148875,736.2115231777759,823.9142630440848,724.3034738416416,738.6996513698971,481.26826742370923,470.15300037225086,676.401547452709,690.3886209180665,481.7341991200167,428.46807463332635,396.7054790885498,425.44003619397495,624.054170120011,556.7535026446978,227.14902856592434,209.18980176529473,687.7486022949219,676.1323966333422,710.0963773727417,700.6186198584095,722.0446068761306,671.3936488657534,32.50246315781566,1.4728002642315847,27.492735459251602,33.597267419624096,93.08988446096109,94.92990929159706,230.691857708825,380.5641573930488,678.7943115234375,736.8405917080966,744.4764426826631,767.3304221237762,694.3111117493872,272.7757779924493,345.1888696409085,717.0371893521013
798.9875416671231,818.0430961782583,821.4769344760745,832.1244408504897,494.9138091176055,516.2634735107422,818.5982670178296,791.5020569886552,620.5126155736496,593.9247702067015,766.7592176421871,699.7762417535934,798.1695806068171,611.4210100984766,638.6695939023697,537.4969111198823,738.5331967611448,759.6658733774261,785.0005088601532,817.8353299560547,428.66652806599933,456.14521713256835,789.5121383611946,809.3605150495257,540.2372932334221,584.8476596454998,528.2618234118046,490.25062725279065,797.4242638641933,802.0291713384935,823.2108375369095,840.4170153808594,820.5746904793432,808.3503485785591,763.7557245669158,713.6790686917592,637.3394952177476,679.9569278293186,488.4573880306312,525.9374334071013,613.2534079629867,635.8013372421265,764.5815877601032,798.8747559316915,845.4337843965355,854.4091654995032,729.8163290339068,661.0576108552359,923.7258977028631,804.6108607518707,944.6759403970098,752.028866734543,817.424319297209,588.8759027929867,603.8441248278847,554.7232523916591,811.3034558332763,876.9338648275093,954.0482002077041,912.7401824292725,876.9770560355809,913.0616442069266,778.1168637523593,887.4104035302935,905.729800779428,818.4592894060052,880.8144629189138,827.8340197259428,868.7088551612417,890.7300698296141,742.4349364547043,735.04648902768,569.8219929266413,633.3800653895258,465.25584500077844,469.93261761732504,701.4232552950499,693.7048018206204,736.4421088036071,815.8735787527902,723.697767469618,737.2324076252089,492.0444952955842,470.68532145818074,676.3071060773035,690.7878917135291,494.69189704446234,430.06190925901114,397.38379525470856,426.2393730064683,628.7757146448049,560.3635333156585,234.82650491715995,218.26270519117534,696.8827555338542,678.0125323796676,709.9736129790545,700.2583436577568,725.5011666470205,676.2545281622404,38.12688120275638,2.01675070139614,29.704620041901226,35.93171317262043,97.0039580176227,97.77801180648447,240.9311032295227,390.23975602318257,668.1959838867188,731.8517811168324,747.334633641595,765.5587283750124,698.5391881606158,277.913923681828,356.49485864061296,687.2802776468211
800.6478626291755,819.9054761029253,821.7510031746627,832.0864202415801,495.6212527774101,515.5889261024339,819.8170235350105,791.6439821446196,620.8550695497163,595.6248678652967,768.9158176794285,703.332780456543,801.8674745641482,612.783925707041,639.9775565797416,535.2369471270748,739.6913147695822,758.5280639737151,787.3097068231225,817.5786685791015,426.8101456960042,458.8519360224406,790.3953402713264,808.5120701222193,538.7839489682183,582.7196130018967,525.2916711206594,488.6778713597192,797.6593537240658,800.6131419994213,825.2081907577715,841.428954671224,824.9349993689585,807.8635697428385,762.9849800441576,712.726518745882,632.1191093680092,679.1602215237087,483.82256209105253,524.7540473366498,607.2443147252818,630.6754245758057,761.6869670455418,799.2898942847952,844.8029815214257,856.4338651065938,727.7604459199039,657.2329542403454,925.4182054765763,806.0167667914695,946.8196336311723,751.963125827087,817.6569842693517,592.5217458407084,602.3035131356221,552.8877470856212,814.0214131116084,878.9924870817749,960.696131992546,922.0322873006395,883.2939092752208,916.4868808456223,778.8066804751709,890.3715380209463,909.210061372216,821.9198139354548,884.9089314642916,830.5149501487509,872.5473486541943,896.0834360702262,746.1637437837618,734.0162047089124,566.4377809577032,633.2624071790026,464.65554499971694,468.5143196213413,699.7329848242588,691.4140637662896,735.2625485684009,813.4590323311942,722.8673478634421,737.1773097762086,481.4189737737179,470.9615378554662,675.6420088822621,689.7906780073106,482.8129989848417,429.06896908618916,396.07502060694,425.1254058645792,627.0087651417604,557.8409941244125,230.99090055783313,214.1178304398024,676.465098063151,672.2263850842492,705.812435477972,700.4674532445847,721.995664970262,673.6989122358103,36.12137599561461,1.901232739041249,28.58454526772597,34.96668231314148,95.24454502422822,96.73036040042737,239.75535159640842,386.03937149749083,665.4859619140625,738.4714932528409,747.2445680759097,766.8421480202977,694.5438340130975,275.2155342290276,349.76779488361245,732.8181636415679
799.7376897512389,819.6584908956229,823.053253133005,832.8561861562539,495.06798901225244,516.5900063897882,818.5521127712188,790.8149250144147,618.87377556976,595.122841967911,764.3596850914684,700.3042983766586,798.3325413070862,609.957955354621,639.2802886612973,536.7661843240704,735.2852653394943,754.6423704758831,786.969094579704,819.9398967285156,428.08414999643963,458.54569822947184,790.3008947468767,809.530238408891,537.7210619961404,583.6499242677793,529.3052619386115,493.3343513806661,795.1931915283203,799.0639658986786,821.6262955152456,839.805425415039,820.6624018782276,807.3262456597222,762.850903851053,714.4597601833113,633.2872117500473,681.4298129611545,490.8085408636502,526.3932630060317,607.9299751656954,631.7596507072449,764.3921876334482,796.6140795522391,841.7243778546208,852.2580379017612,728.4844264117154,657.4376901829993,920.7695925408794,804.1889239671992,944.095815376272,751.1534989052855,812.1157607861164,591.5895029540155,603.6316167465535,553.9462501912967,812.3977430161876,877.8147957413285,955.0586667483105,915.0126677937177,878.0818015455163,911.9990760861477,772.3653066092675,883.7287226714225,905.2436013292911,820.2747216902346,880.4584264090892,827.976409832526,874.5098498885039,893.7977971029545,745.2338461661124,732.7461514082112,566.6673698775265,630.5668196244674,463.237279035043,467.18554730482504,698.4802583788262,689.9339478045579,729.3220435609209,818.1783098493304,723.4361021838425,734.5445600800751,487.7423375423749,468.6626789315542,674.0656033629363,687.0904204431083,494.0311377357034,431.1803308118552,397.5879880754898,423.8440408104225,625.605903333174,559.911903722575,228.460439792748,210.66879321996055,693.073661295573,679.1405205160885,708.635491669178,701.9074792300953,722.769418100061,672.8922423523621,32.35862067999857,1.3790515410955306,27.760792102291656,33.99856329879071,93.73174006435403,95.62759003990895,229.89472177293567,383.9062965074006,690.0393676757812,742.2225275213068,741.4040187349256,766.0428949669947,695.206325157016,275.36238903748364,348.0935328435717,703.4387775289601
797.2604306794113,818.0909832112827,820.2959573317085,829.9882358915777,495.62119918202245,514.9889846358981,816.930989947567,789.3040388586167,620.3386550630842,593.547923815055,770.0340511275501,704.2782671610514,802.6118111193282,612.8196348248706,640.7673306868444,537.2911660807305,742.4779446859495,763.598758000472,785.9725565709374,817.4809489746094,430.3293402989705,459.1073190053304,789.6682521027404,807.7258761799525,540.4266336051581,583.6796439663394,525.0936325241847,489.2732161151038,800.5402869458469,803.9543791594328,825.5306952368869,841.285595703125,822.453037197307,808.075647515191,763.4465183423913,713.607234725033,633.795833436403,678.6105324074074,488.4621943192823,527.2516868677033,612.9307035852651,633.7520332336426,764.1738076947984,802.6443065625232,845.0553681558221,855.7943119696009,730.5005668460831,657.15323793638,923.6758213704633,803.7048618506826,945.6024608243847,752.5760195600675,821.1945015261526,586.5274950943741,603.6730982075787,554.060533893479,811.8086768794817,877.0164389168775,952.5477618882775,913.4818025735708,877.4125427776834,910.9685292058778,776.0380219159141,884.2543292844001,909.6792825727321,822.7497329015756,880.4063829657737,828.3113961518226,869.6313005192264,892.2998665656833,741.348638379896,731.2749219800605,568.862340524656,631.5357296105587,463.9889561749887,468.7053493446028,698.5915418531074,690.9135373697242,739.7634537067819,820.4347446986607,726.0397735829554,739.277401469689,485.7086524709066,471.3154327392578,675.1948667979975,688.2649454990117,489.61232539906223,430.6430933432459,396.21955349793035,424.6109932034462,628.7624516590848,557.9003944476445,232.70512809490577,216.4862720944602,682.532861328125,673.2153408244504,708.9441620111465,700.1720223405242,722.9022326869818,674.7855648143367,37.18790325766895,1.9677053200425925,29.173531030913228,35.539670435735026,95.76830901095663,97.4369985772477,239.5384161207411,384.38465449389287,664.433516068892,734.1640391956677,747.8086529418126,765.9648599745352,697.2881649241727,276.77513112519915,351.768591931372,683.8084843076508
802.56218188037,822.1895266361911,823.9802253940868,833.4804702394038,496.4891866406729,518.0835636534861,821.3149499397246,793.6092126821965,620.9830479621887,596.4329120292039,767.38772707063,703.2130630069308,804.046824617206,612.2203983522137,641.0095440831351,536.4517777705606,741.2753360260155,757.5772964027633,790.9993371488491,821.6772254638672,430.1202294031779,462.16892013549807,791.0018847219184,808.681598519522,537.7369470546383,584.1312886332418,526.3980007698523,492.1444477505154,797.5077814066185,801.4028029453607,825.7325431443262,840.9064204915364,824.9841884031134,809.3266950141059,766.8387222953464,714.3527081960655,631.3287824050971,680.3199866965965,485.15901515313556,525.9121411927184,602.5233084256532,630.4888248443604,765.083668867747,799.8980226200339,843.9180306993155,855.0113027472245,729.4072613001855,658.2962292966309,922.4236999204082,806.0966623815274,946.6652927668705,753.8690775568097,819.0755674935242,593.3864481611287,603.8527142302817,554.6554612535892,815.2066108561554,881.4148519039154,960.4628899988294,923.3332595109492,883.4374705439028,917.6394408127251,775.8780044415676,885.5401340325674,911.6862786136456,825.1890626489654,886.5118935874339,832.9051927983015,876.794600565722,897.1785951055874,743.317278544108,731.9033098064485,566.3817942208107,629.9359800660765,465.6256222932235,467.1498301331426,699.7374461439789,690.6310222198359,738.2923207384475,822.2230028424945,725.5581453696065,736.7751336288716,483.5307043761015,468.5505341593425,674.6022548028551,687.2156238818553,482.74796340044804,430.0795333703933,397.9098779585523,425.6934580677883,627.1675458102786,559.2886030129591,226.70153461429462,210.04382059696155,687.258310953776,680.1671696032508,710.4993515610695,702.7514976397898,722.2110500190095,674.0012902723839,32.34194849262578,1.2986047528960087,27.363103066814876,33.58039963048046,93.22250929310636,95.26933623153356,230.38413937886557,381.8176468119902,689.4063776189631,737.1628761985086,742.7859492973994,768.8335486303401,697.1929776060815,273.64245755212346,346.88864722215766,735.8846709152748
798.5319076051678,816.8758211762014,822.288069463088,831.9851479929282,498.40545918664264,519.5074368374688,819.7892827052696,791.2501636294102,622.7581488940181,597.0314269613048,766.2139868542431,701.7597531606281,801.8274945738385,612.4248686657261,641.9989299952094,537.2174854704523,740.7706392116456,758.1979830162073,786.7013148749925,816.9923586425781,432.88581954108344,457.8747168858846,791.358387808091,809.0429871877035,540.7423658920209,584.0141265156504,528.0132125095768,491.7890246179369,799.5096595332308,801.6290662977431,824.4091414003548,841.2667742919922,821.2078450089795,807.9846701388889,763.9936587126359,714.3595467073371,637.4337228111234,682.008965951425,490.2303088094507,527.8268465335003,610.3850617955943,635.0799880027771,763.9305089541843,796.5200881596426,841.6553857983985,852.0281258744803,731.6491612284636,659.8743869408028,922.9673166244261,805.886606882045,946.8308340143819,755.9425892554059,818.381878874227,592.6397622286105,606.6574237799772,556.5311160922636,811.2107492971263,875.7757660547892,952.6653277930636,914.4338630833724,877.9616197668988,914.9842088801189,775.796618073723,885.3812513954846,909.7414120346752,821.7179896307854,880.2963612717189,829.472702281034,870.025203534752,889.9075614128324,744.5641404572908,734.8209891397445,569.5415194450169,633.4666249989431,466.88867452870244,471.5629620619223,701.8732748813317,693.8007544046616,735.2344204517121,817.2410343715122,725.543686877722,735.0917036118634,495.04787185748415,470.51931879361473,676.3992600280283,688.8129924206596,494.0146433661966,429.49435234069824,399.663426490811,426.21933941107966,629.426719021343,562.5505470661323,232.10129670684088,216.0651133254815,695.7659871419271,682.892667091499,711.8850932717323,701.798991829022,724.621898777309,675.6599196315103,35.43299576598465,1.6480033865405455,28.63689240455167,35.06236387955287,96.12031003138077,96.61934208140899,233.88142193688287,386.1018308541354,682.0629827325994,736.5937821821733,746.2035633061556,768.6673846667326,698.4772542317709,277.3181491452351,352.3595432765556,689.9971797548492
798.4114010573278,817.783619366812,821.4073865303103,832.1736961455935,495.912594897248,514.540280852999,820.7413434144887,792.6804716524165,620.6644936386419,592.7677038458527,768.2312259519003,702.7813551463778,803.0609285279368,612.9499505536277,637.4946784712189,532.4194180935843,740.1669557399659,760.0843703025995,787.0520691853374,816.628094116211,423.8060417175293,454.78131059010826,792.0335279192243,808.9239908286503,536.9014677477132,583.689118542514,523.1603144861716,485.39425057835047,797.9148216967312,799.3895550009645,825.2803045157685,841.4883422851562,823.7143255977307,809.2219650607639,765.082300335428,712.355909967997,632.2219606643206,677.6168964527271,484.01448081646646,524.960617729787,607.0808315589779,629.5741286277771,756.9465008671322,793.9838846215705,838.7480048668418,852.3114911352682,728.7283802278771,657.3231470684905,924.9526809353982,807.1347132036763,945.5751065090969,753.9364876253024,815.5295093690333,584.4997190868153,600.9146024168703,551.9665535678645,810.9483543304076,876.8277401791679,955.4840835670158,922.3084044715924,880.9535574473506,920.7251106618774,776.6481864532564,888.4664493904683,914.1603024610832,825.9297220910242,882.9071415290404,831.8892675301628,870.1980253328943,892.196421754953,743.5577815287822,733.2374996748127,568.9361639460293,631.5133614147896,464.0493601923404,469.6888466418629,701.9458992129466,692.818151703514,736.9689876475232,813.7260404314313,722.5224556758486,732.8754438642638,482.151255950133,468.64907059351606,674.798055286292,687.7147441600349,483.4381545347326,428.44094241999545,395.55329355224967,424.26804695123,629.2298645590834,559.7545556116104,232.90737813462815,216.30730052962448,676.2015686035156,671.7780477232852,705.212683737278,699.9496261458592,722.2668398985729,675.2775141988815,36.69631208108101,1.9467029125050261,29.12900820178283,35.42173346657239,95.92217551260056,97.88892991628538,243.54385344187418,390.99000514956083,654.0048939098011,734.4605735085228,747.3493117774093,766.3954085337965,695.3089791092218,276.42227546374005,352.55534929940194,751.3801311624461
798.9291336257736,817.5717378288808,823.4713269345967,833.2327923185796,497.3641523915668,519.8994515495641,820.6584763913102,794.2250699242126,621.4660920902174,598.6350604588869,765.0695705103681,699.0566911273532,800.3987527261672,609.6235342719535,639.2086365566918,535.4871717978352,737.3279004571563,754.3958069335582,787.2539124470561,819.6033587646484,428.68831549750433,460.0804486592611,790.152549032181,809.6347892549303,536.4985208761005,584.1887735429701,527.9536752858874,493.8442877133687,797.2738526542232,798.9780234254437,823.9307601808563,840.7688633219401,822.1131210327148,808.9682086859809,763.5541063391644,714.1562382341867,629.8361327721684,678.4176064950449,487.87654860956326,525.4645158289077,602.7003749159516,629.6927471160889,756.770936098068,787.6752234725591,835.276740473459,848.892435263472,723.3154927107913,654.4437659378652,916.8364276263021,801.4660742639446,940.173499049674,750.7013328962882,808.0549630049633,585.494691557744,600.5011038094177,552.6146380413574,811.2337095296135,876.0691536974024,954.4596761287418,919.4363928538997,879.4847395125679,920.7154061801997,775.3363583066048,886.4182540477549,911.8082254893744,824.7296083435532,881.3827298496547,831.2664893366531,872.8123668014623,891.8668467484785,746.3602819356832,736.0592468762007,567.4848884792502,630.4279963505733,467.5345370527627,468.25450284716106,704.3227983068248,692.9843825977373,734.0508396879155,819.7957469395229,723.7449428222188,731.827965331341,489.4212142225106,466.5396160538991,673.3865266169745,686.3953899008143,492.009482086406,428.4951457736294,397.6317012438861,424.1749217183428,626.5892649223342,560.8602191758156,227.01793593362285,209.9322104195594,700.662929280599,680.4537446620101,711.2847438007593,702.7671782549689,722.7230788660413,672.9222020193533,32.50179101913933,1.2522499698179739,27.464428295663904,33.660514602088575,93.82529589802168,95.64620877431845,226.61263047324286,376.85863351471284,686.0373424183239,743.2360995205966,741.7507832162332,768.7184278270867,694.4876457663144,272.71942183218505,349.0015019774437,713.1695030475485
796.7297162953346,814.8329245740304,822.0385961453214,830.8955186334739,497.8489485097486,519.2543412702424,820.1318513653976,792.6455443621696,622.5581265468986,598.3808134579268,769.373565394704,701.9836347610232,802.4935417371589,613.0627870356989,643.2270234372486,538.6873430105356,743.8355373002906,761.5635357726848,785.0050838660463,817.1938553466797,431.0867163340251,460.5530726114909,790.3884127590735,809.5672191211155,541.4084145311285,585.5479154901191,526.9086614787908,492.03517097897,802.8313280501455,805.1286101164641,829.601549524022,844.2514723714193,824.6543840311341,811.807793782552,768.1667581309443,715.2677009306758,635.2373534215179,681.008549866853,488.3698422227587,527.2122997326798,610.0740841724834,635.3265929222107,754.4346344915647,790.2246540666191,839.1239189590252,849.0933668348524,719.7324134180368,652.4840399018534,914.4592586182058,798.3137354920686,937.405438475934,747.7494419757988,812.2490248402138,580.51393402324,601.0230050518924,549.1087694386608,810.0351000615566,871.7431433774807,947.4892171114104,909.5796883602751,876.1882896356997,917.8521515240947,779.2110493044605,890.1248988926166,910.9737601209042,824.4149532228786,879.1677851259038,831.1213924529986,868.8680693025042,889.3227184991151,747.3765992860536,736.9228865826716,572.2565929167861,636.2054344276329,468.41231127752775,473.05073182011995,706.4648623857341,698.0246556705459,743.0144263734209,821.2002683367048,728.07365847182,736.0518454115694,488.07823001702627,469.45458508173624,675.5710252240891,687.5259260071648,491.4755060083726,430.22299979998314,398.36726631224155,425.37730107574555,629.6640659112211,560.4978753085932,232.6545692883708,215.73093192948693,684.8187194824219,676.4700710490598,711.2124277055264,701.6102460628182,724.581120343002,676.8702433709702,35.54983775360559,1.8025585132754511,28.9148480486491,34.97097280825671,95.8486457499852,97.033598786245,235.2065224647522,385.7476522431654,683.5077847567471,743.1258733575994,743.7810865568634,770.3898149321351,699.5351610370711,277.3502205735759,351.76062230630356,680.7128359038254
799.3779800216873,818.6877286795966,822.2705193745254,832.4909581796106,494.37671850226644,515.8236700551851,822.2118794603015,794.2680099227581,621.0967425326912,591.5798380374908,772.2789058220096,701.0739529564268,801.966525017295,613.6784996653375,639.905084811633,533.7067329794834,743.9156810887052,762.2390288958122,790.3840053163726,820.0493280029297,427.409484439426,455.6553165435791,793.057157530241,810.4561934925262,539.4089299546487,585.1369275103558,523.4980731352916,485.9926506148444,801.4008075066332,803.1695035204475,829.9088958179544,843.763091023763,830.3237282704499,814.627327609592,771.0699399201766,718.8476029361588,635.5159955801943,679.9360798023365,483.162065724177,523.0341370114674,611.1966497702676,631.47021484375,750.2415648211562,787.9905971870603,835.1691294376814,846.1977457860758,715.3464575306443,647.3608627652789,913.93637067118,794.600059967936,932.958372452391,741.1760141122749,805.3632449162915,574.9995269436462,597.0476411299426,544.3419968141471,811.7704329725685,874.1813767751058,952.1132547201399,915.4175283635982,880.5229103685461,922.3030269203834,780.4631675230254,893.4508478788682,913.5751267618208,825.313349383746,883.5856776055325,832.6743927797787,871.8456680638016,892.6994217509064,747.4653955408045,738.719982835113,571.6452192953967,634.9869781097808,465.17368969018906,473.61331692547867,706.9517246934234,696.5824952184906,742.4765949655086,818.3259571620396,723.9974257370521,733.0780579921949,481.0052437186241,467.89179246902467,673.5869857645245,684.8381111791671,479.3655992620132,427.446518853253,395.448791783303,422.4248926432113,629.0407259705985,559.7701018420855,235.56175735030598,218.21991617822954,686.7884216308594,679.2906535520392,708.6636710762978,702.2616578184102,722.8654178978529,676.2656678383975,37.952860516299936,2.149760625594192,29.702080661258556,36.195712453409634,97.45597920044197,99.60340828363162,247.55536079406738,394.7380454049391,663.8323808149858,738.1857100053267,746.4707750154022,769.5967503801177,696.6274210611979,277.5638597555328,357.69181534738254,755.8551256903287
799.3129628529374,818.084160221195,824.0364849711996,833.3510150377494,497.7530233782391,519.1516485384533,821.8780802070637,795.1821704621011,622.1725572663911,598.4012966234176,768.7940903640375,699.1329194417076,802.8561877451875,611.0146171858436,642.6286922639875,538.8404113187388,741.3148573021189,756.7570587646129,790.6233774236335,821.5690543212891,430.83625899420844,458.21960322062176,791.4698395735945,810.2334692251114,537.2042882429992,583.6319710029351,527.6322298418751,493.8765230178833,799.0857991632425,801.9221314983604,829.1119777248913,842.7481555175781,826.6090897382315,811.6313164605035,769.3722364342731,716.7474479215691,635.2193776941509,680.9595448529279,486.8374075894909,523.000605851077,605.4633623967405,632.3435044288635,750.6704710695951,783.1885303660026,834.7622612286411,843.4825678596719,712.4457002434849,647.9172478222347,909.9979052236004,792.6691664866338,933.2252432529838,741.2388964984979,800.7829819564862,576.2055566153106,596.9707508934116,544.9727348516499,811.0480103675533,873.2673383730429,950.6970835082217,913.992598628461,878.5518579101563,920.0320362859559,777.095273639084,888.4479925793753,911.6432538388381,823.0889889192828,883.348637833756,832.017968863539,874.3395346866292,892.898614872885,750.6539660617038,740.2721752729573,572.981357119499,635.5893220447358,468.3200345246688,470.011210696798,705.7007867781842,696.0361633300781,737.0391858689328,820.723025730678,725.5528032149392,732.9923316052606,489.1128745996952,466.3479224395752,673.4821117224673,683.3939337096436,492.73844307170197,429.37837646842434,396.47199902062613,422.41970017377434,626.1167867956383,561.0096625256539,230.0970338374997,212.55024785764132,699.7799377441406,680.3144339868578,710.1111982762814,699.531137181623,722.0390267602663,673.2006191729333,33.623826478705986,1.5729857978997408,28.16223242139402,34.23371172568046,95.20967546243097,96.86931771949254,229.87904447979398,384.1002274628948,672.2990611683239,741.2574984463779,744.030709900312,770.8216054409365,696.8432760799633,275.6169124109703,351.0099536415302,706.2711770945582
797.8308082769724,816.0007248731574,823.1826817062323,831.6407087485629,497.4618063239164,518.8988027487483,822.0397053203924,793.3877149281603,622.4593797800492,598.9080066368228,770.8723355425083,701.4531211853027,803.9174717008352,613.0621721930048,643.2720700401571,538.7156635715115,745.9421743239271,760.3348062331494,788.2158905263148,819.3957537841796,430.56890201568604,458.9032628377279,792.3998849959601,810.0936111268543,539.0731682702509,584.2872698857234,526.2758130658398,492.8242916531033,804.6531182055203,805.3673275040992,830.5239837726583,845.20142578125,827.570317025912,812.447012125651,769.5175223972486,716.2712306746517,633.6514541021003,682.031416716399,487.40925872751643,525.6760085173761,609.0501949122695,637.6869850158691,752.1155094778727,786.3419336978858,836.4351361462001,846.2310228849713,713.7192085794181,646.9014903375996,910.8586771303608,793.2636080431449,933.693333727666,741.3861500991422,804.8848902783586,574.2694610030044,597.9176003848257,544.8371596121749,810.1531103662697,870.9148497493179,946.8977791969513,907.852902144026,875.6104254415761,917.1041281115275,781.3023005960914,890.1091890430745,913.0473682915987,823.6534595156825,878.9126709027237,829.9641706761133,870.3834428726487,888.7121425228224,752.3290504249367,740.722583833288,579.2414378594915,641.4216107785444,468.9132761195086,475.6170224471831,708.4883502897669,698.5206548287166,743.2714519094914,817.7082399640765,728.3567895706586,733.4435815372356,487.15951077461244,468.4302993233999,674.7858410623105,684.2016134751149,493.50136283425724,430.37210430737434,396.5346807545672,422.77972013276866,629.0329185883421,560.7524318766594,232.37363358497345,214.34802941527636,690.0026794433594,680.5228142172604,712.6574192643166,699.6803362401902,724.4926401871155,675.7061406674187,34.63691851587072,1.6034545802683742,28.589372521344824,34.728691242438906,95.34379418919931,96.09715563225089,234.30434857474432,381.9374034019078,694.0753229314631,742.724092240767,747.2714935917182,771.1128648202631,697.9930503695618,276.2551117905399,349.0802393393083,708.0955810546875
800.2506426166052,819.1129782874175,823.4565639518529,833.0459573069417,499.62358057554377,518.6634941271374,822.7670755605868,795.3320671860715,622.1032344370473,593.3549146183202,770.12851699581,703.4940904375106,802.2117906835435,615.2957991477072,642.2453415239628,537.1659075190353,742.1065584878786,762.096687716107,792.8754145596675,821.786070678711,428.3206009334988,456.91660086313885,794.0236365633438,811.1366814299236,541.7639090752726,588.6812738900657,525.338148211906,490.39488434791565,802.2415810351101,805.6971548574942,830.8665978138841,845.844004313151,830.5530864909543,814.9266457790799,772.1993211829144,717.1377710549228,634.2294587122711,678.1108960752134,483.31798889807294,523.7001105676429,609.9520533827484,632.6455941200256,752.6896124472694,791.8649297054345,837.3612272347581,846.4782522101151,714.0838090565579,649.2006343894905,913.970032728872,794.5834940913136,933.7548276884062,742.0428229097869,805.4452365994988,572.8357779325223,594.5188352015683,543.9779419906791,812.52907894005,873.4018735090891,947.8653098120802,910.6917997292238,876.3449378502887,919.683176046822,781.672589596623,891.7465449556893,911.8778121720499,825.2748530730413,880.0252739638426,829.2088311504423,872.1542330942336,891.6681353321392,751.0204079430382,741.5820471341493,576.974058518716,639.6684247962324,467.12313997572744,475.69662131725903,706.9274833554127,698.2883836421729,740.9025463347739,819.778826032366,724.208884228235,732.9294525368438,478.37548140684765,467.59424486160276,674.01252266741,684.9572706147816,479.43336327496695,428.3355045387461,395.7066796682775,422.05822957542426,630.043595720519,559.4774347470204,236.04031430615146,217.38495117267763,673.8514689127604,670.5655021020922,708.2258667945862,699.3161759182339,722.9873502891483,675.9862127234126,39.59586842691428,2.281859163995142,29.90328115138194,35.830747198513045,97.82800707150409,98.30909052517225,249.26618597242566,387.4210687490071,683.2242542613636,733.776084206321,743.5257824379325,769.8052337260186,698.6088268803616,279.7652473282396,360.00132198044747,694.698347420528
802.8328622865283,822.1051689291543,823.828849474967,833.847303299315,497.3851950711982,517.4148357595716,823.1047551772174,795.0730617571892,621.1863830916735,597.0048842430115,769.9814960820888,701.924680833968,802.0595561006261,612.6186911229663,641.5318092422106,537.6113689413141,741.5230106878055,760.5600894091533,794.4253683272906,824.087837890625,430.5472509596083,455.20372835795087,795.8528553961331,811.4208432038625,538.6843957851071,586.0717613932851,523.6345731619314,489.0333786010742,800.7080887128722,804.6721604335455,831.1480589538735,843.422075805664,829.7905003175897,813.1639234754774,772.155616295856,719.4898674286992,636.528618228593,678.9948945222078,489.9058645154749,524.9915348438734,614.6677656330046,631.2372841835022,757.5073329806328,794.9491882324219,836.2705841197277,847.5566789950543,716.2535206345487,649.9594177933006,914.1389694798377,794.0191807229498,933.8233133951823,739.4446386801645,804.2412915764368,568.4648179189832,595.2041046149354,544.5607731845687,814.4306189045066,875.1401509929586,950.441837022423,911.6572008687605,876.7087601902174,917.4359661522035,779.4722710938993,888.863574784479,913.0257003556436,823.2346964744943,881.73020838191,829.3835090775152,873.686545621058,895.292321473854,751.5089422689902,742.886363045114,576.500347732404,640.1521200865378,465.6538501684216,475.3827549034441,708.1095244610896,698.0092355561949,741.048828125,822.0203901018415,723.9943908457556,733.0777301646727,481.53978297136723,466.92984678904213,672.1489779686613,683.1241132640205,484.6432941212374,427.90718402242834,395.1775702486436,421.9605191319435,631.2092553286328,561.3773690037926,238.34374013983782,219.54385589632454,687.1820048014323,681.464575816009,711.8693561553955,702.9665454502019,724.9645896698075,678.1702437319208,39.227767207806835,2.1931917851859772,30.541146639575448,36.3976894365607,98.89716789767729,100.38062112764405,253.70810826619467,396.4490832440993,691.0794011896306,746.0211880770596,751.1722049585125,773.6629688890674,698.4903157552084,279.54807198675053,361.45008808193785,737.1733293204472
802.6406926737203,822.140715499719,825.4732098709813,834.4212990794998,495.79867218372436,519.2845854716642,823.5754770342346,795.6034643359894,620.4255992733703,598.6533194057276,769.1309851049408,703.8260745699444,802.8302620156552,613.4203306547544,643.7036692657281,540.3650196551093,742.32550489959,759.9942392051418,795.3296149827511,825.0935590820312,426.9478147824605,456.23063100179036,796.2292090191642,812.4076463684203,537.9419091209692,584.3605462797395,528.6983559961477,494.80973519219293,800.8591977965157,803.6896537121431,830.4179953427453,844.0438267008464,828.0495657193459,812.9444615342882,769.7161806852921,715.3771921180817,637.2056405491766,682.950404131854,489.59091642073224,525.6316551465667,611.8167074234759,638.550573348999,761.356432952105,793.0811395871131,836.9353700985815,846.6743162277846,715.9806694698727,652.6540389290222,913.4119345234286,794.4567442975086,933.762472950507,740.0770912175208,801.1286817302619,572.634875236773,597.7262811262697,546.677867779365,815.6598600991323,875.9942637063839,950.7726385392587,913.2368424274237,877.3198331351903,917.903257653937,778.0800955769483,888.4134983820189,911.2803711392986,823.9769984597691,881.740910450796,830.0469714444603,876.8203343676913,895.4899173968405,754.6698570595131,743.2060755745309,576.9557741497634,640.5079015426305,469.0213603144107,474.47560527962696,710.0025819872246,700.0963702063343,736.6945554043384,824.9145627702985,726.143056087567,733.6339019322099,491.18139241456987,465.7609107081095,672.8938798072579,683.4445697439362,495.4489190045525,428.80500702565325,396.90757364189875,422.70039887479436,628.3245275998569,562.1828353526691,230.49679610895475,212.39560165515607,704.0298075358073,685.0236625024828,712.9483005702496,703.1825174184946,727.1205351831956,676.3957898715889,33.7538774517904,1.472275128532891,28.11499609558979,33.85225785321049,95.54351008001944,96.46944475446337,229.20104116863675,382.83215818510337,672.6837491122159,743.4636574485086,750.3712555546089,777.3574639815319,697.5909699084712,274.45407910932573,350.40075968431705,733.5202215786638
798.9095132100399,817.4475704904156,822.6043862967656,831.837766396572,495.4839917914812,519.6285819496427,820.1587505421878,792.1454231132345,623.8520878966974,602.1433421822845,767.6591883403499,701.7133669747246,800.9873644140123,611.8581857176928,643.6081817161978,541.4268687392582,743.7952422372538,760.9938150561134,790.4200654011577,820.5939506835938,428.7073095109728,455.91681683858235,793.7214818599421,811.3525072128053,540.8774967293465,584.1223249330625,525.8097190646176,492.64835744433935,800.8529213959316,803.7574087637443,830.1753145953802,844.6554073079427,823.7354472532111,810.6353640407987,768.2210826044497,715.3295258671404,636.9050889876446,679.1634667008011,489.7293289899826,525.8751621317774,611.2029323890561,637.8773651123047,759.6073161571745,792.0502076352377,836.8775967087254,846.5783918057269,718.2029555178871,651.1004713765391,911.1821743719039,792.477041429089,932.5219898984852,740.1492048445601,805.6666212210206,572.0365454122132,597.4243030319417,546.1478979622674,811.949066195535,871.7268876146387,942.5058981646214,902.8908665390444,871.7555770210598,912.6694600666997,777.6826570376709,886.22696515464,909.0220664864156,821.7924335291682,875.8721352309324,826.3870164953452,870.93903938828,889.5767468194276,750.4092752267649,741.1554736778385,577.776318611355,638.2457292565019,468.36849091018456,474.32963927363005,709.1299170822393,699.5539159497779,742.9332600045711,820.2077026367188,727.9530029589189,734.526698424095,491.56287412921586,466.76575192133583,673.764699288927,684.2194587181323,495.2339694752413,429.5047817712226,397.5049304577212,422.7261956152956,632.9516061905626,563.1079166062673,235.95857025648434,216.94753805616162,686.5434753417969,682.191918324616,711.4740711152554,700.5503351202917,725.2583373945785,677.2850870304994,37.90999003293875,1.8134651351030227,29.685950172463894,35.37396081748718,98.04355351983513,97.85311664108147,243.11942455503674,386.1691295977901,690.8672207919034,743.8823575106534,750.1490941399696,774.8098689212075,697.8960104549633,276.9107552327608,358.00363063812256,700.5657622238685
798.127177845348,817.550809559798,820.5810079177693,831.5953635941464,490.41293943094655,512.5293941497803,819.4186297560592,791.9438290307877,617.6956870799162,593.3356898573578,769.8056238996304,702.4584849039713,801.8836950495149,614.4472925875351,637.9733656615167,535.7417285040058,744.3314637821433,763.3517719186422,789.7953903958258,819.2364033203125,424.0829946729872,448.10004196166994,791.9992015585411,809.5653736629183,537.5326807611276,582.3028257181356,522.464284738783,485.20983309215967,800.6917501485573,802.0075831283758,828.3974500440863,843.6867014567057,826.635636281159,810.3926875813802,768.8499198581861,715.5483979374529,636.9893578348706,677.2953588697645,485.4470115303993,524.0299174848121,610.3779131779905,634.6655325889587,751.3162004607065,790.302379300809,835.697916838286,845.7770274201332,713.1266850252782,646.3093207566054,913.5474928579023,793.9224605504369,932.324094617689,739.5995280123813,803.5553852987931,566.1328474657208,593.7777352612565,541.0966600482085,811.5598205700109,872.4245932985235,946.1004683492508,909.0197148636179,873.9959253991168,915.8953610614279,779.2089569371775,887.8022109804821,912.4847120598181,825.2044817347859,877.0677737461048,826.7940094991586,869.1010163179628,891.7155994394208,746.2097174842079,736.6995750802462,573.7970280078573,636.6496308562043,463.2960381991621,473.9290212711818,707.269591409652,696.8109168848061,742.2646432430187,818.2208230154855,725.6602675193114,733.493950848092,480.4246648788452,466.9324473063151,671.5922097958132,683.9088644284016,487.10364999210134,427.52762641631307,393.11449504519504,421.3436490842924,629.1957092649842,558.7869503299395,236.32591175178237,217.93911838926135,682.9653279622396,679.0055981652212,709.4216891527176,701.2563520405627,722.721621350781,676.9127182972169,37.820425979891105,2.328626938743724,30.143567274280645,36.26011832797501,98.16693313077015,99.36618472571655,245.97989474402533,391.6357543529833,657.0406549627131,745.8859430486506,752.0159174771917,767.9307335962224,694.845563103171,277.9685595746626,357.6775424119198,731.9281595164332
800.3842086341615,818.240099309746,824.1487222732743,833.7573078505071,493.7368671860806,517.3198095389774,820.9791139308347,794.1182296136085,620.2894808321583,600.4216806927666,766.6971353670446,700.3843000563364,800.8839044325553,612.2744177999766,639.8776200991958,537.3496904217502,737.5800183915414,752.2591037453211,789.5057496987997,820.5816544189453,426.6147295633952,455.6859642028809,791.2929240029956,810.7717791360523,536.1454867917206,584.0055003532997,526.0485974728073,491.1816701889038,797.4364121635006,799.5757402584876,827.053143358606,842.0653983561198,823.8281564227606,810.719655219184,769.0390789529552,714.6492662544711,630.6623436343828,678.3344229239004,486.8669978018318,523.5684982756997,603.7547627433402,630.7873201370239,751.7512749575433,784.9760957690777,833.2451305862588,843.968270195855,709.839419250646,644.1978694859084,909.4733240373673,792.9448933307726,931.2135389173353,739.0253343303918,802.2991514590824,570.5712695285386,594.9197024079454,543.9051055330692,811.5485123198761,873.258633406074,947.6000774869651,908.7839547026672,876.550275560462,916.7152917022458,774.6772433872981,884.8355035124492,911.2251914864156,823.1083724615802,876.8173537811537,826.0474106811184,874.9689323279508,893.3721583245209,748.8675449818104,737.2506354910429,569.2752324375538,635.3956216919473,467.26687688412875,467.93953694088356,706.1051569454005,696.5900761141322,741.3256615172041,819.3292803083148,724.5412686519696,731.0162232712488,479.8354328564803,463.8334976387024,670.8664090597682,682.3939503365942,485.59581929375145,427.2906285657779,395.9373137069245,421.6959690303143,626.9722297252084,558.3185972455889,230.89545826154279,210.9989077617345,689.0563171386718,684.9097884873213,713.2061841636896,699.5628555090718,722.869821708621,672.7588001568334,34.105058729378996,1.5058821657051642,28.302926231644463,33.847256116325816,95.86197228200062,96.98418217593984,236.50412835015192,379.65090257608716,716.2720392400569,742.9944047407671,740.8105954163826,771.3166530947142,695.4153526156556,273.8577051873793,350.6192109277754,727.9292749865301
798.7169074336641,817.0046403820467,822.5445848843714,831.6512143868374,491.940797836836,515.9078665631158,821.1609317945397,793.4905042510337,620.3547715362238,597.4250569265397,767.1790124071323,699.8380958012173,801.0280606513571,612.5804271606902,637.3410965293201,536.8714922148891,738.1242468955958,754.8441298015886,786.3391847573935,819.4741591796875,426.43327808380127,451.03914903004966,791.7537404675504,808.985467070625,537.7950874348586,583.8447035904769,525.9091563778029,488.9782932864295,798.5414551069151,801.0380226417824,827.7436749315638,842.9345973714193,822.6505823943575,809.3432271321615,767.797195036515,715.695504062147,636.7547446767664,680.487249162462,489.6538209787437,525.2826788970148,614.1114837146196,638.9908399581909,753.1088663179369,787.4063670804716,834.4983016230103,844.1812537120796,714.7830529764664,646.0526476706658,910.8901429699313,793.8713871572724,932.4846323766917,741.5134236707054,800.3295428870505,572.3172553216709,596.5517072247252,545.0091600308832,810.4168346693325,870.6819681017487,944.1282106074092,904.9439452996173,873.8835963506284,916.8633104805807,776.3568310285563,885.6214745584339,910.6392685619753,822.6342930498049,875.4720054240709,825.5374310295174,870.7471696404135,890.0599516979239,749.4838491903769,737.9837252507444,573.0684512077122,636.7286338641014,466.8687507518824,472.9235749580491,709.7796444502034,698.3485190996985,739.1121228806516,821.6543655395508,725.4637501449877,732.8324929949987,491.62007013638816,466.7977537298203,672.87355552875,683.5399362006192,492.3381132238051,430.123094710202,396.6022722646594,420.0288925614204,630.0412274302444,559.8766010382648,232.95110989537918,213.58088864947123,698.8855550130208,685.7058979616327,711.0999976694584,699.6493507834042,724.1499280662633,675.0742790529955,35.47594449140965,1.5871523855185068,29.080854880154718,34.54699450329312,96.9248021456029,97.24995114874615,234.3590882089403,382.0706254541874,702.6562278053977,742.6429787375711,742.7868099340657,768.0081033827383,697.1353508444394,277.81863547103444,354.79926790974355,697.7154330549569
799.7945125449224,817.7208098733064,823.2171240862144,831.9122529352803,494.44496649753216,517.2738744531359,821.9452672309583,794.0390145614299,623.4455454495488,597.9838828571508,770.6217840086154,704.0724999715411,803.8565166859439,614.6694940449255,640.3203570842743,537.4150890741987,743.5881392492503,763.6126803892396,789.8963450581634,819.4196469726562,426.22561158074274,449.30550486246744,792.2938696818607,809.3562903744834,538.9778887464114,584.6614582145608,522.7719148245965,487.04191886054144,802.3260303713241,804.1205213758681,829.0703012861918,843.7172292073568,825.674502227266,810.878114420573,771.1740781037704,715.7026462784733,638.5382180234934,680.2325236002604,488.734411239624,525.0307824781326,614.7983323394275,636.4746088981628,754.337980102452,791.5723584794321,837.3914448358222,848.4614872625697,717.066527640524,646.8798971092784,914.7513809327156,795.5059526505008,935.3867175913532,742.2101269142488,807.7837789219057,570.3667133088205,598.030257677312,544.1237263609266,811.5737665684043,872.2563749331015,947.4399403186906,909.6491968108387,874.5472261379076,918.523148430204,781.0074087720399,888.1757184389687,915.5823544174877,823.787100395183,879.0461862071177,829.0461235258609,870.5937581882355,892.6714722016899,750.6411171303139,739.8326711185643,575.107774647004,639.0723611410563,463.9700058646824,474.6388846383968,710.5896916623975,699.8979444068497,745.1916964916472,818.4684829711914,727.5675032166229,735.1938137965308,484.9099589687586,468.32034538904827,675.3560288021743,686.0509339737416,491.6223641788258,429.25386720099607,396.5740801785141,422.62999376551613,633.493876621377,560.0516853057842,239.13376522247023,221.12635028706694,683.0929707845052,680.2174522270591,711.0047423243523,702.6285383129551,726.0193417090496,678.0690889381838,39.84804711746983,2.3168125491865257,30.695740690942475,36.67328308235654,99.3035725134853,99.56683762305447,249.05979204177856,390.96397571879277,670.3052201704545,742.9798972389915,752.9556559108248,768.7736592353144,697.2918318206189,279.8921951243752,361.78509521484375,693.7448351629849
802.1304271837615,821.228721220686,823.1586346167021,834.2514402913857,493.5423251506894,515.1725314685276,822.4652049527245,795.2543166529879,621.602241165784,597.9665735119679,773.1980455755219,704.540955340673,805.6517778923336,614.6598973129443,640.6175692757564,536.0317644540488,744.0793310951848,761.8881234172175,792.0449149763904,822.4127777099609,422.43213261498346,452.8255740483602,793.6655521447868,811.020486625414,538.0444953379207,583.2815579844045,522.1509180227038,486.3951261573368,799.9982302683704,802.707108561198,828.4564257043553,843.0852787272136,828.7622601783881,812.9341745334201,770.0382382600204,714.5650778161474,633.6171455551349,678.3774624577275,483.2793236076832,523.3266136655201,606.5376471847784,629.9698305130005,753.6290346232671,790.4376724026215,837.1893584429388,848.9327081156056,715.2605542683405,648.9412644109526,915.7388409276163,796.5313327487263,935.7223715370993,742.3456995647917,804.7259886189961,577.3070911706662,595.4791299318547,543.0958446106232,813.7248042797077,877.4903531074524,953.5779532315149,916.6745329708364,880.349756920856,921.0613804357338,781.5638824369564,892.1692628683867,916.3371616192718,825.6927900831829,882.5237068090546,830.349002437565,875.2358130679769,895.9218097497087,748.780257491378,740.5593311747566,574.6538903472621,637.853375323407,465.04306185072744,470.4076993700484,706.7789913240026,699.2675105051381,743.5113499418218,815.4988904680524,724.4598399487492,734.0295866741001,478.29152375260986,467.1578877894084,674.4384825614055,685.5719266968292,481.6792603436638,427.9401896301159,394.06955465426046,422.20861933882105,629.8044375648698,560.3976633985837,235.2321457120383,216.40889244684033,683.463466389974,678.198784262447,710.2953806519508,701.471939777357,724.9625292964868,675.7328728486973,37.544148140047724,2.0154059773242032,29.572690866800716,35.479707410754884,96.63734842789188,98.32854802197507,243.6127946111891,389.28056187489454,667.0579889470881,743.7747081409801,751.8499274541867,770.0337605536738,695.9288365981158,276.17763265810515,354.16781983231056,728.5782681169181
802.2395591420576,821.8858819770994,825.4978491457691,835.0962798813899,494.7321133502694,518.3171681761742,823.6756001478165,795.9557134263059,622.8691119563823,600.6660599630387,770.5450534045211,702.1837966373988,803.5082313445993,612.6779775367032,641.7829398729315,537.835264835405,740.7591373389366,755.9004595836136,791.4032909641777,823.3389132080079,427.13359536064996,455.0258970896403,792.5491661165356,810.7817444347199,537.2630256732721,584.1879615783691,524.6228088884723,490.5610630777147,798.8428868707621,801.8952975802952,828.2052943913017,842.7157629394532,826.695886256331,812.5273015679253,766.6937314240829,716.720103068524,630.3096025105615,679.4883453934281,490.7394040397235,523.8580776743228,602.2800227931289,631.7492637634277,758.4057818024404,789.9298884676531,836.9557502724666,848.6735968338816,716.4721071385155,650.1548260742134,914.387222163908,797.4556984999313,936.3527507021007,745.0690449078078,805.2439098614748,577.6032635487762,598.2552055745099,548.6082910078833,814.1366979592732,876.6109648942947,951.1726707969319,912.1951309315035,878.3531463357676,919.134641442484,777.0784002181587,890.1679843423789,910.554528535302,823.9588952129201,880.0939558972134,829.2113081967881,878.1776919516789,895.9133383397898,752.5115608696465,741.4479201269932,573.1463785433988,637.1584365646561,467.8747109675753,469.2996933628136,707.5967669877849,697.9115722149734,739.3970116148604,821.3888735089984,725.9704753539571,733.3581523908435,482.3543534064293,465.07606543540953,672.7857141822445,683.9785953894017,492.2248417125029,428.76691832008777,396.48464632965624,422.18459160592187,630.6229199565605,562.3411453183492,232.6172954132608,212.17311032777522,692.2318949381511,682.4422674663996,714.0114157050848,701.0187475282142,725.8595780816697,674.9005297495275,34.336203195859284,1.3758799974116738,28.465555574380783,34.30393092006104,95.71374304221845,96.75992284911455,236.55979124704996,379.7432848705965,705.556679465554,746.1604725230824,748.2069280227558,774.3989273264439,698.1054172889859,275.9753028175287,350.264360370058,700.7351979222791
799.8923361371793,819.6614307068816,821.7728846138355,831.9251469995871,491.3136762131092,514.0810583148684,820.8571490639819,793.6642594974599,620.5000980727526,593.886402106676,770.2317957064,701.8095706091987,801.8336696984633,612.8289536653381,638.0908663984555,535.0901892546093,742.6548317280991,761.5961171463874,788.7194404455894,821.0868978271484,427.9572464625041,449.6885400772095,790.6646235357288,808.6742605103386,540.3967022121889,584.7383208432041,522.2870762861895,485.88854596349927,801.9913213477945,804.2473459502797,826.2708876402046,842.7798059082031,824.1170358172918,811.1810061306423,767.7088580587636,715.601714720209,639.1332474763173,679.5488943877043,489.17912344248697,525.5916788622682,617.0697346671683,636.0137228965759,756.4995214674208,792.1330896892819,837.7490461809058,847.8652531138638,719.7176121305828,651.2838921046757,914.2797174822899,795.2737737750728,934.8716433217013,742.2662426413185,808.2128167088256,571.4245670356003,599.0587695394486,545.8602176368139,812.6977368591911,873.4627171622383,948.1777510838683,908.2836470076112,874.6829663085938,916.4440752310275,778.9332258591958,888.0357809851689,909.5284360060051,821.8102865804382,878.0337040847606,829.047432280051,872.0370566495665,892.5075963478721,747.8338108234577,738.5053913554207,575.5908375311335,636.4835638401312,465.44040138134056,471.0188035562005,709.7947993043994,697.9949285103572,742.972479637633,819.6152529035296,725.9651862542748,734.4608532460355,490.7501123170058,468.3555085245768,673.8719989688386,685.1687131924281,492.0218838411219,430.26942000406314,396.70948282505077,421.145223383966,633.094867907806,562.0600169682502,238.9450383502645,220.84244025625117,692.5157348632813,678.6182845810713,710.9911381304264,701.6636403631841,726.9217431842523,678.4201062022911,39.42166414200083,2.1193416187332734,30.59493681577903,36.51547557149066,99.8476936089943,100.2820225583129,249.38395426008435,397.14037075814076,690.1190352006392,738.819121759588,749.7894721319211,768.2219246007219,697.4757283528646,281.6719663603264,361.90878743836373,692.3156654094828
803.8220625137635,822.1925148404006,824.4135186765764,834.7696396649121,494.6389234742453,518.2246597834995,822.8363458189513,795.2851572726635,624.8977811774429,601.46945531251,773.7538549841904,706.7775443273878,806.5764366136816,614.8928926763265,642.9025052969729,540.1599035700852,746.7931992951162,763.5865427061569,792.1689377123369,824.0828706054688,427.64717536502417,454.57112522125243,793.2522957321542,811.2199664645725,539.8118679386159,583.8876306093656,525.2177586423758,489.27103434668646,803.2628795695755,806.1590841411072,830.6862107324475,845.1644429524739,829.5952368267511,813.3470998806424,769.9694553541101,716.944964305464,635.3006630111896,679.8282487657335,485.6538237248148,525.7008234231213,606.2253322913998,634.0811567306519,757.928386693909,794.9091031766051,841.1987000428203,852.1349539059645,718.395052712811,651.2002054311179,917.0361793333484,798.1159461460505,938.4422761580812,744.1479377880902,810.6404111032529,579.268612142287,598.4258611418214,546.8184732212372,815.7659949211798,878.8357887400521,954.7895242843463,916.8346166360221,882.4563699473506,920.9957828147511,782.4110322071507,892.7663802031136,915.9013018252244,826.6008392205842,883.7564114088423,831.8245488566052,875.8705809769357,898.2637981604475,751.2424331527573,739.9998602945296,575.4197886055763,637.0421889003737,466.74751923049706,472.7464659784881,708.6033535316342,699.9212897209705,744.0259191634807,821.708988734654,727.249216949346,735.4277196284074,482.7645385992527,466.97474659601846,674.152982005989,687.2030446416179,491.15183650746064,427.6423213576582,396.2249445281923,424.86108221342795,631.453898838552,560.8565296514829,234.44324151105764,214.67462368004428,687.7555094401042,677.2729062872418,710.6616643369198,701.6102832086485,725.1853915110192,677.0599017854424,36.71017344309458,1.825564793083403,29.227903875933432,34.91915120689997,96.923371118692,97.69543466036038,242.2778835296631,380.79266426843753,668.7491510564631,744.8324374112216,751.6389586173448,773.24678483794,696.5553086224725,275.9508924484253,354.1363584634029,725.5741345635776
803.3643080656193,821.58703628935,823.9422752888393,834.2206218537107,493.6075192030086,515.3500341091838,822.0408763186299,794.431655464984,621.8859175467978,597.1841590990786,772.143882410313,704.1215681348529,801.6823254645791,612.8171035365054,638.947971562248,535.6633532845945,744.4918896281889,759.5932398444394,791.8231757153039,824.0883359375,427.0867563883464,451.51475454966226,793.5996458045332,811.2565962927682,538.2890311136296,584.0168550512293,522.9195534300409,485.6591306792365,800.9571675714457,802.4443391022859,827.919223895536,842.8835530598958,827.0003351761123,813.0575785319011,765.8239220660665,716.3146373335137,630.4136966251592,677.106356020327,487.3468259125948,524.442894146237,608.0738945632685,628.3891534805298,758.6704564501368,794.6428618950866,838.3250385632422,850.6031466478493,718.6902546862925,651.5678381077893,915.7533449296028,798.0461929187047,936.0414496265937,745.3812686010625,807.4955777779822,578.8066744383643,597.7549935678818,548.2679380051633,815.3543408363568,878.4070204452232,952.3147250807826,911.4622882034273,880.3055943231998,921.0208863114462,780.5053080987493,892.957712717017,909.8864684603108,824.4516319612508,878.7892691322927,827.3454292546725,876.9922267160598,894.5743143492641,750.4081354227152,739.7763841972976,573.7449115438199,637.4925593916988,467.24429210718125,472.1765351631272,707.8446168743196,697.092607806827,741.2783644655917,819.6413988385882,724.0844732701094,732.6081204006026,479.81182309150694,466.0664868545532,672.1588322383192,684.4195674508386,480.7747348336612,426.841076592676,395.9105948843062,424.3177169679317,632.7250024572724,561.6052410793304,237.07401866786597,218.18154224810345,689.2352030436198,681.7780425508143,712.1533842235804,700.725967752448,726.3540196503695,677.8849877308517,37.674311174079776,1.948041638483604,29.960958115304454,35.95105913130101,98.60240885685971,98.99672823636642,247.89958657158746,393.40022702076857,702.3185091885654,738.6991998845881,747.321403349806,773.6923206184484,699.0482022154565,279.99057451047395,358.34414421428335,745.187672582166
803.5336613120267,823.0969221182544,821.2427035047098,832.5855387805468,490.95467044475464,512.4074846165521,820.6697791994685,793.5085509831855,619.3179956358306,593.5229645869771,771.0201099209669,702.428721555074,800.46361082414,611.551713495602,636.0030815678449,534.4997397865314,746.1072398542793,763.507306789639,791.714761142073,824.673069946289,427.6795081032647,450.31555601755775,789.6758518466702,808.1059549895543,537.8690500708775,582.4171144254915,521.3923441850019,483.9412631723616,802.390476298782,805.1574312186535,826.3200324751887,842.7896752929687,825.3429485256389,812.1197751193577,765.0609433381454,716.1607868240541,637.8201910346615,679.3302383422852,485.5405737693821,525.083632051275,613.480266633581,632.972795009613,756.7252237056456,793.8531981554077,835.8255126668882,847.6842887833801,716.6745345691019,650.8152961355823,915.5757518053055,796.0605522111015,935.0105375194181,741.5213698573276,806.0528221643559,571.0836637768091,595.6632902592579,544.8027587662742,816.3901027583345,880.1855696042379,955.5809589822658,914.5654936427247,880.4761430557915,917.7169377688066,781.2770351211594,891.8583414927432,909.680751060372,821.1487568798607,879.8900961629461,829.358916672944,874.0908656029185,896.2359022277495,746.5772738070101,737.7710391185323,576.4571011044563,637.5133587725751,465.32377757196844,471.6630936743508,708.2543480044505,697.3437774784832,740.5974224983378,820.6989735194614,723.8255400091296,732.6339393109906,488.3481949249903,466.81633134206135,673.1232685131123,684.6448093182908,489.0211424098295,427.26554237462125,394.5701428304116,422.0262461282641,630.6974705361298,560.4484612627824,236.24369442683678,218.49966852190403,693.6582295735677,676.0262880486957,709.1067691743374,703.8911621646105,725.1802785451175,677.9536391050716,39.19772134721279,2.279290034401196,30.468210593050117,36.39589189733212,99.43861056204832,100.19645800109032,247.0013813442654,393.90856405785854,668.7047063654119,740.0141634854403,752.3802887577339,768.0800159309484,694.3120081284467,280.5014210165593,360.75618267059326,701.262766870959
804.654981556862,823.5710708595285,824.8047674634936,835.0256693562663,494.9827932313431,517.2596655317715,822.7617830632593,796.8871202087403,623.0562582599873,600.9173665124862,773.1308654381977,707.2301698048909,805.2395101452364,614.5769745902977,642.9388159661744,541.3742877301153,750.6777831886617,765.2467673894179,793.2313550459471,824.3975141601562,426.5675394270155,454.5053871790568,792.3545800576478,811.3401139501541,539.0091437993874,584.5821319831597,526.0248325832641,490.74980481465656,805.5295529635447,809.114186981578,831.7149147173864,846.2739357503256,830.5113127110368,815.6147458224826,767.3456224524457,715.8422575801252,634.1489810355434,681.0069303159361,489.15684801340103,527.3010179898265,607.4030096335489,632.9473967552185,760.2127989171044,796.8454028667431,840.7634134970003,853.4992150200737,718.457188340258,652.9203733947727,916.1891970019186,798.8791057105637,938.5589155395979,745.2327995933517,809.1223160440077,578.7718108448328,599.1163711073556,548.3216612085383,818.5966152095064,883.0446277989281,959.1249672084339,918.9204735800652,885.7487890625,922.9111372895997,784.8801889215405,897.7765680139447,914.5225723038858,827.6526081968648,883.8852990932679,832.6703851033982,877.8106543182568,898.6316791344743,751.0479506758957,742.039575045226,575.6869716819273,638.9825669325792,468.3888277800187,471.0774914378851,710.2439348814918,702.4436206105339,749.4052604512965,825.7664642333984,729.6933340313791,736.9561285146034,483.84380551874636,468.25639116923014,674.8814317913308,687.8909390572978,491.0180409150965,429.4009109765614,397.68839842670906,425.89416064693194,629.1974112689242,560.1588729929427,230.92514880475397,212.03493384367803,685.4642232259115,680.3695404569982,713.4890544265509,702.8077471633842,727.611351721766,677.8015625307787,34.10092970902885,1.5862228257926525,28.268500413316605,33.920854254797035,94.95241438043061,95.6445208103346,233.545544412401,379.22974559796205,687.1459905450994,746.96220703125,753.4879893872562,777.638129511966,697.6240270278033,274.46920300784865,348.8768586967931,701.8336939318426
802.1225295263873,821.407634407884,824.2097287308446,834.3582602573106,494.4582357872364,515.1340012720653,822.9245238243161,796.1679581305322,622.4045557294573,598.6506904226835,771.6237320938731,702.9487275441487,801.4333542943206,613.9581179208601,639.911143950562,537.1437137310321,745.8065738768374,762.7937764376896,790.5340638727064,822.4469636230468,427.7344160079956,451.28553110758463,794.6895996935956,812.7386777438815,538.4917258816864,585.4261553418505,523.6071239070998,486.2111001544529,801.5876197095188,803.9214314778645,829.5571896210117,845.1898889160157,829.5285215216168,815.0511276584201,770.2462487262228,716.3245375300028,633.5693490452703,678.1459504586679,488.89092093919004,525.3821824748865,609.7251887086962,632.5593528747559,759.041660982465,795.9471832564657,838.8817435672356,851.3442612140499,719.0796767354997,653.0197699253375,917.0146650637349,798.2051850036443,937.5748369567949,746.7916547537329,809.6569568651139,577.5914050177032,599.6159510121253,549.0492146378062,816.3925712393252,879.3231311285937,953.6950673706846,913.2145458976503,880.0712024456521,922.6404625177865,782.7205025675829,896.4347234871162,912.9249436108034,827.4173288185159,881.7105956131153,831.9640369150005,876.7693831328373,896.0398357243828,750.2979968646625,739.4486120255267,573.4158892150319,639.125196580763,467.6980469192284,470.50977379167585,709.8757030299453,699.8170581358597,745.6219443463265,823.8364388602121,726.6553036919955,736.0568340388616,480.6844187213977,468.04719579696655,674.0628121313019,687.2335947422561,480.84551423016717,429.1182508847343,397.3260391851266,425.20026491992667,633.3947828007524,561.6969120554129,238.89473913237453,218.3546379307806,684.8316772460937,680.8478967698954,711.1111351251602,701.417416671822,727.1237994477949,678.1711784400101,38.663214835289274,2.0252602514017513,30.4546264358116,36.12358021749325,99.20070823237864,99.01637868857593,252.71540535820856,395.24095288444965,686.9317848899148,739.2789772727273,748.3928243137846,772.7712077853046,700.1171252680759,280.83158270517987,360.95958162076545,715.5329526703933
801.3465070578114,820.2409426666269,822.1249295845894,833.9207674763592,493.4867770572041,514.5223025935037,821.0923306594419,794.9923710275203,621.123875617981,596.6190247613875,770.6772760840936,701.735688554673,803.7256047558008,614.1348448354705,640.4620784651581,538.7770120630194,745.3377022404242,762.5553853107846,789.7451011102319,819.6448419189453,428.03009849124487,450.5711519241333,792.8219883273347,811.335710824482,539.0324561034198,584.4780020451808,523.2117838991281,486.4300829304589,800.5306524600622,804.6579809871721,827.4514986774115,844.9542928059896,825.9128160638325,812.8894806586371,769.6271420686141,717.1509822247976,639.4447871136771,680.6458788271303,488.2144086914403,524.7750716763043,613.4461644907467,635.2619857788086,759.1333218273662,795.1186085922458,839.5552645991439,850.6280818292272,719.2598752541976,653.5443351848143,916.8009098975889,797.7227859832674,937.3174136835636,744.1166947785038,806.6104974105219,573.4633829570284,598.1167550552802,546.5748711412745,814.6983946416882,877.4160077571869,955.3643116961288,917.1263421972966,878.9193279233186,922.1647625509589,780.1942684628548,892.114837170751,912.6678127459626,826.2615581963413,884.0272641814157,834.7571773582108,873.2662833875911,897.3273693105792,747.1248272045239,739.4886413324075,573.8903728800083,636.2797883269075,464.9879915541497,471.1038345551827,709.2432875086049,699.4036606911307,743.853658473238,821.8370176042829,727.2081121101234,735.0102699323254,488.65372994025546,468.0658927981059,675.1653686212549,688.038064798625,490.84587346245263,429.35078045607474,396.04909646262723,423.3105345215644,632.2222610433003,561.551407992045,237.95135812065996,218.2757817883217,697.0466613769531,682.3919843253443,710.6156987547874,702.6596014445723,726.364202727495,678.875167366345,40.12548032059873,2.056993101206091,30.531562372227985,36.269616779977724,99.16100251069403,99.7473993698756,248.27671840455798,392.3795187122682,671.5728482333096,741.644638893821,750.5135401783374,770.3569509771805,695.6719312480851,278.68643006107266,359.7872061729431,701.4179392847522
800.9520804034777,821.3705054647995,826.4839546031249,836.3950235283232,495.2447364474452,520.710441989558,822.9739535592706,797.7294316393264,622.4987108074889,604.4955063022551,770.1149068692836,705.1899569375174,806.7069628602644,615.9802953772216,643.4812821820008,542.3472184723719,743.9798103802577,760.2104299108055,788.9696772199025,821.2759859619141,426.7573189205593,454.3523182551066,794.559368053728,813.9795411806258,541.9145986047715,585.8920426421113,528.3500889730717,491.7055085500081,801.319800754763,803.5082177432967,831.5127166187357,846.6076420084636,830.7473802728168,813.6970061577691,775.1476387355639,721.184620684888,635.2198656393043,683.5328740720396,489.2900883938585,527.2977346784613,606.6517308969967,634.3249745368958,760.1847223128591,795.5940412910064,843.4775913538707,853.8169385229635,720.1560586818979,653.507075668788,918.2445335080547,798.4253056098289,940.2793277657016,745.9273648017369,810.8861738127978,583.2587803087982,600.4431053876453,548.6512795954015,814.9107497216315,879.2330361074871,955.0347274549579,919.0247346903101,881.9976126762058,925.3245772389532,779.5147538024715,892.8872043527202,918.7682957435721,830.6086837056379,886.1687995867783,835.3639393462922,877.5410975559502,897.3251042655818,754.8074707168716,742.7632303706935,574.485690335615,636.3155895414807,468.83574753913325,472.49048969107616,709.2462679753538,700.6862592895002,744.823839552859,821.3749738420759,729.2050030880048,737.2752731274504,482.90861422732473,468.1852269935608,676.0314088981057,689.3608091572637,491.0881320280187,429.32431735372717,397.6228373646736,425.9946711384497,630.815495339559,561.3428649155547,231.75012635228902,212.44246492383465,684.3404663085937,677.7516112246756,712.3902194201946,702.0776155911959,726.9883517879263,675.5541421475212,34.27855304861441,1.4100414129456988,28.27303046018848,33.96920181743293,95.06938577736442,96.35208498306011,233.76297097735934,380.23475665029355,678.1192405007102,747.7266623757102,751.2380866748374,775.8002960591376,696.9453101064645,273.7672378096664,346.29036647081375,722.573362153152
800.2677317757815,820.2602596057184,825.2980965876268,835.9703737768044,493.669072674596,516.5992991583688,821.5817183212449,795.7484141637924,621.7500240364853,600.4757958709216,768.6462180595088,703.9295160444956,800.1218018572695,613.8805353245755,638.2603419859018,538.0445361456859,739.5654562276686,758.1335227434025,787.7463878763133,820.8906477050781,427.6567672093709,452.06085033416747,796.2490756157329,815.3409694035848,540.625686575605,588.5386465931987,526.3556824151982,488.98381185531616,797.470479713296,800.2533582899306,828.8368652023355,844.6566017659505,827.2826567827645,813.0721668836806,773.4837232506793,721.1906955213432,635.2643449422021,679.665592900029,488.3469740492957,525.6532545196876,610.388340183946,631.4373965263367,758.9586260633337,795.1017853072469,840.4575909744731,851.241455078125,720.4280223639544,653.3396360874176,919.0044973957923,800.2061250412569,938.0971692255872,746.511549459137,808.3966925497012,578.4171516965417,598.2250738347191,548.7624017962067,812.8772481393971,877.1825075988417,949.0523667139832,912.5318820946212,876.8562231445312,924.9372307071794,776.3834201451106,891.0640452408496,914.5534187430766,829.5532613700059,881.4836261963576,831.4672008243821,875.0779228939372,893.9041651941794,749.8312544264235,739.9033727176854,572.4997495598749,635.916569961614,465.5876712522645,472.3668814645687,706.6006868706374,697.2676795547928,741.6933814515459,820.974743434361,724.9899312746479,734.881904967582,479.1085261623065,466.6281656455994,673.8868229391292,687.4556306007354,482.21860688153436,430.01330957516006,396.5156025973459,425.79546317596686,634.4586643802543,561.6298313419024,236.91491337280064,217.59793972913587,687.7826822916667,681.0241854392876,711.3043822050095,700.7325456023756,726.5383708264688,676.2966264337665,38.2274569593566,1.9047524317823075,29.98660528211844,35.67718598235598,98.65510032620828,98.78283605432345,250.2547017203437,393.76161635272643,690.807939009233,738.6611017400568,749.2054119750157,771.7286979578719,700.9600088082108,279.5005208483914,358.25570021976125,725.4949740705819
799.7958255213858,820.6087033930752,823.8044707063546,835.8405169604785,493.16244206761206,517.5661252226148,821.4696239656804,795.5012582657185,620.7651121762334,600.9664228861449,768.6041143618949,703.0221613051399,802.7800890495602,614.3663202495228,640.0476148994408,540.4289807279412,742.380883528723,760.7630843545908,789.5940293352265,821.0066842041016,430.1445130242242,452.72627112070717,794.076949434707,812.5802633421762,542.332812124522,586.6076274913746,526.3836383714201,488.52721717622546,799.405057223338,803.0334914219233,829.4835334837906,845.425967610677,825.9308466507217,812.4855080837674,772.5208527938179,719.5440034062029,636.7349836710791,680.7160747669361,486.5596951842308,525.1761446463481,608.976209796843,635.9798188209534,761.7256205327927,795.8332965724276,842.3233379978988,852.496266058314,721.0676098559513,654.9608802178523,919.5252748981599,800.1240835105918,939.9226191458094,745.1599872059505,809.7091349443513,575.601581703214,599.6055599063582,547.5409794681005,812.9120955033736,877.3127579203358,953.0960532861961,917.6036160309811,877.8145467476223,923.4306145871727,778.1200743508995,888.2630389923912,917.0593043085355,828.9939602770546,884.8534250795171,834.5187682415745,873.6642717252112,895.9360714064119,748.7011313910957,739.1599612626873,572.9188650988658,634.8649677755512,465.0641864279042,471.63398377324495,706.7091921196609,697.2006473778689,741.7989813622008,820.1884057181222,725.9213366745989,735.98307637895,489.5324477235476,467.30734024047854,675.5322746934345,688.656603466638,490.50049993851604,429.4027944162004,396.2845676649983,424.0612804074111,632.471032730495,562.3138429371515,235.9120942028412,217.03860682931165,698.1562052408855,683.0552109540519,709.9654297083616,701.4886901303114,724.9164269813751,675.4176985640397,38.14464215468615,1.8962808354585259,29.83613904236418,35.56727198689311,98.62377141404596,99.36059411631156,242.82355425092908,387.34175078658495,674.7339865944602,744.2769875266335,748.8477176947881,767.8407658444175,694.9731397441789,276.56798778500473,359.4387042955919,694.2474449420797
800.5666555519509,819.7752687116765,827.7735222579466,836.6548191161745,494.9002727109332,520.8983702659607,823.5323602752816,796.1131812302609,623.0781605195026,602.8748089993586,768.67911239562,705.7732050456698,803.6476194666344,614.7241523748468,644.1357679082387,541.9607934999111,742.6246745755888,759.7362983931735,789.2678757006181,821.8830139160157,425.8912156422933,455.64150314331056,796.9044584822001,814.8599738771953,542.4198084526661,588.0382776155576,529.4641381785356,493.0188709364997,799.2834239455889,802.8348293728299,833.3271175194287,846.7030283610026,829.4571442684885,813.6946340603299,773.4158250891644,719.8261049569371,633.1142488051091,681.9361805386013,488.9031071407454,526.2500191163481,602.7031004858799,630.3902411460876,762.2284831269866,795.4516503212011,845.6913643640396,855.1257929216351,721.0812087807774,655.0941050611176,919.279742000949,800.3558407109504,940.265919473027,747.3695469748086,811.1956732540388,583.6424010968676,601.3125311460207,549.8477703381677,813.9960595556053,877.8350390416605,949.8144058985536,915.2878918173612,880.1433004628057,922.3476433931431,779.6007145406273,891.1929497993532,919.6743054745803,831.9002255407722,884.4008689237445,833.6597966073451,874.7476124368656,894.711861457614,752.546970814198,740.4142197155562,573.7862499832013,635.7236029554755,466.2204806562783,468.9179545657735,707.4290692688988,699.3828736617852,740.9692876288232,825.2563247680664,727.4919948066331,737.0142013479991,481.18326306882005,467.9366682847341,676.3974517948302,690.7529834016436,490.46523038078755,429.96253281810226,398.867499700437,426.4367068021317,632.1447703657049,563.0738417031367,232.36323672348928,213.1646370516127,684.022294108073,677.7593280339645,713.960225880146,701.0207936213567,726.3833981773629,674.6655568073897,33.5452971490051,1.3615418100160444,28.256246671281502,33.90062971971347,95.0462492520069,95.79756166599691,233.51330682966443,380.9610429020489,681.8406483043324,745.0647716175426,750.4965115745596,773.5103323248368,699.4471555223652,274.0450572549251,346.6295355901574,731.7775984139278
799.0370896935041,819.9168168699223,824.8610433789411,835.197519644323,492.9923576576765,514.236664891243,821.9032508089109,793.9121419508914,621.0619887721782,594.8774965942883,768.7618352533356,702.2701375022767,800.3794990657328,614.3810482324376,639.8076708921745,536.9116772865835,739.4509513095657,758.6999734105461,789.8274585826186,820.9065871582031,427.27853149837915,448.85091457366946,796.5498148132368,812.1212252775828,539.500985839604,587.2095795516129,525.19719573806,485.29583234257166,796.248055943903,799.1827951690298,828.5769440257956,844.3124652099609,826.3205676321256,811.3825771755643,769.2052575152853,719.1401767960514,632.9332375547434,677.986338156241,485.94117370673587,524.1912754430307,608.2013995061155,632.0871715545654,757.6803597046269,795.2961694075598,841.2612082287461,852.2790782549228,719.880522274774,654.1430380643977,918.0478874137325,800.2584971206978,938.3054855916184,746.2094581755593,809.1321255978982,577.0921198527018,597.0762395435286,548.0140330491012,812.0071389406169,877.1944491598341,947.8881927556147,910.7499461791305,876.110597879161,919.1277576074439,777.0582823213816,888.3127599277614,914.5695103887301,827.1537961565555,880.31784266354,830.1604058394346,873.3993043595818,894.8290390098952,748.129717783885,738.5701175126873,571.5143487212855,634.1476280575707,463.83078533670175,469.05540788677376,704.9113514384285,695.6558788505332,737.8500548017786,816.7702876499721,721.7508229515105,733.7282319757161,480.16058278282486,465.9200537109375,674.7756076474546,687.3324523638909,481.2791879766128,428.89406429387174,395.9649864522119,423.6864253545404,632.6144431396901,561.9912168645859,237.23667941567126,219.27639765087778,686.4369588216146,679.6806485450874,709.478928014636,699.6138638457561,724.3399841366834,675.9876465599228,38.6017015103839,2.1478713072008557,30.266473245461672,36.16208331004766,98.52778408485707,99.84638962463566,249.90640576680502,396.6795263711144,691.3254117098721,733.210555752841,746.6419552796639,766.0206534470184,695.6152678844976,279.8962863202681,360.4541484370376,731.3279313712285
800.4125871174169,821.5490711536071,825.8864934197787,835.6013376608313,492.68770057323366,517.9640161139624,822.2973543185001,795.1950691775058,620.6999635988352,599.4926541437868,768.4614829551883,702.7448574005612,804.0593849823365,613.8805745362271,643.548414445042,543.5549383435592,738.5958872429003,756.5762935492684,792.1644826136329,821.7568481445312,429.24716175927057,454.04721914927165,794.3754430773627,811.8582533124893,539.7722732783612,586.0001984690572,528.4258319580753,491.14017322328357,797.8027065924879,800.5029759536554,827.8347578073736,843.999067586263,824.6431331311242,811.4013593207466,770.1244522758152,717.6620214990822,635.9199714828693,681.9702894422743,488.2287082842418,525.5244153769275,606.025336593878,632.3555769920349,763.333371447074,795.7858118717139,842.724287939437,853.0631914640728,721.5833930496342,654.4931656847467,918.1976530874929,800.9212631382201,940.8990845747743,748.0674051895468,807.0223848488299,581.110681996626,599.8737020712763,548.642418429036,812.6434630010632,878.5763164935289,952.3415905023496,914.6073403421084,877.5700272800611,918.948853647053,776.0164943310099,886.7232027613087,914.4122193749271,828.6724792672683,882.2386896883504,831.5398443338768,875.8120760583574,896.0843925686831,749.8278767353779,741.114046815966,571.3362205575365,633.6116010657637,465.86285444619,468.42863442864217,706.5373642718206,696.734214941001,738.3125194793051,823.5082233973911,724.7262928111343,735.3945177534996,490.93389978249866,466.6516572443644,675.8243778766514,689.190930677049,493.85435079686783,429.74814445619546,396.6756064911994,424.36834173918623,630.0612337046077,563.1892210489511,230.6991612063031,212.13086979689314,701.2944763183593,685.385426666777,711.6177283525467,700.9716107467721,723.9451160479441,674.3866092056983,34.06514685017694,1.4796995540597924,28.08971747838829,33.892978515421106,96.10133772795375,96.6317591336706,229.64887687895032,380.2486019730568,686.0591708096591,739.1242065429688,746.3967045521576,771.9176431004005,694.9565884459253,272.6946132099419,349.49917837706477,696.0014943089978
799.5768682306463,820.4819673293769,825.1335976427149,834.2622305653484,492.5294712820718,516.1562213557107,821.748758691656,793.9645776269791,621.3173039786669,598.1462851821399,770.4474610739608,706.0420846424405,804.7333825767347,615.7234746425258,644.2101940064881,541.9016483534062,741.472640195729,763.9539353269279,791.0861435228837,821.058033569336,426.6582503848606,452.49373683929446,794.8151270218226,812.8803629345364,543.2262316199498,587.5401753855275,525.9242581109315,487.5418616135915,800.4170607080999,803.3077036916474,830.931205208846,846.7748624674479,824.3213270801609,811.5641067165799,765.6624092433764,713.5341572589185,635.7816537865458,680.8151632238317,486.37774832759584,527.1008327641291,608.3313688684682,633.2656517028809,762.9338075187471,797.5775876158222,842.8689647936224,854.381330969738,724.0092227813626,656.5123501074064,918.722062404694,800.9647744701755,940.3992572327838,748.0524097026234,813.9257289390393,578.5350664620306,601.4724008262051,549.7734881836537,812.9465741829177,877.546665293199,945.8472731654124,908.7619698830438,874.6032201617697,915.6217169815668,779.042379490097,887.2411905345602,913.990559819919,826.1861701726298,878.2625178433536,828.0581864368933,872.3959263601121,895.1457033947687,749.7891856700451,740.6469925427047,574.0107196492886,636.4228670194551,465.7706741111866,471.1044070821413,707.6132727451012,697.9477475748023,740.1874337703624,820.3056237357004,726.4826624201633,737.7373170188373,487.0895943689346,468.8069126256307,676.7845334758842,690.8597505783197,492.42516811595243,430.43737967866423,397.36912912130356,425.1852928782248,634.7749439804603,562.8231032385429,237.1655297065671,219.0228317283109,680.717696126302,675.7863971257614,711.460211366415,701.0189262838925,727.3969381783754,678.0037570384429,37.53138261165862,1.8365277051097817,29.925268468355466,35.640764639045145,97.03715234168615,97.87251822994922,243.76117653316922,389.0696968285038,678.7815995649858,740.6517899946733,748.5467381829384,769.8362241334553,699.2330669328278,276.9051012156302,353.8797330350587,694.5747659617457
801.4820270650924,822.5236178320465,824.1953333697053,834.4315932984371,488.7474729781927,514.0959837947573,821.190033583385,792.8107384020217,618.6517677793697,594.4594407081604,768.9344515296502,704.0409560551719,802.22091059742,613.6000822628075,640.4742713330397,536.3717865695432,742.1652090063592,760.9567095368011,792.3690694757805,821.31568359375,423.23905902438696,450.9470840454102,793.323817559995,810.3530540541997,537.9538535872055,586.631952725924,526.7070603765835,486.28954402605694,796.9155888107588,799.6887737509645,827.4726307786356,843.3525146484375,825.0681860972259,809.8118226453993,763.3593075959578,711.9099187276449,633.3590394410793,680.2570562009458,483.3761773577758,524.6955861580952,605.5983061243276,630.2318964004517,760.7075890302658,796.7596564270309,842.6112039955774,854.8042566845988,722.2744954620018,656.091366130989,920.9864613379201,803.0118970003995,940.4283369106062,747.8857827440834,813.2149258600757,584.2621673988361,599.5952636522255,549.4940646237125,814.412445870574,881.422562594767,952.7695860893629,915.3311358026,877.2113409158458,914.9841656183348,777.53216011444,887.1184511243562,912.5448330551831,825.2499147216171,880.2976151219915,827.2205722872504,875.9276116243593,898.3541569999568,748.0382032652159,738.3473659577917,572.352221987663,633.6903177897135,463.987231268399,467.8428048147282,703.1240074282787,693.4469785571592,736.6115462932181,817.2707879202707,722.6380638034865,736.4146537213118,479.3944534956415,467.2216930516561,673.546250111416,688.868485370083,483.21184360279756,429.5248945387692,395.17601902134874,423.5855263578878,630.589098570413,561.3811102910837,231.5012141083307,212.6895859889776,690.5522908528645,681.7072707354013,710.5050227940083,700.8329275485078,724.9228606770057,675.696142467135,35.431734498149076,1.628153339607848,28.415337179559334,34.18403704491793,95.30229832832282,96.64804080757563,237.60663747787476,383.6583383048282,662.3055364435369,742.0919056285511,745.9502153844642,769.8630680132516,697.6088328642004,274.9029601749621,346.8230690378131,766.8241156216326
800.5199034239354,820.9170455592262,825.3255852915869,834.1699378936889,490.57178239711493,514.9178757837841,821.4290874770637,792.6985766666494,620.196528687769,597.4183511343159,766.1719503635313,700.3698273492238,800.8520251318275,611.2746491864746,640.2663773766798,538.4384531347687,738.3523396134941,756.2337335954077,787.7279455543021,822.0137412109375,425.711398018731,455.1065788269043,793.3536235429508,810.4076243052407,540.1710821820803,584.05244745527,525.4512076193456,487.832140021854,797.2977618811266,799.4087589216821,825.4392000133284,841.6189587402343,820.7669553595074,809.3826713053386,765.3606790293818,716.2555619205338,632.1644151998512,680.0242746141222,489.1478241086006,525.0710372353315,605.9408069047771,633.0125069618225,762.7633467269322,795.6914932467926,843.0005093377945,853.3506824872647,725.4681639395469,656.4305449832569,918.3807064456324,802.6819676038457,941.1229650038397,749.0456420414645,810.88055286493,583.359415910992,600.9711031405583,552.1213873833565,812.9093031951136,877.0612235952307,948.6528363155752,907.2166485580674,874.9741071883492,911.2658661330016,775.044814550184,883.9760615325268,908.907043001545,822.057540259004,877.2573470233532,826.7313649544961,876.0547362406543,895.4508181408625,749.260119601413,739.8097730542793,571.2650770834827,636.0772361590233,463.9349615124689,469.73626322141837,703.2117522192783,692.5883456028349,734.920030959109,823.5198146275112,724.5289611524092,735.2027100815299,487.0459528152148,467.1568802992503,674.9928238928318,687.6509478592578,491.89540304296156,428.67568752137333,396.85955857175094,423.5912572908458,630.4396606774104,562.1023545237382,234.39168680841706,216.7371226724582,697.2374450683594,678.1981459795419,710.7153802067041,699.711737481717,723.8805863183874,674.1772160938142,36.147159431301255,1.774972064824154,29.140982907589294,35.0263671623123,97.12614517754288,97.38255818726955,238.24328888787164,384.30153238773346,671.3035833185369,743.8842496004971,744.2733865008258,769.5960704948328,698.2268581016391,275.9549961550194,354.83250985723555,700.0692917396283
799.4849899994581,820.9866108394632,821.6687958135616,832.2542466091445,488.7383475636327,512.2709862845285,819.0498498784916,791.3339305601729,616.7649211105036,591.1258886915739,769.4703172047933,704.6680225553966,802.1367300566842,613.1154211764393,637.7540458683944,534.4499951217962,743.3447528134025,764.049274587156,787.2610572434933,819.6217734375,426.3366528617011,447.79443136850995,790.1482495064344,807.8084043472533,540.9032533655616,586.0335863972758,523.474816295982,484.2338750627306,799.2089375909769,801.6265786253376,825.6503843773069,842.9832604980469,821.8239341347904,809.1036834038629,763.3266097359035,712.9843419086502,637.0006764953882,680.0959198563187,486.25428149955616,525.6280027525255,615.3623692246734,635.1948347091675,759.998109306608,797.5332805036934,844.1491962063611,855.0571053488213,723.1425927276454,655.0038131000279,923.002481432884,801.918073726889,941.805635528368,748.0390429103398,813.4718214984432,579.0995258046131,599.0508412535619,547.8092633854543,814.7018097859745,878.7219905235149,949.7362234885956,910.6432293610993,876.7628578783118,914.1013560094494,779.9190165201823,887.752578645041,913.8387904380685,823.4233684706134,878.9331170928613,827.0238707228065,871.3714220812366,895.4643942479929,743.5453338623047,735.7446340342037,573.0006267302626,634.6010480608259,461.74011495838994,468.91787032006494,699.2279451714187,691.0425955744699,740.6762442081532,817.5191094534738,725.983848104075,738.0646617588541,481.7823581315701,469.65822573979693,675.6188472781413,689.360833476638,488.5369103599997,429.8869857512656,393.28678549515706,423.2383321141458,629.3987207088876,557.9006812743346,236.78463718207138,218.46511924467322,679.5784647623698,674.1198714951338,709.5933681130409,699.1034094693973,721.6117332691455,675.1685825921504,38.005382610681025,2.109923322084877,30.175291353441104,36.20986834427375,97.58655192558234,98.3668120603668,244.8997653855218,393.1769449149861,678.1836603338069,733.5327681107955,750.4130134326499,764.139544523215,695.239844228707,278.54100204768935,355.6384072592764,688.4234661233836
803.3836074928184,825.6756444481587,825.8175624616081,835.281166866956,492.51530599663425,517.0353760378702,821.5274449289099,795.4007878956896,619.4351210302236,598.1061304592696,768.3871239607896,703.6951283106728,802.2761958074815,613.4918306567047,640.5012115317197,539.0252545146137,740.4947279799042,759.5864137922015,790.5990613447752,823.9689737548828,428.0393772125244,457.68519554138186,792.2100480177357,811.4178188868931,537.9967910207379,586.4670921367604,528.7823215716452,492.7797064781189,797.6349920596716,802.63241855951,825.2057245209461,842.070229695638,824.3363457372633,811.4042036946614,764.1509861158288,714.0958457854857,630.8175827900219,679.0302605805574,487.007117452366,524.5466976094335,603.9102723168545,629.6218061447144,762.9930355406943,796.5802634722813,844.8672502525669,856.994826378181,721.5908443277532,654.044991346506,920.7631550142842,803.3948541121049,942.3542121484627,749.9338613199276,813.2142484252229,587.3012187895822,599.7036804788702,552.6799575584024,816.9673375007487,883.6919727457894,956.7662961560243,917.0321897691008,881.3061873195483,917.1684080914,777.7885028244159,889.5748388571013,913.0041424196157,825.6601321185898,884.032012112221,830.4484606704393,880.2304343934272,901.5131188492749,747.8522468085762,735.6236142017802,568.4358380518922,635.0094786804992,463.7628299878991,465.2835723447128,697.3421523297419,689.9677099963936,737.6544682928857,827.7898559570312,726.1415152129542,738.9674580449969,479.0544190422694,468.2234302330017,675.423419313809,689.2101040648938,490.75416834214155,428.55437295961895,396.3523067049682,424.79788651994926,624.2971819263618,557.5507846150796,229.06779794808892,210.5416516211611,689.585605875651,683.1304150597524,711.6141052395105,699.274915703821,721.4185336261002,671.3928759885009,33.773640932564284,1.488686738941922,28.12276658065136,33.685422519761154,94.06762680326592,95.81846145005717,235.4138888253106,377.5597589874969,692.6676025390625,738.9310025301846,742.9945656181181,768.0658393570139,695.1281486960019,272.4636090136411,346.95841430172777,707.0768916689117
800.621701750592,823.4847963326657,822.2652874378472,831.9907814876967,492.83052028583927,513.9750739336014,819.851137803542,792.0360351140448,619.8656683552022,594.2181241473213,768.817004955881,703.6562339237759,801.600888338956,613.11372265277,640.0098622260402,538.0457589833376,744.7935471376536,765.7741730379504,788.0705033810202,821.2517465820313,430.77825270758734,455.04499073028563,791.5685723072179,809.3676663656083,542.6112097894958,587.5896543775286,527.4120166841791,488.18850326538086,801.3497459843474,805.803412844811,826.6332387849102,842.8453517659506,822.0949660479013,811.942046983507,764.8606296705163,715.0122717432229,638.8025905928423,681.079657236735,488.6012732045991,528.194501341059,613.1767513087539,638.3849935531616,766.0659648206617,801.7227765847157,845.8040356822,857.6552637111374,727.2071242135419,658.3041566615547,922.3176002779314,803.0151465743169,943.9911533979222,750.3120846422146,814.0593361191685,583.8023358396455,603.0258940490058,552.5775987684434,815.3432485824869,880.8747426006529,950.7198372628725,911.212316273301,877.2134306534477,912.8102530754114,779.2220517779709,887.4956803184477,912.0011122973997,823.0771415858922,880.7874360931054,830.050908479969,874.5152474664578,898.5663770812652,742.1990418305268,733.9632528336322,571.8520467215722,635.7681497681192,463.03145986363506,469.09455635178256,698.2921263898005,691.8450564309275,742.9540898749169,826.5172849382673,729.028323849499,742.5533268374509,493.36148467739423,470.94423744837445,677.6927904187845,691.4816573125797,495.4278763041777,432.04799331224353,396.6681544082239,424.01091533536993,627.2865301334554,559.388067005078,235.33580983662978,216.71087430661893,687.9195068359375,678.8576215323756,711.9471139758825,702.6147502018855,724.2798399306436,676.2317473497834,37.65289710246419,1.813510051700804,29.794456808072557,35.68407442273206,97.35253023496118,98.20277769861603,240.6947185728285,388.3012137684752,686.587119362571,734.1218483664773,744.6981344543047,763.4109570467019,696.0990720262714,277.18288593961483,356.6712113004742,671.9599441002155
801.8760830767743,825.2192488153173,823.9064348608645,834.2527647816328,495.97792256377465,518.9342024837222,821.0634265974456,793.7893548551519,625.769923210144,600.6318184586822,770.3486353401246,707.1072371225508,805.285769323542,615.7521100874371,645.2225007180551,541.109798698804,747.2868049223841,769.0113345808365,789.8733353888852,820.9128403320312,429.19014167785645,459.60984662373863,793.5371002593598,811.4480836429293,542.233619909636,586.30736044999,528.9953591784061,494.58461327022974,802.508455816305,807.615141842689,831.0031563666236,845.6621820068359,829.6581676935746,813.7295285373264,769.3003938094429,716.9945027914392,636.4820660830594,680.7522888183594,489.5200393795967,527.6449416942811,608.4755759317367,633.4981088638306,769.0939508846828,806.3819470880156,850.5756739779767,863.5854843764278,731.2195120547428,661.3903140404841,927.5042522891875,808.6961452114966,948.9308632711953,754.2308817024922,821.5394751715553,594.1791796199246,606.509773564381,556.817759178274,818.6248683699642,885.6881309085422,958.4690806510381,919.6185390533246,881.3336265497622,916.9934225861695,781.2008580199075,891.2649885185461,917.879419127507,828.2069325853688,889.170260470101,835.7225223642065,877.6542489604585,903.7440728456276,744.108360427994,735.5445506611809,569.138358579863,636.4030570158195,465.0443760968637,469.740771656305,702.0730724647397,695.2024871699543,746.0717124127327,826.5733173915318,730.6155342891299,744.7262263798582,481.76508002310993,473.0404301643372,679.9876463381729,694.2284852355747,488.36255883609545,430.6433849197002,397.71267564967275,427.27409894361256,629.246893339852,558.2728403314948,233.5477109156577,214.2455659773448,686.890214029948,675.5311698267016,713.9414158463478,703.0814547646639,726.0176590489978,675.975942271263,36.45728429318651,1.734535773407185,29.294582659388066,34.84190504328747,95.7954388630722,97.1968647937781,237.9003824128045,379.70427189855013,683.7698253284801,739.4043534712358,750.1894662332214,770.2715017584305,697.6930541992188,274.76562141953855,353.4471242500074,704.1376384866649
802.6266333029431,824.870361203497,825.3454637017177,835.0893798007434,495.27101949647414,516.4444547423294,823.1737824526996,794.576531930477,622.3944068246958,596.3330855252312,768.0475836187843,703.4867457798549,802.0539380134072,613.5338900818033,640.0884981534967,534.6506926723508,743.4797486942526,761.9308367013139,790.3088295304456,821.7559604492187,430.4438968234592,455.68544375101726,795.3927844792046,811.9173601014273,540.908939002072,587.0031938657656,526.4168191983555,488.3671097755432,797.8990082650814,799.4195265781732,828.4484909738455,841.9850649007161,827.7580857357736,813.515928141276,768.1585152004076,717.9055653767414,635.475868191488,680.4304676762333,490.5475173060383,527.3553140047337,606.4467568319352,633.6149272918701,772.1924508715433,807.0998501890643,848.3717270779078,863.012324996859,734.8233887223173,666.5393666716723,928.1333108378994,809.9642681222507,949.7614366489641,757.0522579542348,820.5615126434463,597.8041036082249,607.4760627848217,559.3251372819641,818.2881777242136,883.7499749837099,957.5115249666745,917.5077974022441,881.1188958474864,916.7881647467999,779.0714178522793,888.4729760899955,912.6088669050986,829.139995053141,889.2600022905328,835.7092993607607,879.3918023565013,901.5339325119777,748.3847342826225,738.3112665395267,572.1600596576656,637.1349213835481,464.8908790920092,469.4789733886719,702.4104312834193,694.2000238568951,737.7208174035904,823.9732088361468,726.3934631055342,740.8311876578884,483.2608763809999,469.2889534187317,678.9207216892999,692.2982162061693,488.0072808209587,430.7986450333027,398.6517787625392,428.9420639959933,631.5719777289872,563.3185567482312,237.26075256398138,218.3819730085596,686.7531534830729,682.0358700509798,713.7815964519978,704.57911330003,727.8992960592566,678.3084906179339,37.63917117732528,1.8256934634237378,29.91416878033262,35.871043909474146,97.84417305334131,98.56674555793495,249.81469848420886,394.0548287244404,690.3804376775569,737.1788818359375,746.8142515860948,770.2340018356903,701.3895275639553,279.51592718927486,356.02570507743144,675.8698225350215
803.9955228785275,825.2478055664988,824.4570223188003,836.0462594279255,495.82189747344614,518.8541246908052,822.0454247516135,795.5002265865245,622.9935792903511,597.1282578140009,767.9042162236159,704.9283848293244,803.3814098691859,614.7686380369943,641.1141192592792,539.0182106358833,744.7139570046376,764.7275598057084,791.176185227902,822.3915374755859,434.4020064671834,458.94707959493,792.6776485085315,810.6404773583488,543.8231640261505,588.7626767630105,529.8648127350359,492.42685370975073,801.3270057822174,804.2446717062114,825.278529369925,841.501962890625,826.78130327645,812.4656844075521,767.4668265964674,718.8280772013836,640.3557421310358,683.6142869172273,490.13821752582277,529.8501540909099,612.4306025270556,639.330096244812,775.1216114087711,810.9271693659055,848.9946642506421,863.63802038717,738.7603800001223,669.052917370221,930.1956572532654,810.7789029431832,952.8652308401454,758.7919812442311,821.272893418111,598.6498003052731,609.0338908520728,559.8691735337877,817.9840253347373,885.293205499649,962.135023310684,924.2366753841206,881.997692074983,918.5417295119523,779.3020874396741,888.847779110626,914.9123685466709,827.849989395117,891.4947756306509,838.5678369047247,877.1276680527219,902.3234227638877,745.9874510206618,736.8421154334897,571.096756401412,634.8589185574355,464.40553372148156,468.7562333227883,702.7946983712618,695.4779471876216,740.1641923620346,819.3549336024693,727.980899036159,741.9304444052237,493.37952575917666,472.7682054328918,680.9148845807047,695.3580547425142,495.7477647669175,432.076414872593,398.1440711207688,428.04677701642885,632.4036564580805,563.2248790200551,233.74025487872186,215.49593827065073,696.0630228678385,682.6126129667638,714.0122144818306,705.0113519176639,728.4494608716503,678.8546973277421,36.59926077596059,1.8067040179390461,29.17545256483463,34.905736596454936,96.47958427127804,97.52799900071395,237.70358588960437,387.39714828659504,656.3763150301846,738.145566628196,751.6697731786127,771.5592299835591,697.6696478151807,276.9397399300023,353.704743457563,704.2773479593211
804.3155956696169,824.5008024218107,827.7130385771943,838.6948883163027,499.3631314743397,523.344657949039,824.8025148591727,798.0708423435942,626.3439565775345,604.2181971893935,769.8449955606849,707.6428354051378,806.5510299185332,615.9076524939131,645.3355278043605,542.3851432374335,745.2805555443064,764.467063575884,790.2760850460593,821.3190872802735,434.34031105041504,463.4972058614095,795.6859838697645,814.117022817097,545.7512194848185,587.9850077367091,530.5910511754495,497.2779403792487,801.6949572293264,804.4436160240645,831.715667163919,845.7557259114583,831.4167523141634,814.4987814670139,768.8743615191916,718.7175855521696,633.9852210225513,683.0446133083767,492.46395652741194,532.838815131884,607.3055024694224,633.5681371688843,776.4059422127311,811.5444180456948,851.8908444991683,869.6723815739504,737.999915896861,671.0474348564248,931.8673750977363,812.4958703720674,954.9866094601507,761.8092224525974,823.9673858266241,604.8416564698313,611.3702740635372,562.4184340260033,819.3946415544992,884.9625663183353,962.4534772044897,921.7998259617732,886.6600245202106,923.4084216182672,781.9439662735032,894.2714244524637,917.8173272431786,833.0227209813219,893.9332327274794,842.3103430831549,878.5486121208045,900.5592654739296,751.0985174093161,739.5150973210569,571.1819355815923,635.5353846694484,468.0971732761549,470.3759640975737,707.9146198210169,698.7864624276696,743.9546391913232,825.0095094953265,730.0404773288303,743.6786042781166,485.3761503726244,473.47248579959074,681.2505371509669,696.7686406993232,488.7755876428941,431.80378819544825,401.13966134004295,430.49210343912193,635.5337185959295,564.2741745940845,234.73115045180614,214.95717195290942,689.0916544596354,679.2299871929621,715.0381310582161,706.2740324201627,731.2328345223541,679.4778766865252,34.48216268694714,1.4630743584216193,28.660958540552098,34.474073022401925,95.17283646970705,95.99792137730026,236.4833491113451,381.80559947659424,686.5635764382102,745.2773282137784,752.5365463359244,776.2714132960839,702.9306054208793,276.4390284555,348.44426172791106,714.8989068393049
803.8947381804375,823.3056356906891,826.2613379379799,837.0977328327073,496.62428722603374,519.3162434612002,825.2423919651718,798.0818866713504,624.6136571728454,596.6839519641438,771.7217842040023,705.5850938191489,805.6594715151124,616.6765642764598,641.0556163313377,537.0095349659695,742.9388800164535,764.1872450299437,792.9978818929972,821.3162937011718,432.6907789442274,454.1187178929647,798.9255482589699,813.44801081173,545.1188878164241,592.0500052315848,526.8317269383215,489.7887987295787,800.2566475058502,802.9239622516396,831.0360117033711,846.764853108724,831.871698153221,815.0732694498698,773.4321193529212,721.16700321795,641.0292884053638,682.5407418145073,492.22417436327254,529.5379984137717,607.4460984527087,632.0680732727051,771.6650136553105,811.6809881128971,849.1235776698024,864.8001661691052,736.1563457841715,669.6155041431214,930.7190021837911,809.0516634742536,951.0183989575164,756.7708148774007,821.2866163724207,593.6886664915319,605.5327623106447,555.8480491856701,816.6945281347336,882.3798637566744,960.1346778292893,924.1847226642086,885.1482685653023,927.5378976230868,780.4421944807793,894.1970825901737,918.0353450490468,832.6222611046577,896.1662123990862,844.675858318557,876.1633032294595,899.3871468391208,749.0440546671549,739.2426992947939,573.224696308101,636.0793038240242,466.88097879161006,473.4927806585607,708.0997455784532,699.0725571248541,741.4181557513298,823.0969663347516,726.7672711368722,739.7483899270632,483.56761038859685,471.39588155110675,678.7666545951944,693.1305389060141,479.87718294929056,430.98484988935587,398.63487910851836,428.87712689761753,637.9876082487316,565.60792466561,241.72400775496607,223.0499651192779,683.6159200032552,680.0381774902344,711.6165523976088,705.095421907589,729.9192550406808,682.6012599544013,40.21829723467511,2.3540195657975143,31.290580449100542,37.191700919028825,100.84911860634774,100.90036704089688,258.3811850017971,403.8588188001338,674.7074584960938,735.6448153409091,750.996275831389,771.8945872632763,701.9009016448376,282.327913125356,364.56618548884535,743.9784651131465
803.790395022846,822.1654272163757,826.8264239670689,837.8191084386818,499.4723961120428,523.3433644516127,825.5773401544933,798.4508450155055,629.7963494476007,603.8071684759171,772.2723824570819,704.1713847084651,809.0100064678421,615.6038389867134,645.875443025608,542.0095681150261,745.7511212678883,761.4831268312131,793.9144439112638,822.4418103027343,435.30703820122613,460.75675468444825,796.8425428189585,812.4463445118496,546.5723809446964,588.5479639703101,528.3256105454587,494.00539996888904,802.0242490948372,805.3450965410398,831.4681875474184,845.0795721435547,831.8095185877913,814.1909753417968,772.249069081182,721.796775358269,642.2851652573909,685.0577836213289,490.98894933717594,530.5455551576079,607.8940929975666,637.1652765274048,774.3264154526922,807.17418008958,845.7747569735004,860.1992154483906,733.4941642698178,665.7483380991263,923.3600468627868,803.4050174724322,946.31984939477,751.3719512317742,815.2506699668987,592.3816412503229,605.9204185538351,554.4066204455012,814.125798738277,880.4456832982876,962.4017396930999,927.5559264821809,887.5754019297724,928.2695968444293,777.9477403739905,891.4322239361672,920.2869151101183,831.0002995202708,897.0652322662011,845.5416537829998,876.5673024365857,898.3168220309262,752.6844112636807,742.8939477889264,573.3531762919295,635.0446729783888,466.9273522418478,471.2408249546105,710.3893194980309,698.6758479834592,739.4969443463265,825.5454537527902,728.6241626081795,739.0172590316988,493.6507469649116,470.33293512980146,678.1477200445099,690.0653196410236,495.2384195215562,430.0478609856285,399.26816634228453,428.16199968483505,635.4020760084435,567.1707263334592,234.76262161797084,215.6858338877761,703.4267171223959,687.5189312433793,714.7728306353092,703.8997844160951,730.3083937841517,679.1123771760749,36.860861598661074,1.8040141550203164,29.26364148018484,34.67970903578067,97.42183869785819,97.66262704872035,240.20898977915445,384.1807893795126,667.9252041903409,745.234969815341,756.354071085885,777.1473890859869,698.1705956552543,275.7853489465881,354.73002564545834,718.0315488617996
801.7426447502415,819.4369849610058,827.1104006546148,836.517942284208,497.4763105836025,522.7114324484553,826.3314522615581,797.9242753081626,627.1915696591747,602.7656806570585,773.0866387219933,705.6207031371101,809.4620425189952,616.9545921656767,642.6558837843179,539.4802121506731,744.0870366390283,762.2108130280758,790.4986040838834,819.9332518310547,428.46428235371906,458.49654432932533,797.6378844235022,812.9364636739095,544.3569722400285,588.2033420814263,525.2172147634939,493.08641333050195,802.4872026263542,804.1518847053434,834.4843501694246,847.425712890625,833.0240368600619,814.7729512532552,772.6304899796196,720.7008222097373,637.771572432329,684.0835452609592,492.7081452522959,530.1831170700016,607.1129955854573,634.6485061645508,771.2099152633122,804.3151608869363,844.1361136077838,857.7521306088096,728.0410673598612,663.292816952392,920.2195013600011,801.2830007558694,944.8491441095812,750.8507700639232,815.4623573371648,588.234284732856,604.5423628292965,552.2169019336982,812.7395080365852,875.3363332527655,954.8989055790088,918.7040621916751,884.1082179857337,926.2764768376344,779.79853666813,892.4417388645219,918.8163142417794,831.1197961984678,890.738999386048,840.100061079723,873.1284199125448,890.6049703524258,757.3317004367038,743.9917359899302,575.7110879880572,638.1410819710075,471.5489838088768,474.8264718928807,712.7853453589267,702.0540903178488,742.942664613115,824.9969667707171,728.1261462215263,738.1307770754751,482.3692897613843,469.43417403539024,676.122459077625,688.1363510220592,487.2886359719669,429.444294705718,399.4027579066654,428.55869479671,636.1223524090917,567.3263269297282,237.3471561252588,217.60959663916327,678.8520812988281,678.8156588279595,714.7909278124571,704.6414768685044,730.162831721415,680.3827692605464,36.07005579328459,1.6018538872538894,29.381756876186884,35.17300914258937,96.70080044084357,96.7894287661459,242.5822845035129,388.2505142899121,679.5627552379261,744.7481722745028,753.4826740034474,774.7716663215734,703.1141165939032,278.9948089415567,355.0921767986182,766.8925886483028
802.4202984266045,820.6114679694628,826.4299641358583,835.0262609838965,494.61264572864354,518.4060776914869,824.8936876067725,796.8227546659429,626.0068702113872,597.3631492051921,774.5659327468252,705.3629547633822,806.9255670249769,616.2781504486736,639.923673800568,534.5976476113199,741.1279836356357,762.1416448691359,793.6005976300587,821.4516196289062,430.4983222749498,450.52493750254314,797.3030069359453,810.8695180340419,541.6869314303573,588.20399081052,522.157872995619,486.90400865342883,799.8118561078917,801.5747046199846,831.2693832277313,844.9952264404296,831.9252921928794,813.0281370713976,771.4924130647079,719.3505271084338,638.6090539604556,679.7696647644043,488.86979322561194,525.8881311309472,610.9634339379483,628.5329828262329,766.0605387668761,802.7441464826394,839.5318464714836,854.0308853060181,724.6602724485161,658.5390419859987,919.3058778424416,800.1329262249631,943.2312117960769,748.5788452428592,813.4973262222359,580.4798325978073,601.2477382885203,548.8254800849577,812.8429226494044,876.9593900088911,956.5348073081888,920.5575843939862,883.7603936502207,926.5597686412651,778.2311041129109,891.1753849914535,916.5710437831594,828.415433865108,888.5619542368343,836.7723991701765,873.7702581077624,895.641216804968,751.6483000334318,743.1342129316487,575.6911492303971,639.5283365621195,467.9783836033033,474.6110281071193,709.1505717293161,698.5559046575142,738.698482432264,819.5613261631557,722.8607999428935,733.7829893741819,479.83181257685027,468.12957830429076,674.3558108401194,685.2422731690823,480.3448752459358,427.43480042688253,397.51836399982375,425.01079267938314,635.7974100106211,565.6967022556066,238.2363966891404,220.73749826456864,694.556571451823,682.297524145094,712.1476789712906,703.5994371094855,728.3735621503291,681.0749266794667,39.61724823987797,2.157202205227481,30.67134930465496,36.255782036799275,99.80166349617403,100.48674089774009,255.18361568450928,400.03389945801564,671.8037220348011,736.2224564985795,750.1788442726903,772.4482217136817,700.638261383655,281.670776434112,361.9499588301687,764.0484808560076
803.4352609573599,821.1116136745973,827.626036790265,837.151590772834,495.3785986212797,520.868434037481,825.6823482269522,797.9925192845121,627.00327007138,602.2144707539043,772.4235620266054,703.0130723680769,806.9044977780271,614.2554343808517,641.4450804522975,538.2591812947844,738.5273877184538,756.3429394813867,793.1254212828889,822.6639779052734,429.18846946292456,454.1118558883667,796.4187575281096,811.6512542830574,541.2798116494224,588.0194947588575,524.9948527720752,490.79306809107464,798.303680275971,799.4018082983699,831.2296216268865,845.9350376383463,829.2504529791363,813.07,769.6945715862772,720.0548165562641,637.8801739394402,683.8636531123409,491.8432189204863,528.1302297070678,604.7529421947041,631.0319108963013,769.0348184146578,799.3057063676735,838.3507358636033,851.3419626693279,724.7848170040068,660.089181799155,916.4426907262495,797.7755963277957,942.7129676062782,747.2428418721711,808.8158123920851,581.66069647027,602.9102631017539,550.2052898703542,811.6077947376331,876.4528374583633,957.0378465425891,920.27003208826,884.0631079101563,926.2224593278273,775.558258896574,888.4224521843985,915.9854456204087,826.8879992311931,888.3634359274017,837.0275731464752,875.2638758276678,894.644212417181,753.2940442196958,745.9066777463819,575.4682729178612,638.3422703598485,469.61198248379475,472.7702550753741,710.967788571217,699.5178546826374,732.9217256586602,823.7257766723633,725.1290503023228,733.2235538138293,488.1770710682869,465.05466356277464,675.1106305361844,684.997989821185,491.59734066233915,427.75647495627834,398.300728150333,424.56155408806967,633.3718663526032,567.0336883560816,233.41948998181357,214.20115012891395,704.0850321451823,685.2449847722457,714.8103221952915,703.0253398774436,729.1156866932644,678.5189723688699,35.08436476727825,1.4615044456389215,28.668747276770933,34.18506553960968,97.31711596709575,97.192395146811,236.65230184131198,383.31441226952217,671.4634843306108,747.6711636629972,752.7621986337956,777.8477385315714,697.6981667911305,275.2951431525381,353.8415882876425,713.6457961509967
800.8582804115773,818.336817725016,826.2641145341037,834.6039711925613,494.710986008755,518.9985932452338,824.6036300724221,796.808181678285,624.9931494265187,601.4471315634055,771.5774662669112,704.3148346673875,806.810854301649,615.6704644350871,641.1599460881741,538.4471370954964,742.9760766775122,760.3840771101638,789.4290551664272,819.7412469482422,426.34838167826337,450.98140144348145,794.5064139317984,811.8181252063267,544.0090398938244,587.4926747542161,522.8549894891391,488.06487488746643,802.8215306120098,804.0366215458623,833.3421071770936,846.6706642659506,828.1729026406498,812.6163719346788,772.9354582413383,719.153814108975,642.7876460541712,682.9481794569227,491.69647768565585,529.2296044281806,610.9701708183914,637.0641450881958,766.5987727490682,798.1335471636876,840.40012278468,852.0326447960927,724.6095248549437,658.8478555279178,917.7247669742953,797.6456936027997,942.0083894275483,748.3637397610686,813.3262664042246,578.7787485356424,602.2155178588406,549.3077630692339,810.9343018714595,872.6693712737825,951.3479768163957,914.2483658853213,878.8487084960938,923.562375605685,778.0377934540448,889.0263610455235,915.5464905696128,827.9201073104405,886.1502804102522,836.3239134362742,870.435234507178,889.417986284962,752.9168067450996,744.1211028802591,578.6203596482583,640.3362897072003,468.98623502427256,474.35916051730305,710.6306542568519,700.6464676599779,742.6813951857547,820.7012634277344,726.7754957411024,734.5949187074577,488.6699226125081,467.13089552561445,676.8334250525756,687.0881961807113,494.47504772859463,428.7329139847187,399.06865339229506,425.3377302739419,637.6704759776959,567.4875509914756,239.67727739532927,220.60186564489464,692.5679504394532,680.3929376117254,714.7370461672544,703.8826357120842,730.0289618028636,681.5225931414765,39.28036528551265,1.9872649892060845,30.410719452275153,36.14156950542154,99.1067672298771,98.9437217093173,246.39976766374377,391.61922411357654,683.6299771395596,745.7786432439631,752.1113699074559,774.0469665527344,701.9891130035999,279.97635440659104,361.04803027528703,696.0642258216595
802.695781360973,820.172331158561,825.6277640997017,835.0212174373794,492.8210019068273,516.9583389077868,824.7424147948178,797.1758532227861,624.5439796058499,600.0188442214591,773.8392293821505,705.2987586430141,807.8515050505283,615.8813312700403,640.097306725027,536.3250841041357,741.4362860223129,761.9519315700594,792.2297436359742,821.3187686767578,422.96795495351154,450.7610279719035,795.9532350647501,811.0333325295221,541.2215776992718,584.5591327960675,520.7795422801655,484.36042284965515,801.1261599558704,802.6486896279417,831.283068399104,845.99626953125,831.4302405664477,813.358860812717,773.8315164317255,720.5404159362057,638.177299062586,680.7027446605541,487.5544481958662,525.676172692231,606.1921932032851,630.2636981010437,761.3046564488184,797.504640841371,840.353671759948,853.4607794689156,721.4493480162187,656.108480033341,919.5329693640432,798.4092088514759,941.9742385687515,745.7860122667232,810.8312506910931,578.0974466488058,598.6156435283843,546.1398386338728,812.8631627395146,876.6254764839455,957.099047106749,921.339252292998,884.078453793733,925.1361041119184,779.0710434286601,891.6660575133292,920.5866145802968,829.581137706451,889.9312622156036,837.5110140708955,873.1099962611107,895.4317675848692,749.7074008976017,741.0849012781362,575.6031354151735,637.8945745823187,465.01606109176856,473.2009707168794,710.7417923974209,698.801985111474,739.6792394759807,818.6662826538086,724.6948941110195,734.4817223258173,480.33950619727375,466.103792069753,674.9861014498488,686.247047303409,484.4736769732307,426.79184926029575,395.26546806221205,423.4086428830962,634.1739035852772,563.7503103399276,236.08967806429266,217.44210664630387,680.9396057128906,677.0753303139896,710.952986240387,701.7174604251913,727.8820219840712,680.367216986957,38.22691665609416,2.0093255724206016,29.827009387910785,35.63150454806497,97.32104013225513,98.37079785295552,247.50730991363525,391.9748911577112,644.195010098544,744.60869140625,752.9353623358195,772.6408146725425,699.058338838465,276.8098753544322,354.00319373246396,757.5782386516703
802.1719168310605,820.0768038928509,827.6580859307869,836.0755501781326,491.9648796325506,518.1585861274174,825.0571085221728,797.9351956761137,623.5372544210784,601.9762659229216,768.3750670363263,701.5614997439915,803.78657856282,612.8138361392233,638.5982591666985,536.4479561467325,737.0006796308038,753.2395914072214,789.466113386483,821.0070549316406,430.16113514370386,451.6204969406128,793.1825928763737,811.5091327409896,537.1584972661203,586.9614338717618,523.7486611466381,487.96769666671753,797.2547699550413,797.7450849368248,829.1030057171198,844.1764811197917,826.9153466952049,812.4777086046007,769.3893225628397,719.6894101062453,633.1710852400322,680.4734563474302,494.67941511528835,526.6802551040935,600.6090968397797,628.4530258178711,763.907381270613,795.5315127259747,838.2564059499247,850.4606075175325,720.0995914009977,655.5252741404347,915.1013910324343,798.6883572776995,939.9295445740453,748.4843580238296,806.3315473650603,582.8253415039941,599.2872373282803,549.3713347096295,811.8973861644198,875.3091224211233,954.032926588285,916.9480899216758,881.8924564262059,923.8065628326441,773.9155984581064,888.8340309716056,915.1181144144998,828.9632584340196,886.6565579157198,835.0628706649546,875.6524464795544,892.0999226438406,752.5464311891848,740.8462416852107,572.4036333276591,638.2455296371922,468.56245267563975,471.0055946027729,707.147418788222,697.4031473373476,738.2360748940325,821.053576878139,721.9880932921194,731.9354973804226,481.60255741357804,463.24225372314453,673.1727725932252,685.2526202541471,490.18776307947496,425.97942729633206,398.7646825353925,424.3518839445103,633.440731840148,565.0743595469246,233.25629797022515,213.89256192016708,693.9113728841146,683.8341266179489,715.1489070057869,701.8520653495962,727.4564569973157,675.9987207240172,34.370265653877716,1.3843334828261975,28.66820541347764,34.105806276005545,96.3585760651324,96.82986010125869,238.14813465542264,384.25912999054964,718.282470703125,744.9396484375,744.3065310484611,774.4774397837965,698.9969649969363,275.9169592386798,350.13903543443394,744.4821209085399
799.3225561995433,818.3101190458043,823.9838884514662,833.5378389320525,490.6591875031937,514.9946405717304,822.4002016267508,795.1962728297457,620.9976972852435,597.7839395882653,770.3164122821839,701.5490634312705,802.9276450469604,613.3882033519658,636.7256383545956,535.9594079613981,740.1167967737568,757.1328213397054,787.952463025791,819.807804321289,424.9019784927368,446.0806274096171,792.1308992724398,809.8258276799369,539.2725573534741,586.4013629745651,517.4103878084467,483.0848563247257,799.1091560507721,799.9066633813176,828.4898261923803,845.7839444986979,824.8634084927834,811.229954562717,769.706687330163,718.7016535379801,639.9627283575252,680.230994047942,490.6956827895982,527.6316725055823,613.5346849785476,633.1380839347839,761.2731952156339,795.1338119868418,837.2389093697237,849.8999508863304,721.3891056061776,654.6532754914743,917.26048030238,797.1980923739346,940.7084318379484,746.0376885692838,809.3421673967165,570.0950585510217,598.7812271558582,546.4284216144081,810.9079562769009,874.0785224746775,950.160411002569,913.3464853240223,877.6134121836786,921.7317163411853,777.2714583370664,887.3135863240855,913.3548732017404,826.2115505055864,882.8644638147247,833.2647505045269,869.9191990263143,891.5158972977275,748.4169634569872,739.7513118806432,574.6550544948752,638.4107667336732,464.2733782339787,474.9026970661862,709.4470647593014,696.985342951731,739.432027613863,818.5515343802316,723.1427460593738,732.9917965873829,487.9206687402725,465.15357686042785,674.5194160856339,685.5227630059151,489.52393034766703,428.30561514279475,397.14864764300484,421.6814607511118,635.9483251696854,564.3664723618825,239.16174954595905,221.27646837926187,693.5399922688802,678.3064492435778,711.36717659235,702.353479998144,726.8270163985003,679.4038082230062,40.1083439909608,2.2191172306184415,30.863601939260874,36.57570119032919,100.02746896581698,99.97573243740506,249.29384846157498,397.31981831263096,687.7084794477983,741.1203535600142,749.1388574382603,770.4486006724684,701.3656891467524,280.10385722444767,362.1254206859704,692.4804582266972
801.6467863440936,819.8076144813588,826.271471538385,835.9600312434345,490.39492028702136,516.503711785589,823.9834024180536,796.6098783906978,623.9186476882624,601.9179413279548,771.6756309571305,704.1213511391292,806.7730929602071,615.3953773502396,640.916712649426,538.8207936724717,743.6615858755971,761.5125452466185,789.3912608413405,821.6925427246093,425.0208027097914,448.3502193768819,794.9001474201593,811.2847397062513,543.2123273180417,585.8808506137722,522.1121969486469,485.4815528392792,801.9607435982182,803.8559791847512,834.8491771627912,848.7376068115234,829.9003738144697,813.0292599826389,772.5720533288044,716.8619410503342,639.6249987228326,683.3094513504593,487.8420412114688,526.4709169337812,606.9932811299309,632.8142247200012,761.5158386504839,796.2217074570498,842.4375896986397,853.1439582869324,720.9014336389974,653.8025406940834,919.2449404193509,799.5240925092502,941.834879655482,747.6834628493253,809.3713155840544,576.8066782530616,599.5107068236302,546.5160252607005,813.1869770396839,877.8515943023893,954.8489915753029,918.9186045805911,880.8578161090353,922.7298523796222,780.3144405259999,889.9784995013304,920.4854114589407,828.8111605671949,887.7728239166603,836.6554969766376,874.1028887025869,894.1433004305508,751.9995531649203,742.8687048740074,575.9851561380088,637.5997025130631,467.5380297674649,471.81644192547867,710.6916114932201,701.5879654627123,742.3657421355551,818.4053791591099,726.8371724095838,735.824532213132,483.139463737309,465.6538250223796,676.0482045740808,688.2851523832265,489.79310302734376,427.11813954239716,396.46992380699766,424.27179505344793,633.4828229204535,562.3526273330052,235.5752184799079,216.83862944549958,687.1360921223958,681.0451970504502,712.7097135484219,702.3521058095527,726.6506783774184,677.231028764347,37.54342703266364,1.9605256314078967,29.399193714520752,35.23260194439707,96.96083481946599,98.38681357416014,243.07539341184827,383.352402399568,675.3813310102983,744.8272671786222,750.2324310917182,773.9953377639191,697.0743779201133,275.00226187287717,354.88159066258055,705.3514530576508
801.2673222925756,819.9914468147538,825.9297835977126,834.6618326574683,490.6357758632926,512.3390637295587,824.1832023549059,796.2674191738697,622.3332899054702,595.5701295508713,771.5795706462085,704.7314470442515,803.1264879282302,614.5054092503752,639.7359177283387,535.3811594866049,742.3513731029926,759.0506672213639,790.6380141101121,822.5592979736329,422.3217999140422,446.5149253209432,797.3769465249683,812.3677427049668,544.0555316066243,587.3342559730613,518.5470246583717,481.68496810065375,802.4957497074919,803.2109233338156,836.5218542704745,847.9158056640625,831.4774993637861,813.3000444878472,773.634737495754,722.7886348862246,636.9363692363453,679.6601162663212,488.40486966286386,523.4261603980475,609.2056464523565,629.9005041122437,758.7079731661175,793.8730584456457,842.1808532512952,853.3226742214626,721.2812475488206,653.5345614269063,919.4075459695631,799.1042067787864,938.5324566226208,745.7703996083626,808.8753009334273,577.0599866801617,597.9083923726056,545.8197987910769,812.889036682062,876.4019362308361,952.6628756100879,915.4267917225106,879.1350607167119,921.2931563707617,779.4628828789481,892.9634728932086,918.3557270106985,829.5362580222985,886.3974407453215,833.9984013712622,873.544407328223,892.6365722319039,752.1926354073189,743.3745604968461,575.3656890589162,638.7285201167648,466.672460583673,474.7639890858825,710.2957756167552,698.3848408425991,742.3825371924867,818.1843981061663,723.8910640263466,734.4541967303713,480.4952725336949,467.23105524698894,675.1456410550861,685.7584969267207,481.9641442691579,427.0908213057673,395.05905221030116,422.65679120250195,634.9770709959022,562.6735167161623,240.67050172507987,220.77906810061282,681.4850016276042,676.1845072083554,709.5974894911051,699.2923056831187,725.76169974446,675.8455394427759,39.84643313746997,2.188228655992835,30.70379557772173,36.456966432869166,99.33789084815768,99.80254767013975,254.4513489405314,396.7243968011702,676.3763982599431,738.7023903586647,747.1312128873479,771.5762452717069,700.3791324391085,279.2740374782629,358.0256810910774,755.7612430967133
802.5644383436111,821.4285734527641,824.4370457697992,834.7000326027434,489.26655411831166,512.7078219141279,822.6051733434861,795.0504692759413,620.8542306277217,595.6956167299239,771.5347946291048,702.1184902100335,801.8122231171021,612.4084181746973,638.2875164919232,536.3006868125783,745.0685095041284,759.3959253982848,793.1001685716183,826.0363815917968,423.2392932044135,448.33214104970295,792.7999186605258,809.7087635085696,537.8829613830407,584.4799017644191,521.2578352195782,484.3609057267507,802.7640840062555,803.9101354528357,831.1452514968832,845.3480350748698,828.1385280803098,812.8349298773871,769.5842916737432,716.5791022978633,637.9633350120242,679.9773718516032,489.9169121342046,523.5927148026027,611.1218416808082,631.5019936561584,757.2461391841135,790.9349057889098,837.9811836975863,847.1733180709749,718.0615031187199,651.9701253634232,915.8402885744648,795.0545787979081,936.8185612151982,741.3303593629803,803.7119635081611,573.0793129661504,596.9693566291836,544.9209654093179,814.2624289772727,877.1377419939747,957.4492317348011,916.3394805378583,879.4871599545686,915.5325929844649,780.8049629981365,889.0087219872838,910.7976629911964,820.5472733487762,884.259285881814,831.6795729794986,875.8045634858927,896.0344759271949,750.6108641753326,741.518156833336,578.3352530943145,639.6197019634825,466.5161261074785,473.15850400253083,709.1835233344407,697.2773071542321,739.0278891705452,819.5121492658343,725.7044535669787,731.1425911662843,486.80235853155455,466.24455357869465,673.3680400629926,683.2794249091733,491.3047607197481,427.51742920376336,394.8143776940803,421.14141256675674,629.8481984421459,561.2313104004661,233.32355956127867,213.9678165631695,694.3807413736979,678.5705907789327,710.768136203289,701.9036980538347,723.0144355424488,675.4911800375195,36.96683540425607,1.8493452474060985,29.384109414308174,34.94268406143112,97.0976937012747,98.28392420318579,239.80297750896878,387.22763979785583,661.7570134943181,744.4773526278409,748.565518372811,770.7444952469838,693.6573941099878,276.48589098244383,354.91206679922163,708.6045911065463
799.9409633938227,818.450534456005,822.8382770615441,832.2834016336387,490.2203424586806,514.8119838408062,821.1721898800068,793.4545887658951,623.7938242931755,598.7095218642813,772.5199700797476,705.191546116178,802.1800488689547,612.8991389308381,639.1337932752473,538.0725486225289,748.2434457354071,763.9052299930407,789.3989465355417,822.4541785888672,424.0737549463908,447.9417344093323,790.7572837020411,809.7313419599382,538.9975307224933,581.9776038494739,518.9815759816881,484.95863236321344,805.9386403785562,806.7657817322531,831.5215370798987,846.1530615234375,827.2098582639533,813.6983987087674,767.6194314707881,713.5626698689289,634.1281430416695,677.0139711168077,487.85402938723564,525.0687921074,608.3582608582543,632.002019405365,757.8937772525445,792.4121725073358,839.2740476533231,849.7515091923942,718.6603777073632,650.093583838923,914.928271459764,795.169179440943,936.8564887322974,743.2629596251597,809.8472674245792,573.0535316888024,599.0240182995161,545.3597590622848,813.2487237769437,874.5936030502672,951.6734665609075,907.6442338073903,877.0735002865998,912.5761281819019,784.9776689721904,892.6846718925508,909.2013338003586,820.0435002460036,877.9460928884785,828.7785005105221,875.4685409448708,894.166437981537,751.6764962823542,740.9391015474913,577.8238865563629,640.1591191807867,466.3011273370273,474.0398507991307,709.2928883286773,699.3617216877917,747.1005469788896,818.2903769356864,730.2169712110498,734.0956848676199,486.3049448569616,466.34003513971965,673.6103621789538,684.062433999941,492.026443122415,427.66014178134907,397.2176960843305,422.442754738095,632.6149404649899,560.1304348703226,237.07581395534282,216.80159275232248,687.8520935058593,678.2646360235699,711.6296720951796,702.443591087652,724.9666407344905,675.2234712194988,37.875222555606776,2.0204837429854603,29.879476632721975,35.543580737823085,97.42694636271887,98.1976411284213,244.88682884640164,387.03063671729143,704.0574895685369,740.7827059659091,751.5161749308542,773.4241433445411,699.8716382793351,276.6212279169183,355.60519939480406,705.3023934199892
800.1230591973278,820.2159717430812,820.8974205543255,831.8101532164798,488.4615286671838,510.105723125594,821.2743621331855,793.9383897334972,618.1936957884808,594.1781037049216,773.1327828197944,703.3311983865404,801.2635844837536,614.4844801860299,634.6369829937,533.6786021192376,747.9180738982432,764.9822509265025,791.7408127474146,822.299216796875,418.2463019688924,443.70833072662356,790.3934947340003,809.0569083785253,535.6632918312912,580.7677241734096,516.2641663735743,478.50678041246204,804.4149413198795,804.7672948013118,829.7040150559793,844.6670424397787,828.161592774472,813.2401472981771,768.5827551800272,717.1510447306805,632.7080467997143,673.5369874459726,484.31113397223606,521.689245338297,608.7671598840932,628.9995799064636,750.6031087372038,790.8659097391283,835.6351106246534,847.2929098564282,716.386884630219,647.2507876066061,916.23054296855,794.818733439068,934.7377423221387,742.0214999926162,804.8913621089919,567.64718606659,595.1607521456893,541.7372009804908,813.6779687887737,877.331382561613,955.2734212195642,914.1372514263103,878.6589886209239,918.1266690627657,783.4383400266688,895.3087534413906,909.8289749373251,822.790649471973,879.8902787797906,828.6373221340365,873.47369523261,896.2770771848562,745.8187420819256,736.9184472756308,572.1249608031106,636.0566393038927,464.4778152686962,471.99108929701254,707.0150195262471,696.8529508598613,745.0192377618018,818.1398337227957,725.6265326021274,732.8521950318998,477.7887010192871,466.53317466100054,672.227850950552,683.5939507666137,480.19349511090445,427.3547498964661,392.77932967369753,420.3513255750181,630.7916423931927,556.398942507108,238.24236053676793,218.57116732627185,675.0614949544271,675.2910420046014,709.0909415483475,701.2448699053596,722.9441117051297,675.4096538012069,39.8750452685513,2.4241976982603473,30.83986441136908,36.673065472220074,99.02839661460212,100.19518728267842,253.58149772220187,394.8825076993774,667.2174238725142,739.6855213512074,752.8995379761561,766.3831733027591,694.3922071269914,278.8498558747141,359.9792770616936,723.3322017275054
802.3980738021688,821.4692860390201,825.2682357270993,835.348580941736,492.1130874722503,515.0311652762549,823.5775678135449,797.6142068416515,622.8146016451777,600.9858051206245,769.8478529705264,702.2296313603719,802.6593302077331,613.0227552862302,639.2500733380294,538.0035849723863,742.6503198271114,756.4260721396766,791.1426456495263,824.1462768554687,423.9236075083415,450.76113344828286,791.8526405317958,811.7678975983272,534.5367224428667,584.8742146963601,521.6598468590837,485.41594595379297,800.5961545548349,802.2492192021123,828.3663876350784,843.3701513671875,826.9076046701205,813.6360150824653,768.4627154806386,715.5435257877213,631.7266305931864,676.111394740917,489.2185454155718,523.856195356962,602.3942716004418,627.6808729171753,754.9061215188768,787.3216174518892,835.3726550855345,847.172645078068,713.4905595188299,646.4359827208352,914.6664407699338,796.2551105085356,936.4765406035395,743.4943915775845,804.304343202189,571.4515581972458,596.6531012032849,544.9446382725492,815.0964844485363,877.9636026576713,957.0055641849922,915.7301225751694,879.935220257303,920.2305766428944,780.243426121703,892.9811724478325,911.8540107385436,822.832846547898,882.5739369574558,831.2866854581448,877.8058526105941,897.8561945962642,748.5338049536352,739.2261510129835,569.6925288209128,634.4518737792969,467.31692991394925,470.3668470785651,708.1926897392898,697.1452537948165,740.4004607504987,822.5232849121094,727.9892515277497,733.0790133361822,480.75619960725305,466.19754727045694,672.844573257043,683.6805054174642,490.8248516082764,427.3404841543535,395.9020940319945,422.7154527821615,628.6209736347819,558.0032663035392,232.5944332699612,212.5640679634208,688.015439860026,678.8976228358382,715.0551922917366,701.5980714133423,723.1801117758714,673.3783717866631,35.97354563144281,1.7505858043070746,29.217341916154275,34.60482441858497,97.15771761910507,98.22279689291126,241.53602064980402,381.3100454667035,686.8804210316051,741.5185557972301,743.5138064390861,771.6484205028679,695.7324888939951,274.5422435392413,354.2843484589548,686.7179060311153
799.973586513695,818.2620502923323,822.718082936,833.2461763511141,492.0551232493201,513.8163191080093,822.0539339525722,795.8096700822546,622.8512186809462,599.911783765574,772.2879714500614,704.2538438766721,803.6228709409004,615.115853076039,640.7346887656705,539.4243868096147,745.9702756619566,761.2734732311034,789.1156726705617,820.4151466064453,425.3280268775092,447.4884527206421,791.8253820895461,811.5851907389505,539.2080467983066,584.7631929418543,520.9578080572476,484.1247648133172,804.0883822171194,804.7823109567901,829.905040991275,846.4235135904947,825.7513316526251,812.863814968533,768.6562096637228,716.7973232039486,637.6930697268851,678.540227678087,489.2202897582735,524.626496804341,615.2261962890625,634.8962955474854,754.6911759357604,790.8693289372593,838.5323785234626,848.1311060141402,718.9830834451785,650.5382755277874,916.8921852327162,797.1731296662362,937.4452447878962,745.3617521902205,810.2924737802001,571.3066075046858,599.8667036195419,545.7341981691152,812.5850324515836,874.5254663802959,950.7232795534072,911.4151023592779,875.5526820439877,919.9584986245362,780.4238669485857,892.0860942597252,911.2730455540899,823.5007440617226,879.3511805759387,830.7581485965819,870.4847854322688,893.0844402840124,750.1271743087082,739.8389866312996,574.8825400816191,635.6594155051491,466.3208363850911,474.4819310147997,707.4215256737881,697.7357475312419,745.2226510555187,819.5307606288364,728.0965317474014,735.5987482874433,492.4492863825957,468.1913627243042,676.5412744066264,686.6449831883792,492.93059530819164,428.8911381112109,397.013766327252,422.5619952786665,634.1176900650629,560.3906630392869,240.3714183231005,219.43245154972257,691.9217712402344,680.4185351355601,712.2695776075125,703.3467489389272,726.1653405691832,677.6642322073939,39.99657238465979,2.1004292765977204,30.95499586075377,36.44660799896145,99.79099953729082,99.34168630750268,251.0202497906155,395.02002873841457,683.2118696732955,741.8939031427557,747.1472577600671,769.1924679913099,699.1112958122702,279.70316691147656,362.65544876907813,693.5800739156789
801.0597556608486,820.4774851196191,823.9537059407455,834.0195217588508,491.1714972429497,513.147143653461,822.6409671064736,796.3322629595817,622.0465862507723,597.7348952762416,772.5895190820461,704.8456714993431,804.4429935043099,615.542105927641,639.8009323433264,537.2326120490176,746.1363156576292,763.303345395085,790.9151138948755,822.6068319091797,421.3316880332099,445.3633798599243,793.8012687000534,811.8662760219877,540.3668669056518,583.6337267278315,520.2327975067644,481.6822358767192,802.1966965873287,803.1311234085648,831.0224122375328,847.7070570882162,829.6712668467376,812.9525712076822,772.2009574558424,716.2003677552005,636.5666663888268,676.8820439091435,483.91684509175167,522.8462233954154,608.9072020483799,631.8818445205688,751.722209471204,792.2630482171949,840.8816767715145,850.7234903079027,716.6105226721645,648.6239596813708,919.2479928462736,799.0054782296905,938.1062639351824,743.7667649684538,811.0157990391479,572.9571877484228,597.5718834506047,543.0449577197311,814.7057272669781,878.214202788141,954.5326950369849,918.3730244377093,879.016567860479,921.4742471855435,781.7562647828269,893.4199989823157,916.4141369720004,826.4126997676603,883.0606476044387,832.120215839073,871.5581217480313,897.6325154172781,748.668167182991,739.8283226138255,571.5985191415209,634.0564798462442,463.387714109559,472.38913221762215,704.9322837454374,696.6640145076261,743.2522894676696,817.104116167341,726.3037041996631,734.5321456586623,481.18615673263866,466.9582464790344,675.5464133447488,685.8590050051581,487.25216948565316,429.2278384060636,393.9496716223657,423.1212980979887,632.899995303493,558.3605844283104,239.50179713326335,219.38543261025453,677.0469075520833,673.2472766940876,708.2980264425278,700.5908216933859,724.1692672613013,676.3068645495948,40.24621133138671,2.4129889586181554,30.94581015989645,36.78300771435679,99.33059345153977,100.31683372024393,252.3281423250834,393.1925571771229,657.6765969016335,742.0995760830966,750.4679522418336,769.0437077389488,694.8781965667126,279.126527476729,358.39791589794737,715.406862456223
802.0826554821965,820.9964769437457,826.8481002245164,835.9493049606384,492.7045725401058,514.268537572452,824.5226332720588,797.9225806897751,620.4821290677908,599.484224241288,770.2593069774349,702.9820555308509,802.7952346670893,612.94146276196,639.0817751528612,535.8233839442062,739.9569315254971,754.8365745227599,790.463279870278,823.6838228759766,425.54169930352106,449.2397366205851,794.838971249469,811.1348166844201,536.4751677787741,584.7428450741611,523.9310092820647,485.51436548762854,797.5379830126492,798.3525059076003,828.8510540338951,843.658633626302,826.3894878322795,812.3675779893663,769.3481073794158,716.6389020437217,631.213362437513,677.4641784385399,487.83890383584156,521.4530013723767,604.289412201428,627.9604821205139,754.0732341380346,789.7302396512144,837.8844147598511,849.6749838667306,714.5368831295613,648.1089295674037,917.4084245651,797.4181880335653,937.1662460778824,743.2100840113773,808.3991430821441,576.326211195366,597.029375134734,545.6919184129093,813.909406196118,878.0372211491621,952.457607920175,914.9153688423629,878.6771524711277,919.6034171577411,778.5394095791224,890.5392824688566,914.8989818060576,823.1732376897057,882.747214953819,830.3269807977372,875.6089383750964,895.3305050338829,748.466126381814,738.7955601176277,570.2995102908633,633.6330520167495,464.2124271116395,469.84679960868726,705.1930541992188,694.2012150554737,740.621480738863,817.4075208391462,723.5603816591461,731.3209996732281,480.2667376502355,464.3166582489014,673.7026772452871,683.8263590392451,483.0037741043988,428.0764000476052,395.6085823935767,421.71823080901737,631.5905679598299,560.0852286235491,234.22756037098804,213.66058698132395,688.4255533854167,682.5713221663135,712.6718024164438,699.6667949969952,724.2526403529043,672.9019584609127,36.03177355352397,1.7153109660820554,29.279082489534794,34.75923436070859,96.93393204605286,97.99565664768409,245.32260523902045,385.6122768065509,709.0866588245739,741.3760953036222,743.3926963038092,768.5646767918067,695.939479453891,276.16549855784365,354.2119787967566,746.2979020743535
799.1760049795175,819.0587683395304,824.7495261293245,833.1582659763169,492.69046580957814,513.6128145286015,822.8916570040677,795.4369446222832,622.7603290713563,598.7355339409875,769.6351456215712,700.7742863246373,801.4165808283444,612.8531631834594,638.6450617265939,537.5557292211736,739.8822059812139,757.810983245951,788.5927749575326,820.1634089355468,427.2643750508626,447.9883467992147,793.2174088889558,810.7142463903579,538.6927137724392,582.4670472826276,521.5646210981338,483.71214607026843,799.1179783659161,800.423275945216,828.2328585727321,845.3973663330078,823.5835858361196,811.1660362413195,769.4949462890625,715.0335064623729,634.8874833699365,675.1086912508364,490.12896442945515,524.026379817434,614.3717776439229,632.1561994552612,754.8627523316277,790.9164238518448,838.6255857174111,848.0600509197392,718.6450754867112,648.9293205104508,916.1615498619694,797.8004977877888,937.4261199479857,744.381709322843,806.4787475517512,571.5735094874512,597.6572698860779,544.7628021950418,811.0964045446256,874.669936966013,946.9020232824734,908.0275153398067,874.7650685185971,918.5597683148862,778.0291290749833,888.9178672876868,912.9529986025682,822.8302815832217,879.1410854811079,829.3645969650842,870.9638336813374,891.8416805372713,748.4325032277151,738.4980172329261,572.5242089787754,635.0839336444806,465.9954250169837,470.60277288732397,705.8279619060579,694.7561339065742,740.8979167532414,817.548566545759,724.4685865672612,732.7384297156202,489.16928628762565,466.7594967651367,676.1383400824627,685.4076474494065,489.8245729222017,428.8614956773145,396.1469568970303,420.8156989538627,634.418915425628,562.0878945879141,241.0424370668695,222.2625692078855,691.9586120605469,679.6722639698094,709.7839073091745,701.4878357762125,723.6512668211648,675.3156323048188,40.64646537185303,2.4801140798566244,31.50788780687314,37.12399625834951,100.75946412366149,101.0909234924262,251.39697413974338,397.04109111252956,692.415810324929,739.86640625,745.445618699861,767.1760002812252,697.01920931947,280.2938832065515,363.4958130374099,702.9338484139278
800.2122264983662,819.2592390968342,822.0745429493726,832.5995279593296,491.81911063083385,510.94923683575223,821.7132123213798,794.490277261937,621.0598851418008,594.2009355357436,771.4029120933719,703.653299292307,803.979912602472,614.1189192625193,637.4997598899538,535.8936925750808,744.9450955503925,763.6224907402976,790.7269941892661,821.2947023925781,423.01964632670087,445.93231410980223,792.3175973823404,808.8351123484355,539.9452570970146,581.9766372009948,519.2679196984728,480.5343520641327,802.1009230703678,803.1433768566744,829.4268548920398,844.8967978922526,827.3977461992685,811.6585820855034,769.8715947690217,712.9600881553558,636.2094691608446,674.1222522170456,485.1998627270971,521.7543437543434,610.182011338531,630.9773759841919,753.391928542228,792.8844976922347,838.616714860445,850.0699349565116,716.8021022977907,648.3277819740189,918.331138645449,797.5259631484136,938.0430238740938,743.0563532917553,810.2659105035756,566.6253302833613,596.8176114741269,541.9956116652918,813.3453575209485,877.3185597084187,952.8173619840882,914.8093941636649,878.7915484884511,918.1456159102493,781.3054269213195,890.5068333973119,916.1646758122231,824.8295347953951,881.2258617186815,830.8411964103476,871.3293032676551,895.3229552211023,745.7514621631519,736.5408306434506,573.2573925333286,635.4941496085295,462.52710093622625,473.75257980991415,706.1469172493356,696.0334995633833,742.4622718324052,816.8565030779157,726.093143112358,734.2997991571933,483.3612544447184,468.05692866007485,676.0893330072516,685.6853066928479,487.93389318129596,427.4740348679925,394.1390657027562,421.8148240173531,632.8732745174148,558.7987633903821,241.1374239832577,221.8730767135709,680.2522481282552,678.08215021683,707.9069623053074,701.3442949666157,722.6753948201963,676.6581032107104,40.79879682858959,2.610977741993136,31.57998831187443,37.42233420866708,100.24869165698428,100.73090216593556,255.2962680392795,395.01306500855617,671.185019753196,736.6501897638494,748.2129332267198,766.7967079259172,695.3120607862286,279.7000736228207,364.57096715406936,703.5267291891164
802.3484997980147,822.0770635397146,825.7888690073056,836.0577074104096,492.5540470212005,513.6767270565033,823.5902790092345,797.3303712788035,621.8395945490623,599.3078390574846,769.6567027704502,703.7223343622117,802.6716754317897,614.6887223073828,638.4899332131912,536.3969450356351,742.5385787746918,758.1758853177296,791.890429208105,824.7106330566406,423.9798067940606,447.1289546966553,793.2485871638398,811.9126295967708,535.7929769785617,583.0837773543137,523.3997708736862,485.16135448879663,800.1547963844156,801.8006224078897,828.370901833682,844.26205078125,827.934747081692,814.0287882486979,767.1452164359715,715.5995343679405,631.3259749895676,675.5612397370516,484.8837929676686,521.7658186780379,604.8221880803343,626.1174077987671,752.1068205928045,790.5416814433455,838.532773749742,850.3803747522901,714.261057457648,648.6378637160454,917.6966365398899,798.5702817810595,938.1931584381535,743.7726942029757,806.5652181086518,575.806865533193,596.4219731894946,544.1734012917489,814.5965154173601,879.1230006836079,955.5725523452264,918.2121774555371,879.2806561013927,919.0927387209772,779.808583484148,891.5476246252963,912.5839586400274,824.3454351191065,881.5767367030797,830.9741759187489,876.6118793609036,896.2952454287703,749.3034675529411,737.7942962646484,571.9912119174222,636.0061290129954,465.6352797798489,469.84631132743726,705.2113270994092,695.1659304037133,741.0833506482712,817.5612825666155,723.9020665778968,732.4085671381397,477.7072227779031,466.93785440444947,672.6259568521104,684.8745449487074,484.7627814124612,427.1884054259703,394.91631931066513,421.5984574623131,629.6904068228698,558.2253181568782,234.51734554419224,214.86423054150862,679.8794311523437,679.2940430721994,712.5277451127768,699.1611151026385,722.4746449400147,671.6158624243328,36.52666019716937,2.0981140391694173,29.533874604302678,35.25118088661194,96.81708269136388,97.88846417123412,242.75180959701538,386.95511434358707,692.0401833274148,741.7761874112216,743.1664287387924,767.7831697101834,695.4428591260723,275.78960492318134,354.4728222615791,737.9697686557112
799.8646069451235,820.2474190376022,822.9404337516721,834.291010434884,493.5328725282536,515.0242121560233,820.5656528066389,795.390978159803,621.9219445987624,598.7250622491367,769.0053644257832,702.0489510914636,799.3412234533712,612.393011686954,638.099987701397,537.4604743444003,741.816099627888,759.1828955542605,790.2416984587337,822.6318348388672,424.1673830880059,449.0708993911743,791.4347390839548,811.8302740975032,537.6278427783108,583.9590563092913,520.843548727299,484.6077408525679,800.3643024372604,800.7188416280865,826.1695696012241,844.0787253824869,824.1111481230138,812.1350758192274,767.8949139138927,716.6857928540334,633.0544990842038,673.6814292625145,489.95305150321553,524.2493183978935,607.4381543769211,630.726496219635,754.9864938202359,790.7731623355811,838.4668662870163,849.7974663450007,716.208218913433,648.054326697663,918.0735249119421,798.9008943775882,938.4083447155651,745.9653654009763,808.2618480733692,572.0055910535888,598.280228313502,546.9845013001936,813.9100299680612,877.3219588818373,950.828910481595,911.807151651293,875.8810638162364,918.0788123198697,778.1905695830645,890.0385739950486,908.6647992489943,824.4022254420189,878.239825002263,829.2721090674897,873.1465666947091,893.7177778212405,748.8687631418039,738.6174699126697,571.7404358190134,636.0232717010366,464.6955385069916,472.67523580201913,705.5766552784404,695.2728047351125,738.8545856881649,820.2937240600586,725.7972860811313,734.3121876242411,484.6045906293392,467.0249220339457,674.443036560025,685.6021888824383,489.6404256596285,428.3945375530298,396.32258726159733,422.30314815882707,633.2388129777992,561.7144369856517,238.26653774750972,217.98566627533643,691.5998209635417,677.8057038905257,712.0685284435749,700.979806200951,724.3354648755101,675.0345661471117,38.75950515515318,2.2312653346746054,30.595762853137103,36.14603030895066,99.55493502899722,99.63946241112326,247.5834353764852,391.21245061124074,679.1130426580256,741.8436368075284,742.3714816714294,766.7385846874382,696.4040934244791,279.14248827884074,359.71092861348933,701.0893680967133
