ROI_2001,ROI_2002,ROI_2101,ROI_2102,ROI_2111,ROI_2112,ROI_2201,ROI_2202,ROI_2211,ROI_2212,ROI_2301,ROI_2302,ROI_2311,ROI_2312,ROI_2321,ROI_2322,ROI_2331,ROI_2332,ROI_2401,ROI_2402,ROI_2501,ROI_2502,ROI_2601,ROI_2602,ROI_2611,ROI_2612,ROI_2701,ROI_2702,ROI_3001,ROI_3002,ROI_4001,ROI_4002,ROI_4011,ROI_4012,ROI_4021,ROI_4022,ROI_4101,ROI_4102,ROI_4111,ROI_4112,ROI_4201,ROI_4202,ROI_5001,ROI_5002,ROI_5011,ROI_5012,ROI_5021,ROI_5022,ROI_5101,ROI_5102,ROI_5201,ROI_5202,ROI_5301,ROI_5302,ROI_5401,ROI_5402,ROI_6001,ROI_6002,ROI_6101,ROI_6102,ROI_6201,ROI_6202,ROI_6211,ROI_6212,ROI_6221,ROI_6222,ROI_6301,ROI_6302,ROI_6401,ROI_6402,ROI_7001,ROI_7002,ROI_7011,ROI_7012,ROI_7021,ROI_7022,ROI_7101,ROI_7102,ROI_8101,ROI_8102,ROI_8111,ROI_8112,ROI_8121,ROI_8122,ROI_8201,ROI_8202,ROI_8211,ROI_8212,ROI_8301,ROI_8302,ROI_9001,ROI_9002,ROI_9011,ROI_9012,ROI_9021,ROI_9022,ROI_9031,ROI_9032,ROI_9041,ROI_9042,ROI_9051,ROI_9052,ROI_9061,ROI_9062,ROI_9071,ROI_9072,ROI_9081,ROI_9082,ROI_9100,ROI_9110,ROI_9120,ROI_9130,ROI_9140,ROI_9150,ROI_9160,ROI_9170
912.6063307618025,886.0013963845794,945.8223393606941,981.7986384330993,546.1490219825922,606.237915126873,952.0266192046781,888.0730362031815,684.4246413561763,691.0138754453816,893.9522490152499,765.4903883708848,917.471048877231,665.8459330937158,681.9640297699924,562.3029510575548,892.3835496224498,832.7001517191281,912.1321618091101,898.5938541259766,330.54621039496527,368.1902575174967,918.6468300207009,983.3615146818615,729.6680673629202,828.4195695604596,506.02153728548336,492.69494496451483,972.6276981425735,869.7313080210745,929.452293576218,965.0570056152344,906.7732406874834,894.8117555067274,750.2196188221807,780.0823952548475,658.1458575210908,705.6019825405544,425.8421708387988,480.74410334954996,540.0137756847945,585.2236313819885,748.6286635871918,815.6043430708031,759.3523476440927,828.7860025885509,742.6210363088561,691.322662793673,894.7250794441469,806.866622622062,946.3856137808378,768.982703421917,787.7084755662311,694.6063365749284,536.732113410694,470.9222786377402,930.1795572738397,954.9416694663189,1031.38541732854,924.7620121345735,988.7730898915166,1029.9355109625265,875.768969987875,978.8434586230619,1021.1915217157621,917.5173964672927,899.1846191295077,880.3710154955054,881.2375276893567,915.7789461757596,867.7943697405291,852.0594856699959,708.6527957741274,740.8582369981906,421.9865803373033,415.97779804552107,819.353446335089,777.5968387334673,878.0309279421542,865.1703752790179,833.285088857015,756.4260089022019,592.2168573125203,492.9876183684667,754.1711250742102,728.8699601880732,414.0555806496564,386.93884993460205,364.9330931448688,395.5028986322901,563.2470216312919,496.17034912010035,104.87665932115891,27.705540791817263,724.3468200683594,708.2059093410686,753.8266730308533,712.5561455083648,730.0437159259204,660.4894509612785,5.669740982868365,0.1794684259496905,12.303503844611399,12.283104442612759,55.261207162411395,40.554433963021204,7.680811113781399,-1.0798802326488144,678.6621704101562,824.3087746360085,850.4261257504456,728.5548771725425,689.378137326708,255.67586669378113,237.69583695675388,563.1811599731445
905.3363287448883,877.9900339251817,935.6897586273665,968.6276034655799,542.6892799377441,600.6039718687534,944.0740299989094,879.3970966206206,677.608578896036,685.4139308304083,887.884976611874,759.2768100344946,912.4857913633972,662.1959020657096,674.8670833268717,557.0802533857284,888.2353298494601,830.9688493373782,898.2543323853007,891.6436467895508,329.8182797961765,366.1419018427531,907.0526010642664,977.1071240561349,725.3129114380682,824.9217820639138,501.7259576649956,490.2306786643134,969.0121105841871,865.3977933907214,924.8963405979587,964.5994065348307,900.3853639505677,891.9330647786459,745.3092086128567,779.4635318618223,651.5918804958528,700.7063304759838,423.8559340036341,478.069872052482,533.8446435146644,583.717782497406,744.6347748627738,813.2294285489485,754.6340042475539,825.9494867492141,737.6515484013834,687.5297410071313,890.0046303349156,803.0592727017892,942.4292397959352,766.7823527650814,786.184096195238,694.0315252659368,533.7237627850333,469.3053286046326,921.243578573438,946.2660345258536,1022.1032563532918,914.6755775788041,978.6849800706947,1021.8491111002307,872.0856854266713,972.6756963062679,1013.167399164456,911.0344778819909,891.8496160271462,876.4447368438122,871.1490553837673,906.4183255190349,857.3114442911234,848.3638165583376,707.3279083321947,743.1989244072985,419.9968603935795,418.38046053765527,814.061505427126,775.2701241267667,872.1295763380984,860.8156411307199,826.770969398177,754.251587822457,587.3317001072566,490.4538897546132,750.3892000442034,725.4428715406999,410.7757671177387,383.3566206198737,362.8548489211632,394.2488919511366,560.1626636591093,491.94663336599865,103.03397829982417,27.152413779965244,711.0206095377604,695.2573485293631,745.6301536560059,704.0648347673373,727.7859916395813,658.1000003333779,5.460443559274274,0.17250720911003925,12.086270261530142,12.092479207906434,54.03267518992831,39.138817669353095,7.289578715960185,-1.2644606044187265,665.6760087446733,798.1401977539062,831.2807269000367,715.8296271215511,682.2574684292663,252.76454297701517,234.98622478138316,548.825293314868
901.2214221943086,872.8796279809692,932.5969444755708,963.6389041526384,539.785625990047,598.4628712960651,941.3737606429078,874.5370756997453,676.4061054696842,684.3390373636464,884.5317895935802,759.3609136653325,909.6779856068397,659.559303653385,671.3528046513078,553.6805784394664,885.4252518387202,828.5448558861235,893.8600983309107,887.4525941162109,329.10420491960315,367.770703570048,901.8505440694086,972.9215104239328,721.9120484596772,822.3068950988434,499.7869776256835,488.8417683972253,966.7355829994633,861.4166609399113,921.4602480109908,960.8446850585938,897.5692074015989,888.3650143771702,741.0033622409986,777.8777833501977,647.2968566155118,699.0293036566841,423.01967960596085,478.9105365481716,531.9047351274334,580.7092943191528,742.2414317897388,811.8518225502629,754.2687960348421,826.4529938279537,736.2545757766597,685.6471537743415,888.3645698824237,801.3281529446151,941.4911593132805,766.6496789383457,785.8818517436896,694.511696806141,532.215225425749,469.30825661617877,918.3635946150547,942.1187454130915,1016.9977644947127,907.7522544914517,975.2052217433763,1018.0039282369768,869.1522812216289,969.1261620305693,1010.0165129704262,908.2771123841751,888.5527558948216,871.7409954097573,866.4669938300066,901.9306768765107,853.8339586000185,848.0304667676081,707.593470162208,741.3429112289891,420.05522813658786,417.1724916914819,810.8185260960313,771.2663199397043,866.5773575153756,855.1000813075474,822.8462027114927,750.9436210922032,582.8001046919823,488.3710268052419,747.6271757554377,723.2454860987034,408.91244766256386,381.1125885657025,362.26478010904975,393.8784859538327,558.466568640011,489.16554844985404,102.02970386531067,26.42253996519783,714.6641092936198,698.545427742651,745.5230479240417,703.8612481371849,724.876195194157,656.5333968328089,5.195498321229886,0.15152684827507645,11.81617271853467,11.945265830128275,52.85076295337927,38.4741025524995,7.011392566892836,-1.4875411110765793,680.1715143377131,803.3589422052556,830.4054053389787,712.8577119851415,679.3829285864737,251.32043081835695,233.41630332397693,564.5346593877365
901.4258126638293,875.0017424334179,930.9559385320094,962.9188842778187,537.9529412735341,597.7915106958577,940.0602908902766,873.1085096926892,674.8100922642922,682.3254620520795,882.4983904303574,756.8631324181481,906.9968775590534,657.4365999857906,669.5470085903187,549.1714852589828,881.6493628804718,825.3763941609582,894.3992546636939,889.0473655395508,332.5755848354763,362.1384078343709,898.5977882836632,972.3014048016261,716.9684343637596,820.1169592260004,496.0969530811626,487.571073823505,963.8726044061049,856.7856525185667,919.1640845271234,959.9093892415365,897.702611761578,888.7084077962239,739.2447411578635,775.7393739999059,642.2672335586884,696.4435095610442,421.21768850939617,474.4145607108927,524.8645367856885,579.3392317295074,739.7959663581754,809.4875071738004,753.314806308587,825.1991337781761,733.7149707936059,681.94372043743,887.5334034858212,800.4508852077719,940.4917329692472,764.9167509117357,780.8261748857028,693.2015233694339,529.5329007273457,466.3639471880153,918.6711640707896,943.2307623094982,1019.1613215658629,911.167734978123,974.7313293191661,1015.3504027024056,866.6990473102721,967.6330982019872,1009.0028367683069,907.5799675024757,888.8896469011736,872.1183052487434,870.6281547303413,907.5540390436162,850.9178445489557,843.8081498693248,703.8979950301144,740.6729066526735,421.1160863793415,417.70729657294044,806.4708256956006,769.2043520345727,862.900533473238,846.651481628418,818.9946898829435,746.497200327025,577.3990339310964,484.3724734404186,745.81025390625,718.8060652522506,404.04211054058635,381.1154426994737,360.0754318481316,392.55211994741046,554.3164343541466,486.69033309081567,99.82751830587922,25.34294016433456,710.2110209147136,690.8679602671477,742.9729250669479,701.5496706380025,722.7769427505765,653.3084967900022,4.854867493390645,0.13011528392800958,11.674213340452818,11.7486050012276,52.922008543081084,38.851782554064584,6.082376595172617,-1.82239493355155,689.1421564275569,799.2159013227983,826.768424834181,708.0487549214423,677.1722211650773,250.53415024907966,230.67054070125926,576.1722527865705
898.6629665621338,873.2600598395472,930.2339702520019,961.3651157508333,535.5346547769946,593.1431827611689,937.8428576340151,871.4717777436845,668.8111346497827,677.9428704683897,881.1940875324776,754.7036938672974,904.0440688227299,655.5857463732422,666.7350934346517,547.9706933649243,877.1669735840711,821.7898242798359,889.4777204725477,887.3904516601563,330.4844914542304,360.7272247314453,893.3651548883788,969.4754906306191,714.9688805185688,816.5317720685687,496.05720626451694,485.02741657363043,962.5783050105257,853.7938218858507,913.3600732998585,956.4620383707683,891.5788130679373,885.446158311632,739.3815493376359,775.1675282673664,642.8209516718524,694.6999918619791,423.22512285118654,475.49672884708934,528.3957769049973,579.1479449272156,737.7686105471046,808.1819499951404,749.5641237022485,821.6555629083288,733.1145559421255,682.3686880631881,884.0156100794193,799.2020842868212,937.9532147460309,761.1095959204783,778.6593892734682,687.9140802551718,529.5630791672963,465.69115168392756,916.1247639817972,940.2876318726275,1015.4243813920484,906.68020540241,971.119934825068,1011.4045215223986,865.7517277428864,965.9475772449509,1008.0868300252886,904.5586766555944,886.1595164920507,868.8853591053808,865.0062355478858,903.7160533251683,845.7039663984968,841.9360586072578,702.0406790217129,738.5988295253737,420.02838444364244,415.5337312993869,805.3277935590901,768.9498868443659,862.8703911963929,842.2289276123047,816.1514434302903,743.8373280901935,577.8515786616008,483.4641528018316,744.3863341344086,717.3985259669912,404.37855905154174,379.4818291225158,359.0082318049317,389.7749966960911,554.3048477376257,487.2971117030084,99.51662577309266,25.355431353325734,710.2940633138021,696.8349588685116,744.4510490894318,704.949346792644,721.1232243506356,651.1942138829266,4.506584432368216,0.11039517207299704,11.619424346732002,11.638795753679162,52.65910804075723,38.01580149941528,5.121380706628163,-2.37338665303062,675.0606911399148,802.1713722922585,830.8568873053429,708.6821240775192,673.2921902525659,250.25882733652466,231.42840826150143,559.8420876141253
896.4859773983922,871.3657745959783,929.6039814807289,959.6230179294647,537.939925943419,595.1257364153862,937.0706545609444,869.6268271636962,672.5045051963962,680.4728990304666,881.3288475129663,753.4756879125323,905.8699062234541,654.9485881299626,668.9640487272349,548.5975748634812,878.672345726411,822.0688278198836,887.1065279496584,885.8933894042968,327.12503072950574,366.43365434010826,891.1293424465956,969.5956839001368,718.2808489974257,819.7818224980281,498.67385099737686,486.4618510140313,963.5407834322947,857.3464792510609,913.7354753949824,956.8397489420573,890.9226097494869,885.9952103678386,736.805932086447,773.8183534920934,647.2593302285619,696.1475202772352,422.63816905447413,476.23768961474246,536.2166469761582,577.9279718399048,737.1986055767962,808.3732866766328,745.753704267624,819.3260346797474,730.4392485342735,682.4974834068672,882.8808586889697,797.864109648987,936.1602793543802,759.9402961229655,776.654754775522,687.972422281901,527.7095430410511,465.1479183355447,914.5112793369857,938.1987876196703,1013.1358127357121,904.0858235851238,969.8639205269192,1010.1607248867986,866.4351398806324,964.7266880710429,1006.7587025201143,903.0150505677058,884.1229141583603,867.0889355168057,861.8867051434365,897.8514812321953,847.5471371487454,841.2623629648177,703.7598636872178,740.244144984654,416.68636869347614,415.94779422081695,809.2485873112913,769.8715546793958,861.6125812936336,844.945292881557,817.3997557519497,743.8093555158015,578.4214094845454,483.38365849932035,745.3272739628864,717.0570934065613,406.13418795501485,378.9606775772701,359.6681485138779,389.4756416455178,550.8533533753634,482.95141846197345,98.73086109741901,24.5713778427639,711.1112548828125,694.153088068558,741.9744991064072,702.9018985178676,719.9933628538486,650.1926288464833,4.717236025430458,0.10285014650887914,11.474107156046065,11.615163540054509,51.62871512408717,37.64710756737153,5.479581740167406,-2.3894817338270298,668.657304243608,794.4411376953125,827.0225711284868,705.54415063013,670.8613140629787,247.41992407671194,230.8358894550439,554.7726792795904
895.9110476559703,870.3392351304341,929.1996722317763,958.6991043520638,536.963564433608,595.4484296462366,936.5758841304015,868.9319346957511,673.4512023147272,681.7015619903315,882.7489430497333,756.0297971664913,907.0637626001807,656.8749760606511,669.4621634364721,548.0217208424514,880.9755365633852,822.9927238903173,887.1454482389136,884.6927865600586,326.3713394271003,365.4242659886678,894.5349929831589,970.0316963801308,718.6415941528,819.0125383230356,497.87070238260935,488.2433728112115,964.6577461890455,858.6718929337867,919.8114071342889,959.4401975504558,892.7904491101281,885.9907337782118,735.2040943975034,774.1637080548758,645.2476306864869,696.4817237854004,421.38212842174937,476.78470375832546,528.1207556177358,575.7399115562439,737.4471458120952,808.8932323003833,745.2987866255567,822.4488643958555,729.8023443458494,681.770404055402,881.25191492073,797.3015247076488,936.5408658932228,760.1487172740086,776.8153455930975,688.4528500987034,526.7811867392508,464.5852832391297,915.2429917200764,938.2256125410398,1010.3925936134536,900.7057747044662,970.8641863482932,1010.5547468376777,866.6539355170107,965.9382310168734,1008.7737091975425,903.3118952965551,882.3964569841878,866.1546744096594,859.5888152881793,895.2345172186583,850.3667263683972,845.0259232442887,704.5980928403521,740.4160012249307,420.66654089222783,417.34756360255494,806.4288487668897,769.5417361437533,865.517758633228,849.3906555175781,819.0341284521695,744.4367623381852,577.8030231313408,483.4134109735489,745.085504015952,716.9928743207556,406.10110748164794,380.50318539529934,358.83148664557484,390.1046389083204,548.7472776093588,479.42525492317975,98.16957228263426,24.525685102032345,707.7876383463541,697.2107983605337,742.822847366333,701.9296389273389,719.9904352241497,650.2923237117403,4.472951420055899,0.09740487993694842,11.409640035014128,11.623367272458225,51.7863534203426,37.624655834243946,5.119931108421749,-2.358890282757142,677.3131380948154,799.7936512340199,824.4653492357907,704.1702820983114,672.9141112682867,248.68642203941158,229.55244451580626,554.3897140272733
897.707865313628,871.2352399500934,930.1111050672679,959.7177422322125,538.6591442019441,595.3731888628432,937.6504492536124,869.5334877923194,671.6890066886435,681.2076995724537,883.2153849097772,755.4750616119021,906.9148468431437,656.7762305941659,669.5573383729849,548.2936773039863,880.0193837965834,822.4040792439863,889.475623002911,885.1298013916015,332.51375007629395,359.57205559412637,895.3912013440594,971.0678885020907,718.2619093250854,819.3856595427126,495.39047936374806,487.1050647629632,964.2126200693958,856.3002353997878,918.6412266208118,960.4228517659506,894.5008389747749,887.0028131781684,735.701355245839,774.4333856421781,641.2445618045488,695.8222151862251,421.15848205557893,474.91783303535834,527.7879566130091,576.9011528491974,736.7232865000528,808.7958342204162,745.0676521418154,822.8214804889166,729.2206430513996,679.3895057998337,881.4657787984418,798.6293282438933,935.7774743886528,760.0307879505502,775.5915529396502,690.3946124712626,526.840788827061,465.047721437366,915.9826098271816,938.7740966501059,1010.8588125592431,901.0617631944438,972.4299467667289,1011.7700831218831,867.078881686616,966.7357097201877,1009.3669126140537,905.5374061522634,882.9587423463886,866.3513270648033,861.7565231809191,899.2112204198679,849.2957150914648,843.6537416802078,703.1710733536187,740.29812384271,421.4714860777924,418.6820080313884,806.074565324627,770.9497870607495,864.3377867353723,845.4617037091937,816.635616170949,743.8434309630104,574.7962516601881,482.87655873616535,744.6298677957005,716.6244111543084,404.48103875833397,379.56434997668765,358.20668662072666,390.4405123261564,546.6493698097449,476.6857880930354,98.09420440597805,24.631394778293984,709.8205546061198,691.2240450584283,740.9875888824463,700.2409668659193,719.3712371360255,649.3433438763933,4.426333883875294,0.10476792092021141,11.292270145083913,11.419088727173792,51.567781996476285,37.74422665529569,4.9835767481062145,-2.314989160965471,691.9154052734375,797.2638882723721,825.7229216914849,703.058125749419,667.9913796817555,247.59551112510655,227.22903099927035,548.3490537774974
898.4454378563792,872.3868621669033,930.2091253146831,960.5265020611752,538.0066281873127,595.3706341364554,938.3364051435101,869.8784373508615,673.8139843454167,681.2992302472475,883.3716328783734,754.4674676357754,906.0180665101236,655.4601327649012,669.5998645137198,547.7428459778022,879.3723482430264,821.1206094006764,889.7193621639091,885.5510113220215,333.1357675128513,365.1991174062093,895.0373769983069,970.7020273359996,716.4720743189307,817.5966002914931,495.6909254822283,487.7935420672099,963.0194901160475,855.3232415846836,916.706482093791,957.9300868733724,892.7177850755595,885.5646237521702,738.2797400433084,772.6013448324549,639.0067920432742,693.5072651615849,423.0506532532828,473.3055017271292,525.9566983082256,578.5406165122986,735.4932586394605,808.5799674807001,746.0260375681694,822.0853443145752,731.7698827302161,678.9703563876919,882.9898060244899,798.3578589787581,936.8136587216587,760.1111908759509,776.045882597098,689.8271265637641,527.7960905343771,464.57796278274003,916.1967891429889,938.8294135828813,1012.4640721965815,901.9626115580661,971.2705301036005,1011.6219690933968,866.1534628211905,964.8083671915188,1009.2865345513643,905.1688149203318,882.3338998041796,865.7497876562561,863.2140578737684,899.473725882683,848.7415599994831,842.5766514637431,703.5418847460265,740.089187556015,420.3093268353006,417.48496102615144,802.6269318627529,768.498714716108,864.3822086415393,844.7076862880161,816.8648247919776,744.6596981398967,575.2334086561203,481.3606784550349,745.1542118963166,716.5569171891932,402.4553904980421,379.18043617188715,358.2084825552447,390.1076234621179,547.8512848891912,479.79913099447884,98.0622423426593,24.645091341201297,709.556211344401,696.8429539567334,744.1545867919922,703.4066120164966,721.0563821962468,650.8065745748926,4.359397664788719,0.10243384407022622,11.507417034655758,11.629819056632291,51.90299387744041,37.37084314746999,4.750768721103668,-2.5840733513674317,677.7788585316051,799.1725208629261,825.37059481832,703.8858325813391,669.3608096253638,249.03491992424978,230.69994961131704,552.4930452642769
897.9105896288277,872.7637243837194,930.471166114036,960.7740370543355,537.8562690291294,594.0668504493577,937.8037135586816,870.2324374404105,672.9937414831045,679.2774535945205,882.7053509999097,754.1569867153016,904.7708218674308,655.6529402072854,669.0500035807861,547.0374253121558,878.5238701336757,820.644440014101,890.8045428630493,886.3346270141601,328.6199608908759,360.7529632568359,894.1295447081199,970.7864119514586,715.2761251239876,816.8839101267384,497.33473258255594,486.083788394928,962.9316760369067,854.6138510621624,915.1627639410063,957.5158188883463,891.5217464899613,885.9352928331164,737.4613321055537,775.7392636954066,643.5099194060339,693.3632209212692,422.77894307460105,473.8148888720109,528.4443031686251,579.1146869659424,735.871883768884,808.2132170618428,745.5836231024484,819.9682612725866,732.000174680032,680.9387824718768,882.0836780271222,798.4601850355825,936.6846355244306,759.6169755391671,777.5063392057547,687.3494677683886,527.9267923934633,464.8750064042801,915.8675502012488,938.397713376416,1013.4387875813387,903.9813145607095,970.2499169125764,1011.5360263342997,865.9702476944763,965.0577926949709,1008.1412326186451,903.7758902970519,883.8105529313677,866.7773244682704,862.9352881559141,898.9154010583025,851.0980096078134,844.310483619815,705.0870531764599,740.7919125247312,421.05165321239525,416.1428429375232,805.2830905601627,768.421221088077,864.0118213410074,843.9649374825614,816.3223422185671,744.2909317991351,577.2577805872759,482.5495601277053,744.3762478866241,716.3711118086791,403.90022701831424,378.7891080796934,358.1932456206899,389.28358055066366,549.58732845256,481.0839393542707,97.68489735332669,24.09030917312358,710.1258605957031,697.0023265773967,745.5304613113403,707.2151996733377,721.8451536921144,651.2165906318534,4.231185736716725,0.08556800814543816,11.249840023010456,11.410673317402633,51.47083127226072,37.241459314348376,4.430360999372271,-2.6852953381398144,673.6763583096591,800.0046364524147,831.0517193070995,709.047049027455,670.5503225887524,247.91243195638322,228.61304024494055,538.0755632663595
897.0418984346717,872.0623262530626,930.3497405896998,959.6374353930295,536.8905817697215,594.1771971200194,937.4590098843652,869.8012789855612,673.6330211795106,680.1902200511245,882.2946990408549,753.9462823141189,904.9392914428514,654.1226152599099,668.1144141012163,547.3053394251367,877.9535543613524,822.3984295569385,888.2985415696185,885.7424275512695,328.1093346277873,367.01371847788494,890.526618495132,968.6482065594386,716.242190276141,819.5220988766177,496.28623731096803,485.26498254140216,964.1380797692065,858.1535130630305,914.4917218065638,957.2048207600911,892.2961846044508,886.6881037055122,737.7803525178329,772.6633021343185,647.2310494578358,695.6580147919832,421.07340964249204,474.4775179887979,532.9611537495598,576.9577531814575,737.2572499764344,809.9655314802559,746.2347036503816,820.848965851187,732.9979461480764,683.4509341366642,882.1161947342657,798.3274085453528,937.2559783185618,760.6900228753656,778.9663932013405,689.1070527890149,528.6794872633305,465.5443957247535,915.5474327062333,938.5613843588917,1012.0840083970879,903.6080842259677,969.8658034614895,1010.6323920561658,864.70513701366,964.1062174667546,1003.9592560725425,901.7978016202763,882.7551085825717,866.8967120551267,863.7570999534266,898.6130544757316,852.9035530090332,845.060827036373,704.3752472203806,740.9758277001318,419.70545655402583,414.94599331936365,806.9903343075612,770.3779995866831,866.0569782662899,848.6925724574497,817.7585429049086,744.8204597135933,578.4909460131328,482.4351446310679,744.950497476855,717.5094552449917,403.4005756155533,377.38471895736046,359.50376785195357,390.8571470751337,549.1294913898097,481.2375998528923,97.94608358458046,24.31763448664765,709.6844868977864,696.3157545186706,744.0520327091217,703.1357847187853,720.5597161445909,651.3590049650384,4.257241854922062,0.08833614730069207,11.236963572808584,11.504734507596055,51.11638567036998,37.29170980057003,4.526867939366235,-2.575181031928343,670.4609319513494,797.0070534446023,828.2405637190647,707.3699344683297,670.7098867378983,248.30752386022033,229.86206363909173,543.6875529453672
897.4499316707763,871.4946090109421,929.7559175434634,957.893799708659,537.7926373947498,595.4874472570207,937.4630747516238,868.3563669076372,674.8838076299551,680.3252573795006,884.1315951928859,754.5973423602089,906.127167224884,655.2459439309503,668.9796749703327,547.590644428807,880.9488747221599,824.2379043427021,889.8582098949914,886.4641219482422,326.5813922352261,364.2652842839559,889.5756956928908,969.9302499861944,717.0987329832546,819.4070096487527,494.4295521704532,486.85922916730243,964.7340485914698,860.0487375518422,918.9292443943774,960.4124212646484,890.5803699816688,886.7598385959201,733.6289444633152,772.3231370305441,646.54724702541,697.5643063297978,420.9015482366085,475.3634887723887,529.5077773547563,576.8461005687714,738.3050850882298,810.4760685780602,745.7871069257305,822.2058279695567,732.6613382386768,683.0098534030515,882.7486716824193,798.3705194332033,938.3355020906014,761.1302405775673,779.5289835224237,689.0272793232226,528.9049871542209,465.5139502370806,916.6432206319953,938.5196520906908,1014.0515073665275,903.4277431960401,970.9913331935717,1010.3845700939883,865.2484752410048,964.1818844438089,1003.4784848796787,900.8051092187255,880.7816391698431,866.434732236849,861.6732411961647,896.8937862670224,856.0103036004144,847.2508478321013,707.1805667352239,742.263646641851,419.55072242626244,418.08492279724334,806.0605164824939,769.9716703169573,868.7723102975399,852.1459437779018,819.5310757589523,745.0163112095048,576.5901973257462,483.05289456208544,745.2663635253906,717.5701426765744,403.8835064919556,380.12068960985124,359.54601028609005,390.6989790330573,549.0719517419997,479.80327600233255,97.90123770193249,24.20723534629341,707.7533772786459,694.6241930945445,743.1692223548889,702.8098180606894,720.7710448985791,651.6484701021376,4.331658853365011,0.08887020416764749,11.347238937308266,11.496674587685968,51.30219921971102,37.4530437031344,4.745651589499579,-2.4924689136883793,665.941162109375,798.1191961115056,826.2723278071256,705.873704934422,671.811086916456,248.06447892805986,228.1127292315165,543.3742344954918
897.8414175288033,871.3453404548945,928.8683503612468,958.432162140945,537.1214679718017,593.3971407711506,938.1376781154675,868.5543244981259,672.0551461200325,679.4021124605273,884.3299298170136,755.9474153948681,906.9560732653374,655.8971144766942,668.578154858072,546.5869604026709,881.4538289653182,823.6244461401752,888.447967090826,885.5660321044921,327.8189690907796,362.36111036936444,892.618014656276,968.1790725768559,715.5402388248144,817.8242128602751,493.97145775009915,484.39136849509345,964.6972439603985,858.3433780623071,919.5983845067462,960.2594276936849,893.2640940779346,886.4842278374566,732.2092271887738,771.1932453936842,642.6192768617874,696.5465037027994,421.47999193625793,475.8787461327256,524.8689316921547,576.0770573616028,737.4435366616835,810.1544072300337,745.5010685987127,822.7206917812949,732.0728180152325,682.456188682076,882.310348575346,798.7841518135015,938.2274013786856,761.1339742422583,778.4081898847503,689.7795202545091,528.1636731242943,464.71700749181684,916.3276512588885,938.5580947332912,1011.0236081428199,901.4146110309222,973.0678744904891,1009.7323585806541,866.1208851665532,964.4229671729445,1005.8919368003732,901.1633228323873,879.9718770674106,865.2389452407689,861.5032574598956,896.4583340639567,852.6904107858469,844.9759188792744,705.3188066745023,741.6815058720576,419.7730459130329,418.7621266741148,803.2399089375481,769.2663495708798,867.9128223175699,850.7282049996512,819.8298686820428,746.059918062957,575.5139948368072,481.9564971403281,744.5045305159649,715.7482156287684,404.44417418732365,379.5976051638703,358.61782507265343,389.98365468080726,546.1970094634767,479.30139939968785,97.18938117778723,24.385591260774035,706.6130900065104,696.0149572340108,743.655810713768,700.6351020433244,719.294381682806,651.4423110141148,4.060179494580983,0.10050417169480136,11.325837967301238,11.546670605121601,51.2581868444821,37.68509752308244,4.217601133717431,-2.6149739136590675,689.6837824041194,796.7256802645596,827.3886817061662,703.6070925555651,673.028117759555,247.39040119710722,227.62704727866432,554.9599325574677
898.3890093237056,871.6404227391638,929.7767830031097,959.3323325170463,536.2084261029265,592.6710666034903,938.4528091183505,869.2463709441652,672.864861663507,679.4426227944796,884.0148672243444,755.1918042727879,906.8425286343739,655.71354396044,667.7483865918211,546.0295755735993,879.8562728917994,822.0027554090633,889.6080203001527,886.0222091064453,332.7376135720147,363.4755042394002,890.4226954406474,968.1916952890064,716.1565207436447,816.8203003013527,494.4532294115309,483.13556340005664,962.6406410865064,856.5803465289835,916.6741662213183,958.5892706298828,891.9904192908335,884.768437906901,731.8186125382133,770.8815623823418,640.5823790764493,695.3820545055248,423.9010918587446,474.3728925440642,525.7495292288359,581.6177315711975,737.1003036286149,810.2294722281362,746.2617413712079,822.8737005211457,729.6230442583069,679.4633483753338,883.5159902307295,798.6650828504143,938.1807360017008,760.552206327258,777.4589779772566,688.8691286853715,527.2140360115159,463.0478568086355,916.3112724446258,939.203668753306,1012.5428044595162,904.0892856733884,972.3699101721722,1012.592737302811,867.1373430071257,964.2788707748853,1008.1543260261194,903.4629300731098,880.4589191704654,864.7825923838104,862.7691581871859,899.2037839099188,850.2373016632355,844.6884318179772,704.2961060060273,741.2230912906267,421.78190518807673,417.4691227523374,805.7255879386527,770.0974908725849,865.7734154234541,847.3703351702009,817.9904267175901,744.7390608168439,573.46082578818,483.8102163060506,744.2618011071294,715.0759469704298,401.2760367069174,377.2574909030315,358.24927850206586,390.40165135410035,544.7741212293835,478.2880737816294,96.52223762752126,23.907091099518713,709.4955749511719,693.7881304207494,742.6438380479813,701.5576982455016,719.831521381252,650.4578151510514,3.978559062528228,0.09038640218097027,11.055605935158248,11.371981482982639,50.74657140702221,36.97386988152541,3.9309051500426397,-2.6374467181808807,686.2545665394176,798.2274602716619,824.9977003263947,703.0485134849065,671.1410483565985,245.89788506951248,226.09697610681707,549.1521302256091
898.9232580430955,872.2855502929953,930.4905788135869,959.4009015180201,536.7369040023449,594.9072223837886,939.4626061520004,868.9069509122727,674.933490286068,679.0156177927236,883.7922419571295,755.3291744761997,906.2272653518369,654.1356914485032,669.1419885882098,545.5324525562469,879.8063655509768,822.9031260037343,889.6375661389582,886.155470703125,328.97281636132135,363.60300019582115,890.188886579153,969.3800678858681,713.9737876872117,816.115031169011,493.69358624410893,485.7802630530463,963.2573625456612,853.9567938910591,915.9019444583282,956.7866756184895,891.2237802279197,885.6272159830729,734.088706638502,773.9838205360504,639.4192601510607,694.2515484845197,420.60275566152166,472.72686215375694,523.6059829211625,576.959114074707,738.3109222236607,808.3429361497057,746.7525438741058,822.0344969096936,731.1888344425801,679.7476772228321,884.0595858512386,798.4526943559171,938.0593567575727,761.4241860493328,778.6512166181487,691.2563408566456,528.163518177031,464.1163617684681,917.2232080064755,939.5714044306013,1012.9058302041007,902.9830530535213,973.6759372877038,1012.7877397382915,866.2831288375621,965.2923035327299,1006.8200515063841,903.6614043632527,883.1734174589093,866.1138766047354,863.5055631406748,900.4166671162811,849.6876882260984,843.373125388974,702.8077697403934,739.6360932057038,420.6384218741154,416.8598889800864,804.9188465055872,769.2010675327411,861.8659849775598,845.3579068865095,816.7849995258667,744.3159767540778,571.8998822204272,481.61079517682396,744.6828834836178,715.5399973037009,402.7061638583155,379.7931810613143,358.1262535290104,389.73920921673107,545.1195639388569,478.4379362318292,95.9905905428502,23.83023153151099,711.2751180013021,693.1371615135064,743.9973571300507,702.3657741287715,720.0689804038323,651.6204318411484,3.999490900746375,0.08260567229956871,11.231294797300212,11.484132651565753,51.057756620401875,37.09653917194647,4.472318010197745,-2.453662315273986,707.9591730291194,797.6519198330966,827.0331576558567,705.1200884082649,670.5882104611865,247.55032930248663,228.670844150312,549.6801073797818
899.0008750609271,872.601457773736,929.7334654963399,959.864303167479,536.9247678534929,593.05616387512,939.5962268735035,869.1335508906587,672.7453183543926,676.9760662610414,883.2705592178717,753.9310539571065,905.2863450497133,654.7662569291679,669.2625828406111,545.2043544636766,879.9573823648607,820.8636967034831,891.249055562805,887.2506738891601,331.11090162065295,359.82723274230955,890.6088897462876,969.1333938780285,715.9159200378738,816.5567966083904,492.75718130459444,485.380496289995,963.9400825500488,855.0198942961516,917.0419299508643,957.131440633138,894.2266285783154,886.890400797526,738.4463166610054,775.0048100115305,641.9896443404815,694.9732608088741,423.555650602494,475.85390511702064,529.4831040179143,577.0471262931824,737.3499860454292,808.846306389542,746.2939790205039,821.4099634293227,734.9160895544635,681.0033682443045,882.0323251724243,797.4933510833472,937.650568784127,759.1699608348205,779.4431476336424,687.6390266792447,528.4422859872955,463.634981240315,917.3384140365617,939.5080512673767,1014.0285044025396,902.9815806215297,973.3532830810547,1009.3091329556067,864.9631203934323,964.7827895914086,1008.5704347980557,903.612581846942,883.0580177816113,867.8249480004769,863.2219622666669,900.1116550508783,851.8676007245037,841.0474764089115,705.4026761536204,741.0061041761786,425.2265512770501,418.32064682329207,804.8599519573274,768.2234117183448,865.831358564661,845.4074674333845,818.7476314237748,743.0666526009364,574.8254415750504,482.8778126859665,745.3311125364597,714.122027390816,402.98216536360627,380.17807765170556,359.2175671371967,388.75591116596604,546.6681915410559,480.98694028280676,97.36961942956852,24.369300067484737,713.6995178222656,696.749666375629,746.6790292263031,707.3829707840449,720.3312799584775,651.2227534000332,4.031862557717001,0.10305383317517462,11.28152374938167,11.506346618957755,51.55318634688713,37.72680222459816,4.207358913289176,-2.643100663143046,674.2878917347301,799.5640203302556,831.8909031400744,707.5946469850178,670.7648381251914,247.41061742054788,228.5730153719584,542.0202952417834
898.5475843738074,871.8332606638321,931.3662327098506,960.9978840189626,537.2154293858728,592.6745102533272,940.157657737114,868.9307764620477,673.7559217336227,678.8154970700624,884.3840783282025,753.9730597359794,906.4201003593196,654.2928237174204,670.6607277191694,548.3253581961686,880.6986654561842,821.5885858250615,890.5581017563626,887.5202876586914,329.0344018936157,364.79029916127524,890.720795679574,969.8561779809377,717.9784086137541,817.6910145518544,499.3715856351905,485.5805455048879,963.6845317336748,857.4713657708816,915.4378503514087,956.474780476888,894.3303261449781,886.8915547688802,738.7959629224695,775.8730123129236,647.7698250993233,694.7477760314941,421.492456810815,475.02216890599396,532.1066282303607,575.5521512031555,737.6632436726775,810.0489309591139,746.5440283313103,820.5058098843223,733.2599237930676,683.373506612711,881.4487219518231,798.2453577539438,936.0102956592654,759.081476826543,779.3088050123822,688.565681588416,528.8370269803235,465.1769014758663,916.4636101780168,939.6142593887117,1014.988055091826,904.2504643946606,971.162129012398,1009.1721973357463,864.3499648534558,963.8117608042901,1008.7802042035914,901.9203180576787,883.8184364554587,867.2180319561912,864.2511620005225,900.7040816670624,852.6683840021357,842.3664873467117,702.7232106760008,740.9312985903257,419.10601790054983,417.45536342137297,808.6579617359599,771.5300242317168,865.2717817590592,848.0418613978794,818.6202547212214,745.1907635676927,578.8244426202774,482.7171716912587,745.4936078311063,716.7383122720383,402.07975383155485,377.63719814090524,358.7076409738438,388.53534755510356,545.6878099281638,480.33843778508407,96.31877126978469,23.82568302847655,714.1073140462239,698.6694227315612,744.0564565658569,705.9932892743279,719.8183493577797,651.5212098520368,3.860658063648244,0.08027950350080776,11.026129511184859,11.475986611032983,50.787517512685035,37.25239201291885,3.556391868326399,-2.930338787681916,667.163252397017,801.9791947798295,829.1080064197515,707.9081471117237,670.2201953962738,246.8509629290355,226.71611472332117,537.5498623683535
897.5248964877168,870.9433343013128,931.7827377410055,959.3525057838732,538.8219449775163,593.715189559119,939.6848031098478,867.0555616946931,676.2959927150181,679.3228103450087,881.9670088388086,753.0490076610021,907.2666400947047,654.6718488535901,672.4927643590898,548.8745111685532,880.590685622952,822.8948045268012,891.0910970753637,886.3336264648437,327.0908551745945,366.34162464141843,891.0500687768449,971.1564013768756,720.9801040569525,819.2060470581055,499.3717157669489,487.68241410785254,964.2645861787616,859.742443395544,919.2061098754563,958.8434352620443,893.070531683453,886.2201581488715,736.3047628651494,777.1990930028709,646.6600754019447,696.9035853633175,421.74582176123346,474.1215938610977,527.3508252628515,576.789713382721,740.0071940181983,810.6077954622242,747.9461158371238,821.6327059450206,734.9847197887326,683.846763237373,882.781098476533,798.1287834441557,938.1185110256632,760.4876938911991,779.2997719118948,688.3522028642542,528.5386297599038,465.14844461909684,915.8507885635225,938.8147096832594,1013.8174398599382,902.37588161286,970.4756579324473,1004.9154359329866,865.1226064699506,961.4844037986096,1008.2829359823198,900.0185909474543,883.1736604470885,865.6261041638583,862.2224924852893,897.4652360947752,856.0592078475265,844.8352338759626,704.1831034739083,738.6443493335278,420.08812702565956,417.1828204175116,807.492925800261,770.595731236628,864.3403203436669,849.5962230137417,820.1742380295676,745.775906561488,576.4518907284737,481.8405601521333,746.3059392719017,717.691472011414,402.8328290923553,379.40825720545615,359.03058628570534,389.84689958731025,546.0903763572206,480.46791724920274,96.42399283759813,23.81605810057784,705.9116821289062,699.5530343783104,743.7765555381775,704.66815637787,719.7687634960689,652.0851903066658,3.7341135479348995,0.07592634665305485,11.05868111739139,11.488110343975215,50.52141644288366,37.16070173085312,3.6083251817358866,-2.827245417763205,664.4769675514915,798.2230457652698,827.2526503185297,707.07917418661,670.8321314793008,247.79964478235496,228.08768046985972,546.4428318615618
898.9120054301293,870.6976004929254,930.223791532936,957.4274404400373,538.7715214751488,594.1326094312327,938.27163272217,865.2288816853534,674.8601111197959,677.0642002449661,882.9406507228448,753.3038754705399,908.003158277038,654.5279262864638,673.01650199131,546.0253582438523,882.2734729351025,821.7931239169301,888.9762594288793,885.9902264404296,326.7712132136027,362.0275906244914,894.577003919373,970.6496738252185,719.9182293876928,818.9181373093154,495.5482137269078,487.08299838172064,964.4193433005855,858.4558592242959,921.4318406312798,960.1450392659506,892.339673834332,886.2016472710503,736.2457413383153,774.8671948536332,644.3876899349532,695.1398193924515,419.1269615292549,474.58318898918924,525.4169971278457,572.1601479053497,739.6691737015259,810.278261736106,747.83626954602,823.0380417227047,732.8816213686604,681.8091271006978,883.0300037630143,798.9086541710012,937.7825815416825,761.0921737780753,779.7888128169449,689.2641282338722,527.9213283669674,463.9970242560715,917.5359768151976,939.9997843614331,1012.7510271381353,898.494518059056,969.9886771293309,1003.7544867876665,864.9540725381368,962.9531472288533,1009.1004709272243,900.125704623008,882.5688646986243,864.6140472444606,863.8267289665854,897.5198915597483,854.5888440931166,844.0265464470035,705.6099478345399,741.078642874053,422.1817875737729,418.1082770253571,803.3258694508037,768.381468207015,865.2464080161237,849.1754379272461,819.9194431012618,745.0666019555943,575.4598863156637,481.7986976442486,745.8196063743288,716.0410931065098,401.6639673629228,379.3361688925471,358.7090801340116,388.3460563095608,545.2626965624772,478.7349944051107,96.28956341772789,23.239067698583398,707.1553690592448,695.1158023123014,741.7419883012772,703.8138429115261,718.8509415876471,651.8231181066602,3.7645081341079756,0.06594229367803092,11.027614690836394,11.378975516019741,50.494261057544236,37.08909020967712,3.5842451569106846,-2.9789581997320056,672.9915826970881,796.4504327947443,825.1316196518457,705.0008649222458,669.0675949395871,246.59770034802588,226.06577907909048,549.9335287357198
898.5348447666821,870.0605096070453,930.3662867052801,958.3731242423039,537.3129213421844,591.3549900736127,938.1867271872128,865.1644791810056,673.0390592691849,676.3605752694803,883.5843560908868,754.6019795822718,907.2640949661491,653.8670203820897,670.0401989951063,545.3300173844652,881.1415047306585,821.4989173990548,890.3376746926727,886.0327651977539,332.2888096173604,361.4012857437134,892.8502110623006,969.4910567752898,718.3360502033333,816.0883304470188,496.4506360470261,484.0872646172841,962.2661260568871,856.3303783275463,919.2773254875123,958.7275290934244,894.3903109017065,885.4871282280816,735.7200978154722,774.570702242564,640.833975384414,695.7336547286423,421.41151869775996,473.6182165110156,520.5825235335553,577.937584400177,738.1271719793006,809.3535243029843,746.9267377601028,822.9680726793077,731.9527478336303,680.676995697555,882.7413394620341,797.8640612465196,937.5577642767279,759.2391938491606,778.0984083098681,688.4534694190119,527.4472072581839,463.36578648176453,917.2621250048132,939.3107841125241,1012.8777868953688,898.9542730037982,971.1857873269786,1005.5514860801327,865.9430204152331,962.8306999285035,1009.8909427016529,899.9501650524386,883.1804409895051,864.3624540230827,863.4646860110532,898.2669364128324,852.496702039564,842.9782157022445,703.1872550544389,741.453156046021,418.21635901409644,416.60008669571135,802.5093610169457,768.677734375,865.5861933282081,846.1867109026227,818.1133916569852,744.0673968406672,573.5634838867187,482.22182052572566,745.1955547584836,714.7339794262182,399.7044259927729,377.0399149798314,358.3131136154698,388.81611091172914,542.3341904498118,478.6165287008385,95.90117376590395,23.562564347410607,708.9366231282552,695.0257247666182,741.009801030159,702.0059323548192,717.5066264300552,650.9876585610047,3.5061660111746997,0.0746110572591769,10.76608937369827,11.25770567041826,49.99574492873527,37.01856341694422,3.129292460779349,-3.1200112086885117,677.1238791725852,799.369873046875,825.6386243576972,703.7335591376582,668.5269135119868,246.84114066498321,224.06045598694772,555.4404788181699
896.9252481066491,870.1993740122728,929.1836373309885,957.8074356303272,538.04580621054,592.5917727364243,936.6596972245186,865.0923365389033,672.8826330924521,677.4795031938396,882.6383548829614,753.5873918817157,905.5313519310993,653.3841304349513,670.0154341844777,544.2736944347694,880.0443467054322,818.7979657562864,888.0137854682075,884.1066237487793,332.6466067632039,363.5518432617188,888.172740369304,968.1405459509956,716.2836113974686,815.0429472451682,495.46304493055817,485.9543235566881,962.8912172497444,853.887050449701,914.2064176143937,955.7040146891276,890.3287235841913,882.8205616590711,734.6830332880435,772.6720044239457,639.1984725775698,692.679445054796,423.0458429626056,472.2048463857129,520.2648713158779,574.9711337089539,737.7937820851803,807.5967674797745,744.9960850500463,821.3591589342084,730.217608097171,678.4319631536524,882.4184668448663,798.7233558148582,937.697957720689,759.5727634271625,778.7629060274817,688.6703714342678,527.019074195761,462.7564895896153,916.4363437080175,938.5037407753645,1013.2059349735664,900.4645270549781,970.2715358833644,1006.3111851886638,865.5593647154828,963.1750319602559,1007.5202383923886,900.7672066531441,881.4716864626059,863.2553725289039,861.8494999393536,898.5439038355706,849.3543109034633,843.4853328642298,703.0718857651457,739.5380222601292,419.8929957514224,414.14232844366154,801.9050501839059,767.2979001880186,864.181813341506,839.9569004603794,816.2764091784013,742.7796002870107,570.8521879704793,481.05077189127604,743.970571496098,713.888453411807,397.23045707439235,376.77342550160654,357.25394302102603,388.3988945985144,540.9897890202259,475.9981106411666,94.30532761908317,22.721713380234117,707.8135620117188,696.9253415899761,743.1959517002106,703.1611298090731,717.6583368820695,649.7368607545832,3.3005001418427318,0.05177910958451253,10.692583083809783,11.170261959763891,50.02068059506795,36.30488250156744,2.5830197872387037,-3.271082886001643,685.0684537020596,796.5659224076704,825.7663586507707,706.4732884274254,669.7715442133884,246.1257972238226,225.44896518822873,549.6826570445094
896.2241495069394,869.9927681178758,929.33448031286,956.4757137602544,536.6703085699746,592.4551419126136,936.7344046980523,865.1857220045049,671.9805105170425,675.2056595223848,882.4119318054943,753.3052975662171,904.0870019624818,653.3273809593217,669.182651377436,542.3256927780419,878.1609636098852,819.8060883493519,887.5244918180151,886.0084880676269,328.4432889090644,362.26695283253986,886.9498917440659,967.7695029122489,716.2845522795673,814.5314144721398,495.05995070736714,486.52492268880206,962.0282489848587,853.7453235013985,914.6914243522905,954.6484777832031,890.077078221208,884.8456970214844,734.1286849312161,773.4139558723174,644.1180346988897,693.7984029981825,421.1628152158643,472.7847354546022,524.2096067334785,571.7530946731567,737.017332160461,808.8199247387348,745.0253248214722,819.8467024752969,732.3710869087661,679.5906208345107,880.9542757203502,797.4907333256563,936.7761729055084,757.9218630277414,778.2592338938349,686.1172951062521,527.7003523147339,462.6020910430657,916.2732764888567,938.0031761107622,1012.5570069183284,899.3051913638947,970.8619283659561,1007.274349027467,865.1934866715644,962.2426447534757,1004.1839171452309,900.1474866990279,881.7266795779882,864.7789873022364,860.6352539548449,897.1178631018538,851.7705733153197,839.7984913685283,702.9436210842307,740.2960617263595,420.68771992559016,418.3704939828792,804.4859986852427,769.6349264437727,861.5144133872175,841.9259708949497,816.4272978479378,742.1953332872022,575.6926166756948,480.64017768373094,743.9721460149152,712.7739885557525,400.239263763213,378.48081940175825,357.98510532199,387.14577931197664,541.739628815742,475.8893955231706,94.21924910477053,22.743272809634057,709.4743265787761,695.4377374164129,744.1428636312485,705.4003688415252,716.5475218095852,649.1004639608935,3.1962633109528964,0.05842034224489773,10.834427753500536,11.255939426840397,50.08827607615264,36.331698597523996,2.553074336714215,-3.292449838098358,679.6636352539062,798.1174438476562,830.1000120431785,705.1494414896905,670.1694237204159,246.19531834978415,224.5430225314516,537.9225454659297
896.1236815689024,868.3554282694151,927.6263049621219,957.1273264087054,537.7325363336607,593.6697747537067,935.5867945288148,865.2721684782556,672.7986171099604,677.912685222313,880.4295288178979,753.141707355257,904.5620264082789,653.570096123496,670.6103501485948,545.5788311378536,880.1939922531634,820.4690621588318,886.0780242393756,884.9036621704101,327.75477181540595,365.7277463277181,885.6327801769086,967.7624413021027,717.0560407788341,814.9334600679167,496.45983659101455,487.3769537872738,963.3239351308571,859.0993688512732,914.6124266777139,955.456934000651,890.0541990894383,886.9321445041232,732.9184912640115,771.2324498188065,646.4114067480953,694.7608420760544,420.2709058778627,473.53151785032577,530.6428051307553,574.8369030952454,736.9642892271753,809.1135136753462,743.8373252826595,818.8080147302638,731.3969877416438,681.149863890001,880.0278597824035,795.3795078478951,935.4419820851801,758.2223154846091,776.7952797038673,687.7011168727688,527.5520661776062,463.4722002921245,915.3772767182901,937.4481852705832,1012.4084784240496,898.726843422394,970.7798844047214,1005.7803578052706,865.5605272765554,962.6717105049165,1003.907582297254,898.8278188649998,880.4067483927385,865.3374517000434,860.3733390759511,896.5972942541975,851.2642205384401,838.796781633721,702.6597546218732,739.350683038885,419.77456266983694,416.60348344184985,804.22603807293,768.0861117414419,869.6549383934508,847.211419241769,819.5920069464322,744.0614036670706,576.2803300793965,482.07950192332265,745.4464258135152,714.9740202125774,399.52277398657,379.0656642474853,357.8029458551173,388.7331837579182,539.8724889863529,475.3888154736658,94.56430818063328,22.865148195318532,706.3032307942708,695.0411904545153,740.7490931749344,701.9193496013659,716.1818830960883,648.1842846471297,3.292165241731135,0.063682828867739,10.69902873193908,11.284393185878564,49.92674113018659,36.79160075634718,2.506780212124189,-3.204707079950501,668.2780206853694,796.2560591264205,824.7793255492345,701.9021339899377,666.4901158949908,246.28627363121822,224.0771158391779,540.1548755251129
896.998130870541,868.7867118914922,929.6812785870964,957.4866459968081,539.626286577624,594.9612533237253,937.7057179274564,865.1669242311032,674.3603336957036,679.6307123684493,885.033495833234,755.0483321628873,908.4332416217078,654.823571723965,672.2296538281796,546.0866326337713,883.1796575247959,822.9396118848426,888.3670349121094,885.8632248535156,329.7811994022793,365.37723344167074,888.678106035505,968.4712466285342,719.390035679203,817.090718300788,499.9889328150459,488.8670836819543,964.9823727877634,858.3171296296297,919.2084273691253,956.5991131591796,890.4334299119853,885.0687189398872,734.0768050484036,774.3280919086502,642.978163210831,695.0066890010128,420.29875205670083,474.19137926137404,522.2163823862545,574.990042924881,737.8956190489587,809.5694860666284,742.7724879824019,820.2829496484054,731.1916630957737,679.7235721374725,880.3025145407646,796.3235024762643,935.8925922251423,758.6050674527456,777.7351360235514,689.9674529094322,526.8071408566636,464.16090680268604,915.6690560515322,937.0848619959972,1012.2990446379066,897.9541240109735,970.4302163563603,1006.5913442716629,867.1528591890948,962.7317417364552,1007.764169721461,900.4718144257247,880.2546033599403,865.450107295921,860.0874859755206,894.4519462796206,854.1382890649744,841.8496014329254,704.8405391448134,739.6416537462375,421.4018810659215,417.6410300857584,802.2998419589684,768.9862351793471,870.4029826712101,852.7565667288644,821.284177699765,745.7486267702355,574.8528652098775,481.99507085760433,745.6086557531147,716.4200569186341,399.8297124171246,378.7381339822005,357.73034766370256,389.30933866669847,539.3047709870318,474.07182251125573,94.80152717758298,22.927820111827277,708.6161295572916,695.8160359010858,742.4840476512909,703.3103915598598,716.6737672451495,648.6067707757204,3.1987396104224515,0.07012503600023963,10.759345533820182,11.176406733827779,49.998204093337364,36.711418575286785,2.5221297476026745,-3.1722113849485623,687.8842939897017,797.2961414683949,825.1841111151164,700.3270141987861,669.1750102323645,245.65971724362228,223.38859975699222,540.705985891408
898.043485171398,868.8098123061536,930.478635300354,958.1340791181739,538.4229381162066,593.5951449785914,938.4615621607423,864.9025201951697,674.6295246202119,678.6717158458272,886.1981705766383,753.8642016494085,909.8808869219563,654.289558007167,672.9817054710578,545.689650480268,881.6306988503695,821.4664589257732,889.5766669379341,883.9811352844238,330.1533665127224,363.6052242279053,891.8119630909929,969.0257633148677,719.970733043411,816.1299331581199,498.8944049698213,487.6193584336175,963.662479868475,857.719152379919,918.6283049495827,957.2988745117187,893.6455546233614,885.5772229003907,735.3977236540421,772.2715704125094,642.4200398617379,696.0135259275083,420.7254227484976,473.4560078824504,525.8710115776687,577.8266658782959,736.9111307428943,809.068916356959,743.1142889995097,820.749836157637,730.0812098605574,679.4456082990953,880.8743378931476,796.3542492466588,936.155615869176,758.5021291987997,775.900692755866,688.7997371355692,526.5512921576708,463.40354501535285,916.3734396258685,937.3874516752031,1012.408626666723,898.9918623596822,972.850544698964,1007.196957980159,866.5962763328436,962.458265147582,1009.4140408644035,901.0774958965391,881.6843339820591,865.0379063330373,861.0491174102589,896.3388939957592,852.179818161973,842.6328375144083,704.191590965341,742.0909495167919,420.5411692633145,417.991045857819,805.0461816006019,769.0737656715994,868.9862800760473,849.275771004813,819.722458280366,744.5594211586273,575.2115832773844,483.38549099445345,745.9165795011143,714.9485370530928,399.8463407392449,377.1722466678826,358.98020701889374,388.96320192424383,539.9757203658085,473.7262793410321,95.0336546760087,23.24554877202598,709.3719116210938,695.5239169880496,741.9015929698944,702.5017578677355,717.8275767319075,648.7316783275319,3.235467426497244,0.07096378220486696,10.733126381275067,11.234699717799517,49.99338036484164,36.653102308551794,2.6342788338661194,-3.11015084298218,691.7539894797585,794.5481744939631,826.9366237973206,701.0391096284118,669.2308080336627,245.7732452815562,223.02994095195425,543.4737860580971
897.4194646590997,869.8892792902811,932.343993995476,958.7172189832208,537.6733846952749,593.4880336437907,940.11799590362,865.9905592756069,674.7653200966971,678.1275911018497,884.2228710205575,753.4338118023343,909.1957873950487,654.5179235783183,673.9888704783881,544.065344378611,879.9438583590972,818.5880309893839,890.1883436473394,885.1440656127929,335.2885346942478,368.0408585866292,891.9668810625614,969.2809483664377,719.0785129007869,814.9911633585835,499.3345861645693,488.6671322716607,962.0704715656784,854.3501371407215,918.0397961233544,956.8366330973307,891.3367380691788,883.7477261013455,735.0035758640455,774.1674017848738,639.2452745773719,694.3176601551197,421.5898234333311,471.81530078787927,517.0673941315198,577.5307564735413,738.1423864031121,808.455112403038,744.9537573684224,821.4977046341924,729.7030209155122,677.6678318210415,882.024778709104,797.153921850266,936.5995981076509,758.9937964090159,775.436794092837,690.739079358531,525.3070186482441,462.89859904873197,916.7156488391421,937.5202507829225,1013.1575312246257,897.8484166540751,973.8176105001698,1008.0980190042538,865.9445086837909,962.8884719330588,1010.5026411369665,902.8437568457551,882.6000820829627,862.7502351636184,861.9045988921147,897.3970962440111,854.054941916251,844.8451527142134,702.9543726509864,738.8954562893161,420.0073558420375,417.81509318821867,801.9969690041464,767.8551111498315,863.050815014129,844.1451208932059,817.2594174644499,744.5515909641158,572.4934672530492,482.0052306485176,745.2812284898127,715.0779513528205,399.3967897104714,377.3567976727813,358.20526676031295,389.80822294026933,539.688401339718,474.9649382958313,94.41645034895218,22.972311894741036,709.3577758789063,693.5026265807071,741.9568301439285,700.6724347420947,717.137985928368,649.8763685081983,3.221394543964906,0.05704023630220305,10.724719369648485,11.193599757002376,50.00144818925709,36.38265080357932,2.6841077937020197,-3.191050558405764,675.3253451260654,796.4603981711648,825.0212017289745,703.3007414612589,667.7025299072266,247.41602941158047,223.21088994633067,548.5115282124486
896.9480571566676,868.2998386549227,929.7948678795705,956.8507435758751,539.2153813339943,594.2517636205469,938.7946378507883,864.3654812467859,676.0166306009098,680.7211007290199,883.5262691994023,751.5852866642059,907.3432842715936,651.9014417406036,674.7103918939088,545.0928732609335,876.8602767691228,816.6940017396033,889.0302804530352,882.885725402832,331.6595979266697,362.5187355677287,889.4793301536923,967.4126740712968,719.7456142165898,813.3553616031186,498.37800094435886,488.29936265945435,962.7497543838789,854.8570915316358,914.5767440996145,955.2631699625651,889.1484769400904,882.6168737792968,735.7258993397588,772.6558529038027,639.9971457493988,693.8299471537272,421.60612740793397,472.0807732785686,524.4070332011238,573.2167589664459,737.0615905636241,807.7427052863966,744.97204395257,819.9538726137396,732.3933698323148,680.814532380004,881.9134442729335,797.4346700162132,936.0848748748367,758.1217240452527,776.9829916505001,686.6419692086239,526.2847838363086,462.41687660752115,915.1599690331817,937.0449300165529,1012.8819911042249,898.1085786085862,971.5358190387228,1006.6642548150616,863.2493181607774,959.5174690529152,1008.0535685980498,899.9065683473297,880.9940355055787,862.3427034094204,859.60553211771,895.6855387819406,852.1772293228287,841.9463147335365,703.5138372018797,739.1617660192184,422.1267223081727,416.81338813607124,802.4799461990107,768.0803607608273,862.174072265625,841.8581750052316,817.2763131678789,741.6793898363799,573.4678098046779,483.6646411101023,744.2103269467794,713.4611034049154,400.16295287254104,378.8163155622861,358.20361804717203,388.7515031918195,541.4745838302607,477.68983458598456,93.9302791439566,22.67063424927398,711.09892578125,697.1298988471597,743.9362663030624,705.1852902718798,716.2141819145843,649.7084884726622,3.1926011930550695,0.04876299914731472,10.740991965048224,11.218490228291149,49.99135043476024,36.50162055931725,2.424790322780609,-3.1844270834151436,676.1799649325284,799.62509765625,828.1229362743813,705.8439047125321,670.2929328469669,246.48711536981557,223.32204974781382,539.6223563490242
897.1636574355601,869.1702600207857,929.8169862654206,956.5990324390837,538.6724857241609,594.5456886206355,938.1403792073152,865.1920830164564,672.6211157818229,677.6197780859275,882.0650189407472,752.5142759330689,907.2962380756031,654.1211192669415,672.5240403550181,544.6711466099429,878.3113508540872,818.9638513584074,887.7093428396174,884.2250615234375,328.69656891292993,367.2763914108276,887.6083304335028,967.639840928335,721.3005162383873,815.9686061733372,498.1025526246972,487.60211708810596,962.6697551079516,856.7975346317997,915.1399234961963,955.9744793701171,889.2434746693757,884.1195355902778,737.5733252483866,775.5416612740023,645.901626687743,696.9152620103624,420.33684562359537,473.2447487620379,530.3294671480772,576.9991183280945,738.371717301153,809.921059848008,746.213285076917,820.0297337024532,733.0522707789397,682.6848594025298,881.5609523788576,796.7919383035028,936.7701753275121,758.7755166433707,777.1817690588433,686.5696151350058,526.4975756139993,463.08234647304164,915.5446807426795,938.2190170972435,1012.5195662403725,898.8281679374863,972.8758861773947,1006.5032623192253,864.3751210437273,959.1960801411068,1004.9458067025711,900.3888896392606,881.9330352282257,862.4182313632567,860.6547180467351,895.7534535444903,855.7858861631101,842.9677182181937,705.1825177953878,740.0743157192742,421.7170034767925,417.7789945602417,802.7426724043049,769.8589054598353,863.3355011635638,846.41554914202,817.626896679173,743.2636805634472,576.2801618727049,482.7909857698282,744.2766539182957,713.8415266896924,399.1911191546906,378.91951616060004,357.73588961480783,389.0833621991086,539.9687653772394,476.15717057809235,94.21098921109957,22.88095002294606,706.58486328125,695.2866309214446,742.0615456104279,703.348052357117,715.6621775153939,648.3416318394776,3.1571470108434654,0.0575303216499311,10.815093500185966,11.237301838466607,50.09848223807582,36.66806804858929,2.3776036699612937,-3.3007372661548504,666.190712668679,796.5675914417614,826.3488445922032,701.3987175663815,670.7342029646331,245.63937130505056,224.51054925629586,541.3148528131945
896.732621850061,867.6081562921254,928.8037348145111,956.6681342561882,538.8850897633752,595.7200204985483,937.7816640751441,864.8380803319241,673.720727258799,678.4113122283435,882.6077277330849,752.2076615701119,907.7159939736486,652.8957540293936,672.8097239631918,544.4091057485667,879.5777302782683,820.8506426193389,886.146983413404,882.5967630310058,331.3234048419529,365.21222133636473,888.9352717544093,967.9008135114398,718.6159896850586,815.0730099101643,497.76182439182344,490.22738711039227,962.1485846537464,854.7252607180749,914.6616939034049,955.2188559977213,888.7874908447266,882.4355894639757,732.073416801121,771.4862817971103,642.9114225782487,694.9856406317817,418.8045523677553,472.92013023319316,522.8695082117299,576.3324575424194,738.5090320914511,810.1238248562926,746.7569510691013,822.1324069597567,733.349074734144,682.456379897111,882.4806785883442,798.4686105213294,937.629649386903,758.9040770050985,777.8179580962177,686.0721272534015,527.0130322956171,462.7903240330383,915.4429290871761,937.5283735835993,1013.0126101038626,899.9028117178082,971.0951293414572,1006.8725978764901,865.3035766414911,960.1040894308207,1006.980038998732,902.73155464128,878.976084691487,863.1447414725149,859.0058369727651,894.7671112566363,850.7139788790867,840.3695649944368,703.3070839698162,739.1347007586327,422.65342364103896,417.0008117581757,793.8633696759333,764.5337410448003,868.1337280273438,848.0676422119141,818.6799572619442,744.3345048969293,576.2836615816752,480.2280956023931,744.2439957404451,713.5030338766455,399.5912202586783,379.34434952718686,357.5303591096211,388.29205196578147,538.9370962841806,476.35988058164713,94.20742949526283,22.781888431432833,699.9507059733073,687.1041151143737,738.5936090946198,700.6286243421459,714.6275033732406,646.9307593949012,3.2307107852845403,0.058456546904657174,10.809696770573474,11.313721520352047,50.7164738983163,37.28161730670861,2.5667557501130633,-3.2733193583348217,688.4360018643466,781.5041903409091,825.3661679261483,700.1252227010606,666.145092234892,246.1716089838168,225.16650526451343,547.6038888076256
893.2418244388197,866.1422980144771,927.1818528691314,954.7886558585908,537.2292890216029,592.4028307369778,934.5456587327208,861.0956854540236,671.2151583846735,676.0001213355142,881.8362340074244,749.94174093746,905.7222363257695,650.9198427705871,669.3088975877904,542.0133682349627,877.8573830229411,818.7149483563496,883.5035160985486,881.6991998901367,329.79690700107153,364.18247985839844,885.5584571475074,965.8083950527131,717.3886187288774,813.8592003623207,498.2375107285726,487.26874952846106,961.2335596264534,855.1891361942997,913.1949655928324,952.8009029134115,886.7629982899812,880.0270381673178,726.231191353176,768.2213575983621,641.6324469948655,692.7156133298521,423.15549172461033,472.78711183240796,523.457561555456,571.719012260437,734.7788437595443,808.3441833206828,742.7272205923925,819.0041487732826,728.8612499079428,678.5049868630363,879.8109813105675,795.3851473757948,933.5744540878551,755.3230078306716,774.4971108543499,684.6680036245608,524.312592838436,461.50982063345356,912.6703712488448,933.1903068047983,1007.4946159070305,894.8523466099494,969.5252888555112,1002.9414318171134,863.4196333112337,958.0500991413132,1005.614184023729,897.3975047104118,875.9999239064334,859.3254946269644,855.825541210782,889.905956626597,849.6109409160442,839.8905093396296,701.6604374526837,738.6045957623106,419.1735807778179,413.98609815516943,798.8696196509189,764.6165437183934,870.5548368413398,848.0974884033203,815.7705404055073,742.1879957199756,572.4093535248438,481.4500296338399,742.5823991951963,710.6433387350606,399.8161392217831,377.2050916746205,356.24126349723275,386.4139729229926,535.426883549662,471.1772236009113,92.71797025948116,22.04841478712954,706.9813334147135,698.6014419814287,740.196638584137,699.991040225482,711.7688757432933,645.4285059085977,2.9047940126099427,0.04285024041654887,10.532954438414366,10.95069892049717,49.37000053950086,36.22720124240669,1.9876214530732896,-3.5589057574706042,695.6248501864346,792.7084517045455,823.1794622024433,695.6677205532412,666.8415626077091,243.63720771330492,222.71240095658735,548.6522356230637
897.631692535058,869.8087601493104,932.0555182240381,958.9251011662275,539.7241844132889,592.6131206836019,940.3444840869432,865.3383337106096,672.7734698860013,677.5708775911174,885.5696048736572,755.3690303045606,909.3833728548184,654.2044575581184,673.3362853538931,543.4968642218237,882.0058464664984,822.3199841445467,888.0203982532253,884.2026769714355,334.281461874644,365.12436726888023,891.9657785434915,970.8210848248194,720.1348165542043,816.2754113333566,501.52097890653664,489.49192153082953,964.3560902577526,856.5793857904129,919.7990132329345,958.926807047526,893.6691416077695,886.0213031684028,737.1641405188519,776.3592066017978,639.4006821048417,693.1616056936758,423.01769145471707,471.9795026314839,522.0723189682257,577.1781449317932,738.7452761036536,809.5892563950958,744.4113963905484,822.302025544016,730.4786922990784,677.7750311031208,882.2568827675235,798.0726946749645,935.9696583606715,759.4198917387956,773.5641153104636,687.1986304685181,524.816020313313,462.6871903795511,916.885728282448,938.287605639961,1011.0436576353164,897.5734489397976,974.8210276728091,1008.0686091080453,867.2149305431121,963.0167287818689,1013.9543140468313,902.3607944490374,882.3509349244364,864.0340421090372,857.8059033436381,893.9362122762269,852.1432644955747,844.0420720459985,706.0506961017574,741.6576946308087,421.1420107855313,417.138115244852,806.8151051255523,772.7909935915618,866.4064720640791,849.1188959394183,819.787983364529,745.8858738296269,572.2954279581705,483.9089805765947,746.4412552350418,714.3412306433277,400.84625226570404,376.26281531364907,357.2325410068297,388.03832996724543,534.7541768599447,468.09298993572594,93.88129290942042,22.530248631646394,712.7554463704427,692.9559491690943,741.3892766237259,700.8663413276499,715.1195823145276,647.4893776028256,3.479007509635075,0.053979800127584625,10.677524701708906,11.157364580616845,49.53032124648533,36.30970683867633,3.041924723320537,-3.2564317706753227,691.9183959960938,798.3470636541193,823.8422888429373,695.3936263458638,668.1863247740503,244.86706036290056,221.93838746619946,524.6290544970282
899.5972957993905,870.7314439054692,933.6587276935011,960.9991316633871,541.1521149746208,596.4288739711046,942.1677648181704,867.5395266086497,676.1767427872638,680.6986381343154,888.3778894470959,756.0521344355175,910.4906637345538,656.2154148867738,676.3251157494919,547.9092230915136,882.9444430744478,823.0581035297179,892.8885416783593,886.6180912475586,334.6628375583225,367.8738620758057,895.478822727396,972.1872466253856,722.7779607722897,817.7117389637035,502.9870512090335,492.07885988553363,964.6350271476889,856.8318978768808,917.8063631633448,957.493060913086,893.3278114189536,886.3112778049045,739.8553766665251,775.8838633341961,640.5251775733175,693.4539864151566,422.5957035507475,474.5599470245704,521.504204796963,578.1712789535522,741.3194041675519,811.4269793903658,751.0415965773601,825.779460717363,733.759827984266,681.5329837532311,886.5771028118749,801.7706479292111,939.246564612272,762.094853706403,779.0429288924008,693.4249817390067,528.5567314226716,465.531712716174,917.3036076858036,941.3367907559431,1014.4512481339292,902.2428595084858,974.5907973579739,1011.307789885882,868.955790108497,964.1260297877308,1018.0061681946712,905.9233635053308,885.6138699006499,867.189734559729,862.8579774115495,898.1686167005676,852.774407532838,846.60778364588,707.1395736134381,743.0422988164993,423.61426571832186,418.6967962476569,806.2616030583616,771.1995393745137,866.8931209483045,850.1588843209403,821.775585247639,747.7652073667194,577.3421508932114,485.0274015831947,748.2876909297994,718.1401250428057,400.2071838186068,380.3999780515471,359.21116160139354,390.99998908604164,540.8594390959407,473.9897016175588,95.21824031597849,23.501372717444596,709.9088602701823,695.7579102596994,743.1153476238251,704.6678425025077,719.0511233108948,651.7058394328307,3.573381640828876,0.06936855185690716,10.906195338949917,11.408434855182492,50.487498426483285,36.84030444934834,3.3170196362253694,-2.7923180583645317,688.9050736860795,791.5006458629261,829.1675869730495,705.0555089636694,669.0154436896829,247.08463538268157,228.2061029925491,535.4292129976996
901.1284662010819,871.9946937946359,933.1884881018458,960.9804571071469,540.3521778417188,598.035718699651,943.4244118094546,867.9751922542491,676.028059862098,679.6775857581467,886.02589356027,755.4341113003474,910.7479973199232,655.9488143575819,675.5654907321456,548.7406738088386,881.2477126279714,822.124663026626,894.2475651708143,888.6903270263672,333.9465253088209,363.4888643900553,898.7032047838703,972.6657207731216,722.679105668792,818.5251108525873,500.8897466922992,492.0877888202667,964.8259331325315,856.5424420392072,917.8803997690596,957.5422900390626,894.486520152981,887.2694186740451,744.7936868418818,778.4831469432418,641.6973310966324,694.4472036008482,421.3223985561303,475.5302726945627,529.1171890008645,576.5270826816559,742.2432544887776,811.6452225960826,753.0249414125193,825.0604564042119,738.9318741963915,684.3281126489172,887.6637932562058,802.3593510791353,940.4612169204378,763.6746173173609,782.5556559199175,691.1849444566989,530.9489515545525,465.93673473572187,918.1398992298206,942.3011778902124,1017.8735766606505,905.4245155018668,974.8373171068274,1010.2564880099497,868.0836437353665,964.1171741485596,1015.6959756879664,905.8169367652223,888.9546739964003,869.1532208194155,866.4538185945742,901.6954617157826,856.6565485773859,844.145188097094,708.7943788230966,741.2225982533905,425.44636325559753,418.25287489823893,805.9000391725634,771.082659836132,865.317142567736,849.7394387381418,821.3191610460538,746.7716147616424,577.6796906975906,487.19593780756,748.0613810535044,716.8917464229569,403.15017690641037,382.9601120062253,359.59422048476216,390.5463758065555,546.0548671833374,480.38186540812256,95.81138517222954,23.711114251663837,713.5882954915364,695.2701964297537,744.8352810144424,706.311321275806,719.5728297342781,652.7668737455801,3.619449854276976,0.07821411041810211,11.139760038641208,11.496505616572344,51.36778619169518,37.4339342065511,3.402105479604668,-2.8543728327049926,677.5363603071733,799.6502796519886,829.2184190174078,706.8316615623764,671.0952190324372,249.6224583967736,228.91157810615772,540.5744114250972
901.1058423136313,872.2503515361535,933.738734985787,962.0687749015383,539.4420363758885,594.7441507279873,942.2998129543034,868.174302697486,674.5994922092983,677.6170142283205,885.9377930493858,754.5819562578959,910.651305974041,655.5654192478189,676.2572004118962,548.9293556633421,882.7602578475012,823.492355619158,893.2372009452732,887.6722880859375,329.96730094485815,366.0511931101481,897.2479325331651,972.4490994044712,725.6083557168851,818.457099704952,502.36827194888286,490.54246197806464,964.0366642070267,859.0329306520061,916.531431743792,956.5458247884114,894.7414757680085,886.9379497612847,741.2185522991678,775.908895101892,646.5377351533999,696.6400889643917,422.15193695255687,475.2715903721499,532.1919103528633,577.4559707641602,741.9162882471842,811.6485600042117,752.3688610476704,822.0073966310736,739.0939750040858,687.1804421031392,886.1051868500248,800.4880945535699,939.8795460365914,762.2768318900161,783.5208215756267,691.1270201252956,531.6842810755089,465.7283458594635,917.3784193057743,941.5420076383484,1017.7437296753053,905.9151467203422,973.7783292289403,1008.2853883292682,868.2713734104728,963.0507614465407,1013.0983836615263,902.6637372126567,887.6937260300925,868.8174511882294,866.8324924153128,902.1845047249979,855.1433345691578,843.7991853307506,705.9023045881079,741.31489239317,421.782317009525,414.74908706923605,808.1648148083297,770.6089295193367,867.9651995719747,853.0154506138393,821.3814953040346,747.3104332353694,581.0761964337031,486.55746547202267,748.0763633963295,718.0012175812681,402.8746654604726,379.91780964476106,358.8271452041724,389.2362542679383,545.96223031516,481.9831218585496,96.80774862054925,23.599923818840193,710.5221700032552,694.7682127871756,742.6143172979355,703.2711935259099,720.2099454457523,653.0179180311982,3.6168306148779505,0.07767231476749725,11.05038380471864,11.363058263402905,50.910893225865834,37.540633893136174,3.2267346924377813,-3.1287865879781105,672.5424527254971,795.0896750710227,827.7600839090027,706.4470608868177,672.1660605037914,247.4970850965433,227.69704990675956,537.4996712454434
900.0428402595566,871.6152916857691,934.3476551250952,961.7336726435627,540.7088560281798,595.1403429678509,941.2936892041973,868.1603289380987,675.4406524191097,681.0662228318512,888.4645566087428,755.8052685824651,912.9687888896282,656.4554898567528,676.100665405615,550.5954248153838,884.5299600718711,824.3865157852933,891.7486240781586,887.1030750732422,333.3686906496684,370.3199584007263,897.8905957594923,973.434345215086,727.3145019571194,819.5727655599405,506.37082041693,492.3731524679396,965.1584425872227,859.9596126603492,920.3634521003784,958.7500419108073,893.4280307575808,886.1805451117622,738.8281427798064,776.8906985363328,645.9942879109656,696.621016325774,423.70409415449416,475.6093163365282,526.3588530118349,579.7123336791992,742.0503838169315,812.1414965588899,752.8745186969762,824.0648182093748,736.705450546643,686.2339510350794,888.4049590503016,800.5941973487653,941.3461810962574,763.3541586456644,783.2189884955573,693.0996307204751,530.9509276948856,467.1034929013389,918.7625941666167,941.5257033639484,1017.658503114276,903.9389531097985,972.610724858823,1007.6846866175581,868.7744803239082,963.9560465557585,1015.155712526236,904.1140694384119,886.3928681649519,868.2221381873183,866.2034912109375,900.2142927475397,854.9493390332472,846.9001927297624,706.6568204547287,741.4244453463203,423.23810732191885,416.7176078725869,809.0958700961754,772.0688367661598,868.2081454662566,854.992693219866,822.2684417519989,748.0939471313308,581.7049459669987,486.4931477069855,748.407680884542,718.4352251543731,404.06588733713414,380.370251433944,359.1228085172406,390.7838951410133,545.0429740774814,481.50175971520446,95.90967346598026,23.62924282051533,712.4288187662761,696.7131626969677,742.0029964447021,704.624570579011,720.1923453449899,653.6615420320506,3.5506934254601794,0.07751322913983906,10.937933930719606,11.339312382501705,50.64250151748588,36.771414935128185,3.2100106684698,-2.885949261048261,677.6603171608665,799.3030772816052,825.7862929785812,704.5894491461258,668.7487006093942,246.4318975069021,226.6554114746325,540.1182062543671
900.5279207488582,870.7101822880784,933.8633695368818,960.2808176939232,540.6432632002719,598.1946912280151,941.2324741425315,866.5417750127265,675.0232552508919,681.1552791126439,888.329101252362,757.0443898609707,912.8241505794623,657.1690008328994,676.3033320868193,549.2487013635802,883.9443626223017,823.2828948315592,895.4041907650301,886.3359602661133,332.841493818495,365.00276374816895,899.4134584347063,973.7657502492269,726.7356082257176,818.6877873179677,502.2730187263278,493.4385151333279,964.7308537465221,859.2074458369502,920.2823036173824,958.5228328450521,894.9768552618511,886.3360020616319,738.7464846403702,776.2133038991905,644.2779690578645,698.4207869635688,419.7346084181751,474.8771152853519,527.0907804145188,578.4215302467346,742.1398810218014,812.1328256616096,752.3618444559634,825.6463245369538,735.9363300228907,684.6784272894159,887.3487347518244,800.8263461317135,941.1848278880273,763.6728064802811,782.4396958286986,692.0068090709985,530.120421584186,465.189052916734,918.1707933473953,941.5087544895985,1015.8036124062589,903.654570472397,975.0130261495839,1008.2550731893497,868.3933822211869,962.8975104343745,1015.660884800242,905.1294875588528,885.9552034860246,866.9759429353335,866.5659285138368,900.1794646036559,856.1295197976602,845.5963994635911,705.9850828538247,741.9276495599128,422.72950506901395,416.5940413206396,805.9583216182521,770.8320456857009,869.6505321746176,854.1097303118024,822.5817328997499,747.6834414873828,577.3191854937871,486.10485914589214,747.5002363835138,717.6354264746591,402.0998909108779,381.75389332031085,359.43911981648336,389.86782044026677,545.6631363580456,480.3291574700487,97.33313355355064,23.908323252341248,711.6949361165365,692.2013653254105,743.1795457601547,701.5313404135035,718.4143571538173,653.2493776173346,3.85081382815674,0.08634076368115429,11.14433614357595,11.490376887686717,51.61899066409229,37.747508044822155,4.064912766218185,-2.7502889703301823,681.1978815252131,799.4935901988637,827.1352186779047,706.922691055491,674.3646623200061,247.5218594497756,228.77142812266493,553.4116514140162
901.1891639329748,871.5138109693623,933.4659986280516,959.9100589685706,540.5636351385782,596.8996681688087,941.4908493315168,866.7386986017227,674.0367767956792,676.3710971269451,888.6405300357477,755.5595311361645,912.1995492987527,656.2153149972319,675.969281618868,547.6709329987282,883.6881873686732,823.1220536976558,894.7973695952317,887.9039237670899,334.4077628983392,364.23839206695556,897.3468913288859,972.7159742627825,722.2557395515641,816.9009297758669,501.83813624092227,492.86147525575427,965.0678006298137,856.5890181929977,917.6682998777375,956.2251963297526,894.5152445647676,885.4636574978299,739.3512790845788,776.7161843173475,642.6164887129997,696.1335529751248,423.33380031798566,474.6789822453417,520.7410318343366,579.3706662654877,741.2802016623909,811.3317007634312,751.4335397412186,823.1049396336427,735.3277959114264,682.2578068179685,885.7844137807047,799.8880175173807,939.4465302991438,762.2672859214441,779.4284276577389,691.383957696896,528.8266724597921,464.3817584041488,918.6480400361211,941.2278985325937,1017.6969609806399,903.3262807296879,974.6517069675612,1006.8657535688777,868.1943783074709,961.3964441401478,1014.490576900653,905.3659373886055,886.0439510725857,867.090781820925,867.5318331870304,904.2455916431069,855.5575665654363,845.7192182071874,705.9280642238232,742.2649516316203,423.16231448408485,418.1436084827907,806.971019557265,771.030579119797,868.3766219768119,849.006367274693,820.29468097906,746.7967429730774,576.5423001003265,483.6933846282959,746.9367654405502,715.9974438213554,400.2449557207963,381.182245998176,358.51675757185757,389.8502404131972,545.9633944468961,480.71391137172776,96.5993188325859,23.62749046730196,712.053466796875,694.4112078133276,743.8827431201935,703.6580616532408,719.7349907872634,653.3057830403661,3.754500953489792,0.07799068736688544,11.09685264812819,11.381392743615704,51.4056672995195,37.30983596154794,3.574035070008702,-2.9426676806281593,684.4523981267756,799.0875854492188,828.7612964194893,707.0406839877744,671.5860081092984,248.26432759301704,228.9879427389665,557.4475470575793
901.2928745183641,871.8303374033985,933.2539103504594,960.3322885948348,537.3848195896592,592.6875614864485,941.9389669706145,866.2518751018605,670.7720922353317,674.6256754984621,889.0376068828551,754.5220081478121,912.2439726016534,654.9870183207246,674.6609840535406,546.4896664655312,882.9345229813273,822.0158408345574,894.929079399255,887.5657929077148,331.48937606811523,363.2975689570109,895.1710118985967,972.132310655382,721.3210902987975,815.4788327898298,501.8562249979262,490.6530728340149,964.5257145143905,854.2022147472994,915.30029881595,955.0773219807943,893.453771946794,885.4071223958333,738.0626496688179,775.13866084455,643.3502099629541,696.1001215334292,424.387938991189,474.2022705149561,527.4681407740859,577.6178269386292,740.2737288096595,810.1506297034675,749.2827463561778,820.4754997275726,735.9717981559186,683.1779057162624,884.8228883166468,799.2783176640262,938.3701423610653,760.6835207229169,780.0809579002483,688.1911300444135,529.5029850176818,463.8021806048171,917.0752739963762,940.148287092094,1016.1936338210467,903.3243669434739,973.7503033978006,1006.1477335587289,867.3898525413023,962.2531039077068,1014.3833110296904,904.650457416702,886.366407549783,867.0425635740389,866.4181018999428,902.4408474916911,854.2920587900522,843.0332021556917,705.1730483168856,739.8461320885332,421.52546061640203,414.56035451486076,808.565067729012,769.6201944311624,869.4213139960107,847.5696193150112,819.764068632747,746.3971452905657,580.9169188261033,484.39462159872056,746.7117653195553,715.5724960206694,401.67478408831005,381.5335197500373,358.793674813666,388.5379237797071,546.991876480965,482.80778834515564,97.36627894013913,23.956890954671643,709.2619547526042,695.9194775597524,743.569097995758,706.14445198715,718.9142446348079,653.2422762867291,3.838769443955052,0.08898597847523719,11.13634968028205,11.39265034752533,51.7218297674228,37.67743072899494,3.7314539270268545,-2.99254005095538,676.4480646306819,799.0323464133522,830.7793321033453,704.2434841107719,673.6208146039178,249.87067143226923,227.93340188806707,544.0686506402903
901.1728032178552,870.91174563615,933.805011291141,961.1284399460036,538.8363758796869,592.9396014043263,941.5959795393297,866.7349245233738,670.3882839436434,676.8338962930147,890.2450302713286,756.4140087324475,913.992717180203,657.2069710961238,674.0329391564895,550.0861851157384,884.9184712233701,823.4827586836197,894.6279122363562,887.7462981567382,330.57484499613446,367.9826216379801,891.9114056431714,971.6119686913869,724.7038450990048,818.1274339445345,504.4640063291097,491.00953674316406,966.6535545924925,859.7155149860147,916.1844307005874,955.0735518391928,892.6854677361957,886.8445874023438,736.9790811289912,777.1797919215926,646.3320308298792,697.0679870888039,422.3837026543915,476.01660927761804,532.6613448096103,578.506049156189,740.1314744977724,811.5185039212919,747.9414898459294,821.390604799951,733.8709010132088,685.0246835055051,885.0008452492375,799.0342435361354,939.421042914863,761.7890475962004,779.2028721351794,687.8572683731715,528.9151424755,465.42455885609314,915.8712726438424,939.189779120463,1015.2888414779956,902.8073159713459,974.0603882632048,1006.4415489122706,867.9861847763761,961.640693264243,1013.0327020901352,903.4192782273897,885.8162647150875,867.9059980761192,864.9240295021398,897.3276950562198,856.3322262463269,845.2015471223925,705.313337763515,741.613318637336,419.45292685688406,415.1518752004059,812.2272176273534,772.4144882265463,869.705044360871,852.9287381853376,821.8482751809775,747.3365097467412,582.241789654096,485.75950807174047,747.5599203370216,717.3994797451204,403.374045120092,379.89402518978187,358.90595370356283,389.1116055028826,547.4228572798149,480.90508841166894,97.47764709444648,23.976264434235105,710.8282511393229,695.1283414161811,740.745575428009,702.7416293804462,720.2623601627107,653.9019808250418,4.132958178337982,0.07757064981075625,11.24684483969592,11.455504428016635,50.9740891956252,37.13056426595425,4.23966301812066,-2.8150601702577926,663.6866954456676,797.1088234641335,829.0721390487364,706.5583258520198,671.2923670750039,246.59073012858107,227.67548709927183,541.352144142677
900.208066152147,870.264447675811,933.4053619783925,959.259999354997,538.57887840271,596.9952949093921,940.8107001393246,865.5999105538713,673.3700436961894,679.3718203247571,890.5840631112819,757.7500272236173,915.1136050150693,658.1489325322603,675.2373425213259,548.2439575591691,884.5582275209833,824.6980190086998,892.2953942543702,886.1644262695313,331.93369007110596,367.24723335901894,895.7824784316026,971.7824474516369,722.2257029648226,818.4717834388816,501.4168298731851,494.69577436976965,966.1372619844833,859.839914430218,920.3384728619433,958.1397047932943,893.4694957409874,887.3156306966146,735.3988565196162,779.0643531155873,643.7404958582134,697.1359193589952,421.2753575667739,475.62123746550486,529.8992037538623,577.9644043445587,740.4268867818136,810.7779154845324,748.0274594759875,824.8560944718924,732.6253143499705,682.8141218065382,885.7153072111068,799.9017190317953,940.1800663014022,763.8258850315447,779.2195036678571,688.9149150334152,529.2999516447103,464.74687402781996,918.0705542339814,941.2051874145313,1015.2664353656975,902.5354499566398,974.9002243970788,1008.4975282490061,867.8479750513666,963.8267511673915,1012.2879028320312,904.7763479661572,884.764040790515,867.6188020726073,862.1511751405752,897.1618992083639,856.4808937278954,845.8605098099005,707.173619681542,742.0068957836597,423.9949829543846,417.0846021007484,805.6416993688365,771.9557816754733,870.7848264004322,852.0228511265346,822.6305625301668,747.3285713399971,579.8155682160457,485.70142781635127,748.0376566210507,716.9886167826023,404.42140672943174,382.54613276315513,359.45757887239114,389.1702247013841,546.1591093151598,479.12187751971186,97.34671834605224,23.735012453768995,709.2855204264323,693.6196185613082,742.6675465106964,701.7812669503743,718.8643827559687,652.1473989131107,4.123164694330434,0.08416290526683615,11.21101108458772,11.494753252798663,51.50768338752937,37.32662092482027,4.536802483929528,-2.7373976549681496,676.4735828746449,798.8985318270596,826.8002655234113,706.9771378915522,671.274917901731,247.4624309027404,228.42860594662753,551.9754640316141
901.5985808977692,871.8757139986211,933.4433784620941,961.030285334682,538.2202209117801,596.3508177601865,942.565207732608,867.0104961297867,670.8456272981605,677.265522394024,890.7391555522515,757.6319865075369,914.9646472898193,656.7040031197281,673.873785597768,547.0400451637676,885.2255872030394,825.2173136460821,896.2238892303116,887.7848053588867,333.56978193918866,365.46830355326335,894.7586590985715,972.1747532496377,720.7183651749376,816.290749686105,499.62551947324977,493.7261143260532,965.7240237469944,859.0937713999807,917.5832518730264,957.2220043945313,896.6804812156548,887.7435279676649,735.2948170537534,774.530719067677,642.1767395960602,697.0811140272352,422.4152690193483,475.81092646595243,525.6182308509701,579.0896413326263,740.1348900908515,811.3542483361412,749.4669810988445,824.2374664217408,732.5576588496689,681.3406964548818,886.6942665223153,800.9568167390013,940.087114829968,761.7583955386035,777.1317221466202,688.8602178330515,528.6123842508077,463.91004555549245,919.3661432172225,942.1921534295435,1017.8780676839676,906.2335724034408,976.9940492314878,1010.1848753216198,868.5134179351527,964.1160968340964,1013.7804451558127,906.3453117421124,885.5386451281859,867.9167091226378,864.113227941428,900.9197515835419,854.5402832374916,843.3179411653613,705.1173146449098,742.296069785114,421.18452790854633,415.9004022705723,806.9496881453717,772.3352709251816,871.4075693982712,853.1632145472935,822.2031571106893,747.7602507982465,576.9838867378235,485.1308152405421,747.5610374685951,716.4422585101548,400.5881167033139,380.5907127779744,359.0639459092511,390.09332094580395,545.9602413680183,478.4340374504263,98.38495990892234,24.158601432396438,711.4320882161459,692.2420121532375,743.6407334804535,701.4310446001286,719.2847112602253,651.5649538127601,4.228308244449037,0.09035508964055529,11.212920561828389,11.541349376047297,51.81683931635666,37.910413962142336,4.602169315020244,-2.7438711190924927,683.7561922940341,797.4212923916904,825.5752346371644,703.3226619672172,674.0918405570236,248.38606785159362,228.54783101515338,549.3403443303602
902.151062768353,872.7029329887545,934.2756962725155,962.1558477603107,538.2957550935967,593.9717821393695,943.6349203657718,867.9599299859493,671.3684821226159,677.6740693577001,890.4580951473578,755.9846031896652,914.9372242458076,655.8122767822945,673.7990667191311,548.1112952578452,885.3579246195571,824.9313501250308,895.1501981070215,889.058991394043,335.8142206403944,365.8016482035319,894.4707159727683,971.8216840047685,719.9289310714961,814.0080755883521,502.7611347166873,490.0063822799259,966.050038895517,856.016542637201,915.0020716709728,955.6698999023438,893.5037625846217,886.0928903537326,736.8979486880095,775.6958507859563,639.7481785156654,694.354317135281,423.18481892347336,474.71079385593146,520.2651251495862,580.266354560852,740.0411081435898,810.7564824542728,748.5357651268871,823.4416918224758,732.3488820052344,681.1437782474331,886.198029665024,800.1578525252356,939.9459148785015,762.0569675840902,778.7418664496041,689.9029292078579,528.8945659817218,464.35882683352867,918.9337976127699,943.3720546298557,1018.414559345781,906.3529457679161,975.7554413637907,1009.4111618733328,869.9100465920358,963.4097484777003,1015.0159524946071,905.9464080332169,886.5649221495296,867.8057641532059,864.693785406222,902.86467932601,851.5115427927927,843.1625547565397,703.6235018738913,742.3910208037405,421.3919110505477,416.2327839623035,808.0900262301085,770.1975738398762,869.3481510243518,849.1651044573102,821.040110672114,747.6372863640443,577.4097347545624,486.8446325703462,747.1244853553268,716.361788499729,400.8482150402139,380.05759655654646,358.6000595168789,389.3266244817867,546.7856482899857,478.7658026579022,98.04727627390444,23.679602775411677,710.2817199707031,693.7922813286216,745.0115299224854,704.0356099400585,721.1879812924916,653.0510579257257,4.238385893478009,0.07257629208723773,11.247448096950041,11.450749665121995,51.82990330731346,37.333480709595406,4.540569434563319,-3.048290407832931,680.1830444335938,799.3562411221591,829.6125054071414,706.5931176294255,672.9928660673254,250.24217652856257,229.77756756002253,547.427568435669
901.6804584584241,872.4771146268556,934.9225041120712,962.0923747522422,539.520394635755,594.537545800209,943.6880895317058,867.3756745330323,672.1020362231196,676.8280470175821,888.8644147578294,754.8468181579832,915.3702798126901,655.2347093424817,674.2194765812129,548.7561748410129,884.0852155097853,823.1859929918055,893.5025028506458,887.173258972168,332.46231322818335,369.6257771174113,894.2143002905027,971.809031986055,721.9316350327737,816.8529895321353,504.98928953139165,491.9290506045024,965.7735434118307,858.92514151114,915.5355088441704,955.2017360432943,893.1760325027725,886.8029650878906,738.9210104237432,776.8795232198324,647.322682334463,698.8710864031756,424.914437013013,476.38236759485824,535.0705956631019,583.4678916931152,740.7032739643066,811.4569048406953,751.1223418334068,821.9322720689383,735.39963722229,684.5940478665012,885.9303981827152,799.9387145252172,940.155485371672,762.2276365800163,779.9528822963014,687.7366703912323,530.1504350196617,465.3854460856235,918.0012537276235,942.2136365440157,1017.6477794770803,904.5646730507069,974.7250808583135,1009.5387890639814,868.7720179193246,962.4378746174,1015.0806199258833,907.0364874056144,888.4196243500442,869.2291297862859,865.5547477576383,900.9102887738476,854.1224677627151,844.1315123448607,705.5339588550253,740.3404459106973,422.1047400875368,415.26446656777824,811.7738817558914,770.0032163754538,870.5337771151928,852.2184491838727,820.945170055404,747.6455625611774,582.6111104687055,486.8019632355372,747.4819272885763,716.8220156672334,403.9357943019446,381.16465854171383,360.14112325128616,389.0503312944922,550.859884197471,481.89380922382077,99.20315184047514,24.233704271619498,712.838065592448,696.50757456634,744.617293715477,706.2416431202608,719.2840380098377,652.499409500136,4.549965987545683,0.07958800550205287,11.491955127466987,11.63163048820068,51.953188460673346,37.80989252037797,5.35525796810786,-2.5959044914035236,673.7460604580966,800.6984752308239,831.4036656322095,707.5030981136274,672.2720393760532,248.60686219365974,229.41107414707994,542.8120021491216
899.4799043414444,870.9109947946337,933.6642101165372,961.0817234953087,540.0012010973553,598.1807949500425,942.604738246856,866.1372761917114,672.9724018330477,680.3174993483747,888.4213440825299,754.4643919800956,915.0230801911133,655.5481126182958,674.8421588584558,547.9649291582793,884.4022735848811,824.9756503437841,892.1563521345,888.429718322754,331.21746148003473,367.62653929392496,894.1021016989264,971.8794686756437,723.2054595847404,817.3565295083182,503.25582329344354,494.460561354955,965.786158255811,860.1989417558835,916.3572040067257,957.5268619791667,893.7060449891171,888.0168420410156,736.9551455290422,777.1498523390437,646.6981600118629,699.0511052166975,420.28408547384396,476.44433743766183,533.5738999413662,577.5087914466858,741.8818672512259,811.980789546153,751.8004155610597,824.2402763366699,734.8208056047928,685.2715295778288,887.4787407955815,800.1088377485527,940.5646070212778,764.2281723032055,780.0374952923556,689.4447121947419,529.896795566298,465.5037988031164,917.2989491925443,940.8719124794006,1015.7670747415036,902.9395630194143,973.6601811417289,1007.0572880494942,866.8232663589151,961.969668243157,1014.0052371807952,906.1499726125436,886.7751633703039,868.7174123364795,863.6002915497799,899.5260183429191,855.0777888598743,843.4161615215364,705.6204829084763,740.2186090378534,424.19385218965834,415.97679578754264,806.8440620547435,770.9039435802159,873.1094555144614,856.9387283325195,823.061460209989,747.4200317108829,580.2135379028321,485.1984416913986,748.3630047903187,718.3372104450962,404.81177203006604,383.4992167420336,359.41299377429823,389.7432845033355,550.9019773463539,482.213683610037,99.39001437683085,24.37628703725841,709.0763753255209,695.7468225511454,742.9833219051361,702.362542044523,720.443644283382,651.7108993192173,4.691321577754263,0.09899261173424613,11.552162806076009,11.72015148498933,52.26984422412035,38.04988037487642,5.534030742115444,-2.507381162222694,659.7645596590909,796.9046375621449,825.2666437545879,707.8068111757689,673.0104346181832,248.78684025767603,230.4115818124829,552.3945045142339
899.7438544154589,872.3594046686635,933.6318783210093,961.8507239049175,537.9682874990064,594.5485321336558,942.7816480748794,866.6198314476013,669.0972068942323,675.8516608066246,888.5122596267762,755.8527695822337,914.3675060762959,655.291612122223,670.561508771792,546.6887706849475,884.760696700399,825.48402699442,891.0182501255781,886.2490866394043,332.22372070948285,366.1308210372925,895.0936432435227,972.8170725807311,722.4076579328607,816.8640529087612,501.77716487020416,493.10650605625574,964.9261025122877,857.8016542787905,917.8655749543758,957.5843552652995,897.6562551724709,888.4343969726563,737.5684965714164,778.0680711125754,644.447168173769,699.1587514524107,422.90845222558295,477.48099077774793,531.3445381414695,579.9460606575012,741.1958350700046,812.2841603066684,751.6746664575215,825.9715088180632,735.0929796518373,682.8341214106633,888.2569872871522,801.3521711232027,940.4620864480312,762.8489669194404,780.4264365910415,689.6149719228931,529.0763085487681,465.35601116502244,917.971412817463,941.2054864190243,1018.5401318696354,904.9925326817926,976.761577705715,1010.4003108990617,868.5333274351348,964.3577016351645,1015.3743782612814,907.3787871306565,888.1939928729882,868.0607270915916,864.5217292931429,900.7731249898836,852.4586371000822,842.2866629303479,705.9041949630878,741.2904180881781,422.38117041104084,416.0638927405989,804.5898865246382,769.6416413239918,870.100867738115,853.215327671596,822.0234715911164,747.6953404410768,577.0099399073919,485.6149903869629,747.8682888753614,717.5353065207247,403.4068472607171,380.7342449198561,358.631765286557,389.3718737880294,548.098298580226,479.1781350337714,100.0645987596018,24.593186762420014,711.8585245768229,693.05236506058,742.7189993858337,702.1136828806606,718.3453328372868,651.6024562339037,4.555249495186696,0.0928554240838383,11.496265041627634,11.622954520379427,52.04237158398775,38.003354005926155,5.315026839574178,-2.771815347320893,691.1269864169034,796.8586181640625,826.5122479944421,702.3944188371489,673.8671315511068,249.1968669975013,229.54764058373192,549.4270346411344
898.9502590904551,871.4569810502456,935.819693693508,962.5694355299748,538.7661263665487,594.1721135633333,944.0408729884936,866.4114951003866,674.183090054259,678.0046274153913,887.7965934334732,756.287366098071,913.6167953190222,655.1208743595402,672.9584889838944,546.9437501667155,880.7755945937894,823.1673961968913,892.0894109207095,887.4207842407227,336.0759547021654,369.627375125885,895.0076820186379,972.679995884971,723.923926468295,818.598311497615,506.563548588621,492.2393094168769,964.4812344245191,857.5956705729167,917.7607368208918,957.2480525716146,894.5007646205062,886.8563949924045,740.3693624745245,777.8220413391849,641.5835265357064,696.5533539100929,423.7052960672549,474.6446916887376,518.8817945386543,581.5171265602112,740.8268240659482,813.2042995651751,752.7686955661495,826.399817360772,734.6096989812929,683.5239847490004,889.7279341897657,803.4696680387793,941.4984001370777,764.6361583118708,777.3806517733586,691.5959082444509,528.8874781792372,465.3809651696655,916.8598373429799,941.5507882215359,1018.3972385006898,905.4008143605703,974.7875839100714,1010.2384485411412,868.7482176614463,963.9771918073112,1015.076230632725,905.9339259711963,889.0169353913725,868.5244877739642,864.5335640876916,898.2055556155042,852.6669485762312,844.7223172734996,704.5806936561514,741.6650678626387,420.7831230716429,417.0686060945753,807.9681031274014,770.7144501872083,870.948208423371,849.899677821568,821.1889692211516,746.2883751128918,578.6514682277044,485.3043153635661,746.9401547200879,717.6021073908321,400.35042130351064,378.9130155510851,357.6112758705858,390.3492527222605,548.0446553893122,477.6155891522517,98.82359815665943,23.97288492589372,714.4798360188802,692.7253852456303,743.793336391449,702.0713260702418,721.9453159167263,651.6754526584831,4.409451196166246,0.07359206022746446,11.358073725482303,11.478312166677213,51.796913159119576,37.432984786237384,4.895189523696899,-2.9520714160274055,679.1089422052556,799.1327215021307,829.178991535366,705.1041986006725,673.3579053691789,247.7520940978276,228.2791041171912,548.3580298259341
898.5889557553576,871.7475498517355,936.3657634068329,962.9108763220776,537.4501490482064,597.607681380851,944.9950373813015,867.2204367613285,669.4622777043556,678.7178523266901,885.9154143294668,752.8457489596473,913.7314228299961,653.155740379322,669.7670355222712,548.1383149665284,882.3943703637868,823.9641013794959,894.5618859360501,887.9660732421875,333.5958528518677,363.0873183568319,897.8730392786332,973.0566620902409,722.8662586461811,817.4357229379507,499.7065212502664,492.2751325501336,964.3462330800182,855.76855800299,919.4001381541175,958.2044850667318,893.5257717067913,886.9979634602864,740.4160702912703,776.6777284920934,641.725431366639,697.4250636630588,422.44096505429064,476.89640148034255,530.7927409312764,579.044625043869,741.5754487632759,812.3229070726729,755.3287618233301,825.2477190006546,736.70432192432,685.2529303544051,892.3345004604708,804.4230360380016,941.7459300273174,765.8909220561176,777.6668446972766,690.5093086716884,529.4827455250451,465.98737244232393,918.1987522956706,942.4804170749806,1019.1622292289981,907.1136923981428,973.9359324314283,1010.7650238456849,870.3589177962837,964.6573247477842,1018.7121124267578,908.847412629337,890.097529328807,868.9829326909507,865.02620692162,899.8015839803285,852.6178768261059,843.309193501707,704.9630640712353,740.1107906985593,423.5276693814043,415.8274453122851,807.6797843057601,769.1698821135082,870.499275369847,845.3794457571847,819.1150174780367,745.1817037479653,576.7369491736094,486.54843638102216,745.945955251282,715.6488340619849,405.54044350105175,385.09944939914595,359.91206813951675,390.33399519120053,555.0248065688007,483.81126095848776,101.64669813313607,25.512533452397427,709.6186014811198,693.4747423075013,742.604606628418,702.9933451311621,720.4385589133692,651.9011006436896,5.713123160855551,0.12925593726233475,12.250169097759965,12.032102312474139,54.68550826038865,38.978032237980315,7.837976839807299,-1.5902002212755821,660.5456376509233,797.5934181906961,828.548527045538,708.4579004215288,675.9573905795228,251.62645957971873,234.65907953724718,546.3767401802129
899.9499405628112,872.8448116234457,934.8693407854768,963.0814154105358,536.4254793034044,595.3232230458941,942.8323379282451,867.6436622725142,668.5383071899414,677.1694829503044,884.5078263709215,753.9529737911527,911.9103017057809,653.9887373201881,668.712253580046,548.1716843526949,883.1108879161671,823.2710619321297,888.8250186964013,887.7705051269531,330.5004605717129,368.15859905878705,894.34955038756,971.7396789732434,725.4076461791992,818.6105121989826,503.13239229318185,493.1099241839515,966.3229581724922,859.3927356107736,916.7173360188802,957.6066094970703,895.1225492833024,888.8491258409288,741.9021792204484,776.8395598997553,645.7238008608377,699.8031631752297,424.1403139276164,478.31441477800576,532.7582652607903,579.1983337402344,743.1989712114372,814.2559263401122,753.6628080012074,824.1903714074028,737.4690439050847,688.243472986288,889.6300468252551,802.3340580931856,941.3731047778823,764.1718373365806,779.3121205146002,691.6899101360171,530.6837600986233,466.0329669101831,918.1432463028606,943.2016841195248,1020.2674382047056,908.3685380924934,975.2984108833645,1009.3250882664158,865.8764061417419,962.1863453868976,1014.7385871090106,905.9528241465566,890.8297567303262,870.9465797235969,866.9361478477526,901.7980385458931,852.66095145973,844.244149786527,705.3097450536326,741.1337693780016,417.9954622241034,415.90921506747395,807.1457425727219,769.6856469118743,868.5715812520777,852.4101224626813,821.761367001296,747.8205148254968,582.7351578462124,485.3166383229941,747.1712529522732,718.0317297654274,403.8993853416513,381.14753358975213,358.4691129940741,389.70424715969466,550.9789490684589,481.4069674966236,100.8321447196865,25.057460133721808,709.9430887858073,695.644911943856,741.8382611274719,702.6848579855526,722.0629118319989,652.313601715349,5.016580651766976,0.10999162583784372,11.737606807499391,11.696201455023557,52.93161256345633,38.13499093692629,6.2565954724947614,-2.53494326507344,672.2106267755681,794.4735862038352,828.2277344569263,703.1101219080672,672.0283708759383,247.42913038110393,231.06822781129316,544.8324303955867
897.960627845074,872.3322424720033,935.9256565670054,963.0273395667513,540.0693488808565,594.5342567222459,943.0841129624935,867.9081118150467,672.0433255409707,680.7798432365793,886.9005602084525,757.5919738565173,914.02611159624,656.5979800402877,669.7106561897999,548.1902611581031,883.7214841435871,825.3630304114763,889.8161614078215,886.9862131347656,330.19681692123413,368.6233494122823,896.9996426184628,972.0553945511107,728.7803197331453,821.8203744573907,506.0714909990848,493.0141993628608,965.8593450942129,859.8880381643037,920.181168603772,959.0467956542968,894.084038168697,887.8655352105035,736.7998360011889,774.1433899661145,645.5692339657687,700.0374029654043,423.4812001287937,479.25785254717766,529.6976339621622,581.4619269371033,742.7869090405367,812.4805915434779,753.0531858886517,825.924409598635,736.5607753312293,687.0075923146068,890.6288344813931,802.9907335801558,941.2674948104407,765.8832273828672,778.9642596052366,692.2388856317483,529.9561823414867,467.0011448105111,918.7535733309659,944.0664277827299,1017.0394189996287,905.9655273913443,974.6511746879246,1011.2188325962203,868.8844429972704,965.3709015002466,1013.6674822906949,907.443685933293,888.4721779233954,868.132025507793,862.934147974488,898.5101580540778,853.5329382269232,846.68907359389,704.024640284547,741.428183815696,420.85800005042034,416.83058957650627,808.0401782676822,771.6434389486352,867.0475346991357,854.385370526995,821.7424196484445,747.960438408822,580.6947024409969,487.3934853776296,746.7842694656439,718.9097191347809,404.3447455082746,379.5028076834627,359.5684381659036,390.8384452954432,549.9557468456,478.12317725921673,99.82224036011192,24.05322475587833,712.0054545084636,694.8149279578257,743.6241326332092,700.6425960074722,721.2422224826182,651.9901775754169,4.93295143129255,0.0824400461960101,11.58079945585647,11.544868743603027,51.8035371229847,37.60327196356487,6.111587009496159,-2.697784083731034,679.3460083007812,798.3382535067472,828.9241869625629,706.3706854325306,672.4647168926164,247.18496568265715,229.98979692025617,540.9285649266736
898.1599078688599,871.6750992215945,934.732726579047,962.1340215823565,538.2694713858671,599.8589205326779,942.8018803966421,868.1223208382789,672.0316904807578,683.905704482657,883.4273049114196,755.1834604808263,910.4006162002606,655.6345593529916,669.1138993495732,546.3598082852423,882.0765651323219,825.2058872970632,890.8012346581937,887.0087576904297,335.70303599039715,364.3199644724528,894.8654876973205,972.005186595614,722.3428504055083,820.2457055521535,501.25082731510395,494.94619064860876,963.6924126463116,857.5899709442515,916.5648536982499,957.740400390625,896.2304298271567,888.302447781033,740.1575105086616,776.4183334902109,640.8337062550012,698.3539208306206,422.7236362184797,478.05347751231676,523.229287319496,576.966801404953,742.5326466541442,811.260074271975,756.4632141012336,825.5171762879132,735.3522360778052,683.6863665947548,892.0658201556051,802.4255288157644,941.8224512981478,767.4216972406001,779.2109183751949,694.3630511854209,530.4752176757604,465.8678565128347,919.8235672849423,944.5636118032314,1019.5609337454481,908.3255820639473,978.0531665569803,1012.9587245743637,867.2187978762006,964.049566959648,1016.7962969879605,910.102499234892,890.3728414021181,869.062744344889,864.4749994946134,903.2479505170116,853.6628234450882,844.7988992909916,703.6526506406451,740.60014666933,425.5114247418832,416.4743787604319,804.8382689679255,769.9840581743549,867.7165514357547,853.0958415440151,821.6330490258462,747.0093300691626,577.0808006151517,485.0351405966282,747.0808595497703,718.3282299846701,402.5896088750923,380.42123268313355,358.8126638158089,391.83474201695714,549.2740186747806,476.90922365327674,99.02392454560915,24.086389176534176,712.0182271321614,688.2895156084481,743.2419819831848,699.9126611424787,720.7139653407284,651.179723319914,4.679775393666013,0.07940299671695188,11.50898576086166,11.57409331411011,52.25162975013397,37.6994854271129,5.715938650899464,-2.8848349153995514,693.7978293678977,797.5297973632812,825.6538516051017,705.1427608441703,674.3341220032935,246.64127709481278,227.14183856501722,553.1551021707469
897.695804566743,871.7098911832078,934.6785547934588,962.95412808158,536.1864874817604,594.5598724612167,944.6014993900127,869.6049471055701,669.5520098549979,678.3164343912093,883.1358081693571,754.5921446391515,911.0826079775907,654.6453884328425,665.2670353040173,546.6054904457949,879.7203617728717,822.8281516395137,891.1888299993171,886.9880694885254,331.81352917353314,362.87579288482664,894.1327783383676,972.4287169320243,721.2816755684258,819.3886769892096,500.59169662328054,491.3692328929901,963.0380726220473,855.1662416811342,915.3542449230284,957.2213730875651,892.6145164360435,887.2232157389323,743.194899053159,777.6593958843185,641.6021076151978,696.5610182020399,424.2153902053833,476.73342493321564,526.82562355917,577.9083161354065,739.2885127807893,809.839972907333,754.730855367974,823.3543481324848,735.0545140416169,683.0915984440517,888.7306570807772,799.9857509492779,939.2801365453457,763.37208621027,778.3753231715729,690.9818707634421,529.2015720695839,465.8545832696711,916.5349067947037,940.3540223660292,1018.3586460673783,906.5358687789087,975.818645815642,1014.0914555028032,866.4558211860307,963.2349096227575,1018.1247253417969,910.9680217846419,889.9527492030282,868.6991181340436,862.8599646987429,899.1659729678328,848.7897584245012,842.7161731407291,702.562929485916,739.6100163975835,422.0204486017642,416.1928815170073,807.0673220274879,770.8028526464439,865.213686679272,847.9117104666574,818.9416308786678,745.9168236703504,576.9642724005381,485.85957096894583,745.6595482376704,716.3603911350029,403.2279455826563,380.8631739315143,358.1533531611919,390.07460124563335,552.2655969774177,479.97389951715866,100.15843574637202,24.188688049550116,712.5158325195313,695.6784880040055,743.2270474433899,702.3802042482126,721.8096031208378,650.6593173902601,5.032848764259956,0.08902483447282403,11.731846537474665,11.790830091185931,53.278296689728,38.16963194316705,6.100885684291522,-2.8613531203830944,675.3558405095881,797.3039018110795,830.3758422032299,706.0066114980963,673.782096713197,248.78640113692535,231.58436408909884,548.6804515411114
897.0595002651496,870.0149324265393,935.488226020804,963.8546289865715,539.702341674095,595.9209072078977,943.3644885090001,870.2366349441447,671.5353342562306,680.5155209087935,884.2967928909674,755.5936041052379,911.6561612477637,656.0204839718486,667.3521122054674,550.1540755268658,880.4971018786679,822.5210252235894,888.6772304841842,885.9730344848633,330.2856083975898,371.14495277404785,893.112400533833,972.2057571108379,726.3903747678427,821.7708992591271,506.24882919880565,493.24454339345294,964.6774425866469,860.5781061619888,915.2384599500441,956.949633585612,892.8091900065793,887.6055527072483,741.8547278362772,777.9084553546217,648.4114077395805,699.5959888034397,423.84780436754227,478.33175175556084,532.356692267246,580.2588014602661,740.0131331067237,811.8191072726137,751.279527935145,821.9518840187475,734.5079176721495,686.2962128565862,887.2455242180055,799.1792177273031,939.9347580771035,763.7091439964786,778.1928594272767,691.4258348918429,528.3051699652976,466.42405690182056,915.261647520034,938.6054417623413,1019.1683601563873,906.3799769990216,974.7539768384851,1011.9318515814624,864.3053573935039,961.5345474918192,1016.1784645194438,909.8391821193449,891.5075396505634,870.2141809473449,863.7193444610401,899.4718148247313,852.7397035134805,845.8362184118052,703.2881644012731,740.5148961451147,419.33937105925185,416.2115749036762,808.7399405807745,772.2612026103799,869.7249950652426,851.0255257742746,822.2192380364371,747.3391875950671,579.6194935306906,486.68602137565614,747.2893124214878,719.1606744094225,403.64748126250856,380.0791763751515,358.90817219500605,390.96960769517347,552.6396811261444,479.8267726098746,99.2945529746961,23.866703076610413,708.7739868164062,695.888654288599,742.7688443660736,701.8889534721548,722.1943065458885,651.3240144241119,4.871789083620043,0.07833419163124981,11.629253733283356,11.551082916436513,52.27406186289132,37.47034447980414,6.018005732032988,-2.92851844254662,668.1499245383523,794.9255770596591,829.2844328400273,705.1447759700727,674.7108489391851,248.0040528892229,230.69804920572224,542.4207847529444
895.6530760215616,868.7354851699237,933.6664790494831,961.4928525852492,540.6324436276458,597.9076267055103,940.9150567538496,867.4087360378022,673.5531724813034,682.8745578703333,884.4597028251586,755.1888766409859,911.9338541030884,656.7483745498455,669.1684225234226,548.1470168719517,880.9965698097554,822.9424782179519,886.9389869426859,883.8243678283692,333.5385670661926,367.56405442555746,895.0108544816186,972.7901793888637,728.8677042416878,823.8547165839227,506.74355128061705,495.09785707791644,964.7093536089052,858.5021069938754,917.9251885201362,957.9235321044922,891.8367331553313,886.0609113226997,738.2436581818954,776.8736307534826,647.6981631039523,700.3223485593443,424.29251401765003,479.8955191708683,532.0092879748735,578.6504740715027,740.2768375982367,811.6075017124556,751.4964894029755,825.4841352094684,732.625000378317,683.728692368194,888.4897989057725,800.9567645372184,940.825489058918,766.3302614540162,779.0621657093544,693.7210748055402,529.6537001094852,466.9715296732545,916.2506826177223,938.4829592903455,1017.2792610488751,903.4482299131927,974.2926856530231,1009.9774398309899,867.1205795241423,963.6985209665181,1017.0485814792007,910.4299184616838,888.6274720620573,868.0627545335528,860.5389881012546,895.9611491840848,853.4543020918562,845.9196942438845,705.7630302359205,740.5848195790212,421.58962620168495,415.32774097818725,808.9114938954838,771.7160355817233,868.5897918051862,853.6106927054269,823.065641995134,747.0281671330085,577.2377799173196,485.09142748514813,748.3025835616999,719.7971180298163,404.59371276567964,379.34647058698243,359.30781977281976,391.62887375308503,551.1491324880835,477.0202064400353,99.55140201495615,23.96523418814933,713.192539469401,695.7311008259402,744.5131947994232,700.3260632683249,721.7898896195506,650.2556210289957,4.72586601582895,0.07636656359665923,11.491730630144561,11.54165513210033,51.79355431203311,37.439313897521295,5.32919000254737,-3.0456590814625515,679.5331920276989,801.0944857510653,826.9148227768457,707.259736073168,673.9672579297833,247.79427580666123,228.59084779565984,550.3817098551783
897.1076395614369,870.4960614683653,932.4235217154522,961.1176182843775,544.045079146984,600.7782301647322,940.3899958253618,867.0341549007943,675.1758441925049,684.7883856570135,884.7536907816321,755.2849726523672,909.8881301209203,656.7181448859242,671.4862020075025,547.9528371941288,879.5631779494444,822.1802672706173,891.3470658634815,885.103841217041,337.8715744548374,372.52678667704265,895.0410931739972,972.0589293222579,731.2071119478236,824.2968493870327,510.0673855391655,497.29937002393933,963.3068080038395,854.2462254653742,915.3060941921444,956.237344156901,894.1893654516188,886.2678327094184,740.4023724099865,772.87793189359,643.5985839608483,697.741453382704,425.34953419651305,481.21969830230825,528.7670739596007,578.6176738739014,739.5095010827931,812.3349289735911,754.2014402028245,828.0466847336083,732.0114414751038,682.1330394211349,891.3231755406625,804.3724191615308,942.6306236885689,769.594385851317,777.4020792187063,695.4852300056932,529.8338535202545,467.2318727719291,917.1203994333157,940.2312487065792,1019.3370957014113,908.7613522134176,976.1066852602752,1011.8881904207001,869.5246757483993,965.3453835224418,1018.7960678783816,912.781296752836,889.6607849158598,867.9378702454839,862.4444525651871,898.3196459185352,852.7248593923208,845.74690152778,704.7205557866928,738.9226211613907,420.41244396265,415.62195679839226,804.7681475780049,768.2744963713207,868.9428736909907,851.4696066720145,820.5421239041734,746.1709313682429,575.9244660600026,485.10165914972623,747.8620138294372,720.6167099817752,406.1935389164616,378.9163635517286,359.9344619267649,391.79557801120615,550.5531210519804,476.6409365712603,99.8077946281647,24.02742481285845,713.4798177083334,690.4705267437433,745.1727998256683,700.0180221833795,722.6411821593462,650.7629717691894,4.755605466173668,0.07173279750643781,11.50683574379223,11.495110634232228,52.017929372170244,37.205629499248914,5.342592544025845,-2.9805275683893875,695.7180453213779,800.687744140625,827.3809101693582,706.8877719927438,675.1723133161956,249.06691274935739,226.98539632739443,553.9572856508453
897.7862669373066,871.2454542306939,934.1930305036439,961.0726099280247,540.7340456585551,597.6940110368388,941.7419183183102,866.795436722763,672.2897033691406,682.0949261462102,883.6430550241859,757.1445346412205,911.6135147546208,656.9200124354497,669.8587166895321,549.2184456057347,879.0479900486662,822.5691949584556,892.8040771484375,887.3828997192383,337.3707964155409,367.9559190750122,895.6093114767584,973.4401917533269,727.4517779724761,821.9338632101541,506.15719438521245,494.0588474008772,962.9920786731648,855.98222987799,915.4981036649289,956.6276336669922,893.4844858201884,886.3882264539931,741.8984117590862,775.5488568041698,643.2659109342466,697.1899227566189,423.3234320836408,478.68326935785984,528.97374156264,576.5352299213409,740.2113806870249,810.6674349093324,752.881059694423,824.998959691901,732.7272748001351,682.4871965688425,888.7997134316352,802.3545415338533,940.6727030053255,767.2683137240305,779.4485294701273,692.3992773645065,530.3364637793699,466.6030239926715,917.4410881719349,941.5973394193031,1020.1605143186598,908.2645140490433,975.5618274987262,1011.5071173856173,869.731146202904,965.5765409351867,1015.8171539306641,910.4086310672513,890.0975935282332,868.1895180424993,862.4519377301453,899.3150576596761,852.9448378279402,846.0947287199928,702.8875911607655,738.9504526641978,421.4309530949247,418.60520166158676,806.6455798539959,770.430585552548,864.6954592440991,844.9403392246792,819.2020855753815,745.4874231891079,576.9136719727517,485.51695255915325,747.7873727000232,719.834446650285,403.530914409371,380.9288654559786,359.3646227666177,390.9844183891993,553.8381658921015,479.0362311706692,99.98925576724663,24.083608863095733,715.8600362141927,697.1537672139831,746.2638719081879,702.777282300578,723.7872789300428,650.837668244588,4.813994794667355,0.08531624431963321,11.713654861729815,11.617902122260602,53.30414657409511,37.57484721196615,5.707322216696209,-3.0554866641759872,684.7260131835938,806.5771329012784,831.1534161663695,708.8693024840536,676.3173510981541,251.09885201812313,231.66226597988245,552.8965440289728
896.9195070187908,870.5894491335358,932.3931025120647,960.589283056943,540.4228997696277,599.1994012828384,940.5856698663033,866.7966945954587,671.2044903502173,680.544264824664,884.2113111232354,754.944713558091,910.7792465598874,655.1925928278973,672.2765326618555,549.8990981788849,879.7664416887184,823.0751363367733,891.2651756549703,887.4384825439453,330.2417908774482,369.13948040008546,895.0341214707059,973.1017337980725,726.5019069092436,822.1043441059825,506.3612972702111,497.2743168142107,964.1439631480091,857.4938842773438,915.2899307691519,957.0413844807942,893.3253305726132,888.5745789930555,739.5980423637059,775.0009397943336,649.7697297823062,698.4565604881004,422.79022566122666,480.03595207157207,535.2897059331175,575.5571007728577,739.9026065738428,810.5113567334216,751.3309934444746,822.8779242554604,734.0151901875646,684.8301945399571,887.4421205497557,801.405883947076,939.4216892384808,765.9593006077426,778.8924932779219,691.6597772345823,530.0146115772677,467.18772797030437,916.0912878364488,939.2149016857147,1018.1829829741246,908.3702559659002,973.3451452902088,1011.1058073321592,867.36627738556,964.9659287409527,1014.0259786577367,911.5690556804647,889.1784589759419,868.217759366493,862.3734832569293,898.1922289600689,853.7363272658339,844.4602280288447,703.431573640316,739.2036441951603,422.2700623774874,415.806909896958,805.4787643932906,770.6592744059583,868.4904577376994,850.5513131277902,820.1390279061036,746.1362906216916,580.2380586147308,484.4193065607051,748.1872216447334,721.3419503314316,405.7064686691936,382.2021551726097,360.66789505339676,390.6603847345564,554.8764343617297,481.3584514460837,101.06099794128978,24.82038292670304,710.3240234375,698.2083445403536,743.7533001899719,703.1442135426793,723.0036498402214,651.7642218244688,5.190167231963163,0.09151536241449691,11.848566972004384,11.699816377111073,53.635734205209246,38.44321769258065,6.3421517213185625,-2.8130425845875457,667.2673173384233,797.1785755504261,827.7404846601038,707.5392177919798,674.440045525046,250.77022124800766,233.73321265885323,554.890221069599
897.9706138249975,870.803980957378,933.2518405619472,961.8407033848098,538.1413711902707,595.0250278030123,941.2022672622303,867.8453136496848,667.9810963066257,677.4937413012395,885.6107185797963,757.5116888106816,912.8770726761728,657.506533242189,667.1126228351499,548.024515941055,882.670133364709,823.5599470487068,890.9479384148258,886.4691725158691,331.3742986255222,369.0549146016439,897.351433427819,974.3814907073975,725.0171744860904,821.3410299950904,504.2118603827545,494.36585365401373,964.7786854078184,857.7940697940779,919.0882518698224,959.3669319661458,892.9323227445958,887.5499608018663,737.6363713803498,776.4012252623776,646.3891237569801,699.937686920166,423.9466888883284,477.44773287540966,529.6428247045299,581.8642916679382,738.8218144857221,811.2639372766865,747.0464083630394,822.7534361052932,731.0021001957665,682.0570621357098,885.7307537372074,798.7062070376712,938.3444718099469,764.3297330426498,775.523602986015,691.4198173635147,528.5985214990791,465.83752244937733,915.016978837313,939.0401065371655,1016.4789134451946,905.8993797910593,971.9981709621263,1011.6601828633775,869.3716735839844,966.7817404633196,1014.3127131675607,910.0864102070337,888.1715281925844,866.9561636146153,861.9231482827739,895.125554205963,850.6316342053112,843.6779409314765,704.2500149788112,739.7037802692099,420.4621720244919,413.9978403709304,808.1750399480101,769.1421496126167,870.724673007397,853.896125793457,819.2649461811986,747.5393413298697,579.1713789478938,484.94357322866716,747.1157312065494,720.7815101914256,404.35005833524116,381.6011074708257,357.88524008660534,390.793287039256,551.6890936866276,479.2304955530663,100.89140720522308,24.73986146306353,710.3653483072917,695.1635690462791,742.1859903335571,701.153559999768,722.293815709859,651.2507441778346,5.076396634587773,0.09306408111178488,11.657292764670176,11.544012001397096,52.90767321115033,38.03026725867527,6.132860695011914,-2.8618846044820896,689.6212435635654,795.6486638849432,825.2429543309564,703.4834447933149,674.5142101213044,248.9620204128717,230.44242551110008,553.2009388002856
897.1642246364562,870.5632820129395,934.322388493632,961.8603596473595,539.219248749489,598.524157368711,940.5201704150473,867.5335911576292,671.9477613799426,682.2340016286881,885.9186443778558,757.0331009210103,912.1087502447655,656.4829558775975,669.3933734893799,548.7601891152616,879.3153514590873,819.9210447520512,892.9881046339013,886.3753114013672,334.67476903067694,367.009145228068,896.90674796937,975.5386806064182,725.2943665469504,821.3752792274558,504.801448916862,496.80006453726025,962.9907091608587,855.4974906262056,918.4439233494555,958.7995727539062,893.4142436657921,886.6035808648004,736.9298642365828,774.5578157355986,642.5245526351592,697.8090727064344,421.88046445112144,475.8857716406776,527.3973386170434,581.1376638412476,737.7870655513946,809.5283492391144,749.0106733263701,822.9332099267614,729.2460769937059,679.845580854616,886.9423278762448,801.2599421078858,938.6343198601957,766.0345036048045,774.2064635614644,692.8918698722241,527.2553486375148,465.9626503858941,917.0390935189622,941.1702205759508,1015.8675807928164,905.9356190898852,974.3616616157864,1015.3023652999532,869.6021553062882,967.2424133049608,1014.3345721799936,911.2186502276772,888.0877481948124,866.3433074341033,862.2321669463139,898.0692673994033,853.7567906766325,847.1410240423484,704.8838887345901,739.8463336895038,421.67105268395466,414.5860710412684,805.8286669371558,769.8286059367706,865.7280559133976,847.0253154209682,818.9993185138337,745.4527216708462,576.0501768859227,483.7450272258123,745.8980409865862,719.8946851262114,405.3268587533165,382.7637830193723,358.6454563098475,392.03170519960236,554.2892748191937,478.9509225041792,101.94087274288069,25.246130881227657,715.5203715006511,694.5442391088453,743.5788584947586,700.6892073273119,722.2067763544525,650.2213828452933,5.616881023504232,0.10645425331140695,12.00901561213652,11.871689811225197,53.86224256309358,38.684453350967495,7.306714322831896,-2.282255463740405,678.4788318980824,801.1841608220881,826.8705595899748,705.8150383671627,677.7780788646024,250.7866654688852,234.8079523823478,564.6958229500672
897.0420948966475,871.2835448029066,933.5143010596458,962.6674865792947,536.22409005276,596.1819965711662,940.3930513816111,868.3063639364851,667.0941991222148,678.4114197433972,883.5370230093235,754.9363587167528,909.6682975443517,654.9859365403411,668.0341402535415,546.6054338210865,878.0656161376086,819.6759499267882,891.7514566004961,887.1880214538575,335.60393370522394,365.08063780466716,895.3150976712226,975.0674158732096,722.1185884725361,819.0027170705272,502.1236407032329,494.1960651344723,963.4187433134834,853.5000381281346,915.9290539999333,958.353760172526,892.2818943605585,886.5874370659723,742.6253274668818,778.3268719408885,646.800253040465,697.3556305214211,423.5163716407759,475.901260175955,527.3982241270973,580.6871070861816,736.4259881559345,809.7378188580699,746.928534807933,821.538842463354,730.7725168496124,681.92708471605,884.5752137099543,799.6440689249123,936.4011038874721,762.7689818368111,775.9722109739022,689.3209498980466,527.9629002753413,464.89651310414615,915.941628095746,938.9846454257214,1016.686572410633,906.1097535174515,972.9727610712466,1013.3390013963274,866.7261176153061,965.076230837975,1011.2698145624418,910.5438037054175,886.6739677332761,865.9388595151304,861.5430355193508,898.2508028989339,850.89909311243,842.6804629153893,704.180210988456,738.5794833625034,421.7570917986441,414.89177346565356,806.0578021690494,768.3056326585192,863.7749464968417,847.1457802908761,817.293735087603,744.6699438911775,578.51919520696,483.23583390076953,745.7450462038821,717.51557791901,405.4365753023063,382.60113774654235,358.8616639996608,390.53978465925525,556.0885603400058,481.6617941337327,102.85447455847773,25.49257374245681,710.5018534342448,692.6830097780389,744.2051246166229,702.7022711292111,721.7961089156056,649.9789955301214,5.727843163057083,0.11234523059489826,12.24848126786533,11.948097732524158,54.24225096133542,38.65264190129575,7.677968793445164,-2.376185077954741,686.8936379172585,796.714521928267,830.7371424732593,706.5073958771138,674.326971615062,251.51107661138502,234.61373365286624,553.8540761964075
896.2891042984081,871.0417031815858,933.4147420513502,961.8651594773706,540.03933911878,595.8719901229654,939.4401223068043,868.6920524053371,670.241080031103,680.0235441551833,884.5957317197226,756.4852578632415,911.4348811039998,656.0948956490528,666.9436846680902,548.6783630735525,879.5845316665433,821.6346670575316,889.03619308764,886.3247101745606,331.64701731999713,371.35756775538124,893.9904456640907,973.5615889534117,728.1269905329999,823.6266727657109,507.6013817023177,494.34362467130023,965.7960013623508,859.3175627531829,916.8322744294414,958.6916623942058,891.5515237581932,886.8280504014757,736.6630893873132,776.600431511201,646.608954559864,699.115827065927,423.6788378783635,479.18207008561836,535.3399063485567,582.4875392913818,737.2434136356626,812.7478310824571,745.9250497957458,822.9306925054182,730.9469528198242,684.7085322266691,886.2246635029393,799.733684019609,937.1919423524324,763.1702737189395,774.557832623811,688.0534178696427,528.5190304466928,466.189044048275,916.559534864645,939.9416425846241,1017.36431222652,906.7510024351653,973.3601245382557,1013.9354398536065,868.9237804354514,966.021824267666,1010.8813988984521,909.4671248724294,886.3672886934173,866.4517797939635,861.0063284612766,895.8135843013531,851.0528606036762,844.1321500872002,703.4202898008014,739.8549890559473,417.16034565801203,414.37322060491,807.5402310480837,771.3080173349974,865.9146235039893,849.1920591081891,820.3170588774699,746.379207981349,580.608362979889,485.5542201113701,746.5806573540103,719.0394654423422,408.7469024710795,381.63584916169896,359.00246655514155,390.3069406564351,553.3624733876003,479.112016047736,102.13626417666954,24.98989244556059,714.396543375651,694.8797079829847,742.1323640346527,700.9644447085005,722.0476662827509,649.8337284918227,5.6274242576726365,0.09776617018505931,11.992878682535924,11.744711400615701,52.9932427089562,38.17448454234068,7.263611462381151,-2.397505677798215,665.5163296786221,794.015370871804,827.631394354289,706.0726594562772,673.7610811719708,248.91122484730002,232.43248120943704,537.7823916879194
896.7818732087136,870.4664321909047,934.1907334843658,961.9335544356312,540.0255057224008,601.5789974331856,941.6597246916398,868.5123766403502,669.4335403442383,684.1503287768754,887.3679407941617,757.1781388449291,914.0773190585049,656.7371497535513,667.9994885008133,549.1479309531063,883.3731221384347,824.9959175071843,889.731480390176,886.0655231323242,332.247028986613,367.6039008140564,900.1901697816614,975.4628139071995,726.6781190302984,823.278953237848,504.9414231105404,498.11451172828674,966.8894890479322,858.9848388671875,921.4148698941929,961.3886004638672,895.2197358729476,888.9294717068142,738.2247561247452,778.4015399978822,644.8648057845196,701.1218483536331,421.7773412806647,480.8635353702731,530.4572333976871,581.4393701553345,739.4859383872578,813.391149584151,749.8794101898385,827.2867615292644,732.3719310445234,684.2089628206267,889.936139806336,802.9330767298724,939.5384802554412,765.9908588788878,776.7047518400868,693.2064609445778,529.1970107565976,467.79209075095025,917.4744670821959,940.3426472036926,1017.913263102587,906.5119657677512,974.5258024265455,1015.2589974141043,869.8268811520451,967.2612321563219,1013.686832029428,911.3310814100951,886.7281493294105,866.8874900430566,861.8518078069019,894.3728345164936,852.7200319788477,845.5497415261191,706.0810496478999,742.1239518334855,422.7364173557447,418.2884136253679,804.5601084974945,769.7690371438181,871.1167914207946,855.1417683192661,821.2529924619244,747.4497008883492,579.3855602486929,485.7292279688517,747.1225448137864,719.2956945984452,407.25195862230134,385.20305811885464,358.9858099699389,392.9946163454725,555.5773733828995,479.1485089753537,103.40683806746017,26.50759397506886,708.6411519368489,693.0539380089712,743.0746058225632,699.9804336064542,722.7053273130616,649.6266567398109,6.053333801119344,0.14478337103156028,12.473025398725497,12.096082644330142,54.51443409029465,39.35382499561835,8.355811648898655,-1.536475097431856,684.5309503728694,798.6034279563211,825.238535631423,703.7493834676621,676.2424657485064,251.68458774215296,237.06789392232895,547.9519900206861
899.6221364560628,873.7376645207405,936.15609186016,965.2899369376589,537.5041753901992,594.6524975214686,943.5373139052135,871.0990329511114,667.1502137865339,677.5788962254759,887.3792882934819,757.837088616689,913.7613274589002,656.4179679435274,666.2823679862331,547.5805757903579,881.349809113272,823.7913284808694,893.132882655352,888.40197946167,333.9999345673455,365.0297992706299,899.8399217283571,974.8177708217075,726.5537844453182,821.8239545298146,507.47712392438183,493.75715147124396,964.9202314412819,856.3110015492381,918.3730174788027,958.514408976237,895.8404742741989,887.8537109375,740.2031401261039,776.466407132436,640.918527897234,697.3310652838813,424.62922480276654,478.47156424647414,520.8323833277968,583.1724286079407,739.8515503420421,813.9230818183502,752.849862648584,827.7067854808785,734.6654210366494,685.0392896212064,892.0428474533942,804.9213832005028,941.0496802287058,767.6818254472504,775.696483902867,693.5142012518995,529.3545004853559,467.12581402053615,918.9318172793269,943.0395234315483,1021.3505562860558,912.7282939324012,975.8328707222316,1016.9781161342238,869.8639757815487,967.1647772926362,1013.8477532685692,911.4092441430696,890.3386693697297,869.190359467757,865.8136057276635,899.192569542985,850.6945828274563,846.2486023199363,703.0630130592837,740.278044597411,419.2025038677713,414.6048306478581,807.3217492025407,769.3574041469464,865.3272549243684,849.4509310041155,819.2535926775,747.6671939791895,579.1228348191579,485.15894619941713,746.4439859331442,718.9503270993318,405.12096921696383,381.3069304214918,357.99042062012694,391.72931701129613,554.2027045757034,477.92889836383364,103.2833588447064,25.57363420040712,713.751894124349,694.0650184760659,744.1362674236298,702.7603805334859,724.6437137594053,651.9095876409256,5.864948976644021,0.11344540494718347,12.151975659008029,11.893062487136532,54.2272173529306,38.51363077617541,7.708177394337124,-2.3226282167084076,676.143965287642,797.0046275745739,829.0435557525429,705.4723659467094,676.5823459999234,251.40674027016289,233.63045704726017,551.0866658646485
899.5063450029637,874.2212379981171,935.522981586978,963.57668864822,539.4735270211863,599.6576589814255,943.1790265199575,868.894563425551,671.4331511283408,682.9116585528265,885.2154984745553,757.5972404604867,912.0277788042,656.3734545965909,668.3627681352606,550.4397072348346,880.7053457504201,823.0242039056316,892.221071586755,888.5421943359376,335.2816543049282,369.0982874552409,896.3645945187083,972.8163059174068,726.3525467518112,822.1034787356199,505.6729956779691,496.20496916770935,965.9507091810118,858.0217609170043,917.843779236,957.820497233073,893.6979053303347,888.4573213704427,743.1053031589674,776.0199584960938,643.4932055704394,698.5650217974627,424.31618648341725,478.8047066163481,528.0907562756148,581.2292628288269,742.3842201034228,813.3643761223526,756.2885025729709,827.9861420190822,737.4106847432034,688.5638600462801,893.4588545187827,806.4193996865729,942.9976915975642,769.4904798060595,780.0573028769728,693.888010209682,531.1717920331135,469.10560448460416,919.8445543203532,945.1496927539507,1022.0793876565558,912.6726612597424,975.6927192488961,1014.8836343573906,868.5778427823968,967.4223922446922,1011.6854694423391,910.8183673937499,893.0904293834493,870.9964963464644,867.7511326492213,903.2241172158257,853.5484749733864,847.6204948112613,703.126799067226,741.310980330298,422.29567348093224,418.67176629456,809.0791749797884,772.2405197966643,867.2943543779089,849.725454057966,821.0250771182707,747.5211011625785,577.2935397958755,488.4400092490514,747.1028493402288,720.5280822475864,405.16980405239497,382.24613864843593,359.70312567915727,392.57356175718303,557.1223375468384,481.22204935977857,102.58012101599188,25.53410976511657,714.8374247233073,696.3065816588321,748.3124756813049,705.505368970638,725.7118265865413,651.8787285669508,5.811294745898953,0.11993800175065795,12.416980490398728,11.925787205094743,54.52799315235282,38.44909941733524,7.515508916642931,-2.140162459191154,673.8786565607244,806.1072287819602,831.2793931385015,710.1471281413791,677.6856791178385,253.21888854629114,235.84337198734283,545.2027064561844
900.5410944129106,875.1011053925813,933.8837262492684,962.9507276897887,543.3557350646618,601.6316016657012,941.6061628948189,868.7875039778364,670.2916960035052,683.1032264271721,883.2366261986213,755.0753763622707,910.1498699744407,656.3341159921908,669.9574705095433,550.8269806878443,882.7005912636129,824.4966259509622,891.1845768311015,890.0455352172852,333.6381474071079,371.72993596394855,896.4736965889539,973.9274466075594,730.7949577925717,827.1370254348923,508.39150384513056,498.4886070622338,966.1510518631845,859.5666430061247,919.6576359465992,959.5805118815105,895.9103140103615,890.1276653374566,745.6687502653702,778.1531379423946,651.2828045815623,702.7845521149812,423.69407427310944,482.32202342744176,539.4392772111736,579.6784865856171,742.2432271351535,814.461375448941,757.7905649401683,828.6842001976325,736.1315384856925,688.541789368316,892.5224255977139,805.1644087858564,944.6287093389602,770.5846333254271,783.7388851696065,695.358536047094,532.8587165859199,470.265717265972,920.278588786966,945.4834301394445,1024.9694331129992,913.9749680925265,976.4994686756963,1013.5750123428295,868.7439251354346,965.7850866984928,1012.5328544502828,909.8488165241803,894.444015302283,874.1163682818247,868.7503456067128,903.7322616998662,856.4832435126777,846.0631324893138,704.4053170440394,740.217701569264,421.90034739176434,416.44689844695614,810.2723479974466,773.6663463798301,869.5668386905751,856.8234514508929,823.7581383423787,748.8480548909274,581.9687860043844,486.9156030813853,748.0314284538907,721.7180091023785,407.2143954103484,381.807758619639,361.1871326558564,391.5776259068475,555.9304051611743,479.99073863739767,102.14206736633895,24.772376087023847,713.3604166666667,696.3958641957429,745.8442789316177,701.8158325609578,725.1526432182952,652.0789800488861,5.418088984479637,0.08802547998234836,11.950487542281639,11.820558303969976,53.770341563117974,38.31690061734038,6.924782501326667,-2.933583711876589,674.574013449929,799.6954900568181,831.0533455458263,709.5070563207698,676.989356545841,250.7604006792239,230.9863240213105,549.4041103330152
899.1596313429272,874.5352851305947,933.5504492942275,962.4356772434189,539.439961224933,600.1862526152815,940.4207122815743,868.7731122188366,669.7212362484056,682.6610350843335,886.5988221052216,755.4191483051058,911.7503496999398,656.9770815884053,669.4813571640508,551.396294652972,886.4285751089666,829.9923128780732,892.4399520757098,889.4596151123047,332.547104994456,371.9759713490804,896.6059355852752,973.6597937023829,726.9290465509704,823.424633193802,506.78669196531916,496.6516540845235,967.9463375739332,862.3867063922646,921.1711758991552,962.385625406901,896.6457929449566,891.3397347005208,740.927432649032,779.4396752047252,650.2545507993992,701.3372866312662,423.765014251428,481.2358849057544,530.7883275766842,579.9697206020355,741.2942310372988,813.4894711462807,755.2199234736663,827.3234234302364,735.0044099949608,687.3107560697969,892.3873515744364,803.694057966607,944.2295474809723,770.2180906080864,780.9911033733009,696.5994998263378,531.6467467893716,469.69154772701415,919.91181171998,944.7755028870371,1021.9726160319268,911.1200838589981,973.8791468612008,1012.2233779592422,869.5127490682339,966.1210139945701,1010.5667269123135,909.4197105437286,891.4178661753622,872.594881036517,866.73332758618,900.6337813066514,853.6988292041126,848.3050811955186,706.3369199420334,742.7556252747903,422.0342930227086,418.0759490913069,810.0462260011767,772.8676119602568,873.1238676030586,858.3404475620815,823.9036095425544,750.1818996802878,579.7574358113607,486.7859014699856,747.7463523831136,721.2718313152408,404.33040031641724,381.91741062630814,359.9633695234591,393.59025633514494,555.7206566125307,480.50805784632763,101.56741300695661,24.707965690873085,713.8141764322917,697.418368064751,745.9116232395172,702.0385136323816,726.799107675334,652.0461077631832,5.3969979033940225,0.09741066597505577,11.983502572216356,11.672684291620785,53.678428857344514,38.489005820586605,6.781531141863929,-2.804392002961215,681.0316938920455,798.4245172674006,829.3676897087353,708.8865613333786,676.9667274624694,251.61342799140695,233.27266483595878,551.1924971218767
901.2834375875759,874.4343043529626,932.5389102024074,962.5873116193064,546.2594531214514,601.8861405125687,939.7515409555784,868.7735744928806,675.7677185681401,687.8243606129631,888.6457377332982,754.8738664118071,912.062977535647,657.8977124674118,672.5006251975672,552.0065146368136,887.0254556014074,826.6307680345453,893.4127875726342,888.9432394714355,337.67689270443384,372.1069564819336,900.7405311837684,974.1551101321265,733.5637686664521,828.4926437545608,514.3663084651884,499.3742416434818,969.2601536444898,860.5324753749518,922.6537976202377,960.0722137451172,899.0251259238033,889.1953865559896,741.2197745945143,778.2806845056006,648.950730151542,701.7337727016873,426.3797952532768,483.15115957938775,533.2031658360215,581.2786240577698,741.3591446862334,813.0269056564259,755.0000351278895,825.7706919776069,734.121248970347,684.7376267359807,892.8871014410449,802.081405365572,943.7486129426895,769.5634712798735,783.6264547510532,695.6973566120746,533.3296021071807,469.1210602589695,919.5901772038438,944.9243343030965,1017.4882952157674,907.246955510152,973.4718623683764,1015.9353136167557,871.7558831731113,968.3215645998104,1012.5095192069438,910.9415435717087,890.5107865601443,869.8937425167404,866.0490352363344,898.7063271538328,856.061694033511,848.4328257138612,709.3751783108493,742.7757561753839,422.81972042028457,416.97948458496955,811.1748494632909,772.8842059250195,876.0672451587434,856.9676698957171,825.4900175876544,748.6918950581419,583.6544223721822,486.36580722332,748.9950906896381,721.4425661077074,410.3699710316518,378.60001299355434,360.70294148644706,391.85442588312264,558.6754882959285,481.48633619705834,103.9236151180575,25.38721330710367,716.0493815104167,699.8644688493115,748.3283739089966,703.9403016621171,727.5407088961614,651.3220723692538,5.217875764778766,0.0948058665919773,11.971816940612312,11.72850443752394,53.94791670185094,38.70595865350302,5.9803784605529575,-3.0886950194835663,699.1977483575994,798.2967529296875,830.4900414383651,711.739343184459,678.7951360964307,250.44011320984154,232.32770438627765,553.2383704678766
899.1121855772935,872.9278585453226,930.368108833304,959.5686725591759,554.2067667872407,607.484359262245,937.4208890389705,867.039806889879,683.6595313403071,692.3545262118588,883.210695220203,748.9915689801413,908.4758809254877,652.1674108379766,677.2879148380673,546.0500456464498,885.9997711904806,818.4967763590258,892.9685327814914,886.3312310791016,342.3032709227668,375.0906417528788,900.2929061845612,973.3470613994295,740.5266364731714,835.6823477692657,517.6469608802163,502.39300386110943,965.5304651800192,852.142993917583,923.4227266086368,960.7669724527995,897.4056237430896,887.589326171875,739.6331906525985,772.6252794380648,649.1911185512458,698.9498990376791,428.8442941435746,483.5225036706817,531.7551672263223,581.0759987831116,743.2454994018116,812.9697282980968,755.3315498862094,827.2723249524657,733.1610418902941,683.6745302427065,892.846667357414,803.1379438928844,945.571070650216,772.5163118872844,784.1566636637187,700.6201493260908,533.9663719372893,469.7027827736216,919.802527203095,942.8102726803886,1017.9008955862815,908.8151776812985,977.4952944548234,1018.7287979372883,873.1059444322499,968.0316811157352,1012.9870300292969,915.7440939337708,889.6767066623388,869.6103634270573,864.095957713522,897.302015272952,859.8898950525232,847.4640242779841,707.7141700534646,734.6523870823187,421.625116099482,413.2290710932772,806.1943755853372,769.0258097668407,872.6306217274768,848.7738571166992,824.5021273441241,746.1400303959188,583.7677727921804,489.8445068868001,750.919725648317,724.1003253401061,418.8712801333736,385.2484360980643,364.3038295960093,394.01571848217725,560.9950325787067,481.2781061766545,104.451576765908,25.77549602030786,713.562343343099,698.6560720670021,748.5413954257965,701.8553911096909,730.2849944214178,653.5258720999534,5.77191420831399,0.10795515776025476,12.083973914782518,11.835492311464453,54.609490263063385,38.83684145481456,7.221297370062934,-2.674716945080196,676.0866588245739,796.5699884588068,829.468006927695,716.3292334834232,682.7692117130055,252.40395927638338,236.19006699504274,583.7374121567299
901.826146174209,875.1671981534572,930.3340651141335,961.5452432005529,549.2799015932305,605.2620914567794,938.2570008117727,871.3107001080919,679.2336329246054,689.0028432470854,884.2199502650316,753.775486709958,908.8159200102347,655.9618908163718,673.1104110034544,546.2897600433962,887.009256968566,823.3255254184685,895.3447900530936,890.2861268005371,341.96064387427435,377.9758317947388,897.4355230069951,972.6799183497353,731.853749559812,828.23747584584,512.759130952108,501.74488854408264,966.6756111001068,854.478813566985,920.82623210917,960.0875215657552,899.2417473227291,890.7633234320747,740.940449324898,777.1733994081796,651.9041106186249,699.942561255561,428.4945080195154,483.4972574898366,536.4972801833857,583.7170958518982,740.8335244972554,813.5312887616632,752.0909415579772,826.5766059473941,731.8112460522613,682.2657458832214,891.2487269213123,803.3363080514141,942.2378547697914,769.9814711787571,781.1995335737151,696.5605974945368,533.6640377091261,468.9618403949148,922.0399568355097,944.8106494258951,1020.3905739361987,911.5949283012977,978.8496573539402,1022.3833338110963,874.4378188013666,972.1838336677708,1012.7793362745598,915.3502249816283,890.4167710531964,872.5163514813064,868.7542590001586,902.1950930600667,856.5262183455734,848.4908823419789,708.6038412391592,737.8628629874357,422.8004999022553,413.711372268032,811.8031279767146,772.625482709576,874.0029296875,848.7816461835589,824.9423460613266,747.1523160697346,580.6625513887406,488.15642178475855,749.0748571051375,723.9311975760338,409.59633950766397,381.45656600368585,363.6716716818822,394.09776202037807,561.1164773307323,479.84798704817894,103.58387628069721,25.574797571809103,719.3985616048177,702.5457463668564,750.2292928695679,704.7317478991203,731.7724653248872,654.6369862030363,5.593542637781387,0.10057547461862365,11.883550497736087,11.66384017354233,54.33767358743766,38.4475946959724,6.606720798545414,-3.1127288173884153,691.9135242808949,803.1114080255682,833.0378581821518,715.7647515791881,680.4232572667739,251.13969927712492,233.65603613130975,573.8998645420733
898.8387056715795,873.0253210343195,928.8518576242127,958.5535282675488,549.9696166881295,606.1124408170581,936.320709319574,868.8743793364789,680.183276079139,692.9924955446212,882.61526968421,752.7011688989306,905.1759105456632,655.3573697655789,673.229929724736,547.3922984067618,883.0431046146917,821.8948329485136,893.0886749033727,888.0828776245118,340.8284319771661,374.4864216486613,893.3518824061274,969.6524551028297,729.3706401405534,825.8652804028857,512.0652547910069,502.08647865719263,965.3110265191996,852.5732363100406,915.1086233544537,955.1417561848958,893.2865100149381,886.8437516276042,738.1038786514946,774.4128160591586,648.5908169683381,696.8459225407353,426.3827030467136,482.8950992684239,534.1235141441471,577.7691979408264,739.7780974138351,811.353929130952,750.3222214770516,823.9879161879334,730.1642214089386,681.5023681667301,888.1884795204286,801.5667242710192,940.2721251385859,768.001981631611,780.7690168988009,692.1567981102887,532.3645075557499,468.12193316411464,919.932611338019,943.2093581204061,1020.1398355677627,910.5791615849364,975.8141903553839,1019.995925662587,872.5032526885333,971.8740366162586,1008.3321385170096,913.6129122963248,888.4349703242269,869.4062924603925,864.248969958846,900.4024573900423,855.2469688621727,844.5128805129254,705.6948394075446,735.6693232812922,421.3616146142932,415.2719345797955,808.7627040675429,770.2099024349228,867.9472084857048,845.8685749598911,821.6350842618394,744.8939638388091,579.2819673760732,486.5260515801112,747.4471794565344,721.1456699652097,409.7198212865521,381.3801472109578,362.5422150200563,392.2689178732887,561.5462613847163,483.49036739372957,103.48639142784049,25.203369306202475,721.4861185709635,700.6229154942399,752.6181229352951,707.1402024316571,730.7851369144353,652.19709863286,5.423115114497609,0.09809556301096799,12.08254970699036,11.864237886003684,54.63560949220053,38.259944965717416,6.109116054243511,-3.0851710364770364,697.4760908647017,807.5182539506392,834.8030366833578,720.7908385071573,680.3728739420573,252.1616113638146,235.8858197963599,579.6344814300537
898.1297753366698,871.0661575393846,926.6999230855427,956.6644772571397,549.2601396871167,604.3764066078833,935.0767452048117,866.8649571120485,674.7893848029935,689.2855266977529,881.5628482074272,753.0054691447152,905.8697448537444,655.889522720445,671.5456087672295,545.968529864665,882.0373335562612,822.3045581741586,888.5024369046149,886.4184259643555,334.2641748322381,376.8008762995402,889.3887638130574,967.2821636805459,726.5053626255216,825.1496291527382,509.8991891455255,500.8555958006117,965.4372377575569,857.5362351405768,914.9203103533567,955.3575219726563,891.6922378540039,886.8950130208333,732.7166933806046,771.5451564559017,654.4091906778613,698.8336587128816,424.1800175181457,484.08984882197575,541.4830656833336,573.9189376831055,737.7343541740307,810.6140369577995,746.2318872953856,822.0501959505137,729.8925022566614,682.8765139413047,883.8776089299109,797.6129799140863,937.5162893464667,764.3249887057713,776.1013252360939,688.825896581014,530.6622058671913,466.7570808867874,918.179381288025,939.4165690519192,1016.8085192171595,907.7428340375088,974.5758518650221,1015.4042782335991,871.5217879642405,969.5941512103924,1004.6758964880189,910.0186113239258,886.1767198653704,867.2412636011466,862.8610527864687,897.7933835192938,851.4216442623654,841.6247745576452,703.3395244003436,736.0247529265168,420.6530153578606,416.347387004906,804.2844460909483,769.4218433427612,870.8206228702626,850.488529750279,821.7507846364573,744.7066367746058,580.2986581412952,482.03875840266545,747.06329014984,718.8928287891355,407.838586774819,379.7578153128228,361.9341173564753,391.09349697028176,559.0509497327714,481.266472248584,102.57275867452672,25.126410772733216,713.6845275878907,703.3754391427767,748.1306985616684,704.5075060814214,727.9116125131078,650.6424681340278,5.0506763330562725,0.08817801942738394,11.861133912273518,11.68657686514203,53.80469031769659,38.3563621619864,5.881439874569575,-3.2890462752650764,673.0351617986506,797.5516490589489,830.9671893023805,713.8792500556269,676.7284533930759,251.07268179038115,231.9425613302173,562.8591630212192
896.889684116404,870.8664870584252,926.2772409119306,956.1221203936999,549.0632138008295,603.9570487184184,934.4669752844561,866.7906331547778,676.5259241376605,688.4062241100875,884.1188616868926,755.1977373255623,906.8258210946111,657.2458251338256,671.9792924188263,546.0053804784495,883.52283085466,823.6114230140103,887.1832574720127,884.5074599914551,340.02968051698474,376.19468784332275,889.6948319802552,967.639556672838,726.8179335968657,824.88709460248,511.7608655697733,499.6324282222324,965.1672094093179,854.9160959502797,916.1025893644398,956.6822161865234,890.8168672464661,885.3624582248264,731.7506594450577,770.5267745787838,648.1702099686677,698.2643523039641,424.50066813640296,483.2417930860198,532.6771985038382,575.834254026413,738.1763725053696,811.2825516976451,744.3454077170752,823.4267622685572,727.9684123520024,680.4169596291922,884.3149994219503,798.4969407358477,938.3660795292799,765.5421228715832,775.6474148532201,691.371508546904,529.4474967043734,467.0997480157696,917.7686254829332,939.7086302991266,1015.880775787403,905.7150630306795,974.7946204144022,1016.5001956421195,871.7585764660383,970.8692633310953,1006.7677849157533,910.4265950348334,883.6863425715586,865.8934036116938,860.3553616469073,892.2545629680486,852.2552438684412,842.2904947312152,704.5719457503852,736.3147518273556,419.52408876280856,414.00137364024846,801.25152487833,769.6370776164581,872.6542851874169,852.0139901297433,822.3659728331584,745.8601005136637,577.8438769372304,482.1676883498828,747.929487334264,719.4782103759724,409.5267887204885,378.60629344373837,361.53393765115715,391.6162696751645,554.0315466075124,475.683680271705,102.39462190458046,24.77896491726448,712.6671000162761,698.6629405910686,747.9782202243805,704.505662132712,727.1233278619121,650.0315307766417,5.0543321644838315,0.08563359129346079,11.72081397826593,11.618527565402369,53.44247077408984,38.16277048793955,5.453425619337294,-3.5603409302146996,698.5998479669744,801.1920232599432,830.6533833958158,710.9543273539483,676.8251312854243,249.67426728261145,232.22810444687352,558.8278447512922
899.4162993965915,871.9205489676408,929.1182368184384,958.3666837452893,547.9125286723292,603.0096851331847,937.0825624327729,868.5813692054977,678.3668767578748,688.7017271225569,886.2901671494894,756.8307132414409,906.9772751768908,657.6073663524288,673.4067469781904,546.9298803776725,882.0167113570806,823.3534408582009,890.3504028027999,886.1844591979981,339.0912016232808,376.931777604421,891.9373899297452,970.1478629036556,727.8288609969054,825.1256106450007,512.4591585970716,498.7543505032857,965.4326839447021,854.9545975296586,917.6079074328966,957.5869844563803,893.3528598850056,886.6401661512587,735.4622879691746,773.524962643543,647.850515374003,697.8436694675022,426.1398716313498,483.7726788467236,532.0474301322562,579.1527986526489,738.0422183294145,811.4212475817351,745.7100226288054,824.3538881826122,728.5618171613079,679.7478527255826,885.5297567767482,800.5113234729711,938.8874622870289,765.6377717177393,775.4825338526157,691.6392891266767,530.6998770606983,467.7341334228625,919.3574832444123,940.4961987888372,1017.1163515071374,906.7500693713075,978.1184083092731,1019.7558272278425,874.4075996795561,971.1504480338391,1011.169628541861,912.0753835276424,886.5033402657241,867.5466434388566,862.3551002065087,894.9598129019553,852.6783181955149,844.3418175744229,706.2961353686972,738.4505014130564,421.04092694710994,416.7612998854946,808.3245066658395,770.9764766455686,870.8414748171542,848.0548558916364,822.5642780581653,746.1313553304303,577.0140483427048,483.80840592732034,748.2863320976627,719.5763711816112,406.88079786722494,376.6523849370247,360.7071273854247,392.25425534309096,551.6747176457443,472.04638153101007,100.3598482899661,24.27660350508658,717.4309488932291,702.8493419582561,748.8432312011719,706.1106600696685,727.6606568780564,650.9578128339026,4.6417961505633825,0.06210605041296394,11.32183870314555,11.253792324355118,52.23707477875513,37.237482321466146,4.519280162122515,-3.772464297711849,716.1540749289773,805.1714577414773,831.6737494756711,710.48081680491,674.5633613736022,248.08410344730345,227.53519789377847,542.5244015989632
899.6860528149881,872.7286425642293,930.9033715500984,959.752963719615,549.8720595781193,605.7823592429714,939.1120834675795,870.1268468268374,681.8561687080228,691.6596972121567,885.5932676733994,755.9634840821464,907.2249106133986,657.2237448238651,675.4763174484025,547.6005150520476,882.9109587465982,822.5033391527955,892.8544400679198,886.2822622070313,339.71517515182495,376.5591723759969,893.9808374600321,971.4962989564926,727.0786437488975,825.35804606008,511.5445300571168,501.4695446226332,965.468304544125,853.2512928903839,915.8713362886524,958.6379406738281,892.1747449454615,887.150472140842,738.2327570376189,774.495645913733,644.8846941971044,696.3924140930176,426.1344482664551,481.80375676387257,528.0251608676598,579.7933678627014,739.1768055963847,812.5527893355672,748.7505537580315,825.9082166437518,729.7559156417847,680.6304735703902,887.5532597311081,802.0501734210599,940.6474770824575,767.4366013413704,778.7291122231248,695.9073758849911,532.091379044958,468.7425581589951,918.4237431905356,941.6939130006014,1017.7216209520789,909.0504411514884,977.7353013013757,1021.9175835087847,874.3814008520284,971.9023001870992,1015.4007798379927,915.728299776713,887.3470465167185,869.6674151805246,862.2535422744265,897.3404600870543,853.0655810038248,844.800699921905,708.5379511981929,739.057304613518,422.1842174253602,418.3987257782842,807.0836325473473,772.0903687536469,870.8775154276098,848.4483397347586,822.0874266423485,745.8851614143308,578.2975440057119,483.53917602539065,749.1271127373111,720.365953942989,407.51221271972446,379.60622725073614,361.3788171604562,392.9662608297828,554.6852717833982,474.6922946616355,100.90860402842776,24.29543744128336,717.3607503255208,700.7307537531449,752.3977024555206,707.9174041920658,730.3403794771539,652.6573591704473,4.916430930686674,0.07721955188791509,11.628870920091336,11.430344220521146,53.06444956203349,37.28972395877379,5.322145952118768,-3.52321545823532,693.4771562056108,807.2534723455256,832.7734981255244,715.0570387055602,675.990421369964,251.80708155140542,234.30926416859484,553.7565722958796
900.6850208386057,873.8083476502486,930.975850761858,959.8881070281404,549.3071191388507,604.9017801971307,939.344818629064,870.5031955968954,678.6254799511968,689.04560895826,885.3317884739821,756.1856443600049,908.2365874377164,656.8398109162868,672.8925923399664,548.5522504882244,883.2765202454481,822.9320606472485,892.5692430693528,887.601707611084,335.16777086257935,375.9010578155518,895.0314262577293,971.6627156393869,727.5217644456793,826.2468464191144,509.82732478821475,498.9099002679189,966.3519204697519,857.4710598415799,918.4559295734396,959.2585552978516,895.3440540119753,889.6771362304687,741.7763616147249,777.9407988398908,653.1784303639954,700.6716890688296,426.13619405031204,484.17099778393236,538.9516760403993,579.8390295505524,741.5459801147855,812.5911982387163,750.7616213556784,825.4779166394507,735.1592999135167,684.9699843079894,887.225726198381,801.924776095449,941.3469845858933,767.2644542390912,781.2584004423544,693.5142142912921,533.4538065475639,470.2654631941194,920.0693270797144,941.9557318974424,1020.2477690403714,911.2640323710486,979.4054020624576,1022.5883720978178,872.226869355648,971.3318168577343,1014.1797911231198,914.4344899175395,890.2320044238916,871.1540770285319,866.3951649756948,898.8503063054375,854.8991599899155,845.9165782303106,708.8218089112448,740.4390928590452,422.9402385656384,420.6792544109721,812.7215576171875,773.9524693152716,873.5026271089595,852.9637047903879,822.9478157671932,746.8212893150788,583.6311175195376,483.8430490237474,748.9006520141064,721.1878049984956,409.054550329552,381.09873468307813,362.39843546556705,392.686825287898,558.9978610570329,479.54412007103366,102.18442427025487,24.880613486602346,717.0575907389323,708.2456861592956,751.8365197181702,710.5450369027944,729.7313638546387,654.5169531077802,4.949260646318036,0.08871943002116124,11.801080671998312,11.689579198478375,53.70006415526873,38.24130485002052,5.535915109846327,-3.3156283962375976,679.317460493608,805.0107754794034,836.8018634975357,716.881664420985,678.0448662252987,252.87548661022856,233.1815044229681,547.9268299957802
900.7799108678645,873.7473272997886,930.3389336657439,959.5367010361645,548.1422245114348,605.3953417606119,938.9691640751441,870.6382554152672,680.6700730615732,689.7252593431316,885.1856933531723,756.633025042216,907.0236452472353,657.0076505085717,673.0613850977884,549.5155204738636,887.8295641171424,827.9548172681434,892.6649743441877,888.8394528198243,336.2351178063287,375.933550008138,893.7563706875535,971.5338496253604,728.0445841644447,827.0273287846492,509.94391916074807,499.02566202481586,968.2916028724527,859.8456007969232,919.7979882908618,959.992474975586,895.1988416768737,890.8452071126302,739.368090289572,776.7125251494258,652.9356640130937,699.4996871948242,424.70698023481026,484.27681167831133,536.4736104871406,579.6634967327118,742.1913225627135,814.7013246075237,750.9043065176701,826.8198351720621,734.334015696502,687.2661636459244,888.9724584087248,802.0411942753275,941.6281333736778,768.1614047612702,782.2914938135532,694.2966005007426,533.2073369880553,470.37896185076863,919.6070353078685,942.2506907008312,1020.5903723332589,911.8515870593502,978.0740367325493,1021.0660667542886,872.4466934437417,971.1913438883338,1011.168822331215,913.5861926460759,888.8379059971048,871.7900609797662,866.1780522097448,898.6725798548914,857.7588017437909,845.859917468712,709.6217232800404,741.4809439522879,423.18019214574844,418.67856558947494,810.2898454509798,773.0836690689024,877.974676903258,857.9844970703125,826.1423652692773,748.5834512664468,581.8029674275716,484.17415028969447,749.3974282420154,722.4193867224234,408.52207172640107,379.71648117781547,362.687339360619,393.93906692714745,558.2603601240925,481.3778585362931,102.5339223899775,25.391979856969556,714.3162272135417,701.7500351728019,749.5886441469193,706.7559178555174,730.355372771052,653.9864234064494,4.9754464034861146,0.10096401958295179,11.91619336922569,11.708343773684984,53.79976706992464,38.34790614298958,5.404138366381328,-3.288039834183805,678.3529829545455,804.798417524858,834.0015619265154,716.6673688284958,679.0269808301739,250.45793932101182,234.08088980299053,554.6190087548617
901.9094874304329,874.4115136255218,930.7341044422562,961.3357873684856,548.3683527569439,602.829134034259,939.164033907657,871.3930965727948,679.4281490870884,689.234091664924,888.7227498031244,758.2997136713966,907.1057757950974,659.0999611080417,672.4411636039392,548.6114520659813,888.5448271222589,827.8361090663263,893.0398107360606,888.6279189453124,336.2786882188585,376.72960739135743,896.0910508677385,971.2400652870299,729.5503881464454,827.0570232684796,511.33976917372223,497.1698852645026,967.8849723384066,858.5096863546489,921.2311702538037,959.134028930664,897.371079008458,890.1001504177517,740.2419759999151,776.4316722456231,650.3241480940765,700.0691930982802,426.5936228803226,485.1242683496368,533.3825384046211,578.2621455192566,741.5239721153464,813.7181982248316,751.243620208379,827.0903196055987,733.9894390894361,684.5828971329269,889.369453514776,803.0815223878429,941.9827370907502,767.3084139996611,781.1347354837598,694.4568868337893,532.6528777179985,469.2964666832098,920.8152040980863,942.6192684460569,1020.7722225323095,912.8795684757197,979.2089281961192,1020.5358189394559,873.6197512565403,973.2906107961396,1011.3392315764926,912.6291147991052,889.5148040942931,871.859310638258,866.09058360689,897.945080836175,854.9872031684395,846.4165682558154,707.8959104205491,741.0208152341636,419.170934262483,418.1135713483246,807.0217138821962,772.9192889834835,873.6832664976729,855.2998079572405,824.8841931207884,748.0824214325426,581.2607927640279,484.7768178124726,749.6818063946023,721.5563327351414,408.7847035072306,376.6461551456245,361.62213330577896,393.14830230815056,556.8381723466318,478.66047224515427,101.0861464690555,24.404780476221017,714.5481567382812,705.598775572696,749.814835190773,706.4227234335507,730.1576525273214,654.1186927775591,4.392142104132003,0.07556081367829055,11.44859805200589,11.382735824683472,52.28330727156155,37.59491965267306,4.29729390475485,-3.8094432619126404,699.9594282670455,803.1049771395597,832.5855975055055,713.3568968953965,679.6847537171607,249.71392305378328,229.76784791368428,553.7594202304708
901.0368969016824,874.1921885435028,932.4687296791394,960.8408973720444,549.6687396847924,605.9970214545859,939.7435395744044,870.9312735885509,682.4526616310586,692.3373431690404,887.5937627156576,758.1896736062472,906.3935285865954,658.7962101944063,675.4429837649142,548.8568168292862,885.2963121423224,825.9326188350436,896.3246460253251,888.7400012817383,341.2719250255161,377.19918200174965,894.955873993052,972.8660939534506,729.4299519124455,826.6862169622065,512.9780216006284,499.4089977476332,965.5562000994412,855.8045381522473,918.9313742169558,958.6156945800781,895.9566001245531,889.3509726291232,737.6854359502378,775.6128584160862,646.9490368922901,697.84386783176,424.863547448601,482.92373597934454,525.8780136733759,579.9816625118256,742.7997224058897,813.9712146921745,752.3141189974663,828.1054414503756,733.4912436619278,683.890964814833,889.6051572299773,803.7502915992065,943.4311453550479,769.1514420499744,782.5686310225003,697.6419484194587,533.1500522069779,470.43860722271,921.1607598830158,944.4698831814306,1019.7381481310719,911.5074119299483,978.3568961765455,1019.1705454051687,874.1590705894913,972.3831991109338,1013.377151944744,913.982314987084,889.7877068798193,870.9294431017238,866.7690525419393,901.171000275164,854.8522643355636,847.7895617563216,706.7208326847182,740.2210282495012,424.93572174293405,418.03722603220336,809.67588355893,773.527773022157,872.2733933469083,851.9267142159598,823.5348501315062,747.9482825754097,578.70828748703,485.86291742801666,749.7520180723216,722.1816319540242,406.68213796753923,377.4452191868844,362.8170284073597,394.4671402202788,556.2322680290365,478.24599419683216,100.7682501711943,24.48340568221884,718.0109252929688,696.5887833934719,751.0694518089294,706.3504942121549,729.9242673684622,653.5632152860497,4.650041843641941,0.07343668203318009,11.450049839803185,11.436788479443436,52.66365160270466,37.65186190199588,4.56686505344179,-3.542204479960834,698.4953391335227,808.2386041814631,833.188315986787,714.9065207952185,679.5828324860217,250.85957900410224,231.6817323655793,565.1272266979876
900.1933556737415,874.8559947810842,931.1105263944755,960.0879561168501,547.4781026086142,603.4438500319209,939.9268554726525,869.74404390538,680.2005427224295,691.4311475284765,885.216901438023,756.1839080164357,905.8039649583873,657.3596213327246,673.7649372347552,548.0284718141958,881.8253709874447,823.0679256527923,896.351075768014,888.7052492065429,339.4796069463094,372.1935815811157,894.5965802961957,972.3579712216816,726.8991907229598,825.0014128213401,506.4645390892556,496.7368691762288,964.2715326345192,854.2234667365933,916.5402883294373,956.756948852539,893.9665316565562,888.2992529296876,742.3394836425781,775.7097094432418,646.8690917061289,698.0137217486346,425.44286714281355,482.0708634165789,532.7194761057369,577.7522432804108,741.1717595713479,813.5814694951496,752.962516476517,827.0613092623258,735.0106793553376,683.8146737505506,888.1449338027156,802.94854551746,941.8519493701989,768.1540791129682,781.9977959945063,695.1162116621055,533.3488872771153,468.6850753045609,919.7064156506174,943.159594733406,1017.6517064180024,909.2219110546148,978.4529728897758,1017.3889616994024,872.3553121490945,970.8107415422982,1013.6354568253702,912.3556781652978,889.1878892459226,869.3749141869898,866.449343250056,901.7211409089315,853.3945505640528,844.4086000723917,706.6166662513663,739.0194556826636,424.01013885719186,420.59588705653874,806.6008897374888,770.4417405504408,869.0645777925532,847.9441386631557,821.3033281304371,746.1456662811627,578.15802598238,484.9762595450878,747.834459615699,719.7340032522269,407.1681533264982,379.82096966939713,361.5650656891685,392.2955024486432,559.3257360547933,481.3937824557473,101.34807649873956,24.587464225407263,717.0295125325521,703.6885603565281,752.1642436981201,709.0572255682622,730.983634191615,653.7542669207659,4.5144255454284385,0.08311966910820316,11.705743367292033,11.67658114028336,53.764355915329325,38.007893151952885,4.847392353746626,-3.6073119714856148,690.755898215554,808.9560125177557,836.2342545682152,718.0122860292845,679.9658502316943,253.2698281579896,232.95600181637388,565.7116017834894
899.6478715691685,874.1048825443393,931.0169047787697,959.1813722169732,548.9051276096078,604.7976407621588,940.1472579357671,869.8508936675051,678.3768368545843,689.2806930229312,883.5600166320801,754.7746754578181,907.3286056862074,655.8425819738674,675.7461154235536,548.6048960135533,882.3094652365734,823.1156000821693,890.6556670382562,886.897963684082,334.50118589401245,377.9056641260783,892.7201420947758,970.8532735431005,727.7903048230716,825.3265282347962,510.90648737533314,499.60953158802454,964.4628194772972,856.1826842508199,915.2290870486282,955.8266872151693,892.9934632899398,888.2881959364149,737.832153851053,774.9361579619258,655.25642650453,701.1750423290111,425.09993248752187,484.66693682438427,541.0197568174268,576.0096879005432,740.9845326396209,813.0169997373464,752.0497417582775,824.8373827683298,735.847893328706,687.6237815510143,888.5430131942995,801.9750507556099,940.6920104548431,767.3812975950644,782.8694071064081,694.9348973573423,533.2871334347377,470.36106124305684,918.7818211099012,942.9189243095892,1018.2786904225854,909.2369119901819,976.8168667469854,1016.8776664054895,870.753592954863,968.8757119826329,1014.5694466206564,912.2876512345109,889.51540821054,869.3761379814944,866.6120777737563,900.3022927131442,854.558447726138,844.033890552208,706.1742062349932,738.2154505345728,421.10892757471055,419.52407294259945,809.2495332311412,771.9954813723742,869.6780668218086,852.6796210152762,822.8778918328413,747.5317280233236,581.019302948316,482.8285569981734,749.0739488778136,721.15935062864,407.6657342950923,379.3312836937095,362.75173191962796,392.66409117902083,559.4082196956984,482.2000703004375,102.0977631892526,24.905078800727043,714.7608235677084,703.5436049639169,749.0580916404724,707.1930003619302,729.814807338569,653.3447171592479,4.742171810682569,0.08507328996201977,11.729616807297093,11.594963073264651,53.75101822920108,38.18866170648678,5.018229842185974,-3.6402933176826027,681.1340276544744,803.0795865145597,833.9895101457635,715.4094674798507,678.7500023935355,251.54426468046088,232.68835853807855,555.8780529087987
901.0115793283321,872.7977633608712,931.2246801351396,959.0167908630523,548.7128655189691,602.0674409057413,939.3073987578696,868.2708978523092,678.2215515058867,689.2383373135426,886.6063011603627,755.7926651354229,909.2986727595124,658.4664442563346,675.5682595096417,548.2961197615261,884.8932598710625,826.6039442524957,890.334154823274,886.3118724060058,336.53672472635907,377.29817530314125,893.5828108243956,970.4713845025925,730.3034875080848,826.3387777726729,511.10072978952314,498.6396670871311,965.6063057881481,857.4647388599537,917.3132037465654,955.2733805338542,893.1967950594627,887.1486424424913,736.7796553902004,775.9090796780873,652.4229328306761,699.7202224731445,425.58724669260636,483.14286282714386,536.0838963242828,579.16246342659,741.6332824362648,814.8314201752721,749.5116771745151,826.6661311813265,733.5232700946902,685.5680555196909,887.651697847151,802.1084348029755,941.3301608774193,766.0609324453343,781.0735146218885,694.6191076320761,532.784065212439,469.2101596406556,919.1216950432233,941.2052874366442,1018.3413376225637,907.6884318525304,978.0243896219005,1015.3288770694177,871.9911269441657,968.5101133825357,1017.3152679898845,911.4809996028279,887.7632509381583,869.6703001852659,865.7285166940871,898.5656146476282,854.2380322293118,844.283893209989,707.8059093930306,739.5733363824489,421.7035400280054,416.1851220466721,807.7960696611248,771.1169329758008,872.6272128490691,854.1557050432477,823.6158159994075,748.6411746522998,580.9689830466111,484.0387271173795,750.0862836661317,720.7644963905229,408.94141890652037,378.62588882209593,361.96603544019064,392.386728565727,555.7700944163857,479.3620627118771,101.21463090203771,24.54630870834439,712.3831766764323,701.7064550367452,749.3125948905945,707.0481736886555,728.4359773825144,653.0174280437105,4.485368787886967,0.07807551837629742,11.471434144017005,11.471257671903992,52.90463388442852,37.86074946800707,4.473527981175317,-3.6886855932500433,689.9835981889205,802.3307983398438,832.3242605324559,713.2475323254549,678.4223133161956,248.89920976784146,230.73251678004408,556.1734499766909
899.9922863212639,872.8055848116526,931.9546362551441,959.6979683737355,549.0713144524153,602.5270441174507,940.3166108582635,869.047428439323,679.8625433785575,689.853897036099,885.8144076122501,756.4111500022904,909.6054198705107,657.4388938316932,674.649533589681,546.8560249438652,884.044981933883,824.473172482462,891.4153836714354,886.0826042480469,339.22607448365954,376.63549251556395,894.8640297343377,971.1603034791492,729.3715469400296,825.4822976667803,512.6581459466923,498.263398276435,964.5851355498692,854.8004133813175,917.9629455726604,956.8506628417969,895.1364420228085,887.8947748480903,738.3314410665761,774.8751022155026,646.8535115834375,699.5480270385742,425.6877122095653,482.2544971708948,530.9226192411829,580.8184559345245,740.1436501296148,812.8504279981858,751.4341730261248,827.7306346335606,732.5620574951172,683.3335209959871,889.4288138576093,802.9584483764738,942.3125524803171,767.5832224391116,779.8413086963876,695.0746044832117,531.9414458910588,469.3774777622055,920.6037612363516,943.1927393608623,1018.7813367400777,909.1277825067459,980.5617588474439,1018.8879275646025,873.6461744395965,969.5694460378262,1018.1154593852029,912.5164386037092,889.956266422486,869.1669432158596,865.278057511445,899.3097875605631,854.2148060841604,845.925127154491,706.7724645772112,740.2825302850632,421.5069523686948,418.0328689410653,809.7896284509877,772.2123314315353,872.7789800116357,850.9682677132743,823.5281153492543,747.76698548886,577.3748760986329,485.41038922217984,748.7828206200957,720.5974830385627,407.20850741381156,377.4752090898231,362.3230543357028,393.1220578265713,553.7170419277329,477.5488537197312,100.71230983363327,24.26363797408624,717.5988321940105,700.0257976984574,748.496166229248,705.9638227574966,727.2366239824368,653.3984461308692,4.607416852524406,0.07073886279292681,11.370128319320907,11.309998373452721,52.119200469405165,37.5244546605234,4.645729190773434,-3.539803622838329,696.2913596413352,805.685829856179,832.8248647395396,711.7194644589968,676.634074192421,247.53623953879926,228.63080339720756,557.1417145235785
900.388091192617,873.3206056952477,932.7889845549847,959.8320816232864,549.3424710850383,603.9863350114653,941.0767500829412,868.8941779739299,682.605699655961,691.0537655392632,885.7943141906242,755.8511430997697,907.2545338854782,655.4556551568421,675.4215262825809,547.5770876951904,882.2845836476693,822.9137198679471,892.7390796763686,885.4490724182128,339.27958393096924,375.93613115946454,893.8597591229503,971.0095953562903,728.0155925351288,824.0736324603741,508.6540170954077,498.1752577887641,963.606666241052,853.4201236677759,914.6193035456139,956.3001590983073,892.117026636156,886.5008361816406,740.8759184464164,776.0820503694465,646.6099925440313,696.793812363236,426.67964072738374,481.42754013618725,528.4121145029537,577.4267520904541,742.0413257117191,813.28432894883,752.2427945303053,827.7912698712265,732.5846676787069,683.168238433091,890.5997647008588,805.0593273856423,943.2551254827237,767.9737693874889,781.8627487661593,695.6536039417865,533.171603007702,468.8559064856333,919.4277277233044,942.5134093540686,1019.755817729505,909.6030673086084,979.6055470872961,1018.8269048771041,872.2335179880125,969.0964414494518,1018.3810215281017,914.4215236437105,889.0486193030068,867.6630859798615,864.3234376117682,899.8972348376532,854.3607919710176,846.2282457820704,705.2867166361677,739.2106213590283,423.2946463875149,418.04771560346575,806.3181538816358,771.0983397930984,871.6792433718417,846.484071459089,821.2723251649703,746.8556490649175,577.2519264094035,483.3681727763017,749.5303632559755,719.362405423312,406.765339996096,379.8214431273808,362.12251226573306,392.68381036273666,555.5941010984783,479.1617205183705,100.26000651303265,24.13092156878349,721.0165384928385,700.9979222184521,752.6296914815903,708.7005040785846,728.5296143587613,653.8589436069386,4.6956890365599016,0.07273584494574202,11.672168817718022,11.56704298453325,53.28525725203032,37.515229344067556,4.835489922099644,-3.566040517104899,688.4976640181108,810.5011363636364,835.2308779722892,715.0570852545243,677.1734062643612,251.29275892910204,233.4137127905181,561.0596216464864
900.2697759761157,872.9731851177986,932.0617918905832,959.2256565008505,549.405952791835,604.5298315882683,941.5409423424866,869.7684178068283,682.6417968516447,689.2720427591292,884.7441171630611,754.2519182565667,906.8950419352353,654.8228630949611,675.5624653830457,546.276186005945,883.0846770589386,822.2576811971062,890.5163352352449,886.7691671447753,337.5688026216295,377.5319313685099,894.5945645947477,971.1089915623741,726.9492346479007,825.7970031067565,510.0807865574874,499.705846230189,963.1030453016173,853.7783973222897,915.6161832233739,956.1439524332683,893.909831677453,888.8759383138021,740.543399445907,774.6167389283697,653.714099900838,699.9392601295754,425.47321031987667,484.3013544761286,538.4066322826949,576.9995715618134,741.9335205304244,813.9103481780861,753.592637113542,828.2710182959573,737.2398401055455,685.8133175989965,890.1377926811095,804.9300995292551,943.4352080984619,768.6658597357076,784.1499431593002,694.9734196709652,535.0060015966583,470.27107310109756,919.7521354616798,942.7577707061062,1020.2996075570454,910.1293814768263,979.4558242399796,1019.2557675198058,870.9885543216624,967.3594067185013,1016.4430653586317,913.7155170144961,889.3799524040704,868.5043352787617,866.3695448128282,901.4003605289354,857.3633208060049,844.6046124129999,707.6771692048519,739.7323147331997,424.99909989730173,417.9179415241094,809.3091294335537,770.9766453153364,874.6444961872506,852.0094811575754,822.1926861467033,746.4266632354062,581.2328390375773,484.05849528948465,749.9588283723672,719.5418280029115,408.6681851485854,381.2198382990455,363.908407060632,392.7817756173082,556.8910963890507,481.76618787050245,100.98461851639742,24.506287934648093,716.047265625,704.5624260336666,753.0041748285294,708.0049530650696,727.7110775469521,654.069134765266,4.736161598298502,0.0793315447177048,11.680222057296831,11.608019690395272,53.40002468125939,38.28846588547114,5.010105020470089,-3.4311423415646836,675.2386308149858,803.243134099787,833.8290888639104,714.4527846710591,676.9981865976371,252.50060793960043,232.42121307777637,549.7404492476891
900.716883195474,873.1857771596523,932.4660876043912,959.8131162730821,547.9303260936293,602.0898375085422,941.4371451648605,869.0605885145512,679.6430193064164,687.7820596392038,885.9860189639456,754.4867787187062,909.5112536906378,655.6379819225203,674.3857856959253,547.7306847832634,885.6028057839633,825.2028201664009,891.0273254219143,887.634507598877,335.01190667682226,377.34742024739586,894.1403984411111,971.5058190482004,730.3052874560132,826.9841637244591,512.7154047001791,497.0953341854943,966.2095120987802,857.6663165810668,915.4372223781476,955.8942838541667,894.0019807977192,888.2168849012587,739.5451402747112,774.6653015872082,654.3026612991804,701.0666406419542,426.55424330915724,483.472302890449,536.4098546387719,581.480288028717,742.743312967675,815.7623211467436,752.4858836045172,828.1369779932569,737.9965576140348,688.4102473092246,890.7240022576624,804.2637990157276,944.3862572035428,767.945394386468,783.5737966015735,696.0744744656133,534.6381279138011,470.5128936848547,919.2272216195214,942.3322627389872,1019.1663568467867,910.859276630194,978.9742828899881,1018.2509856733303,872.1547923423464,967.1252225083089,1016.2830386944671,911.9886326950034,887.8454860322931,867.8265353791073,864.8104762180595,899.328031929817,856.5649495167776,843.4339905723197,707.4855838040693,741.0167323521206,422.6895988574926,416.6472629493391,810.2282134509477,772.5584379963855,872.8354284408244,857.4863466535296,825.1082251903198,748.4913895531912,582.4144937753678,484.7091422112783,750.9783651948501,721.3576773075637,408.928405024681,379.84405447085413,363.8396735685431,393.3509251777387,556.4678983250175,481.192031095922,101.53132672304356,24.785627234300485,713.0294250488281,702.5197495282706,749.4274946451187,706.2923028868248,729.0338588258389,654.8596139426336,4.652598497715141,0.07919673064240702,11.620850512244449,11.559061478755925,52.995699904347056,37.978796354884295,4.5697470506032305,-3.602070833392003,679.3545976118608,800.2042857776988,832.2161750537437,712.4499710662456,679.251927095301,250.05197034959207,232.32155901013,551.27567008446
901.1967388702536,873.831321084665,933.9751660577182,959.4625979267744,548.3796001168184,601.5613118112087,942.2099121692133,868.499059897991,680.6035274194211,688.4031134902453,886.3478369674062,757.3893528332786,911.0410414576326,657.695071578991,675.4025797132235,547.0804332828995,885.474889547339,826.708190201921,891.9250000409239,886.6491097106933,335.5975409613715,376.1635637283325,897.2934322604885,971.6606354789128,730.7917005928399,825.9415364108243,512.041407843321,498.17020614941913,965.2730802500023,857.4666476779514,920.5500669304155,958.3164394124349,895.1717742661299,888.2544949001737,736.0735322371773,774.4376794286521,651.2773307766684,699.5546398869267,426.85115926180566,483.6331528938665,534.3066038538198,580.9087386131287,743.5836086798282,814.827144387774,754.6742160459747,830.1241097366601,736.390340079946,686.6209731335407,892.6384446221014,806.8553977166453,945.1139755003547,770.4368676122285,784.1022016927266,696.4574216721105,534.2699791216035,470.6153128619036,920.7181860431784,944.0391870383863,1020.4403744892219,911.6555619982349,981.4196471637229,1018.311327153425,873.6933647879038,971.1611892323435,1018.8842691449977,912.3735343852401,888.7048385834426,868.0289123615403,865.1638696269624,900.488423552961,855.6381935600762,848.0455014901083,708.313847253082,741.9143310811096,422.57967653136325,417.70882032958554,808.3438603135406,772.7507235578481,871.7214303523937,854.7360185895648,824.9427639022184,748.5739080095818,579.786962078164,484.2292446599404,750.9808852678879,721.3410548165314,410.68148807839435,379.5461915589412,363.6920034031015,393.1291461329268,556.0291105775963,479.76960609290126,101.32183241706204,24.331033431596246,713.6185526529948,699.4368762000132,750.049013376236,705.7409587877369,728.8008633290842,654.3902510757259,4.846649776703041,0.07867028585428165,11.570075358187694,11.503126109958195,52.557852911281785,37.80955566494395,5.2459572023815575,-3.4620805146063076,688.7533180930398,802.7851529208097,833.7779233791684,713.4184043015106,679.4397553088618,249.97791654495686,229.37282050739634,555.0985565185547
900.3094082469783,873.8011125679872,932.8011935457463,959.8584220190922,548.7451831906341,603.7768776587078,941.7626579135072,867.8153805708378,681.9546110581379,691.3039848140029,885.3556436057983,756.6517615840548,909.6370348595019,658.05072278822,676.0970156892615,548.5389363239184,883.170596660596,823.9760435110707,895.4173795619687,886.7247669067383,338.95711549123126,374.3353090286255,896.2426131497558,971.3198854961092,729.2627909295846,825.3047225029914,508.57141483686246,498.9042480786641,963.9817739522682,856.3386548454379,917.0260668176365,956.0152903238933,895.02075596179,887.6229924858941,739.5053681746773,776.7255697595068,646.8894451326211,700.4959701255516,426.8662632788931,482.417282683126,530.3679998429095,579.9059927463531,743.1851433321597,814.5359939647511,755.2317361496285,829.2573171582138,735.9516844473594,684.6533775863114,892.4150675888984,804.3418911321422,944.4549609347507,769.9747290026014,783.183203624503,698.2468598858983,533.5138846744335,469.82658609245493,921.0448673578369,944.3161369495922,1021.2555549742078,911.3440930311049,979.6823692520805,1016.3083276656067,872.5024736036949,969.3445799949238,1019.2512443884095,911.5441631131085,889.527167175593,868.1130086291317,865.6132509753962,900.9852907802518,855.6200266657648,847.2465781227487,707.3171791286643,740.1744688620299,424.8713723887568,418.5462926072134,806.7748126670963,771.7530492252334,869.9423204787234,851.6769681658063,822.4424381036868,746.453244144416,576.9403643131257,484.7764568177859,750.1441207952962,720.2608186852219,408.8365820348482,380.3735355545467,362.6703870077836,393.4644770664701,555.1888823272417,478.5636015990873,99.78061789253519,24.102682809497328,717.7401896158855,698.9380017296743,751.3290061950684,706.3525602418373,728.8864039064364,655.0526978176789,4.635494424520354,0.07404587132925236,11.504221982758079,11.397251912877268,52.757236310179344,37.852765140306424,4.922187950876024,-3.465305451687206,699.6111894087358,808.4898515181108,832.651356946702,714.2115140504475,679.1446724685968,250.09602112623682,230.9712434392987,566.6545981703133
900.7532203913861,874.3670117898722,932.0182421454068,959.0866954013171,548.3346722536309,603.0176888725588,941.249281555592,867.315264852402,678.8923450392119,688.6593480813699,882.9430563701846,754.9639053492319,908.4063699175931,656.274141113285,674.0758459366376,547.1682973436771,881.8970087422014,822.3206965867863,892.3942348436377,887.6061644592285,340.3099683655633,371.2951721191406,894.6098434095946,970.5863360450381,727.9579072023562,823.9499787550706,507.81495821410124,496.28697032398645,962.597055399193,853.1571590470679,916.557799812377,956.3130078125,893.7609572329764,887.249114312066,740.9130511739979,777.0152124611728,645.2221581715319,696.867270010489,425.2796781903931,482.03829047385227,528.9403769070985,574.8323721885681,741.7949888398723,812.2766609372686,753.6757572447689,827.3750816590605,735.4578455617606,685.0188108324171,890.3639803517249,803.9802974151377,942.996372389824,768.1602179087863,784.743645261756,697.3434482193461,532.8505022811636,468.7014356851578,920.7170708312653,944.5944255204113,1021.1991953489332,909.7901070891804,978.9298672352667,1015.3722292767374,872.0692340255878,967.7318383362068,1016.7609013799411,911.1784852087036,889.2593829674668,867.7597820065781,866.0652738923479,900.8662857139967,855.0937582136274,844.7880903462894,705.6260483768008,738.0448859408821,421.95881746817327,416.45229521603653,805.0163864385886,769.3593511937565,870.5629493226396,845.1115210396903,821.3380799713719,745.1246674982882,578.1776381889979,482.48656388322513,749.0465990780734,717.9975042833336,404.4506628007135,379.44164298501687,361.0182155307498,391.84432842436826,556.2884709928659,480.60168148706356,100.30666699263922,24.30849235408173,717.2746073404948,702.6529778949285,751.0491321086884,708.3934460463028,728.3550543942828,652.3912863311674,4.552324720290734,0.06919277778447226,11.594295435768338,11.650681550723,53.25121083591681,37.74811252924083,4.740738961431715,-3.589333586038693,703.1128484552556,810.1850275213068,834.1366634496907,716.3430693421183,677.7446926341337,251.0071355802448,233.00372737826723,561.4243596833328
899.4126601528811,873.1611148708998,930.4775286843462,959.1679885453912,548.8153707193774,601.2959061765245,939.614564334645,866.042298152599,677.6993477879738,686.7026318057639,881.9397948505433,751.5004415769425,905.7242454182018,652.9071062798442,674.9118810720112,545.7983915635729,881.906553512501,822.4481449190564,891.096287869859,886.9332361755371,334.5491673681471,375.1758598645528,891.1586532812958,969.1764299604628,728.9273682938821,826.3140111231542,511.35450535321104,499.7127783828312,963.1107196807861,854.8589610158662,914.1916965274361,954.8904960123698,893.9335237923315,888.1177766927084,742.4112686820653,776.4730533461973,654.8823197990787,699.6375569944029,426.24258844181895,483.7942481737458,540.8474768966925,577.1009902954102,741.9985106648907,813.1751389345286,753.2318103147417,826.6164409905149,737.1460621573708,686.2232905968086,889.5193246103103,801.2334418366731,942.313274771397,766.7756240929157,782.9204550088789,694.3087058534809,533.9811775463089,469.55780102866174,918.8374688607056,942.5190799269411,1020.2230001185934,910.1033003021583,976.2371612018088,1014.3923639155514,868.3530226774536,964.6825270319181,1014.1462983088707,911.5748885891542,889.2133423960611,869.2451697748792,863.8003092966262,898.968590752196,854.6810452229267,843.9749647359379,706.296187864531,737.912790802134,422.15283330281574,417.0483846395788,809.0496432194944,771.4200381203806,869.8011020092254,852.4358051845005,821.8490004484681,746.3431625748208,582.6037454952797,483.4481102524201,749.060931746025,718.4243638309432,409.3455966470873,379.6811407124523,362.21183014140115,390.89838640244415,554.9642431081758,479.9396585056186,100.4763116180138,24.07353677293211,718.098573811849,702.3980123228946,751.2076618671417,708.9311534139366,726.8243540989533,652.0546603004624,4.7047527779727,0.06785467988638966,11.60618167434076,11.572986970501598,52.94337713473004,37.97221852381593,4.897748602761163,-3.810444955357953,675.5560802112926,803.6849564985796,833.6965614677275,712.5558050614369,678.9358182420917,251.77440327562783,232.26307790929621,552.56408306648
899.7961034290624,872.147997868332,931.0625097612706,959.729559757795,548.9612393756246,600.7798634086337,938.3723737321546,865.8003734959947,677.8389465954839,687.4432376369101,884.3472577536978,753.3470048737904,908.0850636300664,654.9005046518225,674.7294513265884,546.9132078965899,886.5704603692367,826.0457479217124,889.3906107935412,886.5527342224121,335.5453185505337,375.92046960194904,892.3556781455036,970.8262215568906,733.3095201921712,829.5023315765045,512.2510861665504,498.2482119931115,965.5546647557672,858.3961068612558,918.6831187651226,958.8738399251303,893.496210389218,887.9469944932725,741.8777426014776,778.988677610834,653.8984130573693,701.978773328993,426.33688890508245,483.1284722888961,535.3039995412357,580.3768033981323,741.7190145270692,814.5795262051985,752.1766583009683,826.7083945023386,734.4271961086052,686.5037968242085,888.9982996233048,802.210682278854,941.9784923612381,767.2726440304962,781.647152306253,694.6171392973731,532.9820316370385,468.396833026614,919.5232908284416,941.8162782534405,1019.449865860249,907.898019239558,977.1345385742187,1014.1830338104643,869.4633131114715,964.7658176265136,1015.5721836374767,911.1882165852135,889.1165056239353,871.5366615831272,863.5552075622948,897.7005090871569,858.7309988210867,846.6988184256631,706.8574554373365,740.4425717308408,421.5161656918733,416.5477243880151,808.9466600261751,773.0545251616799,873.6813951857547,855.156500680106,824.8564612801505,748.1789344792867,582.2963038289547,483.74607606152694,750.393712289953,720.2652732273112,409.60766738789044,378.8239513734618,361.6973183750185,391.49891513306534,553.8769557678943,478.17285633231205,100.54563193285355,24.360406419006814,710.6760070800781,699.2483163607322,749.1200335025787,704.5875890395221,727.4060050828463,652.9126855866542,4.6066099781494,0.07712122291408445,11.4418422945142,11.482279682100437,52.55815864078948,37.68197364186097,4.522009650866191,-3.631307888556929,683.5841230912642,800.9031094637784,832.2686591436399,711.7927819746959,677.1348161884383,250.2990477550448,231.75312079805317,553.2768106131718
900.911224731166,872.8281903915635,932.6216432478425,961.2161634775747,547.2816995842512,600.5336724945477,939.0515460106215,867.9965996490641,678.270998429279,686.9007717664125,885.397488849919,755.7404358063899,909.4992602955211,656.2949788471465,672.2854972668548,546.7424632911351,884.4688775844484,823.7480458484536,891.0010513948755,885.1822545166016,336.89232518937854,375.1054815928141,895.634330474281,972.8937213231646,731.316672719586,826.2194987705776,511.51620971300326,498.10664722654553,965.4395745835214,856.4318247853973,918.8023600741009,959.3908864339193,895.9704831656763,889.0987666829427,742.9865693465523,779.7125207372459,650.4643378572842,700.5133363229257,426.21887659600804,483.831200031752,531.7271597189981,578.066558599472,741.4234284990364,813.9113661056447,751.9155314656022,827.3947138089186,732.8570214106031,683.0354766312179,890.2233231652167,803.1064052386018,942.096771151863,767.9114911177269,780.101682928111,693.6032865257824,530.7431423848307,468.8673449116965,920.7624591940204,942.9875887831053,1019.0820643021273,909.0977786065937,980.3040677277938,1020.2530055246692,872.3990638102961,968.0444199597395,1019.1370241535244,913.9707237485151,891.8479012232149,872.6846586334855,863.5178850016017,898.157903260289,854.4814872054367,846.5532492340589,707.313490561389,740.6056345489634,421.32015117700547,417.72601907689807,810.4558274316006,771.711731463547,871.4099887279754,851.7758440290179,822.4159585214666,747.3933356440529,578.6742071406046,485.3936327384909,749.6192743914768,719.8047629833675,407.6524780423326,379.216297208187,361.44159403255736,391.8620181015523,552.5305533764317,476.17894408658145,99.89917360059917,24.19837778967138,715.2745463053385,701.6436007224908,748.440788269043,705.9232060531685,726.7783719516589,651.6178448095299,4.4482509620046535,0.07513412368242388,11.495659865591456,11.321274314953865,52.0927039095823,37.77109265031784,4.546409931447771,-3.449814993669005,691.3258944424716,801.1741654829545,832.2036231124162,709.9874267578125,677.8038261263978,249.01080014203725,229.97113512501573,550.9539928436279
900.3375881830101,872.7212866412269,933.0755269054,961.313040005377,548.7780797914018,605.2183397114277,940.3292561536758,868.3652372230367,681.5351889474051,692.3000807488551,884.2013736352687,755.1436423914773,909.201848175677,657.4948564483086,675.0315854845949,547.1950376607645,883.3469455773231,822.7475178614011,894.3024413594798,886.7000166625977,339.3570261531406,373.16619834899905,896.1604565486936,974.1184253995381,731.1114997464325,827.6634684552204,508.7080984220979,498.5552036497328,965.2233427875447,855.1311148184317,916.8799041187357,959.2430979410807,895.1229242874405,888.9022215440539,745.6487222422725,780.3234363234187,646.7095854166846,700.100787833885,426.32180058956146,482.228169923418,527.6363067626953,580.812798500061,742.5720375411449,814.4098480369242,753.0313541895832,827.1710435856155,733.4071723528144,683.0230458399633,890.4674693030696,802.4526753495516,943.1051608617088,768.9963555978817,780.6874622293652,696.6948769188979,531.5399826906926,468.67174016722095,920.5874564932315,943.2966387680283,1018.7698524188789,908.6505126577381,981.1514102836277,1021.0102919174244,871.6722442906931,967.6653151492523,1018.8332150587395,916.7907710937875,892.9762210985248,873.3506679156891,865.5213255183712,899.9551127734105,856.7821516088537,848.9363780099837,708.1575565163149,740.9961934935995,423.2492118503736,419.38035991829884,809.4861362644883,773.4128815583668,870.8140219830452,851.3064945765904,822.734515990334,746.6450104179962,577.4951661841075,484.49021778464316,749.9864418063395,720.8083919025215,406.88490473790205,381.2129339881322,361.0393170530854,393.20829944646914,555.1105359782084,477.9948359489068,100.96547791589694,24.870409685529207,715.505712890625,697.983237573656,749.4298967123032,705.2244662461777,727.209397371792,652.774265600883,4.821190674103012,0.08370114926990398,11.705505312951638,11.610350082246754,53.6978092451549,37.84298150937238,5.302320592933231,-3.1918889187714634,702.9061279296875,805.5776922052556,832.3242769177328,710.6181260121019,678.8266721239277,249.8144563629962,231.83317249471492,563.5616255464225
900.9236525115607,873.5955491880275,932.2264635446664,963.1394351478592,546.6433634602746,601.4664224897112,941.8001064030614,870.2800630033777,677.6272576779735,687.417812081634,883.3364540658346,755.2385275099012,909.0074404279732,655.6589126857789,672.2461413720354,545.9860344669659,883.051524609751,822.3797174244625,892.5697848148272,888.1480043640137,338.9940695762634,370.31490370432533,896.9897440130061,973.5753169892326,729.2474377217717,826.6526977622902,507.47424622530434,495.4955248037974,964.4718004622549,853.492052921248,915.3250029155902,958.6945294189453,893.804105209092,888.7403568522135,747.4689739724864,783.0040011118693,646.8172613807711,698.5904141178837,427.9205299999033,482.0043788509869,528.1429782929968,577.3660588264465,742.2534562249979,813.6467289495242,752.6154240419605,825.9482881200244,736.044580294081,684.0187341116525,889.1986719161272,802.0341907638259,941.7805547922889,767.0499046611594,780.7670000700673,693.5429838545182,531.949855829111,467.7122584899884,919.6633113263601,942.6442048847675,1020.0393178993373,910.8394045749257,981.0054096255095,1020.1747142581878,871.519492893044,967.9741827725383,1021.090708718371,916.3717665720433,894.4038560674431,875.1130622252304,865.5207855078825,900.398878234526,854.7457652736355,844.29446376738,706.3756069568319,740.6224486776244,423.87278404788697,419.3983068869147,807.327886987905,772.380438460354,869.9901512632979,847.4089796883719,820.4309015529823,745.4504862911793,579.5895558166504,482.76195272127785,749.1594522753476,718.9835623578582,407.6460038083441,380.9343437356639,361.1291930338586,391.9450232231361,556.7231306544741,480.72140302554396,101.9495545834027,24.880416172812335,719.8664693196614,704.2659669003244,752.0203909873962,711.0063726157624,728.3018962287417,653.3475973256351,4.85790777001775,0.08996063598854191,11.844097587288248,11.649178341506662,53.99617312938611,38.47356132858449,5.393664207723406,-3.404434077003423,699.4389537464489,808.623397549716,836.5051515310403,712.6772628977329,678.0496966792088,253.44043252447196,233.85347789706606,553.7223335792279
901.9314087862952,873.739191289502,933.6134232420134,964.0612296393193,546.9219713255417,601.3320689712252,941.3885949046207,871.1175021228385,678.0619979780547,688.6231820466088,884.5421067989938,754.678990908653,910.0485360945478,656.7320611780955,672.6951101692162,549.6135121693386,882.7392274214758,823.1503906947038,892.498584381922,887.304546875,336.2198694547017,376.0598964691162,895.4033790357186,974.691193262736,731.6333085504502,827.1412587847028,513.1054225942706,497.0790905157725,964.9232408055719,856.3810855818383,915.2471142065493,957.7950986735026,894.7693778862388,890.267451171875,749.5023785135021,782.8845258965549,653.5428328997239,700.4180723119665,427.4067864609616,483.5684178313066,534.6878368190078,581.2898302078247,742.0559674520341,814.0492514660008,753.2638691325042,825.9228067565383,736.0351292949077,685.8682803173999,888.9341333020118,802.8375196373008,942.3920777908777,766.6877265983904,780.6523188774896,692.3916620834201,531.8809591320014,469.0969377154707,920.2447684247287,943.426000719821,1021.1300324845423,911.8775408853957,979.4571368408203,1021.2946671297635,870.6267917644723,966.9749562455794,1019.8917441296933,916.1113827924704,895.8754912301396,875.8857970405188,867.6979212183861,901.9464540428878,856.0495712692673,846.1348677775899,707.4602923262009,741.1672636750457,421.40286619766897,418.20609425826814,812.121786899254,773.9195060255122,870.9658073262965,853.555927821568,822.3490014861827,747.8706219591488,583.4222902687391,484.6943827136358,750.306266078865,721.3316299605686,408.1004610532347,380.54521960558014,361.8407270989749,392.87691829610213,556.0006299387214,480.0684401147564,99.62508075014274,24.080481555998013,716.9464213053385,702.7214495125463,751.8381719589233,708.8879770304823,729.3226455804955,654.1843734230564,4.35280459817793,0.06562769189821901,11.406253097887056,11.422581033320897,52.34854991174352,37.708235427907475,4.2724529306093855,-3.573915504686096,673.3808094371449,803.1255315607244,836.3749082424497,714.52225059799,677.8977302102481,250.18165996932146,230.61153481223366,546.067329472509
899.4821296199857,872.239197084699,933.0927093179274,963.1965111456069,548.191002544137,604.9297358202083,940.5926991468399,870.4131246867079,680.0079953719159,690.2282108322519,882.7350131709401,755.381067733916,908.5037632740996,657.4786327715344,672.5511297017188,548.6886362789878,886.3230196695192,825.1203332501789,892.1301205514492,887.3596604003907,333.46993308597143,372.7994193394979,894.820269101626,974.6233236827547,729.5373034052824,828.0630788279103,509.2149395560691,497.62039319674176,965.6337149278173,858.9755717713156,916.2901963762098,957.9466086832682,893.7753104517016,889.7589103190104,742.7134839928668,780.5272194735975,651.3265294398506,701.323700233742,423.39463116441453,483.10682042439777,537.386049864722,578.6266186237335,743.1299786255473,815.4631739611874,753.8900142207451,827.3479009929456,735.2570935556711,687.2146193097522,889.8132187758723,802.6875307749618,943.363062449864,769.2734946628931,781.8185171974079,694.0567004318331,532.928022396501,469.4923561620488,918.732022037903,942.7443734076288,1018.8088111393395,909.3597475395418,979.0377825131624,1020.3342008930194,870.3135375976562,967.5293516543667,1018.2391621603895,916.125971710343,893.8561727237166,875.9819770940321,864.8160154743559,898.3459771930842,858.1858363108591,847.8946955321265,708.2967899567491,742.4267390527766,420.9723161338032,418.28185817557323,811.0827991923347,773.6400827748153,876.4841957903923,856.05455998012,825.2038261077413,749.1311314715206,581.778456762433,485.0200886972745,750.3259958947808,721.7501417487888,409.38924762939706,382.5550528665742,362.69222041425627,392.9888588802354,557.9276223435669,481.28310672543944,100.48016591928899,24.420997911224692,711.7975463867188,699.9256648694054,749.1435778141022,705.4097744695741,728.0649421827787,654.0768965310747,4.846471060827178,0.08531181014108437,11.757441545170805,11.597284862955737,53.125581016137275,38.30737016928853,5.506026513046688,-3.08727185077527,667.7496892755681,801.0433971058238,832.8677372260381,712.3865082173407,678.1100415996476,250.48443997494485,231.49853743928853,551.6294184717639
901.1248937908564,874.3168716269611,932.3449221507831,963.6069494167647,545.3726293430772,602.8887471875975,941.5224745312208,871.4300366559942,676.8871095618423,689.4537092115058,884.7527529553669,756.8790779007805,911.3259545039149,658.463783678497,672.4384963097264,548.56005952376,886.4256105829754,826.2723492783962,890.9929932926807,888.405629852295,335.15111425187854,371.3528235753377,897.367867033547,973.3187190767319,729.5116931256199,827.7514354999249,508.08279030889435,496.1695379681057,965.4326393559294,858.0289112232349,918.8057505690207,960.8884419759114,895.353119155108,891.448430718316,743.6500883682914,781.7361876706043,651.4438720904783,701.0267454076696,425.6079304835626,484.1600923288181,532.1783469153232,578.7820181846619,744.3500856184179,815.7199757652825,755.3026895430095,829.5352044356497,737.4187037412785,687.5054942444488,890.4594888964007,804.1070957617326,944.962823354753,770.9291011812221,782.7734476269094,696.613961670913,533.4802367549595,470.96229315038204,920.4510748738919,944.2018536240967,1019.1413495411883,910.9012256822712,980.5723400348165,1021.5153522244549,870.5570535922269,968.6837107262003,1018.6133242934498,917.8231465976676,893.9918963089418,875.8626723379022,866.3772166549779,900.7084514133179,857.8101528270824,847.2886569851735,708.0575511127437,742.2442642806412,421.7631506436113,418.6651123208059,806.4876761514632,773.2501451167823,871.7866223923703,857.6368451799665,824.3094391366075,749.8581190642731,580.9912327802181,484.37331647634505,749.8373160341238,722.5928005488397,408.4599681726273,382.24951002701096,360.85602750584104,393.78789069562157,557.1039512279382,480.142830461065,101.62294317173117,24.722786516888686,712.7898376464843,697.2780203091896,748.1108417510986,706.3225967786971,729.151336320484,654.3890143857317,4.697595891983886,0.08950961658179209,11.698676575608474,11.62348591333162,53.40342548874458,38.45105891828589,5.131780140929752,-3.2690717104603264,690.7861161665483,803.6190007990057,833.1177843337091,711.8173468867435,680.2221203972312,251.48483084795768,232.69116843830454,555.439112860581
901.4642439535968,873.4028948816386,933.9188332211816,963.6390576381607,544.9706902969715,601.4430662180696,941.7948240912682,871.7256556168009,678.4206721247459,690.0020997719687,887.7658385144986,756.734976367345,912.0340567600257,657.8214673390273,671.7578346195505,549.5006706554896,883.631257911429,825.2243749929029,893.1826831042995,887.2716688232422,335.1684324476454,370.86350615819293,896.5909182065493,973.6805748409695,726.9448182470511,825.0836705637502,510.9993823667916,495.1971210108863,965.1567705262382,858.1040706681616,917.9454079775672,959.8508123779297,894.8808441162109,889.4596152072482,741.7852937117867,779.9470016295651,647.036592189436,701.1801196910717,428.86486520086015,482.8792229127348,530.666229748335,579.5295004844666,743.1324914731676,815.7444047249888,755.5666832937171,829.587729504234,737.0061063687664,685.740538337014,892.745500146189,805.6276962218747,945.0395128601152,770.3687321914274,781.6998136032857,697.6666121903588,533.3312863907636,470.57280083051876,920.5930083526578,944.0055489860199,1020.5823539423064,913.0315071521064,980.8133820376189,1022.3857543414465,871.9866407668554,967.7613197059788,1019.7034420184235,917.7015831710756,893.9552698756871,875.6288569109496,867.3520100101543,900.8856577161926,856.0967538507135,848.6355987611364,707.9696249305655,741.3080128591298,421.1003614785015,419.8026662779526,810.3701034295755,774.1617522813473,872.087545191988,853.2437242780413,823.6368283969689,749.0353183719993,578.9580696455638,486.2108066622416,749.4415354052304,722.1812563391945,407.1007599855171,379.23735579904775,361.9018226898722,393.3737023306857,556.1829765836735,478.60962624313,101.28894318195267,24.519008894769993,715.2581807454427,700.2557693740068,749.7211899757385,705.5947334496684,728.3531244098382,655.0104659693749,4.78862378439915,0.08155345502826902,11.56017883999412,11.464949799501229,52.6397075022072,37.79038149162048,5.2464735839102,-3.3179755140753353,701.9324451793324,802.5813176935369,832.4152442880925,713.6871872913988,679.0885530359604,249.13903879267346,231.53477399999446,552.2298249211805
901.2171523756795,874.3472119172415,934.8046122039541,964.0118410482825,545.31311027172,603.1995260949645,942.4251347742626,872.4733997016258,679.1167859057991,690.4068696147106,887.6722074058966,757.1687981878008,912.4216338447192,658.7967603568607,674.1502328037623,547.5065696578167,881.983518428712,823.9640702219104,895.813339934952,888.4457047729492,336.9985007709927,368.10402132670083,896.9883590081726,974.042723882766,726.5883627387242,825.4956418970129,506.1947078783868,496.2600532637702,965.4802771874193,856.0020028573496,915.7286884778441,958.7782743326823,894.3791704339496,889.4392552354601,742.4203297490659,779.6902318747647,647.4477010214381,699.6282874213325,425.2975117904799,479.79993600166694,527.2154712989682,580.2425260543823,743.8828424298101,816.1409912109375,757.3167602903,830.5008110581783,736.7074740859102,686.3312849431604,894.0322024591508,807.3639435362606,945.2114991147546,772.2364919295973,782.636775132252,696.5945870923061,533.6138026634129,470.29797267508974,921.2065986223837,945.2776710236514,1021.2973637807446,913.0773510628749,981.616799024499,1023.7135179266575,872.3100465547054,968.437574582826,1019.5789726598939,918.4193229897078,893.7277203592022,875.7894008036947,867.1055524303655,903.8465446345714,857.1408322995848,848.0139782076976,707.8443521272152,742.0597901447511,422.6386612601902,419.68256672335343,810.5372966078461,773.3505175578644,871.3040511760306,851.4375632149832,822.8188841808801,748.2822286990466,578.0608096885682,484.0327268999815,749.4075656033823,721.4199295622444,406.0193866119665,381.6449871674341,360.4686492076532,394.02861316899043,559.1122979879417,481.29267773057023,101.49367882920153,24.615968045662626,718.2503885904948,696.1330085366459,749.327919960022,705.6074144354773,729.4250591947832,654.9513252685734,5.078166205068364,0.08228278631361684,11.828669815072924,11.673855979821798,53.702009683492555,38.22617400180854,6.145503395133549,-3.145141622161164,691.0192316228694,804.1262872869319,833.2992656118918,711.9537316817272,681.1841278076172,251.73753122593226,235.8815731713266,562.0307121934562
901.34108239166,874.7849142732042,933.9462429051167,963.6322281170651,543.6420633005541,600.2071435494082,942.2304181735534,871.5506343403268,674.6144807776626,687.0554309399402,887.3340544506787,755.954095412436,911.7801977946051,656.854068067875,672.5164583215666,547.0743809429647,881.8026612810614,823.4028809696337,894.9731084012437,889.2434200134277,335.1911686791314,368.23831628163657,895.6636682485605,972.559307370867,723.1397338587576,822.2545450650729,505.83929105094785,495.1001359621684,964.6597615727839,854.251717423804,913.287703146146,955.8537760416667,894.2689099069369,889.4966986762153,743.4376042905061,779.2294708619635,646.4503880471385,697.1787824277525,426.48710639349054,482.4621221420917,531.6524106010062,579.4128937721252,742.8545562279603,815.7069126508812,758.8533025804004,831.1140623259963,740.4558229604044,689.3130219999726,892.9338689665641,806.6326004752665,944.904087029829,770.7745985183677,784.9684705178299,696.9597664568938,533.8188521746102,470.5074450485835,920.2304451180967,945.0429412601171,1023.4443279486753,915.8379079145965,979.9803290325663,1020.6951698068661,870.8988106170561,967.9872507244471,1018.3498541988544,918.8229764622928,893.655209206999,874.1831205033792,867.9411656568005,904.6407346778153,854.6612717224671,845.4651027741979,706.540694770463,739.9863249543425,424.50694136688674,419.22457120116326,810.1254910328349,772.6792404997893,868.8710314162234,848.8919928414481,820.487478088145,746.0178044803894,577.9943136548995,484.23080094218255,748.8655719236131,720.448549302102,406.6631081232253,382.4588921603743,361.8423613227448,393.25445495288335,561.5238998371045,484.62587012976405,103.26777087659057,25.44727715187334,718.2987996419271,702.2790998038599,751.2084856033325,708.8199619966394,729.1683483948841,654.6495638878829,5.1182107272753985,0.10498349902185578,12.046411549341027,11.832467533473457,54.02942984545895,38.88886148810276,6.23443724711736,-3.072227392126532,688.955283425071,805.4959450461648,836.875426017198,716.4384416024897,678.5439797195734,253.26096084713936,235.05080491123778,557.2767601506464
902.3821338751521,874.5518798419142,933.6929041151484,962.764580920398,543.7745748652968,598.739128525768,942.3087019469123,870.2227151339105,674.918790194453,685.8242626190186,888.1977220395717,754.3916625635965,912.815733472847,656.6738733801282,674.1719468576991,548.3272222781152,884.1174124044264,825.9237403489426,894.1835436766175,889.1941644287109,332.8472726609972,373.8812527974447,893.275156458735,972.3269929431733,726.6181370800078,825.1647421029897,510.5494655008474,495.7997633881039,966.2032164447712,857.2392826786747,913.3575335324906,954.6505940755209,895.373627484855,890.0205319552952,743.0569431470788,778.4933434911521,652.896196155296,701.0352338155111,426.20049169766054,483.4182492374034,536.9814284903105,579.7088875770569,742.5662281532136,816.6285858877462,757.0930984761555,829.7677296309444,739.7220440068521,691.5972605751945,892.116615686109,805.7681885695528,944.6512043927166,769.4896517471528,786.6238123461804,696.4076154582641,535.6991912930092,471.65024931097184,920.2596278112271,944.616818273509,1023.7184727768661,916.0635769219605,979.3148105256454,1017.3293175959665,871.4852478773951,967.2438427960432,1017.2797049906717,915.7417278807293,892.3821348876096,874.3582475513675,867.85372902937,902.3732475997334,854.7517667203336,845.6799969282307,706.0124968082533,740.5309379544609,420.6921943443409,416.99089842782894,811.804066517314,772.7231526355031,869.4368441967254,851.8383026123047,822.3110388759452,747.785060438662,582.3424940570195,484.68705994288126,750.6444874297155,721.1122115808561,406.92607284223334,380.21732689585497,361.69976523148034,392.87008670620685,558.1879552046188,482.255896367083,101.19736945655421,24.497304501943525,716.6618489583333,700.9917571504237,749.6466255187988,706.4641977888426,728.6621515016823,654.8790319863625,4.832097229817392,0.08187424324245916,11.67475963675082,11.604381886757997,52.960722753928174,37.84234095203956,5.143139547771877,-3.4817484104458023,672.0146928267045,801.6666969992898,834.727066347263,712.6841567800014,678.628900864545,249.8118017451805,231.80390239484382,546.444539234556
900.4813375033905,873.6074636452502,934.9850252312514,961.6970245359665,544.3113697584286,601.3758459644658,941.9922254843683,868.2714586119956,677.6654234905632,688.2368575393176,887.1729897910018,755.9844629075792,913.1045490628042,657.137488564499,675.2045503350632,550.6191551123304,885.8885843900707,827.9952239990234,893.945700634485,889.5234802856445,333.5330259005229,374.2573608398437,895.5687072005279,972.1972014412047,727.7847577639275,824.9602390750424,510.32893071253653,497.32111446062726,968.3202898277426,861.389550630546,918.9131354384535,958.8253839111328,894.6911632731809,890.1412434895833,740.1753603727922,778.6755201960184,649.7065363140358,701.479409535726,425.8674931866782,483.44291747018195,533.9124605772926,577.9331996440887,745.1848347016743,816.6500787960974,755.912533145097,829.0957426773874,736.7052532069939,690.1910720638461,892.9256713498023,806.3921439962303,945.5295430506212,771.1357992669226,786.6730480108561,697.5705965780744,535.5736435081142,471.63837066561035,920.0552989546075,943.889603762715,1021.5771452201366,911.8818243574246,977.0151391601562,1014.4229826201898,873.1598167302776,968.4204545433139,1017.117018970091,913.2743785153372,891.4509689089957,872.5204479578307,867.0143925369166,901.5286992531455,856.5258791124498,848.4635233957259,707.3167780254959,740.7604614522033,421.0438435319541,417.2033391871922,812.1662258711018,773.6062614472576,873.0969407101895,855.8530654907227,823.6738821738525,748.8588439122419,581.2747488188744,484.7848798755805,750.567351784055,721.4936913991133,408.70864270347005,380.3293681600894,363.1597695196615,393.053153353862,557.5992396681717,481.0337821703156,101.32600249289708,24.520572721956288,715.8956176757813,701.3658147262314,748.6452858448029,706.4196726941415,728.7748613818608,654.8405199644035,5.143731878224858,0.07924583646667155,11.788487065394898,11.662051370489307,53.0977677636696,37.829654209701324,6.033008746802807,-3.07304664799834,677.3733575994319,801.3157193270597,832.4698809937343,712.3799940664557,678.1628459855622,249.70684966915533,231.2396196018566,553.6353869438171
900.8879329840155,873.7175991115997,934.1831240841097,961.3306449627971,545.3623363672301,604.186945989728,942.439604633198,868.1587433502522,676.9215982398208,687.6835159942752,887.2053122636748,756.2994722366333,911.4549187092593,657.846153572986,674.3388722974863,548.8236504671887,885.4854908079898,827.163046307738,893.5198851545196,888.9248766784668,334.8385612169902,370.79437096913654,898.1668016287844,971.6165628887359,726.0366502232577,823.9788108029209,506.69898466247224,496.37974344359503,966.6186352495877,859.9113760489005,921.540222328166,960.3208563232422,898.9506235930879,890.7349933539497,739.9193438986073,778.2620680475809,649.9374925386538,703.3105998569065,423.2506251633167,484.02379866753625,529.7769502108214,574.9990887641907,743.2619217936955,815.5989385668136,754.982491817315,828.4939660858689,737.1637213683325,687.2174525494343,892.156473601249,805.6396338317401,945.0481199242433,770.8507573457072,785.8131566753302,698.5516020386826,534.2383010792902,470.85528244743955,920.7676660343434,945.1665617492464,1022.3502146852711,912.2876410184614,979.7110761294158,1016.1043806724178,872.7038129987337,968.5642004601749,1018.8079517421438,914.5509252942502,890.2173449201865,870.2781752266704,866.0515525963656,901.7512719591679,855.7143913475243,846.9123378816198,708.6710832228355,742.3543715704055,424.0328039639238,418.2578169057067,805.738097143955,771.8817110813505,872.7137347282247,856.4310934884207,823.7158759179243,747.8681859844955,579.4256356072426,485.03447652896244,749.9431925634981,720.854667134208,408.0222916109597,381.99969857866586,361.6767784827195,393.1670570466601,555.5789440906273,479.3703294953083,100.97817846719624,24.446261284632886,714.3139485677083,696.5955107090837,748.8519752025604,703.9968824602361,726.2600393125423,653.1741440847225,5.027917890074222,0.07620907810654629,11.75353938401281,11.490912859109189,53.10457183439196,37.725269908639376,5.932426578468746,-3.1345830730655613,688.9767400568181,801.1914983575995,830.2645521739985,711.3097256044798,678.1148645737592,250.36901128710363,230.12173555836534,559.5603315748017
901.5332108033731,874.5872576321015,935.402947388421,963.4761649602913,541.557697305014,598.1977964682238,943.076458208193,869.3865825255374,673.9373319586929,685.0093141618322,887.1246418371434,756.2784563537627,912.5062036252554,656.6928315419055,672.3913872894364,548.5354655634973,884.0570997988443,826.5260067112819,895.0915574113984,888.4522369995117,337.8832993507385,367.54028879801433,897.9523267759733,973.3493586646186,726.0865961244593,822.9106848999694,507.1129418367839,494.3837890625,965.1941476138132,855.9021187487944,917.2400336478325,957.7549062093099,897.0988647978185,889.1729635959201,740.3804379670516,779.4695905202842,644.3931817882386,699.2445844014486,426.7047674959259,480.62503348218365,526.6532186289303,580.8144297599792,741.1350006953119,814.4004100058316,751.6845250621147,826.7417682290775,734.8642788406246,685.8660849857997,889.6101025881305,803.8154774495234,943.690783673732,768.0456583111339,779.7246471114223,696.783788246267,532.5040586075181,468.3507290022073,920.7652261322456,944.2652285054878,1021.5254959524578,910.1034373950779,980.3011272927989,1017.6889661770423,872.2273912342316,967.7646221663235,1018.0217112071479,914.2585836750592,890.6096302568243,870.3342490997036,866.5814368375547,901.4263142959848,852.9370777027027,846.5415177579786,706.2608797615821,741.1954550474753,419.46705080115277,416.4155219575049,810.13100395828,772.277346535837,871.3557440575133,850.7464577811105,822.2861969169529,748.3790962640093,580.3258558813731,484.6412167986234,749.7682477371283,719.7581790766033,406.22193474708234,379.90174468458775,359.9309724526968,392.14047581667836,553.0860292863714,478.3795189852019,99.44673917092452,24.115047423436046,714.353017171224,699.6609967765162,748.9521772861481,705.4769860867461,728.4208314618992,654.1199575723821,4.534819511696696,0.06651929336766005,11.487141635790964,11.417392677168978,52.70163533917818,37.47150286325624,4.674570818742116,-3.5437944809741833,687.7858775745739,800.9353171608665,832.0764872915793,709.7548264129252,678.0866714178347,249.45409650133368,230.25848606860998,557.8261986436515
900.2596756820836,873.7906072868241,935.4580557842459,962.6643982080824,544.6996625678483,602.0034481116703,942.4932985037489,869.1457891100011,679.6495334858797,689.9940397856666,885.6095770083792,756.2744944352952,911.8843643293168,656.9414626152409,674.8699399891184,548.992069348508,882.2516949730461,824.1798495169098,894.8648814058852,887.3006312561035,339.4230140050252,368.6875211715698,896.1092574654891,972.6363338288807,726.565569832687,822.1064812377259,510.0654674340348,497.24086626370746,965.994134291163,854.8054330331308,914.423185814084,956.6429500325521,893.4378306502002,888.3344646538628,741.9258712105129,778.9938310370388,645.0497487694156,697.0282248037832,426.4911425411701,480.9700114503782,528.4122385118828,575.9691920280457,741.3810854752859,812.9960325702107,751.6654553280567,825.1681557593987,734.7585611895096,685.59335765972,889.6336603133909,803.9823242296571,943.5149158737988,768.4723554338727,781.4396866597402,694.7692435383797,532.2739058176112,468.77738985665593,920.2949737181146,944.0842478153883,1020.609854139983,909.5688957031851,980.196283595873,1018.9215997307045,872.3932595909189,968.3229041707859,1020.8447315728487,915.8834987791009,890.7371170510067,870.4817513002805,864.9422843106993,900.0787819709567,855.4342150645213,848.1018616410553,705.9458238094224,740.1971854337883,424.4638395447662,416.4368731941975,808.3026948522349,772.5790081103313,871.2777761905751,848.5323339189802,820.9579509501257,746.998479008016,579.1067022228241,485.49345171928405,749.4274309334776,720.93226486869,405.265742836279,380.81720356390366,361.6832623467223,392.93104600007683,555.9688786531344,480.7014280557384,100.1505680217718,24.16838768721643,720.4978108723958,700.8338317871094,749.3963572978973,706.2992128398084,727.6011340114603,653.0104726251296,4.938955998979509,0.0765432260758071,11.635307337885939,11.580530511889316,53.553065137310895,37.76328932777328,5.955561240514119,-3.193039107848616,691.5201804421165,807.0613691850142,833.101084459548,714.0885643295095,675.6838247261795,249.91559275488058,233.8436441854997,555.0147336433673
900.2261455652987,873.7894883327411,934.2473949019605,961.6126553748709,543.3669112094613,601.3692664653063,943.0341961625694,868.9816392793047,674.7597171238491,684.7062099331715,885.6761975327158,753.0559580151997,911.0101675586471,654.8247781880954,672.6926835899923,546.3355737424666,883.4044487758836,825.0979976970888,893.5990548846365,888.0065754699707,333.94079886542426,371.63454650243125,894.8481424394968,972.1986930181109,723.2458193289672,820.4693361219469,507.05547010190577,495.58777001168994,965.9946795769457,856.4677729853877,914.0459488996371,956.4147314453126,896.2726532241045,889.2514531792534,742.7736970320992,777.4503534156156,652.3221023324303,699.6960241529677,425.2631424111979,482.15737639295025,535.1941507058066,575.8065679073334,741.2360721173741,812.4603836999685,751.890280422726,824.5083150473255,735.7332215742631,684.9897376373931,888.880436240473,802.2095033713778,941.7662302456614,767.781577645653,781.2984699197949,691.5156477759866,532.1981043905602,468.55316080292,919.7445157271486,943.4014556617649,1021.063866419617,911.6035859285108,979.5434512992528,1018.8982372098756,870.7971438719957,966.5278529021965,1019.8210360398933,916.2182137590354,891.6025327286023,872.0549599643542,865.2925511499878,899.9318962307925,854.6415869566771,844.614745874874,706.3205010650355,740.515874953497,422.2156482088393,418.17864031187247,809.3213551005379,771.8744790484797,871.2887222614694,851.2835998535156,821.5282338971836,746.5629163203319,581.9444177436828,483.3775353590647,749.6673692207504,719.6095688457956,407.8716374316636,382.4883162665453,361.8870526496078,391.79386649122773,556.9102136955133,481.38792693307005,100.98837398979123,24.3012187879875,715.6337707519531,701.0623593087923,749.8804550170898,706.9465126279252,725.9774996924947,652.6855094837967,4.9475915082240185,0.07914337000844103,11.7220308908676,11.59098077866625,53.660604960580855,38.327415238811774,5.905985199742847,-3.295490101856344,674.4297596324574,803.3386363636364,832.601515801961,713.5192573643938,678.0621281044156,250.88386880384203,232.16189001545763,552.3728551206917
901.4250308546857,874.0274671260455,935.1569544806918,962.7424975600376,543.5973204501839,599.0376711062023,943.3806483991514,869.2038852699767,675.6529048997529,684.8921998758785,889.4947990014301,754.816726582391,914.7940965950182,656.0784851708393,673.6800895045645,548.1656240452608,886.1530595390717,827.3886357430999,893.7607911500894,889.1136034851074,329.9715484513177,371.39446341196697,894.3197691726134,972.2787860083201,726.6568513440836,824.2991424392868,507.8061456917399,494.65757664044696,967.523059557069,860.4053537627797,915.7939592496616,957.4055938720703,896.3826247393075,890.6677465820312,740.0083695121433,778.1346854703972,650.3719343950045,700.3793060867874,425.376197802169,481.82718096958115,533.6276843586907,580.0962858200073,741.8845944716817,814.1464769987133,749.4909782675315,823.2019349036858,735.438919303831,686.5117693547602,887.9752720894352,800.6254556801313,941.9300783444555,766.0415213093671,780.1744255784381,690.2961580893573,531.4602504994052,467.8277900164334,919.1667828095051,943.0183614249582,1022.2425925850096,911.3596041842205,979.5061522110649,1018.6432231853695,871.8043752314483,966.84437287884,1018.7427233795621,914.1695588971909,890.5699470798621,872.3567801941088,865.6029882248799,898.6010744716581,855.6878834973585,846.2442824254271,706.4546868910484,741.8301028297061,420.71116627126503,418.5284178424889,810.8917046218622,771.9788590427256,872.6243403008643,854.4784665788923,823.4947574659326,748.1138655190969,584.2586042245229,485.0302509991328,751.1630215951525,721.2479518113653,407.2383333837285,381.5357124241681,361.0594093823408,392.13767246077896,554.826352308139,480.53926113031804,100.97325262699827,24.28114744633557,712.1633239746094,698.1681461657508,747.0945401191711,705.9340320949641,728.1480958661961,654.0263140767012,4.870058833204798,0.07535049531746793,11.639171543579774,11.620551608187712,52.97693825928027,38.06675257396719,5.369753268029955,-3.4865832328796387,676.3532881303267,798.6165249911221,831.2206814145081,710.053944068619,677.5282359403723,250.20898253787635,230.4319638338956,545.5655123611976
901.7177762159068,872.7511931404923,935.4168904743353,963.0695840448022,543.4735806043758,599.119695518698,943.7753892981488,869.606082219063,677.8502896756542,688.8724013000239,890.1267116980824,757.9777704352424,916.7319109853913,657.8492326639924,673.9187418430006,548.5502234765377,884.725717788624,827.4862499743997,893.5818301672223,887.902364807129,331.6998472213745,372.021907043457,896.5606010403984,973.6892872462197,726.5478629466751,824.1965226393479,509.85525818160886,495.47226503160266,967.2697315575941,860.0253285349152,918.997545617772,960.560307006836,893.6395054186805,888.9098838975694,737.0972266155741,778.134044233575,648.3272603913026,700.2983606126573,425.27169358730316,482.6572724317343,528.4693155757716,578.4683113098145,741.9479097428303,814.4411665930003,750.6593502989055,826.0063831541273,733.22250660983,685.5290727948809,890.4628842453802,803.6837945236139,943.2667068569816,769.1067011140482,779.6400755809561,692.9327380949376,531.028596752702,468.6317925419774,919.434283855058,943.5017709776207,1020.2379407120575,910.7523637828863,978.3208555802055,1019.9756998784334,873.4536532247467,969.2584075456784,1019.775426608413,916.4022914445369,890.1329252532358,870.7537645885775,865.5224704620945,897.9072342340459,855.3552799396687,848.2102458516106,707.011584815629,742.8328087216332,421.5065310381461,417.7915175397631,808.8010117577725,772.6038846217745,873.8463576296542,855.8767122541155,823.360595118497,748.5372673829617,581.5573316923777,485.56505235373976,750.5881680526397,722.0754302310185,407.72631421860524,381.2292021861576,360.7810154750914,393.5284328265682,555.1159962791133,479.80937716106575,99.91030938171401,24.210935137874092,712.6690572102865,699.2828312243446,746.9899067878723,705.9028431473814,727.592465699174,653.4908087750518,4.764869044191744,0.0711629426167174,11.456606806685109,11.46164853509381,52.49654960974839,37.58088548163646,5.477087053987715,-3.0316026180106053,688.9244218306108,802.4304842862216,831.3624922989198,711.9132468308075,677.1526471306296,249.60565846844725,232.17006038896966,550.8440309064142
901.923798105089,873.0129585296216,934.8346421539997,963.9291118217179,543.9367773189101,603.787330776453,944.1706934975236,870.4374095640791,677.7640286659707,688.758671526049,888.902223912681,755.560942056444,915.5152581784982,656.9751891182502,673.7383524007465,548.6636623502073,884.4572537499016,826.58235907317,897.1842167879887,888.4779401550293,333.09907558229236,368.659636592865,898.7207579289336,973.4443633972652,724.7711387454527,823.5893814589951,505.8719661301671,496.18806354204816,966.2349825445211,857.8791021653163,918.5078581562192,959.5744502766927,897.5235616393009,890.9436450195312,740.5869448454483,778.0443122588008,645.400380407661,702.1167328445999,422.7590136229992,481.36623519726015,530.1474502438405,579.6714332103729,741.9084132446183,813.9557228992336,752.0418560458425,827.3411654979863,734.196225962363,684.1615856277359,890.5381649426876,802.8115607755275,943.1674144700687,769.0327450255273,780.9090216598169,695.1859252528817,531.2787421887764,469.40776787993366,920.5676281898724,944.0601373138251,1021.7690367441198,912.1946529080675,981.37865234375,1021.9037824464076,872.5631432022888,969.904306270458,1021.525918533553,917.668232293092,891.0057493595594,871.2855172959753,867.1094748138622,899.246667176979,856.4813568527634,847.0862276671363,707.7838527434462,741.7130487615412,424.2181032705998,419.08857638399365,807.6984524336018,772.059544986709,871.7494091277426,855.4660513741629,822.8742721382229,748.4443090294606,578.7639621273677,485.09868695100147,750.8329983614615,721.0210574728358,406.1077422915136,382.8467694421968,361.99778189067484,394.5364158124229,556.3673662340145,481.08167970689635,101.93678966433637,25.471018145442706,715.2722310384114,695.8171298786746,747.7254282236099,703.2268247820134,727.0054621805672,654.0507966865829,5.22759680938907,0.10927622499185856,11.960646466292792,11.855472645527593,53.69481231556031,38.800425890702954,6.516876111427943,-2.5127001422293045,694.7948552911931,803.2265014648438,829.1597109801017,710.2861401521707,679.36059031767,250.65882403945974,232.38840012839347,560.9537278537092
902.8079378610519,874.4608200047956,936.0916064757938,966.1155729236831,540.7446207978005,595.4848429390362,945.4641834724082,871.5202765752914,673.8436562285132,683.724660810877,889.5927240480253,756.1884833169362,915.7736147092096,656.6604593495126,671.5863967914487,547.7266940697842,883.7867182148576,824.162111858989,897.4220610578399,889.6694241638183,337.82483143276636,367.90609448750814,896.6223302623754,974.9060245392815,725.6390843616106,821.7246221605238,508.06941509246826,491.88846068912085,965.4027375635111,856.5081567081404,914.9053888596262,957.718618367513,894.3832168579102,888.9499726019965,739.598037056301,777.9598462208207,643.9830093782904,697.3651281286169,426.69663765068566,479.5605772782801,519.4884449693023,581.8539438247681,741.1861440170379,813.4166926524085,750.5742049389895,825.7376875514873,735.8835603855858,683.5900975207348,889.5045861298038,802.4588656075889,942.6502335498078,766.1740892629028,778.8721745580835,693.8352905558605,530.5748665119996,467.2167471308755,920.130464718872,943.9886196675124,1022.0271669618512,914.4196645582819,979.7439797840948,1021.61010680461,872.9553135863138,967.9638842045034,1022.5124097226271,917.1266839769152,891.2933156163505,872.1009308174356,867.5615681933749,901.7977947424788,852.1491641139125,846.3928015349342,705.1619414933231,742.2202849945464,421.106693710106,416.9315252572718,807.3048043172868,771.9275755822906,869.728700029089,848.0014506748745,821.2843785998465,746.8378822941806,578.9975931104025,484.94020699421566,749.6267453903669,718.6491817044623,405.8704502799932,380.17832528555005,359.4824847010532,391.67247347325906,555.3653710215559,479.5547045155863,100.13712062272761,24.116718188657963,714.867421468099,700.12133168366,750.8717234134674,707.4178072208732,729.409210903954,654.6387993079817,4.679856300672614,0.0716261279941709,11.466815271799968,11.46229248587988,52.790595364761295,37.53439525202523,5.176973667409685,-3.2985147886416493,677.5270052823154,805.8785622336648,832.3503385198196,710.9095652133603,677.106715782016,250.2397128165814,230.54431493354565,555.8112549946226
901.3286385685382,873.5611321742487,934.9524726278008,963.7305806162823,542.8845230723537,602.6841618282987,942.8890996934609,870.7755928932352,676.4101780093446,689.8343398141079,885.2546441303036,754.5220132509868,912.1252988247684,656.8871966127442,673.9854827283034,548.3291290183518,879.8191334150414,822.9746156863596,895.0543585298618,888.2058091430664,333.01300329632227,367.2441048940023,895.2167855134774,974.43638099186,723.6327777882522,822.8166836539467,502.0838231460824,495.572744819853,964.0633799714863,854.7553038797261,915.1141870854095,958.3163893636067,893.2367388191869,888.8612312825521,741.7489533797554,778.2777680546404,645.1419100152239,698.8084572686089,424.64519551822116,481.16937931646567,528.3644796903017,576.8849008083344,742.0275381360118,812.8980602969491,752.30759183278,825.2073097117463,736.0409411989953,685.3848540432804,888.3294727283139,803.1051272101416,942.8867713604194,769.3998410898434,780.1707346621116,693.2110301653544,531.8965202512792,467.72171348443106,920.7872142645512,945.1713843754044,1019.8804178176122,911.4482130158909,979.6657242484715,1021.0246870293972,870.675721148103,967.7815832208704,1019.7599006766703,917.2651829362223,891.6095656362812,871.4055917569759,865.949762963945,901.8211025849232,857.2689105540783,848.0973375039023,706.0727006404771,741.9809407816305,425.0832104890243,420.2095384732099,808.81876923608,772.9122301790229,869.1233182866523,847.0313448224749,821.052284562268,745.6405662304788,578.1049104722341,485.16228893597923,749.0969294745491,719.300237234275,406.07195356295387,383.2673081430718,360.90978682157584,392.63946514737853,557.0877776961072,482.887391342291,99.96036553645024,24.087913318123046,713.7656677246093,698.6474857653602,750.4353318214417,707.7435938632326,727.2472890218099,653.3596311437472,4.7909100957606965,0.07901413463814944,11.741371777320762,11.634713116512025,53.5612050132976,38.098806925931,5.8337032662497625,-2.828872353715055,676.9823996803977,807.4721124822444,834.7582221319211,713.4564398270619,677.4172004250919,251.3313522511407,232.4059149279739,552.6900367736816
901.7641380269524,873.447781122092,935.0456986036086,965.0736276210541,538.4795958053234,596.0861147727285,944.2778921883429,870.8892953101625,669.7785465863286,681.4856351946221,887.0980754712733,754.6372001489003,913.9555640670488,655.6273619395035,669.4800929596175,547.5743155600711,884.2357573305826,824.64625165312,895.8360581672055,890.0448825378418,327.9938529862298,368.63675276438397,894.8272961703213,974.4056828211225,722.8426610637085,821.0906404767718,504.11038574197676,489.95712229940625,966.0115163551187,857.0149873709973,914.3551924898243,957.9232934570313,893.107838776152,889.5874110243055,742.9259112814199,779.2640211725809,650.2861161421049,699.7036231712059,425.1296556038516,480.8235399053338,535.2587594204261,578.695677280426,739.2986927716032,813.104780875111,751.2713546945524,825.5476730971309,736.7720103145631,687.3016542287974,888.0957690608117,802.4085671712926,941.923128248335,766.0541964138538,779.6673333890769,691.8993971394558,531.4819361316586,468.2555378251107,918.0893038596146,941.2370831535923,1019.8331457863101,912.0863419509516,975.917521654212,1017.1354423448878,871.4651538720553,966.2788877447937,1018.0597014925373,916.5629993575488,890.0228522359655,871.1502750486923,865.0401723582274,899.0890524005363,854.2170964490186,845.2187156051885,704.4537399711959,740.5452359022,419.6666124869084,415.4081789473413,809.6114142996366,771.6911248804622,871.4522302505818,853.4780567714146,822.1061673949962,747.8203258494646,582.0921492783228,484.65477763692536,749.572819324107,718.4275668733819,406.6934800796649,383.2439794523191,360.53077772113767,391.7441097856216,557.118357940471,483.12505496244626,101.43364194207997,24.927053628807936,711.0310587565104,699.3030250678628,746.3581957817078,706.5300192854523,727.1504871086917,653.4833268699552,5.0376405522447865,0.1015816251292428,11.86318843872777,11.708526155322872,53.59554330269272,38.50526052960433,5.895454516013463,-2.883397360058392,677.1650113192471,797.0551136363637,832.3456609329121,710.4963373111773,677.4340260823568,252.17768353955788,233.52589401331815,554.3138062378456
901.4900406912901,873.4253012641154,936.1534744244551,964.6986873900273,541.3250595625057,601.3895829703126,943.5802302836153,870.7641359475318,675.8241577148438,687.6257059066022,890.2437607447306,756.9920852695193,917.0626458778185,656.6873819848545,671.5784536143441,549.5304145512007,887.0404945843593,826.9201502942564,895.6531646845441,890.0768218383789,328.8826749059889,370.9612237294515,896.2274079866396,974.6373119657002,727.1589560284041,823.757784812005,505.7508820170197,496.03812787267896,968.1304640500051,858.4953022521219,916.4697872772617,959.6959661865235,893.7171363184008,888.6812647840712,737.8426755158797,777.9684712972986,646.832793500455,701.7556059095594,424.55165843133415,480.8118789187085,529.5775027665935,580.5887522697449,743.6589500118815,815.7271222299875,752.6033939810517,827.3259969343219,734.9397013955866,687.4749984341067,892.3767675826626,804.2030632887418,944.3700165374245,769.9271714442692,780.8533496600096,692.9018482951557,532.931266675728,469.2904324687639,919.9287592375005,943.5532261420179,1020.6242326572699,912.1945883677556,977.5375009022588,1019.7382988543958,873.1666282163848,968.6141541013992,1020.128268569263,916.8622856201744,890.3409340111058,872.4860904777166,867.2312848522405,900.0129368397412,856.1694535264024,848.3931695906842,707.8020254012641,741.6665682441744,421.3522546187691,417.27241717593773,808.6419944137823,771.5766659811819,872.5656920088098,855.0833369663784,822.8772811743492,748.7138790689121,580.5714873377482,485.68138141691685,750.4390872367153,720.8816699977161,407.944282780763,384.47794379912557,361.51698418656935,392.8199908928668,559.0559063061237,482.49276811679204,102.5398750573621,25.64617843829635,713.5512410481771,697.675906423795,745.720538854599,704.8150748343489,727.9324195609445,654.7168041365654,5.692665273299147,0.11680755797273445,12.118265054981993,12.006924831515503,54.42837563276366,38.906159221174654,7.756540126270718,-2.034540511229459,678.4656649502841,797.6449962269177,830.7548008861157,710.6757789322093,678.927890254002,250.96667555758827,236.3086455446301,547.0914066536673
902.6461825601607,875.9244413110945,935.4615585200143,964.7941332913015,537.2766633765642,597.4445300953729,943.6882143662917,871.1116026415723,668.973216037361,681.9556497980336,887.8393611520287,758.2293020565359,914.608929434526,656.5191828094513,666.2803835038522,546.6566742360222,886.6295690491302,827.9912412903237,895.9504551796164,890.8269106445313,329.0857888857524,361.9909190177917,897.7371604886406,973.903426760719,722.0098015350821,819.0076873066661,499.2547173421027,491.35362633069354,966.429546140275,857.6648524908372,917.4916743881746,960.5608919270834,897.5702543097027,891.4519932725694,737.8923406186311,778.0319184452654,643.8166765893609,699.9690537629305,425.9606924969703,479.3080552204718,529.5247728941871,577.5026848316193,742.7148659858439,814.3957292457327,755.1937115544396,830.0388435006839,737.348351391879,685.9689302911291,892.4430110017619,806.371400761814,943.5177263164152,770.1011032827903,780.5833085064396,693.7942237900753,531.9011950200659,468.35047823873555,921.7162390350643,945.4493134926867,1023.7243092806756,914.2297402949092,978.6056305197011,1020.674570015719,871.7676796636085,970.4894483432848,1018.7748451802267,917.8854947003899,891.1234335674329,871.8490209101967,868.6721241458965,901.3262714364911,851.0717457608059,846.7513447433222,707.5364812448485,741.6511016449371,421.7386615034463,416.9064979284582,805.7364531970414,771.4790811499124,873.451652364528,854.0172860281808,821.6841312203827,748.4549483976311,578.8667228122553,485.04005205512044,748.1949335442765,718.9729007266299,409.6749094970086,385.50959641666617,360.8899679925914,392.50923173153535,558.7736166975697,482.38606856054315,104.41502190538503,26.27381941356267,717.7908610026042,697.5389171535686,746.0304923057556,705.1257655286141,726.8994853866616,654.48318177039,6.194482527755578,0.13808270357780944,12.38910824302584,12.068617877953564,54.86662648390908,39.7088021386605,8.698325024710762,-1.8339227497139399,688.4869107333096,799.8476540305397,827.8390048238255,706.641763807852,679.5389529957491,252.96653265702096,235.89556880791983,562.3138866342347
904.8517688697175,878.4935644335217,935.7401944227366,966.5132418343745,540.458145425486,596.2674145400524,943.4560915531506,871.3720677193174,671.4758538226693,682.3528488346788,887.7762389609484,756.9593774038648,914.7788686179788,656.9101465428889,667.5122731384354,546.806659112793,887.7177532973448,827.1741816942082,895.988346319089,892.9925596313476,333.5114695760939,372.8860408147176,894.5290724408919,973.7784177386571,726.1090563229866,823.5871848221664,504.9136741806789,491.4367862277561,965.8089653231063,852.7356234326775,915.0033651837526,956.0555946858724,896.5631596193475,889.8628632269965,733.7830200195312,777.2160982798381,646.7972992212236,700.663516998291,425.4257382484419,480.0282340460502,519.4275487680904,584.4886012077332,741.9963570643985,815.0083174140533,756.8689254120532,830.2862669738413,735.9423865168548,687.480443327577,896.615309832173,807.8875672908123,945.041654596611,769.140162753867,781.260963542579,689.246109216821,532.4891498478437,467.2392606071872,924.0496817146961,949.382497549057,1025.712772647454,917.3862511955103,978.4666274095619,1021.0479565345739,873.7489434571805,971.0305146817808,1017.9292682249155,915.7977590585556,891.4616840472382,873.7721734928986,873.662011359148,904.2982462677508,852.9230456652942,846.1635154036225,704.7953580103883,740.5476565670657,417.37228316155034,413.13251581326335,805.66485220487,769.4109899750389,865.3699522627161,848.6646303449359,823.4120249072254,747.6397469995842,581.2821893978119,484.8794439605872,749.3774009738199,720.0417341306338,407.48906819820405,383.4070365532211,361.8893667257168,392.6667090421687,557.792672838709,481.10652334527424,102.78301951202944,25.468805859161456,718.300937906901,689.5053152310646,746.5546191930771,704.2696972324837,728.0350146499906,653.3983186136539,5.831544752036662,0.11651925334223995,11.9784331339831,11.72759457766433,53.974265913762345,38.69136956425243,8.03672891192966,-2.031988897744347,698.8029951615767,793.6720458984375,828.4388833269977,707.8620597742781,676.3043981813917,251.60083104853044,235.80965712576202,534.1041408232574
899.3654047877054,873.3117539714082,928.7739846754585,957.7386730866604,549.2975784944933,601.4256007181747,935.2944355840268,862.3514615556027,679.8145947748301,688.1286927305284,878.4716620251415,748.7821105741319,905.1277405261022,652.4945560872313,672.9890091122679,544.0382707389649,881.5294913884023,818.5745945927313,887.1028696403649,887.5952514038086,338.52269252141315,370.97599557240807,890.9522362470971,969.9831938365149,731.0682586550089,826.7913825066535,512.6063672060466,498.426949262619,961.0772680246605,846.4668360580632,909.1829933306676,952.2371720377604,890.7362634691142,884.8142712402343,735.7974014945652,777.7677553475621,644.8038466701423,694.0134465252912,425.60439924257145,480.5616177191002,528.5390938930824,573.0250191688538,739.9440723506231,811.4536941311371,755.939797075014,828.1977109239813,734.9213822419979,683.5807494983807,893.2777692179526,804.782122097407,944.6159896580563,771.1966770045474,783.3766498651205,695.2648608275489,530.5659375355891,466.5023261165016,921.7243800084927,945.6999415004694,1024.826527144945,915.0789277611709,977.0600190535836,1012.2983579419578,870.3264394404326,966.0346897502004,1014.5275031701842,912.846102378165,889.8787906335981,869.4474928594598,865.5721877760188,902.2996660095552,852.8921799530854,840.8966153879635,703.014367199819,733.8066525149655,422.17727550561875,410.8147662659766,798.000500288166,765.3117344013389,860.715689151845,846.0062888009207,819.263225014639,741.2908143674471,575.7937669944763,478.47548743565875,747.8753706474137,716.2747063648101,407.38667226205854,381.2123104226288,362.40497471902444,390.6766945900877,562.5396090786404,483.0075531623264,103.96697268397354,26.139717206836284,710.4120808919271,694.4824322199418,746.9517470598221,704.1081492739025,725.5742863856502,650.1729553206334,5.794720350801454,0.11798653061743136,12.151290645851267,11.924598389994701,54.344760580114155,38.734091697606225,7.043566743532817,-2.4671959841952606,657.3458362926136,797.5953457919034,832.3371954796298,712.3772868868671,683.0896974451401,252.4943424065908,236.29720904610375,569.3143050752838
901.9253801730898,878.6722295597347,930.8771933828891,959.4575076350178,546.3622096926667,597.8936232583864,938.0372523562276,866.0136616491765,674.2400326631507,682.8096497019783,884.2727887068338,754.4072874810961,909.3074945859598,654.0223876889418,669.8474059911509,544.7495310555025,886.4499413549053,824.6618748661688,888.1203881333157,889.3238873291016,335.92590845955743,369.26339225769044,891.6295302530044,971.3939769684322,729.6777631749658,825.2735049069582,512.0511867723412,497.2839532163408,965.4271941994721,853.0067477756077,913.9261565921813,954.6158298746744,894.4017070188361,889.9509616427952,742.6095246688179,779.9994190629707,649.8914986665028,697.7923332496925,431.542353029762,484.59197051516185,535.1254715215964,579.5192847251892,743.7340219356711,815.3030961023122,756.1023389489537,829.5742645152131,736.728184723657,685.0492276145028,893.7663314911626,804.7107362404597,944.5181862942808,769.708976459695,781.8872514733284,693.4664621446647,534.3146068014429,469.11442730007553,924.3843804283184,948.624140371879,1025.4893293112966,914.9520179505196,977.4491621730639,1013.8977260836506,874.1174043894544,971.9955087041659,1012.2298249201988,912.1683070579548,892.6912703873066,872.4396718878077,866.759729470417,903.187076800436,850.9543696910412,842.5954686774583,706.3759784523501,738.9520448626894,419.5863602126854,413.34476751005144,811.6496089247406,772.1726502224617,873.1341318982712,849.6492789132254,822.0610620929821,746.3056680602922,580.023497256438,481.8569871711731,750.4783102833752,719.4785070043457,413.6570144087076,382.69436100733196,363.8535687833967,391.28973478445045,556.2004841384438,479.2243959546737,101.90031803367418,25.197681478292154,721.943593343099,700.8715696173199,753.666576385498,710.5351419060478,730.1162120634666,654.3570485750446,5.580372557117554,0.12012080584428515,12.053041127992511,11.764981278254398,54.005158360469295,38.73813020071686,6.627182775073582,-2.795123436871697,674.4830266779119,802.4448885830966,836.2716932872797,709.1340395770495,685.43525576124,253.3544655379496,235.22325470230797,550.1784916581779
903.1946020154492,876.7307478436315,931.9791404551756,960.8430119349188,547.929133055931,604.7454126434667,939.5225971348755,868.0901554387681,680.4274914021395,690.2724772124994,888.7192403591745,756.2436503107585,912.0404427742671,659.1590092865079,677.6821356436507,552.759056080068,889.5599488895651,828.824087237995,894.0253396454442,892.2464499511718,333.33467001385156,377.52673234939573,895.3687982380304,973.014924942501,733.8156252556446,828.8794817243304,513.0555950660073,499.3869662284851,971.4848000508434,862.7079910843461,919.4944794422059,958.6878615315755,897.780855728408,892.2227837456597,741.8705210810123,778.7516361834055,657.5478987840829,703.3883357577854,427.27080320886205,486.82569458779324,541.5876866950364,582.7970070838928,747.2217974913499,816.8118479941129,758.7051226661066,830.1856366653889,737.7357798016761,689.1132464642292,894.478760291684,805.3244283297195,945.8228434068049,772.7136975250974,786.4034997230153,696.7335165248197,536.3587047163377,472.65953283188196,924.3552718731817,950.0117922933014,1025.165346495791,914.7315621259736,978.5162777311906,1017.2972046997169,876.9962538972907,974.8262789769428,1013.8360119720004,913.4931786670242,893.7946124117026,874.9550208435271,868.306674544219,904.0734036271743,858.273164457029,849.3583037892327,709.4258788222567,742.08216375706,422.19502523671025,417.0124050143214,814.4982098438701,775.982666015625,874.2426576005652,860.0463660103934,830.1746049347508,751.184008950028,586.640154692332,487.2735437456767,753.4005667867115,725.6603620121396,411.2592599114951,383.6197188033954,364.20473269361054,393.9171672784707,556.9660201109788,478.7633645581702,102.77725705926962,25.486559647286285,718.582948811849,705.6768364340572,753.7979160547256,710.4888512106503,732.3767933153924,656.3958827977076,5.518354471356265,0.12096530469651852,12.04603337205821,11.8439870845653,54.011854791479685,38.68105822321909,6.496998455789354,-2.7516878115780212,674.3405983664773,806.6124345259233,837.0673774872851,716.965897185893,687.5291257372089,254.3879080545484,236.90377618327284,544.7268971739144
901.7763813383605,874.3512702512019,931.8742038214249,961.2929221187454,546.4153497828994,601.3942457804723,941.0710760248287,869.7465916791875,674.8665989077821,686.5927384798644,889.9027344773456,759.3995894129314,915.0523454457981,659.7229104712907,673.5991400248969,551.8520724921309,888.9721789970217,828.6444190586128,894.203201937036,890.2932493286132,332.6227509180705,371.52623615264895,898.6475977601771,972.7724223969475,727.6252815086804,825.6363625369229,506.53426729908307,496.9445784621769,970.4428374092533,861.8412858374325,925.9326112602014,962.6388669840495,899.4535377631753,891.9877042643229,738.1182298743206,778.6522106492375,650.8465088663647,701.8668478506582,426.1594509780407,483.5465330916844,535.6253430726098,580.3401184082031,743.2512275299856,815.3730584456457,755.1484727886062,828.5712900886758,733.4477615671709,685.2367166105684,891.2281124261118,803.1565803740381,943.8589990043886,770.8330606320494,784.5109974129853,695.4474619930866,533.3362526500839,468.9191930533696,921.8753443840169,947.2476621888302,1022.3186958006082,912.3696649924452,979.4729461935292,1018.5785896214852,876.5746335837455,976.3544204774707,1014.1340603045563,912.8369099422326,892.275434598762,873.8606384791983,866.403400105276,901.4716132569708,855.0196357589584,845.88519387167,708.223821937491,741.6759190414891,423.5125755088917,417.6144466534467,811.0471222674261,775.1966446366052,874.0014830244348,853.5345775059292,826.4701915536347,749.370158037428,581.7280344025294,484.40272556702297,751.4092510206584,722.3750056491392,410.38514764133623,382.82466257909573,362.7027154544873,392.99654314806406,558.3140475593494,480.72275671807427,102.08108814766726,25.099439095964343,713.8160481770833,700.7423690537275,749.4768240451813,706.0896227564747,731.59560411759,655.7125327831958,5.304359010708715,0.10030635363870749,11.990382335344957,11.70317794160536,53.93190741892109,38.85938592240603,6.339475648270713,-2.799640508259044,681.8093761097301,802.98935546875,833.0004903294096,715.1686071082006,684.7384781182981,251.37397788491165,235.20850599173343,555.1039898642179
901.8457073608002,872.5196353990322,932.7882051774069,961.3455634145623,545.3284193615581,601.7349115163088,942.2260688593117,870.3536514631231,677.6394457135882,688.2311389368089,890.9032558658258,756.2035725162143,914.1261204331857,656.5746229882183,674.5163080158518,548.6081977570915,884.278512222507,824.0280382783706,894.88515177175,888.3182590637207,335.10443740420874,368.99077084859215,898.4041569917576,973.447179915413,724.1536400780004,823.4365993751275,507.3712921623367,496.4007497098711,965.5656311826885,855.7484699013793,920.1151398586163,959.5635925292969,899.1479699086335,890.0146611870659,740.2651921811312,776.4901365716773,646.5299945444788,698.9274276450828,425.0103121240224,482.50344127840765,526.7745108682601,581.0965826511383,742.3729154318571,814.0293012139922,752.4959661754725,827.3490079578601,733.5766574449775,682.5200016181785,891.4309685614801,803.3484827647111,943.4734745172921,770.713545874091,781.9734840906254,696.6375736283759,532.531660577226,469.2418430945585,920.4627084554483,943.7346085541778,1023.812732870069,913.3563593726668,980.6049746040676,1019.3869888651333,875.6717326779614,974.8534010192494,1015.4196444838794,914.412685204538,892.1823543537869,871.4916243466946,865.8125124402866,900.7829605861264,854.9944390305528,844.1536443428915,707.4200587141404,740.0451181915415,423.89567759417105,418.7489309713874,806.584222637239,771.0749314177581,870.8214890500333,849.1423427036831,822.4034303102457,746.472416075883,578.5500112342835,482.68582067966463,750.1071274812001,721.2904926030158,408.5058677136898,382.7681578935699,362.56606621696847,393.4549205709466,556.6148343427527,481.0653507605195,101.89365052327048,24.9281764296619,715.0799153645834,699.5631191447629,750.9594628810883,706.4434136783375,730.4735330285613,655.3681106307979,5.097040868716584,0.10023605889744229,11.950415078044006,11.67792290200658,54.33910104448761,38.85059878973526,5.960607091999716,-3.004480663467856,687.110595703125,805.1650701349432,834.3018749672294,712.7850940559484,681.9217897302964,253.045792620433,234.20265142845386,578.7888164520264
900.1083955348171,872.3259853570148,932.5841330438675,961.3727008954462,544.5276535211608,599.801090114883,941.7717916971583,869.932687759298,676.330051655672,684.9208878063765,886.7336019190346,754.9926699104764,911.4068477317359,655.8022881200922,672.4183130216836,546.8762688654529,883.9906447351826,821.7618295853321,892.9501873907915,887.715659362793,335.5077328681946,371.8238276163737,895.0741631203744,972.9191569070967,722.8743019803032,822.4885505005553,508.8296359705003,493.34278160995905,966.2105507400801,855.8426261996045,916.1688247640615,956.969351196289,893.4215456429174,887.7206557888455,738.8466284710428,773.2313158885543,649.8909137070442,697.9861276414659,428.22975969314575,480.5694438634294,529.8349676288542,583.9375705718994,739.5690456860596,812.703560779445,750.4614070836548,824.4945691649676,733.9913225883295,683.9371092336161,889.0695611292316,800.7066501396492,942.0261815315355,767.0115283778016,779.6446976939659,692.8696047137765,532.1994220344466,467.63758095142884,919.6916144580987,940.7200731999344,1023.4436415695861,912.0503202084082,979.1412407120414,1018.4609682860884,873.4609711906596,972.559579197762,1011.8140042433098,912.7144387532267,890.9651462190607,869.9366349457699,864.5560470872624,900.2028415743158,851.321214280687,843.6511240787194,703.9380178189059,737.9013169854235,420.07481373220253,416.01255831919923,807.3110464127337,769.004835200013,875.0350666451961,847.0405524117606,820.0108363564444,745.2172552607336,582.4298378550013,482.73641236623126,749.1165358757657,719.3439038784755,408.2746669541387,381.7210158811149,362.5818740234633,391.56997789277364,557.738197141066,481.8095937216468,101.05143408070283,24.40159701412615,717.1907938639323,703.188422768803,750.9006922245026,709.2954468015092,730.4610711017638,655.2302612736639,4.9591225456005255,0.077997209366273,11.66178182022553,11.58812777101962,53.407855195774566,38.207051445307826,5.615105821026696,-3.214187549317584,686.3603959517045,802.7632379705256,835.851780424182,713.8913197577754,679.4188636330997,253.75561740158713,234.63616319136187,555.772334526325
900.8442954724344,870.4775137642417,932.0494140189553,959.9787723790128,546.321676449443,601.9299562019961,940.8630769149116,868.9172447554101,677.9914159969408,688.7287171004249,889.1769327613397,754.9209587293958,912.5347971858946,658.2639791340481,673.6425074060165,548.1226405354203,885.252487688833,824.2289041474808,890.5517374674479,886.6082298278809,329.7399367226495,371.9894384702047,894.3836399315068,971.000192490835,727.4894248902485,825.1526624239408,509.05031218976603,495.68416378233167,967.4132246701223,858.925409161603,918.9157669988517,957.3886977132162,893.2553908784511,887.2501650661892,736.0440220045007,772.8961328713291,652.2982966049127,699.7613333242911,427.1721268253667,484.307789634676,537.9458155397509,578.5620398521423,740.0014291916575,812.6464581964141,748.2405258397206,824.5742872695477,733.1829208500129,685.4461184014807,887.6932869357447,801.8950460523454,942.3922425568334,767.8419883313553,780.220194247806,692.759489159958,532.8801353122794,469.2712976715959,919.3271454960467,940.1225372817781,1022.51901833388,910.3118041738113,978.3418090024202,1017.5554391805408,874.2092274890398,971.0532706068376,1012.0433798263322,909.951031115628,888.5990245374401,868.4546678026462,862.8423204847202,897.7830689150984,854.9682860159659,844.8340935941602,707.5588932212339,739.4391668410528,418.96502210091853,418.029673173394,807.2777108364418,770.3861638619197,874.227719570728,852.5812694004604,822.5835227089367,745.6389510810211,582.1659885088603,484.2195134401321,749.8335489819228,721.0125668970381,409.93915365531166,380.6677186893642,362.7083671261692,392.3124361535106,556.3773564709468,479.0392548880354,100.63921778110995,24.060214231121886,715.775380452474,703.4820298017081,748.6539772748947,707.5000974905437,728.5905630873663,654.7418155559409,4.906488087199825,0.07486622255916396,11.584473935545052,11.423536513128628,52.55907700313211,37.85204364963049,5.522883660263485,-3.3310439148369957,666.635819868608,798.9189885919744,832.6272402769767,712.1584895653061,679.9085388183594,250.98517348421248,232.28446836182565,553.7353985885094
900.1398183818128,871.048628933502,931.5794430618196,959.4674244705899,546.9587394004644,601.481340644615,940.8287585844672,868.890703478874,677.4294546866904,687.6645906323292,889.2617682247627,756.3857978336395,913.158934833664,656.9649050691833,672.119441729873,547.1035892046415,884.9823475697594,824.7113139257083,892.0069836437474,886.6299706420898,334.415141582489,371.1809066136678,896.2575050893456,971.2825005849203,723.9350336334468,823.1667821695517,505.75679174971185,495.3389967017704,967.4868836312924,856.9971884645062,920.2507458784448,958.9473909505208,893.5424037868694,888.4812957085503,735.661978016729,774.1867683134883,645.5251476439086,699.0781969141077,424.15372960482324,481.5633021865445,530.8856086105596,581.7272913455963,740.6706648932563,813.7229813851451,750.2101531214701,827.3097680632831,731.9826569990678,683.151814934257,888.9611483943078,803.1733449358395,942.893784347495,769.0970704425988,777.9800946701803,695.7884553133273,531.4750966127982,468.7694199389234,919.5741839205187,940.9346585781486,1022.1355271638083,910.9944292689354,979.5503728982677,1017.9261206222584,874.8059926630889,973.8403427375197,1013.5613218848385,912.8641354834386,888.7678960244307,867.9578381826549,863.8783252983336,898.3737320030592,852.2747153548507,845.0199670322606,707.7154176344566,739.865373223375,423.53872868634653,418.93700067090316,804.5240173339844,771.4114053180109,874.6910776990525,851.1638619559152,822.267654820877,746.0502755602421,578.1757989486058,482.9329125694434,749.6433923528058,719.7173285719789,408.2245810799739,382.1511798694676,362.1395857156167,392.26112693475716,553.2223832919966,476.57033451979356,99.62223258912908,24.26596370645915,717.5690694173177,695.7192569021452,749.3582708835602,704.9700624629922,729.7559380761843,653.7388965845983,4.935007774859275,0.08031574997843968,11.585151006199894,11.475782453689225,53.19064809217767,38.01288134846974,5.651820553673638,-3.0585857303265263,692.1078491210938,804.4696621981534,830.3937173113727,711.2051246739641,680.683240703508,248.76437334899316,231.71558104139385,564.0683791719634
901.1626121111152,871.9429386360476,932.7465623998472,961.2455766381496,545.0163748985113,600.5631560576813,942.3667008903224,869.8259341381965,676.6426063849002,687.123535171884,888.252027775214,754.623869856577,912.2959080077771,655.7529103917028,672.8587690562158,546.7741944707061,883.1562909673175,822.4594290216896,891.8743346934118,887.6798408813477,335.9130787849426,368.76181774139405,895.1594109473291,972.3124570089673,722.9925602818034,821.9211320562677,505.3560707740362,494.7421335114373,965.6556967609333,853.6547557689526,917.4535107550033,957.855210164388,894.5850138260147,887.7311366102431,739.8931040888248,777.1936579325113,645.0946152136714,696.7787864119919,426.78096655862674,482.5607422817959,525.529094946189,577.6195471286774,740.3563654403838,812.4831949387682,750.9589910148578,826.7169895116349,734.0788826430139,683.2317960645769,889.2128991188541,804.3793504007401,943.0862419884484,768.1865330126204,780.9838131275947,695.477790573064,531.8418381885356,469.1702247430279,920.0545302659501,941.0816439511599,1021.7663309373299,910.9934437306244,980.3311279031504,1019.975164450488,873.7116717883936,971.8957684049881,1015.6237458186363,914.2949133695558,889.9631132570545,868.5442014543005,865.1944543146024,898.7393059493428,853.0967870832563,844.4018669128418,706.471617112466,740.6384685565899,420.70486140596694,418.0281418528355,804.8910148495534,770.1563599139329,868.6568343791556,850.03534752982,821.0481854288971,746.2023237024058,577.3103767077129,482.2071121998628,749.6735726511951,718.5785681637886,407.0049776603194,382.0827626157754,361.4734041628714,392.48565119689863,553.4614266432404,477.5793267836259,99.95856770207347,24.48908563534344,715.6406005859375,699.0971814171743,751.8282101154327,707.7590913556819,728.0923593923942,654.2584030033979,4.815789196566728,0.0867574088309926,11.68089910282569,11.578899687508393,53.45713360718853,38.257650661498175,5.465849704212612,-3.3148596321835235,675.8481389825994,805.0735706676136,834.5366735266359,711.6988241461258,680.0759163650812,252.30958443610896,232.68805113705722,563.067396624335
898.8629233640088,871.3550921761398,934.1566560906264,962.0875986771755,545.701770516329,599.0980706768377,942.3045577287471,870.6708700776608,677.0798980946444,687.567717145701,885.2162556066746,753.7545640006898,910.7275253953492,655.2146469402892,672.7000096354318,549.0388133366114,884.7126353657076,823.004810593057,891.1781232695013,887.6127211303711,335.40156682332355,372.66864426930744,894.2676871603874,972.3511117299398,727.2347773706725,825.8239446367536,510.5826298070876,497.29171066814,966.1668149120403,857.2706630377122,918.0221508757023,959.4264674886068,894.0987460896121,888.7464350043402,741.3966799528703,777.8907058899662,652.036366433299,698.6017827634458,428.7371382930183,483.0143360680855,535.1211967468262,582.1443839073181,741.0446610961642,813.96117151631,750.9937540382396,826.8957281168441,734.9797670190984,687.448496358378,889.9966081588499,803.7448500342383,942.612310254896,767.2913459052502,782.7304656708721,694.6641659082151,533.7120506874621,470.13373797573456,918.3166969524939,939.8477436878063,1020.9029263775498,910.9399986875437,977.2659771197775,1018.1208471588333,871.8155897414648,969.6224146320986,1016.7726365274458,913.8731484400826,890.2038280026296,870.0872723867234,863.3679082591063,897.9355291714326,854.6595091604971,846.0573205478856,707.015387298864,741.2413410665669,422.2670607083086,418.2176510448187,810.8397979736328,773.9013423682248,872.1235247672872,852.4695031302316,823.3137190442433,747.4581807259038,582.5145743727684,482.6822977256775,750.3158263891279,720.1899869905012,408.7432864523986,381.98490755394477,362.2345475769883,392.2381413388948,554.8024869742337,479.67965794436634,100.23150541136663,24.24139005656267,715.9057739257812,704.067918680482,751.3494884967804,711.7724584346444,729.3389327265228,654.6133590221842,4.775676108578122,0.08288803610916215,11.645918735900235,11.497384972850917,53.127642990094365,38.037654355257374,5.310892535580529,-3.2447765399427975,674.6530095880681,803.4275923295454,834.3582407292104,715.1885453236254,682.4354364731732,251.7912377728182,232.74103861144096,541.0980005264282
899.977553280917,871.2894460053155,934.4344061126891,961.9064062040641,547.4706194234449,601.1511973994119,941.5147506440692,870.4601086885372,680.7581080222617,689.8655042491976,886.2986115711491,755.7514548271421,913.3142941705563,656.5771749019623,674.4006251909246,549.8570523003195,886.6060309568288,826.0646348078782,889.6490698920356,887.0537048950196,332.19013685650293,372.4490580240885,898.1596931138251,973.3685023292662,729.5591673326742,827.7761468992129,510.72682382783836,498.0560321278042,967.5154069864525,860.1210058895158,922.9660791912729,961.3891646321615,895.7696950880147,889.9811758083767,739.5248957094939,777.0631647684488,652.126327565063,701.2956199645996,426.0870741903782,484.4372723611553,533.9658223136527,579.0837223529816,742.7121290186095,815.6560657374666,752.1889496905558,829.8786131317853,735.9162734165665,687.7123907129247,891.7442549397869,805.5810510014509,943.8452389887708,771.1862735095877,784.8173572899515,696.5705906129351,534.1527228220954,471.03088208801324,919.6402510008963,941.2288734261637,1019.4826524520281,909.1168953142292,979.7819003959324,1020.3185700351752,872.6948473635799,970.1733680379734,1019.8373403976212,915.0118848276385,890.4319150490708,870.2802084082523,865.8134579992598,896.8127502104195,856.9690836313608,847.5179123800309,707.5994373986481,741.3217012479707,421.0628920845364,418.8682463068358,812.4063770731941,773.9318759015981,874.3322948699301,856.6773147583008,826.0718255390152,748.7974432038338,581.0070958352089,484.6652051866055,750.9702071135265,722.670368505679,410.18966767121765,381.8656059684306,362.96227518749464,393.82771285684584,555.0739287311031,477.876782414106,99.98818871972186,24.129692487890168,715.2908976236979,703.8191854185977,748.8084508180618,706.1264768401961,728.9110752717229,654.3532917988657,4.89295702113917,0.07564689264529281,11.537756799324939,11.411998480473317,52.440265530976355,37.78315145400832,5.360848698351118,-3.1535105516805366,677.0654352361506,801.1196899414062,833.8055530522494,711.8289377719541,681.6382033404182,250.1922160319069,231.8380107012662,545.4744147267835
900.6079796990368,871.9909810851319,934.6083389626956,962.2342024751869,546.2921748804491,603.1942876790251,943.744647664284,870.6287257190461,679.2600047053123,688.5474072128046,887.4635535759654,754.2596641207498,913.9135283802223,655.9669875653107,673.3342472783369,547.8849474931177,883.6564923146325,824.1862436465647,893.1538991233855,886.7713084716797,337.6112314860026,368.9363780975342,899.8028936565008,974.2557795691112,726.1601337163236,826.0833864736034,506.90613450793273,496.0492377811008,965.5451275807507,855.5590546031057,922.0559013947415,961.9399228922526,897.7315199253923,889.945262858073,742.3329512886379,776.3341373305723,645.2349199639543,699.8499593381529,425.29143898827687,482.53543750177164,525.9045822893987,578.7608668804169,742.8977164739654,814.0480670657768,753.8497084402441,829.2488123687388,735.2206746881658,684.6302984544448,891.9478251641797,805.8384829347085,944.6322447949855,770.7319427524774,783.0790724818482,699.664261934804,533.2709162296665,470.191730831797,920.3147893865947,941.3074290840714,1021.2008344673956,910.9165239781421,980.7637722911005,1020.9819195941814,873.6360483898665,969.7958156679883,1022.1572106204816,917.6692283763442,891.8899250593079,871.2695717173259,865.9958110250485,899.8536369365881,855.178326821542,846.874083503348,708.7521690578635,740.898296273632,422.7603534200917,421.7423577375815,806.8746072737897,772.8871252289451,873.3013526429521,854.8181294032505,823.978049778847,747.7179371579576,576.791226512591,484.195629589955,750.3790989140582,720.4539728100143,406.9061047213919,383.4765733510579,362.561163392209,394.1270426754463,553.7484729631293,477.8009189192454,100.1171935844511,24.38466025111625,717.6451314290365,697.0912041098385,749.7295695543289,706.2453623637895,727.683567969247,654.8569392190294,4.893563023719349,0.08563644617313036,11.573902348890963,11.51373142478612,52.74819138150009,37.93089680169003,5.510898272196452,-2.855693214079913,688.9213312322444,806.0413907137784,832.0872008048448,710.2221040363553,682.299960566502,251.91681051156237,232.40178363973445,558.5413650644236
902.553670202405,873.9925086091865,935.3189760042569,963.7319033440366,544.8763424984245,599.8955672492406,944.6449582294226,871.555799278097,676.4505606281514,686.8115984963589,886.0797041761197,754.5800455850268,912.7362212603128,655.888651216561,671.6579151604305,547.7697219233359,883.3394651548557,822.8796381142448,894.0052949459616,887.9183080749511,333.9829309781392,367.2346548080444,897.9684693747956,974.117817015875,726.5326469431373,824.5709772633983,505.2518202677287,494.41785311698914,964.5070960566683,853.5570656105324,917.4981402700029,958.4900276692708,896.7172485610186,889.7866594780816,746.0923944887908,777.7639005729951,644.97135442154,697.3546036614312,426.16083190483704,481.2880515552192,527.0672697473744,578.6755976676941,742.1472484441622,813.3117088570979,753.0366765423405,826.8529091606363,735.1785184686834,685.9767792174866,891.1072417882181,804.2327758671602,943.2330770038423,768.7055735271462,782.6871030319967,697.1074435734281,533.24605826925,469.5940705035766,920.1727071638828,942.82908450343,1024.5698731022828,912.9316412888146,982.0761294953719,1020.6698693272365,872.4295360320205,968.6132258662471,1022.1826994027664,917.2072428893057,894.4353551741397,871.80889118497,867.8832849393225,902.5914631206027,853.4002211630882,846.5208782446189,705.5005449067562,740.8030682188091,424.1114935391191,418.60646268011817,808.6444096799756,772.5017657141468,871.8569400868518,847.3998963492257,821.8045546652256,746.2316911167861,578.646581234932,483.24077992280326,749.6969756407884,719.6877224015149,406.6382499957786,382.0850810792687,361.50304668915004,392.7582704519789,555.3718060689183,480.94891965772956,99.30209841690872,24.185013328321755,720.2705627441406,702.3529388944982,749.8869712352753,708.4084651653583,728.8208495860791,654.8624031540817,4.667911898197704,0.07391152375817506,11.595417789055107,11.551723003399209,53.45737891065142,38.16731459671827,4.989710615740882,-3.19746496572214,677.9211314808239,803.0976551402699,836.3851646064912,711.7219048995006,678.9911005356732,251.80420899286605,232.0936218319517,552.9205989837646
901.4218177851708,873.7506443247048,935.5223272552672,963.5281710888285,545.3007260788319,600.0518988285746,943.7984425576446,871.3637676212635,677.1306992744912,687.6564162363771,886.9058925969814,754.4048383349464,913.7543342395671,656.460226032898,674.3245778937838,550.190412187103,883.4766033046053,823.7038931862461,893.8434048356681,888.9418629150391,331.44654332266913,373.97442588806155,896.6757220203571,973.2310406215607,728.4299667218593,825.7351493835449,509.9725344589402,495.59899576505023,966.506067635878,858.5861221125097,917.7940160395905,958.2496150716146,895.7348625053794,891.2428697374132,744.0889454717221,779.7060083596103,651.0161272460668,699.2135963439941,426.82065626978874,482.79106567325664,535.1681142087842,581.7527985572815,741.8835976521174,814.1551393626426,753.2205682617708,826.3177716104608,736.2068800650352,687.8900351357627,890.9000498894723,803.0986682662516,943.2020532836325,768.1459974216024,783.3314834731576,696.6428722213296,532.941169917213,470.2921244323546,920.3908499877529,943.0302106142044,1024.5604624264183,913.0529762718959,980.3983823560632,1018.4762213129827,872.3569867895284,968.7281778202135,1021.2437632546496,916.809666480821,894.9021993420097,873.1473528082082,867.0668252349659,899.7376201482109,855.9888661015141,846.5644096937336,706.1416280553975,741.4049296853863,419.71917475824773,416.5354483026854,813.4786923517946,774.4556603649345,870.0900567237367,853.6752199445452,824.2189930006006,748.406185330113,582.0289894882837,484.71526960084833,750.5337667994562,721.3953564529293,408.7752824232859,382.5020666709876,362.4655374645784,393.5488239615019,556.4443797423095,482.70769871391354,99.45975650965853,24.310478383817866,712.4645080566406,702.8466574458753,748.8674004077911,708.6516786117899,729.7138191591996,656.5915401368095,4.652721012623883,0.07778190485356996,11.54401007721232,11.510011499103003,52.842704001902405,37.8653689561955,5.010217547416687,-3.1561439721023334,667.1444591175426,801.0258378462358,834.6208061883914,711.9972735054886,681.0347092572381,250.74599520574537,231.92115991765803,547.033182341477
901.6641910349183,874.0911782353816,935.4807413035426,963.2149397720141,545.1783927074698,604.5802643384252,943.4821117820642,870.5991650697018,677.4933841082515,688.3734750591341,889.2302322077558,757.3637983291868,915.2139128886201,658.4486211432137,674.7835563181052,550.1229883669032,888.9003667063058,829.2779123553406,893.0313240431278,889.9463793945313,331.31532658471,371.609139251709,900.3478761923434,974.8496568467882,730.0639632934051,827.3564276433253,506.7643082365805,497.4896486335331,969.2042517392141,862.0774718484761,923.4925292808553,962.6669893391927,897.8697054588189,892.3511777072482,744.1321904721467,781.9094738328313,651.133712634116,702.6022283766005,424.45666266764914,484.57875445362333,534.1307326770219,577.9293961524963,743.9907690447475,816.0483681918321,754.697070283146,828.4062749070731,735.8538618008953,688.2840296205108,892.528897131643,803.8262574263682,944.8126914197413,770.9218254741769,784.6713820658457,697.0379296766192,534.1231484853565,470.5140853896371,921.7443162431331,944.3329822995045,1024.0167528941872,912.6806064654023,979.0667523458729,1017.9308854383944,874.710533492062,970.8914041558411,1020.9011884091506,916.2178682455412,895.00094006892,874.0224809623395,866.4263006319666,899.3093335062101,857.3547815889925,848.4879903949675,708.8736198495287,744.0197938861269,423.3985276153122,418.70299632112744,811.1814830342278,774.5519672567914,875.0303708340259,856.6885604858398,826.974705012822,749.3051111989588,582.2768860904375,485.4824409476916,752.7214591946371,722.6947701338463,409.75930911775896,384.39679119432014,362.9763071829414,393.2720659533949,556.1571630998459,481.23906172826884,99.98263786531363,24.196719324031946,714.1636271158854,699.5082045732919,749.7884525060654,707.6613388061523,729.4902921875621,656.3127838142926,4.8118064178546005,0.0802112413863479,11.57633059890653,11.581438500138756,53.20283529926886,38.044202368616965,5.552584264013502,-3.0654728936360165,677.4068215110085,801.5779851740057,832.8601946734742,713.3173202321499,680.7998046875,251.15867575741652,231.78290952335703,551.5820551905139
903.4735242343709,876.0054635140631,935.527772193573,964.3648235911867,543.333398597185,601.176194361278,943.8102864349183,871.1488088015293,675.672145454251,686.7799035213033,889.7871363414981,758.0774626323155,913.3337885838635,658.4167578653828,672.8394180221937,550.2097088929737,888.2002884742773,828.8078367100205,896.8100168220842,890.4733380432128,335.80975643793744,368.96060476303103,902.4519791155839,976.1148731897748,730.566456899593,826.344655592363,506.5884520796781,494.74755379888745,967.9776172278063,860.5660676179109,924.586557062905,964.3390150960287,900.7688156386553,892.6698297797309,742.3130193295686,780.6506127047252,647.2940462255268,700.6091787550184,425.634945584195,481.51770205265575,528.0177220203838,583.1505584716797,743.7025356813083,815.2012778910415,754.4792292921657,829.6127686416894,736.7420098013129,686.952826359889,892.2549109305105,804.6269993400994,945.1012021976702,770.5416599480918,783.0937988897075,699.3572850788341,534.8096068513119,471.2261322461581,922.6883018134328,945.7018687416006,1024.1946589323666,911.9324894076664,979.2694291089929,1017.3113514489727,875.2529681377819,973.2061779508865,1018.3559711513235,915.075615125109,893.9265847752604,872.9949364138247,869.3289247743643,902.6582199012377,856.6029845916473,849.7549179890117,708.9107959292351,743.6955928389644,423.27804399573284,418.8401418739641,809.5039307641201,774.0258158450305,874.5128459524601,854.4148733956473,825.6297897689644,750.103106612,581.1600721804301,486.85240760803225,751.4106123063008,722.3739608889631,407.46678408875187,383.77637211940777,361.8887849546045,394.05379255998025,555.8415478086431,480.8879100178058,100.87882132848932,24.73107520518712,721.0287150065104,698.7276037183858,749.9622814655304,707.2807601307312,729.9589083140133,655.489510937833,4.892602965701371,0.09722342982767494,11.71057940214528,11.611266369095029,53.24922800516065,38.0725748770675,5.866965115070343,-2.854072966996361,689.6117942116477,805.9030262340199,832.1732210504929,711.9153830612762,683.4377602969898,251.77310502215437,231.946614409938,563.7242307991817
902.3466078590474,875.0814852672394,934.8349399634689,962.709792456304,541.0695099852805,597.6158379060881,942.3640088262664,869.7116194839681,674.4027374034025,684.0013495898637,888.0559300213325,756.4376755638729,911.0401918262396,656.1205386507366,671.235073948381,548.7438277340409,884.6464816631299,823.8006056978853,895.9102591152849,890.4599810791016,335.9605432086521,369.583580716451,897.0575846662425,973.5009953029572,726.6595859827171,823.3771793658917,506.3747712709627,493.81335801548425,966.4439884761595,856.2481828100887,919.0443648691253,958.517500406901,897.7016464492021,890.1234849717882,742.7963331139606,778.051567353398,644.5784796492119,696.9528740776909,427.64781328476965,479.55101421799105,527.8454147088723,580.4609112739563,740.9915097245857,813.3698726129758,753.5121506130463,826.6510688157109,735.8409855267233,685.3958076797165,891.0847898575568,804.0376821654983,944.7785625825977,769.5129333780085,781.8255762690386,693.2303249391855,533.1657035297865,468.55889030881286,921.4854950586258,944.5299507578214,1021.9398616323203,910.9754730890213,977.9306971276325,1015.5301990817666,872.4239293836308,969.5069485181643,1012.5175726591651,911.0044762687781,892.9460951237196,871.8475912257262,868.789914951203,903.2281844839865,855.1346540365133,848.9473668708176,706.673387789945,741.5865876168916,421.2774365743001,416.0893695925323,808.9893142199907,771.7156597469852,871.6101372901429,847.6630619594029,822.9281759298624,747.6469840509457,580.3104967677593,486.066990591685,748.6632730357973,719.1053382927819,404.72752968309555,381.9221913788723,361.202188811653,391.45497422836746,555.0884884134922,481.52307919465005,98.769812119866,23.5772722283772,718.2167317708333,703.6618693723517,748.9922859668732,709.248899364903,729.7195942031822,655.8038562515837,4.662546717341205,0.06591959002565731,11.443055564709521,11.415874840946486,53.18102591611904,38.16680802235515,5.038325740231408,-3.2361617158440983,673.3718816583806,800.8819679953835,834.7718301043415,711.8174293614641,679.879555496515,250.99111588063994,232.07664754173973,566.1640728259908
900.7026998301465,873.5270972417461,933.1071131067808,961.0705226474549,542.1093792493954,602.7141921498945,940.8390963034861,868.4711302509713,674.8105487434232,686.3138584543447,886.5487928933244,754.2352960162692,910.3701897141864,656.1289084174855,672.8065170553787,548.5661082105069,884.2263512091614,825.5697234080875,892.9093984260413,887.914173828125,331.6900390519036,370.18120759328207,893.4033572814853,973.4272498781719,724.527318573747,822.8770482828329,505.0226793447252,496.5573524104224,966.7547235668831,857.928838885272,915.2917346704038,957.5731774902343,893.1611395367121,888.9202259657118,737.8163393766984,775.3092055722891,650.8228380312479,699.6608849984628,424.66096837446094,482.4085147300463,539.7586877541464,577.0361578464508,741.7585758882324,814.3395171685241,753.3605251856833,826.7635236093175,736.0500841850092,687.3779615789026,890.4941761693647,804.6292359849924,944.4198267923206,769.343858482852,782.0540811513036,692.6452279371374,533.4001215867844,469.44792766842244,920.7707840417066,943.8468744489882,1019.2971419386936,909.1962101938129,975.6431408956777,1014.4397349866848,870.8027247624295,968.7730443585557,1009.0016488601913,912.0540139447195,890.1280290193772,870.3180054414587,867.1244998858992,900.1884514402948,856.3007389790303,846.3207846156886,706.6147640823224,741.7999498771899,421.5278498331706,417.59286237098803,807.2830955630443,771.3294143360185,869.1007443691822,852.5984507969448,823.9258412255181,748.4543230201,580.6040775676569,485.35075475056965,748.9407982780019,719.3531471587088,407.12112218597355,384.31180023888817,361.3383602977653,391.7140188886428,555.8645523663085,481.3436904235184,99.31347080164899,23.96169960521671,710.5289001464844,699.3309289964579,748.2505428791046,707.7342769916241,727.0337946457414,653.8137945295255,4.888756085432282,0.07593682764994877,11.692160200336136,11.518475397664055,53.37198818206646,38.2683746472836,5.629485150178273,-2.891708317924948,668.3448375355114,803.2176336115057,832.412925361787,713.5677602260928,679.7025239233877,252.03625487967543,232.30563363161954,553.3651461436831
901.087816783923,873.6725196961427,932.9680098126532,961.0076547979834,542.6324587533641,599.2380626797676,941.6413054145104,868.9425809779066,673.1376400772406,683.6188479564229,887.8114269690785,756.0819282743666,913.2088162559588,657.8209233475238,669.5482038621286,547.4536743601114,886.6061177909091,825.5326979057337,890.8388347698811,888.9678179931641,333.0430145263672,369.7017355600993,893.9642022863611,971.2766553787958,725.7473899381947,823.0594129876777,506.9589945123999,495.21620456377667,966.476225151206,859.5623827522184,921.1623823511319,959.2582600911459,895.5525357521186,889.6704231770833,735.7773724099865,774.9855523166887,649.1158664047981,701.125868761981,425.9014134726354,483.05342870705135,530.1150058058441,582.607536315918,741.6683100547109,815.400703177068,752.6042419087588,828.8301565493756,734.8300762964674,686.2089005717031,890.7757313159204,804.3421767827703,944.0329782616064,769.3166527890598,780.7811045625284,692.428897782868,532.7511947915143,469.2892128545943,921.1005871408219,944.6479327623491,1019.377919147648,908.7864654533859,977.2449344270126,1016.004148964743,872.1327330796362,970.8500671857669,1012.702782474347,911.2587870639732,888.12434598837,870.2603013843753,867.0176637977552,899.9160856805454,856.2971173535597,845.4082547484851,706.7754679338648,741.3006328896527,421.78145411394644,418.03538793913077,805.6521755281042,772.8393473644969,875.88423968376,854.5817522321429,824.9370055216939,749.7405741362941,581.3060459502539,484.4080574202537,749.6027024861475,720.426232464746,407.4910178182756,383.25039504409267,361.2371098108124,392.22560546898836,552.3768204952225,477.6965224621445,99.65314480428653,24.107994026727802,714.3733581542969,700.5059990317135,747.1260797977448,705.6921159563021,727.5971314330744,653.4656605962072,4.660166571627518,0.07509231589113673,11.623088737636976,11.44061784549701,53.04036774014904,38.207751952003754,5.176261603832245,-3.1277796560350586,688.9615644975142,800.0185802112926,830.4671352309668,708.2385335028926,677.9355845731848,251.46274642045037,232.88191785234395,552.9059951387603
901.8306628365725,874.2301602086635,934.6000297990905,962.3043629296748,544.4631596764852,599.5896634374346,942.1101342320748,869.6512792197694,676.5202342442104,687.0573521285761,888.293288145608,758.5646953151339,912.5099728191287,658.3170577144092,672.7280382042501,548.7541287303267,883.7369544946752,825.4883916227525,894.2460721772293,889.6303876953125,335.2847810321384,368.69126698176063,895.4892794346224,972.8816725715758,725.6172583015801,823.3638383634798,508.1120601596095,495.57803246710034,967.6945575858063,858.2618275583526,919.5507090811342,960.3913395182292,896.1163437406896,891.0827408854167,736.042809262483,776.6870330442865,643.8110388197038,698.3011863143356,426.74964272124424,482.54362728533226,526.3620529800165,580.4079098701477,742.1933513274269,814.4257948455088,752.7456115733282,829.2043941676268,734.2213826612992,683.1637075064066,890.4948279788417,805.4584517618778,944.2382801993626,769.5263988563952,780.5059779214217,694.3719108665691,532.4639513436473,468.5792680779768,921.7057148493654,945.2342850852896,1020.1563623275922,911.3635202840837,979.0148923392918,1019.2249788697869,873.65530414173,972.4039577829494,1014.7064780619608,914.4652110464505,889.5121653181783,870.7174669552247,866.7229789685292,900.6581631655192,853.133787619101,847.0519844430391,706.7506354795684,741.4135839949439,422.7143880871759,417.3573103891292,808.4614845651095,772.6187637772302,870.4693993101729,851.9261109488351,824.026538651565,748.9795930280211,576.4302580022812,485.833545841376,749.1751398431047,720.6564904204574,406.94795598203643,381.5365441800885,361.8365522146378,392.6992955072134,550.9751232591267,476.6417284512023,98.9030467913415,23.56990755528075,716.1638834635417,697.5637243238546,749.136757850647,707.0514933901135,727.4416963999508,653.777213420728,4.692450644154298,0.0664090943566946,11.295853090044007,11.363039035976714,52.01670727834671,37.36870661576564,5.018428120348188,-3.255050578538109,694.8027954101562,803.3593872070312,832.9914452469588,709.4204740886447,678.35696441052,248.6661422942814,230.24029770764437,552.7003854225421
902.0972331727128,875.0676584629098,934.4988721559504,962.4545526751484,542.3693956242051,600.2346060786929,942.9909503413181,870.5574058102546,674.9399399270817,686.0675242533449,887.9243896608431,756.4111531537677,912.7378202809682,656.7114488513242,672.6888935696427,549.3256359008642,885.1953741860051,824.8929358637611,894.8786529307165,889.8240028686523,333.8543808195326,366.738386853536,896.696178981236,974.0818881685772,723.5428204561404,822.3288003481351,502.2927258633777,494.4617812103695,966.3659403818958,856.8141701027199,918.9184000010252,959.9707135009766,896.6286685749636,890.6324758572049,741.5077286430027,778.1801816641566,645.9296863740761,699.3845479046857,424.15799609465256,480.7407968213942,530.547725114666,578.7027199268341,741.709666931913,813.3479054527825,752.9663769926533,828.0187081342552,734.949883831434,685.2277047484071,890.8230578607129,804.9274445600873,943.825660045236,769.4615550372203,781.9739708323115,693.9839119274242,533.2493296989751,468.10330028551226,922.2784943930552,945.3796446367546,1020.6720003252668,910.8100295379953,978.8854815408458,1019.5559289987805,873.2403486992606,972.2381335835398,1015.3837378202979,914.3879609613148,890.5187855452634,871.1874903408974,867.9389770896571,902.9133353891953,854.3204719955856,845.5449663068428,705.963327040366,741.7306287360914,423.4809789242952,418.27636476973413,808.7583160400391,772.5289990436981,872.14948938248,850.239374433245,822.6142405440524,747.3382899947259,578.9065577220916,484.95087690234186,749.3645364904194,719.7951342774819,406.2956079199034,383.51042357807984,361.18743885236955,391.65664223602863,553.7636411410641,477.6591217153768,98.9869517957063,23.680644361054902,717.1893595377604,699.7919549457098,749.7320687770844,708.1239077883068,728.0730615669231,653.6085441988372,4.658246319128298,0.06989953954255691,11.572598676035557,11.513919877124039,53.72434550905115,38.04326475063409,5.498727315002018,-3.073151552611414,685.0723488547585,808.6509743430398,833.4841718225671,712.2270530990407,676.7548810173483,250.74501012396394,232.8522286559596,556.0363230211981
901.9041093806027,874.183665977584,933.968444860506,962.6633349220116,542.3776042139807,600.2087185169969,942.69774486545,870.4545734807278,674.444539478847,685.2858506343404,889.0439564929745,756.3627613639075,913.353755563242,656.2122962638916,672.9321624414245,548.9993985740482,886.1627156045199,825.3726829072566,894.6425494197684,891.4308987731933,328.87266959084405,369.973878288269,895.5002101991772,973.8234639546228,723.1581218105337,822.6291161841089,505.3786194258632,494.91386991077,968.0709202964351,861.0790857385706,919.2439105817339,959.706058959961,896.7757093785173,891.1305106608073,741.5145271632982,777.6224166686276,652.5099849448856,700.8042791861075,427.4594417169823,483.1195916450872,537.823381080002,579.306291103363,742.762064038288,815.1771522268865,752.7503271370213,826.7484945330704,737.9511994290943,688.4377795799629,888.7584077289027,803.75278366486,942.8681034618363,768.0836808417645,782.2989875896095,693.4353320785598,533.8961794952304,469.40938680115386,920.7313627512536,943.4702579577764,1020.8215609513401,911.2978567245083,978.5764205534562,1017.1702637903899,873.1632567239463,970.9624610790991,1012.489560483107,913.2209179456844,890.859637970335,871.2557089285658,868.6532628733642,901.7702145233998,856.2614822731362,845.984248427094,706.9869682242017,740.9688492151566,420.86867877020353,418.86372448021257,812.0669842079037,774.1954244399961,874.5186962371176,856.1543099539621,825.0844044447858,748.4448131385429,584.2337578344345,485.1542125161489,750.8156148498804,720.7769849933223,407.7774899437147,384.3543415577403,361.96420255545667,391.8945133472583,555.2432042460744,479.9175407865023,99.63547469223677,23.956727402092902,712.6904256184896,704.4933947547007,748.2622258663177,706.8240074054148,728.2397802221866,653.8636601310051,4.693931146083694,0.07626533289957378,11.548211208187707,11.644115337904077,52.66057704897571,38.22264734457775,5.323658055729336,-3.2063015147167095,680.2190052379261,801.9763494318182,833.8084499691956,713.1091370401504,679.1485389260685,250.8600327550319,231.34270295229825,547.5943888302508
902.1099228098935,874.2098886412804,934.660608534297,963.4067144393921,544.0939957995747,600.1282427055495,943.6752206813751,870.8562619848454,676.8563469478062,686.8405563948585,889.9926260506235,757.2808759447128,915.1666653242161,658.2041431221402,672.758365759209,549.95266584013,889.8402157101021,828.5711618974756,895.2204425270987,890.2355514221191,333.49245468775433,371.16252880096437,898.8450096978081,975.1213561164009,726.7414871535376,825.3764656402252,506.77360069422434,494.71196548144025,969.4380732482334,862.8964931158372,924.3351664705852,963.3074129231771,897.102888592219,890.5965626356336,737.3586553158967,778.5362019366529,650.3585755772527,701.0352730927644,425.97395062446594,481.98039845670206,531.0980582940774,581.1568112373352,743.3111601145495,815.7347668109912,752.2897198439308,829.0792362480832,736.7723545988729,688.3595096881573,890.8019387060596,804.7142650109232,943.8684468655973,768.9350613952882,782.1692913038314,694.4676125511235,533.9322475864028,470.3015960630535,921.1128851899965,944.439291620696,1021.1047245379915,911.1076878284648,978.0888257897418,1018.1726412047846,875.263099320438,972.3822496280749,1016.4151278823169,914.2221913103601,889.7424217084821,871.6615177699688,868.010125324225,899.2111199310472,856.5923926551063,847.7723021898113,708.9322728848239,743.1868031159108,421.48048113394475,418.03876857354606,811.5107704537813,774.1037243095176,876.1622262508312,858.6493083408901,826.3757970817244,749.6641453647811,582.719194791317,486.5269177730878,750.9434358437156,721.5940011500859,408.4397883748307,382.2256729714707,361.1238350854983,392.8168800093136,554.1701263904774,478.85961242770156,99.04921047522306,23.716976394172608,716.7515360514323,700.9708324367717,749.1770946979523,708.9231022968551,729.4967025873315,654.3868885920508,4.503921103002013,0.06863690748448587,11.392068070015776,11.279208508306974,51.92506599297385,37.53445900799657,4.813860303825802,-3.332648218554609,683.4647882634944,803.7579478870739,833.1284429562971,710.931037419959,678.8675130208334,250.09258853238924,227.9782186565977,543.6983335100372
901.2673065175413,874.0727666899411,936.0005371964644,963.0904912673145,545.0276749278224,601.7947618067265,944.2594138012925,871.627221252766,678.8288344558405,690.4674655883039,888.9717059406807,758.0963571538055,913.4573064790991,657.9401332400588,674.4104943299175,549.4557578543354,886.7367003562891,827.3793680438172,897.1578956399384,889.3622313842774,334.1379928059048,370.98910484313967,898.3257490766341,973.9649513486831,726.4717650388548,824.4029529278095,505.8417609093598,495.314809428321,968.3935021454433,860.8266170548804,921.9993324580155,962.986224975586,899.1388337733382,891.2793067762586,741.549401059358,777.6422663309488,647.5683426037759,700.1853945696795,426.179004073143,481.4764082262132,531.0444293413005,580.8392663002014,744.5518752857452,815.8399530926022,755.631534139426,831.0499875141167,737.8946670973596,686.6422537023371,892.9489582846242,807.3538641216468,944.6594181355363,771.1118446403826,781.9835236211528,698.6894584613688,533.3484059843246,471.17495446807646,921.9163532904702,945.3927031501576,1020.9073519543232,910.7042801411469,979.5502352241848,1020.8541701542135,874.4202854728115,973.0157638675391,1018.3690927989447,915.5570949497765,892.6766259675616,870.8965442062917,868.1325456655709,901.0125369920256,856.8983850565043,849.8521978972389,708.4843265638439,743.1474187941778,423.5157463516014,418.4818444923616,811.8078859673171,775.6852677847835,872.74128625748,852.1439623151507,824.3934497833252,749.2312079743785,578.19160973231,485.92220576922097,750.3314856306572,721.1816781712846,407.31342124483166,383.2623295108334,361.68211647010565,394.01825576893214,554.6113919744265,478.83235373914243,99.88117189743315,24.082008090288326,718.3845275878906,701.2095636917373,750.4563453197479,708.2180821000181,729.4291784077807,655.336255462362,4.791194208799617,0.07799795069904239,11.624473457576332,11.44633538687436,52.77106053473966,37.7950773656904,5.472094211313459,-2.892984000637251,698.2613026012074,805.1078091708097,833.4203552655725,710.9594562385656,681.110574759689,251.0712972675499,231.58594345323968,558.216074384492
903.4971591111761,874.795309424024,934.4820033015593,963.9098244568266,544.2984292052513,601.6574460566044,945.0900658089588,870.8527019985686,676.8467689047054,685.899977480779,887.4246381899205,755.6749997850449,914.6613728619767,656.7111007057221,672.5975275846263,548.2339390907853,886.3679944983026,826.6066485686952,897.1938170802091,891.2053416137695,333.8686154153612,372.2462594985962,900.2672986447553,974.4216135721358,724.9528593492757,821.6373136750944,503.1083350945573,495.77601952022974,967.3656201992395,856.8240644290123,922.5847542029353,961.2966723632812,898.4986035621772,890.3976165093316,740.3752558169158,775.5348525449454,647.6172272602367,702.2884511594419,423.43377004350936,480.59147412589425,523.4003696128971,585.2197325229645,745.3926248129399,816.1132069086011,758.201002402558,831.4145559400146,738.209231857426,689.2050965182431,893.9242293188648,806.8447846667158,945.2446805200368,770.0924594810072,785.7982066543648,698.0327535353455,534.9222813139588,470.64406590846573,921.264229180126,944.5644996916807,1021.8499114365351,912.2681417447318,978.1531505551545,1017.5210611658189,873.7780537736526,973.1797582053354,1018.3525661639313,915.4932185722568,890.3665959037422,872.0144287661153,869.6612910373955,901.9670811437112,855.2650756835938,847.2866340074382,708.5365722376272,742.8358645748782,424.7069750799649,420.2579735500712,803.1968984134862,770.0730076706756,866.0206194938497,850.2050312587193,824.1328893566497,749.6743773251608,579.810845271349,485.8142806959152,750.8410820242592,721.2998896270057,405.2473134892828,383.99430638444124,361.69847064667556,393.75285947546627,556.7392231120723,481.608072156962,100.05068990243254,24.623977631227426,714.0635884602865,693.5153249966896,748.6829520463943,707.3899218701669,729.4634409120671,656.2752759048583,5.057596463195392,0.10074428247322363,11.85877866168883,11.643238215082446,53.218762543626234,38.58707900490156,5.908424602614509,-2.7656259922420277,714.4303533380681,797.6919699928977,833.150540959915,713.9485593385334,679.4436277501724,251.96600200575693,234.4470684745095,535.8044243516593
899.5596393289081,871.9207481752818,932.164768613618,960.7544894351428,539.1179702581361,595.4972607919148,940.7360751387001,866.9271591693797,669.6422411470998,679.1426139737739,883.9859774054551,752.1399825550261,909.7054726320924,653.0261590521828,667.1938507212928,544.8903352317976,882.694960661974,821.2026220302645,891.466568139321,888.4165025024414,330.52520264519586,370.5395102183024,892.601977602916,969.8716189672076,720.3912925720215,818.3881248222602,503.77337213906134,490.54824142985876,963.5565459053471,852.0344211154514,913.2751402366819,954.9696468098958,893.6676448240119,886.4819848632812,738.1387201723845,776.188373611634,646.455429009929,698.88445409139,426.0158017777971,478.8184261964948,528.377709810851,579.6474738121033,739.5139589125201,812.9218907650048,753.9138339566155,826.651166313573,736.4898496107621,686.3314310887476,890.1273107144141,803.2307429904462,941.6323662270604,765.4323821902515,782.996258654402,692.190129476435,533.0059536428689,467.7612770961174,918.2025195620016,941.1184142483054,1019.2993368412455,908.927287076696,974.5992645529042,1011.9198094957469,869.382760050829,967.080792171965,1012.454141189803,909.7720009387309,888.7689553025064,867.7210808543072,866.3495849317806,900.0071316713786,850.769407598822,842.5365585889973,704.5505774261754,739.6354164024452,419.76328012217647,414.80428070417594,806.5149123395075,767.2300546733176,859.878721845911,846.589465550014,817.2384451212098,744.2877406507566,579.4826525608698,482.3339232254028,747.0787232386383,716.8792004172052,405.9855465475251,382.2425938582162,359.7602807782375,389.9491313407031,555.1762836417136,480.63464145193495,99.41801181656344,24.047420421402087,714.1865966796875,699.5199750480006,747.4251842498779,707.0683595303497,724.4830014371993,651.5400733554936,4.702960245531837,0.07125308531405473,11.56936002305393,11.422798247507684,51.92552992281332,37.0720592744493,5.504095137119293,-3.1331369605134514,680.2504993785511,791.211484596946,834.1889980239356,708.4675314215165,677.2018232158586,250.0861500470262,231.49899102702284,561.8878513862347
898.2227606756487,872.2581937198687,933.170261995404,960.8012968705469,541.1396928033164,598.4138685805457,940.5231286818821,866.7707173526034,674.6515160385443,683.3521203525731,885.0329829890553,754.4970884413947,910.5519507644925,654.8213475570988,669.3850168588742,545.9503257366327,885.2699991922243,824.6948621312645,889.1668817512834,887.7185768737793,331.9573646651374,372.1921232541402,889.0297589102521,970.9483612302749,726.4982771748647,824.140556042011,505.31828957236274,493.4422586494022,967.9761654116073,860.0369978539737,916.1873285088326,958.4843575032552,892.415386264607,889.9311108398438,740.3232979152514,776.0392853150885,647.5157581951124,698.3485569424099,427.9888827087624,481.28689023707244,533.523627171751,581.1360731124878,742.7100613211828,815.1557235356191,752.3095890215512,826.9837075952898,734.7145619668252,686.0854184077336,888.6092124492891,803.0596889694415,942.2505073522816,766.1727548648174,780.4449340409762,694.6671135051578,532.1827362967426,468.6944558312248,919.7497330296862,941.4806227143164,1018.9540471170685,904.7337968175004,974.0045195737092,1010.8146971853805,869.4658821875896,967.1003157768721,1010.3893277751865,910.0502822577799,889.9246769476473,870.4697489599193,863.5371535963313,896.9772403780267,852.8376320503853,846.9965715251985,706.1304139303505,741.1852204293916,420.64063091554505,417.1710056922805,811.0559978797787,773.7945245133396,873.7585397273937,849.8415925162179,823.4971196916368,746.5222444689899,579.1059725554784,482.75037780125933,748.3359026400528,718.4688585350203,407.45296330609744,382.47202853777776,360.2881754772364,391.1521562844808,550.5915511009459,476.07424959510564,97.90291952997494,23.417350856004482,715.3669392903646,703.6897857148768,749.2236950397491,707.0414246261389,725.3781685865563,652.1554669213907,4.757215857824408,0.055606227112865,11.56106637067448,11.414036376002231,52.26485297986046,37.61051764218162,5.519397828314039,-3.1028844389845345,682.2991887872869,804.9625532670455,832.2955387806733,706.1941188377671,676.3160364487592,248.93177380478173,231.00892217231518,546.727766727579
902.7467401970657,875.3504286209742,935.5576944430575,963.1880284381577,542.8785312608231,601.073517292738,944.1880469879125,870.11796627207,673.7172684572181,685.9465375650125,890.7550788817367,760.1584815191844,916.2445641373688,658.3137555976629,673.8161653452252,549.6094007426989,889.7367670321352,830.7724251097619,894.568322455746,890.3663883666992,330.63084083133276,370.6800927797953,899.8640430004566,974.9656548878503,728.2902754688762,825.1150627345829,503.99372563441153,495.42452175087396,970.5091183860347,861.4965439031154,927.0114082877092,965.0373274739584,901.7556131653866,893.5919311523437,745.5515070376189,782.2672266213291,649.4875091855222,702.9483707569264,424.31323082478985,483.8087516241752,534.201117593734,579.7948033809662,746.1699055855473,817.8739305830679,756.7169318172593,832.3657276867426,736.9239705771454,687.7209933354304,893.7431916929061,807.012661506004,946.0757954841722,772.4654347344904,784.2321741078466,698.3758898167049,533.8990128288049,470.9467054057116,922.7917894612007,945.8350268734825,1020.1687181678241,909.9189326320312,980.1720153012483,1017.170969527902,874.7124630056026,973.5494218912635,1021.0176562408902,917.326210814237,894.0179658096828,875.5975410291647,867.1646445207535,899.8474484438395,856.2701757620047,848.0134175097356,711.8573717589773,746.3231622605097,423.39573348777884,419.7624703931137,809.0712561685531,775.4856478742544,872.5084605115525,859.4071818760464,829.0078202828594,752.00730252233,583.1630179039637,486.35721821347875,752.2865618735158,722.9862800794675,410.41910312789327,385.54040685887804,361.1597959512146,393.1435719636026,552.1532158689962,475.8271352139348,100.60401910960812,24.431207734169494,713.7069498697916,698.9402584787142,748.1097552776337,707.3593018475701,728.7262651671587,655.647822430198,5.161058956414069,0.09862290366414797,11.812036349103487,11.667904844410494,53.736236304812735,38.577595618018954,6.6716207067171736,-2.7113005063113045,678.121260209517,795.9891745827415,830.4574752910025,708.8333964287481,682.9870168648514,251.91757637053206,232.82196843262875,540.9759826989009
903.91475576099,876.5750409846354,937.2034047384183,965.496922963169,540.1965071744697,597.8124292695096,946.0680577439929,871.451906929219,673.3716182319486,683.301579960057,890.4436762895041,757.8987834491427,915.7586134318423,657.1339145827632,671.7973602778876,549.5619096356645,887.0978636538248,828.1077332163966,896.1341905265019,891.577213317871,334.6322552363078,368.1035249710083,899.8654025079196,975.548572116428,728.2081591621119,824.2203330574455,506.2338744289967,494.36378566424054,966.679213002043,857.5819840796199,922.9959681553478,961.4446602376302,901.4371746515824,892.7068079969619,746.1590815005095,781.4750050004707,645.186500078781,699.5730914363155,428.0303568584578,479.6634945172942,524.8108374173524,581.8377499580383,744.9705791293628,816.3897761485023,758.6860378233503,831.1180820242006,737.6721292290806,687.2088588634571,894.2812965812221,807.0916935929106,944.8695139547419,770.7041978436215,782.7977616177546,698.7838209084435,534.2875791574245,470.33100236685254,923.1296836627405,946.8052490530191,1023.5458523011877,913.3866194855652,981.7293029785156,1018.4938402021587,874.4733114913333,970.5488121048413,1021.1044350239767,916.8672639849266,897.298853061976,875.3466434293065,871.1263228981359,904.8248349184489,854.4328404332066,847.9192350106161,707.5258248005438,742.0887320382254,422.99029828500056,416.817894562869,810.6379135632125,774.3946958676413,875.084303835605,852.6687938145229,825.0912800273676,750.1436575097932,582.1046410592397,484.79875271598496,751.0554563009791,721.764107138343,407.84103626047863,383.1633322669281,360.7764559057444,393.17773171536476,553.9715245944054,478.70587400193017,100.57653038934977,24.286975267632272,713.4540222167968,702.1820921817068,750.0246406793594,708.5175490918742,729.7448057606626,656.7398686612294,4.931986176188251,0.076742049517041,11.680958855791316,11.48706459556228,53.650980030208544,38.3844971473151,5.898423049185011,-3.0370416290619793,691.9372059215199,805.8813365589489,835.0351144675441,711.3351705044131,681.6198287664675,252.66176902502775,232.0537977218628,560.5802852367533
903.94419153522,875.7727574468261,938.2364855028078,965.0502683479947,542.8136194007341,599.5463719878878,945.324432073855,871.0294325873192,677.9616222770846,687.2957289961518,890.2957905715074,757.134389441354,915.1029280199194,657.4306026798511,674.9294463579928,549.951797993544,883.3150116798437,826.4949585670648,897.5400886097174,890.2641743164063,332.1455343564351,370.88300409317014,900.9572166013511,976.2080444154285,728.4168037094995,824.983317406623,507.0088173671322,494.6505949497223,966.2078321924749,855.2713549201872,918.2653488199229,960.5032590738932,898.8304192494538,891.2600434027778,746.9604184358017,779.9566510671592,646.4959558831438,699.9567204228154,423.58499982101574,481.44424599922553,528.5657877062188,582.6330485343933,746.5038065309562,816.538437106598,758.1045639295764,830.239055131611,738.5604229919181,689.6675146142919,895.3452684528885,807.1016309002628,946.5021351381005,772.4904145618799,786.48400064648,696.815413129096,533.6872306905462,470.87579037007646,922.5484896238897,947.6698016126951,1025.6844518364892,914.218096432498,981.7491253927479,1019.2230164487771,874.7420095274572,971.9573557661394,1022.0194394695225,916.9678779326052,897.3830644682552,873.4709774161247,870.8415354831963,904.1198787794588,855.0742149009361,848.1839467971051,707.4803330307707,742.4837855219325,423.0884759875311,417.8507170610025,810.3289452224482,772.9240355432281,864.3709716796875,853.4352972848075,824.808307845017,750.1202545248342,579.8079426844914,489.05226504882177,751.7222486050644,723.1216693409035,407.18904712699793,384.6450755966269,362.4537838875355,393.70752756638814,558.1635812057501,482.06300477127235,100.39162812478564,24.35046023352098,709.7078023274739,694.4799747790321,748.2047904729843,708.2104899548837,728.9139963009278,656.5381349467998,5.140680322619645,0.08848742180486659,11.647719146803793,11.472387391481373,52.736990502457274,37.90404789433789,6.100951941476928,-2.939525504322613,705.1251054243608,791.2167080965909,833.9952191858483,714.5895870546751,681.9420964858111,251.87093737721443,233.3403428323341,531.1362689774612
898.8815724272655,871.0637396546928,931.9979549231059,959.2258980497421,540.533502685192,599.5387021728924,939.7381429322642,865.7239898267705,672.8364672758141,684.8848503613082,884.2350633047461,753.1508299579696,909.4544126858638,653.3368688541868,669.8556969580959,546.3955290276123,886.6850854051056,825.1932858438587,889.3698577588546,886.959027709961,328.3787785636054,366.40528904596965,892.3498430788775,969.6499834817554,722.667905260131,819.1942592453171,502.8825584748832,495.19600947697955,965.3104087181811,857.5999067141686,914.0739480166297,956.0706158447266,894.1129806001308,887.5967637803819,737.6925123131793,775.998474856457,649.5071719669561,700.239608058223,424.22569903731346,479.403551516015,534.1473289239602,573.6883735656738,739.8549625074106,813.4700100433205,752.0758636886031,825.5862871917368,734.2466715505301,686.3337357794488,890.8276299099768,802.4025315294517,941.8969308148634,767.253628167588,782.2963875398508,691.591177669226,531.6838899342671,467.5103781825319,919.0346633225907,941.8344435471075,1022.0447880768621,909.7844110304598,977.4325190801205,1011.3722548006422,869.8699211097274,967.0262519773632,1013.6569769560401,911.0328068548395,889.8827186220147,867.9792513389747,866.5588642290444,899.2668695607897,850.423688149667,841.9198170020932,701.7077133458689,738.4782395135788,419.3157475789388,415.9593440714017,801.7250387473184,767.5435292097543,862.8985284034242,851.6173531668527,821.4716836922014,744.7823301481278,580.6436352539063,484.1929319906235,748.0049201461187,718.7026533202002,407.07058651903094,382.71344958229616,361.4666365891171,391.7541984253776,555.181206074896,481.14966454995175,99.98728605597798,24.152863137426802,714.9394612630208,697.4112729864605,745.3876640796661,703.1694875863882,724.2761355489872,652.1067264581368,5.054552097486234,0.08119849930948543,11.707747185755988,11.572367959448664,52.24527616191532,37.399253655336445,6.268292937013838,-2.8014228878652347,661.5074990012429,794.7835970791904,830.8316793761797,709.2051513285577,675.1123214422488,249.73833082642471,230.98382273587313,565.1211070192271
898.2975779366465,871.7377114681283,932.2914308237264,959.6600988414658,539.6725364507631,596.0800855117185,940.3067038585666,866.5384248481913,669.2105934376619,681.3882245079416,885.8760114375169,754.477969573793,912.3536947227465,655.1094915987509,666.6961136006597,543.3893651859488,884.7448290603421,825.5568452119035,886.9054408457088,885.8328715515137,331.8947151501973,369.6027545928955,889.4555133858113,969.4542735266307,722.5281493301791,820.8650288005451,503.13525865881485,492.80833270814685,965.3809402033968,858.2995661229263,918.498477965828,959.6541088867187,891.8723718675517,887.0081294759115,736.5904201341712,774.570558846715,645.1234615846878,698.1389568470142,426.08463802082196,480.75724535309865,527.6848793655146,578.4859490394592,740.5037959066648,813.2681327928299,748.5381484788772,825.6105399773135,731.9052931730412,681.5743630816053,888.219460531973,801.0375439330629,940.5390031733568,764.844452069319,775.6379561146279,689.7756114520279,527.6881007848847,465.7190421562636,918.5783722492064,940.7080311399919,1018.9927227440458,906.2595148746336,976.3036714238706,1012.1279133114614,870.5859420729704,969.3393244488249,1014.1127811261077,908.907066830677,886.9263455353426,865.5422309615516,862.5621237785193,896.2007299602361,850.0913256739711,841.4490986183041,702.0459495334451,740.6579951827144,419.4289094123287,418.71817739244915,804.0252168999343,771.0638111161987,874.4046682804188,850.4374019077846,819.3459629336536,745.358388397575,576.1061370809873,481.760560939312,747.1416759070846,715.9088088023809,406.7138853570994,381.478270015992,359.509859158803,390.35056297745695,549.7290590981145,474.9669111679619,98.68095334790026,23.602087255700543,715.8009236653646,705.5279530670683,747.6215994358063,704.6290977443505,723.4472311859519,649.5914522120888,4.713996605604495,0.05694182270930873,11.380485746846272,11.39399381716647,52.23218225329117,37.650056112229684,5.189295060104794,-3.3964433084954235,692.8907470703125,802.8626531427557,828.758367960885,701.7344877991495,675.5847350475835,249.009326180868,228.4749250122995,547.5104957449025
902.5052550718664,874.5508132354178,936.5243355368888,963.392303458248,541.9676034794297,597.7513874045441,944.4920697484581,869.8622497448008,674.9273518153599,686.1985726591016,890.6817234318431,758.7748007342929,916.5722066395074,658.3873542122512,673.8034152937173,548.0863032962933,886.7378196354726,827.9014548685068,893.394626164345,889.1245512390137,335.51801368925305,370.90669781366984,897.2066106314611,973.839729066879,727.7799661646338,824.7752661652618,506.4921031867602,495.0138937632243,968.039707039887,859.2042697482639,919.7416980172706,960.7156732177734,897.9119588560977,889.9525434027778,744.6649857230808,778.4772037368223,643.9225930033276,699.7000072620533,426.95869903053557,481.0312204682425,525.7903174728643,582.8089509010315,743.6274518163668,815.6451226546301,752.839274624264,829.2871626469127,734.9778122862508,683.6939944820804,892.3236850961562,805.039249216007,944.7003720920519,770.113974876327,777.5369179900986,696.0011256302105,530.3278258181381,468.82970039619653,922.0243584757175,945.9064922222385,1022.9595677188354,910.9971645026001,979.7149277131454,1016.3426997545854,875.0661762949159,972.1623867254689,1020.8031736914792,915.3983586579947,891.5700864545415,870.4285747839115,865.8986636119283,900.838202966511,852.932246990032,848.1443758167204,707.9818524001935,742.7483229864212,421.9782064133796,417.5164280206385,812.0806213128762,774.627769628501,870.742048547623,854.8745455060687,825.3320603133161,749.0653918013388,579.3827050089836,486.8305570634206,750.4287593488651,721.0595942806993,407.3038524676772,380.83651077123324,360.74015363117604,392.8899143485711,549.9508591984653,472.44860760316254,99.44909976031286,24.007191886702344,714.9671854654948,696.0960512322895,749.0454903841019,706.810848477739,727.875902442835,653.6498553059212,5.069567871255506,0.07668436860527705,11.68977886416107,11.41080166053237,52.43822912098531,37.77183214008623,5.903983427418603,-3.014232161180938,699.3628040660511,798.5959428267046,832.1595549103398,707.1678820259964,679.7031994987937,250.1884807946912,231.7813377235875,535.6100209663654
903.6257995157343,875.5424434015847,937.0159629068817,963.4987151309314,542.6576078193132,599.5025939515659,944.6166634523046,869.7449053468096,673.8004115357691,685.111081138986,887.6637719317181,755.8871099120095,914.730693521058,656.3060211112142,674.2553736179029,549.103043632531,885.5762940899456,828.3540394868565,897.0798640927136,891.323659362793,333.6489218605889,365.28468119303386,900.2201673719618,974.4400277516198,727.3459729499218,822.7726570171315,504.6634284488404,496.3894619676802,967.687317794224,858.2350370430652,920.3019582192729,961.4834967041015,899.6886405298266,891.4936182996962,746.8944818911345,782.1052106374717,646.718596437429,699.3058514065212,426.19111553260257,482.4193392907189,528.3007798116715,577.9004364013672,743.6138363267103,816.0724475734041,757.2518909727962,829.8997122558237,738.372783314098,687.6419244246049,893.7871732927138,806.2547866116521,944.533093934814,770.1747169552194,783.4662009611258,696.3698067641726,533.481390985566,470.54338645439367,923.0481703425028,946.3816775745815,1024.9175588309636,912.844042812011,981.9602304209834,1015.958051866698,872.1778512190606,969.210422555115,1021.6837804993587,916.6269463186733,895.1790265351199,872.9174576551758,870.1796134414187,904.7236608009971,854.6592453621529,846.9799414462731,710.0199239188378,743.626178956135,421.7636433476987,420.02570463905874,811.8002239289831,774.4349018271039,872.2919454371676,854.6828133719308,824.655579884847,749.4473482712856,580.7254916286469,487.2647702630361,750.8912985108498,720.2902513831882,407.2792565023198,385.33681330785475,361.0742278476537,392.72821399321305,554.1996047358157,477.8221166693916,99.40699224249909,23.82560479528791,717.7448893229167,702.2007353184587,751.3432013988495,710.820246372827,729.2604366622809,655.0093026796224,4.866733242439008,0.07307183796332942,11.700350123479128,11.538034554092077,53.83380732729466,37.97594429278087,5.890382289886475,-3.094131509609082,674.3864968039773,809.7436479048296,835.8625824179426,714.6984803404989,679.9817816042432,252.31076316038767,234.67676883755308,549.9584405504424
902.7765267827012,874.6999896692507,936.7620348845311,962.8728144491811,543.3398810630621,598.2642166124923,944.4750364389769,869.3775552343815,673.4912944326595,683.5578543240907,889.5512362844576,756.7760889568026,916.7240365569833,656.9871657164956,673.9086946183769,549.9028868867505,886.1025313788681,828.4340795155775,894.7504820841939,890.3185531921387,329.52729739083185,370.0297773361206,899.7082820743709,973.8047708481078,730.1497783261444,824.4223138578645,506.8067974491014,493.32835891511706,968.0325480407139,861.938222324701,922.6972782004849,961.5032303873697,899.0544833167124,891.7733932834201,747.0035952360734,781.1850630059299,650.86156164497,700.9343039901169,426.7743130219834,484.139537068342,533.901505767322,579.2074151039124,744.8907465156582,817.3675584838288,755.8530646375793,828.3704756798103,739.4945662001933,690.7459435096154,892.3043172183056,804.5001440132119,944.6222556076148,769.1253821374904,785.0751119023481,697.5727877242892,535.0093405487058,471.3343248465838,920.8798035938141,944.1722381887613,1023.7292331227989,910.3986263471965,979.7694806173573,1014.5327379664943,874.4891893112696,969.1469495404405,1022.3697077053696,913.5132656516339,893.9321394159552,872.6658117476027,868.3707144184477,901.6366070489198,855.6037368774414,847.2376027029069,708.3962155963303,743.8450392685927,420.95491906870967,417.90955949165453,812.9872777970111,774.1958843563602,875.3208838929521,857.386364528111,825.26631425441,750.0210297680692,585.0648131579161,486.58725480596223,751.864305323126,721.739157007404,408.1990719861844,383.75338394547197,361.66312267289806,392.06164230841864,554.7516442610422,480.7319542639454,99.57823603103559,23.74326961811527,717.4262227376302,704.0426325393936,748.8126602172852,707.1984345794264,730.3667076829129,656.3678805909705,4.743682681999513,0.06848337880628942,11.496922820609644,11.452102745364748,53.1112675748024,38.36900266586122,5.358967370457119,-3.405750065603677,679.2109208540483,798.3459350585938,833.8124238084627,712.994584095629,680.0514266070197,250.69055259227753,231.9008275234338,547.9479421089435
902.6760943836698,873.8116017825374,936.4012664178039,962.4059218434223,543.1449491811353,598.4700884648731,944.5271770480547,869.2690289907252,676.2372684868014,686.2209627745582,890.8275893606791,758.1870313795786,916.1617394107079,657.8196936725122,672.512699022815,550.0432450161974,886.2923681069325,828.13744717975,895.4740661971871,888.9808251953125,335.2015881008572,368.2814842859904,899.1311850279441,973.0584057096451,729.942938520022,823.9904953254448,507.45606520887236,495.3432428042094,966.5955356381974,859.3275419258777,921.8542011090776,961.6609824625651,899.0662231445312,889.6898909505209,742.8688622516135,778.5306014095444,644.9660422875493,698.2027587890625,425.3161593249866,479.8612122625001,525.4228711988105,580.376302242279,743.1680324030301,814.7498012741595,754.6797184755709,830.5306218242088,735.0736946232063,685.707863120766,893.1654820298957,805.316809856647,944.671234278145,769.6292178731569,782.8965414415026,696.3717608615464,532.6011571727469,469.6135852242745,921.5759991983202,944.1603228869261,1024.1056445638767,911.4755290480537,978.8325917119565,1015.6785827439194,873.7609090542575,971.4826232062446,1016.3812417556991,914.0082862247792,892.9536060279675,870.6121233753104,866.46637754987,900.7519504273135,855.4676301629694,848.1632639462831,707.2165010784744,742.376573570879,421.43870820860934,418.13085848848584,807.3835794417585,773.2159755595986,870.0047243808178,850.3965410505023,822.9104777222849,747.8246394520966,580.7629440172514,486.2430021031698,749.7279535906955,720.3352115723709,407.5025376787957,380.81662294924905,361.2179056871925,392.5406149472049,553.1923105494326,479.5316499819358,98.64364703574769,23.531317585037886,715.0239339192708,698.340575654628,749.3539667129517,706.2428769418017,728.1996879286438,654.9918945468143,4.817850846846245,0.05746536100352252,11.414669716719857,11.13631212113222,51.948363635812605,37.33656951354852,5.584613574875726,-3.357845798573073,693.8422241210938,803.1674638227983,832.9827999652632,710.5795938998838,678.4737602682675,249.50621412511458,228.4152855873108,558.4079338599896
900.1792372488444,873.7560210023263,934.8016902456386,961.7194447346418,541.9533431164054,599.9264948144555,943.0154640477433,868.4891147540478,675.8708842141288,686.1722047368035,888.2626674155879,755.8508210409256,912.6024722844413,656.7307170557107,672.293317685673,548.45440428961,881.8651488968546,824.187082968677,894.8159819562774,888.0228764343261,335.02951775656805,367.8692501703898,895.691882178897,973.3720481509254,722.566620312436,820.3589596591153,502.5892478563509,495.34010068575543,966.982776353944,858.1642784589602,918.7731839878353,959.072788289388,895.3926549361923,889.3139280870225,742.9291371221128,776.2333271072572,643.0482171516586,697.4650604813187,425.19479695857234,478.4695240977998,529.4087289903985,578.4654278755188,742.6832295774467,813.5501458769161,753.5833876936549,826.5698993303622,734.7897311202751,685.3024365618512,891.8677277226602,804.3926533527039,945.16328202865,770.3424014181678,782.9856965958804,696.9235825538635,532.97178004203,468.7503376454359,921.1124039615494,943.8547447246534,1023.1293035480425,911.0619895033273,977.9187572180706,1016.3493702959474,872.73388419895,970.4680483233291,1010.2869950479536,912.8415923007699,892.095794911331,870.2603423578848,865.8042933713099,899.8785441698949,855.5365793726465,846.8505901586814,706.731683643586,741.7374492166363,424.8931742681973,420.41151694176904,809.9091304091156,772.8698824174177,869.475943058095,846.8627330235073,820.4658219494582,745.5695664778104,577.2603909953435,486.15901293520506,748.4424509997936,719.2895234688508,404.1856606020647,382.2451377715445,361.1760355782317,392.58480626016996,555.0574227766417,479.99221000875036,99.10739791467441,23.640548119650802,719.462577311198,698.9893643653999,749.1819429397583,707.625104118796,728.1250943482377,655.4853671538509,4.745888129146279,0.060123897249879384,11.640395716660175,11.487495537535791,53.595805168081235,37.66747534218725,5.435095469156901,-3.258693297119702,671.3468405983665,806.1537420099431,836.078358490195,713.9445559344714,678.0647942038144,252.1647274734681,232.7496202064283,560.1087228183088
900.4086902392094,872.1989964806672,932.9390918854159,960.5236235130355,540.8257910617563,599.2498740468707,941.7518627365125,868.2326982790358,673.2765313751844,683.9615823870799,888.8572623942925,755.9246624590859,913.4487600571908,656.5123020859382,672.8060002445582,549.1686265848706,884.849215286038,827.2637223848869,891.4175993820717,889.4593354187011,328.306432723999,369.575684928894,894.4017870023653,971.2938646589007,722.1863078322086,821.52931028932,503.07076314009356,494.69503667619495,968.9431260306881,862.789134988667,920.599796965992,960.6867120361328,893.9596730894962,889.5376936848959,738.0036504330842,775.60741305064,649.4760602539332,698.2629008822971,424.7612121041332,482.50382536984563,534.6080343527872,575.3796935081482,742.8523628948227,814.7499295636941,750.9938224776541,825.452060325801,735.5501881906808,686.8193628271143,889.5846837866691,802.3633246023285,943.4137457745722,768.2452319128893,780.8498633688341,695.4583209589416,533.2651782298384,469.162419166044,919.3050153383421,941.829983289595,1021.11063177668,910.3879310149861,974.713613360861,1013.8481225751365,873.3540332105911,970.686773072545,1009.0876783684118,909.1361970482562,888.4088579627905,869.5122065879042,864.6931448772455,898.4008428246935,854.0943924500061,844.5861165406274,707.1895774351348,741.6228266464167,422.2091589665067,418.68197100263245,805.0190487220639,771.0246792235315,874.7134074758976,852.8434186662946,822.9379022240182,747.2924468464614,582.0764579041798,484.4372690287232,748.7737501774591,719.698602669599,406.60143151704006,383.6159627898075,361.1634053686236,391.83858518787747,555.2822366508644,478.4111806951463,99.8202782008383,23.63910874518237,714.4879170735677,703.7758287332825,749.0090255737305,707.546092382923,728.4454046739573,654.0663016130989,4.945603846278238,0.0638882510881457,11.538939222209551,11.517193147534366,53.25434975401979,38.28343881464717,5.705087608761257,-3.241969686220674,673.3124667080966,797.6731145685369,832.5129046344117,710.6916032622132,679.1983956729664,250.52981142098443,230.98470621398002,552.5030124598536
901.511885018951,873.4611173517475,934.5427471074706,962.5020540321016,541.3842097171517,598.0110161219325,941.7700146531205,869.5500820131505,673.5743323734829,685.1453574759062,892.2089724346874,758.3045178822109,915.2367200426131,657.5467082778451,670.6393878756471,548.1131657418188,887.4172926988647,829.0373182962107,893.4389093625591,888.9402587585449,334.6905174255371,370.4852950414022,895.4258013748675,973.4856052095928,723.905973244712,822.304384797484,504.98023757091545,494.14397048950195,967.2206654098799,859.7584725839121,921.4577891432394,960.5903304036458,897.0178586022329,889.458226453993,737.5273089864979,776.1864396060806,643.7824008034189,698.1097296255606,425.0995931918068,479.92662489816047,524.9828812646084,581.5981845855713,741.1850142767505,814.0437312555539,749.5757899078486,826.9904807241339,733.3667580943462,683.1587752895755,889.5684293770021,802.4874411706002,942.6939539719119,768.0890088417161,780.2449936118361,695.506717730971,531.6122280515955,468.05386565798824,920.9060180262956,943.8850034828539,1021.2539297087403,911.4623665818577,977.7728371528957,1016.3266867418505,873.7586768847358,972.8387223545907,1014.0633433327746,911.7868705744584,889.0318521328187,869.7628704675878,864.5846706803437,898.6341257674918,853.631346212851,844.8743313335982,706.6172175976114,741.8938992322782,420.43060181106347,417.65601625576824,805.1869190403672,770.9344284880706,871.4382752763464,853.2060132707868,822.9997512919692,747.9973877240282,578.8357116615772,486.15500300248465,749.105055068768,719.290565031999,405.6205168476876,380.9664481387672,360.0338292553594,391.54865558173714,551.4586637416295,474.5309837414138,99.16783001202296,23.60853918570223,717.4262369791667,697.7826807054423,747.7227200269699,706.9721271980942,728.3888523790976,653.3925125628055,4.6654501833805915,0.06481938098074386,11.413240077140156,11.351099774737307,52.298154448075174,37.69308183101877,5.144754807154338,-3.500616035040687,701.4448575106534,803.296250221946,833.847796344117,709.2063755083688,676.3963195202398,249.93929824599047,229.36730363152245,557.1710304391795
900.5567666524416,873.6148063669904,934.4966993116453,962.6073367282214,541.8615343138229,598.6182956525257,941.7546830953743,868.9781452162722,674.0901334723648,686.2382519362403,887.9173802011381,756.3734255094377,911.9020603940172,656.7196878677438,670.7544493224491,549.0633197848317,882.8623323666541,826.8180905338934,893.969457809039,888.9435094299316,332.4759447309706,368.5154689470927,894.3218843534395,972.532403794546,721.5673490594195,820.4097886976305,504.85901962722863,494.5314891603258,966.13264717246,857.1986133716724,916.9549441199916,959.1930019124349,893.8719933719958,888.7870265028212,738.7121446692425,776.9228978903897,643.2468746118084,697.1053276062012,425.5901972576976,480.2378673910648,527.3405704185611,577.6470487117767,741.2879768042337,812.4647890786989,750.8268745775674,826.8049028184679,733.0946438371643,682.9178459060776,888.7831166052049,803.9694775807892,942.1682823063323,768.4695082823755,778.4852560411119,693.7312229614632,531.358357962876,467.97765286283874,920.8257788901523,944.0650040098915,1020.3330056435603,910.599305916906,977.4474793276579,1016.7885672004478,874.1143732566717,971.4481759483432,1016.2784457989593,913.9670447526976,889.1869328729223,867.2654466333906,866.0347959676366,900.3365410230437,853.257782738488,846.477976001677,704.9966459011813,740.0702334977848,422.49324914683467,418.0005526744144,805.7460546024511,771.3388304651031,871.3080548225565,847.8905051095145,820.5776809970081,746.702296382197,578.1464423592886,485.4819373857478,747.9241683489425,719.1243963323088,404.4703610504375,381.18218598813354,360.52380621913653,392.319057530456,553.4527070412094,476.54488641863065,98.84533005601003,23.02856189695232,718.7741739908854,701.3763976016287,749.0481555461884,707.7867047236516,727.9032675862009,652.4770927417541,4.800192049214322,0.04983036228352123,11.547417912152177,11.306755202860385,52.95903616059589,37.69491145120413,5.3400545252694025,-3.4313779256361374,675.1380892666904,803.0070567737927,834.4079163826552,711.0629218379154,676.4689238305185,252.1311089323278,233.28002045371315,557.1577822586586
900.7873691065674,873.0700408154064,932.8458386215954,960.8571575875301,539.9217453890069,600.8828876721008,940.8428471883138,868.5096161156513,672.8251429966518,687.8792121136775,888.9165335864556,756.0151584644166,911.4515511292332,656.7666892924531,671.5527328092661,548.412497610963,887.0216016001046,828.0482515734295,891.4006256161979,889.7388713989258,329.8268434206645,371.6577814737956,891.8850900118829,971.8249204120939,722.6189129015538,821.8313492575844,502.8203211199513,493.9787503878276,968.1704324506363,861.6565268434124,916.816651031414,958.6014213053386,893.1226523447845,890.0112055121527,737.1980091924253,776.0099619670086,650.3557767321885,700.1258512426306,423.55954983191833,481.1733738331313,534.1247815616796,576.1254482269287,741.3447354100053,813.2146438670949,750.4711305968941,826.5826499002021,734.6739948682549,686.2649145593176,888.963773293649,803.1533418974219,942.0477176037841,768.2223833082188,778.8364646808983,693.4125256678637,532.7567903425935,468.75054499394764,920.2736490172337,942.3700267242061,1020.578193139309,910.4132999327124,976.1916613238791,1013.7778777520633,872.3253236356496,971.589750792264,1013.3288938607742,911.780382147131,887.489748971114,867.9346572155747,864.8433089286658,896.9915086946435,852.3136252669601,843.3355325479977,706.8689594793757,741.3503233013731,422.63755986310434,417.55582504541104,804.5102695402552,771.5905222279403,869.4011529151429,852.2811802455357,823.165110430955,747.8979329012376,581.11486459891,486.1243585419655,749.183160158401,720.2962163778452,406.37154862635276,384.02420563474027,360.6984130510197,391.94095552294306,553.5592799290939,477.1442717565596,98.85046536118413,23.362502319255317,710.2599202473958,701.9791037349378,749.1942925453186,708.6625869716454,728.3847783600708,653.0306709480169,4.731632612768169,0.06295416449451026,11.47547720494612,11.464701963989443,52.8562458002878,37.913622579637476,5.505491018295288,-3.348331418107538,670.0057095614346,801.8563654119318,834.7531775148123,711.061314836333,678.8881399117264,250.58598437748458,231.17452985590154,546.1623826191343
902.1065343408686,873.7104356136888,933.4718999148265,962.7758117823962,539.725655542418,598.0519362347467,942.2651920302343,869.6637374577624,671.3296522802236,684.9243538184244,891.345069024621,758.0909379994704,915.1904722936771,658.9052010856659,669.3115309814908,548.2199215516263,888.7320478357975,829.7819207783949,892.9118872163853,889.693827545166,332.01355441411334,369.64453576405845,893.4669953273317,971.7096981775193,722.6775752062573,820.8110489478478,503.35948327101397,492.55079457494946,969.3267880205838,861.9227848005884,920.6984292178016,959.7580236816407,895.4871956776765,890.0642780219184,734.8695771590523,773.5445784603256,647.1670512396859,699.0093122411657,424.7714815906116,482.40493502956207,529.616220005223,580.839771270752,741.2891149387827,814.2675630831606,749.8699770797261,829.520459336844,734.3287528644909,683.5908779597783,889.7624601279535,803.4353686092187,943.1020206736168,768.3652906398659,779.1822093056991,694.1039777830536,532.0197821397129,468.5378044965614,921.0344544459799,944.0873801619919,1019.9914611791689,910.0320818079792,978.3326743482506,1016.466388202408,874.6308994118227,974.6402836552372,1012.7159332730877,912.9048542052276,887.0108741917637,868.2656611162697,865.6165511015873,896.9337084016747,852.1019845567308,845.1807901038499,706.8703603482028,742.5032279935234,420.2178103681924,417.68869120638135,805.3201669161436,772.131886335824,875.7225614507148,855.1306599208286,823.6174113101886,748.6799625125379,581.8398696613311,486.74725538253784,749.227021863492,719.8203385166915,405.54137296887006,381.7225419132288,360.02074393388466,391.6719017158461,551.9831736250725,474.6625994112839,99.58996573018118,23.627067011641433,720.1345438639323,701.3570675607455,746.8988945484161,706.313122675969,728.0989992952226,652.6529114910909,4.664283560025261,0.06359323531225393,11.425731383617888,11.414451317394509,52.71465920023973,37.67099937903745,5.1069467597537574,-3.490891863318051,700.8183149857955,800.7224698153409,831.6830001933463,705.4944021490555,676.8464286654603,249.00010340255602,228.8332953453064,550.4912597064314
901.864629012494,874.0263383978545,934.741709342893,963.7420141326479,540.9863057690998,598.2257375759738,943.2948047608671,870.6911861814336,676.0020710692114,686.39545343743,890.9080776121558,759.0477687744867,915.0926111460141,658.7689198069727,671.2866365873991,548.0088633965913,885.4504973063537,829.0746805121337,894.8499495407631,890.363914855957,334.0929168595208,366.9516414642334,894.3319261338976,974.1060127076648,722.3208650219503,822.2028289836842,504.61762568963826,494.0331013467577,967.8263922277487,858.7875093436536,919.5962437907542,960.5807537841797,894.8580178729559,888.9082904730902,736.7781536599864,774.2556880353445,643.3270764623969,697.9511957521792,425.7028940149716,480.9857881953207,521.9981451816246,581.2416796684265,742.3937142316015,814.9387789902529,751.8858361652634,829.5582410243519,734.6985611560916,682.8112327468979,891.8584917776046,805.7510693457818,944.7316910536287,769.8286328363706,779.2548485828622,695.4387095886118,532.643637991502,469.60997628743735,921.9522655273972,945.4247031211853,1022.2083768741616,912.06657708474,978.0014341934867,1018.9047621199228,875.5857837921983,974.4503507967348,1012.3822684216855,914.0502780038257,888.6538166185443,869.2357176633471,867.2248585694914,899.8426100588636,853.991927413253,846.7288941555336,707.1536345525619,742.1073066744453,424.0204122239265,418.8197845808217,809.9205406063893,774.4840695709609,870.6223793841423,850.5312380109515,823.3054799193167,748.9007150145526,578.9672413603465,485.81880987087885,749.3777302611767,720.323187614325,406.8797056199873,382.6863067266313,361.1936221982566,392.286839929366,553.5279035710925,475.47660713558685,100.24607844067806,23.64379476674718,716.7847798665365,698.1450278072034,749.1078658103943,707.7938763717721,730.0534662921314,654.5987008982008,5.141791168943439,0.05904943103022459,11.695426412683839,11.517282015200388,53.294055900346684,37.805657838583265,6.163495130009121,-3.149963628719835,684.9882646040483,803.9002252752131,833.9253486786913,709.5948741285107,678.701000438017,250.83657038577815,231.28986422220865,555.3274800201942
903.9600950283875,876.941990225303,934.5689720489465,963.7342467562136,541.2938498031261,601.3984071484634,943.4870927815547,871.4825644462667,674.4258698833232,686.7473223170296,888.5917757701098,757.1867440223693,914.5155568049253,656.9751232790078,672.8308505157926,550.5808088247001,886.8579451936116,828.7974804596251,895.6297664130784,892.5467363891602,330.5647628572252,367.82856032053627,896.4993351197346,974.5535170237223,720.9112344137661,819.446598304497,500.59165676390927,494.8017485406664,968.725890393527,859.7244292836131,919.4903268088193,960.8239967854818,896.131002135196,890.7104060872396,739.2585881772249,775.3846075218844,643.7808532714844,697.4528186939381,424.74003497191836,482.2276396519236,526.8230349431273,579.5556914806366,744.2095891321817,815.3907174205328,754.516585990247,829.8265979722229,737.9357105365469,687.2253392226213,891.9302796671467,806.318200248777,945.6038022329756,770.1262336880628,782.0947205410945,697.952603966582,533.928791293666,469.67179570264153,923.9964692866815,947.7639380152578,1023.0281275503064,914.459075550201,978.5101594344429,1019.1240045924017,874.3028931224018,973.6908002311801,1013.6564930019094,914.6115859694568,891.338737346885,871.275202114161,869.3101632670991,904.9696810390409,855.9351725535349,846.8217822528276,706.631552809969,743.2768595641826,423.3896226744721,417.343040627493,806.9747582107294,771.9402597514426,871.3550700735539,850.0321578979492,823.2800759428762,749.2121274741315,579.7080318959554,486.73637319405873,749.7496987767156,720.2827176708101,406.30319773055174,385.9188233704343,361.4978983178832,393.4766145751837,556.3791620493542,478.5060479050378,99.91243626594681,24.046353298702964,716.43271484375,701.3256489381952,751.1081600189209,710.496162932383,731.211688830349,654.6580157081772,5.077808554406817,0.08084229680588814,11.696945491551455,11.6647278294778,53.696969907280604,38.55099738417294,6.180950525113278,-2.9361267975148033,717.7145108309659,804.7931862571023,836.0238213251101,715.6567465866668,680.5000326119217,251.74752789500513,234.7532712907502,551.4021442018707
903.1642603518478,875.2478817066159,936.2871604674494,964.6189785611582,540.2584603065668,597.2777677646706,942.9337233781612,870.6201230385963,672.3355792298609,682.4956038740814,887.9661518422569,756.6978607442644,913.6227940089911,656.4251479793656,672.1361325866548,550.6290228301775,888.7757987976074,829.0284164023162,896.2320552255916,891.8787276611328,328.1962849299113,371.97968533833824,896.5067857904696,975.597821371896,726.1876772935478,822.5227435604556,505.67449211415664,494.4869388209449,969.480096888992,862.6892944335938,920.2394278618921,961.2392051188151,896.7754879967641,890.3686593967013,739.0434530506964,778.9016039744918,652.4637706941445,702.2882875513147,427.785869125809,482.2081670439645,536.8654379297475,581.1030826568604,743.5961253964712,816.4285532874519,754.6125812148649,829.7457231276217,738.8818310351411,690.3640385474358,891.296651924041,806.2743856760064,944.9468408459402,769.0875818513529,785.2510941509709,696.1868973432803,535.7128465974945,470.93682979400927,921.4958395816933,945.0192862782213,1021.6949577702302,911.8993494846136,976.290337444803,1015.4034342719514,874.3706146146908,972.432106277089,1015.6651210500233,913.4052707046193,890.1350466996097,871.9237536687679,869.5696060763803,902.1237895818047,856.1218399528984,847.938461428783,707.1239906800996,742.1422770446513,419.98562649713045,418.0218044737695,810.3624699076668,772.9387941479189,875.2087649081616,855.7636805943081,825.6912590772256,750.2608605549151,584.719781537056,487.19214416503905,751.0871794713227,721.8841475670607,407.9019313275814,383.42401148394987,361.8837775674838,392.74392236770973,556.7052790213927,480.59301278175474,100.91514569089783,24.592974490265316,720.2876200358073,704.8305079573291,748.8704924583435,708.9267328529876,730.7061576163799,655.7636899254433,5.066437774877015,0.08118119127358552,11.758326495860949,11.665863395596388,53.21910188068146,38.71724525099415,6.041168702145417,-3.00382760079468,687.7105490944602,801.9916581587358,832.7776173841233,713.1026215372207,683.8178462608188,252.33714323660783,233.45845676190925,557.029114262811
901.4622163873918,874.6082336493213,936.9130003721621,964.6727179227122,542.003337327824,599.2141191427197,943.4830158750724,869.2846296151141,673.1682276433828,681.9175230557802,889.3691569072445,755.8025662092936,917.2375332650762,654.9799335020394,670.2258435386923,547.5540677241002,887.9185798247279,828.5040767010661,896.1167726187871,890.1416184692383,333.61248789893256,368.1926316579183,898.2905717439638,975.9636855049739,726.4412835056245,826.0770953461364,503.19865940157223,495.806352297465,967.0200579301367,858.9627644856771,923.0554063852065,963.3549861653646,897.7351643190545,891.0459235297309,738.0326538085938,779.7490712361164,646.0353926772063,702.7058259469492,424.0138854597296,480.07457676005276,528.5436944179847,581.65718126297,743.4196816351679,817.3522581850748,754.9482464445002,831.8466117591189,736.3102033630876,686.553668575687,893.750982854251,807.094323411715,945.8668751538644,770.9643585365303,782.4293855744093,693.9788653710309,532.4377690896683,468.9979785320802,921.9981827166621,944.5510285320105,1019.4917175517484,908.8184567750283,978.7838712742017,1015.8614699848262,873.708297869481,973.2410812534913,1020.3537335751662,915.4836097194859,889.874571181951,871.228261601444,868.8192265018536,900.9576133601573,854.8442115440025,845.746964814233,706.0394830966214,742.7838959136567,422.4994349272355,416.92137381056665,805.4033006761895,772.1038937390592,875.65422155502,854.7321908133371,823.0689672418938,749.2287839723556,577.7556461028258,484.52999456087747,750.6614977731579,718.8520194539997,409.9153775395716,387.6004817167344,362.15565507453476,392.1172872174524,558.507165230798,483.3087979391838,102.77578102290217,25.547706158304596,712.9510213216146,696.4222117278536,745.2268109321594,703.8639300937566,729.1920266964356,656.4003440675059,6.16282721570889,0.13120475637260826,12.408718962365699,12.08228198521133,54.9369428971853,39.443113173458286,8.441617488861084,-1.7285276677678614,686.7899780273438,801.9029629794034,828.6500657868866,710.9290603444546,683.7592836267808,252.88914676089036,238.94372964989054,566.2584421264714
903.3125062861437,877.2816975249184,937.041209326346,963.9895765524936,540.169670300151,596.5865907770183,944.5056323923825,870.3703490387126,671.9814282631387,681.1750106186163,890.567697811902,756.0656670403858,914.7295289922946,654.880716634786,667.892128673952,545.5291393098443,885.4657884389868,825.7531519031207,893.1502390894397,891.1211174316406,332.72859038247003,366.5369000752767,895.2535514886589,974.0478827764117,724.5332611243763,819.9036015730637,502.5696919899619,493.2468882666694,965.6671671237585,855.6116046670043,916.2633691822763,958.3661720784505,898.2066354266668,890.3067621527778,743.7090653129246,782.5778587984752,645.4311899109559,698.3559150695801,427.43283752751137,482.10028109746924,526.5146268000368,576.1277070045471,743.2472820357671,816.1443822779362,756.4334230037784,830.8757625825224,738.4135544516823,686.7215223112306,893.3109624039743,807.7031464373961,945.9472335069182,769.9019584914809,782.9079822146839,696.3732545329075,532.8922328569961,468.6587756584519,923.7017829619258,946.7174922719046,1025.0189771556957,912.2888514400647,981.8597542671536,1018.7502155890356,871.7827000049276,969.8666452949429,1022.5450528272942,916.6608910893285,893.9682022834093,871.0103499803158,870.9202048915207,905.6561098889093,852.1701497602033,845.0097461762975,705.5850914071459,741.5313509325961,418.7415580196657,417.17760862431055,806.6443004920834,769.0668542632424,868.2764515978225,848.897823878697,821.4512625946396,747.7119678173276,577.7130221811931,484.7792910218239,749.0755885321663,719.0594073810242,406.45261816925864,382.75940492862185,360.97936501062696,392.03237288058995,555.0998129460626,480.6231892972439,101.81350981575196,24.958270581605035,714.0913126627604,699.4853815628311,748.8543560504913,707.5160318780269,727.2906040259596,655.6742151279029,5.464520018817367,0.09737898525178294,12.027306045666258,11.730209160529473,54.13085750568552,39.05467792339773,6.361452586121029,-2.8292740092558017,672.1232604980469,801.806221147017,834.2156994710832,708.1921890838237,681.2983628815296,252.723310140272,234.467449426651,569.9366806293356
902.9609730713764,876.6702684440999,936.918628597373,963.9348258896179,543.9787299400152,597.4393138417175,943.785459383471,869.6904034494846,674.596810749599,685.0591127677042,889.0678930825334,755.1725265851096,914.1512496342585,655.1724252160261,670.368246296745,549.5465608690984,885.3379391674747,827.111991261327,892.5437513621831,891.4692368774414,332.434485912323,373.74143981933594,893.0146158061502,973.9195522126697,728.1387475298337,824.3205886253944,510.30195756775237,495.14081676801044,967.4668731689453,858.0941147038966,915.5235523614358,957.8474940999349,896.3010681928214,890.3079861111111,741.7571151069973,779.3679743387613,650.6933650886435,698.8983778776945,428.8230344397681,482.2052627377742,533.5033507425277,579.9624452590942,744.1206722321018,816.8414192380499,756.4935965210947,829.1152388700965,739.0744721278671,690.6884706003683,892.749511543397,806.3135373319699,944.519134688408,769.615068288876,783.6647930743983,694.0211091357119,534.5050340788191,469.8330347941557,923.2381597144972,946.8620142671797,1025.2135049292644,912.2810121289338,980.2247216796875,1017.9583816219688,873.1856767846904,969.5656245981224,1020.9452191253207,916.3046840993009,893.7562284341019,871.847165689349,870.8624786085384,903.9138244291695,853.4880728506827,846.2522238434339,707.1465976960069,741.7636039700859,420.6768792193869,415.4942449113013,809.5663846125368,772.1861602656575,873.271668779089,853.1851632254464,823.6773860902165,748.9875195513773,582.7715089511871,486.16864062627155,750.4301086022465,720.9989001187164,409.78758506319105,382.97564553913224,361.99293700345635,392.89109740650485,555.3779828791177,479.4574637969335,100.35780195374456,24.058599901803074,711.3711873372396,701.3222883838719,749.9672825336456,709.5050396811369,727.9171336710301,654.5637135775281,5.182301386014411,0.08092324097675306,11.726549967600482,11.62575658129564,52.931491696289015,38.28751499544934,6.243967192040549,-3.0038923066218985,682.3267100941051,798.8707996715199,834.3524854007184,712.5109391997132,679.461051791322,252.14152378366705,234.2492891441692,543.62615263051
902.476659540584,875.6034582215126,934.4446923508797,962.3369736006536,548.2250822910042,603.1416393997414,942.4428267352924,868.5834612458817,679.7253422639808,688.6879894225324,891.6058086147153,756.6610510334136,915.0749364111886,657.390828683978,673.8363801662009,549.515302697571,889.111050646452,831.2772117437319,893.0269647941735,891.6792946777343,331.34421274397107,373.3025117238363,895.845842413744,972.3265184069437,730.7731819252693,826.4996529883081,511.78048102236585,498.88708241780597,969.1691773972422,861.7253203968943,920.9596732232202,958.7478837076823,898.0147282228631,890.415241156684,740.9945898968241,776.8252019307699,651.5858227902047,702.147556870072,427.06040731923923,484.81397610210746,535.5652716589756,579.0953450202942,746.8895527167275,817.488327677216,757.783550306283,832.7742874803599,740.5621514753861,690.5811349428617,895.1047713625816,807.531433410309,946.6103633085273,772.7185876906758,786.3411066029638,697.5235784809818,535.608235926336,471.1152814424272,924.8757541150932,948.1471372666182,1025.7621221542358,912.9016105265376,981.6329701299253,1019.4027121090195,875.5107970631451,972.6246641182605,1020.693947863223,916.9143985186437,892.8997205455652,873.0144153907999,869.3007235192949,903.4999717585948,856.009072174897,847.5226786879242,708.6926854684813,742.2024300975717,420.71636244179547,417.31144322140113,807.7893262769355,773.0279875316066,877.1525632168384,856.9569375174386,827.7113441014199,750.7343997507464,583.4772361946106,486.57288096825283,752.915793424766,723.348683642526,409.57376037222497,382.1783158757626,363.21483772711264,393.6083617737346,554.9347644045898,478.38830413828293,100.52036281899308,23.96140456287719,722.4049153645833,702.9765221547273,752.2503871917725,707.712717565476,729.215715325819,655.7688921937732,4.96567299310118,0.06935172763359905,11.613872039127045,11.443403735746882,52.68707095307267,37.81378338841743,5.666872507996029,-3.3482882231473923,680.5450716885654,803.8362737482245,831.5189311392355,711.6513405329065,679.7815886852788,250.32284528173898,232.37742896513507,541.4880333933337
904.0682528798667,876.5501545487028,935.2063937192864,962.2448831801396,544.424441315407,601.0350958108902,944.3669440488173,870.165850969274,674.2089958580173,686.6520248162942,892.2061636079618,759.2955967274924,915.4158567899701,659.0764487919055,671.0330814152808,548.8000794181753,889.4291976639445,830.142868929131,898.4200547901606,891.8858916625976,337.3920618693034,369.5524667104085,897.1212926647191,972.5231679886107,725.961063409975,822.1589672801259,503.3480190097956,496.7940497928196,970.3610753113369,861.8072731300637,922.2825399884401,962.1848431396485,901.2023385258044,893.6971477593316,741.989706022843,777.9312633836125,645.7880686621309,700.416347221092,425.37853633931707,481.05071469996307,527.2784725877106,578.0711314678192,746.4497626727772,816.1841515997575,757.8561300009407,830.9494796329075,737.4113714832905,686.7045396791472,894.4505657926683,806.1917523890297,945.6942271449851,772.8390543904583,783.2604065967782,697.452832628699,533.8747878613523,469.72721546942006,925.3706263931792,949.8038295684038,1026.5485848386654,914.2473946387056,983.2253912618886,1021.2479272181934,876.3017114295143,976.4461277149342,1016.3688409150536,916.2375157797368,894.3468321993109,873.1109783772135,868.8007876645228,903.5455713430163,853.5190974742443,848.0234731142638,708.8297727392354,744.2402886725091,424.3278441498245,416.73560910829354,809.420331986224,774.3333846602698,873.5338030875997,856.0943069458008,825.2233426470409,750.3506616571332,579.5402041657766,487.8781130218506,750.365363678113,722.4507316053197,405.49603705301007,382.54610876227974,361.6748446901038,393.1527139298147,554.6011372426674,477.04509301252665,99.70509329396818,23.921365291041358,716.2512064615886,696.6632654222392,750.637776851654,707.9295722305505,730.7098020209004,656.767846299267,4.933425836657223,0.0662168052961567,11.629295975099556,11.499502661023156,53.23972947109861,37.9222847101584,5.489240686098735,-3.2599663471474365,690.2384366122159,807.0044711026278,833.9423824028681,711.0151631801943,680.7828357172947,250.83348791902526,231.2118673324585,552.312978349883
904.3020292282667,876.662752543736,935.2184017512518,964.0080995616685,543.8594122066054,600.6804196068218,944.7207046990097,871.4403517549596,671.963415223725,684.8086572240611,891.3963166833893,757.0618821946401,913.7765659729776,657.1096175824582,670.422383303666,548.8813560582864,887.8373384340115,828.5137121320959,897.646247162216,892.4328164672852,335.0958684815301,367.8929635365804,895.5408865968558,972.4702646164667,721.472346210979,820.298223558363,504.2473077971632,495.7257126437293,967.7213471610592,859.7533341772762,920.0716016073552,960.4103369140626,899.0506454726396,892.3258285861546,742.7738979173744,776.1956492964043,645.2509816375598,699.002427842882,425.51705572009087,482.67689312709854,529.8806638248632,578.9946761131287,745.1383148594686,814.3821782839807,757.8527774531861,828.6619846053987,737.7479654974188,686.3986336234566,893.9743078458694,804.549156710724,945.9077940097646,770.4300290938594,786.3863093628477,696.5904901074429,534.5232690311241,469.2548997480233,923.5871963083157,948.1444756278286,1027.8669357732356,916.2590886370102,981.0774385402514,1021.4891591303557,875.3123210008721,974.7718214576627,1015.6065300329408,916.2219801860879,895.0519161610121,874.4318162854424,870.7678116962409,905.2023147667311,854.2396951623865,846.3174350300774,707.072032333514,743.7370972736574,422.01545472075975,420.29134423296216,808.6301889888575,773.0921537153948,874.5378625748006,848.9835510253906,822.6163501739502,748.8004584562713,581.0431178442637,486.07356714963913,750.0183441968742,720.3295548752388,405.1026235366569,383.2493018639217,361.72649391372096,393.0467655054106,557.1412262303315,480.21083267614245,100.09795678993342,24.016071253141362,716.1919250488281,700.4793302891618,750.3290538787842,708.1739778475524,731.0465758811426,655.8671525757587,4.74800499261504,0.06938945025343586,11.777871270209625,11.570089106735654,54.169611828693,38.2338708576218,5.371818217966291,-3.321350444765652,683.8542924360795,804.8799782492898,834.7714983024853,714.6702486834948,681.8898423138787,252.82264450140167,234.9057714288885,562.3893793369161
901.4853270219941,873.4748251185273,935.507216953636,963.7790217969522,543.5501694435297,600.4040432231767,943.7288608534765,871.5771265447901,675.1786656282386,686.258240402722,889.5463007640063,756.6583166500878,913.6931391825602,656.6981407139707,672.9413480568882,551.426005088366,887.2060018241123,827.6226853532253,896.1756759585091,891.8434265136718,332.4672410223219,370.1467452367147,893.9655806856582,973.2292812589615,725.2470608057151,825.1113140818837,508.4720825174237,496.49449531237286,970.0806916794687,863.4760803976177,919.3187368798443,960.0372725423177,897.9192409192101,892.468225640191,743.2492413064708,778.1449577607304,653.8081778135594,700.4876413698549,426.65346520074775,482.99493089597325,537.4987465280001,578.8127648830414,744.0762679462158,815.0586828439722,754.8053418006074,826.8435388977765,738.8959336871943,689.0642635238754,890.1720402732972,803.8421711054715,944.4874268069077,767.7002906281224,782.9434129518244,695.529798858306,534.6881875446593,470.745130709121,919.9828633604018,943.8745851284928,1024.2040435531485,912.0548761020682,980.2135740329908,1020.6044902924966,872.870248870383,971.9536273862109,1014.5633624631968,915.0269471151269,893.7179911324148,873.2550034483219,869.085937111241,902.6774947867209,856.762572520488,848.6245917961246,707.8432211919662,743.7955730487774,420.448912302653,419.11809692920093,813.0245936659516,775.0068683545124,871.4345729097407,855.089606148856,825.123535448564,749.3830716996891,583.7317716781298,486.70619425783553,751.0710971378545,722.7502595325481,407.2087984707426,383.2073585819251,361.99633079287497,393.1223862147729,557.7798290690359,480.86168166279793,100.75734828997196,24.143754922869658,718.8364685058593,705.6767391916048,750.7281241416931,709.1384494315445,730.5793473338352,655.6920482074719,4.930757056627619,0.07346524932352758,11.620350581459142,11.456584257907888,53.134089566025686,38.32593393356349,5.482063002056545,-3.465114123242743,676.2510043057529,804.218827681108,836.7138573563338,713.632692554329,682.6582623650046,252.2359228152455,232.07691750381932,550.7688530231344
901.615519869989,873.4029612628499,936.8331564450802,964.9042668366337,543.2703503098599,600.0721677882331,944.523552844998,872.5048911837314,675.6374497316322,685.9621706008911,890.0885154134859,759.3604713856228,916.8843741224724,659.1472688030135,673.4254749260139,550.5282905083658,887.2865460472649,829.4128470943616,896.2311594294406,891.5467328186035,332.6811004214817,370.4761738459269,899.7601177441265,976.0280625176808,728.6913197502416,825.4887391394311,507.67848129693976,495.67086969481574,969.9961766296963,863.4734370478877,924.4822934768957,962.9906510416666,897.8294893685033,891.8621580674914,739.9392617930537,779.3004915168486,648.2864676656177,701.4969588385688,426.9837525188923,481.8360718859269,530.3108621190806,580.3452544212341,744.3827470796449,815.9821812055687,754.5449540276381,828.672524134318,736.8280370885676,686.8865110223943,893.0650409621577,805.5603237543637,945.474090686636,770.4473141491773,783.0032488219941,695.0311285325637,535.5886166390052,470.2785121633651,920.1301816374162,943.1959391479139,1023.1609808384213,912.4513534345501,979.6469951861837,1021.5959552376015,874.6100008436664,974.2330463001267,1019.2583092077455,917.8318809825321,893.1290136787329,874.2196348875719,868.8622754333885,900.6862170814809,857.839065723591,849.773003406212,709.0865674500071,742.9388369605655,421.1708060001981,417.59173586125104,810.4342711401767,773.3883261779532,876.9685617000499,854.7975267682757,824.5361716244869,749.5400358324881,582.9353768666585,487.07240612188974,750.8610108631823,722.7002602864308,407.91256451308726,381.9021027901543,361.8256863199179,392.55103136057363,556.3250941726267,479.62275285234676,100.08372635804807,23.782651453795214,715.2014038085938,700.9214555126125,749.3798325061798,706.5856103163499,730.36510628659,655.29424461001,4.8544080913262935,0.06137134306525156,11.526222011056102,11.41173734627473,52.91309586661687,37.70721188276851,5.425186143981086,-3.4174186944523277,681.9576416015625,801.0205078125,832.7384029106806,712.136392714102,681.858377793256,250.5220038995408,231.18880387508509,551.5024218394839
901.578118901889,872.7697143109158,937.397978139689,964.4808911859277,544.9052938328233,605.0592078949724,945.7746386645903,871.8103123133234,679.2544054693105,691.090720880227,888.8031974575384,759.0811253752028,916.7829857273331,658.8760883354465,675.9607135146412,551.390475172189,885.6206832090261,827.6461397342111,900.4107255314502,891.2515803833007,335.3881826400757,371.8988215128581,900.6271535369741,976.6952496785966,727.1309065194654,824.7646362388527,507.7479496107576,498.41135176022846,969.0484570557217,861.3610337999132,922.3796859300669,961.671571451823,900.0931806402691,891.7615717230902,741.6097120202106,778.7979067147496,647.0212304035473,702.0084201671459,426.3183273460184,481.80360306871967,530.4092626102636,578.5749988555908,744.8256908711933,815.7331315894827,756.5654988587733,831.8078053569236,738.2270873834279,687.6918077535563,894.6775680426629,808.0725317952221,946.4491383516958,773.0228280560591,784.4951509552686,698.2993190896277,535.5977005636713,471.42847212454006,921.3419896070433,943.8029407505636,1022.1446581818888,912.2011990502449,980.7068599800442,1022.6356683255785,875.9194599116614,975.4295762458456,1019.8132624839669,919.4425343653952,892.645765155085,872.5654072449834,868.0064118986677,901.227115019909,858.3335617340363,851.3824006690354,709.3604333860064,743.9406267967059,423.6238712918931,418.6478200294602,808.7856390280801,774.5232060222705,869.9154883851396,852.2432697841099,824.9384500934704,749.0490400848797,579.7621475871404,487.1914294592539,750.6856350398799,723.4125460233444,408.76991014520036,385.3568236375974,362.51681424240815,394.3528866070157,558.5997523477173,480.6357857648035,101.87473002167125,24.74541497200079,720.832275390625,698.9260626324152,750.7909948825836,707.2861343314745,731.0098181571669,656.4222975750715,5.467274217186251,0.08866875265138568,11.919002249277343,11.733476266397858,53.87231797938151,38.74679532092298,6.773982061280145,-2.892147120307474,697.2337036132812,807.3202503551137,833.9042972846319,711.8135810562327,684.4453756294998,252.79435324250605,233.4440767331557,562.3949784081558
902.9150100452418,875.0462728165315,937.234894343137,965.5095059102275,542.1181536563607,600.7705626785755,946.9481805864807,873.0549096947528,673.7908856138891,684.5012708570137,889.455767895148,757.4870708559241,915.7888426020052,657.9331786429834,672.1685867357016,548.9670295124092,887.3648877618438,827.1761456549762,900.7313406933313,893.4023259277344,335.48070732752484,366.8933818181356,900.6276159245215,976.661830690172,726.7453596691811,822.5295504475688,505.114158114017,494.9606717692481,969.1900849612254,859.1940045392072,922.1960410771408,962.6888897705078,899.9369252091748,891.7430984157986,743.8880280867867,778.4628038521273,644.280323078979,699.9721842165346,428.9532825308187,482.2163118512443,526.7918893782819,581.8792686462402,744.8611439925338,815.8110325528547,757.5751313605348,831.2074180402254,739.1372198467412,687.5920200614662,894.2048404270603,807.8794418206313,946.3000333557718,771.2632979511975,784.2018883880478,698.4560345399614,535.330413925923,470.3177315112319,921.5745142992067,944.1881091004169,1025.6216046290058,914.4368210053578,980.1727759585174,1020.0050212711964,873.1407140329344,972.4674671157397,1019.5691047782328,918.8104181018603,893.3429525159048,873.5187566847396,869.5235253595242,902.8129208390884,856.3206407701647,847.4719108519007,707.3674365402362,742.9938003077651,421.7405031176581,418.24553808024234,808.2660748841332,772.4390063780472,868.9353988322806,848.7822886875698,821.7204936089644,748.8163483024302,579.7488681793213,485.6138448397318,750.3354523780588,720.6833002092944,407.1348712897257,385.9374782832521,361.6918273436507,393.5368070772386,559.7455027304298,483.5735377386709,102.66012776403308,25.256368177429252,715.1686360677083,697.9453471555548,749.6760516166687,708.3729173133815,731.0189089398955,656.8778768739957,5.594832610853604,0.10682999852320386,12.073455177301676,11.961530744540726,54.432449923843144,38.94113843811936,7.011201792293125,-2.58789542668006,691.644608931108,798.509589177912,832.7172437834259,713.5976989359796,683.062801286286,254.57177142093056,236.4951704415408,569.4838770504656
903.3578945171735,875.6646008491516,937.8824848624104,965.9107879832446,540.323792887843,597.450481065682,945.5244706488021,870.8284438595873,672.7508848151382,681.3336667858187,886.1875338515615,756.1532222127157,915.7179435693993,656.3822930071518,670.9150767065399,548.1632959009992,884.8096410561512,825.5609458276996,897.3446601779982,892.2154340209961,334.6891627841526,372.7195944786072,896.466677006533,975.5364772251675,727.8799490104795,823.3165425101479,508.3612026404281,494.8399558597141,967.2983270321253,857.1946863245081,919.4547720681338,960.2862736002604,898.288888575667,891.0470850965712,744.4767885954484,781.2386834937406,651.1521606949458,701.8999400668674,430.3948998834406,481.8035534276498,534.441107890645,583.390070438385,742.9110764149162,815.0647305312315,758.4862518654228,829.3518021566827,739.5770115024787,688.6837382149863,895.5817573908837,806.3240974991203,945.5225852490086,770.2926363609206,783.6802302133876,692.1714989344279,535.1546646142726,468.9622960724241,921.9531111952248,945.2261664205128,1024.434971306803,914.5092022056651,980.3196320376189,1017.2135704003491,872.2356405928958,968.6953002552928,1019.2311813582236,916.1368128926871,895.3718621478992,873.5414653487596,870.6520015449281,903.2914531560234,854.9892827283155,849.172664642334,706.7213813711744,740.4518945206811,418.1125652479089,415.34549710448357,812.0135205378298,772.4272645815774,870.1501360954122,849.5836535862514,821.6557362216643,748.8048904119934,583.8200699567794,486.5072894016902,750.0365098457504,720.1285931291969,409.8783301667694,384.40767327585803,362.09635895809333,391.1558638157232,558.7790521882689,482.82605111390353,101.32999674779259,24.331255640090635,720.650801595052,704.6377465199616,750.5835003852844,709.0727282908168,729.9799550374349,656.7002700307842,5.46462910895628,0.08353628622868133,11.801169495064546,11.693875534249699,54.09325705342418,38.59689961178779,6.576987398995294,-2.7930497579714832,684.7319446910511,799.4891124378552,835.5247237442323,714.7488656345802,680.637840719784,252.08899376266882,235.91742460655445,546.7299905152156
901.7231543387826,872.9634398011247,935.687718122666,961.6712986026627,543.7955769649772,601.5639697419746,944.5496075850517,865.6594265531986,674.3400989065365,682.6102595720134,890.0562350730586,755.1303967339652,918.9459031041245,655.352114323783,673.4661811382616,546.3587835154522,889.1265492009891,828.3350376433312,895.0018920606124,890.8235775756835,332.47144725587634,371.68537112871803,896.5573980928672,972.6208593883212,730.0255890672744,822.5325711009267,506.20773264848066,497.7467809518178,968.5149688900642,860.7313705632716,921.6835187776821,959.7574694824219,897.3901400808561,889.8664706759982,740.7276218580163,780.2941953360316,650.9634095246571,703.9131661874277,425.5626017525792,483.6115086016137,538.0680536363946,580.036290884018,746.9867187416743,817.1456790580569,759.3827262011079,830.1867430837531,740.7186660136073,689.6270110923928,895.1218149646636,805.2234213275294,947.0317841140767,770.4144462191123,787.0527640030523,694.7125131709903,535.3047570248481,469.98176699652413,920.6332340637408,943.4716611681162,1023.6737193134383,911.0927508373869,978.2612798806896,1012.6450675174257,870.8180226550554,966.7741357387339,1019.360516220776,914.6329104117953,892.5899648398496,871.2342188245564,868.1469188617293,901.3406847537552,861.042072261776,846.625660130235,710.0662981085821,741.3406232032941,423.59212117955303,419.11156194982397,805.5492686287301,771.1482531282417,876.4225515812001,859.5619419642857,825.2416943955695,749.3236625049655,578.8482139587402,485.3930413659414,752.1929727562724,719.7616235392499,411.75183451456184,386.9419657461049,363.9544518241552,392.34876005932824,559.6255841839596,485.7459117097159,103.45413689023202,25.666385567928824,716.8823201497396,700.5231354277013,748.1353807449341,707.2222001779134,728.0708794047814,655.915574262661,6.093295310084757,0.11175988775471019,12.294405222113056,12.103523010059948,54.72660119554372,39.52440989696451,8.200253036287096,-2.273280455785639,669.7466486150569,797.8671453302557,830.7287519826185,714.9276970971989,683.7041787540211,254.59723360287515,239.91061519853997,566.0592766630239
904.474551346395,874.56526284266,937.2013378891735,963.779542290357,539.9234596429869,595.0878908549037,945.8231048193734,868.0254498769882,670.0029837939204,678.7434420663802,891.8255121494697,756.3127975102454,919.132846047089,656.1986462196357,669.0624612267337,545.2694971250097,887.2130074342845,826.2626295755076,897.3599452753176,890.9279659423828,332.9977740181817,368.3863323847453,895.3883276164618,972.6959453158909,729.1646662806966,822.6846332759648,508.29232411358237,492.748598602083,968.1589403692282,857.8485845871913,920.160595350691,957.8312786865234,898.5359785435563,889.9238681369358,741.0132852305537,779.7416470079537,645.1685326025874,701.8377607840079,427.6641236261598,480.48495404818533,527.9090778788582,583.5698628425598,744.651813148033,816.7765275855764,757.6116677535941,830.3518109572561,738.3678875915275,686.6939394624084,895.7664140978167,805.768704067577,946.5347647255759,769.0776962744638,783.3604247088924,695.1753605349976,533.8912671855246,468.32194670482727,923.1985239653571,944.9996104182469,1025.651548349574,913.0508168490697,982.4918622622282,1016.2641248178328,874.1176870736872,969.4098370163529,1022.8286176083693,915.9729738210831,894.2312223927358,871.2362812662986,868.9624186230313,902.2371480530796,853.9864107080408,846.877417236078,707.8262038624615,740.520065637894,420.48718864330345,416.1718045355569,809.8255731551374,771.6691185409103,871.5911722386137,851.2965273175921,823.7498903237997,748.4708495087386,579.5672366412481,485.86047740618386,750.4255664170051,717.9218662029658,408.26355894698816,382.9177466999968,360.53066830874496,390.4292018789802,552.7101223715193,478.29606921936073,100.21781893503956,24.00443413626252,717.1275146484375,701.0715533757614,749.4219884872437,707.1577281002545,729.6361522723093,656.9190911768701,5.15401134657747,0.08098145353745807,11.564473775372672,11.466801172694405,52.62707747969229,38.27156526562182,6.2652796192301645,-2.9861254608806442,695.5893277254971,802.1622503107244,833.2773449788957,709.718205126026,678.983014275046,249.5478969964019,231.47366937001547,559.1793234594937
903.996139258674,875.4280579505545,937.6429605563387,962.7490490337767,543.8219424580419,602.5033307458673,945.6973812561815,866.8439857876555,674.190409913355,683.7599566725434,891.8393572985641,754.6567128469073,918.2173644011875,654.1047245910172,672.7592306089639,546.5536372454527,886.6027952980656,826.0677520460465,897.8244470179766,891.4022681274414,337.2161430252923,368.7116599082947,894.8556439618527,973.0444548470633,726.2150076721351,822.1826630267468,506.1317553177723,497.94776662190753,967.8950468639158,856.2634372287326,918.5274632571563,959.0269199625651,897.9782090267893,889.0146096462673,740.7826320482337,778.1240866787463,645.0681803531058,699.7269862139666,427.62319062011585,480.8067692531629,527.6785787363522,578.6863212585449,745.3750892813716,815.565694076755,760.1497257851624,830.5587901455617,737.2530409757755,685.3368578957511,897.2146417756235,807.5956962031703,946.2228242856962,771.6315167405955,784.1695996955906,696.0533888018599,534.3950172349361,469.1444960582861,923.6851124758266,947.9422751665115,1025.5014414560717,911.2085989621969,982.1533086362092,1018.1585646508967,873.2502541264992,970.2700571366298,1021.1981654380685,916.0997489934127,893.3709582575251,870.8206658409766,869.6829506454953,904.3936555135316,856.7806043882628,846.7111339881772,707.179990435959,741.1251074060217,422.07126882801884,417.61015292960155,807.4632036803199,769.7753931575791,873.457755880153,851.8554175240653,821.6880306229281,747.3424758930892,577.759909915924,484.74923269907634,750.8445846355959,717.5123759701721,408.1557965853635,386.5880023150668,362.46360774175264,391.75434865972915,555.8759629862772,482.4972393832356,101.28551923700918,24.914778906379787,718.2817301432292,694.614906957594,749.5732440948486,706.0152407685017,727.913180402217,656.3070091111152,5.8760725055380085,0.10851688941043836,12.150028718121119,11.988030175268015,54.818982379407274,39.00681387578007,7.874572846624586,-2.257267294561162,675.3203180486506,799.739081365412,831.6774087176227,710.1812786633456,679.897434907801,254.22278984805993,236.74382478540593,561.9817020070964
905.8358135352872,877.0494869447717,937.2193411556067,964.446427633088,541.0154451592024,596.5137687495777,946.1707421552393,868.4409183067971,667.8767014328314,677.5400041361324,892.0370238466961,755.4148535425701,919.1419055081559,654.2901854249629,669.2736444805392,545.8175780533561,887.8259256191163,826.1853411664995,897.2218997122227,893.965241821289,330.1599973042806,368.0955599149068,894.1852287523674,972.6769580538311,726.1850753354777,820.4720199081924,507.8212387522281,492.83640983369617,969.147550798812,858.1076200508777,918.1625750684362,956.7705700683593,899.2546181113033,889.9000476074219,744.1667254904042,778.7678634459713,650.8294989800138,700.2984670003256,428.50470566004515,482.0989223008745,532.1044963774134,579.5001692771912,745.1624755622848,817.4033864098137,758.9962634181807,829.2994047689159,740.9578469646864,689.9905891818601,895.5703098343265,806.3546895393529,945.1512413614045,768.0101100985913,783.7532184754787,693.8676810404834,535.5596406366643,469.8821048556588,922.8542149555252,947.1929345506209,1027.9318581294292,915.6203228376149,980.2820900560462,1017.1360272466172,872.8397826215178,968.7558285591533,1019.8367279963707,914.4020061677741,895.1598729540792,872.5765242012883,871.5159229351457,905.8662567981698,854.1783746599077,843.1481597462639,703.5360577084602,740.8156505766369,418.6013741976973,416.8106000994293,810.0662841796875,772.3106859135925,871.5955330057348,853.258527483259,823.2006703007723,748.8718576852788,583.84177238216,484.7592211373647,751.482015776109,717.8685361404195,411.04962405159193,385.6157342079314,361.76339178020135,391.0891990055806,556.6077838116571,482.1292491744459,102.66373050556932,25.444549432354165,716.5885111490885,702.5363691944187,750.0990164279938,708.7410913182599,729.2770103085738,656.640597149329,5.698047429151637,0.10964683222032531,12.120375700822274,12.004662111364034,54.4623955934997,39.43184419869075,7.400323099560207,-2.56240372096791,676.5804110440341,798.166816850142,832.7519301856124,712.9172743785231,679.8365358838848,254.4840258370366,234.8542409810153,552.4155593740529
904.2316871645037,873.8829768721504,938.5708597843202,963.0752994264977,546.8766118781512,602.8564583084413,945.6419905770668,867.4591076396374,675.1162362390635,684.8161600456863,893.4782923993056,756.9823547484383,923.9097931012894,657.9955683526723,675.3449774025685,549.8251510441451,889.2243101291747,828.1955081268006,897.4647259474714,891.0325747680664,332.48846133550006,374.222945467631,894.8863405279955,975.2972704872252,730.2104791870917,823.522536099612,511.32417141930176,498.09878222147626,970.7704844924639,861.1376504026813,920.9490639193477,959.7528043619792,896.2193943605585,890.2246512858073,739.3994896930197,779.146925592997,650.3783202822513,703.1376622517904,427.7296108731202,482.73655878559924,532.7862248655225,584.3006482124329,748.0955135252268,819.0603747616447,758.8779850774821,830.5623750853957,740.6561117723953,690.1139965790969,896.1101923188855,807.3792990799174,948.3010428906101,772.266924469044,786.8862209576662,697.0032118722504,536.2406183491803,470.89014777594815,923.0834068808081,946.9671933695122,1027.010090374792,913.3469009148918,982.133997325068,1016.5374700675891,874.4527411504623,969.0602842181798,1020.9320667323782,914.9038377752291,895.0571386382821,873.2771897279504,869.0663543506793,902.3484109277883,859.9171301008345,849.4030404950752,708.5262346880152,742.118459197866,421.2111203843269,417.5968435603968,813.6871347896388,773.0481567382812,874.9665722136801,858.158576965332,826.3780213133128,750.2389069512404,582.4896946636836,486.75039364178974,752.6216452443127,720.7799596565741,412.35445702005836,388.41782328023805,364.65109727409435,393.24921215654166,559.0077945692481,484.1082742451038,103.90024147447224,25.795673901649938,717.3882385253906,700.7846115888175,750.2080849409103,705.610996263599,729.8043790239717,657.053109222636,6.419119777314144,0.12997965761632832,12.511169451856567,12.191907764848708,54.923605334141705,39.68709143670276,8.964395840962728,-1.853925097076332,681.935508034446,801.3287553267046,833.3135384169201,713.2610050636001,681.8936659869025,253.5475944092399,238.61910969018936,552.5160850409803
906.5024773007723,876.5899458654,937.6613777877318,964.2871807808895,543.6954966700355,601.0144053144114,947.4559932685976,868.9527006879766,672.5624268200933,682.4126444644616,896.425687254929,759.3393014487766,923.2733573128388,658.2167331091306,674.3892802053423,548.4804320157905,889.5116850504943,828.1943036519808,897.9490578896241,892.5882061157226,334.37445608774823,368.19870436986287,899.8954643150429,974.6061788286481,730.7624622190186,822.6619534335293,508.2444281475979,496.64925999111597,970.460790670143,860.6298321759259,921.8056767981822,961.039614461263,900.9232149285785,891.6744904242621,741.2567995817765,779.9244693618223,648.5194653078323,703.547189924452,427.5616350514548,483.0020883895931,535.8872990217366,583.3825664520264,747.6897566763181,818.8217709798948,760.5886685004806,832.3744745923761,741.5841960906982,689.3482622266649,897.116313182154,808.2176033310876,948.286291782767,771.9725893119452,787.4473244705542,697.4053827524185,536.0198466953545,470.61092210859795,924.0934597988902,948.4985431940468,1030.266596932133,917.8825725623411,985.0670437224015,1018.8609352852534,875.0338466072666,971.4124656959816,1024.4294228624942,917.498687416392,895.7476945464531,874.0878023802819,873.2018992430086,908.2831970552055,856.0427661930119,845.0835929620462,707.6909540858837,742.660189277682,421.7339640631192,417.74987132112744,808.785828512223,772.4225056121953,874.3405060463763,857.0102408272879,825.3396454515129,749.4901057317112,580.0491749540964,485.89928498903913,752.8021047046007,720.0057755481143,410.4237972387496,387.0847638935819,362.5756224484335,392.8791598873624,557.5388423992694,481.16861715232335,102.47845721393566,25.258843200080758,718.1195373535156,702.6835771980932,751.9894549846649,707.378373400658,730.03342237788,658.6056060522867,5.857096608985509,0.10991515472910747,12.031261427013767,11.869980058900078,54.151336012889246,39.48172249822247,7.665869037310283,-2.3790315635064068,692.5110473632812,802.590322043679,834.7429186929793,711.939313671257,680.2229760861865,253.13931978480858,235.84650908816946,558.1303426972751
905.2888602748812,876.9166332802387,940.192192885028,966.5175381637664,543.4338123853817,600.1402202546597,947.0219255009982,870.1052258901393,672.9893165510528,684.4898625983567,891.9861238060928,758.3694375719343,922.0535817056332,658.4170866210451,672.8316163020347,549.4454231498851,887.2362861814092,827.2116319903504,899.4809707992379,892.9286456298828,336.53671243455676,370.95793641408284,897.8844421628921,977.2790574270581,730.79145131935,823.018229851356,511.4354683259574,495.29053192668493,968.6783757119808,858.0223097812982,920.3997105876292,961.2214748128255,898.4520508071123,891.2336644151476,745.4651563561481,782.0412869740682,646.0359775064275,702.0036079971878,430.86533583381345,483.1153795692358,525.6014708847296,586.2222418785095,746.4748130718631,817.3990527690869,761.3467444227931,832.0078858381127,739.8838872200201,688.5451278553143,898.4758503906188,809.3795884795203,947.4099115153231,771.7009668100768,784.5750870982628,697.4794376223695,535.2476933217388,469.87246268395023,924.407113182845,949.49127569022,1029.9218271365692,917.717430898441,984.2726430876359,1019.5282126923595,875.8723821144221,970.9703443550769,1022.4514688520289,917.8749259830445,897.0970762949312,874.4776455769121,875.2471238640463,906.7543732869691,855.2038061468451,849.5833355012487,706.3569307239777,742.6292702150552,421.1698967201122,417.7529217424527,811.7317599937564,773.2671498658746,872.5989574675864,854.5071977887835,823.5911619179094,749.9118290317981,582.8910858281454,488.4064786275228,751.0635229303973,721.0554512989374,409.37856363215866,385.1371462379552,361.95868620883084,393.6389541997351,556.1501970291897,480.34049918661515,100.87833861305586,24.56182868539785,718.4902750651041,698.1403912043168,751.3604562282562,707.039126521322,732.1830755723948,657.5179797128244,5.3743373967927734,0.09385503325956288,11.802427601557763,11.606335611931769,53.63861885469548,38.315041479177566,6.780166221989526,-2.743963467724183,672.2802401455966,799.4547518643466,836.6676451407823,713.5257606989221,682.3318095487707,249.65162040057936,233.57068574789798,554.431342799088
903.7387363344889,876.4954846094955,938.3851019715299,965.1725639878991,543.8960658228675,603.0088309475353,947.215610149673,869.8502405962031,672.8859608708595,685.4739453987997,890.662854942849,756.5182829440586,919.6717750654008,656.4595467085056,673.6012044783255,549.3460424597151,890.9072268156078,829.4508647665233,897.5240833092466,892.8522891845703,334.7712117301093,365.71690826416017,899.1634928605602,976.6352991982112,730.6683237337318,825.4831977466961,508.692439574563,499.89022623168097,969.7765010617813,858.3736780237268,920.3433631236159,959.6511130777994,898.6416519940909,891.0092602539063,744.4899092964504,781.114013671875,650.3128053438296,702.2973242865669,429.0887293475015,485.21340003710117,534.0426079796963,583.7963135242462,747.7762870693964,817.6182155518735,762.7558160508908,831.0392794971577,742.8359956347252,690.8011853945005,898.104711000381,809.6817754580478,948.185696286431,771.5353486768197,787.8409353692435,696.034448271873,537.4216077615694,470.8354245814481,924.6500996216756,949.4055115823393,1028.9250193085063,917.112722962256,981.3195627759851,1018.3327648631963,874.7969574067936,971.6387826346566,1024.825388210923,919.8012802064881,898.1213043170029,875.4482464213364,872.7030278588556,907.5777766612354,855.4888636271158,845.5968201746706,707.4667672673496,742.4341397636381,425.6232117362644,418.58460977043904,810.020181999832,773.354930070426,874.7407317465925,853.6439862932477,824.4420267375493,749.3847065334162,585.161767390569,486.17988525390626,752.326363342554,719.4252337277331,412.9374680806609,390.4562537652921,364.2227713635075,392.99889342141915,562.2111922379564,486.38401084005835,103.46177071344249,25.709958308145882,720.7260009765625,701.3023278187898,752.6690702438354,709.0471019140736,730.9080710762936,658.5052033310124,6.317991591291502,0.1230408575627263,12.372189880097599,12.132814002825034,55.71098420979075,39.52498405467799,8.943389336268107,-1.824835684369592,680.5353504527699,803.3385364879261,835.4784644210099,715.3132698928254,683.7816171085133,255.35497382649203,239.34813858884755,554.5227113592214
903.4002094983773,875.4863396413399,938.8951543746749,966.4290386329134,544.9051055730775,599.2248670501368,946.9274846277782,870.3457823550448,674.6718247861278,683.0218085929996,888.7139546851802,756.9267170436799,918.4666088621162,655.9763373242698,672.5154307730755,552.2087618504505,889.8505917047437,829.3052963687732,895.2164900914919,893.5331301269531,334.1751764880286,371.7732199033101,898.636869807608,978.1244032723563,735.1223201452126,826.0741422674158,513.8517218637203,497.41783889134723,971.2833714935015,863.6198524004147,923.254703231371,962.0709509277344,899.1331679780604,892.2728476291232,743.8768039869226,780.7818949136389,652.6634924632338,703.0948631851761,429.31126675861225,483.08454395679945,534.1282882065069,589.1630773544312,747.525279071716,819.1230273495353,759.9742042702885,830.0621723152741,744.0076772516423,693.2578906212653,897.293785272106,807.2109589688589,948.2778528868922,772.0088543584889,789.2751197643879,697.1560014696682,539.0237507354302,472.03314821965955,922.8345973003342,947.178913321208,1027.6087387385687,915.1847372909424,980.6813973866339,1016.153547978324,873.5702170275767,971.0335738884569,1022.9922565061655,917.3779094705902,895.7580239301317,875.09372837255,871.9760140583014,907.4488551524463,858.5241032162228,848.5786443303843,708.7506128713625,743.8858457623106,420.38121353370553,417.1436164009739,813.7896130671267,775.9972805165651,875.0011349941822,856.6301160539899,828.3816446180087,752.1948075202289,587.4306167030335,488.99565273682276,753.3147643303556,722.1689200391118,413.8540215502767,388.57255682015676,364.1520222208637,393.37180617961843,561.7399168516587,487.57925504704315,105.31985160473872,26.365211915584577,720.0772705078125,702.4140583620233,750.47310090065,708.9803114670974,731.6619343842563,658.8166083607522,6.36521672601444,0.13806629570339013,12.561367661762313,12.188714207495963,54.80439076990207,39.900183854359256,8.893025822109646,-2.007144370499779,677.2675947709517,798.5496060458097,834.1003168093279,713.7180981213534,687.789670458027,256.24190346399945,240.18604106975323,556.7101048354444
904.0932859608808,876.024780375789,939.2199404032704,966.4387923764043,544.3963636531387,601.1122027720724,947.4810704249961,870.9825048771311,672.876033627257,679.9474716811884,892.2337559723272,757.572574716901,920.6783787120472,657.0108621975007,671.2223979228764,550.7256524122087,892.0419291817182,830.2858866061088,896.9036481572293,893.4420164794922,332.68394639756946,369.56918629010516,902.932152003609,978.0009082915291,730.9455893623267,826.3752440882253,507.1746182151921,500.7200066513485,970.8036103158627,862.145674641927,926.5782389803509,963.9959993489583,901.6784507622153,891.7744984266493,739.6381926163383,780.7922105904086,650.519325928541,706.0182235152633,427.5978166759014,483.48663047904824,535.3660568800129,588.1648168563843,749.6287254351561,821.2639863072978,761.861167897753,834.566063696878,742.1697809518861,690.8297608382219,900.7583905625428,811.2237238534385,949.9315557713061,773.8932234890744,788.6514962029564,695.2788253040875,538.9941996020492,470.67866183880795,923.8035784383985,946.2549181227331,1026.737552226684,914.8390398938034,980.6012255859375,1018.6158281283085,875.5225380247157,975.4024628533257,1023.5970515920155,919.1403709776333,896.3298175748814,876.7412108061874,872.5109850160635,906.8248832238971,858.5236161378053,849.1973265038162,710.0491006133753,744.0198735488958,423.1646924779035,419.9040432244959,809.025538335081,773.1955244768704,874.7922207446809,857.2281003679548,828.0576135701147,751.4894245395344,582.5047493028641,488.53408308347065,752.6662150983768,720.9410739561997,414.64295310474495,392.9451710377359,364.6698137914985,393.442158936806,564.213392428181,490.5643179605529,106.83655926622278,27.836355792747348,719.6963317871093,698.7163985947432,749.1760343313217,706.2691050395707,730.7037627630258,659.1714175837548,7.354928813139467,0.18414018805035287,13.052721433669943,12.663993245501375,57.13274916766379,41.257309933099144,11.2586280769772,-0.4328735071946593,684.3226484818892,800.904755193537,832.373685491165,714.5263552122478,686.5823672425513,256.22961777553223,245.19683933258057,567.1939279293192
907.8372747276018,879.4658872987887,939.2872468673942,967.9151141216081,542.6795973312023,595.3980054855347,947.8819670356041,872.6239688390367,669.9590978038555,676.2181277978616,892.1581072846079,759.0804423854464,920.3210954028174,656.875545441863,668.8375251921848,549.4906313667818,890.8051112387418,828.0125191077045,898.4257249210987,895.2983947753906,334.29480653338965,366.38379599253335,901.689067416721,978.3987173655677,731.7948156726297,824.9278961013962,509.6731227379477,495.70663661426966,969.9801927962393,859.006446970245,922.7143959986569,961.8119834391276,903.4698078996045,892.5883379448785,743.9348208220109,782.5926013624812,650.0714333319979,704.8520228068033,430.1702992234911,481.55577098117783,527.4454068668554,590.7219634056091,748.7938347587747,820.7406523645772,763.1741690914611,833.7837935609427,744.3701521345406,691.2203945613408,901.1094942838915,810.5140652586638,951.2454200828091,773.3702328037208,789.6325924792097,697.3115020920249,538.7167883579939,470.10542673877336,927.0705254545347,950.50292169827,1030.3145441679408,918.1088742762524,984.6177504033627,1020.6041524448826,876.2507828178756,975.4152818844642,1023.6009223140887,916.9670631177049,899.9639659817299,879.1949306960232,877.8747265566686,912.956927726282,857.0624294796505,848.8303809244125,707.7699855139496,742.5279253014238,418.8457717895508,417.04958394547583,811.586019046971,772.2030847319924,874.7120504176363,853.393174307687,827.4277426255617,751.1782318057276,584.3702239402136,488.6275574493408,752.8534852284167,721.5875003999001,414.34059125973897,389.88668174950226,363.99335414919915,392.81383739140983,562.2084153771704,487.05432708864413,106.52614364678178,27.62295273094723,723.2767150878906,701.1224597995564,753.2684044837952,708.8280093162847,732.025595783884,660.2277446871574,6.926185388853283,0.17118079392584384,12.700153756995254,12.497554863492093,56.329024398655264,40.857119274686184,9.940724611282349,-1.248414904317435,685.3937766335227,802.0763594193892,835.7568719851091,713.5149024287357,688.330779730105,255.13116852860702,242.25378861210564,574.4091347497085
906.098782892351,879.6941348657464,938.4342548311395,966.826657288103,539.3173601727153,596.866255030036,946.6002555125204,870.2501095033199,663.9853330339704,677.6645376174176,890.8913499242891,756.8821868658302,918.7494044622877,655.4853326791693,669.0257762700171,549.695069946663,889.5658262352243,829.1611088597497,898.7026504575065,896.4943795166016,332.8751057518853,363.10981446901957,900.9421211451851,978.5897913433257,729.170376325777,826.4831884352716,505.7420708830185,497.9241210354699,968.7262652055273,858.2475331247589,921.2668667690648,962.0547662353515,901.0837470878989,892.1735639105902,745.4098468282948,782.5834115269672,648.5816419828305,703.3490736219618,430.5986642539501,483.49194558818687,534.0479885789215,588.0274488925934,750.6196346476911,819.3170533383627,766.4919491132986,834.6998786424335,746.2542551214045,692.6737676100297,901.6865370627372,810.861370907501,951.860572603832,775.6908031594106,792.8656444121904,698.242371633941,539.9401172740421,470.53192608987644,927.5280877371346,951.673586094821,1029.8488036262809,917.4242691340635,982.1758140497623,1020.5542752843073,875.2777986205681,974.5621878541546,1023.4170331812617,919.3593452709898,899.7913408665174,878.731231070029,878.8542118436972,912.7433056910394,858.2428326649709,847.1724038045915,707.1262024345748,742.7458177706895,423.0590097178584,420.13618257012166,811.5523241387039,772.5449000948198,873.6342864340925,852.0437938145229,827.5879915865902,750.541094337379,582.6449220148722,488.50536235809324,752.3904308638383,720.899857056673,414.7499254594831,393.5948449489442,365.2972206193711,393.5130700253747,566.3683739361212,491.2495525229474,106.89977189129503,28.030708333627288,720.1928466796875,705.6809769969875,754.0786063671112,712.600763484903,731.4817494011411,659.2539572086195,7.350404394717005,0.2011635013838747,13.078181284343762,12.74316353307812,57.14038351617789,41.20621525001792,11.227994203567505,-0.2903202894855948,673.0373313210227,806.3252618963069,836.1818995123741,717.674743845493,688.0998550115847,259.02262767051394,245.55855997403464,561.6283732447131
908.5908996999756,882.2329733714913,937.6281153693636,968.3624647252589,538.7724858572317,593.9768539699061,947.2450338690483,873.5009435316857,662.647500563641,674.7965333344506,890.8946457103016,758.0410236752223,918.8917084067396,657.9580588306975,668.4695880994275,552.0571686955303,892.4048688807194,829.9548700370661,898.3265118653746,897.3318941040039,329.02526881959704,370.2471143404643,900.9837062114589,977.2190704951211,731.762090388393,827.2048211359715,508.65707044970264,496.93694082895917,971.1321751756489,862.5798077618634,919.8185701945948,960.5464815266927,904.1450746180648,895.3076308865018,748.2507417098335,785.5774543486446,654.9772622532781,706.9974582813404,430.02688904106617,485.148599160298,539.2247807862328,587.2504541873932,750.3807323390529,818.7606794167469,766.8232729063061,834.3885879181979,748.410476211674,695.1422764838159,901.7314152333045,809.8238171887887,951.0679992125915,772.9597137593167,793.4732513427734,699.1972359442243,540.1035111973172,471.6281142274799,928.0057433881477,952.8947262653599,1031.5744066217806,919.0269294134,982.9195351244056,1021.1884736058009,876.66543019146,975.3310341305203,1023.5174262203387,917.47581392234,902.1183985870875,881.4358344191636,882.2843587595946,914.4737466211477,856.6434626536326,845.6326226719091,706.903356149656,742.293203642874,419.64501383684683,416.4580392703204,814.8879369516842,775.8838159078384,874.3437993475732,859.4405354091099,829.5685787639399,753.7850790616557,589.4114222812652,490.28472163200377,754.1777766290741,723.9601914271259,416.2977986554889,391.7238168423787,364.0975267589529,393.1963133346978,564.5507612735893,489.5846050957978,106.47645918384444,27.536833591401294,725.1449137369792,708.3437127582098,754.4569053649902,710.719569417686,733.3179389235324,661.0930351511482,6.6046491981557525,0.17620540141576418,12.710433359666508,12.490216068318425,56.163349106236936,40.70381307845775,9.23569499121772,-1.2429020886912066,678.921553178267,805.4183904474431,837.9819835688444,715.9811988540843,689.9042953790403,256.91419663763884,241.67923919721082,560.0207377199469
905.1739794651163,878.6414761495108,939.1079033342468,967.7527221719107,541.3649365092433,596.9219712615013,947.1842749710278,872.399235397907,668.9718147199981,681.031714361222,891.9558329950503,758.7350778463814,921.1825109125206,658.5225442039822,671.0024061155557,553.6877713481487,892.137646860421,830.574258981749,899.1832124848933,896.7113749389648,332.7533238199022,371.3205402851105,902.9882000349301,979.7241834912982,734.9095940315286,829.8357320093846,511.4000185464627,499.2911573251088,973.0798508266233,864.2188547393422,925.8823001891609,964.2703206380208,902.339840905141,894.0921394856771,745.4228465204653,784.4277667309865,653.5668989005068,706.6270111931694,430.6398705584662,485.1323497786504,535.4326810993132,587.9760541915894,751.6094872989352,819.0654298321331,767.2156186860916,833.9486285929095,745.8541157147116,692.9906269286896,902.440121586002,809.7135666542389,951.714485332926,775.5876846735626,792.4341797080275,699.6337239041048,539.5052573514662,471.9216502970252,926.1321336259456,951.9872684390457,1029.2252389895477,917.4532418143682,981.2609032141644,1020.6368628504979,878.877768700276,977.2148449587723,1025.4683812838882,920.0666905459816,901.3374684451671,881.9018672132692,877.5098963451993,909.6868212789461,859.7430625778061,849.5915146186703,709.6782575134837,744.7293356362875,422.30580260788184,417.4864617199965,816.624098855941,776.6178366000227,877.8784569273604,864.8229032244001,831.9223920960993,754.5834832020228,589.2342963568369,492.780956141154,755.5602229181366,726.6755507331402,417.4971253368784,392.6726339216267,366.61727775494364,395.5108514994081,566.8225812195075,491.9162206428871,108.18329193457181,28.61521168028977,724.5062174479167,707.0992229914261,754.4824461936951,710.9083528993357,733.6441043145177,659.7497945607146,7.18827600254812,0.20480412971228362,13.107014291131806,12.690653599439294,56.491569289681614,41.009288361496345,10.88770145840115,-0.5360958492931198,683.6885320490056,808.8444679953835,837.1189861937657,718.7804293089275,690.3748967787799,257.47623462216893,245.50256796316668,561.9320217987587
907.0568356829241,878.5241309867965,938.4722706979577,968.4915878309672,539.805152449497,598.4948152772018,948.8922143596315,873.6435132376691,665.4828955591942,678.4605475253746,894.1633370911203,760.5541567507245,921.8574667418596,660.8806907966552,670.8765831325778,552.7379929983882,890.4017528154274,829.1454059436076,901.6026017638459,897.570734008789,334.20978275934857,367.35325843493143,907.0577393018494,979.4701634664384,731.6622359815068,828.9999373928531,506.28318670046264,498.17773593796625,972.5996504369772,863.1190054434317,927.8568648691253,966.161337890625,907.3012959108514,895.2865976291232,747.2234271505605,784.9235428040287,652.5858727341706,708.7265352319788,429.6853783790554,485.78751098975704,535.9533156723272,588.9863958358765,749.4046605399677,818.0244111698386,764.4792247097472,832.8227896495172,744.1612291414875,690.2729282912675,901.0177028506033,809.2203260824477,950.2128913565185,774.0722153642528,792.781910712409,698.9293607356501,538.290916039931,470.96668847102774,925.2014909224076,951.4779324950995,1031.896454135491,919.6056372014488,986.6942419433594,1024.9748592129804,878.1822906400814,979.5565017103659,1028.6104929909777,921.3881423467197,903.1864392377017,881.8897274558501,875.8360173899657,910.6232263554525,857.408721167762,849.7830467849482,708.8179431180341,744.9885020070262,423.15327945653945,421.1291950118374,816.0704108066246,777.5579902364011,877.6637651159408,858.9437517438616,829.0933028107859,752.3978997804842,586.6406862576803,490.1922332016627,754.8557605356897,726.3111239688689,415.6847641006989,393.5867426266309,366.03488751764843,395.2583666643987,567.2500351811103,492.0980272071063,107.85159780903012,28.379554173621486,723.7177307128907,704.1498423430879,753.2172937393188,708.6167440802803,732.544923389231,661.4136702110832,7.11558478154046,0.2005032751019354,12.985395268549139,12.645999799066105,56.66121968551058,41.17749443944163,11.267088095347086,-0.49836945577579383,690.6150457208806,804.0144509055398,835.2878979164482,717.1407453319695,689.0327232211243,257.4784033810883,245.10752434441537,570.8363253823642
906.9548357284618,877.4938811069787,940.6748575217375,970.7512803761607,539.1179293787757,593.1411665081978,950.2636825288348,875.4305836988003,665.0355516939748,675.941086769104,895.3198793910868,760.9390450644115,923.5514922755456,660.782858116424,666.7830637319764,550.8438824663683,887.5602994620517,825.8051495599589,903.4982459700427,898.1439432983399,335.5399464501275,364.9496511141459,906.5388585430547,979.6778151497008,732.9045694760628,826.4446586147769,507.85069437185047,495.3553086651696,971.3964232498745,861.8944865662374,925.1914092937479,963.7584997558594,904.7808737027443,894.1797009277344,747.3592680557914,783.964783450207,648.4575537122819,705.3292829725477,430.5495889165572,481.7837010287167,525.3568550485079,590.2099499702454,747.1801770130793,815.7859178877554,762.3444240511626,829.5251049577145,740.4921067923553,687.1812618095558,899.6268042364428,807.3631951396417,948.9427146862525,771.6654416205178,788.3297713412297,694.9742759209054,536.8131353512115,469.353840393345,924.1428561926149,949.1195515835726,1032.7774097399372,919.4702541143764,986.1122816002887,1024.4384078423955,879.2032286851049,980.1500518940113,1025.2263329349346,919.6963800706296,903.0309129714966,880.594323045521,876.1258096877177,910.2216503501597,856.202070768889,849.4368667915219,707.2056141424616,743.8112396636567,422.1012958581897,417.3425442735914,817.303026668361,776.0679442852859,872.6457155917553,851.9015502929688,826.574725443376,751.5571779691053,586.7404187742869,488.9947505601247,753.9904525824055,724.4032200801294,413.3726061056642,390.1162351460233,363.9108994674825,393.8880003716828,566.4725499806992,491.5396794738186,106.01709997041272,27.470988057506922,724.5953165690104,701.1573077702926,751.7441833019257,708.5958289582265,735.1197626633195,661.5595642919936,6.795466785527472,0.1765188923447837,12.818078411514923,12.454261529714131,56.00431559590614,40.49121173733585,9.989714357588026,-0.8746933578239644,684.008622602983,801.3966475053267,836.8127859230809,716.7170170651207,686.834374521293,255.85570356929512,240.93910610495192,576.2461738874173
905.6382480196858,876.2379105160333,938.4852482526962,968.1268944506686,538.3196549526481,598.1020893901587,948.9740812231715,873.7420938962571,666.3664336301842,677.4715114656042,894.3773346218636,758.8761616517627,919.9102900326764,657.9780402588941,669.2987768638193,550.3072655402106,887.3382889444794,825.611919976548,901.3202138148048,897.223871459961,332.76160017649335,363.2450253804525,901.9415207019272,976.8451745169504,727.5700792816921,824.5185467437074,501.5039249467586,498.92001656691235,970.91374575417,859.0229000892168,921.290949783926,961.3144419352213,901.5679116976463,892.5561184353298,744.0546078889266,781.148477944983,649.7669421124564,704.6868386445223,427.96327146462033,484.72128938824943,535.3751106262207,587.792781829834,745.1010500282522,815.0730488130831,760.7171785608972,830.0062809102019,741.5768757339351,688.7751473513516,897.9100200822277,808.5630235588096,948.748237050178,772.3325332962052,790.6720468837584,694.4088590834655,537.0559674319323,469.14753134577927,923.2903460098383,948.0840070965113,1033.56627459042,919.889561506474,984.0071641474185,1024.070266137231,877.9247784629146,979.1568721174704,1021.3932884557923,919.1733500630972,901.4413161192048,878.087580840014,873.4239129716424,909.9376242621828,859.0351191683933,848.1446106082103,708.442483884479,743.6501563926796,422.97133879730666,419.7987975268297,814.3746485475634,773.5552365631484,874.7506467129322,847.8035398210798,825.626908064802,748.4687081779564,582.2482907263438,487.2829852135976,752.3941332174293,722.0789711269332,411.7719147058094,392.7853966551137,365.6296734908783,393.3220539817296,569.4686162838988,494.4442846727123,106.44973083253528,27.62233418315439,724.1503051757812,702.597424006058,753.6290748119354,709.4801310543561,733.6364147390118,660.1973298814303,6.98122483039716,0.1818978646149238,12.9673210959151,12.513253225496737,57.02611493968992,40.919239538611585,10.557437658309937,-0.6575172569821862,692.5410378196023,807.8073231090199,837.9742345617922,719.8128774135928,687.4814824123008,257.34776557955826,244.55497481244984,575.5169015670645
906.0337774466454,875.5745568456072,937.5324208081548,967.9618327285189,537.0921758607376,593.1490484704929,948.6081932698776,872.7031864884559,660.8692525746872,672.1980593790773,894.8452401490715,758.9426398761689,921.071872632663,658.5104899425738,665.3177596277266,549.2372662006478,888.5300117239568,824.5627601978391,900.3828386182529,896.9526906738281,327.743456363678,367.61680879592893,897.4619223854759,975.0837649390811,724.9614559992445,823.8429521204351,504.1603481598322,493.8546259933048,971.9244633260763,862.2730191454475,919.6221589816837,958.5449544270833,900.106277595132,891.7220416937934,739.9311817998472,778.2459297639778,652.7986139810033,705.8746809782805,429.0180960010205,482.3496664525864,537.5773004625664,590.0738656520844,745.4050070137258,817.108995772086,757.8076159814606,829.4003619366919,742.8172483207766,691.5879948489315,896.3549131977943,807.2050144469633,948.6634960984632,770.2383058255826,790.5734756196026,694.78003895049,537.322956922211,469.8430912268825,921.8233264868779,944.8009858661228,1032.7669025232158,919.6240117312819,981.8470442000679,1021.3646568125506,876.3413368715059,978.0109517996203,1016.7178959632987,913.5761085677825,898.4438568586713,877.0533910056314,873.5443711007476,908.2387784673364,856.6927250527046,846.5578844664527,708.1509050141781,742.8906755984087,420.07683740145916,417.1778641150031,812.9470309898502,775.0373456646298,873.7142723570479,853.2640838623047,825.8432758228989,750.2455951219106,587.6751153786977,488.6043892097473,752.7249999663903,722.6384929204598,412.6685341490104,390.40694297909306,364.1200073999741,391.82616415346337,566.3860266184741,490.7609870194085,106.15324426826017,27.125747337961716,720.2942464192708,704.0106744281317,749.9210233688354,708.907322016237,733.9778452477685,661.7724480127647,6.76871708765822,0.1657152575475198,12.7369111305898,12.375961014173456,55.99634137356839,40.59269980536473,9.89299586084154,-1.1809996445389355,679.7476140802556,801.4096147017045,836.6992674961987,715.2462505871737,687.912207509957,256.4884616492087,243.1703670422236,563.7687030989548
904.6559176225448,873.6484306876106,938.6244584127783,966.4361264867136,538.6593387160191,596.6303070321945,948.2455119647639,870.2136896064434,668.8622595339406,678.0765043790224,897.0758715528783,759.3279747978089,924.5059137818744,658.5277428964854,670.1155460509494,549.4327235837137,889.1631045228497,827.0188873424087,898.8761186563192,895.0204230957031,329.44671694437665,368.38169043858846,897.9418019106206,975.5718335953969,726.8499635227064,824.510561817295,506.48704171575895,498.96829827626544,972.7943360670557,863.1088029272762,924.6662002523427,962.0136047363281,898.7430688890361,890.2899247233073,737.2409275220788,779.0778227656721,650.5818292222884,706.7759622644495,427.917663199561,483.54414340529996,533.4395941437268,585.5685946941376,747.0510918223669,816.8140992078736,757.7775812773319,829.913818621496,740.5313915221159,689.4515247745114,897.7354848846312,808.2109188583414,949.6195339291252,773.4812800227037,790.7249348388125,696.7902401276664,536.7097943961938,470.5312424831324,922.3838819522587,945.6677782314795,1030.3327556387653,916.1264733391453,981.1146208920686,1019.5894043252692,876.7912304612839,978.6226819277791,1017.9274426360629,913.8204459823687,896.3174514931239,874.357780184633,870.1459967254833,905.5536409662574,860.0615989066459,848.5681637623271,708.048938786218,743.0193847392029,423.37679528498995,419.60179624423176,814.344696295066,775.1228736465897,873.0062918155751,855.7074257986886,827.8095274738881,750.9076208001343,585.1619182014465,488.7083493773143,753.0582665934962,722.7344280130673,412.9009396353189,391.337244099228,365.68980328209847,393.4385856223671,564.5235676728631,488.5267057617505,106.08635742137537,27.030770467921258,718.6483357747396,703.3343578273967,751.0465182065964,708.7989703217244,732.3216599714361,660.2151242952184,7.158937190316226,0.16066887188978768,12.923954962393049,12.529783268576077,56.22677896655566,40.89929518109608,10.830533266067505,-0.7307005103896645,682.8619440252131,805.3985218394886,836.3439904539377,716.9197841596,684.5267555386413,255.01920718686623,242.33770542433768,573.3287452747082
905.8979576464386,876.0102940713516,938.8696944047381,967.023504918315,538.2161063438238,596.0429173755858,949.9198695424268,871.4611009053981,665.8089626078703,675.6118038990459,897.5188054573246,759.6766536152552,923.3076967530553,658.7690263402607,669.6763851867979,548.49621699939,888.7698082042531,827.003927348064,901.4238208463822,895.3904718017578,332.0605217085944,365.4844185670217,899.5815210163507,975.6238876221672,724.4612376852185,823.1996771110283,501.52229373362843,496.31693787044946,972.2897924027353,861.7926676432292,924.6444201531998,962.3248016357422,903.1068413944568,892.4001085069444,738.7254848314368,778.8395437217621,649.6638193340553,705.3706686231825,429.17233891146526,482.8920793426171,533.8000192485872,588.886075258255,746.1636323432127,816.1015960548726,757.5815793119765,829.8233319555807,739.2222202710869,687.0287517734341,895.6358039702138,808.1064824932132,948.8377602772363,772.7378894596752,788.8136503963727,698.6707613795411,535.8676514451923,469.41391955467276,923.5077064071271,946.9553851595631,1030.995467882177,916.7641809778411,984.6719238811991,1020.1169266747039,877.1180935080992,978.5542061338699,1021.7642574025624,915.7477847969193,897.5402198427179,874.9494248975136,871.6104808248532,906.7124406171768,857.3801098729039,847.7975288766329,708.5601349576898,743.8328566778274,425.0034973586815,420.5313804519009,812.3636563410524,775.3463524782806,873.9577130256815,853.2476141793387,826.2931082129935,749.8469619158224,581.3101553678513,487.4007059733073,752.1002679161038,721.7633651369848,411.9477948034511,391.63386154519094,365.13135976565474,393.2927703582665,562.7963220805486,485.9920613647997,106.40750653719469,27.459762122950533,720.2570454915365,700.8001776226496,751.872394323349,706.6715905547682,731.1688268918724,659.6743658696527,7.192062973767813,0.17765547031530232,12.853445642581471,12.448463313991047,56.03855085840793,40.924063350124065,10.940324544906616,-0.6725172312820659,691.7583618164062,803.8664117986506,833.7930035687133,714.8473698096939,686.3109669404871,255.6021533242443,242.0833760174838,573.670283046262
906.8827655149322,876.9330687017152,940.4495198978964,967.8143016817086,539.1421708927599,593.9676821684199,950.971897720376,872.1421451808037,669.8098111055335,675.3542055223809,896.9822493529902,759.5591278893608,923.6088464059716,657.263028891463,670.3103524677789,548.7178836159094,886.8871664978317,824.8623600580368,901.1622643890965,895.100635925293,336.75845140881006,364.9560825983683,899.4420162052303,976.0140181647407,725.3449263547727,822.6370715885372,505.5622063947646,494.6311870151096,972.7027292791403,859.8919011622299,921.9890996978039,961.1708400472005,900.251175961252,891.7163290744357,742.2996900475543,780.4877812029367,648.9454681463703,704.062860276964,430.2612881681749,481.8154242440556,530.107229138984,588.092737197876,746.2457101728235,815.1036789157379,757.1570400866293,828.5799770132143,739.1311509786559,686.2493861405165,895.4249488892094,807.7778786941707,948.5937550028012,771.926466979731,789.4123064049691,696.7234182077295,535.440618408298,468.59380395137345,923.4222461579271,947.3002746149346,1031.947710429618,918.2309748343635,983.4247141431725,1021.414972021356,877.6928323634903,977.9300064275294,1021.6161198402518,916.1033112503761,899.1976391374395,874.9188579060603,873.0571757031095,908.1675209340469,855.4216167690518,847.5907909205703,706.6651544133457,742.6454953940915,421.9836017774499,418.1609865913928,814.794171442751,774.0638455592745,872.7961516684675,847.9154706682477,824.6041157930747,749.4972735070392,584.3078473584354,488.0331977589925,752.1449612520864,721.151689982935,411.22594094662105,389.98873556908285,363.99996091384673,392.2895932909239,562.8070404858966,487.3062064647333,105.10379899443231,26.627672537070676,719.4170735677084,701.0719873460673,753.161105632782,711.4476968411407,733.4325025330367,660.833954309193,6.7286225346064095,0.15621941065139794,12.665896803489101,12.378213658240062,55.964809990616,40.38565020566156,9.961259153154161,-1.2422141923623926,683.0099431818181,806.2025190873579,837.9916590748218,716.3714025956166,684.8652430515664,256.0091017401009,243.16093360745546,571.7245384989113
905.3476238717999,875.6701427860505,940.4071209665995,966.8831713344472,539.4766441788785,596.7185894634042,950.1087882846009,871.8568294184258,670.2236295427595,675.9165351429924,894.866726350009,758.6839074687352,922.860305851565,657.12171551549,670.9611615138267,549.7189160801341,885.2475930525793,824.2594805555882,901.0254225749165,895.3452777099609,329.5236282348633,365.453172715505,899.7283044349923,977.5942363133506,726.4010791029606,822.8256657306964,504.5822744632953,498.2539304362403,971.8597555340461,860.7222151391301,923.6312499359211,961.6933121744792,901.2589155294128,891.6160967339409,743.6842789359715,781.1093889719033,651.9502004883888,706.2206497192383,429.8129747956991,483.01567731993026,537.5912408672395,587.8598837852478,746.1621220461906,814.8370323723526,757.1454152144429,826.734562042861,739.6754107357057,687.0156540770631,894.4002422155872,807.1397624435313,947.7079195319609,772.1314753142881,788.7935162189295,693.4826366071608,537.3656436264197,468.8672110125935,922.998288809535,946.3367853694492,1031.800790735249,917.9247689524466,983.8670371412194,1021.2412219988876,875.8746423750478,976.6503563084229,1021.9777305944642,914.9433796756952,898.7825038717034,875.1772016301771,872.5869803459021,905.984056167181,860.545181961747,847.9555361075479,708.5266031387749,743.314156536416,425.4604907934216,420.34357253598495,818.31532737857,775.4968634007878,873.8699301861702,852.0346167428153,825.5173816388594,748.6216644055277,587.4221682584285,487.56394837061566,751.6677127653281,721.6022781514034,413.1671386929119,393.69555434423233,365.4661042051557,392.38158954673526,565.361674287437,489.9019468329086,104.90616711101029,26.60015942929575,717.4802286783854,704.9162204548464,753.9144577980042,711.1386131873497,732.5952236573509,660.6447657407933,6.916376635003345,0.16054578996090976,12.779524705164512,12.482159561449226,56.449306090719894,40.7071798142967,10.635211123360527,-0.7431115468635279,668.8854924982244,803.9926935369318,837.2025642138999,719.5567292804959,685.0934654684628,256.2430216889632,242.56369903051493,562.2953921926432
907.0209396766519,875.7391082487925,939.0987983912265,967.1957680879837,537.7991235777389,596.1842421029443,950.3192249828186,873.1064843453752,667.3812659516626,674.5802023215372,897.5610860080981,759.4065760491386,923.5966576630215,659.0882652476731,670.750222134946,550.2048819671494,890.0638820774748,828.9018087387085,899.6430760233795,896.4482248535156,327.63230938381616,366.2129723548889,899.6222709336494,977.1468633621458,725.6108031697298,823.2476550406152,504.1736276004855,496.82647520966,973.7090548209425,865.2535733446663,924.9090751587876,964.0735459391276,902.2779785414873,894.6853156195747,740.711997654127,778.9832623952842,652.8130663733125,706.9638550369827,427.3586502085839,482.7300764648209,537.8126860446617,588.6858685016632,745.8344315347217,816.4859520790136,755.1071449617822,827.2983813927187,739.7339006849556,688.9042352663054,893.1199196957773,805.1701847786777,947.3214047700742,771.4026926072311,786.7908451097428,693.5693985293893,535.377536629487,469.12739884238783,922.7043441655471,946.0891593253172,1031.7018559828691,917.735941158674,983.0761909816576,1020.7725008313324,876.3896518905593,977.814701433535,1019.4265446449393,914.8780840299543,896.7134572361292,876.1491129322078,872.112622595137,906.033573129559,859.2993628355833,847.7470682488113,709.7568050699497,745.0350407852239,422.51845080610633,421.866188291093,817.679376946121,777.7967787619943,877.7181357525765,859.1268561226981,828.1310332945023,751.0181675049481,588.5592686271667,487.85819864908854,753.3216730529516,723.0139128553901,412.7442467700471,391.5466553381634,364.8050854443427,393.2885080371163,564.6877884617635,488.95693998071056,106.11553080072109,27.31399898321023,718.6609781901042,702.5289663541115,750.2768462896347,709.6727010804603,733.4593538085317,659.606355183282,7.023262662653762,0.16951437634588393,12.757426213153005,12.487849785232642,56.20188180717388,40.678199293382306,10.345709244410196,-1.0076584901441545,673.2096280184659,801.8981767134233,836.0705636043676,715.628799824775,683.3451873180913,254.8701063018096,242.0761905366724,567.721240364272
907.7004562229305,876.7502353313295,940.7543389754686,969.0727996978152,539.5270473568938,595.110151644264,951.3637891348264,875.1142229246586,669.9327801295689,676.347360986178,899.6429687437973,762.4635068757193,925.9583239220019,660.8311893973756,668.2978096672551,550.3503230147563,890.5205108859527,828.0563358880356,901.241236617282,896.1005355834961,331.61022069719104,367.05120312372844,901.5009905992648,977.1030561659071,727.6672796079625,821.8751993074521,506.0046992222907,494.7696499824524,972.5104404305512,862.1083206741898,925.6901925955544,963.7339213053385,902.5136841596183,892.988971218533,739.8250652810801,778.5307786321066,649.2397006870891,705.2002143859863,428.27643797653064,483.1669935162148,530.3506576037797,588.3793439865112,745.4107075338917,815.7272960789396,754.5875921207883,828.7324362805015,737.0936819502144,685.8211173477706,895.3686279578135,806.688676772579,947.1045575184866,771.4727575841324,785.8529804383693,692.9052183593021,534.3972054499716,467.65077179022524,924.934343386062,947.3498709510874,1031.8491384411477,919.9090546577554,985.1964459493886,1025.30448542598,879.950589054586,981.7037942595933,1023.876320910098,917.1487580701054,898.0971548401908,876.0903723813562,871.5238036623426,905.193436596275,855.4611273241472,848.5996143153457,708.3428131943449,743.2315219367222,420.3194070898968,418.5210664507369,816.4720127543465,775.5997628492933,874.5090877451795,857.0379268101284,826.677682821778,750.9181151060768,585.0253646675745,489.1238849067688,752.6660542962835,722.4764087210353,413.2663500624544,390.2283809486279,364.5149912727599,392.7842716302754,563.6114717053538,487.5645485017697,105.60748822395517,26.812317068635867,722.3334493001302,705.2872221348649,750.7588179111481,709.8113334621239,732.6106741713506,660.508783714987,6.800278575380186,0.16573783104756365,12.61983468358227,12.362280414144541,55.66942382333756,40.558054820439146,10.337039629618326,-0.7306886600220904,684.4654152610085,801.7060402610085,835.3791327764524,714.3234453804886,684.2729261809704,253.85409543807046,241.82508131410137,561.4309412652049
907.4787797764594,877.5381879926932,940.2358187608571,969.1967449171609,540.9439579542293,603.4630002336843,951.7060538679742,873.7851174667034,674.1836373465402,683.0888346062331,896.1615559802792,759.939189994146,924.0290734436663,659.0661673666494,672.0637606388301,549.586017102077,889.1473520287971,827.416647383541,903.1940414311786,896.1592069091797,333.4698887930976,365.4295380115509,900.109419411223,978.0069459582132,724.675760773464,821.1392199757335,503.2148437183865,498.331635594368,973.1808730971138,862.1940501271943,923.8037699701905,963.0613073730469,903.4544810925499,894.0136197916667,742.2455258576766,781.2901258353727,648.5326591861406,704.6867585358797,426.6454460876329,481.2949796098002,529.4224560847048,586.7333378791809,746.5428315736945,815.5297150092102,756.7825597215827,828.7434121907106,737.5988442444605,684.9643348347057,895.546006538022,807.5722491384602,948.6317385424364,773.7413531318757,786.2238741476974,696.0303946441295,535.2987080914089,468.52118709404175,925.5584421648775,949.9956999023756,1033.331611386128,920.4821006629973,987.2617927882982,1023.5824680451822,878.5223502529506,979.3198382609175,1023.4879109396863,917.6629511182622,899.3875307099203,877.1236488676535,875.1217511413963,910.1848910842812,859.9725942525778,850.098023961802,708.3969091012938,745.2417577438024,425.1629153265469,422.3692972156363,815.3116915343238,776.524029616993,873.1246182056184,854.7041299002511,826.5049750521722,749.936177631768,581.6845794645945,487.4339673423767,752.7275119865518,722.4406122753762,408.2107395466636,392.4424265369181,365.1874521745667,394.54365510022416,565.0642743624102,488.4221908031652,106.01418747216424,27.271829534883253,721.8558939615885,699.8562953108448,750.9418157339096,707.6277204832879,733.2887328247381,660.048318829688,7.128738277211883,0.16368825330088535,12.901916603924866,12.54473772572154,56.521337624621616,40.80182608591533,10.920724047554863,-0.6507355285918012,702.3447432084517,802.7223666104403,833.8650438961566,716.7986488825159,683.0298497817096,255.6149583992205,242.3066556706573,581.6864748412165
908.108459328254,878.2067354824206,941.5271012423013,969.862084418179,536.8977854351665,595.3296293318272,952.2550178391244,875.2931779585493,666.9012205162827,674.7401879732726,893.2804343351504,758.6841939403897,922.9502904770918,656.6197734202451,667.5502958250283,549.7200788759416,888.3193347804354,826.2946456674722,902.3137119629374,896.5807915649414,330.03977314631146,359.3002525170644,902.6642080860221,978.4647800808862,723.0615686496515,819.4545330844082,500.734249452201,492.6549817721049,970.8028393691441,858.8603110230999,923.2796901592745,964.4221101888021,901.6592836541645,892.7200541178386,744.8885028341542,780.9309861516379,646.574838243392,702.4958449469673,430.293966876609,482.0510671951351,530.9427519626305,585.2300570011139,744.0836303811225,814.9164205976007,757.2513225151636,827.8801757912887,740.4329526917008,687.4482536849442,894.7457982478603,806.8594423990445,946.5542817330576,770.3605386189053,785.0555159906636,691.6460418070064,535.0477092736144,467.6101761993185,923.7478896409501,947.6552641877422,1031.5882356923805,918.8417475558748,985.2252750297215,1022.9445540604082,877.3297826551152,976.2139127597887,1025.8218522712366,918.0609192638742,899.5142211742616,876.7745131783095,875.2016784765159,907.7626224749655,854.3074710261715,845.1922467966549,706.6340769496533,742.1213676155387,421.6760310297427,418.3993207636014,814.4865623849337,773.7864354557022,873.2061689660904,849.3121697562082,824.2770569023045,749.5796459432465,581.9138527711233,489.02637724558514,751.2415246434149,720.0029047352863,412.6391464577002,393.06026209648763,363.0291935007978,391.4223418012528,566.5102080080803,490.86995160514647,106.83124532431572,27.561981663846183,721.1733744303385,705.9289535263838,751.2076494693756,712.9634332441096,732.9673183916786,659.9879735979299,7.144994124610859,0.18859468514910313,12.993438187247047,12.598918617723186,57.10478268509016,41.15351798857051,10.78110318713718,-0.6610694233985508,683.110634543679,800.7772649591619,838.8604543801122,717.5319175237341,685.3034416647519,257.65772319258303,243.6891040910374,569.2703941937151
906.1870171063906,876.8835954473476,941.4095898422985,969.5122789438977,542.1008646233138,600.1019045114517,950.8691812240457,874.1338412767775,674.7210773545869,680.9832724274182,892.910954866952,757.3461625840929,923.3247143203971,657.0645193532713,672.2284526445379,553.7993442757845,886.4592690490433,825.3040460320407,900.387010274719,896.0275776977539,328.6753255526225,369.1439884821574,900.6515285387355,978.859775876242,728.6727081618384,823.1045269075331,509.29622654361617,497.76741880840723,972.1483626995447,862.3543794608411,922.9225669720668,962.4366859944662,900.7358203176725,892.6460846625434,742.1222186544667,778.4668630576996,652.6667221842358,705.7881965637207,427.69153646166836,482.63123465834485,536.9493987912037,589.3726687431335,746.1228133241335,816.6801021630165,757.6529524392736,828.387957701209,740.4275012055705,690.4991929514425,896.5937332860885,807.7954388517788,947.4379991754755,770.9997305347166,785.7587752064247,693.3125775468116,536.2548254204262,469.23118944980706,923.548713809428,946.9128895114969,1030.3100549973885,916.1482059655897,982.4087117336107,1021.9731551482068,877.4684932603749,974.8218795399607,1025.3397410378527,918.3419489848213,899.8781677739004,877.1459788959447,875.4143502788179,906.175937968723,859.0798642613867,849.6156948589888,707.6093218742161,741.1803521490716,422.61608112722206,415.7171414335009,816.6673969206263,774.4356643866702,875.9213737325465,855.607419695173,826.3550419679547,750.9251324445503,587.2155349779129,488.73784333546956,753.2698870755503,722.4688679021762,413.7970194578171,393.59998718667975,365.4105888570387,393.8800471836126,567.4819447941104,492.18612527877093,106.9533406304092,27.771693170549895,724.123974609375,707.7830329507084,750.0951651334763,709.3988974730893,731.7846196298381,660.2585268262546,7.598731539555286,0.18585046279692538,13.027935989720621,12.64300378223969,56.833727545877345,40.84804790239701,11.99888147248162,-0.07942711715312566,667.6128207120029,802.4566716974432,835.7345429490877,719.5382823702655,684.0419568828507,255.38449503246107,244.34241254401928,563.6040270904015
906.2521477888438,876.675615691627,940.625412259459,968.6020508408546,537.6648550698924,597.3452990640487,951.2730749313992,873.0872155473587,670.6089967221629,676.3941686036156,894.7325191652872,759.9559520342993,925.7785124018098,658.1768990991569,668.511115259199,549.3992026459712,889.8794909472714,829.068392761522,899.887536688326,896.6453169555664,326.8781796561347,363.2016605377197,904.2802880027077,979.2490330045185,728.1069681182581,822.0117377396468,501.469152808848,495.31713999642267,971.8825557096949,863.7344306851611,926.4991321313413,964.8843888346354,901.7230638407044,893.7460948350695,741.7735468325408,780.9926993128765,649.4664233035453,705.935509858308,427.73908878649985,482.51894231503377,532.4713710097016,585.4121732711792,747.2846237775825,817.3126144047598,758.13230464319,831.1050018957484,741.3932935541326,689.2363473985579,898.0201490481054,808.0263137230077,948.4470320791198,770.9726942741655,786.0845037554411,693.215924784249,536.6658901626221,468.78029165915694,924.2026541334907,946.7153243577039,1030.0365763923262,915.1553572821125,981.5209382961108,1019.8055927005015,877.155980288071,976.1808028436983,1023.8221194139168,916.9657659850996,897.9435078052992,876.2971239574927,873.746527993755,905.0553841775294,858.5816917075767,847.2105284518883,707.7522320528643,743.1338500976562,423.2945975151615,420.48921813427563,809.6314211986104,773.2777996142376,875.5686736411237,857.7780031476702,827.2122068734004,750.5445574146607,584.2191944122314,487.0577759106954,752.9434534887911,721.8823392685549,414.34810667563886,395.6990253454081,365.217831533994,392.59286370548875,568.2626650185911,492.5133085667094,108.86730651062464,28.841885204188962,716.0462605794271,704.4194656630693,751.3099277019501,710.5456806027512,731.9799624921104,660.9000824162313,8.02795418270398,0.21967878319254075,13.463503463422812,12.977719076129974,57.814486662376126,41.67805637227952,13.032220893436008,0.4792605454978697,682.4005626331676,801.0242686878552,834.9085287823773,716.9706513610067,684.9474684771369,257.22979581983464,245.9318650563558,573.6464140332978
908.2700421188066,878.5814684388613,942.2530187364141,970.1836870875492,540.5249801103458,597.6980937208448,951.6849901308286,874.3345820098227,670.5584799708153,676.238995598965,895.8228877307923,761.1167538446093,925.1569153342402,658.5925583462966,667.1172461391088,550.0952643951766,888.4330897218243,826.7753546483493,900.8581055242896,896.2244627075195,331.6220202975803,364.841574716568,903.6207800971138,979.7203537774465,727.6782996442305,821.4731140555916,506.27668633645413,495.1343805525038,971.4089438600361,861.2759572723766,925.066046206657,963.8265779622396,904.5451661449367,893.9006456163195,741.0668462338655,781.9587358221951,648.1586809032289,706.6935316015173,427.7315589040518,481.2782925666495,530.7038387236048,588.9376826286316,747.3184229801335,818.1027301227876,759.7597502440132,832.5787434382745,741.4145577485897,687.8371683267446,900.0420650236068,809.4588836938404,949.1851587135973,772.4121505710441,785.7958866341767,693.5291298464233,535.6072850320521,468.5702027962368,925.9076031353753,949.5273552227903,1031.6032510885152,918.8630044912085,985.5941990064538,1023.739995425573,878.5086351680465,977.0770736348973,1023.5605744319175,918.7108938527662,900.2205635820882,877.812910417688,874.7991348558171,907.9010413575568,856.3066620010513,846.658763760426,706.9144458595766,742.7022506912033,420.2618079807447,417.53268983330526,813.3088295107982,774.9992997418796,874.0376911569149,854.4981798444476,825.8453117312142,750.8281328282962,579.3989179738363,488.3378100379308,752.5367466325802,722.2417292006222,410.04138612957564,392.2936524243131,364.0395531829951,392.80672237779714,564.2959291308056,488.3696046824505,107.15555346168198,27.940498593604374,724.1510050455729,701.728163896981,750.3818334341049,709.6760935718657,732.2775539174942,660.8172106282344,7.550175907919383,0.1913251217627139,12.976335860288629,12.532792362020732,56.58119749957563,40.863404384613915,11.757043441136679,-0.2822236699216506,692.0909590287642,804.8534845525568,835.4802659821991,715.0687458666065,683.1171492034314,254.5920140220408,242.7131853826118,564.1669773233348
906.094119740208,876.7816746824919,941.9988521253879,969.8276324313713,539.5028121238531,598.8145396006959,951.226286150712,873.8387394152296,669.8758908485879,675.0482127236538,893.9292949971144,757.9389900196167,924.680849212725,655.828777220085,667.8642518271262,548.8481121364953,888.71536981664,826.2500083105905,902.8485281494842,897.1109522094727,331.8549104266697,359.40310338139534,903.4540171547542,980.3455949208093,726.171138623622,820.6059509319264,502.0980106374835,495.31169414520264,971.5976798579378,858.869553177445,923.6188867924408,964.6806001790364,900.808923365706,891.1140768771702,740.4351971170177,779.4829351586031,647.0709186503541,703.5877099213777,430.5810637133462,482.1760927693228,526.2811470031738,588.4610233306885,747.5929768830538,817.9304294676577,761.6682940352925,832.8133516088564,740.7358058109756,687.7254219055176,900.2572197114267,810.3861761400776,948.7482525225312,772.5439848995784,784.517098533733,693.0918214660065,537.9593111727103,467.76838231554984,925.4532023134263,948.4208806223339,1031.1985471449455,917.272275859822,982.9818126910666,1023.5087386257826,880.4690394970255,976.7182757687667,1025.6591204742888,920.134800814843,898.2869989673743,875.7195178449402,874.413647256839,906.9779494480533,855.9043542672922,846.8115970423964,706.480091619929,742.3344421386719,423.02313812919283,418.2333322444432,813.2802284115651,773.0655563164548,872.4729159740691,849.6769736153739,823.5695344734922,749.6774302609059,576.3702748902639,487.4203328831991,751.6896194592447,719.7532518039062,412.942129554994,396.3886218819808,365.53851300308696,392.770141980381,570.607334726128,493.31847969576717,109.70597994178792,29.243657656197605,718.8540486653645,702.4454728465969,751.295823097229,710.1592023685507,732.6904968960595,661.7969097428042,8.696758314305427,0.23318150210435742,13.689050611355368,13.1442722012411,58.09196232134279,42.072026027962366,14.594290865792168,1.037960255956825,688.5087446732955,797.4640070134943,834.8675893489146,716.9836785038815,686.1748998305377,258.92716767861134,248.14917768131602,578.2806016330061
908.3715029348308,879.6613694941154,942.0368272779104,970.2878024169648,540.8111891103346,598.0905975731356,951.5363729465546,874.6859859261614,670.773335164907,675.9525691798476,891.8447898151429,758.0594585057289,924.1771960479317,655.7237597735304,668.2676304300034,551.176800558644,888.4939013657412,827.172830401861,898.333375499623,895.9200456542969,329.7385760943095,365.1654483795166,902.8519878525067,979.8802528078594,727.6013812519493,820.6048299454071,504.59714314160425,495.6842192808787,970.6585782428957,858.8206182032455,922.4670017672962,963.2104056803386,902.1597415471481,893.516188422309,743.2411801545517,780.8590896790287,652.4270318825339,705.4491791901766,430.386599617345,480.98351330703565,534.2282517229925,589.8032674789429,748.8698527623736,819.0142962559704,761.878601960153,830.4764063316479,743.496295329953,689.6700871607641,899.6847844892933,809.4853760000548,948.6401502272951,770.6491389610399,787.2367299511828,692.3765370939292,538.0814633875503,467.61510472455706,925.6697278727837,949.3536362802541,1032.8167403645443,919.7648725330718,984.3266922129756,1022.6244543995286,876.9944598929962,973.7784719898867,1024.624288530492,916.6420347770671,900.2413106211116,875.8996104637008,877.0723061531213,908.8554365463679,855.9596347637005,846.6111513356693,706.7436946903894,740.8797806909074,421.2614101465198,418.0228027021381,813.2920803632893,773.9985389551186,871.3355868725066,850.8479690551758,823.7718351079129,749.8767080069905,581.962264213562,488.3810008970896,752.5679045958666,719.3526419447585,414.6900316375143,394.0953472542849,365.01616770960874,392.2867132222704,567.8685826556995,492.397786514014,108.8370552741625,28.746491372604037,722.4187642415365,704.5189545194982,751.4464468955994,710.844576011416,731.8731396701803,659.6009654074835,8.059385081845042,0.20908343231443455,13.41253975881002,12.977701984665327,57.757253385479984,41.360537070395445,13.011657211515638,0.6389278968905702,681.1046142578125,803.7371770685369,835.167215436897,716.1069007583811,681.4022863051471,259.1362352559441,248.47904414841622,557.0681051714666
