,ROI_2001,ROI_2002,ROI_2101,ROI_2102,ROI_2111,ROI_2112,ROI_2201,ROI_2202,ROI_2211,ROI_2212,ROI_2301,ROI_2302,ROI_2311,ROI_2312,ROI_2321,ROI_2322,ROI_2331,ROI_2332,ROI_2401,ROI_2402,ROI_2501,ROI_2502,ROI_2601,ROI_2602,ROI_2611,ROI_2612,ROI_2701,ROI_2702,ROI_3001,ROI_3002,ROI_4001,ROI_4002,ROI_4011,ROI_4012,ROI_4021,ROI_4022,ROI_4101,ROI_4102,ROI_4111,ROI_4112,ROI_4201,ROI_4202,ROI_5001,ROI_5002,ROI_5011,ROI_5012,ROI_5021,ROI_5022,ROI_5101,ROI_5102,ROI_5201,ROI_5202,ROI_5301,ROI_5302,ROI_5401,ROI_5402,ROI_6001,ROI_6002,ROI_6101,ROI_6102,ROI_6201,ROI_6202,ROI_6211,ROI_6212,ROI_6221,ROI_6222,ROI_6301,ROI_6302,ROI_6401,ROI_6402,ROI_7001,ROI_7002,ROI_7011,ROI_7012,ROI_7021,ROI_7022,ROI_7101,ROI_7102,ROI_8101,ROI_8102,ROI_8111,ROI_8112,ROI_8121,ROI_8122,ROI_8201,ROI_8202,ROI_8211,ROI_8212,ROI_8301,ROI_8302,ROI_9001,ROI_9002,ROI_9011,ROI_9012,ROI_9021,ROI_9022,ROI_9031,ROI_9032,ROI_9041,ROI_9042,ROI_9051,ROI_9052,ROI_9061,ROI_9062,ROI_9071,ROI_9072,ROI_9081,ROI_9082,ROI_9100,ROI_9110,ROI_9120,ROI_9130,ROI_9140,ROI_9150,ROI_9160,ROI_9170
ROI_2001,1.0,0.9229412506214817,0.8519775215277328,0.8913957830478784,-0.46540356981585457,0.31055216688803206,0.8655561938140987,0.8691043589932246,0.3535154928445153,-0.018296685570486585,0.719642468958394,0.791253028787558,0.6401687421666556,0.7809192173812451,0.3724756096377184,0.2731881944952017,0.47103120812264876,0.5363378293243372,0.9109489752271563,0.9069334733858279,0.43729714892127486,0.4650286525537004,0.727557038193682,0.710642357302579,0.1939907686734117,-0.25626697150671174,0.04185587025435077,0.6786788116418521,0.6536384719747582,0.39926295682098456,0.488576694130019,0.7339377969534172,0.7740585401924966,0.8454514965007651,0.6886002087377866,0.677501864022203,0.49980591754931575,0.6656886730431743,0.5415383569818452,0.793719772224758,0.6111685530486607,0.4779853220715841,0.6502673856273197,0.7556372240794593,0.7966109806222775,0.7343961423024159,0.6764139915157887,0.753798095537589,0.768144753680184,0.8290391550010323,0.8016148260347115,0.7956608762640167,0.5687409883652562,0.7010671712823546,0.7950084684841698,0.8462125139142564,0.9414065174299934,0.8883137038098451,0.9118060277711236,0.8976133280920146,0.8415977417218754,0.8294911001649212,0.5875481256703552,0.6540466063521152,0.7428559732255678,0.7688392511783552,0.8675562395498337,0.8400341741531434,0.9408609425938641,0.8701855102332031,0.4678883943180076,0.7650053112060705,0.7384864763199229,0.7041974056759265,0.6123528886276535,0.7728166259645758,0.7640953545450723,0.721132905059178,0.18352673291577848,0.42027867131619984,0.38375273500996154,0.5595031644997895,0.3781962331062966,0.6102392144172882,0.6505175865150593,0.711324984786865,0.709171050157475,0.7356287482002494,0.706953403241734,0.738012468477418,-0.11626436103361673,-0.23077706886503072,-0.55066128320534,-0.43823729238125014,0.38583802777588294,0.41699426853121463,0.7914412025858562,0.748768287423675,0.5127797668787865,0.44006831725535067,0.28986503416810444,0.5650836352352662,-0.2642852286381565,-0.3603035124902541,0.06044063499976541,0.12155243148116773,0.2697785814667771,0.578536380235608,0.17503317369770935,0.466062003455659,0.6030696041734385,0.4900442571134694,0.2622143779569976,-0.07830325077807114,0.14187413314453268,0.4290425742393408
ROI_2002,0.9229412506214817,1.0,0.7985849962325391,0.9284347865668792,-0.6796222208969905,0.13676686611873798,0.7639518637774548,0.9312425723853943,0.18820151454410666,-0.12928716681483585,0.5890449641541182,0.8296978888791501,0.5025411700928157,0.8709462845024104,0.21472887676141977,0.37315600863729126,0.5846351327572212,0.6621401468730975,0.9005409577095088,0.9187578287587027,0.3621860317193008,0.4796496675732987,0.6716322192493933,0.6748168501912318,0.003102964160360985,-0.40030743682593095,-0.1759526821964635,0.6431808435821567,0.6733960124018046,0.48688553827442793,0.5572219719219068,0.8266792848205914,0.7301578129249502,0.8457504440740561,0.6950519068094821,0.6689424496111189,0.5014511388716968,0.6722839663557301,0.5241968326286902,0.8708875972009915,0.5026921731934507,0.5282964343295529,0.5639359628616155,0.732898085948424,0.7673790845315722,0.8385701760850395,0.5957879226019996,0.7968222945301691,0.735664735658193,0.9122270682261496,0.7856704099940028,0.9027285303211059,0.4323120935110673,0.7160445987285129,0.7490271446448329,0.9187270064900193,0.9439728865406176,0.9468261025595444,0.8675840431017378,0.9251922531758061,0.7513671625339055,0.8497398213687364,0.5808177416408078,0.7158228511020198,0.6828764417919417,0.8587187561317392,0.8638349754043327,0.8522288059399291,0.9475127742511491,0.8273559259827248,0.24578259564913166,0.8019936744433303,0.7305805391286744,0.5702707476251784,0.5336970952314751,0.7757451380566454,0.725342262793298,0.6124656450329425,0.2656800400852011,0.5518303550225269,0.357376579219088,0.6784336904187689,0.3920727313367,0.650932161533713,0.5985734231473983,0.8100439640098153,0.7995732818310096,0.7535214737155056,0.608570985815479,0.8454344075324662,-0.06980873803638683,-0.3952933849168245,-0.5948028260148053,-0.4599303396166032,0.4390189376998218,0.4500962482256287,0.8637738102759426,0.689294286954201,0.5923221173502426,0.2455574536153516,0.4882713272393003,0.524332842100944,-0.16606922644741967,-0.3481725996851392,0.19300523809515685,0.22130456398900528,0.47307877752034694,0.6822638084536081,0.16006600945338884,0.4537483552261134,0.5366082575278339,0.3882229781519885,0.050126742995103384,-0.06547168417744428,0.22050851595693016,0.41044652255048664
ROI_2101,0.8519775215277327,0.798584996232539,0.9999999999999998,0.8813917052569384,-0.3468761104717027,0.41281348312882443,0.9002692724815347,0.8240097951246709,0.4558794309816982,0.09042380163502241,0.7212909824115092,0.7539376317973746,0.7252892884771113,0.7555283565862823,0.5015541487020198,0.4042978272772146,0.5478503824927884,0.578492080612319,0.8579816752136554,0.8007798810962985,0.5430922468805964,0.42171451418134137,0.8510093886593295,0.8520913928482369,0.3335911390117069,-0.15655541508213464,0.20086488761125004,0.6809741409514402,0.6996312946595016,0.49751049535142516,0.6783372062368367,0.7848074361677138,0.8200820413815042,0.7933528276891106,0.7570280512196772,0.6458202655511888,0.5567822443799432,0.7094973831479146,0.5590038286246715,0.7249065243134166,0.6158182610324744,0.47416683608408833,0.6249406606394712,0.7235707722547502,0.7569750672737857,0.7217859258961261,0.6618383153460559,0.6862571061286065,0.7166921922016566,0.7489703039423226,0.7733553383566317,0.7107562769575617,0.5618722431516806,0.6503646680516281,0.7450884368242539,0.7773197247409307,0.8278694072615742,0.8004616258709196,0.8209489042321912,0.8042842243884931,0.8008077235522322,0.7364409890853699,0.6377606899053198,0.6277483208646351,0.8120997483213053,0.7290217968940681,0.8459790505958672,0.8228776626891667,0.8390917172441152,0.8033051878897053,0.5961128402910681,0.7405236369518933,0.6703134129568077,0.5994235340769177,0.5698030462764614,0.6831400734837305,0.6348095056643254,0.5888497321075103,0.2913129018757257,0.5079426405468376,0.48127035027913534,0.6306722411291745,0.31440251610662157,0.5198726083678009,0.7191686985452141,0.7201245750834506,0.5778186532171569,0.6612073969268536,0.662982851915957,0.6996875189389558,-0.10541208778781594,-0.18179375498270822,-0.4879947090778466,-0.38731908786469393,0.34832229136958326,0.4754305415447219,0.748946919877336,0.6589061387375565,0.4290745718211912,0.4041472164941707,0.2156968475483498,0.4773884636578603,-0.2477481009505224,-0.32592843806064675,0.025968486454580032,0.06380935710235675,0.19841615144805566,0.503711596783737,0.24568022465100683,0.5095390449281948,0.5257962162349576,0.5466285175155297,0.2750096399251665,-0.07077679125044939,0.08384610235877489,0.33137274499292607
ROI_2102,0.8913957830478784,0.9284347865668791,0.8813917052569384,1.0,-0.617839199665868,0.28262166697078417,0.8298315804495926,0.9734509089150389,0.2843833439456941,-0.014886434050872352,0.6517882249945961,0.838758987872336,0.598273148218076,0.8722258921079888,0.31957783398145406,0.4429715197605407,0.5746043149737284,0.6202865675981876,0.8846445243624574,0.8885433928098954,0.4510784463642122,0.49730607304709595,0.796298233640255,0.8063505821923926,0.10339179277123445,-0.3746035854329217,-0.04419128385393088,0.7116321456086606,0.687605167413163,0.505900335793853,0.62657631989594,0.8499939102224815,0.7646656034290444,0.8501774676393247,0.7524769265518179,0.7070245661926123,0.5494092651454758,0.7093062991674022,0.5740669527008861,0.8572666129265961,0.5613987580040799,0.5397176004524115,0.6322307556458695,0.7731317340980846,0.8026126675721221,0.8156568395048651,0.6443710093414807,0.7782322947129292,0.7317271604476026,0.8589340354312404,0.7663032396722844,0.8409932817591422,0.4635884853348953,0.7160167738544722,0.7631497277077264,0.8879682277642861,0.8755229280802993,0.8844068627769958,0.8712220002696927,0.9260049508021201,0.8023792159149861,0.8897141230224848,0.6282014591051731,0.7189491061304851,0.759897649231708,0.894349692602413,0.8724131397886001,0.8824643167115332,0.907820204568933,0.773329795714541,0.35308521283222954,0.8071716723471535,0.6958499999631502,0.5510601667084595,0.5661855550393293,0.7636249839458856,0.7307008532188833,0.6336594191805746,0.29155870499862024,0.5545294020602877,0.4162836766666584,0.6830577242438568,0.3946185480293326,0.6239978344979715,0.647870324280659,0.8161523773226343,0.7602308050865679,0.7533901811611979,0.6526411270772163,0.8522716194092324,-0.07349034814875124,-0.3401986881776872,-0.5991126950285187,-0.4860064854306299,0.43988354408016234,0.50510914932516,0.8573968938440789,0.7052862578950073,0.5781152891833855,0.3323335702108558,0.41206681117866134,0.548564929794658,-0.227508211119173,-0.391742630584965,0.13047914373129352,0.14686867476715423,0.3925269185402305,0.6403475138985442,0.19598948438477398,0.5162929256374205,0.5754969877245769,0.5041374971355432,0.11775560956583182,-0.09425384489454842,0.1619907917099216,0.4220610990650629
ROI_2111,-0.46540356981585457,-0.6796222208969905,-0.3468761104717027,-0.6178391996658679,1.0,0.4631886777086834,-0.3075427853649239,-0.6713735075120655,0.35442702419227967,0.5943663254641186,-0.12229075837802261,-0.46890861168538744,0.00531165423735592,-0.622735836150673,0.33613361038399325,-0.11520762976435954,-0.40917479746756535,-0.4580522955520549,-0.45446731838630844,-0.5021494849060684,-0.08016315976058179,-0.2751588198454769,-0.26925582866638603,-0.21455116285492995,0.46872306365877625,0.6714097369910927,0.5986350752807416,-0.22852513303222893,-0.33299761648443954,-0.2712447071150954,-0.32442262523340004,-0.5942224324146893,-0.2992158596077116,-0.47551462525370913,-0.3988729750897921,-0.3814291247754875,-0.23657150968873386,-0.3371388789700815,-0.3122870149108287,-0.6948786667157726,-0.12423743780126537,-0.3336040737203777,-0.08529404783552057,-0.3094513614432998,-0.4215704610102712,-0.6580716686083447,-0.1347799580111437,-0.47608886799631805,-0.3803679305989191,-0.69375070049872,-0.42813636446449405,-0.7092522110891285,0.03807392158859617,-0.40944683305499624,-0.3557656904626265,-0.6345083685721685,-0.49757218068404435,-0.5531996244926617,-0.48977347838977864,-0.5974247577975913,-0.3453729249458084,-0.5380700914054557,-0.2541099017929478,-0.4140304644084437,-0.3439070274513574,-0.6923256481957533,-0.48582236970406634,-0.5319790785981536,-0.5429843112198168,-0.3282602158615817,0.27728635834903376,-0.5338048631824924,-0.40974955468638213,-0.14400290012984865,-0.26566505829498915,-0.5137349563659569,-0.40734915246169306,-0.1950094377166283,-0.14494822127853899,-0.36098069528606913,0.005777015518882327,-0.4289124163119225,-0.22824291388740434,-0.4500259993202585,-0.13802950455115817,-0.48487158379588724,-0.7377818552872024,-0.5500849208974798,-0.24897610538595205,-0.6023596425602276,0.13145683991165286,0.7088210104640679,0.5801631551678474,0.4629899789240971,-0.31178825816261374,-0.24635709124934022,-0.6358585427363537,-0.3339044825679554,-0.348583088287977,0.30825157123081554,-0.6356336517988138,-0.37146225975159114,0.046416690960086306,0.3214248841563945,-0.27822812267983277,-0.23693517881269552,-0.636206244462231,-0.5742055338820922,-0.010905826213257162,-0.20331481053277226,-0.11487811068521969,0.008477828795401083,0.41466531087875713,0.17158012818654725,-0.16890481794565412,-0.28577990430661504
ROI_2112,0.31055216688803206,0.13676686611873798,0.41281348312882443,0.28262166697078417,0.4631886777086833,1.0,0.414455296817815,0.20845459537712807,0.6794847093694834,0.7313630670788904,0.5813995318331893,0.39542240004385243,0.6690951682524185,0.21449256372773193,0.770530697413688,0.4228948903242129,0.20402210160834386,0.1965758776551312,0.3846492271066938,0.3361973063084337,0.4800027461819645,0.11128962515518978,0.5029708783131657,0.5920309763564916,0.6314866188252335,0.341076109357596,0.678557950915446,0.5261666555302881,0.37314431982189566,0.26787973779625834,0.2993952754709657,0.19135722216275858,0.4729366165475291,0.33830683484423485,0.261390088380212,0.2728137668535413,0.2550887797882179,0.27194391729287115,0.2397926394279994,0.052688745834075734,0.4591899223853586,0.1548052058849104,0.5575221136504898,0.4673397275149134,0.3946993240134232,0.15080970213182124,0.5149506155040595,0.23471409426103795,0.36899381097706185,0.1006656223732936,0.30820959413626486,0.08655199000061821,0.5611172781597448,0.3408255791801289,0.37691251460992115,0.17674755711371448,0.3039755265519474,0.2682097530262074,0.3009419120140709,0.2576054576073396,0.44927975665700653,0.3460578999886327,0.4894594717020789,0.38766035813773997,0.37541142831010743,0.1588436087101608,0.3004958242149149,0.31442573034585214,0.28253325130860724,0.3576563884307572,0.6806182236734113,0.18478798404911884,0.19653793096063096,0.34943516333883995,0.34777805875251927,0.20183713236851844,0.2351898838025212,0.43971088114968687,0.14209751194493928,0.18988299226839805,0.4268691998961214,0.2125947914073199,-0.010666234278000168,-0.0017229007775000588,0.5139236696381643,0.309384819489078,-0.13866815657871945,0.12269887208144196,0.4032010092242021,0.23828196741228297,0.05702000042588818,0.44771493555273917,0.011448723141420356,-0.012808515652227436,0.039216564104412356,0.21321123300201406,0.18731992091755512,0.34673797182740335,0.17356445749984087,0.6856686332235713,-0.323461515469528,0.14587287150978268,-0.24025729995866088,-0.09829891938545578,-0.23814634291019446,-0.20417470700312665,-0.3552149099086593,-0.057645602838491954,0.3507443245686524,0.4382456830380625,0.3523625077056558,0.6344318713693974,0.6220920356449633,0.026622094353102706,-0.10132848768760687,0.08284849952637778
ROI_2201,0.8655561938140988,0.7639518637774549,0.9002692724815345,0.8298315804495925,-0.3075427853649239,0.41445529681781496,1.0,0.8215962634700711,0.5051705284456184,0.11867910935794151,0.7248028540650575,0.740104918354048,0.7327088010214896,0.7318655011816068,0.4546764199664435,0.30968357160124765,0.47244534190106036,0.520818938882311,0.8461459538441073,0.7673073549946988,0.45348045213854005,0.3193728127390592,0.8546326050674076,0.7740484149999455,0.3223508155827775,-0.1307720761698682,0.1164688756732184,0.5964199858259182,0.6807212162937596,0.41720890555989576,0.6389886049825956,0.7631109320290766,0.827625156795614,0.7837123296773523,0.7618978172612836,0.6123482922172747,0.48532835880434155,0.6872047968790377,0.4791962972031995,0.7007583729033784,0.579636962345487,0.3763866626606587,0.6984186426897107,0.7563101963274875,0.7823909471378574,0.6895214566865041,0.6891481071928706,0.6525248722092285,0.7126088006396837,0.737456300075275,0.746897902655294,0.6595203943801347,0.5267464841470052,0.6531066485246787,0.745817620313793,0.7615648270639636,0.8058722421967313,0.7646996215034263,0.8808721169950826,0.8241452301808865,0.8995039310803364,0.7820002580918116,0.5516530934947433,0.5777367251890725,0.826400777911392,0.7245606189319234,0.9137875221238866,0.8423204922536218,0.8229116527040966,0.7678165866576744,0.613240395759777,0.7978410641214797,0.7217893888564189,0.6631807755872074,0.6451610854712878,0.7087927586036938,0.7621588308765173,0.7153938610729834,0.16847753206628957,0.44544385446453183,0.36487633890503074,0.5339063845745603,0.21487212685476997,0.43452557411815573,0.6097097016315088,0.6136977252803753,0.5309996956186211,0.6084600180156923,0.6573774997658837,0.6879359439339032,-0.045197142323885955,-0.12837536668789482,-0.4692221916049439,-0.3693450713566531,0.23274909248923561,0.362225069344241,0.7289773060647226,0.6444646014732845,0.45553916380871556,0.5000609644676077,0.23450742405894914,0.47254726659418606,-0.23921590666834583,-0.31509421428049933,0.03555261118983561,0.051944886248345395,0.20907370489247024,0.5130402150249617,0.25396068820906154,0.505738987965916,0.569190496240097,0.5785909638235137,0.2776986517298515,-0.05990530360769788,0.10262586085455179,0.41058447775566353
ROI_2202,0.8691043589932245,0.9312425723853943,0.824009795124671,0.973450908915039,-0.6713735075120656,0.20845459537712807,0.8215962634700712,1.0,0.22470779576905517,-0.013430479341959109,0.6258401090962317,0.8561445902424724,0.5548175171120072,0.9022559575097933,0.2339023281345422,0.4521823111076115,0.5785531653172862,0.6261138014518307,0.875458492696419,0.8675328225349165,0.3534471761540094,0.4341168727318394,0.7726450506935235,0.7746437279932538,0.012979373600883087,-0.40072188658633984,-0.16675944007051333,0.633777564377948,0.6831339532666941,0.48328025113428064,0.6320537416721098,0.8839026505144826,0.7562316790979824,0.8572743719141911,0.7374152872214541,0.6807660037731145,0.48475604217882684,0.6795310986253186,0.492715852338803,0.8588626068229572,0.47736007143661663,0.4952912874808758,0.6152911866852865,0.7501591031365131,0.7684171432613904,0.807662590388327,0.5992231475948591,0.7479396772104089,0.6872380864918272,0.8563751082925147,0.7121223749655162,0.8305577150530361,0.3656581741669149,0.6871161739248367,0.7136572869782037,0.8936175254706209,0.8597498041616389,0.8918753088755688,0.8507339030261791,0.9339477502508209,0.7855736048759775,0.9147807160831247,0.5992127518439248,0.7463749270096343,0.69942143987466,0.9021777924184606,0.8814278124287516,0.8707598120854456,0.8891372546899414,0.7241379542927582,0.28271068974951347,0.8594788690251619,0.7287019349739967,0.5474933118395618,0.564130222896972,0.7701759518985696,0.7919960945026994,0.6632978422451916,0.23285760353455262,0.5669797901254557,0.3379139000720232,0.6691750047665884,0.3425890012178432,0.5856839644669631,0.5711303829649603,0.8004596343228708,0.7575149365218466,0.7070154348752979,0.5783107665208547,0.8782713036134174,0.015004575623845605,-0.354739801106026,-0.5743104986940148,-0.4496311512139277,0.3842587443529273,0.43964285237637607,0.8610338748002453,0.6576223376298567,0.6448423568570395,0.29238930706351235,0.5105726488765769,0.4946878007696528,-0.150791309008913,-0.3446215152013644,0.21337508523734866,0.2090156065038575,0.491431781626534,0.6933495949979492,0.17259396953336414,0.4829265640892677,0.5891070156292847,0.46409814355469464,0.019325374239559677,-0.050523972151387576,0.22675006931391342,0.4531961775435509
ROI_2211,0.3535154928445153,0.18820151454410666,0.45587943098169825,0.2843833439456941,0.35442702419227967,0.6794847093694832,0.5051705284456184,0.2247077957690552,1.0,0.5144934428791378,0.5480575800929393,0.3256259165863802,0.6314134897370504,0.18517996225433012,0.7476454224361602,0.19275442857143624,0.15117883813555552,0.19349715841620638,0.38911596691113554,0.3337726793571379,0.5254176496568368,0.26734763202271306,0.43566912527359836,0.47470601870407486,0.5656960338352701,0.05216387899160843,0.5997261160858063,0.5648349508314171,0.35919381142721885,0.27077681976786117,0.3241290749989346,0.264442291058233,0.5007395608563295,0.3616281145899233,0.3676223441448368,0.3399369060135527,0.342926729606786,0.3748235992303992,0.3741513929479467,0.18400277690791794,0.4850588370426307,0.19813120056525588,0.5971389036603997,0.5029239807295514,0.4877073192251181,0.25853356588603243,0.6380540394584783,0.37137468341947216,0.49115744511980186,0.2272501176887883,0.45760337520053995,0.1549010909031121,0.6101097934180657,0.4307809597615116,0.4993572602329849,0.18753612931422736,0.35374776447061285,0.23799157872397664,0.42512468889762856,0.2899362240136162,0.5275154486970622,0.30729330005454214,0.3996391078227419,0.24377447285426815,0.5249941216878854,0.20079023330767592,0.39036784240610006,0.3902489173768878,0.32683971266248657,0.409004278114649,0.710893125067167,0.2500700637209536,0.20431323638939877,0.41030818933185265,0.4426619874737119,0.40422664377247824,0.2654029822204686,0.4207864948272072,0.12936256134902993,0.1656359340236335,0.44042090312140614,0.19811216195845444,0.1450185294588621,0.13368672384286967,0.5293562957014596,0.2340868650641727,0.016055580559265963,0.34129862497613767,0.5114729593136503,0.11710237584028582,-0.2527980357368386,0.1357107785296679,-0.2641561282121091,-0.3116735423969364,0.06475806263058613,0.29878451988354754,0.24964445457795034,0.37752174008303563,-0.0220092764599055,0.576543936638507,-0.4402038335433898,0.3621212606728973,-0.47902761900306357,-0.36787599736383114,-0.45890065591342205,-0.41410630332071846,-0.4680797403916721,-0.12925176161231647,0.25538391707573427,0.3481711188462099,0.2252902102699554,0.5431972347586723,0.5313026001123827,-0.237751051176223,-0.32143708721182496,0.14328403674128787
ROI_2212,-0.01829668557048659,-0.12928716681483585,0.0904238016350224,-0.014886434050872352,0.5943663254641187,0.7313630670788904,0.11867910935794151,-0.013430479341959107,0.5144934428791378,1.0,0.28916814915037653,0.18300068331105865,0.33341362291946375,0.047070575303967854,0.4847801408891448,0.4714337745674847,0.04457743525786161,0.004815292791989683,0.07260297635880823,0.001998500193523133,-0.010129789550588564,-0.1838052419354014,0.24097045145405535,0.39601537997731506,0.3818176907172127,0.4663136473031277,0.42344126236408336,0.13263978066312546,0.13991966967137245,0.09626641749744487,0.1176539203248189,-0.02458562822434741,0.1329688900339618,0.03112435208485034,-0.0650831429422625,-0.09638699935733143,-0.07304093392367493,-0.015850546735533242,-0.20798608159748638,-0.25915516089548796,-0.0705521190170205,-0.12318097340886848,0.2555321334998283,0.14051657793816502,-0.03909888723233218,-0.17875767861662412,0.10294079761196681,-0.12389381547075654,-0.05505041978460523,-0.21731205277574764,-0.146838672143886,-0.21674940593403538,0.0650293848464831,-0.05648885764476595,-0.09665715805394008,-0.11463128530566864,-0.027032563178080803,0.03405318746670751,-0.11040164918022481,-0.04012508273192828,0.034580067194155635,0.11633735071117335,0.17917489880496465,0.23334018659258787,-0.0815153196646997,-0.10110129992645026,-0.017533114572492955,-0.07057429939613794,-0.06739787343633738,-0.018781878116225083,0.3403161939828425,0.07830904830736887,0.03949863726227063,0.08082115152866796,-0.0148968059742825,-0.10954063423652889,0.06352092470461404,0.19238249801895002,0.002248743065161679,0.1103319737363186,0.16203053111297447,0.031030900298636678,-0.17949861483895177,-0.26055351268097576,0.1339744074995277,0.09758418040702067,-0.4229279893698002,-0.30375869807543776,-0.10719290106366292,0.05857695992818309,0.44921853046877225,0.6231502733245119,0.42249025829532916,0.3755520145134873,-0.18267257046501373,-0.044933691221559664,-0.12582075195295367,-0.0658009591693046,0.25069556873496474,0.4601114082008116,-0.12586848589624183,-0.27757026547262986,0.19056436408151,0.29085560452829673,0.06312500921377642,0.039932271843228416,-0.14517761937939913,-0.09154153055698716,0.15351200921176913,0.04294754612146695,0.2652887546987941,0.31782467591628405,0.29128794947397685,0.3435592577543022,0.15232674871061938,-0.024018148479558073
ROI_2301,0.719642468958394,0.5890449641541183,0.7212909824115094,0.651788224994596,-0.1222907583780226,0.5813995318331893,0.7248028540650574,0.6258401090962317,0.5480575800929393,0.28916814915037653,1.0,0.7909071638186708,0.8995892712269711,0.6768788172145748,0.653708479844029,0.41850100017596464,0.5736546340460463,0.5786387475867637,0.7736914161649108,0.7124562151503172,0.6209948905572371,0.2791263180337033,0.7329231742060861,0.7344098891712503,0.45897900981773837,-0.004520607892838835,0.3705009335089055,0.6318362256626232,0.7469183397174081,0.5221910806641622,0.5883229034748868,0.6014280124490397,0.7705553484287045,0.7124647927636846,0.5414243845030319,0.5474339456494577,0.4095036361530493,0.5354162474615324,0.475838140268915,0.46490393823405474,0.5536818784853085,0.3634761681385929,0.6446139253885237,0.6960855746760547,0.7448881408287993,0.6365026215487856,0.6700712689267269,0.5390211090964147,0.7326387467991524,0.5900361487511964,0.6847574369674937,0.5795571449209909,0.6430466996641478,0.6358386373487268,0.6736560983172268,0.5790289840141023,0.7353738431825535,0.674392699365289,0.6654932167752483,0.656153926148369,0.7424757002624424,0.6852910587853444,0.8354569298324589,0.7475558227457791,0.660184665979217,0.5911615861734336,0.656828807833207,0.6997404886280458,0.6716878345289843,0.6869516920022187,0.6281131887649622,0.5472543691198255,0.593522680460229,0.5998450249246078,0.6116449934043642,0.6235291629625807,0.5254132095284941,0.6091126664394584,0.2713105273742148,0.4230150666200074,0.5268732028930027,0.5044558884538184,0.13252890425931454,0.2891274630447599,0.7372616182947228,0.6313251980624334,0.3257750239905501,0.5605327204879921,0.6515358955666652,0.5033935541377045,-0.1377160169926064,0.0002526263084735233,-0.41690542466957653,-0.35289309063486995,0.19291073583335092,0.41097518245862996,0.6256857423909896,0.6471602804928375,0.31289173215106786,0.5747578058215386,-0.012716491047046702,0.4605143557313877,-0.35371293057925723,-0.343837184636395,-0.17232369498002706,-0.13469591779454576,-0.04129737394039256,0.3163315328083729,0.3902259297267899,0.5485681393059425,0.42133119571187383,0.7088581236009164,0.46338387736664516,-0.109575627259414,-0.05096962730612158,0.31498996106214733
ROI_2302,0.7912530287875581,0.82969788887915,0.7539376317973745,0.838758987872336,-0.46890861168538744,0.3954224000438524,0.7401049183540479,0.8561445902424722,0.3256259165863802,0.18300068331105865,0.7909071638186708,1.0,0.734807064753883,0.9212491822214557,0.4421290747675245,0.6491351545015288,0.8067998863220814,0.8300294595053782,0.8893913707166657,0.8706094976245506,0.4942902454481966,0.3460170017834842,0.7549077677112717,0.7765155020084047,0.1900859562725208,-0.1864954777257483,0.004655147774223193,0.6420899885502113,0.8725670277018274,0.7187612184771617,0.7720668264501501,0.8493780298212944,0.8143098012954307,0.862942824948118,0.6730875995691671,0.6276833140843333,0.5299598399526464,0.7026572040733402,0.5348469099394962,0.6991589685385903,0.47937466819537317,0.5349353828605068,0.6372737299569822,0.7948143144117729,0.7724188053566176,0.8312123480177077,0.6285440253586193,0.6922051117512361,0.715750452779552,0.7833709715209214,0.7162690452555012,0.7988052570149132,0.4602245429154615,0.6888895646086515,0.6855792370526032,0.8161098865075395,0.844827965442271,0.8846778990309392,0.7597785868694932,0.8528257927949761,0.7443374078089358,0.8410529770165426,0.8384121464663349,0.8989438317828409,0.6657740816305348,0.8229637963471123,0.7998360930913064,0.8263668778457806,0.8049670651249309,0.7371689070565104,0.33242256367834505,0.7486602096811837,0.7531704350822332,0.5292938306273981,0.5338834408804523,0.7281879132228846,0.6567928267492416,0.5917852863738133,0.4495870137216114,0.7197295132621125,0.5389004535293411,0.7889563399198997,0.24111996565453162,0.46513027486955005,0.7226920300688825,0.8702649760395472,0.559647017851453,0.6323990287934289,0.5604829503532159,0.8071536886247416,0.037572126232484175,-0.175061171934847,-0.45704444584991627,-0.347423002454054,0.36376451702048956,0.5216636621996311,0.8323599977890324,0.6773778145514213,0.6202028334486561,0.4194630840956373,0.3848688500015293,0.4010253029607689,-0.14038399184730266,-0.2715085907793249,0.13462979389511,0.13673497353166134,0.3639928428746937,0.6017830659547606,0.3256245437515767,0.5877013394782429,0.5120194650663913,0.5975430013666212,0.18670822290872272,0.0260523025378094,0.21551349008889917,0.3339155634801192
ROI_2311,0.6401687421666558,0.5025411700928157,0.7252892884771113,0.5982731482180761,0.00531165423735592,0.6690951682524185,0.7327088010214895,0.5548175171120072,0.6314134897370504,0.33341362291946375,0.8995892712269711,0.734807064753883,1.0,0.6154081884395155,0.8161434165166738,0.49255498497439615,0.6099987104889238,0.5973321076373028,0.7116775749156917,0.6548010795225213,0.6699479380511152,0.33879887521549684,0.7732186619808447,0.7471856222688542,0.6384181082765037,0.14910944714346094,0.5418471754992772,0.5714010760617748,0.7777401043008368,0.6122937426876152,0.68400026093348,0.6007785021670989,0.776846210170676,0.6664829111530948,0.5964647874355412,0.5757995090495,0.5656314431965013,0.6322555800476393,0.5952183978884262,0.4456844276030328,0.6472340929558913,0.4808879339626204,0.752900243735788,0.759732179693721,0.7778339398233133,0.600295145561021,0.7834133737381856,0.6047092244311868,0.7466554873134874,0.5276919812741185,0.7057644780984876,0.5185995613754598,0.7419658131813526,0.6790784004539172,0.7338761290102117,0.5432267479107301,0.654052804041878,0.5760413694065158,0.6597047733379965,0.5984948293422614,0.7517731191702954,0.603096438250208,0.8025523269722417,0.6214302617665212,0.7276696411225163,0.5402305503969769,0.6514121634489133,0.6796993983477699,0.6077333660787432,0.6634284386329886,0.7109856494484051,0.4511647088937981,0.5455449859460832,0.5434328649813366,0.565991271216285,0.579236822540218,0.46962592964025207,0.5490016201853762,0.4232398087421241,0.5141123729701766,0.6707193942182822,0.5773038455488811,0.1960176954370669,0.32108309604445007,0.8130802206324496,0.6151763199356817,0.28914962722590654,0.5446577241148607,0.7178721880147786,0.48345600274025713,-0.20547379075425554,0.04667306137076358,-0.42566877281021176,-0.38751178249978874,0.2595270424684595,0.5135974339820981,0.5852391256946566,0.6529532542421832,0.23266864945711402,0.6392998072757734,-0.14669225746470252,0.48651207984191064,-0.44281406694384196,-0.3994463487579822,-0.2793958361305804,-0.23236667143554926,-0.16838199177834878,0.26274340798837625,0.4018253648712741,0.6335186459200517,0.3986671719326182,0.7443365065293259,0.559108904687386,-0.18597509134986548,-0.12988771294631057,0.22336814882687508
ROI_2312,0.7809192173812451,0.8709462845024104,0.7555283565862824,0.872225892107989,-0.622735836150673,0.21449256372773193,0.7318655011816069,0.9022559575097933,0.18517996225433012,0.047070575303967854,0.6768788172145747,0.9212491822214558,0.6154081884395154,0.9999999999999999,0.2787294997356293,0.5799111879537779,0.7388620259904627,0.7824018629316805,0.8289307922943996,0.8195536610094901,0.3589099559776771,0.2945806220639978,0.7647440637663638,0.7744967662317254,0.046135865771270775,-0.2441774283401661,-0.16292285373234555,0.5596290047574523,0.7943694045343002,0.6336661253030397,0.7243411946145244,0.8725459796167067,0.751205472913007,0.8067420832452982,0.6595512178529147,0.5836096214384698,0.46330479437216987,0.6647588546928344,0.4695199860230808,0.7625899463796045,0.4027060859663314,0.47362099222137094,0.5184168205816896,0.7375918190015436,0.7431028188736638,0.8679564683664346,0.5164105468876129,0.6623681815019802,0.6826189978823081,0.8456735970667002,0.6877715644171926,0.8397709708117908,0.31103951720591827,0.6347553940680641,0.6428351535250443,0.8601485604358855,0.8220600390203926,0.8816064337607437,0.7543399653148674,0.8571051783634925,0.7275144090449108,0.865930668629351,0.7234403079550654,0.829998911553224,0.6603265558107912,0.895560500709599,0.8035069165401284,0.8276101800058995,0.8069027837676255,0.6763793448079792,0.2220500620916246,0.8146174354957051,0.7436386430721742,0.4889035141521371,0.49454627426981207,0.7312219647921634,0.6888995582323844,0.5760176758719481,0.3559247603973443,0.6502002897443865,0.3740104169763566,0.7442118972347094,0.1963991169197458,0.4593651890246293,0.5966940381921093,0.8339365071499659,0.6517268595402941,0.6539574867929241,0.5147059144288926,0.8558187740124158,0.042010975695119475,-0.3010500119372882,-0.4949874290063577,-0.3427452099741326,0.316931965944988,0.4653357889418704,0.8828985644664618,0.6484779948709064,0.638591657337762,0.2805440973323472,0.5565502043066162,0.41596279452459173,-0.062460003905699175,-0.2405514178796277,0.26143230817110863,0.2465898228244513,0.5364664566371439,0.71907853990496,0.28663358825217233,0.5418767393920861,0.48855875125452847,0.49792593187988254,0.04062312313645603,0.04474296086361169,0.28235875626018025,0.4140148221483451
ROI_2321,0.3724756096377184,0.21472887676141977,0.5015541487020198,0.319577833981454,0.33613361038399325,0.770530697413688,0.4546764199664435,0.23390232813454223,0.7476454224361601,0.48478014088914473,0.653708479844029,0.44212907476752455,0.8161434165166738,0.2787294997356293,1.0,0.5006338281343568,0.39732401010323026,0.36443298801380064,0.46248771256537596,0.45257010764595534,0.6251820583636813,0.4119841057190422,0.5376919799292122,0.5355766531294746,0.8099722385644902,0.34214474961251995,0.7769405248675492,0.5141298542234922,0.5519707568708777,0.5277740354314111,0.47982471079519223,0.3223298946568029,0.5611705025258754,0.4425591128342643,0.439361358524608,0.4627855476593292,0.6059632497064484,0.5344201860685167,0.5985467671866099,0.24458519457048977,0.6214507201425183,0.4740437560720152,0.6988433455200372,0.5953326399126434,0.5692430634394057,0.2944899638610894,0.740828784423036,0.5081665425272253,0.5601478075124211,0.2366888790047213,0.5242999666734115,0.25429675978806987,0.766972320919653,0.559245604968939,0.631152418947217,0.3172898205881619,0.3830713502537,0.2766519100183902,0.3986788675738591,0.2969257774330654,0.4805767283989148,0.29602495207356355,0.5994469099437548,0.35013130817987137,0.5511622244746479,0.24250870670107647,0.371119081792444,0.3920117990240845,0.3405168817362001,0.4899755796671738,0.6566248693839306,0.11458433312253775,0.28308688674754345,0.3663461408818066,0.3761064463466227,0.35823302784207334,0.21650259652174936,0.3445716602362287,0.45324399749568817,0.38721298136417204,0.7502815437166268,0.43861674733495537,0.34088429013280974,0.3321579778781531,0.7635573355742865,0.4427039610379702,0.12305008033851551,0.38819197831404023,0.6676918107513363,0.25504899727160957,-0.2603872011934499,0.2292520042035436,-0.28383671241098785,-0.30465771399742264,0.36073827026031335,0.5606176797818514,0.29221394658770217,0.523554706832773,0.04682025765957757,0.6586968318556196,-0.41362212169625256,0.4622240030826977,-0.4957517405837313,-0.36368131563021794,-0.4151908310277868,-0.32827933821493727,-0.4303080982187326,0.05818050713430434,0.26019088573765725,0.47061293817768923,0.31895813870440987,0.6305391723461196,0.6709530969895193,-0.23232677337094038,-0.2274689370032598,0.08454033256132346
ROI_2322,0.2731881944952017,0.3731560086372912,0.4042978272772146,0.4429715197605407,-0.11520762976435954,0.42289489032421285,0.3096835716012476,0.45218231110761153,0.19275442857143626,0.47143377456748475,0.4185010001759647,0.6491351545015288,0.49255498497439615,0.5799111879537779,0.5006338281343568,1.0,0.7371759110276338,0.6758917343822637,0.49033671172611626,0.4799913487698548,0.24125527627890564,0.24943502332178558,0.4793461965724398,0.5462576465547146,0.2936622984232692,0.17775705079086854,0.12098132719558483,0.2940451533187602,0.6796290164637647,0.7729899597792856,0.6970430553150617,0.5409900826680873,0.4235092747241518,0.4587619944348967,0.3913593139860836,0.33079834446575934,0.561439551840479,0.5729349207336796,0.363410053059071,0.31196370511593596,0.18099422921305958,0.546502202884377,0.47111131445633075,0.5342972960731688,0.35094234918019834,0.4062119092832065,0.3771689071673224,0.44080289267836015,0.25651962588796307,0.2971170648275841,0.25818373303050113,0.3823782393386801,0.20503668781687087,0.371814253374978,0.295258803062111,0.4575223849177847,0.343017091775358,0.46117454408917535,0.2371308065048753,0.3870518923699458,0.2303322313264728,0.3905514189470992,0.5738759226030957,0.5812374161741425,0.24623139792102539,0.41138807809929323,0.361587414099977,0.3301000902957554,0.32472657326236254,0.32939344393211484,0.01629027030677313,0.32054919322393166,0.3876203286063671,-0.0013627538862333332,0.004252419741153816,0.2367478594327,0.20417225188532712,0.09371654074798344,0.6556550711975252,0.7992827313810859,0.6466735987988388,0.7811003612751245,0.2999940334666712,0.34909764205262467,0.5481308608679677,0.7150668520867569,0.21037797946533146,0.16555860840732073,0.17274391917118354,0.5997495248026412,0.29641138912438614,0.15074838356511408,-0.03899876847727641,-0.0010453306070964813,0.4695749005928452,0.5851650842848735,0.40067814403873797,0.30112409046527217,0.5487464726962621,0.30215137845999845,0.3114833222587631,0.05456968078221326,0.12788957690174044,0.03711783989239488,0.263929677139185,0.22969604814001104,0.31196280789726405,0.46632482328094593,0.10526202574237156,0.34203784362346706,0.3703162723434149,0.3590713150687362,0.05309293631944178,0.21579075172732995,0.3358194186647813,0.042206990459416414
ROI_2331,0.47103120812264876,0.5846351327572212,0.5478503824927884,0.5746043149737284,-0.40917479746756535,0.20402210160834386,0.4724453419010604,0.5785531653172862,0.15117883813555552,0.04457743525786161,0.5736546340460463,0.8067998863220814,0.6099987104889238,0.7388620259904627,0.3973240101032303,0.7371759110276339,1.0,0.9494056575967101,0.6582352754014184,0.6397352355483807,0.48896224886147777,0.2929673924662681,0.5508405869923827,0.5309600574196723,0.19854120457682148,-0.059268841206580325,-0.011611942053008641,0.39979820452945064,0.9025737413935951,0.9303983584679207,0.8695682917197346,0.7308358536154674,0.6151547907468273,0.6250564859072189,0.5352962527166333,0.46169156672179695,0.6281638286717479,0.6922033568990074,0.5474121387036338,0.5051067744935289,0.32478219354400517,0.6049631793461686,0.447605262001914,0.6402118723144264,0.5838239476702013,0.7509219683256545,0.47349602501238947,0.5713393104269049,0.5298612836240749,0.6051990970713101,0.5749505753811641,0.6576974210126936,0.3426554688581486,0.537980750059842,0.49691792642597943,0.6317399091177518,0.5973027456423446,0.6604414546895108,0.49571433020150757,0.5880822456223992,0.4549358109330221,0.4968841296951754,0.766440559110123,0.691292847277461,0.5194896008446225,0.6260509519860482,0.5741656305444957,0.6077731364094534,0.5407124130591802,0.5501257982741017,0.08192465943395039,0.4460717001134702,0.5787373531386716,0.2009916101661854,0.2507367137156069,0.501416677608857,0.28445248170365367,0.16627509950383054,0.7504906353380402,0.8885853416491734,0.6804006531571162,0.8957016605013911,0.2319485510447324,0.4047588623219822,0.6803447916713318,0.7749321840095869,0.421463565468103,0.46874602131212983,0.37099293402514183,0.605505494370312,-0.013246372184076741,-0.2115540217108966,-0.34993064150088377,-0.269641711467828,0.4424896253307493,0.6468632395460207,0.6777085081467633,0.5018150277628745,0.4215904171953451,0.1884624472098969,0.34041646825125277,0.2573452785208018,-0.060533544452650634,-0.19322442287543787,0.13326999798393632,0.11060761598198912,0.3407429501884655,0.50666376128116,0.28979494241958775,0.5168138396471212,0.22409672774443537,0.4222461805454523,0.040266097329420734,0.0290930156742723,0.20160012110019343,0.11303985416393665
ROI_2332,0.5363378293243372,0.6621401468730975,0.578492080612319,0.6202865675981876,-0.4580522955520549,0.1965758776551312,0.5208189388823111,0.6261138014518306,0.19349715841620638,0.004815292791989683,0.5786387475867637,0.8300294595053782,0.5973321076373028,0.7824018629316806,0.3644329880138006,0.6758917343822638,0.9494056575967101,1.0,0.6968080773309422,0.6765888145799333,0.5008314763545891,0.2814408220231908,0.5785534413503445,0.5572391945628705,0.15349545856553698,-0.1615325490416821,-0.06710839573271014,0.4688341099833378,0.8910155512800677,0.8874376643967081,0.8537453008443467,0.7633554166136074,0.6446662623892717,0.6588473086657882,0.556393613511588,0.4728740715184779,0.5828822361513782,0.6851406074743841,0.5466417293174443,0.5539729996419619,0.353622829169785,0.566828438433043,0.4600572957916949,0.6753694376997172,0.6393501334520242,0.8231988238578117,0.49515765231420095,0.6021319267898794,0.60070918104561,0.6845191900082543,0.6304337463756994,0.7210590070338945,0.35011944860257754,0.5781172507586764,0.5383287384871754,0.673758870777202,0.6738211142786864,0.7308339381581314,0.5709516665843836,0.6450853657370783,0.5374480564774279,0.56096307400908,0.7748729531073933,0.722376482204347,0.5699789598748228,0.6828512591870116,0.6381982581270244,0.6678955595442669,0.609101250383347,0.596429369378166,0.1064590574911093,0.5051112241798841,0.5802057764982891,0.2359678070606411,0.32359161941939285,0.5695282319489543,0.344634753624487,0.23215140019916347,0.6923829425142066,0.8574468742290379,0.5996287103456297,0.8798868884421063,0.18479217210031845,0.39093621524226063,0.657824062760101,0.7780383102408204,0.45407936758898243,0.5249066515287687,0.4102431098015385,0.6416809244316443,-0.04466483167301018,-0.2661512369731746,-0.4072240144416405,-0.315698544585857,0.38474224607980817,0.5896305535464031,0.7350472706394471,0.536082946186407,0.4256673949506265,0.18879929933426953,0.36281825999646145,0.30063301864207026,-0.0910098996421556,-0.23444695534229312,0.12451232334541988,0.09401479884369532,0.3592094445199667,0.5142579940344012,0.3189231926057026,0.5582823515310001,0.2234812017992141,0.454187491156861,0.038093794423001995,-0.008414397911352102,0.17219759437508408,0.17841191823594504
ROI_2401,0.9109489752271563,0.9005409577095089,0.8579816752136554,0.8846445243624574,-0.4544673183863084,0.3846492271066938,0.8461459538441073,0.875458492696419,0.3891159669111356,0.07260297635880825,0.7736914161649108,0.8893913707166657,0.7116775749156917,0.8289307922943996,0.462487712565376,0.4903367117261162,0.6582352754014182,0.6968080773309421,1.0,0.9559737934855218,0.5348990516274663,0.46404320230186274,0.756889017058038,0.7522270389934019,0.23170116396072055,-0.2545446800366425,0.06585306400949563,0.7010237987243172,0.7878579433877753,0.5899782672749971,0.6671386195215366,0.8329727580341788,0.86500653872349,0.9176999223198055,0.7616708687358481,0.701118654292745,0.5539549371222408,0.7158216753980676,0.5701728310461199,0.7699458414238911,0.5840249272146424,0.5457873936105224,0.6935996837311871,0.7784841967363075,0.8170360902731972,0.8011756523474499,0.7211392396258958,0.777612082012068,0.7872517747850858,0.8399313232675114,0.8157985895028717,0.8307367150795989,0.594711848036813,0.7795156202783283,0.794299937442098,0.8690509241783293,0.9383095211799016,0.9133153339463361,0.8673617580354274,0.8964117670924849,0.8216661459269105,0.8399011281978923,0.7546692859379073,0.8146393976714947,0.7301842912439838,0.7823024603006442,0.8905462954975115,0.8715835938273268,0.9302840502889819,0.8693450384878516,0.4582163376690469,0.7691593181724294,0.7552366534713292,0.6404937988111359,0.6043297145620019,0.7576003186526762,0.7131618299325818,0.6691089757748271,0.3247247896287104,0.6072164080584984,0.5237217367834551,0.7110701025147819,0.34617334064319283,0.5764621133064322,0.7454945778183758,0.8369485042120001,0.638661690354836,0.7092161387127768,0.6609740133557117,0.7996387679321635,-0.06413150550110785,-0.21255579984353964,-0.5434679285521139,-0.44768117719886413,0.41043242701183646,0.5070405038299973,0.831131103748078,0.7268267439410473,0.5613099081683928,0.4511766313324081,0.2860009721189976,0.5121157077773952,-0.2601707513154808,-0.3738319812293566,0.03875055214060894,0.06903815886291305,0.26172376675685133,0.5475302467849134,0.2633788117049168,0.5550543383275167,0.5714777090569552,0.582908251475135,0.2413651133388264,-0.08052761955332635,0.11122371730992293,0.36409188464093545
ROI_2402,0.9069334733858279,0.9187578287587027,0.8007798810962985,0.8885433928098954,-0.5021494849060684,0.3361973063084337,0.7673073549946988,0.8675328225349164,0.3337726793571379,0.001998500193523133,0.7124562151503172,0.8706094976245506,0.6548010795225213,0.8195536610094901,0.45257010764595534,0.4799913487698548,0.6397352355483809,0.6765888145799333,0.9559737934855218,1.0,0.5185628410236295,0.5806586086385539,0.6696071296483338,0.6841409926194969,0.19847524448306253,-0.2699590993975083,0.048713660862286914,0.7145155879424337,0.7661566755998699,0.5978827426415257,0.5934982685567511,0.7978929612166594,0.8063265142969107,0.9194689662754275,0.7467037697006857,0.7560386284715934,0.6198796670091616,0.7419256836650614,0.6441200413407616,0.8156820628612391,0.6325868080812743,0.6359493618032203,0.6816228126618591,0.7852028537264104,0.8130667904498909,0.7906567148094449,0.7285442123570741,0.8371904241547252,0.7880668581342284,0.8429646875114928,0.8243426255551853,0.8500685060454484,0.6104848124606459,0.782788254310456,0.8303613487447646,0.8945281383594091,0.9322061071761444,0.9007513470292158,0.8550530708730426,0.8908220347470498,0.7643418706208902,0.8318499245965578,0.7297721543714457,0.7779084173832457,0.7115946012223583,0.7921031919137038,0.8374376577511786,0.8499660676632184,0.9272759104242392,0.8776013736906872,0.3595893192229426,0.6968411726738262,0.748642867810638,0.6356168914716754,0.562857169412618,0.7819980483584702,0.7025859248737997,0.6539009006558927,0.3846491727045368,0.6005606463106778,0.5679366955821891,0.7299270625900903,0.48384546289167085,0.6949315441238233,0.764957103591899,0.8579600370085123,0.7469648639818379,0.7884474305312074,0.7098404133695713,0.791015928249328,-0.13399879507006926,-0.2574392912156824,-0.5952621953870987,-0.4939848472129807,0.5381248282834089,0.5796189641786775,0.8374985867025045,0.7844835209828265,0.5675430923256543,0.44242430072135175,0.27761023787118183,0.5880533601272656,-0.3016446459748521,-0.4080094897598193,0.03296384042363337,0.09563285440176468,0.2561687701064195,0.580824762334325,0.21288665178363683,0.5421826110322016,0.5792412189771058,0.5179706890224309,0.2576937112172384,-0.11389652460545316,0.1277315356964298,0.3643227806468583
ROI_2501,0.43729714892127486,0.3621860317193008,0.5430922468805964,0.45107844636421224,-0.08016315976058179,0.4800027461819645,0.45348045213854005,0.3534471761540094,0.5254176496568368,-0.010129789550588563,0.6209948905572371,0.49429024544819655,0.6699479380511152,0.3589099559776771,0.6251820583636813,0.24125527627890564,0.4889622488614777,0.5008314763545891,0.5348990516274663,0.5185628410236295,0.9999999999999998,0.43432149088093136,0.4278974233274954,0.4629452376609369,0.4120758984932011,-0.15750413068888883,0.4991450292367571,0.7114105596142881,0.588119249123059,0.5541408489487656,0.5189339743732406,0.4482165070077051,0.6436484826156441,0.539076602739264,0.47175141946781557,0.5172753236556048,0.5555013146488272,0.5460252685077607,0.6586970352849829,0.3905772323567859,0.7001636035551242,0.5022569635041663,0.48832516182616403,0.5486271057722876,0.6374046174222442,0.5738222843326807,0.6662676959526146,0.5191159708665333,0.6700005880410945,0.46556439389674503,0.6879895557507841,0.46313612411842,0.7254795386560855,0.6090395468284258,0.6539205952659576,0.3880202530724495,0.5234550669714494,0.41087291984469265,0.5333298814020659,0.42751193777061325,0.5664910690610799,0.37862143723526714,0.6975516807198578,0.45172607433015255,0.6594687320163983,0.4084417370803434,0.4569922068194673,0.5867732313136574,0.4848519308024414,0.5885002868028264,0.542012311114076,0.19018445081012128,0.2719637813066855,0.3860573259502913,0.5199958104416313,0.5307309835958842,0.16795243477412555,0.2661459530178763,0.42521205025865255,0.36623450956103765,0.6268538712083254,0.4701867280372979,0.19911433055447703,0.3097394757142946,0.7368498695519862,0.47136003370389284,0.2656073087627787,0.6191410595464891,0.6688243066204298,0.25508105666561326,-0.5369713211269095,-0.2273375786717787,-0.5628695945978894,-0.5758877914566664,0.30264123382349956,0.5012478741628711,0.5027679552966503,0.5617462895692948,-0.07154864913056096,0.3944478188914272,-0.3665274302507237,0.5374879329526653,-0.6285609157475944,-0.5753706359037974,-0.5462790327069896,-0.49913654206689645,-0.3834351312039593,-0.038564812475897534,0.412662500908035,0.6091977520389278,0.07780286718750236,0.612107561413571,0.48916451093021635,-0.42910185439579335,-0.43303471395930176,0.0490798681668549
ROI_2502,0.46502865255370046,0.47964966757329863,0.42171451418134137,0.497306073047096,-0.27515881984547685,0.11128962515518978,0.3193728127390592,0.43411687273183946,0.26734763202271306,-0.1838052419354014,0.27912631803370336,0.34601700178348427,0.33879887521549684,0.2945806220639978,0.4119841057190422,0.24943502332178558,0.2929673924662681,0.28144082202319076,0.4640432023018627,0.5806586086385539,0.4343214908809314,1.0,0.2254787675583181,0.22052561423875675,0.23157229186229955,-0.261387965004963,0.2234210223663079,0.5328545063258038,0.3763486423240191,0.4054526723851741,0.2779927777553719,0.3832737345330762,0.3224013821368482,0.4812685618429817,0.5134496190723838,0.6635045859138203,0.7175778244892239,0.5793705119675292,0.6444110441273334,0.5556649134103299,0.6652666102229228,0.8005772614501193,0.5568277488940504,0.5133457749422654,0.48833290592172435,0.35320949587403105,0.6333087600440455,0.731681501165433,0.4704087878384076,0.40985652641771064,0.5392045150571394,0.4587968895431809,0.5531073902544941,0.5577048207145454,0.6599555997669958,0.5193561990087122,0.4615363948954242,0.38150040923205786,0.49339616327254204,0.4530309050140944,0.32079681173304825,0.3069213236084318,0.33730739242018687,0.2079995493432802,0.42838209549419265,0.36147839297335826,0.4124195696638455,0.4081312068518078,0.4932843543003403,0.5347465294156541,0.13279736019940225,0.15582198841139167,0.2804387709648886,0.2743462327335773,0.22584388557276294,0.4599230692995706,0.3036564566397346,0.21906259012594997,0.48610309615938874,0.4195475244573872,0.6661530714316994,0.5353092486160359,0.847926458120763,0.8205253687469318,0.604909875574975,0.5293823478400921,0.6710956334495775,0.6618510030729121,0.6122055940161705,0.3752887541828784,-0.3642701487612284,-0.23202912550281726,-0.5384110933752377,-0.5371698688877907,0.7395608127825053,0.652067464726268,0.38193005710266925,0.5381107309892106,0.19664068955574684,0.306363717635865,-0.10537884245224163,0.5896048797801591,-0.46692694708982085,-0.4847251567553986,-0.2340327602726419,-0.09778360105461055,-0.10372462492246845,0.2633965914341652,-0.04902108433654558,0.31796477187498745,0.39536105656905757,0.18284954140124765,0.25534356722705265,-0.31995241805101954,-0.11551391799609594,0.18042951986367967
ROI_2601,0.727557038193682,0.6716322192493932,0.8510093886593295,0.7962982336402549,-0.269255828666386,0.5029708783131657,0.8546326050674076,0.7726450506935236,0.43566912527359836,0.2409704514540553,0.7329231742060862,0.7549077677112717,0.7732186619808447,0.7647440637663637,0.5376919799292122,0.47934619657243976,0.5508405869923827,0.5785534413503445,0.756889017058038,0.6696071296483338,0.4278974233274954,0.2254787675583181,1.0,0.8782676576222793,0.47255340551748565,0.039940977021047805,0.22331371433954728,0.524046976604364,0.6882529476427187,0.48989186950477354,0.7349539585661387,0.7660022879655269,0.7809769081443135,0.7017433995541473,0.6871769247069336,0.5362965265669383,0.43820809423210655,0.6157237350960605,0.4581800019826372,0.6090998467438941,0.48283543402090784,0.3451606380316045,0.6782134388216694,0.7386807353839846,0.7723525192970071,0.675068499337782,0.6347845627801206,0.5823142035471963,0.6939508715674096,0.6694165091232351,0.6520515930553518,0.6352234661924134,0.47481956809516584,0.6521342452318616,0.6724467492589014,0.7072129821467752,0.6966022163082702,0.6969287330375605,0.7540033705346756,0.7645631816165129,0.8210717639152992,0.7668118160825077,0.6390133299496701,0.6444652875317595,0.7832624240434011,0.7643282043076929,0.8087552120678677,0.7783274119695442,0.699930346787851,0.6243272702523384,0.5881070269222716,0.7292663344399677,0.6357681508077568,0.5170049948439107,0.5836444674453457,0.6124459604240279,0.6607471926753776,0.6236926108158201,0.25094494855307986,0.5050589236284844,0.39394045325133337,0.5616033722568491,0.1120609124932627,0.3144440637526324,0.6142835459987276,0.6491747398616398,0.4176059172150821,0.5053978300269074,0.6157706903284179,0.7189629316284789,0.0167517056644658,-0.066957205379008,-0.410042364370316,-0.31015661831080116,0.18463038977725052,0.3880585545788504,0.701896415522388,0.5848102567925225,0.4409925240684122,0.46581330202756327,0.26781610736075534,0.4244331284999172,-0.20382568154322359,-0.2983790187097292,0.061384341235622135,0.050730306638607746,0.2420374671834923,0.5307230531426568,0.3449015415928439,0.54736322981288,0.5381497825053535,0.6802149648923969,0.300249536562352,-0.04050726663613905,0.1168681643266121,0.395027491150372
ROI_2602,0.710642357302579,0.6748168501912318,0.852091392848237,0.8063505821923926,-0.21455116285492992,0.5920309763564916,0.7740484149999455,0.7746437279932539,0.4747060187040749,0.39601537997731506,0.7344098891712503,0.7765155020084046,0.7471856222688542,0.7744967662317254,0.5355766531294746,0.5462576465547146,0.5309600574196724,0.5572391945628705,0.7522270389934019,0.6841409926194969,0.4629452376609369,0.22052561423875677,0.8782676576222793,1.0,0.3544476061650769,-0.023436479719659876,0.2630872374605302,0.6244068016369613,0.666391102853211,0.4711275368044299,0.6716491004909556,0.7489672272436427,0.7775845543824891,0.725071502550922,0.6211012233947001,0.5392399763035848,0.3910688208156739,0.5788186665731818,0.39861157770384986,0.5647347169330831,0.4835450024720961,0.3382672876928333,0.5975598852912336,0.6850554488138069,0.6849990446503414,0.6494459290074939,0.5775111635835388,0.5322721052436806,0.6363577040829411,0.6251935252156953,0.6109800667837969,0.5967694912487411,0.4531434466100232,0.5624066840296693,0.5985244738590316,0.6573372986019493,0.7132535050414275,0.7357904005345122,0.6676415935393565,0.7278511360518222,0.7368418163475298,0.7856791916298359,0.6897394555340395,0.7248441373617979,0.6790563846623683,0.7133863759133426,0.7264402058822662,0.7485039406032499,0.7048134381316288,0.638831152817817,0.5829953260168522,0.7208583967699207,0.6018878189224632,0.5212253095803763,0.5185507810500407,0.5916557572310911,0.6087640366734067,0.6174864646020878,0.23318438430188884,0.4891740900354183,0.3958115183485919,0.5621583017928374,0.09701148462129311,0.282744135928541,0.6373375047125296,0.6897400680681035,0.366571928722067,0.48864327998429735,0.5291799805094458,0.7012248783914145,0.08155570882254116,-0.02455691529287118,-0.32217661108242723,-0.23587700693672448,0.15961636417039043,0.35654053698897825,0.6824894371252693,0.5584055908029851,0.48632463595618497,0.45331062606666245,0.23379539886465836,0.314626184828598,-0.13560477685241057,-0.2049846177149903,0.0793964323360977,0.07754514692398937,0.21034441035154183,0.44993980101372577,0.34829658209300884,0.5406906389222746,0.5065351693825888,0.6334356003276702,0.2820465534793741,0.04294114457255951,0.12804504769600744,0.3163241965748766
ROI_2611,0.1939907686734117,0.0031029641603609855,0.3335911390117069,0.10339179277123445,0.46872306365877625,0.6314866188252335,0.32235081558277756,0.012979373600883089,0.5656960338352701,0.3818176907172128,0.4589790098177384,0.19008595627252084,0.6384181082765036,0.046135865771270775,0.8099722385644901,0.2936622984232692,0.19854120457682148,0.15349545856553695,0.23170116396072052,0.19847524448306253,0.4120758984932011,0.23157229186229955,0.47255340551748565,0.3544476061650769,1.0,0.6065333950315799,0.7804527971195712,0.21992954498483114,0.3205238717741423,0.3108191628827273,0.3518072435076692,0.1364514635764124,0.3523547756824161,0.19110311127089905,0.3383238584436375,0.2948033364158287,0.4226689747857133,0.35733944202558343,0.43365249075720236,0.045558619338543466,0.4531559407086859,0.27252025365258686,0.5738403400157784,0.39736632257237164,0.4160207759706254,0.07134687253979043,0.5849737716558361,0.31227557095608555,0.39840324118508813,0.03382637826075977,0.3275152700615799,0.052246150216468425,0.6269046023857694,0.40562336675835076,0.43732309985976386,0.11964888047983879,0.16690302960649991,0.04210468929509188,0.22717381716611945,0.12083884041402973,0.31655588917287614,0.08468002090376187,0.3458663286501157,0.0967190303959477,0.4500880464676199,0.08511494653034443,0.23130850998664193,0.21259299913470414,0.13226792988517927,0.27937791906018195,0.6199246172954844,-0.032932068226123545,0.16251556780931728,0.26861068428827123,0.25589074942306017,0.14174677269420738,0.0974276847144585,0.2117701284520559,0.31510813263519194,0.1768068019670475,0.5710490753947447,0.22572305114027985,0.22473490803642648,0.17403038027375023,0.5626622310651977,0.2109837894868404,-0.04823084984540656,0.1750905910808336,0.5074617446814967,0.05215771798168832,-0.22197393137305507,0.32532392908147845,-0.14053772376959486,-0.17176356368098686,0.20924150775337835,0.35371235870107076,0.06398800328381235,0.3457981886390438,-0.09832675325532568,0.579977856109641,-0.46292257003211873,0.3289941141634775,-0.43264960490971005,-0.2833148543084659,-0.41176272699390626,-0.3231350265348182,-0.4790731709471814,-0.0400011642434179,0.23756171398721834,0.3451643355718461,0.25224748777034633,0.52735300453578,0.6399643840945755,-0.19777041336214904,-0.2246502143959928,0.01999545193638668
ROI_2612,-0.2562669715067118,-0.40030743682593095,-0.15655541508213466,-0.3746035854329217,0.6714097369910929,0.34107610935759597,-0.13077207616986816,-0.40072188658633984,0.052163878991608424,0.4663136473031277,-0.004520607892838835,-0.1864954777257483,0.14910944714346094,-0.24417742834016612,0.34214474961252,0.17775705079086856,-0.059268841206580325,-0.1615325490416821,-0.2545446800366425,-0.2699590993975083,-0.15750413068888883,-0.261387965004963,0.039940977021047805,-0.023436479719659876,0.6065333950315799,1.0,0.47394033955727854,-0.3409662589698337,-0.05242683107483659,-0.0046049570478499955,-0.022819666967036644,-0.2881818312059658,-0.13333843032893838,-0.2764888921698726,-0.1874997759837252,-0.24232159529796046,-0.04029814209892175,-0.08149114828483149,-0.1672209965806442,-0.41796185050375395,-0.13691063551526167,-0.13824629066189675,-0.009207996147088025,-0.1418822254703727,-0.2131263130671329,-0.3926556921120267,-0.09155896537470569,-0.2736948846705792,-0.21266683343947695,-0.3943633454947575,-0.2557352295285077,-0.3638502710801974,0.032073729536916507,-0.21414913643608297,-0.1860550219277653,-0.2695119984854353,-0.30180892269303505,-0.2972703349636653,-0.34009809126224605,-0.34612435011833526,-0.22773457241284456,-0.303780330102134,-0.0895474948539067,-0.19688763644016757,-0.15546084655002887,-0.33941185601506335,-0.2697459268576512,-0.3174565395197902,-0.35357702662387297,-0.15820118115408713,0.17261855470053475,-0.3112109736221067,-0.09714626682366523,-0.0729420825723204,-0.23509873734016207,-0.3862758521946516,-0.2018254159130024,-0.1259511179321702,0.09798077752772934,-0.09015432622802648,0.12633808211436376,-0.11190675775338463,-0.12413038286264924,-0.22220739592200697,0.018858704635322444,-0.16123040333132424,-0.43604580546806404,-0.4158575387447078,-0.1080403325834797,-0.23540005169863745,0.2556471746872827,0.658593787766986,0.4923297952092707,0.4926472530889777,-0.08676168400511318,-0.06022547925367733,-0.3546689824913292,-0.11956248244597054,-0.0564924188696105,0.3160850441641145,-0.20268137233307573,-0.24250493536833093,0.2109835344525489,0.39377276171400355,0.06349733501157628,0.11594478690049541,-0.19650873087590906,-0.04403501758513644,0.04543300834047752,-0.06424488946233875,0.09712395153578257,0.0964440539492946,0.40634363853395794,0.3386787269146712,0.20037810364914993,-0.14175450518332125
ROI_2701,0.04185587025435077,-0.1759526821964635,0.20086488761125004,-0.04419128385393088,0.5986350752807416,0.6785579509154459,0.11646887567321838,-0.16675944007051333,0.5997261160858063,0.42344126236408336,0.37050093350890556,0.004655147774223193,0.5418471754992771,-0.16292285373234555,0.776940524867549,0.12098132719558481,-0.011611942053008641,-0.06710839573271014,0.06585306400949563,0.048713660862286914,0.499145029236757,0.2234210223663079,0.22331371433954728,0.2630872374605302,0.7804527971195712,0.4739403395572786,0.9999999999999999,0.27654896296209625,0.10540123476712472,0.11962610715315965,0.1043698166231736,-0.08635048504546375,0.2059909427363837,0.043356630773027885,0.1058439348619373,0.18127844907481339,0.27274482294938984,0.1458063093390825,0.3348525482737846,-0.13192985994726236,0.44165838066749685,0.19195368903578638,0.3825705282622271,0.1850226805178604,0.24843051401543867,-0.08037632636615387,0.46054729305087866,0.14005519684472917,0.29649850826085744,-0.12383235238225374,0.23335740012779943,-0.1109709049603548,0.6327403121542555,0.2592866435936161,0.32555893620105275,-0.10533943782978171,0.02436769669448839,-0.12740800638085253,0.059641128256566596,-0.07467960665116631,0.18050439022908277,-0.06595001153466318,0.27787574208510546,-0.029349251284717614,0.25957589192696817,-0.13693791721206003,-0.022925440849940398,0.0402615788868289,-0.011352020218106674,0.18348762765806287,0.6446543896707171,-0.2384601692124998,-0.09908264868515856,0.17511275835315177,0.1896320125580153,0.021839704620210933,-0.12151907513892099,0.08760429364575434,0.180885918739501,-0.03879923541903134,0.48204388756993705,0.002227482594978126,0.1406105958891119,0.04105788938253551,0.47113789737377654,0.029193424930066346,-0.20689457773287878,0.10043342337525071,0.4527816783125989,-0.14490056564176004,-0.33610659917218044,0.3202347671556628,-0.08684895773096062,-0.1720149366219012,0.11896938238010979,0.23581102179049154,-0.11368026774767716,0.22331854024233652,-0.30401793848263525,0.513012207248376,-0.7034329321029565,0.27851505876885757,-0.5105173348952322,-0.28695940035584855,-0.6006181154101591,-0.49692556004803445,-0.70989891918689,-0.32034380101914073,0.20183755678373705,0.2607232028096063,0.0460744684117562,0.45081883039014936,0.7173700106397229,-0.29473269431647664,-0.43492660534137356,-0.1394624144652082
ROI_2702,0.678678811641852,0.6431808435821567,0.6809741409514402,0.7116321456086605,-0.22852513303222893,0.5261666555302881,0.5964199858259182,0.633777564377948,0.5648349508314172,0.13263978066312546,0.6318362256626232,0.6420899885502113,0.5714010760617748,0.5596290047574523,0.5141298542234922,0.2940451533187602,0.39979820452945064,0.46883410998333785,0.7010237987243172,0.7145155879424337,0.7114105596142882,0.5328545063258038,0.524046976604364,0.6244068016369613,0.2199295449848311,-0.3409662589698337,0.27654896296209625,1.0,0.5412516227977114,0.42924010528093515,0.43122079466820007,0.5879185051335358,0.6703223269353089,0.6832201442792109,0.5465498462911026,0.6222839263229952,0.46625060131796825,0.5441385092234158,0.5718498868603806,0.5909244932430776,0.6299180419405312,0.45195660404988125,0.558747852014385,0.6497502452371606,0.6775238592230232,0.6380961189379588,0.654656544711683,0.629735354689523,0.6785233634301608,0.6335381912256268,0.7138101994541173,0.616362095048565,0.6344579897248517,0.621102945117763,0.6951958867660563,0.6011291608222641,0.7206816259509762,0.6671069993290814,0.6940381647564621,0.6588348603818516,0.6678663266409122,0.6351649086912416,0.6365158990917558,0.6087826952713595,0.6653267391121972,0.596157609697042,0.6401953472026797,0.7097995189394427,0.7115977952214445,0.7185311538060587,0.4769040356540864,0.4798789898410961,0.402615241646619,0.4853614929248202,0.5769007126903225,0.6576314959005481,0.4712322371547409,0.5216581698712328,0.23115343879849956,0.34385395439803823,0.46469106881017247,0.4843594482018553,0.3282098630286663,0.47180312057028295,0.6914447077375487,0.6417358690501263,0.4775449672266053,0.700057445387284,0.6599912395641969,0.5261430690181708,-0.2751351061348526,-0.16779380574094255,-0.5111678110069584,-0.4681588586368013,0.3461073092470704,0.41991203730119026,0.6255180041838004,0.6196024858861284,0.27181197116742445,0.4331495540995981,-0.050432552259450036,0.5328940596989394,-0.41105944614826007,-0.4286014998390732,-0.2226114070223696,-0.1638779805856085,-0.07825514818704533,0.22912558873847935,0.28511974907188953,0.5265788116489057,0.3787709579596943,0.5263060037703101,0.3885026091735017,-0.19679794653565044,-0.13512125015258478,0.24632117936846828
ROI_3001,0.6536384719747582,0.6733960124018047,0.6996312946595016,0.687605167413163,-0.33299761648443954,0.37314431982189566,0.6807212162937596,0.6831339532666941,0.3591938114272189,0.13991966967137245,0.7469183397174081,0.8725670277018275,0.777740104300837,0.7943694045343003,0.5519707568708777,0.6796290164637647,0.902573741393595,0.8910155512800677,0.7878579433877752,0.7661566755998699,0.588119249123059,0.3763486423240191,0.6882529476427188,0.666391102853211,0.3205238717741423,-0.05242683107483659,0.10540123476712472,0.5412516227977114,1.0,0.8771409018882907,0.8643267498217031,0.7946630459246957,0.774770287758071,0.7778299556321829,0.6620052862198729,0.5905863151310603,0.6688987731694506,0.7746998373363884,0.6039606431493798,0.5929720893692813,0.5165491785503397,0.6041899668761966,0.6041428953727787,0.7648008422858616,0.7226783491811479,0.7767236257622622,0.6252475721224305,0.6494595066354365,0.6726430954495844,0.6674231139600266,0.6922458089057495,0.6819842729409775,0.4989943646302131,0.6225870485567845,0.6537670726232775,0.715287867782172,0.73050958816587,0.7441498518194016,0.6729790002410688,0.7024725784733169,0.663018346183444,0.6436261674533568,0.838000613656255,0.7527348462657715,0.6603145094696891,0.6785159301304649,0.7259752196501698,0.7388473553221424,0.6699396714545839,0.691129099097026,0.3327440182484601,0.5791133994601835,0.7009329981509146,0.45399366779936673,0.46761624383920836,0.6603908414418962,0.49850269125489693,0.437533732610299,0.6509769216713029,0.8167119779397359,0.6949278395956864,0.848837273254539,0.257724797402125,0.44512957922526514,0.7710397094876518,0.7844156787114358,0.47582779896839794,0.5896048650484634,0.5457908896720088,0.6393995576783787,-0.0644898137279974,-0.15826147024752651,-0.42584926103685344,-0.33628195894932866,0.41485903140719055,0.6346337019890639,0.763432457810925,0.6542985523495386,0.45509712330026036,0.3819209765437957,0.24594835380310387,0.3728562440794207,-0.17892504194352207,-0.2660188170149943,0.04523285519083537,0.05514505842663635,0.23483354036418544,0.506314889897787,0.35303857370231156,0.6329801091497399,0.37260313840744563,0.5537031994545707,0.19487679124040527,-0.008162916279939666,0.14572826137631464,0.22276768420332288
ROI_3002,0.39926295682098456,0.48688553827442793,0.4975104953514251,0.5059003357938529,-0.27124470711509546,0.2678797377962584,0.41720890555989576,0.4832802511342806,0.2707768197678612,0.09626641749744487,0.5221910806641622,0.7187612184771617,0.6122937426876152,0.6336661253030397,0.5277740354314111,0.7729899597792855,0.9303983584679206,0.887437664396708,0.5899782672749971,0.5978827426415257,0.5541408489487656,0.40545267238517413,0.4898918695047735,0.47112753680443,0.3108191628827274,-0.0046049570478499955,0.11962610715315965,0.42924010528093515,0.8771409018882909,0.9999999999999999,0.8540227347285034,0.6620667768104482,0.5696886030934732,0.5701071578454165,0.5233878028404872,0.4632806096654195,0.7505180361626934,0.7561497408054688,0.6375216456428514,0.4604084288630248,0.3957125322937444,0.6878930907913875,0.48876818915295844,0.646987592375535,0.5622361703126676,0.6701107718869541,0.5415934285768804,0.5965980740198286,0.5113211705129795,0.5090479725002374,0.5607447984604247,0.5678154800664624,0.41298334697147165,0.5391589020288858,0.5217093824985023,0.5555230985199349,0.5138509762979803,0.54978760101362,0.45815943596158715,0.5035188738651138,0.40769655166799085,0.3978948023167622,0.7224528103824539,0.5809335172494163,0.5047267115109834,0.5328820318512595,0.49888910326575275,0.5336286624714472,0.4664720083564973,0.5411716238042013,0.10251001152693587,0.3120094436930559,0.481586015946023,0.1551115437278444,0.1848200878919536,0.4655783281346761,0.20296068372315917,0.08967180212290428,0.8552649395914192,0.8947609590148682,0.8121314452783932,0.9066791379905196,0.3580422689310804,0.4687683568012965,0.7302703489936843,0.7385204607778029,0.3867919880649859,0.4824327271588495,0.414339402425972,0.5034932028866708,-0.13034663313482026,-0.18590301597006714,-0.36797035451803833,-0.3230570369455859,0.550943351518942,0.7604888498073618,0.5970081458735987,0.49766240209550483,0.3138579209344509,0.2502053754372044,0.15885714564188166,0.31539787528877244,-0.17624909251141285,-0.261128220123769,-0.0194968319335801,-0.020856279922406483,0.16276537153639056,0.41366993145378816,0.27288486930959605,0.5325101591802017,0.20211813781002344,0.4203566041213025,0.12868808274049576,-0.05851908240712346,0.08530863698370336,0.040476094519548284
ROI_4001,0.488576694130019,0.5572219719219069,0.6783372062368367,0.6265763198959399,-0.32442262523340004,0.2993952754709657,0.6389886049825956,0.6320537416721097,0.3241290749989347,0.1176539203248189,0.5883229034748869,0.77206682645015,0.6840002609334801,0.7243411946145244,0.4798247107951922,0.6970430553150618,0.8695682917197346,0.8537453008443469,0.6671386195215366,0.5934982685567513,0.5189339743732406,0.2779927777553719,0.7349539585661387,0.6716491004909556,0.3518072435076692,-0.02281966696703664,0.1043698166231736,0.43122079466819996,0.8643267498217031,0.8540227347285034,1.0,0.8399128023551201,0.7113534612420724,0.6490516025824027,0.659124952982691,0.48255589726984066,0.6380149315219524,0.7542202737832303,0.5453755035229311,0.5337501836485271,0.39259400684597023,0.5558020944675847,0.5484974165866049,0.6831104657143642,0.6422819331999945,0.7348154167395938,0.5577742274271943,0.5632734106234201,0.56223543427202,0.5912239497007543,0.5943449446811891,0.5986704339008979,0.3704750693729835,0.5570548521154659,0.5435688434538181,0.620986888697202,0.5716583796396955,0.6193464058343352,0.5797462779904639,0.6265741801889495,0.5814661685661874,0.5298119109696363,0.700533054110061,0.6286471951383081,0.6417733872171286,0.6524648841390789,0.6867683271738223,0.6786360460684221,0.5449858537243664,0.5504408460547744,0.3102262730140909,0.5774384431601636,0.5929598839703358,0.27018850323137117,0.35880041726887096,0.5482905793803737,0.40375249261366786,0.27518229980847997,0.643096126355135,0.8340508166093261,0.628306841001552,0.8341917318486003,0.18007616325004686,0.348774429171235,0.6656976087942845,0.7086639100445784,0.3669619820813231,0.4501496823579207,0.4226142929758462,0.6119830222208205,-0.00671957024511832,-0.18987256056882126,-0.3736553556495265,-0.29904586362678587,0.3427067098108807,0.5752745354082646,0.6647741270358096,0.4650982917031858,0.3969938159889048,0.26834758939004705,0.28174282484558,0.2663259760797804,-0.11607872828924824,-0.23968983986386294,0.06165443266305802,0.025733320053119055,0.27536912171025585,0.4809918043420909,0.33374815073589054,0.5788488455608969,0.29550007338511436,0.5140641771215453,0.09317037610811489,-0.011369853203954514,0.12879812738058943,0.14865518610515702
ROI_4002,0.7339377969534172,0.8266792848205914,0.7848074361677136,0.8499939102224814,-0.5942224324146894,0.1913572221627586,0.7631109320290766,0.8839026505144826,0.264442291058233,-0.024585628224347407,0.6014280124490397,0.8493780298212944,0.600778502167099,0.8725459796167067,0.3223298946568029,0.5409900826680873,0.7308358536154674,0.7633554166136074,0.8329727580341788,0.7978929612166594,0.4482165070077051,0.3832737345330762,0.7660022879655269,0.7489672272436428,0.1364514635764124,-0.28818183120596585,-0.08635048504546376,0.5879185051335358,0.7946630459246957,0.6620667768104481,0.8399128023551201,1.0,0.7982957618370673,0.8524102509103801,0.7699169042947961,0.6560943142144601,0.5496801644599606,0.7468043293665698,0.5498761366818103,0.8012251241711473,0.44218990169462163,0.5219602972077279,0.5794487148573773,0.7224675998068972,0.7593603045526102,0.8377942176762777,0.6049936617214986,0.7102150929624385,0.6986826020055674,0.8164211449134926,0.7246658908556857,0.7989625380035602,0.38177321550622245,0.6791512369793973,0.6932056634987465,0.8458451417041221,0.7889550223031612,0.8174951664153575,0.7797374457849635,0.8461814965125128,0.7252826282064812,0.7876919211661692,0.6782950028880205,0.7435662561043653,0.7041493253648068,0.8438322760102392,0.8546886635720803,0.8511639124346011,0.78844563595026,0.6887718272745941,0.31088145036488074,0.8089370835625622,0.742348650661493,0.5028340313990486,0.5605069543057807,0.7748567619285562,0.7002319907809242,0.5610036005203594,0.3758960800150241,0.6935432829860685,0.44473626067587846,0.7599198671906133,0.28170441015544884,0.5307829475787882,0.6434868844320503,0.7974140762565698,0.6657471090827032,0.6740075614999268,0.5527014387174203,0.7952997184173801,-0.04774995630433256,-0.3905820010157461,-0.5794076340904382,-0.4578237404376541,0.3679283948915965,0.48498585896082935,0.8414764083368338,0.6154429723118995,0.5424924674545316,0.2365532816094977,0.44869532151992025,0.4586010743547403,-0.16970296774612334,-0.35417714259788635,0.1380948649724423,0.12814213240545033,0.43479870074781424,0.6524338201656557,0.22688842895709252,0.5482594549589792,0.4488871412704355,0.47407377897697245,0.01749262457867006,-0.0897899470311489,0.16419361880064265,0.3345789109891902
ROI_4011,0.7740585401924965,0.7301578129249501,0.8200820413815042,0.7646656034290444,-0.29921585960771163,0.4729366165475291,0.827625156795614,0.7562316790979824,0.5007395608563295,0.1329688900339618,0.7705553484287045,0.8143098012954306,0.7768462101706761,0.7512054729130069,0.5611705025258754,0.42350927472415173,0.6151547907468273,0.6446662623892717,0.86500653872349,0.8063265142969107,0.6436484826156441,0.32240138213684827,0.7809769081443136,0.7775845543824891,0.35235477568241613,-0.13333843032893836,0.2059909427363837,0.6703223269353089,0.7747702877580709,0.5696886030934732,0.7113534612420723,0.7982957618370674,1.0,0.9042459483582785,0.7659720705140807,0.6943118716945579,0.5165444313077507,0.6803814633797276,0.5478579770692842,0.6816143621595387,0.6180460228790268,0.45259468089307475,0.6559710894518588,0.7373135317500751,0.8084394860034451,0.7648606885755914,0.7156080602511046,0.6562583244535171,0.7745515321186516,0.7398391993036642,0.7823703052258664,0.7033477818129978,0.5981572909839142,0.719112489500582,0.7649979188445253,0.7386193437183155,0.825716202480797,0.7784139340058486,0.8114029822995056,0.7930948648564295,0.8566795617736257,0.7905503238982868,0.7675789674071235,0.770128123905938,0.8153059256085747,0.7462682415107116,0.8576283144898275,0.8918481775004713,0.7878744210771994,0.7726232849820609,0.5861848916359234,0.7017889505563579,0.7134824153963963,0.6778876155865173,0.6825205478480266,0.7372598133246535,0.6709026909361175,0.6754828891028312,0.2848576119517482,0.5342116537140477,0.505011898855193,0.6062341390555988,0.16698570372867036,0.3844791366320876,0.7514501681428398,0.7167655579625782,0.47016755682021133,0.6672653461530984,0.6771958339614278,0.6734922727428456,-0.16050329394035576,-0.19588558788410151,-0.5355589117376603,-0.4579492684603349,0.22240423986663707,0.4445262370768269,0.7728256685195724,0.6423053240399378,0.38857670009400264,0.4529699018907968,0.11498602605983038,0.4928650349925931,-0.3466968705252287,-0.4042351175228434,-0.12335879855696255,-0.12681246687917652,0.08894291530049493,0.39484200828443355,0.39260346649038425,0.5816601858847603,0.43154830931833826,0.646933582690512,0.3313561661026779,-0.15906101400973338,-0.05263204815767299,0.3112787299739862
ROI_4012,0.8454514965007652,0.8457504440740562,0.7933528276891108,0.8501774676393247,-0.4755146252537092,0.3383068348442348,0.7837123296773524,0.8572743719141912,0.3616281145899232,0.03112435208485034,0.7124647927636846,0.8629428249481179,0.6664829111530948,0.8067420832452982,0.4425591128342643,0.45876199443489674,0.6250564859072189,0.6588473086657882,0.9176999223198054,0.9194689662754275,0.5390766027392639,0.48126856184298167,0.7017433995541474,0.7250715025509221,0.19110311127089905,-0.27648889216987255,0.043356630773027885,0.683220144279211,0.7778299556321829,0.5701071578454165,0.6490516025824027,0.8524102509103803,0.9042459483582787,1.0,0.8169627575447963,0.8032816821970669,0.5634712095059394,0.726109526277021,0.59156070015924,0.8058625849464482,0.6230571043010023,0.565287218870803,0.6509117339569901,0.7398938758413014,0.8019525382487032,0.7739117324977479,0.6903119926553021,0.7484194627861162,0.7641401045179139,0.8038003219234449,0.7719440951295092,0.7819832468944067,0.5380819763488983,0.7248465842437439,0.7873290649502747,0.8592462091708648,0.8736081150252345,0.8478851018451113,0.8406144887917866,0.8693281680541338,0.802772105734295,0.8510360984646581,0.7520280959316173,0.8087267737190886,0.735418227792057,0.8015996303317781,0.8693755310928664,0.8943824511733589,0.8591735717809985,0.8011786526630185,0.407256970202036,0.7475596464763562,0.780664614637397,0.691270008619397,0.632339870507937,0.8119862715915382,0.7737736830830105,0.7249487313983779,0.3126438250750694,0.5853439169382355,0.5062718659133195,0.6804483914443968,0.3719822885367963,0.592496183860966,0.7447685679408099,0.8049886463854176,0.6845995331255711,0.7590698062370766,0.6707333435950689,0.7609702037418317,-0.11058424406076447,-0.26763295332290726,-0.5844288199759589,-0.48775680805680494,0.41619020810248625,0.5059225870433675,0.8255328907467453,0.7292092002630014,0.5444552878763069,0.4256995482700776,0.2676676944976262,0.5344077217029514,-0.2921975343748424,-0.39890044516579937,0.012898721978308885,0.04838595420676902,0.2459679690677269,0.542515462309425,0.24230237504961594,0.5441544732031687,0.5413203825616257,0.5301358043400496,0.21019737236455543,-0.12318336749094123,0.08517756811582437,0.36225988085597655
ROI_4021,0.6886002087377865,0.6950519068094821,0.7570280512196772,0.7524769265518179,-0.3988729750897921,0.261390088380212,0.7618978172612837,0.7374152872214541,0.3676223441448368,-0.0650831429422625,0.5414243845030319,0.6730875995691671,0.5964647874355411,0.6595512178529147,0.439361358524608,0.39135931398608365,0.5352962527166333,0.556393613511588,0.7616708687358481,0.7467037697006857,0.4717514194678156,0.5134496190723837,0.6871769247069335,0.6211012233947001,0.33832385844363755,-0.1874997759837252,0.1058439348619373,0.5465498462911026,0.6620052862198729,0.5233878028404872,0.659124952982691,0.7699169042947961,0.7659720705140807,0.8169627575447963,1.0,0.8402915121234187,0.6315054882437799,0.7165345802756237,0.6498544995815451,0.7350903759504364,0.6181324823591609,0.5681824595243152,0.6958463407811947,0.7226857598488341,0.7909580833064682,0.6840960340774513,0.7173010405632511,0.735312719147175,0.691154356276278,0.6960211243937625,0.7084115149719706,0.6634119955294163,0.5131239850474539,0.7056643972565099,0.7490176508653669,0.7553071877687434,0.6817322498700202,0.6402880797088231,0.7875115994768405,0.7498511333019644,0.7494086168255049,0.6942444807391134,0.5755904719060969,0.5589629006082507,0.7968483452978955,0.7377431874498048,0.850540123861106,0.8235866370119799,0.7136969597983513,0.6477674861217503,0.3797123873798895,0.6217837236530663,0.6295911333776358,0.5282431556116346,0.5364288751397835,0.6899931645482676,0.6786295473721673,0.5880789516377737,0.36782375935237316,0.5529526630469763,0.518437504260502,0.6582353204008782,0.44010053456889886,0.594941213475619,0.6849584752095328,0.6972357322324194,0.6398752465191889,0.6989925533533823,0.6494829934297792,0.6607485209021671,-0.173349031592918,-0.255794877778025,-0.5899031191485354,-0.5239554811031669,0.45848731763271755,0.5197934892972438,0.6958985848530105,0.662632490024203,0.41848153472380856,0.4237968064862901,0.17231786028070042,0.5527781890714495,-0.36924177911942013,-0.46991779565626646,-0.0672875213289454,-0.031794583849199906,0.14669401467253723,0.4593489952894372,0.21540436268580818,0.5321897073910953,0.5137138961685827,0.500835856684997,0.1848982367967912,-0.2242096583900126,0.007099659933853482,0.2973281643625316
ROI_4022,0.677501864022203,0.6689424496111189,0.6458202655511888,0.7070245661926123,-0.38142912477548757,0.2728137668535413,0.6123482922172747,0.6807660037731145,0.3399369060135527,-0.09638699935733143,0.5474339456494577,0.6276833140843333,0.5757995090495001,0.5836096214384698,0.4627855476593292,0.33079834446575934,0.46169156672179695,0.4728740715184779,0.701118654292745,0.7560386284715935,0.5172753236556048,0.6635045859138203,0.5362965265669383,0.5392399763035848,0.2948033364158287,-0.24232159529796046,0.18127844907481336,0.6222839263229952,0.5905863151310603,0.4632806096654195,0.4825558972698407,0.6560943142144601,0.6943118716945579,0.8032816821970669,0.8402915121234187,0.9999999999999999,0.6509489107181176,0.6829988408737544,0.6985743763651631,0.7453531443725562,0.7156740998454274,0.6629748251899529,0.68475203685072,0.6933921286432452,0.7489583261165254,0.615641002113142,0.7472942939155216,0.7795449098031381,0.6789838971532487,0.6456805731785615,0.7014757986054938,0.6338018016722328,0.590717421703951,0.7035312351844265,0.795730675948709,0.7293806883317744,0.6772855852507824,0.6107903163685634,0.7379922903186523,0.7026564200940224,0.6637439696936865,0.6619701143671075,0.5882518164085033,0.5306564354696455,0.7125199942351511,0.6657178766492875,0.7342970880981704,0.7732582047338468,0.7018705057694472,0.6471759497689964,0.33740150300199867,0.48028988186426913,0.5755617228683926,0.5565782488955409,0.5327996406451774,0.6969379107142673,0.6326647079821434,0.5845815839648535,0.3659146175578461,0.4784832378867576,0.5644837718885246,0.5995805248605061,0.5737908355707385,0.6951396874408885,0.7257090085924307,0.6877388776600368,0.7095855762291551,0.791573186285245,0.731581301252989,0.6007690933939706,-0.3010893233757961,-0.2901088082035419,-0.6565840961354396,-0.6064218152019493,0.5419197908632889,0.5439030303724701,0.641245701541918,0.6849680068904347,0.32164713815986845,0.4135019561426678,0.048676809667248355,0.6406396018143884,-0.4833885910846093,-0.5427549958456955,-0.18657921774531155,-0.09257684083026119,0.027665117879201926,0.39495545576915375,0.16376845095139872,0.503388472551563,0.4787969479156192,0.42707993652172443,0.22561486333143765,-0.3292132218821256,-0.09374841533522932,0.2861512233874978
ROI_4101,0.49980591754931575,0.5014511388716969,0.5567822443799432,0.5494092651454757,-0.23657150968873386,0.2550887797882179,0.48532835880434155,0.48475604217882684,0.342926729606786,-0.07304093392367494,0.40950363615304936,0.5299598399526464,0.5656314431965014,0.46330479437216987,0.6059632497064484,0.561439551840479,0.6281638286717478,0.5828822361513784,0.5539549371222408,0.6198796670091616,0.5555013146488272,0.7175778244892239,0.4382080942321066,0.3910688208156739,0.4226689747857133,-0.04029814209892175,0.27274482294938984,0.4662506013179683,0.6688987731694506,0.7505180361626934,0.6380149315219524,0.5496801644599606,0.5165444313077507,0.5634712095059394,0.6315054882437799,0.6509489107181176,1.0,0.8719416912804319,0.8195616911374908,0.6192530560374416,0.691146595875259,0.8693490345436585,0.6528988023584277,0.7035520546522356,0.6089754103252223,0.5391183227513139,0.7209333836379758,0.792251964071074,0.5378051671528492,0.4907004070976819,0.6422929916321202,0.5228468499158471,0.6168293592833679,0.6162276533868761,0.7105359617105875,0.5925963371351327,0.5017636222375994,0.4484719079098247,0.5731391638928378,0.5115288060891787,0.45758010167604035,0.3459408093321068,0.4853229898412892,0.2848312541662128,0.6076602116356106,0.47297307184940734,0.5360150097824707,0.5324069614232382,0.5212827958130588,0.6103152581235007,0.20530979277652278,0.25134338045424753,0.43668112885251864,0.2469008788144101,0.21590372466462604,0.49071729215800886,0.27436128535160337,0.16467776306803086,0.774124761057554,0.7060121168827126,0.8533064667757516,0.7858555032229521,0.7291056155394117,0.7530586612245388,0.7515003874904121,0.6507899239008437,0.5928732512965625,0.6044349989086545,0.6339168014337557,0.48883446476868253,-0.30300100316537715,-0.18833665896998156,-0.5015248608953543,-0.47896809003251123,0.7737291077453601,0.8506163606340347,0.5096733609438977,0.5964691740820601,0.24053801445402365,0.35352649096247213,-0.037183147057633925,0.5297060125881321,-0.3873721439156751,-0.4170220377638525,-0.16153252331434356,-0.0859080413518987,-0.02358588540150529,0.39184490579069614,0.04981992323371796,0.4517803397897097,0.344347778635694,0.33199649631109673,0.2596134401733336,-0.24002884617055267,-0.020928082624670174,0.061078908107403455
ROI_4102,0.6656886730431743,0.6722839663557301,0.7094973831479146,0.7093062991674022,-0.3371388789700815,0.27194391729287115,0.6872047968790377,0.6795310986253186,0.37482359923039915,-0.015850546735533242,0.5354162474615325,0.7026572040733402,0.6322555800476393,0.6647588546928345,0.5344201860685167,0.5729349207336795,0.6922033568990075,0.6851406074743842,0.7158216753980676,0.7419256836650614,0.5460252685077607,0.5793705119675292,0.6157237350960605,0.5788186665731818,0.35733944202558343,-0.08149114828483149,0.14580630933908253,0.5441385092234158,0.7746998373363885,0.7561497408054689,0.7542202737832302,0.7468043293665698,0.6803814633797276,0.726109526277021,0.7165345802756237,0.6829988408737544,0.8719416912804319,1.0,0.7482544899291703,0.7481264038588032,0.6576142285014878,0.7654729875810089,0.6664836977256299,0.7607877244098687,0.6952719407239736,0.6853651212337954,0.7229336157148383,0.7963072790721709,0.6257599348954219,0.663398095329844,0.7291602539087417,0.6626132483244602,0.5487203038511762,0.6460728222199955,0.7490658237457501,0.754299069647113,0.6781363058275021,0.6550385411625652,0.723437431028508,0.7036475593741834,0.6263213592935561,0.5598219175372414,0.5669365084490823,0.4656758444187999,0.7035770052133274,0.6454219327581013,0.7315304170332625,0.7119013504666902,0.6849751293708206,0.7313239242513946,0.3093465160683346,0.5277864672616043,0.6452853575229798,0.4460234164571162,0.36859726465265247,0.6565578588539468,0.5172115251932958,0.3822140800767633,0.644323942582366,0.7249535724039476,0.7224227574151396,0.8217887234937028,0.5835993774702385,0.7202170288061797,0.7662087425770634,0.7303634130370353,0.6581037440864881,0.678668464530735,0.640832428742363,0.6316773434222802,-0.18277841935236183,-0.2196043725903636,-0.5190983071302095,-0.439685207752116,0.6596547764540621,0.7532168492560971,0.6924983710141605,0.673337644485933,0.4105737475748529,0.40857694680502094,0.17066700199205487,0.5170475521423844,-0.2766080339439779,-0.3506381187205065,-0.01381579879673163,0.041873312325970885,0.1715366167695695,0.564387563399172,0.135059225009529,0.5481212027628934,0.482806532237467,0.4259364637506228,0.21498345442733494,-0.11696799254538198,0.1086952414517781,0.2144685166954406
ROI_4111,0.5415383569818453,0.5241968326286903,0.5590038286246715,0.5740669527008861,-0.3122870149108287,0.2397926394279994,0.4791962972031995,0.492715852338803,0.3741513929479467,-0.2079860815974864,0.47583814026891497,0.5348469099394962,0.5952183978884262,0.46951998602308087,0.5985467671866099,0.363410053059071,0.5474121387036337,0.5466417293174443,0.5701728310461199,0.6441200413407616,0.6586970352849829,0.6444110441273335,0.45818000198263714,0.39861157770384986,0.43365249075720236,-0.1672209965806442,0.33485254827378463,0.5718498868603806,0.6039606431493798,0.6375216456428514,0.5453755035229311,0.5498761366818103,0.5478579770692842,0.59156070015924,0.6498544995815451,0.6985743763651631,0.8195616911374908,0.7482544899291704,1.0,0.6447924139896972,0.7325474848288922,0.7409949621749915,0.6285804919899438,0.657023794897702,0.7388830630385225,0.6218231347212659,0.773030642283322,0.8030892516766798,0.7056304404015981,0.5827498693020668,0.7626376260048868,0.6086015372309065,0.7385174466034709,0.7660396783471326,0.8190632457600389,0.6108403305057898,0.5548285760807874,0.4296752088682262,0.6410608942416566,0.5432944637250426,0.5663349602419215,0.43252831405150505,0.5713194221937703,0.34596553938307356,0.7119294943910646,0.5475575023208468,0.5346840300647697,0.6171436454068085,0.5756570250789742,0.6117840193227687,0.3389339954423944,0.2453562251007647,0.40596211655439196,0.36480291681287413,0.4283911479710659,0.6343669706654006,0.3110697990177639,0.29438379993730235,0.5999954362769331,0.5261275022850475,0.7395699294278791,0.646307666488664,0.642146791603835,0.7376905295066591,0.7794909233629379,0.5985872421773109,0.6583919882818099,0.7947565010509545,0.8147378092614619,0.45537481293352905,-0.6001472532473853,-0.39203309197086755,-0.7540555517394165,-0.7338711017663763,0.7007769142508422,0.7879633675953452,0.5620192282143667,0.7379503563188485,0.02585011953852667,0.3174901754030459,-0.18278049227223825,0.7637976039703273,-0.6717763309689367,-0.6955178374440315,-0.4111746422169613,-0.2999506207920283,-0.1806533580114771,0.2716810508367649,0.08373422679256974,0.5644076177264332,0.21687926481520292,0.4503853089486068,0.35045097637512423,-0.5277036499700993,-0.28984686034797436,0.13877381127025862
ROI_4112,0.7937197722247581,0.8708875972009916,0.7249065243134166,0.8572666129265961,-0.6948786667157725,0.05268874583407573,0.7007583729033784,0.8588626068229573,0.18400277690791791,-0.259155160895488,0.4649039382340548,0.6991589685385902,0.4456844276030328,0.7625899463796045,0.24458519457048977,0.31196370511593596,0.5051067744935289,0.5539729996419619,0.7699458414238912,0.8156820628612392,0.3905772323567859,0.5556649134103299,0.6090998467438941,0.5647347169330831,0.045558619338543466,-0.41796185050375395,-0.13192985994726236,0.5909244932430776,0.5929720893692811,0.4604084288630248,0.5337501836485271,0.8012251241711473,0.6816143621595387,0.8058625849464482,0.7350903759504364,0.7453531443725562,0.6192530560374417,0.7481264038588034,0.6447924139896971,1.0,0.6045374219674747,0.5964407284415234,0.5559346281365026,0.6774102871571709,0.7583940143035949,0.7868968265354718,0.6293108169018373,0.8311078515225723,0.7134361198693742,0.8683084153471884,0.7868954825353415,0.846114777982714,0.44489209384031286,0.7383703207305672,0.8068673115915717,0.9175907597671309,0.7890164224133841,0.7638896371025942,0.8384972820887094,0.849672198883822,0.7032695936810016,0.7600128035188157,0.47767612924988134,0.5379738282032851,0.7268729413282161,0.8344000595225923,0.816305840330449,0.8345542062430515,0.8390447762826029,0.7135086645089566,0.21528653224014227,0.7073997196889505,0.6959345383660637,0.5653869765624591,0.5668604342662095,0.777738153133801,0.7092888791029847,0.5669710044925048,0.2891282748715399,0.5040023435030297,0.38458545144791895,0.6343512145876363,0.5179293938509099,0.7369772899082171,0.5910918300347192,0.7232279964884616,0.8912399657817535,0.8335133987061412,0.6990514208877415,0.7910819589161451,-0.25822383962601375,-0.5373116429350394,-0.7417416581738223,-0.6171504603077549,0.5214226149534931,0.5320296075122483,0.8189072567706056,0.6742424893473801,0.4331926171805892,0.1736591825475001,0.3884473814075518,0.6718011096183224,-0.3290797606137037,-0.5085306002115866,0.05653023170603203,0.10139722974317364,0.376360777626992,0.6601429328136968,0.10246723670435189,0.43271804184660423,0.4517265103838651,0.3191877900845625,0.004138566976967618,-0.2697201776004228,0.07398581978289555,0.41399092756796757
ROI_4201,0.6111685530486607,0.5026921731934507,0.6158182610324745,0.5613987580040799,-0.12423743780126538,0.45918992238535866,0.5796369623454871,0.4773600714366167,0.4850588370426307,-0.07055211901702052,0.5536818784853084,0.4793746681953732,0.6472340929558913,0.40270608596633134,0.6214507201425183,0.1809942292130596,0.3247821935440051,0.353622829169785,0.5840249272146423,0.6325868080812744,0.7001636035551241,0.6652666102229228,0.48283543402090784,0.48354500247209603,0.4531559407086859,-0.13691063551526167,0.44165838066749685,0.6299180419405311,0.5165491785503397,0.3957125322937444,0.3925940068459702,0.44218990169462163,0.6180460228790267,0.6230571043010023,0.6181324823591609,0.7156740998454274,0.6911465958752588,0.6576142285014878,0.7325474848288922,0.6045374219674747,1.0,0.6557978771193824,0.65836406857391,0.6623343225645819,0.695804110401976,0.5090533082077555,0.7714038638739611,0.699194041575011,0.683956290846919,0.5119011409974495,0.7287089540543937,0.48737388282316674,0.7607133080365484,0.6526774739519047,0.8085742062814967,0.5704653591830717,0.595203692091945,0.4593500096137727,0.6948942273837749,0.5497002560648813,0.6590510113596132,0.4662456482783201,0.521621850425651,0.3258381421911951,0.7164545154661459,0.458404304544308,0.5940273450860247,0.6392961469645511,0.60804821647701,0.6583641087038673,0.5644469673151422,0.3206310992795556,0.46371906236020893,0.5917628628427813,0.5368421212524669,0.6079779202533109,0.4477175234977787,0.5136396250731414,0.35786292272449705,0.3212080749115096,0.607293899573625,0.46179627352959335,0.5050109774432701,0.5737465396596966,0.7284302816290169,0.4820920961500572,0.5347493596065662,0.7217979155139531,0.8061759538153678,0.39904500566090195,-0.49186793101751564,-0.20172554712729082,-0.6191651413993953,-0.595543461205658,0.4875630570284502,0.5619073699752003,0.5237351360007015,0.6888139062107572,0.07044405463450776,0.4911775818703977,-0.2732171578024045,0.6500023763607786,-0.632246196234152,-0.5728149608851679,-0.42729643657256733,-0.3134924424274338,-0.2892775248439693,0.1628460583982991,0.27731106657132465,0.5861244175021271,0.3387196237758517,0.4867035861607584,0.48101416296675636,-0.42553090987843883,-0.29175351675612343,0.19523514641884057
ROI_4202,0.4779853220715841,0.5282964343295529,0.4741668360840882,0.5397176004524115,-0.33360407372037765,0.15480520588491037,0.3763866626606586,0.4952912874808757,0.19813120056525588,-0.12318097340886848,0.3634761681385929,0.5349353828605069,0.4808879339626204,0.47362099222137094,0.47404375607201527,0.546502202884377,0.6049631793461686,0.566828438433043,0.5457873936105224,0.6359493618032204,0.5022569635041663,0.8005772614501193,0.34516063803160457,0.33826728769283326,0.2725202536525869,-0.13824629066189675,0.19195368903578636,0.45195660404988125,0.6041899668761966,0.6878930907913875,0.5558020944675847,0.5219602972077279,0.45259468089307475,0.565287218870803,0.5681824595243152,0.6629748251899529,0.8693490345436585,0.7654729875810089,0.7409949621749915,0.5964407284415234,0.6557978771193825,1.0,0.5917270865156021,0.6320045905244042,0.5555578135146283,0.5250515371467744,0.6566707498162936,0.7838234640529124,0.5129582812337808,0.49493248087289005,0.5866130832245329,0.5580454349280413,0.5387577211218789,0.6080717834104693,0.6626228752538187,0.5934133394216005,0.5022155190239567,0.4650782602832696,0.5206903758527849,0.5206809658166796,0.3728306233893383,0.3683543630594333,0.4836393318969764,0.3357652652211187,0.4965917099812435,0.47586738950739416,0.4823375235882773,0.4941374230859091,0.516937010705249,0.5853857775315516,0.08306829913157536,0.23785350612830375,0.42981768291087835,0.2231043984488129,0.16354501861318385,0.48482327217539434,0.2773814394163155,0.13708209340409164,0.7410314261929544,0.7100437724519362,0.8121583415130798,0.7864026873204785,0.7512155359007345,0.7859054292754438,0.7088797897590622,0.6902583260025904,0.624503355850145,0.6087219444240516,0.5738619347266273,0.5249612906271709,-0.2713831806675223,-0.24020597023219076,-0.5065898957709714,-0.4853054461932142,0.785555180140257,0.7724219891314226,0.47694436832921994,0.54145471784551,0.2763980397098038,0.27171277547622646,0.025348066781281077,0.5010784889291395,-0.35681152462497884,-0.40871235124158484,-0.12699331317473742,-0.05953609811840116,0.039219514816984664,0.39152566400049404,0.039450231817497364,0.43656135149352826,0.32894828658680464,0.24950117604279548,0.18259200782797963,-0.2500634609714702,-0.00692395310455038,0.03365368931775006
ROI_5001,0.6502673856273197,0.5639359628616154,0.6249406606394711,0.6322307556458695,-0.08529404783552057,0.5575221136504898,0.6984186426897107,0.6152911866852864,0.5971389036603997,0.2555321334998283,0.6446139253885237,0.6372737299569821,0.752900243735788,0.5184168205816897,0.6988433455200372,0.47111131445633075,0.447605262001914,0.4600572957916949,0.693599683731187,0.6816228126618591,0.48832516182616403,0.5568277488940504,0.6782134388216694,0.5975598852912336,0.5738403400157784,-0.009207996147088024,0.3825705282622271,0.558747852014385,0.6041428953727787,0.4887681891529584,0.5484974165866049,0.5794487148573773,0.6559710894518589,0.6509117339569901,0.6958463407811946,0.68475203685072,0.6528988023584277,0.66648369772563,0.6285804919899438,0.5559346281365026,0.65836406857391,0.5917270865156021,1.0,0.886631889462778,0.7974296183661561,0.5122244160445448,0.9275404618844922,0.7995051840320573,0.6940039461036547,0.5259705843226725,0.6553257007447181,0.51852955930466,0.7080057914631785,0.7702814046535286,0.7888970322895882,0.607552636459587,0.6307327751273937,0.5590698170948327,0.7214167217256893,0.6685282177656641,0.7249914131091368,0.6213931084330464,0.5503403656478042,0.4801231368217936,0.6912074564564035,0.5620097028770935,0.7240150552506556,0.654137069684818,0.6435534658641362,0.6242322999967096,0.49834292549985776,0.44579621934057556,0.48357245108201025,0.473006283088832,0.5209287954663023,0.5933744208687929,0.5782994771188856,0.588406940746445,0.38447067065404494,0.5205392929568868,0.6526121151896598,0.5741279893253223,0.4944132213712988,0.5471125685439454,0.7072300908445066,0.6235320485061447,0.4500768036569062,0.5546650554526178,0.7204381462934359,0.5922754316036067,-0.10590344469367056,0.049444431561129785,-0.48481442484870485,-0.47714412130527867,0.4603828375512998,0.5797854553876983,0.5473465916118692,0.6529552104877988,0.4037446636289816,0.7121155777036032,-0.0921023497433247,0.5798123779475952,-0.47408780334030737,-0.49167145281684227,-0.22110527728448354,-0.1813545971606578,-0.1129117296557512,0.3537132995580931,0.17742603748250413,0.5067585499832362,0.6251918357938011,0.6841885174647644,0.4917737918157347,-0.2530742836730205,-0.07002056748844802,0.30983753291090926
ROI_5002,0.7556372240794593,0.732898085948424,0.7235707722547502,0.7731317340980847,-0.3094513614432999,0.46733972751491343,0.7563101963274875,0.7501591031365131,0.5029239807295514,0.14051657793816502,0.6960855746760547,0.794814314411773,0.759732179693721,0.7375918190015435,0.5953326399126434,0.5342972960731688,0.6402118723144264,0.6753694376997172,0.7784841967363075,0.7852028537264104,0.5486271057722876,0.5133457749422654,0.7386807353839846,0.6850554488138069,0.3973663225723717,-0.1418822254703727,0.18502268051786036,0.6497502452371606,0.7648008422858616,0.646987592375535,0.6831104657143641,0.7224675998068972,0.7373135317500751,0.7398938758413014,0.7226857598488341,0.6933921286432452,0.7035520546522357,0.7607877244098687,0.6570237948977021,0.6774102871571709,0.6623343225645819,0.6320045905244042,0.886631889462778,1.0,0.8675153868513141,0.744984752025736,0.8507379312446767,0.830231173904629,0.7600977598599211,0.7027672763836852,0.7533874469031197,0.6903553397146437,0.6269228213319588,0.7459013495378178,0.7942464444923419,0.7215984041291141,0.7625890037296625,0.7373538784161372,0.8117284738942929,0.7842940626489497,0.7973270609320624,0.7398090083726763,0.6586102054676605,0.6158523219466541,0.7842207659520577,0.7475232797862573,0.8057208751048281,0.7820920512298599,0.7519503103662257,0.7119518295683703,0.39763928771703255,0.5926161292303428,0.611850964114386,0.4885536871355535,0.5440801628601079,0.7080867298950662,0.6146643928020942,0.5889232077267278,0.49265385992172067,0.6465816337824756,0.6309032052666887,0.7142283506979944,0.4091597917887172,0.5391332047595357,0.7245597493893904,0.7418671119538566,0.5532681532601026,0.6520368714371039,0.7007645825591917,0.7054491407523773,-0.11653625473717791,-0.11441654160525357,-0.5365735034343824,-0.4749855533770174,0.4653476298262466,0.6250690770146375,0.7543754688471143,0.7192384821939726,0.5005170149864832,0.5959913990591836,0.12293349021363298,0.57232520449689,-0.3656092763892203,-0.4410946040548536,-0.07438475748371476,-0.07344564621795568,0.1016495913072846,0.49430038175281776,0.303975332625332,0.5998759891829062,0.5568196535656683,0.6643066395335168,0.37221385581021044,-0.15773279263183101,0.05819833840586661,0.29118129575257345
ROI_5011,0.7966109806222775,0.7673790845315723,0.7569750672737856,0.8026126675721221,-0.4215704610102712,0.3946993240134232,0.7823909471378574,0.7684171432613904,0.4877073192251181,-0.03909888723233217,0.7448881408287993,0.7724188053566174,0.7778339398233133,0.7431028188736639,0.5692430634394057,0.35094234918019834,0.5838239476702014,0.6393501334520241,0.8170360902731972,0.813066790449891,0.6374046174222442,0.4883329059217243,0.772352519297007,0.6849990446503416,0.4160207759706255,-0.2131263130671329,0.2484305140154387,0.6775238592230232,0.722678349181148,0.5622361703126676,0.6422819331999944,0.75936030455261,0.8084394860034451,0.8019525382487032,0.7909580833064682,0.7489583261165254,0.6089754103252222,0.6952719407239735,0.7388830630385225,0.7583940143035948,0.6958041104019761,0.5555578135146283,0.7974296183661561,0.8675153868513142,0.9999999999999999,0.8452569498788652,0.8669479460939898,0.8378986298571053,0.9450147411009622,0.8411021963550122,0.8963449569407684,0.819302467895041,0.7303763930964,0.8905049016253074,0.9007132692649912,0.782219584443237,0.8170065197464266,0.7192337545999384,0.8883034122055836,0.8342091653790099,0.8950175994666616,0.8058138854501703,0.7194029924810278,0.6438585236190648,0.8893611288097559,0.8371145798680627,0.8442792596998819,0.8908912895205342,0.8120069912123923,0.7491598105375543,0.5106469834311209,0.6092072200720766,0.6089601768119756,0.5938308325281649,0.7027879044912556,0.7995632349613978,0.6418405924886943,0.6503579912419475,0.36325934359881196,0.5136312594385849,0.5532849602474091,0.6167895330257371,0.3478695332669941,0.5417048399264078,0.7580432231527695,0.719001692663687,0.6407416405807643,0.8171520192516024,0.8559056712363526,0.6896547318628747,-0.38381788619705715,-0.3493278009018677,-0.7727041208135776,-0.703532327664039,0.39626578040341975,0.5668964110575986,0.8016429875486197,0.7772766796637791,0.30204109693878567,0.49734031223872255,0.041020840821301224,0.7656720608958529,-0.5943652087565138,-0.6780393384712794,-0.2689527558403863,-0.23707025891476702,0.015368423383000535,0.42494531205851455,0.36005299767488336,0.6557082490502072,0.42397852344939,0.7119324928120764,0.39623073760857036,-0.4126187325590275,-0.17858536098936179,0.3519307239959062
ROI_5012,0.7343961423024159,0.8385701760850395,0.7217859258961261,0.8156568395048651,-0.6580716686083445,0.1508097021318212,0.6895214566865041,0.807662590388327,0.25853356588603243,-0.1787576786166241,0.6365026215487855,0.8312123480177078,0.6002951455610211,0.8679564683664346,0.29448996386108933,0.4062119092832065,0.7509219683256545,0.8231988238578118,0.8011756523474499,0.7906567148094448,0.5738222843326807,0.35320949587403105,0.675068499337782,0.6494459290074939,0.07134687253979043,-0.3926556921120267,-0.08037632636615388,0.6380961189379588,0.7767236257622621,0.6701107718869542,0.7348154167395939,0.8377942176762777,0.7648606885755914,0.7739117324977478,0.6840960340774512,0.6156410021131419,0.5391183227513139,0.6853651212337956,0.6218231347212658,0.7868968265354718,0.5090533082077554,0.5250515371467743,0.5122244160445448,0.744984752025736,0.8452569498788652,1.0,0.6144654932238393,0.7413076271461746,0.8287107559084539,0.9360863961524486,0.856392108297553,0.9136066334059022,0.4797864527058613,0.7557556607561355,0.7405332365752106,0.8224050942951147,0.8298265667658213,0.8181658741102735,0.803985497282389,0.8299057906262669,0.7695906166439221,0.780126708138773,0.7277338995014185,0.7237966107432446,0.7869914679757966,0.8902653924710096,0.8090928289151319,0.8874946860195727,0.8143320457732396,0.7264429947020697,0.25506219576094374,0.6922370093452247,0.6416459104642878,0.4609950763381968,0.5730278048388217,0.7703455726314906,0.5375567979307057,0.46513952724008867,0.43686267769804615,0.6393848331295104,0.4404988810986782,0.7314532253268148,0.19734581142452678,0.4606089968947531,0.6507479413938638,0.7769667275123543,0.6575806394361468,0.7741701875526533,0.6313955186705473,0.7462904235590518,-0.27381160732901455,-0.5221038069177499,-0.7034035064570862,-0.5857999659584978,0.33307316374777013,0.514691386169284,0.8833631369067532,0.6434951620214336,0.36826192869505486,0.18135081686858084,0.33846877707338163,0.5620548538137284,-0.3238977536188898,-0.4929340365415311,-0.02400770269146328,-0.04073670902084742,0.3217724198029959,0.5246234055399752,0.3767118418464798,0.6122398228959122,0.249831300116248,0.5199407355210227,0.08608237436591079,-0.2350240339792047,-0.006212524644004403,0.2949168139383019
ROI_5021,0.6764139915157886,0.5957879226019995,0.661838315346056,0.6443710093414807,-0.1347799580111437,0.5149506155040594,0.6891481071928707,0.599223147594859,0.6380540394584783,0.10294079761196682,0.6700712689267269,0.6285440253586194,0.7834133737381856,0.516410546887613,0.740828784423036,0.3771689071673224,0.4734960250123894,0.495157652314201,0.7211392396258959,0.7285442123570741,0.6662676959526145,0.6333087600440455,0.6347845627801206,0.5775111635835388,0.5849737716558361,-0.0915589653747057,0.46054729305087866,0.654656544711683,0.6252475721224307,0.5415934285768803,0.5577742274271943,0.6049936617214986,0.7156080602511046,0.6903119926553021,0.7173010405632512,0.7472942939155216,0.7209333836379758,0.7229336157148383,0.773030642283322,0.6293108169018373,0.7714038638739611,0.6566707498162936,0.9275404618844922,0.8507379312446766,0.86694794609399,0.6144654932238393,1.0,0.8723165812021274,0.8220341038053566,0.6213746442960185,0.8123328912535658,0.6110496823149802,0.8458397328300187,0.8651476862000583,0.9048163518800937,0.6437789350260853,0.694231048609362,0.5672141364451015,0.7751124731430249,0.682616081976022,0.7623464291099538,0.6090991382417353,0.6281805857521834,0.47474100503816746,0.7814701465584349,0.5850246406170645,0.7244736986293251,0.7250577245725451,0.6994489309168063,0.7192799713350272,0.5672035607602512,0.3920760722576173,0.4781289363640124,0.5349717031719323,0.5937548446806283,0.6795776403182399,0.5274090608986287,0.5618039141521801,0.41856003607550907,0.4981295506406822,0.7234902095058315,0.5954300206371137,0.5336295640708175,0.6164603825567971,0.8110682285909074,0.6444829572834936,0.5239109934583468,0.724676840515516,0.8506954434742238,0.5351034241707731,-0.3839881973754624,-0.14501405063811793,-0.6695738539184088,-0.6625319589210356,0.5053104868023193,0.6517558319037727,0.6082846067754389,0.71949706540114,0.22580420528506476,0.6390079343219842,-0.22889928617441968,0.7305474950136649,-0.6709101815427367,-0.6674372825052235,-0.4253965542096434,-0.35258671922389584,-0.25039070625492893,0.2661870908055407,0.25194956814578795,0.6026750409281743,0.49137283243647195,0.6942335393261576,0.5370219029799789,-0.4449957321041241,-0.27159847440902024,0.2657471485658645
ROI_5022,0.753798095537589,0.7968222945301691,0.6862571061286065,0.7782322947129292,-0.47608886799631805,0.23471409426103795,0.6525248722092286,0.7479396772104089,0.3713746834194722,-0.12389381547075654,0.5390211090964147,0.692205111751236,0.6047092244311868,0.6623681815019802,0.5081665425272254,0.44080289267836015,0.5713393104269049,0.6021319267898794,0.777612082012068,0.8371904241547253,0.5191159708665333,0.7316815011654328,0.5823142035471963,0.5322721052436806,0.31227557095608555,-0.2736948846705792,0.14005519684472917,0.6297353546895229,0.6494595066354366,0.5965980740198285,0.5632734106234201,0.7102150929624385,0.6562583244535171,0.7484194627861163,0.735312719147175,0.7795449098031381,0.792251964071074,0.7963072790721709,0.8030892516766799,0.8311078515225723,0.6991940415750111,0.7838234640529124,0.7995051840320573,0.830231173904629,0.8378986298571053,0.7413076271461747,0.8723165812021275,1.0,0.7975154775939096,0.7927948642472887,0.8502014684235845,0.8114284430889563,0.7145844562327092,0.8772737804142654,0.9031025812416044,0.8274782412549995,0.7805704204564418,0.7067817097339136,0.8078855233911494,0.7863231627053549,0.6863538727099149,0.6698899551803352,0.5715275348570356,0.5065970429888246,0.7410573715132117,0.7230821468278271,0.7664446006583426,0.7614404540879864,0.8090641208704923,0.7728291720795658,0.28227210952989273,0.4982177561344572,0.5644098442424088,0.4702214444996894,0.4977109454347076,0.7324673331853802,0.5540649431883918,0.4713325959499739,0.514138313806103,0.6199264810500424,0.6817398078048292,0.7388349528941274,0.694444170439039,0.8239160067205121,0.7687571793410365,0.7916001028652737,0.7948147210923042,0.8205652237506926,0.797541686438459,0.7249868940803207,-0.32935327897879124,-0.3545120126551436,-0.7322305170838102,-0.6713691398005908,0.6948150882066844,0.7209976104757538,0.7234625435418021,0.7423439246036196,0.37444522252414036,0.3896784914585398,0.10300674332516065,0.728884148408742,-0.5051044220478014,-0.6065434942307169,-0.15463561188627903,-0.08435413888107521,0.0913960204776743,0.5181328515443272,0.11042102539834205,0.5225971932518892,0.48242461819213556,0.47338519736531154,0.27905811725824453,-0.364078501158292,-0.05066716048516653,0.2888580194879633
ROI_5101,0.7681447536801841,0.7356647356581929,0.7166921922016567,0.7317271604476026,-0.3803679305989191,0.3689938109770618,0.7126088006396838,0.6872380864918272,0.49115744511980186,-0.05505041978460523,0.7326387467991524,0.715750452779552,0.7466554873134874,0.6826189978823081,0.5601478075124211,0.25651962588796307,0.5298612836240749,0.60070918104561,0.7872517747850859,0.7880668581342283,0.6700005880410946,0.47040878783840756,0.6939508715674096,0.6363577040829411,0.39840324118508813,-0.21266683343947698,0.29649850826085744,0.6785233634301608,0.6726430954495843,0.5113211705129795,0.5622354342720199,0.6986826020055675,0.7745515321186516,0.7641401045179139,0.691154356276278,0.6789838971532488,0.5378051671528492,0.625759934895422,0.7056304404015982,0.713436119869374,0.683956290846919,0.5129582812337808,0.6940039461036547,0.760097759859921,0.9450147411009622,0.8287107559084539,0.8220341038053566,0.7975154775939096,1.0,0.8434185881280387,0.9281467840294599,0.8286537502930293,0.7600214322104479,0.8849498072907414,0.8834535536292235,0.7392326623353837,0.8164374186300557,0.69211822425218,0.839597335840637,0.7792202883036947,0.839426030869081,0.7515372809976139,0.7243472486515989,0.6268225502417192,0.848176098393205,0.7701276424835787,0.7720531107379139,0.8448297453295306,0.7935193432385892,0.7683419944742894,0.5368496682716988,0.5391624201308899,0.5670729393564287,0.6196092724169834,0.6975796563057013,0.7779803942532659,0.5613977240381913,0.6085900393105363,0.32360013681485145,0.4360993497324006,0.5295915577228218,0.5515163142323022,0.3070666613945622,0.5005882296988597,0.7662444878395835,0.6792136029542926,0.5956619021771025,0.8215186269149615,0.85034905643232,0.604673087621019,-0.47880172057752307,-0.3966051498773936,-0.7872398205469734,-0.7283501739544226,0.3332174534260344,0.5059580827331613,0.7527193620773682,0.73519151544146,0.18948283151114975,0.434252660226882,-0.05082008110215981,0.757158425861377,-0.6465934948409612,-0.7071522464952842,-0.36083146045632875,-0.3117223616597858,-0.07447179066622726,0.32999413624144364,0.3791848851033973,0.6278120643986874,0.3229689789037124,0.6647877383725971,0.4179162333892046,-0.4778647297418176,-0.27710956424244193,0.2770328564450119
ROI_5102,0.8290391550010322,0.9122270682261496,0.7489703039423227,0.8589340354312403,-0.6937507004987201,0.1006656223732936,0.737456300075275,0.8563751082925146,0.2272501176887883,-0.21731205277574764,0.5900361487511964,0.7833709715209214,0.5276919812741185,0.8456735970667001,0.23668887900472127,0.2971170648275841,0.6051990970713101,0.6845191900082543,0.8399313232675114,0.8429646875114928,0.46556439389674503,0.4098565264177106,0.6694165091232352,0.6251935252156953,0.03382637826075977,-0.3943633454947575,-0.12383235238225375,0.6335381912256268,0.6674231139600267,0.5090479725002374,0.5912239497007543,0.8164211449134925,0.739839199303664,0.8038003219234449,0.6960211243937625,0.6456805731785615,0.4907004070976819,0.663398095329844,0.5827498693020668,0.8683084153471884,0.5119011409974495,0.49493248087289005,0.5259705843226725,0.7027672763836853,0.8411021963550123,0.9360863961524486,0.6213746442960185,0.7927948642472887,0.8434185881280387,0.9999999999999999,0.8833480078506242,0.9645915045536304,0.49219220823064386,0.7876565466265856,0.7909030925839149,0.9018549804954101,0.8826848834086762,0.8575365333713895,0.8609803032193741,0.8906904301469384,0.7881966287228446,0.8253679931305539,0.6268882800753569,0.6826742145318659,0.7733387093712035,0.8919836135468083,0.853410087192374,0.8936614889292455,0.8926896911664511,0.7839698917750729,0.26336516548154926,0.7418044700748224,0.6726873962212168,0.5563521414334484,0.6132817483078762,0.7951943938096376,0.6526864472027653,0.5649156688230678,0.2909059363430118,0.5194359631366258,0.35236572367018854,0.6486008944003832,0.2994421811735623,0.5738426381797475,0.6135753335627465,0.7692409797665651,0.7729542825672127,0.8103497571890755,0.6755777274242283,0.793552376702454,-0.23764225448623724,-0.5019961077700439,-0.7169905865262105,-0.5799135824449463,0.3662409815850559,0.4597392432709274,0.8814304392025923,0.6818119763139837,0.4443774180016813,0.22125733763875946,0.39323544328283017,0.6217578779490125,-0.30895105778453436,-0.4809757933086891,0.04486636341109584,0.06435514480286136,0.3748113598856751,0.6119393376038398,0.2587480056185592,0.5186730169996214,0.38982720790813813,0.47406842589525433,0.11159419354530693,-0.21305635054482797,0.06256072317750266,0.41366782646641065
ROI_5201,0.8016148260347116,0.7856704099940028,0.7733553383566318,0.7663032396722843,-0.42813636446449405,0.30820959413626486,0.746897902655294,0.7121223749655162,0.45760337520053995,-0.14683867214388602,0.6847574369674936,0.7162690452555012,0.7057644780984876,0.6877715644171926,0.5242999666734116,0.25818373303050113,0.5749505753811641,0.6304337463756994,0.8157985895028717,0.8243426255551853,0.6879895557507841,0.5392045150571394,0.6520515930553517,0.6109800667837969,0.3275152700615799,-0.25573522952850763,0.2333574001277994,0.7138101994541173,0.6922458089057495,0.5607447984604246,0.5943449446811891,0.7246658908556857,0.7823703052258665,0.7719440951295092,0.7084115149719706,0.7014757986054939,0.6422929916321201,0.7291602539087418,0.7626376260048867,0.7868954825353414,0.7287089540543937,0.5866130832245329,0.6553257007447181,0.7533874469031195,0.8963449569407683,0.856392108297553,0.8123328912535658,0.8502014684235846,0.9281467840294599,0.8833480078506241,0.9999999999999999,0.8672541757223473,0.7879397914084277,0.8783626837565698,0.9187601681563453,0.8035903871678741,0.8558523714297345,0.741920540317839,0.8651787797782091,0.7900843499297536,0.8144169252335304,0.69596409352632,0.6887827383761248,0.5781327881144807,0.8635999306598655,0.7434633225712903,0.7997236875476342,0.8568908570396722,0.8491155632064753,0.8495922335867895,0.5021134843635077,0.5484715517851347,0.6041432995546109,0.6270224734180064,0.6767387458056646,0.7827880171172168,0.5390498422640944,0.5404651447795996,0.3905544378305518,0.47873993379487867,0.5721561929795128,0.6244135146233244,0.4007874425291839,0.6065629494990239,0.7935188278806212,0.7113877764820611,0.6843067680399553,0.8665277897894788,0.8595357655871578,0.6242754883180218,-0.48322056109785977,-0.42968536516753847,-0.7816251352258572,-0.7043547984713067,0.4376494583008725,0.5783649096175301,0.778163768831413,0.7524123508589187,0.19938276463706464,0.3784270629378568,0.0024981565836991585,0.7450620857213074,-0.5880860810493835,-0.6503026074478311,-0.2943781142587041,-0.22176467300925956,-0.015443950617243117,0.38526487341973004,0.30594335586184895,0.6111496174639113,0.32399388653053884,0.5799141288107459,0.38788997882900866,-0.4169793531969363,-0.21293533123173297,0.287102254265823
ROI_5202,0.7956608762640166,0.9027285303211059,0.7107562769575617,0.8409932817591422,-0.7092522110891285,0.08655199000061822,0.6595203943801348,0.830557715053036,0.1549010909031121,-0.21674940593403538,0.5795571449209909,0.7988052570149132,0.5185995613754599,0.8397709708117909,0.25429675978806987,0.38237823933868015,0.6576974210126937,0.7210590070338945,0.8307367150795989,0.8500685060454484,0.46313612411842003,0.4587968895431808,0.6352234661924134,0.5967694912487411,0.052246150216468425,-0.3638502710801974,-0.1109709049603548,0.616362095048565,0.6819842729409775,0.5678154800664624,0.5986704339008979,0.7989625380035603,0.7033477818129977,0.7819832468944068,0.6634119955294164,0.6338018016722329,0.5228468499158471,0.6626132483244601,0.6086015372309065,0.8461147779827141,0.48737388282316674,0.5580454349280413,0.51852955930466,0.6903553397146437,0.819302467895041,0.9136066334059022,0.6110496823149802,0.8114284430889563,0.8286537502930295,0.9645915045536304,0.8672541757223474,0.9999999999999999,0.5074891075479351,0.8156281083789739,0.7798001221349216,0.8968611020618554,0.8652424215844718,0.8521260852663005,0.8086683169032217,0.8708592914985211,0.7120883230438886,0.7899163132713579,0.6591407553754187,0.7118428154111451,0.720031506575179,0.8783098778725624,0.7996651215377937,0.8452464732697114,0.8637965448683532,0.7710211838418358,0.17924432088055542,0.6680223840936909,0.6461445397609674,0.48177737529171677,0.540525144547778,0.7462750688888893,0.5845052091094308,0.48367054595695025,0.3768345394683818,0.573297199765863,0.4239126902367875,0.7016376994306639,0.36591462018915316,0.6179856568120607,0.6528338223237815,0.8312603460419231,0.7770328689169418,0.7970123317956187,0.6669685930376552,0.8136281786456635,-0.2256487279021541,-0.4808622199094971,-0.6967624455668481,-0.5712859360734711,0.44192383158730586,0.5107989814335503,0.8462375041837247,0.6654369438840884,0.44952147706369466,0.20038610626848288,0.39804736570300486,0.6079396571214999,-0.29771853205845106,-0.47560819869861126,0.056112875826293866,0.07725375893912957,0.38330818850749127,0.6283713507829328,0.24417596070342515,0.5060617327664444,0.3918330336802586,0.4540840906208935,0.11892196578405821,-0.2127762098820847,0.0781054640370178,0.3502630433917332
ROI_5301,0.5687409883652563,0.43231209351106736,0.5618722431516806,0.4635884853348953,0.03807392158859617,0.5611172781597448,0.5267464841470052,0.3656581741669149,0.6101097934180657,0.0650293848464831,0.6430466996641478,0.4602245429154615,0.7419658131813526,0.31103951720591827,0.766972320919653,0.20503668781687087,0.3426554688581486,0.35011944860257754,0.594711848036813,0.6104848124606459,0.7254795386560855,0.5531073902544941,0.47481956809516584,0.45314344661002315,0.6269046023857694,0.03207372953691651,0.6327403121542555,0.6344579897248518,0.4989943646302132,0.4129833469714716,0.3704750693729835,0.38177321550622245,0.5981572909839142,0.5380819763488983,0.5131239850474539,0.590717421703951,0.6168293592833678,0.5487203038511762,0.7385174466034709,0.44489209384031286,0.7607133080365484,0.538757721121879,0.7080057914631784,0.6269228213319588,0.7303763930963999,0.4797864527058613,0.8458397328300187,0.7145844562327093,0.7600214322104479,0.49219220823064386,0.7879397914084276,0.507489107547935,1.0,0.7754572594373416,0.8184159425933842,0.4689589806001333,0.5931330999115123,0.4192870093913658,0.614354407740808,0.4823521049742027,0.6255374526207269,0.4165132233015058,0.5997804849409009,0.3639623810535991,0.6770039571587895,0.37338702518069006,0.5051904716498878,0.5659723529206503,0.5736236211432474,0.6877090175058411,0.6406513667466163,0.16425013585319617,0.31143340804577047,0.5048186254572914,0.5557740142568464,0.5246464933897844,0.2869238140729982,0.428977256169014,0.3560769609091093,0.29209538331576346,0.6808421561871247,0.4144309805255319,0.44594333254731083,0.5024657326665442,0.7893764801524669,0.5067118246893859,0.3748628441740384,0.6428328474420312,0.8460043260154482,0.3255851622236754,-0.5070493316680248,-0.06166250003865134,-0.5623747192391156,-0.570777164415457,0.44125511369184023,0.5634881303148295,0.42287947625279854,0.6695570441113686,-0.029576648434121604,0.5555152206592403,-0.4332347971128821,0.6795556029555683,-0.7008112550972228,-0.6021140929343466,-0.5348236106989076,-0.4157908577344189,-0.45002647369634485,0.05072409630843733,0.267022740864632,0.544082776927924,0.2654305746187594,0.6198215304252239,0.6915794599542615,-0.4555447191465962,-0.3705386410521536,0.14115888441733643
ROI_5302,0.7010671712823546,0.7160445987285129,0.6503646680516281,0.7160167738544723,-0.40944683305499624,0.3408255791801289,0.6531066485246787,0.6871161739248367,0.4307809597615116,-0.05648885764476596,0.6358386373487268,0.6888895646086515,0.6790784004539171,0.6347553940680641,0.559245604968939,0.371814253374978,0.537980750059842,0.5781172507586764,0.7795156202783284,0.782788254310456,0.6090395468284258,0.5577048207145454,0.6521342452318616,0.5624066840296693,0.4056233667583508,-0.21414913643608297,0.2592866435936161,0.621102945117763,0.6225870485567845,0.5391589020288858,0.557054852115466,0.6791512369793973,0.719112489500582,0.7248465842437439,0.7056643972565099,0.7035312351844265,0.6162276533868761,0.6460728222199955,0.7660396783471326,0.7383703207305671,0.6526774739519047,0.6080717834104693,0.7702814046535285,0.7459013495378178,0.8905049016253074,0.7557556607561356,0.8651476862000584,0.8772737804142654,0.8849498072907412,0.7876565466265856,0.8783626837565698,0.8156281083789739,0.7754572594373416,1.0,0.9007604241606031,0.7687920153011806,0.7640353952827651,0.6538727025659713,0.7873076401183591,0.7492506969549079,0.7516930108784581,0.6993500248382156,0.6530703658508236,0.5965617860685559,0.7689788745422256,0.727818745906104,0.7406058629886888,0.7765557235229585,0.780503518034032,0.7130085159778229,0.4318784090663698,0.48133463395352544,0.5124142598884021,0.5064035917797194,0.6186390831834153,0.7131509037385899,0.5121127353182816,0.5185244185575716,0.37890015192523685,0.5083569364256059,0.601113900313116,0.6108014485400134,0.4464372851160044,0.6064619308342705,0.7483867853261654,0.7318697897421454,0.6328438068047341,0.7888127733706866,0.8329156830959711,0.6897094803695933,-0.4334143947234936,-0.3801668654853889,-0.7914308198093892,-0.7568115047261768,0.4757890471763757,0.6065824044368191,0.6909583079179054,0.7087093182411491,0.21000476500911283,0.401866204116721,-0.03463340089618102,0.7701885950174449,-0.6542957281411586,-0.7438523287832571,-0.34591291135716207,-0.30770450012965356,-0.055669772226158105,0.3432689945856913,0.2614053518149663,0.5853308742502519,0.3627763082336357,0.636379323633902,0.3668012555572395,-0.5164125508655468,-0.27565477752305,0.2894064155158239
ROI_5401,0.79500846848417,0.7490271446448329,0.7450884368242537,0.7631497277077265,-0.3557656904626265,0.37691251460992115,0.7458176203137931,0.7136572869782037,0.4993572602329849,-0.09665715805394008,0.6736560983172267,0.685579237052603,0.7338761290102116,0.6428351535250443,0.631152418947217,0.29525880306211094,0.49691792642597943,0.5383287384871754,0.794299937442098,0.8303613487447646,0.6539205952659576,0.6599555997669958,0.6724467492589014,0.5985244738590317,0.4373230998597638,-0.18605502192776527,0.32555893620105275,0.6951958867660564,0.6537670726232774,0.5217093824985023,0.5435688434538181,0.6932056634987465,0.7649979188445253,0.7873290649502748,0.7490176508653669,0.795730675948709,0.7105359617105876,0.7490658237457501,0.8190632457600387,0.8068673115915718,0.8085742062814966,0.6626228752538187,0.7888970322895882,0.7942464444923419,0.9007132692649912,0.7405332365752108,0.9048163518800937,0.9031025812416044,0.8834535536292235,0.790903092583915,0.9187601681563452,0.7798001221349216,0.8184159425933842,0.9007604241606031,1.0,0.819203274611592,0.8076759029871344,0.685943145568013,0.8659559102337503,0.7791506993656552,0.8164032796679933,0.6969806743892799,0.6471172465936504,0.530590425002566,0.8521365823514839,0.7162719988714921,0.7921357399138294,0.8308098986322865,0.8227207344025224,0.8158741990315242,0.5334193211299916,0.5168248047915887,0.6026737078297533,0.6503399031376432,0.665372458740773,0.7931716433129198,0.6226201385185373,0.6201343121000092,0.3813663651061518,0.4646657272587215,0.6311514378178379,0.6098528752778263,0.5438565883815504,0.7163330630569348,0.8161727883438789,0.7007794989574444,0.7319815297628125,0.8778847068986634,0.9462466216080644,0.655576819854972,-0.45934333575329694,-0.3281543231440114,-0.7858131270567483,-0.7103148575490971,0.5411070084459517,0.6361816906619586,0.7390866111758968,0.8111693829147932,0.23840295036692763,0.49391533989565,-0.04055874125188431,0.8267887712687181,-0.6329862055479729,-0.6677433118718537,-0.30969002187326666,-0.20794869185123038,-0.057218170734300966,0.438265712240022,0.2178802824078914,0.6066810661041218,0.4666799307986292,0.6098004947102879,0.4570218044125916,-0.43735711430434165,-0.19083398245512495,0.3700114302054563
ROI_5402,0.8462125139142564,0.9187270064900193,0.7773197247409307,0.8879682277642861,-0.6345083685721685,0.17674755711371445,0.7615648270639636,0.893617525470621,0.18753612931422733,-0.11463128530566864,0.5790289840141023,0.8161098865075395,0.5432267479107301,0.8601485604358856,0.3172898205881619,0.4575223849177847,0.6317399091177518,0.673758870777202,0.8690509241783292,0.8945281383594091,0.38802025307244953,0.5193561990087122,0.7072129821467752,0.6573372986019493,0.11964888047983879,-0.2695119984854353,-0.10533943782978171,0.6011291608222641,0.7152878677821721,0.5555230985199349,0.6209868886972019,0.8458451417041221,0.7386193437183155,0.8592462091708648,0.7553071877687434,0.7293806883317745,0.5925963371351327,0.7542990696471131,0.6108403305057898,0.917590759767131,0.5704653591830717,0.5934133394216005,0.607552636459587,0.7215984041291142,0.782219584443237,0.8224050942951148,0.6437789350260853,0.8274782412549995,0.7392326623353837,0.9018549804954101,0.8035903871678742,0.8968611020618554,0.46895898060013325,0.7687920153011806,0.819203274611592,1.0,0.8680380614906762,0.873288607764317,0.843970716924968,0.8912240413759422,0.7392101257495199,0.8176376958770023,0.6138440849610382,0.6911007553685259,0.7200766986262013,0.8536738078014023,0.8719837075109264,0.8577665376405862,0.9014929911024778,0.7897015387290908,0.2520358258497647,0.7640016763391756,0.7671082809154466,0.5882331521143065,0.5479541490433801,0.7760425989072723,0.7536729482290346,0.6239500479412796,0.3446340603939078,0.6029162828318861,0.4425972026401238,0.7318460931653782,0.4569448542259979,0.713222106446478,0.6618368125926569,0.8306545990674409,0.8417023094238183,0.7904973739989257,0.6840080498035574,0.8799342079656695,-0.08987464437485386,-0.35078500296692156,-0.6228446690607278,-0.46915010971880744,0.5177416219203315,0.5387567446163957,0.8623904535162799,0.7379058585276358,0.5866538768018359,0.31223001158530966,0.47984556873047773,0.5903109035652608,-0.20155647716266703,-0.36791202723994343,0.1832681877503823,0.24381195198800343,0.46260076783484233,0.7516534797590011,0.15354642512194372,0.5195562675632958,0.5803642678903337,0.43982488898842625,0.1046194541051399,-0.08622268424192328,0.2284760130034946,0.4739305992419337
ROI_6001,0.9414065174299935,0.9439728865406176,0.8278694072615743,0.8755229280802994,-0.49757218068404435,0.3039755265519473,0.8058722421967313,0.859749804161639,0.35374776447061285,-0.027032563178080803,0.7353738431825536,0.844827965442271,0.654052804041878,0.8220600390203926,0.3830713502537,0.343017091775358,0.5973027456423446,0.6738211142786865,0.9383095211799017,0.9322061071761444,0.5234550669714494,0.4615363948954242,0.6966022163082702,0.7132535050414275,0.16690302960649994,-0.30180892269303505,0.02436769669448839,0.7206816259509761,0.7305095881658701,0.5138509762979803,0.5716583796396956,0.7889550223031611,0.8257162024807971,0.8736081150252346,0.6817322498700202,0.6772855852507824,0.5017636222375993,0.6781363058275021,0.5548285760807874,0.7890164224133841,0.5952036920919451,0.5022155190239567,0.6307327751273937,0.7625890037296625,0.8170065197464266,0.8298265667658213,0.694231048609362,0.7805704204564419,0.8164374186300556,0.8826848834086762,0.8558523714297345,0.865242421584472,0.5931330999115123,0.7640353952827651,0.8076759029871344,0.8680380614906761,1.0,0.9523176018882944,0.8866620588907078,0.899780486844488,0.8206136103058116,0.8332181334741107,0.6931492486076894,0.7613580923288663,0.7373652577009102,0.7904602721908425,0.8705712126392926,0.8766645960050721,0.9633570507190159,0.9076224096811392,0.4373042936500257,0.7440679028227227,0.7275528235266382,0.6714054107172994,0.625078451613215,0.7889461532504826,0.6975659216769885,0.6723512986453367,0.262337011210537,0.5155023133419647,0.4432900665573675,0.6446214853554407,0.3239673676933183,0.5763544364603659,0.7009746447436866,0.7853145478146607,0.6854491666894926,0.769368338921765,0.6893573068075025,0.7543440573329675,-0.15206813010971038,-0.2943224357890059,-0.5923747266332533,-0.4747569983255981,0.36544312940975027,0.45844953025166624,0.8483253026122464,0.7448282764446573,0.5002301877788429,0.39196388620659955,0.2790094436130735,0.5529817894121184,-0.2844457278401659,-0.39355739838554404,0.018108485089449053,0.06110570660949336,0.25985682306361924,0.545618480805909,0.27311990265213737,0.5306971770865347,0.5277555643068003,0.5312803593939288,0.25391348444949713,-0.10948785124603964,0.08618667901004262,0.3899847767462101
ROI_6002,0.888313703809845,0.9468261025595445,0.8004616258709196,0.8844068627769958,-0.5531996244926618,0.2682097530262074,0.7646996215034263,0.8918753088755688,0.23799157872397664,0.03405318746670751,0.6743926993652891,0.8846778990309392,0.5760413694065158,0.8816064337607437,0.2766519100183901,0.46117454408917535,0.6604414546895109,0.7308339381581314,0.9133153339463361,0.9007513470292158,0.41087291984469265,0.38150040923205786,0.6969287330375606,0.7357904005345122,0.04210468929509188,-0.2972703349636653,-0.12740800638085253,0.6671069993290814,0.7441498518194015,0.5497876010136201,0.6193464058343352,0.8174951664153575,0.7784139340058487,0.8478851018451112,0.640288079708823,0.6107903163685634,0.4484719079098248,0.6550385411625652,0.4296752088682262,0.7638896371025942,0.45935000961377276,0.4650782602832696,0.5590698170948327,0.7373538784161372,0.7192337545999384,0.8181658741102735,0.5672141364451015,0.7067817097339136,0.69211822425218,0.8575365333713895,0.741920540317839,0.8521260852663005,0.4192870093913658,0.6538727025659713,0.6859431455680131,0.873288607764317,0.9523176018882944,0.9999999999999998,0.8161259262421714,0.9056038257866266,0.7439887537686256,0.8439364622453254,0.6826019965861584,0.8207693089148353,0.6455174160720246,0.8085480629778408,0.8514081954523006,0.8374400849067393,0.9254844896135982,0.8409257666187421,0.2931111054740617,0.7879540391370028,0.7291123687173389,0.5628814863976392,0.5227259745929995,0.7128022260528388,0.6963015621861057,0.6209084095193743,0.28307794574826795,0.5916185805630658,0.38398812682841393,0.7065599976027584,0.26218780445546147,0.5244199994428632,0.6279316212168922,0.8322665790385866,0.653948289535917,0.6628088373647614,0.5323727922620608,0.8228511995476212,0.06955029359700146,-0.21958711894940267,-0.4422403970013066,-0.3014154146773659,0.335173638315231,0.41757951317281794,0.8603814571934558,0.662371197103364,0.6632533175803647,0.3411005195587231,0.4850055093162703,0.38811191940329043,-0.05327187864559899,-0.2019996634211297,0.24841799475347023,0.2599419247009914,0.4645769825871265,0.6559072309138904,0.2639305855500562,0.4851122195902594,0.5754666275513964,0.4758717238402995,0.12804953856525686,0.09726160763192775,0.29550618937424594,0.41084009607745386
ROI_6101,0.9118060277711237,0.8675840431017379,0.8209489042321912,0.8712220002696927,-0.48977347838977864,0.3009419120140709,0.8808721169950827,0.8507339030261791,0.4251246888976285,-0.11040164918022481,0.6654932167752483,0.7597785868694932,0.6597047733379965,0.7543399653148675,0.3986788675738591,0.2371308065048753,0.4957143302015075,0.5709516665843837,0.8673617580354274,0.8550530708730427,0.5333298814020658,0.49339616327254204,0.7540033705346755,0.6676415935393565,0.22717381716611948,-0.34009809126224605,0.0596411282565666,0.6940381647564622,0.6729790002410689,0.4581594359615872,0.5797462779904639,0.7797374457849635,0.8114029822995056,0.8406144887917865,0.7875115994768406,0.7379922903186523,0.5731391638928378,0.723437431028508,0.6410608942416566,0.8384972820887096,0.6948942273837749,0.520690375852785,0.7214167217256893,0.8117284738942929,0.8883034122055836,0.803985497282389,0.7751124731430249,0.8078855233911494,0.8395973358406369,0.8609803032193741,0.8651787797782091,0.8086683169032217,0.614354407740808,0.787307640118359,0.8659559102337503,0.8439707169249678,0.8866620588907078,0.8161259262421713,1.0,0.9288111385601958,0.9311007787022462,0.8315230078828232,0.581450254416826,0.5932127675264212,0.8530883351032403,0.8174189952899762,0.9344346487584037,0.9193851480596213,0.9089058043366804,0.8234218084630686,0.485494668553688,0.7439424150893729,0.7105958500229493,0.6746608813691719,0.6914853485683131,0.8208838988758811,0.7693154591589509,0.722950237074399,0.24005767347027104,0.46780950388688547,0.41761153334876433,0.5841663221324942,0.36693983247715584,0.5952588690330111,0.6700482412855367,0.6827020023535295,0.7233626412715599,0.8028957277394236,0.7784891417495996,0.7261745830436455,-0.26045939490323733,-0.360654968917305,-0.6957064596990955,-0.6035772066450794,0.3740878468607727,0.474005535595571,0.8189021127749992,0.7301012942470534,0.4071224164325432,0.4310871036942524,0.2001289540970413,0.65519147563104,-0.4252763463320462,-0.53291547820402,-0.09124258894804531,-0.04888724944747388,0.17595817211404705,0.5171790838333427,0.2492713224491498,0.5569454597486817,0.5248338204833443,0.5580085312615649,0.25642832975562124,-0.2678854967459262,-0.026969183311623738,0.4143635575379678
ROI_6102,0.8976133280920146,0.925192253175806,0.8042842243884931,0.9260049508021202,-0.5974247577975913,0.2576054576073396,0.8241452301808865,0.9339477502508209,0.2899362240136162,-0.04012508273192828,0.6561539261483691,0.8528257927949761,0.5984948293422614,0.8571051783634925,0.2969257774330655,0.3870518923699458,0.5880822456223993,0.6450853657370783,0.8964117670924849,0.8908220347470497,0.4275119377706132,0.4530309050140944,0.7645631816165128,0.7278511360518222,0.12083884041402973,-0.34612435011833526,-0.07467960665116632,0.6588348603818516,0.7024725784733169,0.503518873865114,0.6265741801889495,0.8461814965125128,0.7930948648564295,0.8693281680541338,0.7498511333019643,0.7026564200940224,0.5115288060891787,0.7036475593741836,0.5432944637250426,0.8496721988838218,0.5497002560648812,0.5206809658166797,0.6685282177656641,0.7842940626489497,0.8342091653790098,0.8299057906262669,0.682616081976022,0.7863231627053549,0.7792202883036947,0.8906904301469383,0.7900843499297536,0.8708592914985211,0.4823521049742028,0.7492506969549079,0.7791506993656551,0.8912240413759421,0.899780486844488,0.9056038257866265,0.9288111385601958,1.0,0.8521693689376638,0.9148891582256051,0.6358173759454575,0.7395604656130921,0.757034033199307,0.899362960279827,0.9191576943935764,0.9202192131253102,0.911909756161145,0.7915955809635323,0.33945216368368364,0.8090281724398856,0.7456752935609668,0.6103695449239664,0.6280657059012196,0.792620415263949,0.7888462762756548,0.7008410704734347,0.2635879479929467,0.5622333541981783,0.3959317778589927,0.666669803921182,0.35448110089147,0.5922222707503506,0.6444553506447842,0.8011706334478075,0.7415661524164902,0.7473856840871976,0.6563403164767074,0.833973291432233,-0.05339534957138265,-0.32410282580666355,-0.5988811729362501,-0.48566184200068446,0.38483039468350533,0.4739694465111898,0.863384218099678,0.6909663213820786,0.6050928479426742,0.37973647725641535,0.4083556359316288,0.5358527376872496,-0.23544047339478513,-0.3994019820635664,0.11652021547071392,0.13204751730120787,0.3836259540961462,0.6435454357182421,0.24064220888985388,0.5136713408037735,0.6028022645212436,0.5388667890938955,0.14508576403454462,-0.09981784999386621,0.16646081297370427,0.45014819735611866
ROI_6201,0.8415977417218754,0.7513671625339053,0.8008077235522322,0.8023792159149862,-0.3453729249458084,0.4492797566570065,0.8995039310803364,0.7855736048759775,0.5275154486970621,0.03458006719415563,0.7424757002624425,0.7443374078089358,0.7517731191702953,0.7275144090449108,0.48057672839891474,0.23033223132647276,0.45493581093302216,0.5374480564774279,0.8216661459269105,0.7643418706208902,0.5664910690610799,0.32079681173304825,0.8210717639152993,0.7368418163475298,0.3165558891728761,-0.2277345724128446,0.1805043902290828,0.6678663266409123,0.6630183461834441,0.40769655166799085,0.5814661685661874,0.7252826282064812,0.8566795617736257,0.802772105734295,0.7494086168255049,0.6637439696936865,0.4575801016760403,0.626321359293556,0.5663349602419215,0.7032695936810016,0.6590510113596132,0.3728306233893383,0.7249914131091368,0.7973270609320624,0.8950175994666616,0.7695906166439221,0.7623464291099538,0.6863538727099148,0.8394260308690811,0.7881966287228446,0.8144169252335304,0.7120883230438886,0.6255374526207269,0.7516930108784581,0.8164032796679933,0.7392101257495199,0.8206136103058116,0.7439887537686256,0.9311007787022463,0.8521693689376638,1.0,0.8495201821454217,0.643215349874766,0.6316595215179648,0.8773755577454765,0.7888082657284108,0.8915997675042129,0.9025693188630084,0.8197180828057286,0.7410388147237289,0.6223537348113769,0.7286382590589262,0.6356379814047763,0.6670536889591263,0.7540949592301612,0.7777014938754114,0.7508221764619847,0.7731873564735124,0.15230662803256445,0.38832484377218907,0.3533683614382301,0.4803389340074192,0.1476650599795436,0.38106748279235697,0.6392589939967692,0.599289387227896,0.5328973801650762,0.7123347278563983,0.7676867735149259,0.6722492063333323,-0.2300204782075836,-0.2369234957224679,-0.6233478838467699,-0.5413202276210113,0.1856537782494095,0.38383282321435197,0.7827893073499697,0.7062265394145524,0.3506915794147764,0.520335415660006,0.10682064574417019,0.6070125218453434,-0.4399223038460328,-0.5059629016430887,-0.15791061767481995,-0.14693943931153758,0.07317094477640629,0.40929983500389255,0.3674584437950283,0.6106673850806746,0.4693867578984573,0.7034005483699313,0.3705727877930408,-0.2556470437322131,-0.09407761593968898,0.4354414264561005
ROI_6202,0.8294911001649211,0.8497398213687364,0.7364409890853699,0.8897141230224848,-0.5380700914054557,0.3460578999886327,0.7820002580918116,0.9147807160831246,0.30729330005454214,0.11633735071117332,0.6852910587853442,0.8410529770165426,0.603096438250208,0.865930668629351,0.2960249520735635,0.3905514189470992,0.49688412969517537,0.56096307400908,0.8399011281978923,0.8318499245965577,0.37862143723526714,0.3069213236084318,0.7668118160825077,0.7856791916298359,0.08468002090376187,-0.30378033010213396,-0.06595001153466316,0.6351649086912416,0.6436261674533568,0.39789480231676216,0.5298119109696363,0.7876919211661692,0.7905503238982869,0.8510360984646582,0.6942444807391133,0.6619701143671076,0.3459408093321068,0.5598219175372414,0.4325283140515051,0.7600128035188157,0.4662456482783201,0.36835436305943337,0.6213931084330464,0.7398090083726763,0.8058138854501703,0.780126708138773,0.6090991382417352,0.6698899551803351,0.7515372809976139,0.825367993130554,0.6959640935263202,0.7899163132713579,0.4165132233015058,0.6993500248382156,0.6969806743892799,0.8176376958770023,0.8332181334741107,0.8439364622453254,0.8315230078828233,0.914889158225605,0.8495201821454217,1.0,0.6575804726627823,0.8079858954248608,0.7098151753889138,0.9060734785321524,0.8407319127999443,0.8808267659375011,0.8378714995532002,0.6647471890196411,0.36043909973670646,0.8093547888099845,0.6958389572242272,0.626279963246835,0.6571100010174793,0.7631447814351381,0.8080403443676184,0.7841117759560827,0.12008803191719014,0.44573662107274015,0.2645102777623792,0.5324862960342502,0.17616064952046456,0.4167603314402811,0.5539787664437428,0.7386235589954583,0.6252206069093305,0.6820390437763885,0.6066493129469407,0.8256041806777086,-0.006285235619515667,-0.261497494986691,-0.5479732726666411,-0.43809633387064517,0.2249053735554787,0.3505707284940673,0.8363394567036628,0.6646185428902887,0.6032281168812116,0.40756133888128776,0.39197912755033965,0.5091632998464962,-0.2263385683950973,-0.3762194621776357,0.10585888571460929,0.08916080733105479,0.35603079442958857,0.5688466446078075,0.30836824391307976,0.5221306459354237,0.5554908944312493,0.6002187851105729,0.17121725822417272,-0.0930690287292082,0.13630829914592513,0.4618763040290344
ROI_6211,0.5875481256703553,0.5808177416408078,0.6377606899053198,0.6282014591051731,-0.2541099017929478,0.4894594717020789,0.5516530934947433,0.5992127518439249,0.399639107822742,0.17917489880496465,0.8354569298324588,0.838412146466335,0.8025523269722415,0.7234403079550653,0.5994469099437547,0.5738759226030957,0.7664405591101229,0.7748729531073935,0.7546692859379074,0.7297721543714457,0.6975516807198578,0.3373073924201869,0.6390133299496701,0.6897394555340395,0.34586632865011574,-0.0895474948539067,0.27787574208510546,0.6365158990917558,0.8380006136562551,0.7224528103824539,0.700533054110061,0.6782950028880205,0.7675789674071235,0.7520280959316173,0.5755904719060969,0.5882518164085034,0.48532298984128913,0.5669365084490822,0.5713194221937703,0.47767612924988134,0.521621850425651,0.48363933189697633,0.5503403656478042,0.6586102054676605,0.7194029924810278,0.7277338995014185,0.6281805857521835,0.5715275348570354,0.7243472486515988,0.626888280075357,0.6887827383761247,0.6591407553754187,0.599780484940901,0.6530703658508236,0.6471172465936503,0.613844084961038,0.6931492486076894,0.6826019965861584,0.581450254416826,0.6358173759454576,0.6432153498747659,0.6575804726627823,1.0,0.8624938790226178,0.6253426406447613,0.6319192628639678,0.6004304633821101,0.7088929303443245,0.6204670915670696,0.6384355351193862,0.42668903332084923,0.4511723752764101,0.5335570188697965,0.44130037666484656,0.5414606710853952,0.6143208253190106,0.4122959699488079,0.4657039750674085,0.48711064487240435,0.6009844760974771,0.6346789611595146,0.6900692660170294,0.15476748801663553,0.3258354226535202,0.8134932243396474,0.7686985998693999,0.3609167043406751,0.6130290257542288,0.601902880274472,0.5473742467962741,-0.16328287747084294,-0.0976975204702188,-0.4531066850012067,-0.38768298640700793,0.2921904008632966,0.5358412236213029,0.7156169589987178,0.6697085274392474,0.34922903283639345,0.4610745593693911,0.04526246947459965,0.4240768031137807,-0.33519405251663514,-0.3629702476154354,-0.14699073970333948,-0.1117270431655949,0.021129728701840798,0.31296323374376894,0.4442816447721622,0.6580110503284516,0.32159823018768613,0.6997377276530443,0.3809348576641177,-0.1191380199238969,-0.0501921489899391,0.26038415658504727
ROI_6212,0.6540466063521153,0.7158228511020197,0.6277483208646351,0.7189491061304851,-0.4140304644084437,0.38766035813773997,0.5777367251890726,0.7463749270096344,0.24377447285426812,0.23334018659258787,0.747555822745779,0.8989438317828409,0.6214302617665212,0.829998911553224,0.35013130817987137,0.5812374161741425,0.691292847277461,0.722376482204347,0.8146393976714947,0.7779084173832457,0.45172607433015255,0.2079995493432802,0.6444652875317595,0.7248441373617979,0.0967190303959477,-0.19688763644016757,-0.029349251284717614,0.6087826952713596,0.7527348462657715,0.5809335172494162,0.6286471951383081,0.7435662561043654,0.770128123905938,0.8087267737190886,0.5589629006082507,0.5306564354696454,0.2848312541662128,0.4656758444187999,0.34596553938307356,0.5379738282032851,0.32583814219119517,0.3357652652211187,0.48012313682179364,0.6158523219466541,0.6438585236190648,0.7237966107432446,0.4747410050381675,0.5065970429888246,0.6268225502417193,0.6826742145318659,0.5781327881144807,0.7118428154111451,0.3639623810535991,0.5965617860685559,0.530590425002566,0.6911007553685259,0.7613580923288663,0.8207693089148355,0.5932127675264213,0.739560465613092,0.6316595215179648,0.8079858954248609,0.8624938790226178,0.9999999999999998,0.5142723947883598,0.7350360049895591,0.6697889892916087,0.7327745057880332,0.7022471725920499,0.6143489952288586,0.28952216397939523,0.6653339356256233,0.633834961082138,0.48219904602271646,0.5188934486748922,0.623948721454875,0.5801034501991851,0.591062569415402,0.27289073500878286,0.5710711218596244,0.39035030311086866,0.6342087011770801,0.055975743243017136,0.2662964060191238,0.6240271108559294,0.8121528847593417,0.3921483379950564,0.5203329592513651,0.41516514005705907,0.719750475040147,0.11748468324753183,-0.09625224336394703,-0.34303616392389896,-0.24792766390591095,0.1710527835778266,0.35609937867412655,0.7527556032017891,0.5625402683353347,0.6017270805387707,0.37459863914095265,0.3522270044421245,0.27654019697906745,-0.07773580711050401,-0.1946383532790692,0.13449832311396046,0.11101431039637179,0.31989517845544596,0.4551809698135059,0.3814665987873789,0.5226097940917145,0.4539868566290796,0.5987093471996843,0.17037523980242872,0.08172639960157368,0.17961773663244154,0.3420813525553388
ROI_6221,0.7428559732255677,0.6828764417919416,0.8120997483213052,0.759897649231708,-0.3439070274513574,0.37541142831010743,0.826400777911392,0.69942143987466,0.5249941216878854,-0.0815153196646997,0.660184665979217,0.6657740816305348,0.7276696411225163,0.6603265558107912,0.5511622244746479,0.24623139792102539,0.5194896008446225,0.5699789598748228,0.7301842912439838,0.7115946012223583,0.6594687320163983,0.42838209549419265,0.7832624240434011,0.6790563846623683,0.4500880464676199,-0.15546084655002887,0.2595758919269682,0.6653267391121972,0.6603145094696892,0.5047267115109835,0.6417733872171286,0.7041493253648068,0.8153059256085747,0.735418227792057,0.7968483452978954,0.7125199942351511,0.6076602116356105,0.7035770052133274,0.7119294943910646,0.7268729413282161,0.7164545154661459,0.49659170998124347,0.6912074564564035,0.7842207659520577,0.889361128809756,0.7869914679757966,0.7814701465584349,0.7410573715132117,0.8481760983932048,0.7733387093712035,0.8635999306598656,0.720031506575179,0.6770039571587895,0.7689788745422256,0.8521365823514839,0.7200766986262013,0.7373652577009101,0.6455174160720246,0.8530883351032404,0.757034033199307,0.8773755577454766,0.7098151753889138,0.6253426406447613,0.51427239478836,1.0,0.7905765273915459,0.8391399562435691,0.8812124148034637,0.7428381937305398,0.7178524660742369,0.5727370149501486,0.589132906793479,0.5940421324709538,0.5953926560572812,0.6848082698870134,0.7493577071689695,0.5824760189694588,0.5781356124716487,0.3418931114166659,0.4304663059603507,0.49725117796668267,0.5578776107369509,0.2859168297353194,0.4808637977654472,0.7420641688811919,0.6195310143529621,0.5807760615518024,0.775623594367904,0.8292990977888777,0.5975711314451546,-0.39854446716394154,-0.31785773155140756,-0.6988356830913071,-0.6242928151165337,0.32817005730159915,0.5123219217681239,0.745763779498768,0.7115234260905801,0.1956555428587624,0.43679412033021386,0.014130163730720261,0.6929213402493359,-0.5384605527918251,-0.5891234056383492,-0.2537530022067379,-0.2237525228536798,-0.012464031292355725,0.3817526167327242,0.36302865452125543,0.6039788528305492,0.36139577835784953,0.6263791636868835,0.3739522640792007,-0.3623823687099848,-0.1670471592871415,0.3371832917673787
ROI_6222,0.7688392511783552,0.8587187561317392,0.7290217968940681,0.894349692602413,-0.6923256481957533,0.1588436087101608,0.7245606189319235,0.9021777924184605,0.20079023330767592,-0.10110129992645026,0.5911615861734335,0.8229637963471124,0.5402305503969768,0.8955605007095989,0.24250870670107647,0.4113880780992932,0.6260509519860482,0.6828512591870116,0.7823024603006443,0.7921031919137038,0.4084417370803434,0.3614783929733583,0.764328204307693,0.7133863759133426,0.08511494653034443,-0.33941185601506335,-0.13693791721206003,0.596157609697042,0.6785159301304647,0.5328820318512595,0.6524648841390789,0.8438322760102392,0.7462682415107116,0.8015996303317781,0.7377431874498048,0.6657178766492875,0.4729730718494074,0.6454219327581013,0.5475575023208468,0.8344000595225924,0.458404304544308,0.47586738950739416,0.5620097028770935,0.7475232797862573,0.8371145798680627,0.8902653924710096,0.5850246406170645,0.723082146827827,0.7701276424835787,0.8919836135468082,0.7434633225712904,0.8783098778725623,0.37338702518069006,0.727818745906104,0.7162719988714921,0.8536738078014023,0.7904602721908425,0.8085480629778409,0.8174189952899762,0.8993629602798269,0.7888082657284109,0.9060734785321521,0.6319192628639678,0.7350360049895591,0.7905765273915459,0.9999999999999998,0.8401599657719896,0.9028486751376095,0.8000673568752856,0.6380192463717703,0.2135712432312069,0.7695393266154976,0.6743184005601166,0.49646875712968963,0.5873285088065915,0.7740433167421691,0.6972560608387153,0.5921449956601421,0.3073719587920861,0.5556899597308127,0.33161302811598853,0.6506299616207836,0.2475642306280748,0.4946094671179871,0.5807320034546912,0.7798392300231165,0.7202159112000877,0.7449373779552195,0.6246318042854645,0.8355121747397427,-0.1252470516808071,-0.4434148149147589,-0.6566403308876193,-0.5351862371959691,0.3319254438316121,0.462243117776941,0.8717426739376515,0.6518634825331115,0.517342396785795,0.24425291611941966,0.4631398391751097,0.5751665891886786,-0.2531744627105723,-0.4523405198168313,0.10893226705832858,0.07920218984351493,0.438029277283865,0.6446008262534489,0.29831581194897144,0.5127640991105024,0.4377496965693229,0.5211393232205778,0.05425234074969359,-0.17414555506490162,0.12191239064261895,0.42081097372060833
ROI_6301,0.8675562395498336,0.8638349754043327,0.8459790505958672,0.8724131397886002,-0.48582236970406634,0.30049582421491483,0.9137875221238866,0.8814278124287515,0.39036784240610006,-0.017533114572492955,0.6568288078332069,0.7998360930913064,0.6514121634489133,0.8035069165401285,0.371119081792444,0.361587414099977,0.5741656305444957,0.6381982581270244,0.8905462954975115,0.8374376577511787,0.45699220681946723,0.4124195696638455,0.8087552120678677,0.7264402058822663,0.23130850998664193,-0.2697459268576512,-0.022925440849940398,0.6401953472026797,0.7259752196501698,0.4988891032657528,0.6867683271738223,0.8546886635720803,0.8576283144898275,0.8693755310928662,0.8505401238611059,0.7342970880981703,0.5360150097824707,0.7315304170332625,0.5346840300647697,0.8163058403304491,0.5940273450860247,0.48233752358827725,0.7240150552506556,0.8057208751048283,0.8442792596998818,0.8090928289151319,0.7244736986293252,0.7664446006583427,0.7720531107379138,0.853410087192374,0.7997236875476342,0.7996651215377938,0.5051904716498878,0.7406058629886888,0.7921357399138294,0.8719837075109264,0.8705712126392926,0.8514081954523007,0.9344346487584037,0.9191576943935764,0.8915997675042128,0.8407319127999443,0.60043046338211,0.6697889892916086,0.8391399562435692,0.8401599657719895,0.9999999999999998,0.9363983323395131,0.8903876552646346,0.7899598723959812,0.44311064510735915,0.820740051997022,0.7598106926265384,0.6424621258035415,0.6492726242186808,0.7757624917806302,0.8043905441272955,0.7131399622139691,0.25214452713274677,0.5593546669491968,0.398830674044877,0.6519206831331102,0.29604387043777,0.5351821967116288,0.6506322037533391,0.7362251501111614,0.6618939515477555,0.7018288973184605,0.6580798694299705,0.7940459275189583,-0.051324524972998754,-0.260338809653125,-0.5717778747761095,-0.46043609889376963,0.31917855495066183,0.41332271100915324,0.8226361749331985,0.661159492559244,0.5366729777790672,0.4204875389020732,0.34642702543915815,0.5077417491658275,-0.24662029013260686,-0.38312007265201653,0.07467276790352073,0.08405095468381651,0.3182149796268949,0.5947941584985831,0.282291927874875,0.541769930371151,0.5865342547320671,0.5399622062099219,0.16764722018946848,-0.10590468296782922,0.12679544166775045,0.4234157409196454
ROI_6302,0.8400341741531435,0.8522288059399291,0.8228776626891668,0.8824643167115332,-0.5319790785981536,0.31442573034585214,0.8423204922536218,0.8707598120854456,0.39024891737688777,-0.07057429939613794,0.6997404886280458,0.8263668778457806,0.6796993983477698,0.8276101800058995,0.3920117990240845,0.33010009029575543,0.6077731364094534,0.6678955595442669,0.8715835938273268,0.8499660676632184,0.5867732313136573,0.4081312068518078,0.7783274119695442,0.7485039406032499,0.21259299913470417,-0.3174565395197902,0.0402615788868289,0.7097995189394427,0.7388473553221423,0.5336286624714472,0.6786360460684221,0.8511639124346011,0.8918481775004714,0.8943824511733589,0.8235866370119799,0.7732582047338469,0.5324069614232382,0.7119013504666902,0.6171436454068085,0.8345542062430515,0.6392961469645512,0.49413742308590913,0.654137069684818,0.7820920512298599,0.8908912895205342,0.8874946860195727,0.725057724572545,0.7614404540879864,0.8448297453295307,0.8936614889292454,0.856890857039672,0.8452464732697115,0.5659723529206502,0.7765557235229584,0.8308098986322864,0.8577665376405862,0.8766645960050721,0.8374400849067393,0.9193851480596213,0.9202192131253101,0.9025693188630085,0.8808267659375011,0.7088929303443244,0.7327745057880333,0.8812124148034637,0.9028486751376095,0.9363983323395132,0.9999999999999999,0.8736502419325326,0.7899119411750429,0.4575357822363083,0.7684890774781671,0.7302455708920937,0.6613834881442069,0.7089980756437123,0.8196653164548279,0.7384693553216992,0.7031615095108618,0.27756893868427296,0.5287915995509174,0.424190250212548,0.6407970459979463,0.2550057335751339,0.5083612083251823,0.711515203568233,0.7592497748517993,0.6742855846372449,0.8031621845287182,0.7360919172419403,0.7654013415820609,-0.2152365234414954,-0.37931557864756643,-0.6813682164960797,-0.5732934480632735,0.3091475381928813,0.457725742406713,0.8747603169127736,0.7114495029055973,0.4272735184698444,0.3692906415561307,0.26063655909149236,0.5999599946073659,-0.3731341826291043,-0.497740488411367,-0.057389320585938326,-0.04329428428643635,0.23356067639863248,0.5197587522535959,0.35798827432909053,0.6110964709546942,0.4559214007386745,0.5951576623355254,0.21143841963234683,-0.22910538408422707,-0.00928772805784189,0.39809882303928623
ROI_6401,0.9408609425938641,0.9475127742511491,0.8390917172441152,0.907820204568933,-0.5429843112198167,0.28253325130860724,0.8229116527040966,0.8891372546899414,0.32683971266248657,-0.06739787343633738,0.6716878345289842,0.8049670651249309,0.6077333660787432,0.8069027837676255,0.3405168817362001,0.3247265732623626,0.5407124130591802,0.609101250383347,0.930284050288982,0.9272759104242393,0.4848519308024414,0.4932843543003403,0.699930346787851,0.7048134381316288,0.13226792988517927,-0.35357702662387297,-0.011352020218106674,0.7115977952214445,0.6699396714545838,0.4664720083564973,0.5449858537243665,0.78844563595026,0.7878744210771994,0.8591735717809985,0.7136969597983513,0.7018705057694472,0.5212827958130588,0.6849751293708207,0.5756570250789742,0.8390447762826029,0.60804821647701,0.516937010705249,0.6435534658641362,0.7519503103662257,0.8120069912123922,0.8143320457732396,0.6994489309168063,0.8090641208704923,0.7935193432385892,0.8926896911664511,0.8491155632064754,0.8637965448683532,0.5736236211432473,0.780503518034032,0.8227207344025222,0.9014929911024777,0.9633570507190159,0.9254844896135982,0.9089058043366804,0.9119097561611449,0.8197180828057286,0.8378714995532003,0.6204670915670696,0.7022471725920498,0.7428381937305399,0.8000673568752856,0.8903876552646345,0.8736502419325326,0.9999999999999999,0.884954949434628,0.4159696497417019,0.7631924413429048,0.7141223816217837,0.6565189453884798,0.6037195350116856,0.7793919450462652,0.7251081971725611,0.6747851561778414,0.2365439983512187,0.4961675807102553,0.4141224985851144,0.6356688979881748,0.3757992595283559,0.6253101418383915,0.661112816692579,0.7716251917918906,0.7404211180015251,0.7870974045211871,0.6944823981364328,0.7927212696317781,-0.1580227857929649,-0.3357720403250502,-0.6250311166341893,-0.5110400683044847,0.40377612794719536,0.4578933654706191,0.8417693367772289,0.732746918279589,0.5026150002677926,0.3690599499498033,0.3082984649513616,0.5771056697858121,-0.29950680327032303,-0.4268452722709638,0.03204936125365404,0.08040162882448668,0.28552953406008397,0.5617199602521665,0.22082438277535402,0.5193129858093954,0.547759618186499,0.4984884704906788,0.20279911709785287,-0.13451809802854092,0.08345389189956355,0.4266789544625817
ROI_6402,0.8701855102332031,0.8273559259827248,0.8033051878897053,0.773329795714541,-0.3282602158615817,0.35765638843075714,0.7678165866576745,0.7241379542927581,0.40900427811464896,-0.018781878116225087,0.6869516920022186,0.7371689070565104,0.6634284386329886,0.6763793448079792,0.4899755796671738,0.3293934439321148,0.5501257982741017,0.596429369378166,0.8693450384878516,0.8776013736906872,0.5885002868028264,0.5347465294156541,0.6243272702523384,0.638831152817817,0.2793779190601819,-0.15820118115408713,0.18348762765806287,0.7185311538060587,0.6911290990970259,0.5411716238042013,0.5504408460547744,0.6887718272745941,0.7726232849820608,0.8011786526630184,0.6477674861217503,0.6471759497689964,0.6103152581235007,0.7313239242513946,0.6117840193227687,0.7135086645089566,0.6583641087038674,0.5853857775315516,0.6242322999967096,0.7119518295683704,0.7491598105375542,0.7264429947020697,0.7192799713350271,0.7728291720795658,0.7683419944742893,0.7839698917750728,0.8495922335867895,0.7710211838418358,0.6877090175058411,0.7130085159778229,0.8158741990315244,0.7897015387290909,0.907622409681139,0.8409257666187421,0.8234218084630687,0.7915955809635323,0.7410388147237289,0.6647471890196412,0.6384355351193862,0.6143489952288586,0.7178524660742369,0.6380192463717704,0.7899598723959812,0.7899119411750429,0.8849549494346282,1.0,0.47739822996485004,0.5847405643208443,0.6433053425619746,0.6171981043941207,0.5166473745245328,0.691113777228892,0.5857447722593799,0.5579671207329102,0.3686742400836011,0.5064707507113252,0.5697132447207728,0.6501176401538151,0.4407106411538038,0.6399305095834567,0.7694498972956503,0.7354200198755783,0.6236573752601537,0.7283841360271587,0.7134181353483342,0.628199412793503,-0.2033756254481713,-0.18232629535979586,-0.5177287572691364,-0.41908332200994447,0.47711609682920897,0.5206207380490792,0.71150228907761,0.7030282311580028,0.38979227538651107,0.4478058077876533,0.11899401916306024,0.5392273590663352,-0.3046011340851635,-0.3411361447580672,-0.05766826858853903,0.036161537683970076,0.11003406549116909,0.4819843981892424,0.22701314683190144,0.5113470273802063,0.5023876904286314,0.4626248482658117,0.3763446205988161,-0.0962699042970138,0.06740392338063045,0.2764993312599955
ROI_7001,0.4678883943180076,0.24578259564913166,0.5961128402910683,0.35308521283222954,0.27728635834903376,0.6806182236734112,0.613240395759777,0.28271068974951347,0.710893125067167,0.3403161939828425,0.6281131887649622,0.33242256367834505,0.7109856494484051,0.2220500620916246,0.6566248693839306,0.016290270306773134,0.0819246594339504,0.10645905749110929,0.45821633766904685,0.35958931922294257,0.542012311114076,0.13279736019940225,0.5881070269222716,0.5829953260168522,0.6199246172954843,0.17261855470053475,0.6446543896707171,0.4769040356540864,0.33274401824846017,0.10251001152693588,0.31022627301409084,0.3108814503648807,0.5861848916359232,0.407256970202036,0.3797123873798895,0.33740150300199867,0.20530979277652278,0.3093465160683346,0.33893399544239444,0.2152865322401423,0.5644469673151421,0.08306829913157536,0.4983429254998578,0.3976392877170325,0.510646983431121,0.2550621957609437,0.5672035607602514,0.2822721095298928,0.5368496682716989,0.26336516548154926,0.5021134843635077,0.17924432088055542,0.6406513667466164,0.4318784090663699,0.5334193211299915,0.2520358258497647,0.43730429365002577,0.2931111054740617,0.485494668553688,0.33945216368368364,0.6223537348113769,0.36043909973670646,0.42668903332084923,0.28952216397939523,0.5727370149501486,0.2135712432312069,0.4431106451073591,0.4575357822363083,0.4159696497417019,0.47739822996485004,1.0,0.3756461749806922,0.34015428779050716,0.6071468927489457,0.5882865645201096,0.4188199993855672,0.37371338242710295,0.5623185030566812,-0.07410610950001964,0.0077051832524760505,0.2898451550042726,0.07928185205223219,-0.028817329960533954,0.062416396318356764,0.5007701319981093,0.1748908290206443,0.03364105910461591,0.34193940264304173,0.588138324204064,0.15097475797053392,-0.2733248628406145,0.10994691190904683,-0.2839694776298127,-0.2799296054240644,-0.05871809630792371,0.11429210304800479,0.28827561992154777,0.4289861341673643,-0.07611566366063731,0.527054204551439,-0.38918346284525196,0.3680073934642505,-0.46626471758055776,-0.3357698544854117,-0.4336111133360639,-0.34885015749816783,-0.4162317017375634,-0.07827685184073131,0.3160800796559398,0.4614804108816935,0.254970566827079,0.5954994706610548,0.5933549570239347,-0.23794408223312136,-0.33568042874083864,0.18078005880962542
ROI_7002,0.7650053112060704,0.8019936744433303,0.7405236369518934,0.8071716723471535,-0.5338048631824924,0.18478798404911884,0.7978410641214796,0.8594788690251619,0.2500700637209536,0.07830904830736887,0.5472543691198254,0.7486602096811837,0.4511647088937981,0.8146174354957051,0.11458433312253775,0.3205491932239317,0.44607170011347025,0.5051112241798841,0.7691593181724296,0.6968411726738262,0.19018445081012125,0.15582198841139167,0.7292663344399677,0.7208583967699207,-0.032932068226123545,-0.31121097362210665,-0.2384601692124998,0.4798789898410961,0.5791133994601835,0.3120094436930559,0.5774384431601636,0.8089370835625622,0.701788950556358,0.7475596464763563,0.6217837236530662,0.480289881864269,0.25134338045424753,0.5277864672616043,0.24535622510076474,0.7073997196889505,0.3206310992795555,0.23785350612830378,0.44579621934057556,0.5926161292303427,0.6092072200720767,0.6922370093452247,0.3920760722576173,0.49821775613445723,0.5391624201308899,0.7418044700748225,0.5484715517851347,0.6680223840936907,0.16425013585319617,0.4813346339535254,0.5168248047915887,0.7640016763391757,0.7440679028227226,0.7879540391370029,0.743942415089373,0.8090281724398855,0.7286382590589262,0.8093547888099845,0.4511723752764101,0.6653339356256234,0.5891329067934791,0.7695393266154975,0.820740051997022,0.7684890774781671,0.7631924413429048,0.5847405643208443,0.37564617498069225,1.0,0.7707853861402937,0.607948641059689,0.5406561849666943,0.7062794154322242,0.8021961444767963,0.6953935021518337,0.012300761626582927,0.4203896403754976,0.08720729417577537,0.47179464466534843,0.05715149986177577,0.31631332898356546,0.3591706806604455,0.5919377643055065,0.5427052784152769,0.48847027512743363,0.374979166388719,0.7674148577996369,0.17641782867947836,-0.25371326812062905,-0.3775015310009491,-0.23250824866733907,0.09760369208026796,0.1683345964358395,0.7438886587851758,0.48213260535594943,0.6263482579324617,0.23482195517764384,0.5758060162224808,0.27176548868919553,0.04296435191921909,-0.13746532479999085,0.3204059288076664,0.28711192918717593,0.5499169886288245,0.6354155653195659,0.19152070593418044,0.3886653494057989,0.5174955769652126,0.384208157750313,-0.05680227383001521,0.11173199255293945,0.29732634343552367,0.4404493352440035
ROI_7011,0.738486476319923,0.7305805391286744,0.6703134129568077,0.6958499999631502,-0.40974955468638213,0.19653793096063096,0.7217893888564189,0.7287019349739967,0.20431323638939877,0.03949863726227063,0.5935226804602289,0.7531704350822332,0.5455449859460834,0.7436386430721743,0.28308688674754345,0.3876203286063671,0.5787373531386716,0.5802057764982891,0.7552366534713292,0.748642867810638,0.2719637813066855,0.2804387709648887,0.6357681508077568,0.6018878189224632,0.16251556780931728,-0.09714626682366524,-0.09908264868515856,0.40261524164661905,0.7009329981509146,0.481586015946023,0.5929598839703358,0.7423486506614929,0.7134824153963963,0.7806646146373971,0.6295911333776358,0.5755617228683926,0.4366811288525186,0.6452853575229798,0.40596211655439196,0.6959345383660636,0.46371906236020893,0.42981768291087835,0.4835724510820103,0.611850964114386,0.6089601768119757,0.6416459104642879,0.4781289363640124,0.5644098442424088,0.5670729393564287,0.6726873962212168,0.6041432995546108,0.6461445397609674,0.3114334080457704,0.5124142598884021,0.6026737078297533,0.7671082809154466,0.7275528235266382,0.7291123687173389,0.7105958500229494,0.7456752935609668,0.6356379814047762,0.6958389572242272,0.5335570188697965,0.6338349610821379,0.5940421324709538,0.6743184005601167,0.7598106926265386,0.7302455708920937,0.7141223816217837,0.6433053425619745,0.34015428779050716,0.7707853861402938,0.9999999999999998,0.7505282544366003,0.523775807952064,0.7147907206600184,0.7483289042532387,0.6548204365535326,0.24833141759822877,0.5314435470285234,0.3501605864207614,0.5819048764365273,0.2616672962447252,0.4585528201319646,0.5353035982884989,0.6301368263577244,0.5898158861877071,0.5412751516224323,0.48037697186705103,0.6660832693200373,0.04738397487166717,-0.20347274727840536,-0.3907820567514295,-0.263043366886681,0.28415075737562284,0.353765796373873,0.6836141103220278,0.5366146553016777,0.5299210242448489,0.2982484575579722,0.4209670733933824,0.3476762373603985,-0.05167815756653429,-0.1638310807088661,0.21312234264647587,0.24057454563301814,0.40739661769844604,0.6238918821535664,0.16251180355377476,0.3903172158367423,0.508027762108316,0.3236776256379532,0.03957407234959463,0.045867106408495104,0.27120016471762476,0.2924322731090803
ROI_7012,0.7041974056759264,0.5702707476251784,0.5994235340769177,0.5510601667084594,-0.14400290012984865,0.34943516333883995,0.6631807755872073,0.5474933118395618,0.4103081893318527,0.08082115152866796,0.5998450249246079,0.529293830627398,0.5434328649813365,0.4889035141521371,0.3663461408818066,-0.0013627538862333332,0.20099161016618544,0.23596780706064113,0.6404937988111359,0.6356168914716754,0.3860573259502913,0.2743462327335773,0.5170049948439106,0.5212253095803763,0.26861068428827123,-0.0729420825723204,0.17511275835315177,0.48536149292482017,0.4539936677993667,0.1551115437278444,0.27018850323137117,0.5028340313990486,0.6778876155865173,0.691270008619397,0.5282431556116347,0.5565782488955409,0.24690087881441014,0.4460234164571162,0.36480291681287413,0.5653869765624591,0.5917628628427815,0.22310439844881294,0.473006283088832,0.4885536871355535,0.5938308325281649,0.4609950763381968,0.5349717031719323,0.47022144449968944,0.6196092724169834,0.5563521414334484,0.6270224734180065,0.48177737529171677,0.5048186254572914,0.5064035917797194,0.6503399031376432,0.5882331521143065,0.6714054107172994,0.5628814863976392,0.6746608813691719,0.6103695449239664,0.6670536889591264,0.6262799632468349,0.44130037666484656,0.48219904602271646,0.5953926560572813,0.49646875712968963,0.6424621258035413,0.6613834881442068,0.6565189453884798,0.6171981043941206,0.6071468927489456,0.6079486410596889,0.7505282544366003,1.0,0.6949920700385934,0.7024155111925126,0.7283065813658051,0.8157760770281988,-0.07040973433060788,0.11815193094790896,0.2099407948675901,0.2098675770718833,0.17595862779558405,0.3358296039108281,0.48712141548122967,0.36819283096290684,0.4570616537146972,0.5986460586797605,0.6104024732466381,0.40499929577976634,-0.21927185174972827,-0.16507825156068,-0.46581643279441737,-0.37738528356755774,0.10961214795407602,0.18096895045013706,0.5593592894216237,0.593256376138778,0.26068571711402216,0.44911129272673467,-0.006460815202357186,0.4921416065657774,-0.3571956285357723,-0.34419984115930924,-0.1722714699269163,-0.0969088328955316,-0.03284329358876917,0.2769272666118752,0.2733771615395905,0.4222183545275152,0.4450644885182956,0.4473901481086068,0.3497709401719181,-0.16935603547870334,-0.08679152361699997,0.32130215562820075
ROI_7021,0.6123528886276535,0.5336970952314751,0.5698030462764615,0.5661855550393294,-0.2656650582949891,0.34777805875251927,0.6451610854712878,0.5641302228969719,0.4426619874737119,-0.0148968059742825,0.6116449934043642,0.5338834408804524,0.5659912712162851,0.494546274269812,0.37610644634662277,0.004252419741153816,0.2507367137156069,0.32359161941939285,0.6043297145620018,0.562857169412618,0.5199958104416313,0.22584388557276297,0.5836444674453457,0.5185507810500406,0.2558907494230602,-0.23509873734016204,0.1896320125580153,0.5769007126903225,0.46761624383920836,0.18482008789195362,0.35880041726887096,0.5605069543057807,0.6825205478480266,0.632339870507937,0.5364288751397835,0.5327996406451774,0.215903724664626,0.36859726465265247,0.428391147971066,0.5668604342662095,0.536842121252467,0.16354501861318385,0.5209287954663023,0.544080162860108,0.7027879044912556,0.5730278048388215,0.5937548446806283,0.49771094543470756,0.6975796563057013,0.6132817483078761,0.6767387458056647,0.540525144547778,0.5557740142568465,0.6186390831834153,0.6653724587407729,0.5479541490433801,0.625078451613215,0.5227259745929995,0.6914853485683131,0.6280657059012196,0.7540949592301612,0.6571100010174794,0.5414606710853953,0.5188934486748922,0.6848082698870134,0.5873285088065916,0.6492726242186807,0.7089980756437124,0.6037195350116856,0.5166473745245328,0.5882865645201096,0.5406561849666943,0.523775807952064,0.6949920700385935,1.0,0.7135910274583873,0.6331284310627338,0.7325549053579573,-0.07349727702631588,0.12187416819419203,0.16483588875790478,0.2008542790130088,0.03257748474629163,0.23013578283653546,0.4737891094800547,0.3709624456337356,0.42679094346511365,0.6319673922742567,0.6795638820115195,0.4299721644752913,-0.3214218452148295,-0.29081314891807175,-0.6085357929485531,-0.5460688193025526,0.018665555579739156,0.16263878054760741,0.6039011273201493,0.5789886825433043,0.14434058797357754,0.35607206107378486,-0.028308279212631068,0.5846170939595341,-0.5007313298396686,-0.532193689217583,-0.284819396754066,-0.26026819991642774,-0.07180702003636676,0.19955191577354367,0.3537462784751695,0.4974556334768013,0.2790804459096038,0.5773144527630049,0.30652729480178087,-0.35524909612991257,-0.2424828022788639,0.39813787925944
ROI_7022,0.7728166259645759,0.7757451380566454,0.6831400734837305,0.7636249839458856,-0.5137349563659568,0.20183713236851844,0.7087927586036938,0.7701759518985695,0.4042266437724783,-0.10954063423652889,0.6235291629625808,0.7281879132228846,0.579236822540218,0.7312219647921633,0.3582330278420733,0.23674785943270002,0.5014166776088569,0.5695282319489542,0.7576003186526762,0.7819980483584701,0.5307309835958843,0.4599230692995706,0.6124459604240279,0.5916557572310911,0.14174677269420735,-0.3862758521946516,0.021839704620210933,0.6576314959005481,0.6603908414418962,0.46557832813467603,0.5482905793803738,0.7748567619285561,0.7372598133246535,0.8119862715915382,0.6899931645482678,0.6969379107142673,0.49071729215800886,0.6565578588539469,0.6343669706654006,0.777738153133801,0.6079779202533109,0.48482327217539434,0.593374420868793,0.7080867298950662,0.7995632349613978,0.7703455726314906,0.6795776403182399,0.7324673331853802,0.7779803942532659,0.7951943938096375,0.7827880171172169,0.7462750688888894,0.5246464933897844,0.7131509037385899,0.7931716433129198,0.7760425989072723,0.7889461532504825,0.7128022260528388,0.8208838988758811,0.792620415263949,0.7777014938754114,0.7631447814351381,0.6143208253190107,0.623948721454875,0.7493577071689697,0.7740433167421691,0.7757624917806303,0.8196653164548279,0.7793919450462652,0.691113777228892,0.41881999938556713,0.7062794154322241,0.7147907206600184,0.7024155111925126,0.7135910274583873,0.9999999999999998,0.7334258501054778,0.6909148250404299,0.227007515660359,0.43994502132883395,0.37406911732037745,0.5354992056926579,0.32769741252889867,0.5516575979379066,0.6241579136793844,0.622425265306122,0.7032462928216519,0.8171107342617225,0.7214535659532118,0.6275228562917069,-0.32623187163173306,-0.4484147743346246,-0.730181098097339,-0.6394393343644014,0.3485281545350243,0.4578159435743701,0.8059029360128869,0.7401244007093363,0.34893450744008336,0.33658370203829396,0.17918908084503465,0.6739651962325977,-0.44820712040444455,-0.5544427570840563,-0.1427697262858145,-0.09762404302632156,0.1525379806161746,0.4620709414317222,0.24624566370683396,0.5634005186566714,0.3849069308631874,0.5218768066024634,0.1884136691544911,-0.31657186135048354,-0.0825202986122399,0.40173178230845114
ROI_7101,0.7640953545450723,0.725342262793298,0.6348095056643254,0.7307008532188833,-0.40734915246169306,0.2351898838025212,0.7621588308765173,0.7919960945026994,0.2654029822204686,0.06352092470461403,0.5254132095284941,0.6567928267492416,0.46962592964025207,0.6888995582323842,0.21650259652174936,0.20417225188532714,0.28445248170365367,0.34463475362448703,0.7131618299325818,0.7025859248737997,0.16795243477412555,0.3036564566397346,0.6607471926753777,0.6087640366734067,0.09742768471445849,-0.2018254159130024,-0.121519075138921,0.4712322371547409,0.49850269125489693,0.20296068372315915,0.4037524926136678,0.7002319907809242,0.6709026909361175,0.7737736830830105,0.6786295473721673,0.6326647079821432,0.2743612853516034,0.5172115251932958,0.3110697990177639,0.7092888791029847,0.4477175234977787,0.2773814394163155,0.5782994771188856,0.6146643928020943,0.6418405924886943,0.5375567979307057,0.5274090608986287,0.5540649431883918,0.5613977240381913,0.6526864472027654,0.5390498422640944,0.5845052091094307,0.2869238140729982,0.5121127353182817,0.6226201385185373,0.7536729482290345,0.6975659216769885,0.6963015621861057,0.7693154591589509,0.788846276275655,0.7508221764619846,0.8080403443676184,0.41229596994880796,0.5801034501991851,0.5824760189694588,0.6972560608387154,0.8043905441272955,0.7384693553216992,0.7251081971725611,0.5857447722593799,0.373713382427103,0.8021961444767963,0.7483289042532388,0.7283065813658051,0.6331284310627339,0.7334258501054778,1.0,0.8944002339676644,-0.059813591503716526,0.2972902750303949,0.11962439295657289,0.3682679724329189,0.23547051017884912,0.4439950164117891,0.39720821647536403,0.520519984393278,0.6203167887851695,0.5730403625586318,0.5197928072702983,0.6701587347003909,0.09825167482801972,-0.13173573560139473,-0.4183595288327856,-0.2875927273655653,0.19086217458652144,0.17765456591365592,0.6887865336547918,0.5919474067718158,0.6223668868369949,0.4516467441632754,0.40739664577916557,0.42945510630183736,-0.10902739461771578,-0.21575953538291254,0.1962225212920471,0.23588178912719743,0.37166346395213296,0.6158549739712624,0.18976288066345093,0.4323755911355232,0.702425706891518,0.4278584842451288,0.12045114768236381,0.0326380515486578,0.24960475887944908,0.5169559213134128
ROI_7102,0.7211329050591779,0.6124656450329425,0.5888497321075103,0.6336594191805746,-0.19500943771662826,0.4397108811496868,0.7153938610729834,0.6632978422451917,0.42078649482720726,0.19238249801895002,0.6091126664394583,0.5917852863738133,0.5490016201853762,0.5760176758719481,0.3445716602362287,0.09371654074798343,0.16627509950383051,0.23215140019916344,0.6691089757748271,0.6539009006558927,0.26614595301787625,0.21906259012594997,0.6236926108158201,0.6174864646020878,0.21177012845205587,-0.1259511179321702,0.08760429364575434,0.5216581698712328,0.437533732610299,0.08967180212290428,0.27518229980847997,0.5610036005203595,0.675482889102831,0.7249487313983779,0.5880789516377737,0.5845815839648535,0.16467776306803086,0.38221408007676333,0.29438379993730235,0.5669710044925048,0.5136396250731414,0.13708209340409164,0.588406940746445,0.5889232077267278,0.6503579912419475,0.46513952724008867,0.5618039141521801,0.4713325959499739,0.6085900393105363,0.5649156688230678,0.5404651447795996,0.48367054595695025,0.428977256169014,0.5185244185575716,0.6201343121000092,0.6239500479412796,0.6723512986453367,0.6209084095193744,0.7229502370743991,0.7008410704734348,0.7731873564735126,0.7841117759560827,0.4657039750674085,0.591062569415402,0.5781356124716488,0.5921449956601421,0.7131399622139691,0.7031615095108618,0.6747851561778414,0.5579671207329102,0.5623185030566812,0.6953935021518337,0.6548204365535326,0.8157760770281988,0.7325549053579573,0.6909148250404299,0.8944002339676644,0.9999999999999999,-0.1876216845923012,0.1208556262100191,0.09462262523719016,0.1980020065960818,0.10143890266152987,0.2816566705561862,0.4159907073334351,0.4236964752431189,0.4520881481496521,0.547502106809586,0.5741077505818849,0.5455744512127096,-0.005072162742519353,-0.026645533653203754,-0.39922467811661755,-0.30024617340411053,0.04358809518980356,0.118504688102324,0.6215882200015217,0.6249450664768539,0.48095517128461207,0.5677025825831313,0.1484319642152618,0.44821826129435405,-0.2553562037907767,-0.2802768865219982,-0.010900248319727222,0.03553973576461725,0.10423867423700629,0.37800341604576915,0.2733959660055917,0.4832783895009337,0.6227591799253435,0.5577102600434427,0.33267839919243325,-0.047544092411470666,0.0668015794744962,0.4967267901530991
ROI_8101,0.18352673291577845,0.2656800400852011,0.29131290187572567,0.29155870499862024,-0.14494822127853896,0.14209751194493928,0.16847753206628954,0.23285760353455262,0.12936256134902993,0.002248743065161679,0.2713105273742148,0.4495870137216115,0.4232398087421241,0.3559247603973443,0.4532439974956881,0.6556550711975251,0.7504906353380402,0.6923829425142066,0.32472478962871043,0.3846491727045368,0.42521205025865255,0.48610309615938874,0.2509449485530799,0.23318438430188884,0.31510813263519194,0.09798077752772934,0.180885918739501,0.23115343879849953,0.650976921671303,0.8552649395914194,0.643096126355135,0.37589608001502417,0.2848576119517482,0.31264382507506944,0.3678237593523732,0.3659146175578461,0.774124761057554,0.644323942582366,0.5999954362769331,0.28912827487153986,0.357862922724497,0.7410314261929544,0.384470670654045,0.4926538599217207,0.36325934359881196,0.43686267769804615,0.41856003607550907,0.514138313806103,0.32360013681485145,0.2909059363430118,0.39055443783055177,0.3768345394683818,0.3560769609091093,0.3789001519252368,0.3813663651061518,0.34463406039390787,0.26233701121053704,0.28307794574826795,0.24005767347027104,0.2635879479929467,0.15230662803256445,0.12008803191719014,0.48711064487240435,0.27289073500878286,0.34189311141666595,0.3073719587920862,0.2521445271327467,0.27756893868427296,0.2365439983512187,0.3686742400836011,-0.07410610950001964,0.012300761626582927,0.24833141759822877,-0.07040973433060786,-0.0734972770263159,0.227007515660359,-0.05981359150371652,-0.1876216845923012,1.0,0.7903885327092569,0.821496318258024,0.7938170704549234,0.4877520672249961,0.4746780486933691,0.610151498478497,0.5699753627520012,0.3132563323162163,0.32706129473588785,0.3115194549653987,0.31050055860694775,-0.14843659365627349,-0.0895350772976877,-0.23861153761792406,-0.23620525895226316,0.6314611128236121,0.7623908026087418,0.320096892605999,0.34702654389495596,0.17304204122114156,0.1750544278289935,0.018974294699064375,0.2327014081410663,-0.15511329481691208,-0.18640871469937903,-0.04241756127492444,-0.0089064036285008,0.04312172747852346,0.293532277062936,0.11459804190401653,0.35204282621055477,0.09816378463066258,0.2215743311919903,0.13438663054110017,-0.06524886234582847,0.08328705707818022,-0.10244336727151707
ROI_8102,0.42027867131619984,0.5518303550225269,0.5079426405468376,0.5545294020602878,-0.36098069528606913,0.18988299226839805,0.44544385446453183,0.5669797901254557,0.1656359340236335,0.11033197373631859,0.42301506662000743,0.7197295132621125,0.5141123729701766,0.6502002897443864,0.38721298136417204,0.7992827313810857,0.8885853416491734,0.857446874229038,0.6072164080584983,0.6005606463106778,0.3662345095610376,0.4195475244573872,0.5050589236284844,0.4891740900354183,0.1768068019670475,-0.09015432622802648,-0.03879923541903134,0.3438539543980383,0.8167119779397359,0.8947609590148683,0.8340508166093261,0.6935432829860685,0.5342116537140477,0.5853439169382355,0.5529526630469763,0.47848323788675756,0.7060121168827126,0.7249535724039475,0.5261275022850475,0.5040023435030296,0.32120807491150954,0.7100437724519362,0.5205392929568868,0.6465816337824756,0.5136312594385849,0.6393848331295106,0.4981295506406822,0.6199264810500424,0.43609934973240067,0.5194359631366257,0.4787399337948787,0.573297199765863,0.29209538331576346,0.5083569364256059,0.46466572725872146,0.6029162828318863,0.5155023133419648,0.5916185805630659,0.46780950388688547,0.5622333541981783,0.38832484377218907,0.44573662107274015,0.6009844760974771,0.5710711218596245,0.4304663059603507,0.5556899597308127,0.5593546669491969,0.5287915995509175,0.49616758071025524,0.5064707507113253,0.00770518325247605,0.4203896403754976,0.5314435470285234,0.11815193094790896,0.12187416819419203,0.43994502132883395,0.2972902750303949,0.1208556262100191,0.7903885327092568,1.0,0.7306601365901972,0.9296230118334322,0.4046442862112026,0.49837966312862364,0.6192838515926617,0.762107468909467,0.4226056944171605,0.39090372743701074,0.2983809749226301,0.6312404026729237,0.08265522517720693,-0.1676445050337444,-0.28150053474541203,-0.23794830483625795,0.5425829384766401,0.6870551189022536,0.5574466947758826,0.3874070747275552,0.4754132438678213,0.17302922541188842,0.34150217580978753,0.18542244251632553,-0.00995110091087993,-0.15677073372730638,0.17512347195971606,0.151263879945335,0.3501562446235326,0.5014420470827203,0.14590066879396146,0.42475538066620777,0.289515379162803,0.3095121435261857,-0.045498329132823194,0.04720148318010397,0.24724836687968402,0.02276219366956649
ROI_8111,0.38375273500996154,0.357376579219088,0.4812703502791354,0.41628367666665833,0.005777015518882327,0.4268691998961214,0.36487633890503074,0.3379139000720232,0.4404209031214061,0.16203053111297447,0.5268732028930028,0.5389004535293411,0.6707193942182822,0.3740104169763566,0.7502815437166268,0.6466735987988388,0.6804006531571162,0.5996287103456297,0.5237217367834551,0.5679366955821892,0.6268538712083254,0.6661530714316994,0.3939404532513333,0.39581151834859185,0.5710490753947447,0.12633808211436373,0.48204388756993705,0.46469106881017247,0.6949278395956864,0.8121314452783931,0.628306841001552,0.44473626067587846,0.505011898855193,0.5062718659133196,0.5184375042605018,0.5644837718885245,0.8533064667757515,0.7224227574151396,0.7395699294278792,0.384585451447919,0.607293899573625,0.8121583415130798,0.6526121151896598,0.6309032052666887,0.5532849602474091,0.44049888109867813,0.7234902095058315,0.6817398078048291,0.5295915577228218,0.35236572367018854,0.5721561929795129,0.4239126902367875,0.6808421561871247,0.601113900313116,0.6311514378178379,0.44259720264012375,0.4432900665573675,0.38398812682841393,0.41761153334876433,0.39593177785899264,0.3533683614382301,0.2645102777623792,0.6346789611595146,0.39035030311086866,0.49725117796668267,0.33161302811598853,0.398830674044877,0.424190250212548,0.4141224985851144,0.5697132447207727,0.28984515500427255,0.08720729417577537,0.35016058642076137,0.2099407948675901,0.16483588875790478,0.37406911732037745,0.11962439295657289,0.09462262523719014,0.821496318258024,0.7306601365901972,1.0,0.7846544004094599,0.6521529152493947,0.62546533326495,0.848613390162398,0.66974378043901,0.36188951276691067,0.49989856558420476,0.5739149623085289,0.3559123242041297,-0.2847404283443355,-0.016467552073118594,-0.3789990984604095,-0.4040914840369565,0.6930528890317212,0.8304792864281929,0.3758755768812965,0.5129074304017538,0.1541566974787569,0.44265431788348575,-0.23425926225313604,0.4424607294621494,-0.42576535843701013,-0.3908994021768529,-0.2986987631802605,-0.213419608694095,-0.2256393006583394,0.20024442780241306,0.13424622352931542,0.43424935483736343,0.2883499851247838,0.4266959316336314,0.403850869503593,-0.22552827489375893,-0.11916751450043801,-0.04222396731802255
ROI_8112,0.5595031644997895,0.6784336904187689,0.6306722411291745,0.6830577242438568,-0.42891241631192245,0.2125947914073199,0.5339063845745603,0.6691750047665884,0.19811216195845446,0.031030900298636678,0.5044558884538183,0.7889563399198997,0.577303845548881,0.7442118972347093,0.4386167473349554,0.7811003612751245,0.895701660501391,0.8798868884421063,0.7110701025147819,0.7299270625900903,0.47018672803729783,0.5353092486160359,0.5616033722568491,0.5621583017928374,0.22572305114027985,-0.11190675775338463,0.002227482594978126,0.4843594482018552,0.8488372732545388,0.9066791379905196,0.8341917318486003,0.7599198671906132,0.6062341390555988,0.6804483914443967,0.6582353204008782,0.5995805248605061,0.785855503222952,0.8217887234937029,0.646307666488664,0.6343512145876363,0.46179627352959335,0.7864026873204786,0.5741279893253223,0.7142283506979945,0.6167895330257371,0.7314532253268147,0.5954300206371138,0.7388349528941274,0.5515163142323022,0.6486008944003832,0.6244135146233243,0.701637699430664,0.4144309805255319,0.6108014485400134,0.6098528752778264,0.7318460931653782,0.6446214853554407,0.7065599976027584,0.5841663221324943,0.666669803921182,0.48033893400741917,0.5324862960342501,0.6900692660170294,0.63420870117708,0.557877610736951,0.6506299616207836,0.6519206831331101,0.6407970459979462,0.6356688979881747,0.6501176401538151,0.07928185205223219,0.4717946446653484,0.5819048764365273,0.20986757707188328,0.2008542790130088,0.5354992056926579,0.3682679724329189,0.19800200659608178,0.7938170704549236,0.9296230118334323,0.7846544004094598,1.0,0.5135558588173653,0.6487465606720254,0.7597924658837493,0.8820267144853466,0.5771765415179406,0.5625075381085233,0.45532813525918286,0.7049798516656962,-0.010654643363592613,-0.1958585724289165,-0.39478292537279885,-0.31890157693655996,0.6406890495910434,0.7510287960634692,0.6785253896203328,0.5481491502426495,0.5086464637343637,0.26445581972467647,0.33837008347038416,0.33511009185300905,-0.09626971802007518,-0.22650645198832606,0.14694853738234037,0.1698718605462683,0.3400161770665074,0.5818370379278838,0.16374049765925244,0.5050442880163344,0.39235685820506305,0.3722748341085478,0.05506118915022445,0.01760888302674094,0.239327369662728,0.14226498605376864
ROI_8121,0.3781962331062966,0.39207273133670006,0.3144025161066215,0.3946185480293326,-0.22824291388740434,-0.010666234278000168,0.21487212685476995,0.34258900121784325,0.14501852945886207,-0.1794986148389518,0.13252890425931454,0.24111996565453164,0.1960176954370669,0.19639911691974582,0.3408842901328098,0.2999940334666712,0.23194855104473242,0.18479217210031845,0.3461733406431928,0.4838454628916708,0.199114330554477,0.847926458120763,0.1120609124932627,0.09701148462129312,0.2247349080364265,-0.12413038286264924,0.14061059588911193,0.32820986302866634,0.25772479740212506,0.3580422689310804,0.18007616325004686,0.2817044101554489,0.16698570372867036,0.3719822885367963,0.44010053456889886,0.5737908355707386,0.7291056155394117,0.5835993774702385,0.6421467916038349,0.5179293938509099,0.5050109774432701,0.7512155359007345,0.4944132213712988,0.4091597917887172,0.34786953326699416,0.19734581142452678,0.5336295640708175,0.694444170439039,0.3070666613945622,0.2994421811735623,0.4007874425291839,0.3659146201891531,0.4459433325473108,0.4464372851160044,0.5438565883815505,0.45694485422599784,0.32396736769331835,0.26218780445546147,0.36693983247715584,0.35448110089147,0.14766505997954357,0.17616064952046456,0.15476748801663553,0.055975743243017136,0.2859168297353194,0.24756423062807478,0.29604387043777,0.2550057335751339,0.3757992595283559,0.44071064115380376,-0.028817329960533954,0.05715149986177578,0.2616672962447252,0.17595862779558405,0.03257748474629163,0.3276974125288986,0.23547051017884915,0.10143890266152987,0.4877520672249961,0.4046442862112026,0.6521529152493948,0.5135558588173653,1.0,0.913193749559507,0.5308004676487089,0.4820015438536241,0.6773783759703302,0.5343235626104317,0.49078949809017064,0.315974576019516,-0.2612349187215572,-0.16124838153385873,-0.41298824692181174,-0.41746365079951525,0.8599847567655494,0.6940080228826645,0.223148174930092,0.4413878330739526,0.20503156900300487,0.23613562750571174,-0.04672667820489803,0.506244785363443,-0.33176056111301866,-0.35427473557547307,-0.09804665134509093,0.05575028626794177,-0.029455738239517124,0.35385854554365853,-0.31742996248892746,0.07565302291483143,0.4194599389161712,0.00510940342170698,0.15567346771654864,-0.23486683336487338,0.0316003152031316,0.0727551186311027
ROI_8122,0.6102392144172881,0.650932161533713,0.5198726083678009,0.6239978344979714,-0.4500259993202585,-0.0017229007775000586,0.43452557411815573,0.5856839644669632,0.13368672384286964,-0.2605535126809758,0.2891274630447599,0.46513027486955,0.32108309604445007,0.4593651890246293,0.3321579778781531,0.34909764205262467,0.4047588623219822,0.39093621524226063,0.5764621133064322,0.6949315441238233,0.3097394757142946,0.8205253687469319,0.3144440637526324,0.282744135928541,0.17403038027375023,-0.22220739592200695,0.0410578893825355,0.47180312057028295,0.44512957922526514,0.4687683568012965,0.34877442917123497,0.5307829475787881,0.38447913663208755,0.592496183860966,0.594941213475619,0.6951396874408885,0.7530586612245388,0.7202170288061797,0.737690529506659,0.7369772899082171,0.5737465396596966,0.7859054292754437,0.5471125685439455,0.5391332047595357,0.5417048399264078,0.4606089968947531,0.6164603825567971,0.8239160067205122,0.5005882296988599,0.5738426381797475,0.6065629494990238,0.6179856568120607,0.5024657326665442,0.6064619308342705,0.7163330630569348,0.713222106446478,0.5763544364603659,0.5244199994428632,0.5952588690330111,0.5922222707503506,0.3810674827923569,0.4167603314402811,0.3258354226535202,0.26629640601912385,0.4808637977654472,0.49460946711798703,0.5351821967116288,0.5083612083251823,0.6253101418383915,0.6399305095834567,0.062416396318356764,0.31631332898356546,0.4585528201319646,0.3358296039108281,0.23013578283653546,0.5516575979379067,0.44399501641178907,0.2816566705561862,0.47467804869336905,0.49837966312862364,0.62546533326495,0.6487465606720253,0.9131937495595072,1.0,0.63842660855005,0.6513981072480792,0.8606023941847696,0.7295062751013698,0.6404421369154343,0.5503190412429034,-0.28600008995683346,-0.30910471744248436,-0.5770206247682614,-0.510330297004679,0.8635015327549042,0.6994463848682522,0.4937452986660469,0.6250767457750179,0.32611087757617524,0.23753509450381818,0.15726270460727038,0.6287156703400963,-0.3309295066041388,-0.41019461251504297,-0.008532332390592824,0.14391191586892027,0.16869776608291592,0.5678434179362905,-0.21876263251982273,0.25071911023740967,0.4864483058896692,0.1264740351133031,0.1368628530359799,-0.22980215692163536,0.10309698927084872,0.24467343011035794
ROI_8201,0.6505175865150593,0.5985734231473983,0.7191686985452141,0.647870324280659,-0.13802950455115817,0.5139236696381643,0.6097097016315088,0.5711303829649603,0.5293562957014596,0.13397440749952771,0.7372616182947228,0.7226920300688824,0.8130802206324497,0.5966940381921093,0.7635573355742865,0.5481308608679677,0.6803447916713318,0.657824062760101,0.7454945778183758,0.764957103591899,0.7368498695519862,0.604909875574975,0.6142835459987275,0.6373375047125296,0.5626622310651979,0.018858704635322444,0.47113789737377654,0.6914447077375487,0.7710397094876518,0.7302703489936844,0.6656976087942844,0.6434868844320503,0.7514501681428398,0.74476856794081,0.6849584752095327,0.7257090085924308,0.7515003874904123,0.7662087425770633,0.779490923362938,0.5910918300347191,0.7284302816290169,0.7088797897590622,0.7072300908445066,0.7245597493893904,0.7580432231527695,0.6507479413938638,0.8110682285909073,0.7687571793410364,0.7662444878395837,0.6135753335627465,0.7935188278806212,0.6528338223237815,0.7893764801524668,0.7483867853261654,0.816172788343879,0.6618368125926569,0.7009746447436866,0.627931621216892,0.6700482412855367,0.6444553506447842,0.6392589939967691,0.5539787664437428,0.8134932243396473,0.6240271108559294,0.7420641688811918,0.5807320034546913,0.6506322037533391,0.7115152035682328,0.661112816692579,0.7694498972956502,0.5007701319981093,0.3591706806604455,0.5353035982884989,0.4871214154812296,0.4737891094800548,0.6241579136793844,0.3972082164753641,0.4159907073334351,0.610151498478497,0.6192838515926616,0.8486133901623981,0.7597924658837493,0.5308004676487089,0.63842660855005,1.0,0.8065922148856794,0.513797444741171,0.718621676448714,0.774752587711177,0.537256186484852,-0.33029369519684215,-0.10831779966665499,-0.5446750773119966,-0.5110580993620117,0.5697087976686276,0.7156550769538035,0.6159321855114998,0.7032274979134743,0.24070026741664244,0.5222117416374112,-0.1298684199073947,0.5757237493524239,-0.4943183950411652,-0.48131991897925647,-0.2900553779331147,-0.1850758681653791,-0.1416991957892053,0.3223457744666081,0.2562749763910599,0.5722240118690519,0.3995362578251852,0.5850096804213927,0.47924676186236337,-0.26209466247749946,-0.12882689511429274,0.1454508004820925
ROI_8202,0.711324984786865,0.8100439640098153,0.7201245750834505,0.8161523773226342,-0.48487158379588724,0.309384819489078,0.6136977252803753,0.8004596343228708,0.2340868650641727,0.09758418040702069,0.6313251980624334,0.8702649760395471,0.6151763199356817,0.8339365071499658,0.4427039610379702,0.7150668520867569,0.7749321840095867,0.7780383102408204,0.8369485042120001,0.8579600370085123,0.47136003370389284,0.5293823478400922,0.6491747398616398,0.6897400680681035,0.21098378948684043,-0.16123040333132424,0.029193424930066346,0.6417358690501263,0.7844156787114357,0.7385204607778028,0.7086639100445783,0.7974140762565698,0.7167655579625782,0.8049886463854176,0.6972357322324194,0.6877388776600367,0.6507899239008436,0.7303634130370353,0.5985872421773109,0.7232279964884616,0.4820920961500572,0.6902583260025904,0.6235320485061446,0.7418671119538565,0.719001692663687,0.7769667275123543,0.6444829572834936,0.7916001028652737,0.6792136029542926,0.769240979766565,0.7113877764820612,0.831260346041923,0.5067118246893859,0.7318697897421454,0.7007794989574444,0.8306545990674409,0.7853145478146607,0.8322665790385866,0.6827020023535295,0.8011706334478075,0.5992893872278959,0.7386235589954583,0.7686985998694,0.8121528847593417,0.6195310143529621,0.7798392300231165,0.7362251501111614,0.7592497748517993,0.7716251917918906,0.7354200198755781,0.17489082902064432,0.5919377643055064,0.6301368263577245,0.3681928309629069,0.37096244563373554,0.6224252653061219,0.520519984393278,0.4236964752431189,0.5699753627520012,0.7621074689094671,0.66974378043901,0.8820267144853466,0.48200154385362404,0.6513981072480793,0.8065922148856793,1.0,0.63555478544732,0.6568654225232553,0.5582269415272261,0.8417954116193641,0.0051547875293768705,-0.1741946673646928,-0.46023541322245687,-0.369114045942696,0.5562459540149584,0.6454882140716037,0.7540789848431031,0.627567060543315,0.6011980552769797,0.3487112087859688,0.35513067550898353,0.4242051282175518,-0.1542893007458853,-0.2901310736463762,0.13710841820251637,0.1636318732399296,0.3414697715092966,0.6012686699049484,0.20626457126099498,0.5084450832738013,0.5268815478875635,0.4803438240273113,0.16687512124826298,-0.006585062104254223,0.22026246520747692,0.2521576081949797
ROI_8211,0.7091710501574748,0.7995732818310095,0.5778186532171569,0.760230805086568,-0.7377818552872024,-0.13866815657871945,0.5309996956186211,0.7575149365218468,0.016055580559265963,-0.4229279893698002,0.3257750239905501,0.559647017851453,0.28914962722590654,0.651726859540294,0.12305008033851553,0.21037797946533146,0.421463565468103,0.4540793675889824,0.6386616903548359,0.746964863981838,0.2656073087627787,0.6710956334495775,0.4176059172150821,0.366571928722067,-0.04823084984540656,-0.43604580546806404,-0.2068945777328788,0.4775449672266052,0.47582779896839794,0.3867919880649858,0.3669619820813231,0.6657471090827032,0.4701675568202113,0.6845995331255712,0.639875246519189,0.7095855762291552,0.5928732512965625,0.658103744086488,0.6583919882818099,0.8912399657817535,0.5347493596065661,0.624503355850145,0.4500768036569062,0.5532681532601026,0.6407416405807643,0.6575806394361469,0.5239109934583468,0.7948147210923042,0.5956619021771026,0.7729542825672127,0.6843067680399552,0.7770328689169418,0.37486284417403837,0.6328438068047341,0.7319815297628125,0.8417023094238183,0.6854491666894926,0.6539482895359171,0.7233626412715599,0.7415661524164902,0.5328973801650762,0.6252206069093305,0.360916704340675,0.3921483379950564,0.5807760615518024,0.7202159112000877,0.6618939515477555,0.6742855846372449,0.7404211180015251,0.6236573752601539,0.03364105910461591,0.5427052784152769,0.5898158861877071,0.4570616537146972,0.42679094346511365,0.7032462928216519,0.6203167887851695,0.4520881481496521,0.3132563323162163,0.4226056944171605,0.36188951276691067,0.5771765415179406,0.6773783759703302,0.8606023941847696,0.513797444741171,0.63555478544732,1.0,0.8380583325576701,0.656314107219075,0.664932878425246,-0.30449552516249284,-0.5481005538503195,-0.7255677024668596,-0.5991168538963166,0.6511842980682032,0.5547824868737369,0.701597074786023,0.6747761248793456,0.39422226965818347,0.1059772319085592,0.39136314147860846,0.6893184608889706,-0.3089488815252258,-0.4719993162224408,0.10078181052812005,0.2042855724252437,0.3918103814636095,0.6866667464209573,-0.09456480911319089,0.3125712809597081,0.4361509353541577,0.15330594029424818,-0.03016909277575563,-0.2603053961466842,0.1297167579112769,0.41255129323743067
ROI_8212,0.7356287482002495,0.7535214737155056,0.6612073969268536,0.7533901811611979,-0.5500849208974797,0.12269887208144195,0.6084600180156924,0.7070154348752978,0.3412986249761376,-0.30375869807543776,0.5605327204879921,0.632399028793429,0.5446577241148607,0.6539574867929241,0.38819197831404023,0.16555860840732073,0.4687460213121299,0.5249066515287687,0.7092161387127768,0.7884474305312074,0.6191410595464891,0.6618510030729121,0.5053978300269074,0.4886432799842973,0.17509059108083364,-0.4158575387447079,0.10043342337525071,0.7000574453872839,0.5896048650484634,0.48243272715884944,0.4501496823579207,0.6740075614999268,0.6672653461530985,0.7590698062370766,0.6989925533533823,0.791573186285245,0.6044349989086545,0.678668464530735,0.7947565010509545,0.8335133987061412,0.7217979155139531,0.6087219444240516,0.5546650554526178,0.652036871437104,0.8171520192516025,0.7741701875526532,0.724676840515516,0.8205652237506926,0.8215186269149616,0.8103497571890755,0.8665277897894788,0.7970123317956187,0.6428328474420312,0.7888127733706867,0.8778847068986634,0.7904973739989257,0.769368338921765,0.6628088373647614,0.8028957277394235,0.7473856840871975,0.7123347278563983,0.6820390437763885,0.6130290257542288,0.5203329592513651,0.775623594367904,0.7449373779552196,0.7018288973184607,0.8031621845287182,0.7870974045211871,0.7283841360271588,0.3419394026430418,0.48847027512743363,0.5412751516224322,0.5986460586797605,0.6319673922742566,0.8171107342617224,0.5730403625586318,0.547502106809586,0.32706129473588785,0.39090372743701074,0.4998985655842048,0.5625075381085233,0.5343235626104317,0.7295062751013698,0.718621676448714,0.6568654225232553,0.83805833255767,1.0,0.8477953143836698,0.5676166980577179,-0.5874463698348049,-0.5696138519787253,-0.8757610688145894,-0.7925983566309482,0.5148555537983711,0.5942274764596533,0.7761589072926675,0.7873956222093936,0.16929468018448485,0.27572911775444453,0.033160760417525956,0.8218995455437695,-0.6338727480421288,-0.7148262862492395,-0.30347000382651695,-0.19442961210462475,0.01520095980469525,0.3971695539131543,0.19340402689911018,0.5547621754142164,0.3130147148740398,0.4472033663757305,0.2477862853926926,-0.4779535750682551,-0.2327917664983868,0.3816651960741149
ROI_8301,0.706953403241734,0.6085709858154791,0.662982851915957,0.6526411270772164,-0.24897610538595208,0.40320100922420204,0.6573774997658837,0.5783107665208547,0.5114729593136503,-0.10719290106366293,0.6515358955666654,0.560482950353216,0.7178721880147786,0.5147059144288926,0.6676918107513363,0.17274391917118356,0.37099293402514183,0.41024310980153844,0.6609740133557117,0.7098404133695713,0.6688243066204299,0.6122055940161705,0.6157706903284179,0.5291799805094458,0.5074617446814966,-0.10804033258347971,0.45278167831259886,0.659991239564197,0.5457908896720088,0.414339402425972,0.42261429297584613,0.5527014387174203,0.6771958339614279,0.6707333435950688,0.6494829934297791,0.731581301252989,0.6339168014337556,0.640832428742363,0.8147378092614618,0.6990514208877415,0.8061759538153678,0.5738619347266273,0.7204381462934358,0.7007645825591917,0.8559056712363526,0.6313955186705473,0.8506954434742238,0.7975416864384589,0.85034905643232,0.6755777274242283,0.8595357655871578,0.6669685930376552,0.8460043260154482,0.832915683095971,0.9462466216080645,0.6840080498035576,0.6893573068075025,0.5323727922620608,0.7784891417495995,0.6563403164767075,0.7676867735149259,0.6066493129469407,0.6019028802744719,0.415165140057059,0.8292990977888778,0.6246318042854645,0.6580798694299705,0.7360919172419403,0.6944823981364326,0.7134181353483341,0.588138324204064,0.374979166388719,0.48037697186705103,0.6104024732466381,0.6795638820115195,0.7214535659532118,0.5197928072702982,0.5741077505818848,0.3115194549653987,0.2983809749226301,0.5739149623085289,0.4553281352591828,0.4907894980901706,0.6404421369154343,0.774752587711177,0.5582269415272261,0.656314107219075,0.8477953143836698,1.0,0.5107228717773077,-0.5673054669425814,-0.29048353057533416,-0.7754797546850837,-0.7174930722368976,0.4877910858120003,0.5816807000753128,0.6315491221249051,0.7951920818206454,0.06216395598139475,0.4930039731649861,-0.1824362391960198,0.874657088943823,-0.7215680743389515,-0.7039549293518639,-0.41821442212506355,-0.2932230946297701,-0.19878506609347196,0.32676831079647756,0.21279927582651778,0.5778558123375487,0.35933932392662826,0.6158332584456532,0.5583331883939646,-0.5188771858771885,-0.2960264835411434,0.3665634860774578
ROI_8302,0.738012468477418,0.8454344075324661,0.6996875189389558,0.8522716194092325,-0.6023596425602276,0.23828196741228297,0.6879359439339031,0.8782713036134174,0.11710237584028582,0.05857695992818309,0.5033935541377044,0.8071536886247416,0.48345600274025713,0.8558187740124159,0.25504899727160957,0.5997495248026412,0.605505494370312,0.6416809244316443,0.7996387679321634,0.791015928249328,0.25508105666561326,0.37528875418287844,0.7189629316284789,0.7012248783914145,0.05215771798168831,-0.23540005169863742,-0.14490056564176004,0.5261430690181708,0.6393995576783787,0.5034932028866708,0.6119830222208203,0.7952997184173801,0.6734922727428456,0.7609702037418316,0.6607485209021672,0.6007690933939706,0.4888344647686825,0.6316773434222802,0.4553748129335291,0.791081958916145,0.39904500566090195,0.5249612906271709,0.5922754316036066,0.7054491407523773,0.6896547318628747,0.7462904235590518,0.5351034241707731,0.7249868940803207,0.604673087621019,0.793552376702454,0.6242754883180218,0.8136281786456636,0.3255851622236754,0.6897094803695933,0.655576819854972,0.8799342079656695,0.7543440573329675,0.8228511995476213,0.7261745830436455,0.833973291432233,0.6722492063333324,0.8256041806777086,0.5473742467962741,0.719750475040147,0.5975711314451547,0.8355121747397428,0.7940459275189583,0.7654013415820609,0.7927212696317782,0.6281994127935029,0.1509747579705339,0.7674148577996369,0.6660832693200373,0.40499929577976634,0.42997216447529135,0.6275228562917068,0.6701587347003909,0.5455744512127095,0.31050055860694775,0.6312404026729237,0.35591232420412966,0.7049798516656962,0.31597457601951595,0.5503190412429034,0.537256186484852,0.8417954116193642,0.6649328784252458,0.5676166980577179,0.5107228717773077,1.0,0.14211949844148142,-0.22296018282011373,-0.4458871996709743,-0.3147013853127415,0.41372666846946987,0.43756562077212063,0.7636479484590265,0.5618134683482409,0.6803430470578403,0.2573885052621444,0.5771406899192338,0.4021787824975407,-0.030438741238204767,-0.22757661542926397,0.31638032607744926,0.29294517989676666,0.5612123801480609,0.7214904390009602,0.1376646328254197,0.46494557106417406,0.5431729734367954,0.4293458371955859,0.0223672097123667,0.03802098680666521,0.32784113825543004,0.39226250959024883
ROI_9001,-0.11626436103361673,-0.06980873803638685,-0.10541208778781594,-0.07349034814875124,0.13145683991165288,0.05702000042588817,-0.045197142323885955,0.015004575623845603,-0.2527980357368386,0.4492185304687723,-0.13771601699260644,0.037572126232484175,-0.20547379075425554,0.042010975695119475,-0.2603872011934499,0.29641138912438614,-0.013246372184076741,-0.04466483167301018,-0.06413150550110785,-0.13399879507006926,-0.5369713211269094,-0.3642701487612284,0.0167517056644658,0.08155570882254115,-0.2219739313730551,0.2556471746872827,-0.33610659917218044,-0.27513510613485254,-0.06448981372799742,-0.13034663313482026,-0.006719570245118321,-0.04774995630433256,-0.16050329394035573,-0.11058424406076446,-0.173349031592918,-0.3010893233757961,-0.30300100316537715,-0.18277841935236183,-0.6001472532473853,-0.25822383962601375,-0.4918679310175157,-0.2713831806675223,-0.10590344469367058,-0.1165362547371779,-0.38381788619705715,-0.27381160732901455,-0.3839881973754624,-0.32935327897879124,-0.47880172057752307,-0.23764225448623727,-0.48322056109785977,-0.2256487279021541,-0.5070493316680248,-0.4334143947234936,-0.4593433357532969,-0.08987464437485387,-0.15206813010971038,0.06955029359700146,-0.26045939490323733,-0.05339534957138266,-0.2300204782075836,-0.006285235619515667,-0.16328287747084294,0.11748468324753183,-0.39854446716394154,-0.1252470516808071,-0.051324524972998754,-0.2152365234414954,-0.15802278579296486,-0.2033756254481713,-0.2733248628406145,0.17641782867947836,0.047383974871667164,-0.21927185174972827,-0.3214218452148295,-0.32623187163173306,0.09825167482801972,-0.005072162742519353,-0.14843659365627349,0.08265522517720693,-0.2847404283443355,-0.010654643363592611,-0.2612349187215572,-0.28600008995683346,-0.3302936951968422,0.0051547875293768705,-0.30449552516249284,-0.5874463698348049,-0.5673054669425814,0.14211949844148145,1.0,0.6376878931825467,0.753771954214666,0.8059500649120455,-0.22111156053111836,-0.31938204662810876,-0.1488915627434221,-0.31474915071980736,0.6295952905747567,0.08840913896334769,0.5736481042699993,-0.6817282010763686,0.8745172073203756,0.8222907210402561,0.814329191136182,0.7254534808449898,0.5696853175369071,0.29813846166291175,-0.12087899663311577,-0.26098690118471246,0.3743588167014853,-0.14188524778632047,-0.22634376855581134,0.8545152194613516,0.7960525713397214,0.09619118103481311
ROI_9002,-0.2307770688650307,-0.3952933849168245,-0.18179375498270822,-0.3401986881776872,0.708821010464068,0.44771493555273917,-0.12837536668789482,-0.354739801106026,0.1357107785296679,0.6231502733245118,0.0002526263084735233,-0.175061171934847,0.04667306137076359,-0.3010500119372882,0.2292520042035436,0.15074838356511405,-0.21155402171089657,-0.2661512369731746,-0.21255579984353962,-0.25743929121568243,-0.22733757867177873,-0.23202912550281726,-0.066957205379008,-0.02455691529287118,0.32532392908147845,0.658593787766986,0.3202347671556628,-0.16779380574094258,-0.15826147024752654,-0.18590301597006714,-0.18987256056882126,-0.39058200101574614,-0.19588558788410154,-0.26763295332290726,-0.255794877778025,-0.2901088082035419,-0.18833665896998153,-0.21960437259036358,-0.39203309197086755,-0.5373116429350394,-0.20172554712729082,-0.24020597023219076,0.049444431561129785,-0.11441654160525355,-0.34932780090186777,-0.5221038069177499,-0.1450140506381179,-0.3545120126551436,-0.39660514987739365,-0.5019961077700439,-0.42968536516753847,-0.48086221990949707,-0.06166250003865134,-0.3801668654853889,-0.3281543231440114,-0.3507850029669215,-0.2943224357890059,-0.21958711894940267,-0.360654968917305,-0.32410282580666355,-0.2369234957224679,-0.261497494986691,-0.09769752047021882,-0.09625224336394703,-0.31785773155140756,-0.4434148149147589,-0.260338809653125,-0.37931557864756643,-0.33577204032505015,-0.18232629535979586,0.10994691190904682,-0.2537132681206291,-0.20347274727840536,-0.16507825156068,-0.2908131489180717,-0.4484147743346246,-0.1317357356013947,-0.026645533653203754,-0.0895350772976877,-0.16764450503374437,-0.016467552073118594,-0.19585857242891652,-0.16124838153385876,-0.3091047174424843,-0.10831779966665497,-0.17419466736469283,-0.5481005538503195,-0.5696138519787253,-0.2904835305753342,-0.22296018282011373,0.6376878931825468,1.0,0.77266099952958,0.7538679671568358,-0.1775017364941042,-0.20687459246575102,-0.39191631169334956,-0.16330069820374593,0.24193177173591204,0.5034367894534028,-0.12492992248322816,-0.4766797878293195,0.45990205840774706,0.6614024487209281,0.28112227974436416,0.31297996073931517,-0.1341396619391987,-0.09105156871845839,-0.029897590900080408,-0.12961963053604386,0.34010158165457705,0.11324120283089843,0.41617392063059455,0.6459407106245508,0.412929195597311,-0.0053854586833312745
ROI_9011,-0.55066128320534,-0.5948028260148053,-0.48799470907784653,-0.5991126950285186,0.5801631551678474,0.011448723141420356,-0.46922219160494383,-0.5743104986940148,-0.2641561282121091,0.42249025829532916,-0.41690542466957653,-0.4570444458499162,-0.42566877281021176,-0.4949874290063577,-0.2838367124109879,-0.03899876847727641,-0.34993064150088377,-0.4072240144416405,-0.5434679285521139,-0.5952621953870987,-0.5628695945978894,-0.5384110933752377,-0.410042364370316,-0.32217661108242723,-0.14053772376959486,0.49232979520927067,-0.08684895773096063,-0.5111678110069584,-0.42584926103685344,-0.36797035451803833,-0.3736553556495265,-0.5794076340904382,-0.5355589117376603,-0.584428819975959,-0.5899031191485355,-0.6565840961354396,-0.5015248608953543,-0.5190983071302095,-0.7540555517394165,-0.7417416581738223,-0.6191651413993953,-0.5065898957709715,-0.48481442484870485,-0.5365735034343824,-0.7727041208135775,-0.703403506457086,-0.6695738539184088,-0.7322305170838102,-0.7872398205469733,-0.7169905865262105,-0.7816251352258573,-0.6967624455668481,-0.5623747192391158,-0.7914308198093891,-0.7858131270567483,-0.6228446690607279,-0.5923747266332533,-0.4422403970013065,-0.6957064596990956,-0.59888117293625,-0.6233478838467699,-0.5479732726666411,-0.45310668500120665,-0.34303616392389896,-0.698835683091307,-0.6566403308876193,-0.5717778747761095,-0.6813682164960797,-0.6250311166341894,-0.5177287572691364,-0.28396947762981267,-0.3775015310009491,-0.39078205675142946,-0.46581643279441737,-0.608535792948553,-0.7301810980973391,-0.41835952883278554,-0.39922467811661755,-0.23861153761792406,-0.28150053474541203,-0.3789990984604095,-0.39478292537279885,-0.41298824692181174,-0.5770206247682613,-0.5446750773119967,-0.46023541322245687,-0.7255677024668598,-0.8757610688145894,-0.7754797546850836,-0.4458871996709743,0.7537719542146659,0.77266099952958,1.0,0.9613057450624763,-0.3967548694359942,-0.4990922164895078,-0.6356573702769948,-0.6140548853025205,0.07579507366018984,-0.07734117270708687,0.09564295083986257,-0.8608187315965109,0.7975057552576801,0.9106026752671081,0.4989714006678207,0.45512539010112896,0.10346787130606645,-0.22092850849711668,-0.1659925480192543,-0.47117963488438164,-0.05936496963648913,-0.385886205868629,-0.11471510992046896,0.7688851825786889,0.5004575793477519,-0.24944572149237584
ROI_9012,-0.43823729238125014,-0.4599303396166032,-0.38731908786469393,-0.48600648543062996,0.46298997892409716,-0.012808515652227436,-0.36934507135665307,-0.44963115121392766,-0.3116735423969364,0.3755520145134873,-0.35289309063486995,-0.347423002454054,-0.3875117824997887,-0.34274520997413266,-0.3046577139974227,-0.0010453306070964813,-0.26964171146782806,-0.31569854458585705,-0.44768117719886413,-0.4939848472129807,-0.5758877914566662,-0.5371698688877907,-0.3101566183108011,-0.2358770069367245,-0.17176356368098689,0.4926472530889777,-0.1720149366219012,-0.46815885863680123,-0.33628195894932866,-0.3230570369455859,-0.29904586362678587,-0.4578237404376541,-0.45794926846033485,-0.487756808056805,-0.5239554811031669,-0.6064218152019493,-0.47896809003251123,-0.43968520775211606,-0.7338711017663763,-0.6171504603077549,-0.595543461205658,-0.4853054461932142,-0.47714412130527867,-0.4749855533770175,-0.703532327664039,-0.5857999659584977,-0.6625319589210354,-0.6713691398005908,-0.7283501739544226,-0.5799135824449463,-0.7043547984713067,-0.5712859360734711,-0.570777164415457,-0.7568115047261768,-0.7103148575490971,-0.4691501097188075,-0.4747569983255981,-0.3014154146773659,-0.6035772066450794,-0.4856618420006844,-0.5413202276210113,-0.43809633387064517,-0.387682986407008,-0.24792766390591098,-0.6242928151165338,-0.5351862371959691,-0.46043609889376963,-0.5732934480632735,-0.5110400683044847,-0.41908332200994447,-0.2799296054240644,-0.2325082486673391,-0.263043366886681,-0.37738528356755774,-0.5460688193025525,-0.6394393343644015,-0.2875927273655653,-0.3002461734041105,-0.23620525895226316,-0.23794830483625795,-0.4040914840369565,-0.31890157693655996,-0.4174636507995152,-0.510330297004679,-0.5110580993620117,-0.369114045942696,-0.5991168538963166,-0.7925983566309482,-0.7174930722368976,-0.31470138531274156,0.8059500649120456,0.7538679671568358,0.9613057450624762,1.0,-0.37491201448556855,-0.49340231798153805,-0.49582268301920673,-0.5123190118893128,0.20548634919834194,-0.06299530838937718,0.26956652560014777,-0.8159576864060145,0.8800616505051382,0.971447907494903,0.6469825103677737,0.617451572519139,0.2782972802743334,-0.016745300789719045,-0.13947388750157907,-0.40814720451091746,0.03728821217353997,-0.3584191313380208,-0.12141314459257029,0.8663349625425959,0.6492317299837174,-0.1254763229967308
ROI_9021,0.38583802777588294,0.4390189376998218,0.3483222913695833,0.43988354408016234,-0.31178825816261374,0.039216564104412356,0.2327490924892356,0.3842587443529273,0.06475806263058613,-0.18267257046501373,0.19291073583335092,0.36376451702048956,0.2595270424684595,0.316931965944988,0.36073827026031335,0.4695749005928451,0.4424896253307493,0.38474224607980817,0.41043242701183646,0.5381248282834089,0.30264123382349956,0.7395608127825053,0.18463038977725052,0.15961636417039043,0.20924150775337833,-0.08676168400511318,0.1189693823801098,0.3461073092470704,0.4148590314071905,0.550943351518942,0.3427067098108807,0.36792839489159657,0.2224042398666371,0.4161902081024862,0.4584873176327175,0.5419197908632889,0.7737291077453601,0.6596547764540621,0.7007769142508421,0.5214226149534931,0.4875630570284502,0.7855551801402572,0.4603828375512998,0.4653476298262466,0.39626578040341975,0.33307316374777013,0.5053104868023193,0.6948150882066844,0.3332174534260344,0.36624098158505597,0.43764945830087254,0.4419238315873058,0.44125511369184023,0.4757890471763757,0.5411070084459518,0.5177416219203315,0.36544312940975027,0.335173638315231,0.3740878468607727,0.3848303946835053,0.1856537782494095,0.2249053735554787,0.2921904008632966,0.1710527835778266,0.3281700573015991,0.3319254438316121,0.31917855495066183,0.3091475381928813,0.40377612794719536,0.47711609682920897,-0.058718096307923705,0.09760369208026796,0.28415075737562284,0.10961214795407603,0.018665555579739156,0.3485281545350243,0.1908621745865214,0.043588095189803555,0.6314611128236122,0.5425829384766401,0.6930528890317211,0.6406890495910434,0.8599847567655494,0.8635015327549042,0.5697087976686276,0.5562459540149585,0.6511842980682032,0.5148555537983712,0.48779108581200026,0.4137266684694698,-0.22111156053111836,-0.17750173649410422,-0.39675486943599414,-0.37491201448556855,1.0,0.7663939911496969,0.341248655435086,0.5241608077491823,0.25802262183184926,0.2058395208325574,0.07048928670244105,0.49432906691161166,-0.2525953578464868,-0.3010935785067805,-0.015772769078023656,0.10541163912283684,0.08786620458994675,0.43115621179004004,-0.14730751175516246,0.2537715018083039,0.3426997569149903,0.09700099198020992,0.1490548489468653,-0.17297353537717508,0.10674688427720742,0.041603736352769684
ROI_9022,0.4169942685312146,0.4500962482256287,0.4754305415447219,0.50510914932516,-0.24635709124934022,0.21321123300201408,0.36222506934424104,0.439642852376376,0.2987845198835475,-0.04493369122155966,0.41097518245863,0.5216636621996311,0.5135974339820981,0.46533578894187044,0.5606176797818515,0.5851650842848735,0.6468632395460207,0.589630553546403,0.5070405038299974,0.5796189641786775,0.5012478741628711,0.652067464726268,0.3880585545788504,0.35654053698897825,0.35371235870107076,-0.06022547925367733,0.23581102179049157,0.4199120373011902,0.6346337019890639,0.7604888498073616,0.5752745354082646,0.4849858589608294,0.44452623707682687,0.5059225870433675,0.5197934892972439,0.54390303037247,0.8506163606340348,0.7532168492560972,0.7879633675953452,0.5320296075122483,0.5619073699752003,0.7724219891314226,0.5797854553876983,0.6250690770146375,0.5668964110575987,0.514691386169284,0.6517558319037728,0.7209976104757537,0.5059580827331613,0.4597392432709274,0.5783649096175302,0.5107989814335503,0.5634881303148295,0.6065824044368191,0.6361816906619586,0.5387567446163957,0.4584495302516663,0.4175795131728179,0.474005535595571,0.4739694465111898,0.38383282321435197,0.35057072849406734,0.5358412236213028,0.35609937867412655,0.5123219217681239,0.462243117776941,0.4133227110091533,0.457725742406713,0.4578933654706191,0.5206207380490792,0.11429210304800479,0.1683345964358395,0.353765796373873,0.18096895045013708,0.16263878054760741,0.45781594357437005,0.17765456591365592,0.118504688102324,0.7623908026087418,0.6870551189022536,0.8304792864281928,0.7510287960634692,0.6940080228826645,0.6994463848682521,0.7156550769538035,0.6454882140716038,0.5547824868737369,0.5942274764596533,0.5816807000753128,0.43756562077212063,-0.31938204662810876,-0.20687459246575104,-0.4990922164895078,-0.49340231798153805,0.7663939911496969,1.0,0.5186974314295645,0.6269119885053961,0.22797478926477965,0.33095571203876706,-0.04862448740663226,0.5553064452194039,-0.40487082766800064,-0.4461923042571728,-0.17563703367386754,-0.12055695351748204,-0.03727007386771689,0.35768362968097567,0.004353407797397964,0.41549793108863636,0.3001936664816462,0.4001159443643562,0.25618584752021906,-0.2571270254908845,-0.04848245258330933,0.16541946621958717
ROI_9031,0.7914412025858563,0.8637738102759427,0.748946919877336,0.8573968938440789,-0.6358585427363537,0.18731992091755512,0.7289773060647227,0.8610338748002454,0.24964445457795034,-0.12582075195295367,0.6256857423909895,0.8323599977890324,0.5852391256946567,0.8828985644664616,0.2922139465877022,0.40067814403873797,0.6777085081467633,0.7350472706394471,0.831131103748078,0.8374985867025047,0.5027679552966503,0.3819300571026693,0.701896415522388,0.6824894371252694,0.06398800328381235,-0.3546689824913292,-0.11368026774767716,0.6255180041838003,0.763432457810925,0.5970081458735987,0.6647741270358097,0.8414764083368338,0.7728256685195725,0.8255328907467453,0.6958985848530105,0.641245701541918,0.5096733609438977,0.6924983710141605,0.5620192282143667,0.8189072567706056,0.5237351360007017,0.4769443683292199,0.5473465916118692,0.7543754688471142,0.8016429875486198,0.8833631369067532,0.6082846067754389,0.7234625435418021,0.7527193620773683,0.8814304392025923,0.7781637688314131,0.8462375041837248,0.42287947625279854,0.6909583079179055,0.7390866111758968,0.86239045351628,0.8483253026122463,0.8603814571934558,0.8189021127749992,0.863384218099678,0.7827893073499697,0.8363394567036627,0.7156169589987179,0.752755603201789,0.745763779498768,0.8717426739376515,0.8226361749331984,0.8747603169127737,0.8417693367772288,0.7115022890776099,0.28827561992154777,0.7438886587851758,0.6836141103220279,0.5593592894216237,0.6039011273201493,0.8059029360128869,0.6887865336547918,0.6215882200015216,0.32009689260599905,0.5574466947758826,0.37587557688129647,0.6785253896203328,0.223148174930092,0.4937452986660469,0.6159321855114996,0.7540789848431031,0.701597074786023,0.7761589072926676,0.6315491221249052,0.7636479484590264,-0.14889156274342213,-0.39191631169334956,-0.6356573702769946,-0.4958226830192068,0.3412486554350859,0.5186974314295645,1.0,0.7797193028229479,0.5435625122771086,0.32542509547907383,0.40285817915687977,0.565033586026387,-0.24589771818151118,-0.4047324675138488,0.08950006580030731,0.08394854763824555,0.38087539100133994,0.6051319269796112,0.35959143908221736,0.6602760897223836,0.46348905219827236,0.5909956126756617,0.1283802146829034,-0.09445218500654656,0.1236510355973257,0.47387263423206716
ROI_9032,0.7487682874236748,0.6892942869542009,0.6589061387375567,0.7052862578950073,-0.3339044825679554,0.34673797182740335,0.6444646014732847,0.6576223376298567,0.37752174008303563,-0.0658009591693046,0.6471602804928375,0.6773778145514214,0.6529532542421832,0.6484779948709065,0.523554706832773,0.30112409046527217,0.5018150277628745,0.536082946186407,0.7268267439410473,0.7844835209828265,0.5617462895692948,0.5381107309892106,0.5848102567925225,0.5584055908029852,0.34579818863904377,-0.11956248244597052,0.2233185402423365,0.6196024858861284,0.6542985523495385,0.4976624020955048,0.4650982917031858,0.6154429723118995,0.6423053240399378,0.7292092002630014,0.6626324900242029,0.6849680068904346,0.5964691740820602,0.673337644485933,0.7379503563188485,0.6742424893473802,0.6888139062107573,0.54145471784551,0.6529552104877989,0.7192384821939725,0.777276679663779,0.6434951620214336,0.7194970654011401,0.7423439246036196,0.73519151544146,0.6818119763139836,0.7524123508589187,0.6654369438840885,0.6695570441113686,0.7087093182411491,0.8111693829147933,0.7379058585276358,0.7448282764446573,0.662371197103364,0.7301012942470534,0.6909663213820786,0.7062265394145525,0.6646185428902888,0.6697085274392474,0.5625402683353347,0.7115234260905801,0.6518634825331115,0.6611594925592439,0.7114495029055973,0.732746918279589,0.7030282311580028,0.4289861341673643,0.48213260535594943,0.5366146553016777,0.593256376138778,0.5789886825433043,0.7401244007093362,0.5919474067718158,0.6249450664768539,0.34702654389495596,0.3874070747275552,0.5129074304017538,0.5481491502426495,0.44138783307395263,0.6250767457750179,0.7032274979134743,0.627567060543315,0.6747761248793456,0.7873956222093935,0.7951920818206455,0.5618134683482408,-0.31474915071980736,-0.16330069820374593,-0.6140548853025205,-0.5123190118893128,0.5241608077491823,0.6269119885053961,0.7797193028229478,1.0,0.37802676890378945,0.5799209534235541,0.04339460854721874,0.707436319351817,-0.4615075009720288,-0.47679385810975167,-0.14027289785573868,-0.03479315207502949,0.023944160307255158,0.46071585274744153,0.20563385987780955,0.6681962265969597,0.5120237179419745,0.6558289120827171,0.46805685782193907,-0.2045149307756924,-0.004933438882016677,0.46561575218932305
ROI_9041,0.5127797668787865,0.5923221173502426,0.4290745718211912,0.5781152891833855,-0.348583088287977,0.17356445749984087,0.45553916380871556,0.6448423568570394,-0.0220092764599055,0.25069556873496474,0.31289173215106786,0.6202028334486562,0.23266864945711405,0.638591657337762,0.04682025765957757,0.5487464726962621,0.42159041719534507,0.4256673949506265,0.5613099081683928,0.5675430923256544,-0.07154864913056096,0.19664068955574684,0.4409925240684122,0.48632463595618497,-0.09832675325532567,-0.056492418869610504,-0.3040179384826353,0.27181197116742445,0.45509712330026036,0.3138579209344509,0.3969938159889049,0.5424924674545316,0.38857670009400264,0.544455287876307,0.41848153472380856,0.32164713815986845,0.24053801445402365,0.4105737475748529,0.025850119538526665,0.43319261718058916,0.07044405463450776,0.2763980397098038,0.4037446636289816,0.5005170149864832,0.3020410969387856,0.3682619286950549,0.22580420528506479,0.37444522252414036,0.18948283151114972,0.44437741800168123,0.19938276463706467,0.44952147706369466,-0.0295766484341216,0.21000476500911283,0.23840295036692763,0.5866538768018359,0.5002301877788429,0.6632533175803647,0.4071224164325432,0.6050928479426742,0.3506915794147764,0.6032281168812116,0.34922903283639345,0.6017270805387707,0.1956555428587624,0.5173423967857949,0.5366729777790672,0.42727351846984435,0.5026150002677926,0.389792275386511,-0.07611566366063731,0.6263482579324617,0.5299210242448488,0.26068571711402216,0.14434058797357754,0.3489345074400833,0.6223668868369949,0.4809551712846121,0.17304204122114156,0.4754132438678213,0.1541566974787569,0.5086464637343637,0.2050315690030049,0.32611087757617524,0.2407002674166424,0.6011980552769797,0.39422226965818347,0.16929468018448485,0.06216395598139476,0.6803430470578403,0.6295952905747566,0.24193177173591204,0.07579507366018982,0.2054863491983419,0.25802262183184926,0.22797478926477965,0.5435625122771086,0.3780267689037895,1.0,0.43555957242214755,0.6708058546458786,-0.0340716875753278,0.4221433070496965,0.28455451027558876,0.6538390040996385,0.6195127178642716,0.6524476744575698,0.7068584262895452,0.034156673680956796,0.2157375473665489,0.7605329344841367,0.2978421620746896,0.01097059483803147,0.5532514452395313,0.7121217166803879,0.4044334433855467
ROI_9042,0.44006831725535067,0.24555745361535158,0.4041472164941707,0.33233357021085586,0.30825157123081554,0.6856686332235713,0.5000609644676077,0.29238930706351235,0.576543936638507,0.46011140820081153,0.5747578058215386,0.4194630840956373,0.6392998072757733,0.2805440973323472,0.6586968318556196,0.30215137845999845,0.1884624472098969,0.18879929933426953,0.4511766313324081,0.44242430072135175,0.39444781889142716,0.306363717635865,0.4658133020275633,0.4533106260666624,0.579977856109641,0.3160850441641145,0.5130122072483759,0.43314955409959816,0.3819209765437957,0.2502053754372044,0.26834758939004705,0.23655328160949768,0.4529699018907968,0.42569954827007767,0.4237968064862901,0.4135019561426679,0.35352649096247213,0.4085769468050209,0.3174901754030459,0.1736591825475001,0.49117758187039773,0.27171277547622646,0.7121155777036031,0.5959913990591836,0.4973403122387226,0.18135081686858084,0.6390079343219841,0.3896784914585398,0.434252660226882,0.22125733763875946,0.37842706293785683,0.20038610626848288,0.5555152206592404,0.4018662041167211,0.49391533989565,0.3122300115853097,0.39196388620659955,0.3411005195587231,0.43108710369425235,0.37973647725641535,0.520335415660006,0.4075613388812878,0.4610745593693911,0.3745986391409526,0.43679412033021386,0.24425291611941968,0.4204875389020732,0.36929064155613067,0.3690599499498033,0.4478058077876533,0.5270542045514391,0.23482195517764384,0.2982484575579722,0.4491112927267346,0.35607206107378486,0.33658370203829396,0.4516467441632754,0.5677025825831313,0.1750544278289935,0.17302922541188845,0.4426543178834858,0.2644558197246764,0.23613562750571176,0.2375350945038182,0.5222117416374112,0.3487112087859688,0.10597723190855922,0.2757291177544445,0.4930039731649861,0.2573885052621444,0.0884091389633477,0.5034367894534029,-0.07734117270708686,-0.06299530838937718,0.2058395208325574,0.3309557120387671,0.3254250954790739,0.579920953423554,0.43555957242214755,1.0,-0.2336136479560425,0.3182740912674841,-0.25753900929792845,-0.12193695274857126,-0.16242867065362596,-0.08299546940184502,-0.26748651069363927,0.18132462004851652,0.23404727650807125,0.432389353399704,0.6905948839602615,0.7351661201422867,0.761137434483235,0.09512724824389344,0.05298744870324573,0.3229642748825628
ROI_9051,0.28986503416810444,0.4882713272393002,0.21569684754834978,0.41206681117866134,-0.6356336517988138,-0.32346151546952795,0.23450742405894914,0.5105726488765769,-0.44020383354338977,-0.12586848589624183,-0.012716491047046703,0.3848688500015293,-0.14669225746470252,0.5565502043066162,-0.41362212169625256,0.3114833222587631,0.34041646825125277,0.36281825999646145,0.2860009721189976,0.2776102378711818,-0.36652743025072365,-0.10537884245224163,0.26781610736075534,0.23379539886465836,-0.46292257003211873,-0.20268137233307573,-0.7034329321029567,-0.05043255225945004,0.24594835380310387,0.1588571456418817,0.28174282484558005,0.44869532151992025,0.11498602605983037,0.26766769449762623,0.17231786028070042,0.04867680966724835,-0.037183147057633925,0.17066700199205487,-0.18278049227223825,0.3884473814075518,-0.2732171578024045,0.025348066781281077,-0.0921023497433247,0.12293349021363299,0.04102084082130122,0.3384687770733816,-0.22889928617441965,0.10300674332516065,-0.05082008110215981,0.39323544328283017,0.0024981565836991585,0.3980473657030048,-0.43323479711288215,-0.03463340089618102,-0.0405587412518843,0.47984556873047773,0.2790094436130735,0.48500550931627034,0.20012895409704126,0.4083556359316289,0.10682064574417018,0.39197912755033965,0.04526246947459965,0.3522270044421245,0.014130163730720261,0.46313983917510976,0.34642702543915815,0.26063655909149236,0.3082984649513616,0.11899401916306024,-0.389183462845252,0.5758060162224808,0.4209670733933824,-0.006460815202357185,-0.028308279212631068,0.17918908084503465,0.40739664577916557,0.1484319642152618,0.018974294699064375,0.34150217580978753,-0.23425926225313604,0.3383700834703841,-0.04672667820489804,0.15726270460727038,-0.12986841990739467,0.35513067550898353,0.3913631414786085,0.033160760417525956,-0.18243623919601978,0.5771406899192338,0.5736481042699992,-0.12492992248322816,0.09564295083986259,0.26956652560014777,0.07048928670244106,-0.04862448740663225,0.40285817915687977,0.04339460854721873,0.6708058546458786,-0.23361364795604248,0.9999999999999999,-0.17720735491865283,0.6467207750140512,0.3983934194465976,0.867881623641672,0.7958976254662564,0.9912652168268965,0.7592531242299455,-0.10621710524924102,-0.04121029767002736,0.31023778184551654,-0.16351241773391775,-0.5116708756833523,0.5311691024999168,0.7712484421918684,0.34050240319262765
ROI_9052,0.5650836352352662,0.524332842100944,0.47738846365786025,0.548564929794658,-0.37146225975159114,0.14587287150978268,0.47254726659418606,0.4946878007696527,0.3621212606728973,-0.27757026547262986,0.4605143557313877,0.4010253029607688,0.48651207984191064,0.4159627945245918,0.4622240030826977,0.05456968078221327,0.2573452785208018,0.3006330186420702,0.5121157077773952,0.5880533601272656,0.5374879329526654,0.589604879780159,0.4244331284999172,0.31462618482859794,0.3289941141634775,-0.24250493536833093,0.27851505876885757,0.5328940596989394,0.37285624407942064,0.3153978752887724,0.2663259760797804,0.45860107435474035,0.4928650349925931,0.5344077217029514,0.5527781890714495,0.6406396018143884,0.5297060125881321,0.5170475521423844,0.7637976039703273,0.6718011096183224,0.6500023763607786,0.5010784889291396,0.5798123779475952,0.57232520449689,0.765672060895853,0.5620548538137285,0.7305474950136649,0.728884148408742,0.757158425861377,0.6217578779490125,0.7450620857213074,0.6079396571214999,0.6795556029555683,0.7701885950174447,0.8267887712687181,0.5903109035652608,0.5529817894121184,0.3881119194032905,0.6551914756310399,0.5358527376872496,0.6070125218453433,0.5091632998464962,0.4240768031137807,0.27654019697906745,0.692921340249336,0.5751665891886786,0.5077417491658276,0.5999599946073659,0.5771056697858121,0.5392273590663353,0.36800739346425054,0.2717654886891955,0.34767623736039843,0.4921416065657773,0.5846170939595341,0.6739651962325977,0.4294551063018374,0.448218261294354,0.2327014081410663,0.1854224425163255,0.4424607294621494,0.3351100918530091,0.5062447853634431,0.6287156703400963,0.5757237493524239,0.4242051282175518,0.6893184608889706,0.8218995455437695,0.8746570889438231,0.4021787824975407,-0.6817282010763686,-0.47667978782931947,-0.8608187315965108,-0.8159576864060145,0.4943290669116117,0.5553064452194038,0.565033586026387,0.707436319351817,-0.03407168757532781,0.31827409126748407,-0.17720735491865283,1.0,-0.776053998586318,-0.7984437509856136,-0.4640067453106307,-0.37379400190026907,-0.19027560478426833,0.2748565433135141,0.10859243652915493,0.4601528685748901,0.2366314081157685,0.4887789885172391,0.3887151368982468,-0.6523687415499849,-0.39354489310577956,0.3624257364832609
ROI_9061,-0.2642852286381565,-0.16606922644741967,-0.24774810095052238,-0.22750821111917297,0.0464166909600863,-0.2402572999586609,-0.23921590666834583,-0.150791309008913,-0.47902761900306357,0.19056436408151,-0.35371293057925723,-0.14038399184730266,-0.442814066943842,-0.062460003905699175,-0.4957517405837313,0.12788957690174044,-0.06053354445265064,-0.09100989964215561,-0.2601707513154808,-0.3016446459748521,-0.6285609157475944,-0.4669269470898209,-0.20382568154322359,-0.13560477685241057,-0.43264960490971005,0.2109835344525489,-0.5105173348952322,-0.41105944614826007,-0.17892504194352207,-0.17624909251141285,-0.11607872828924824,-0.1697029677461233,-0.3466968705252287,-0.2921975343748424,-0.3692417791194202,-0.48338859108460935,-0.38737214391567515,-0.27660803394397787,-0.6717763309689367,-0.3290797606137037,-0.6322461962341519,-0.35681152462497884,-0.47408780334030737,-0.3656092763892203,-0.5943652087565139,-0.3238977536188898,-0.6709101815427367,-0.5051044220478014,-0.6465934948409612,-0.3089510577845344,-0.5880860810493835,-0.29771853205845106,-0.7008112550972228,-0.6542957281411586,-0.632986205547973,-0.20155647716266706,-0.284445727840166,-0.05327187864559899,-0.4252763463320462,-0.2354404733947851,-0.43992230384603287,-0.2263385683950973,-0.33519405251663514,-0.07773580711050401,-0.5384605527918253,-0.2531744627105723,-0.24662029013260686,-0.37313418262910436,-0.29950680327032303,-0.3046011340851635,-0.4662647175805578,0.04296435191921908,-0.05167815756653429,-0.3571956285357723,-0.5007313298396687,-0.4482071204044445,-0.10902739461771578,-0.25535620379077667,-0.15511329481691208,-0.00995110091087993,-0.4257653584370102,-0.09626971802007517,-0.33176056111301866,-0.3309295066041388,-0.49431839504116526,-0.1542893007458853,-0.3089488815252258,-0.6338727480421288,-0.7215680743389514,-0.03043874123820477,0.8745172073203756,0.45990205840774706,0.79750575525768,0.8800616505051382,-0.2525953578464868,-0.4048708276680007,-0.24589771818151118,-0.46150750097202886,0.4221433070496965,-0.25753900929792845,0.6467207750140513,-0.776053998586318,1.0,0.9381379778365153,0.8825871048303794,0.8083525075575173,0.6616642518937005,0.27311393821303803,-0.20325388232178593,-0.39962532043839705,0.09088577581807346,-0.44983375461761665,-0.43274633794561923,0.8927853061569632,0.8232245358120275,-0.04437505051288984
ROI_9062,-0.3603035124902541,-0.34817259968513914,-0.32592843806064675,-0.391742630584965,0.3214248841563945,-0.09829891938545578,-0.31509421428049933,-0.34462151520136436,-0.36787599736383114,0.29085560452829673,-0.34383718463639507,-0.2715085907793249,-0.3994463487579822,-0.24055141787962772,-0.36368131563021794,0.03711783989239489,-0.19322442287543787,-0.23444695534229312,-0.3738319812293566,-0.4080094897598193,-0.5753706359037973,-0.4847251567553986,-0.29837901870972916,-0.2049846177149903,-0.2833148543084659,0.3937727617140036,-0.28695940035584855,-0.42860149983907325,-0.26601881701499425,-0.26112822012376896,-0.23968983986386297,-0.3541771425978864,-0.4042351175228434,-0.3989004451657994,-0.46991779565626646,-0.5427549958456955,-0.41702203776385255,-0.3506381187205065,-0.6955178374440315,-0.5085306002115866,-0.5728149608851679,-0.4087123512415849,-0.49167145281684227,-0.4410946040548536,-0.6780393384712794,-0.49293403654153106,-0.6674372825052235,-0.6065434942307169,-0.7071522464952843,-0.4809757933086891,-0.6503026074478311,-0.47560819869861126,-0.6021140929343466,-0.7438523287832571,-0.6677433118718537,-0.3679120272399435,-0.393557398385544,-0.2019996634211297,-0.53291547820402,-0.3994019820635664,-0.5059629016430887,-0.3762194621776357,-0.3629702476154354,-0.1946383532790692,-0.5891234056383492,-0.4523405198168313,-0.3831200726520166,-0.497740488411367,-0.4268452722709638,-0.34113614475806725,-0.3357698544854117,-0.13746532479999085,-0.16383108070886607,-0.34419984115930924,-0.532193689217583,-0.5544427570840562,-0.21575953538291257,-0.2802768865219982,-0.186408714699379,-0.15677073372730638,-0.39089940217685293,-0.22650645198832606,-0.35427473557547307,-0.4101946125150429,-0.48131991897925647,-0.29013107364637614,-0.4719993162224408,-0.7148262862492395,-0.703954929351864,-0.22757661542926397,0.8222907210402561,0.661402448720928,0.9106026752671083,0.971447907494903,-0.30109357850678053,-0.4461923042571728,-0.4047324675138488,-0.4767938581097517,0.28455451027558876,-0.12193695274857126,0.39839341944659756,-0.7984437509856136,0.9381379778365152,1.0,0.7431347660739396,0.7142179641333075,0.41247911835011797,0.10939837231870718,-0.18095293349959857,-0.40088506249997785,0.06532238584167623,-0.416991135105206,-0.2151464698364872,0.9052368639530631,0.7364503855251398,-0.09970683909494749
ROI_9071,0.060440634999765416,0.19300523809515685,0.025968486454580036,0.13047914373129352,-0.2782281226798327,-0.23814634291019446,0.03555261118983561,0.21337508523734866,-0.458900655913422,0.06312500921377644,-0.1723236949800271,0.13462979389511,-0.27939583613058033,0.26143230817110863,-0.4151908310277868,0.263929677139185,0.13326999798393632,0.12451232334541987,0.03875055214060894,0.03296384042363337,-0.5462790327069895,-0.2340327602726419,0.061384341235622135,0.0793964323360977,-0.41176272699390626,0.06349733501157628,-0.6006181154101591,-0.2226114070223696,0.04523285519083537,-0.0194968319335801,0.06165443266305801,0.1380948649724423,-0.12335879855696257,0.012898721978308885,-0.06728752132894539,-0.18657921774531153,-0.16153252331434356,-0.013815798796731631,-0.41117464221696126,0.05653023170603203,-0.4272964365725673,-0.12699331317473744,-0.2211052772844835,-0.07438475748371476,-0.26895275584038636,-0.024007702691463285,-0.4253965542096434,-0.15463561188627903,-0.36083146045632875,0.04486636341109584,-0.2943781142587041,0.05611287582629386,-0.5348236106989077,-0.34591291135716207,-0.30969002187326666,0.18326818775038228,0.018108485089449053,0.24841799475347023,-0.09124258894804531,0.11652021547071392,-0.15791061767481995,0.10585888571460927,-0.14699073970333948,0.13449832311396046,-0.2537530022067379,0.10893226705832858,0.07467276790352073,-0.057389320585938326,0.03204936125365405,-0.057668268588539025,-0.4336111133360639,0.3204059288076664,0.2131223426464759,-0.17227146992691628,-0.284819396754066,-0.14276972628581452,0.1962225212920471,-0.010900248319727222,-0.04241756127492444,0.17512347195971603,-0.29869876318026056,0.14694853738234037,-0.09804665134509093,-0.008532332390592824,-0.2900553779331147,0.13710841820251637,0.10078181052812005,-0.303470003826517,-0.41821442212506355,0.31638032607744926,0.814329191136182,0.2811222797443642,0.49897140066782064,0.6469825103677738,-0.015772769078023656,-0.17563703367386754,0.08950006580030731,-0.14027289785573868,0.6538390040996386,-0.16242867065362598,0.867881623641672,-0.4640067453106307,0.8825871048303794,0.7431347660739396,1.0,0.9360982322109419,0.8772100408332509,0.6190860339780349,-0.22749014994234787,-0.24232367758925297,0.32427355667036795,-0.29963711886933486,-0.41274844071269867,0.8027723877515199,0.9293586209172009,0.2137709376014453
ROI_9072,0.12155243148116773,0.22130456398900528,0.06380935710235675,0.14686867476715423,-0.23693517881269555,-0.20417470700312668,0.051944886248345395,0.2090156065038575,-0.4141063033207184,0.03993227184322841,-0.13469591779454573,0.13673497353166134,-0.23236667143554923,0.2465898228244513,-0.32827933821493727,0.22969604814001104,0.11060761598198912,0.09401479884369532,0.06903815886291305,0.09563285440176468,-0.4991365420668965,-0.09778360105461055,0.05073030663860774,0.07754514692398937,-0.32313502653481824,0.1159447869004954,-0.4969255600480345,-0.1638779805856085,0.05514505842663635,-0.02085627992240648,0.025733320053119055,0.12814213240545033,-0.12681246687917652,0.04838595420676903,-0.031794583849199906,-0.09257684083026119,-0.08590804135189868,0.04187331232597089,-0.2999506207920283,0.10139722974317364,-0.3134924424274338,-0.05953609811840116,-0.18135459716065783,-0.07344564621795567,-0.23707025891476702,-0.04073670902084742,-0.35258671922389584,-0.08435413888107521,-0.31172236165978584,0.06435514480286135,-0.22176467300925953,0.07725375893912956,-0.4157908577344188,-0.30770450012965356,-0.20794869185123038,0.2438119519880034,0.06110570660949337,0.2599419247009914,-0.04888724944747388,0.13204751730120787,-0.14693943931153758,0.08916080733105479,-0.11172704316559488,0.11101431039637179,-0.2237525228536798,0.07920218984351493,0.08405095468381651,-0.04329428428643635,0.08040162882448669,0.036161537683970076,-0.34885015749816783,0.28711192918717593,0.24057454563301814,-0.0969088328955316,-0.26026819991642774,-0.09762404302632156,0.23588178912719743,0.03553973576461725,-0.0089064036285008,0.15126387994533497,-0.21341960869409496,0.16987186054626827,0.05575028626794177,0.14391191586892027,-0.1850758681653791,0.1636318732399296,0.2042855724252437,-0.19442961210462475,-0.29322309462977003,0.2929451798967666,0.7254534808449898,0.31297996073931517,0.455125390101129,0.617451572519139,0.10541163912283684,-0.12055695351748204,0.08394854763824555,-0.03479315207502949,0.6195127178642716,-0.08299546940184502,0.7958976254662564,-0.37379400190026907,0.8083525075575173,0.7142179641333075,0.9360982322109419,1.0,0.8066517154548418,0.65309444028483,-0.27303158850738635,-0.2071580968010549,0.3999756462946659,-0.30630529997730066,-0.30404234352212506,0.7850989137427065,0.9220725654306697,0.24735531828465113
ROI_9081,0.2697785814667771,0.47307877752034694,0.19841615144805566,0.3925269185402305,-0.636206244462231,-0.3552149099086593,0.20907370489247026,0.49143178162653395,-0.46807974039167216,-0.14517761937939913,-0.041297373940392554,0.3639928428746937,-0.16838199177834878,0.5364664566371439,-0.4303080982187326,0.31196280789726405,0.34074295018846557,0.35920944451996667,0.26172376675685133,0.2561687701064195,-0.3834351312039593,-0.10372462492246845,0.24203746718349234,0.21034441035154183,-0.4790731709471814,-0.19650873087590903,-0.7098989191868899,-0.07825514818704535,0.23483354036418544,0.16276537153639056,0.27536912171025585,0.4347987007478142,0.08894291530049493,0.24596796906772692,0.14669401467253726,0.027665117879201926,-0.023585885401505288,0.1715366167695695,-0.1806533580114771,0.37636077762699194,-0.2892775248439693,0.039219514816984664,-0.11291172965575122,0.10164959130728458,0.015368423383000537,0.321772419802996,-0.25039070625492893,0.09139602047767428,-0.07447179066622726,0.3748113598856751,-0.015443950617243116,0.38330818850749127,-0.4500264736963448,-0.055669772226158105,-0.057218170734300966,0.4626007678348423,0.25985682306361924,0.4645769825871265,0.17595817211404705,0.38362595409614625,0.0731709447764063,0.35603079442958857,0.0211297287018408,0.31989517845544596,-0.012464031292355725,0.438029277283865,0.3182149796268949,0.23356067639863248,0.28552953406008397,0.11003406549116909,-0.4162317017375634,0.5499169886288244,0.4073966176984461,-0.032843293588769175,-0.07180702003636676,0.1525379806161746,0.37166346395213296,0.10423867423700629,0.04312172747852346,0.3501562446235326,-0.2256393006583394,0.34001617706650733,-0.02945573823951712,0.16869776608291592,-0.1416991957892053,0.3414697715092966,0.3918103814636095,0.01520095980469525,-0.198785066093472,0.5612123801480609,0.5696853175369071,-0.13413966193919874,0.10346787130606644,0.2782972802743334,0.08786620458994675,-0.03727007386771689,0.3808753910013399,0.023944160307255158,0.6524476744575698,-0.26748651069363927,0.9912652168268965,-0.19027560478426833,0.6616642518937005,0.41247911835011797,0.8772100408332508,0.8066517154548417,0.9999999999999999,0.7673579598333521,-0.14139744964746304,-0.07129426135616103,0.2876814770621283,-0.20104036000675088,-0.5334653685173331,0.5305746963796721,0.7777384149431185,0.2995878493548125
ROI_9082,0.578536380235608,0.6822638084536081,0.503711596783737,0.6403475138985442,-0.5742055338820922,-0.057645602838491954,0.5130402150249617,0.6933495949979492,-0.12925176161231644,-0.09154153055698716,0.3163315328083729,0.6017830659547607,0.26274340798837625,0.71907853990496,0.05818050713430434,0.46632482328094593,0.50666376128116,0.5142579940344012,0.5475302467849134,0.580824762334325,-0.03856481247589753,0.2633965914341652,0.5307230531426568,0.44993980101372577,-0.0400011642434179,-0.04403501758513644,-0.3203438010191407,0.22912558873847932,0.506314889897787,0.4136699314537881,0.4809918043420909,0.6524338201656557,0.39484200828443355,0.5425154623094249,0.4593489952894372,0.3949554557691537,0.39184490579069614,0.5643875633991721,0.2716810508367649,0.6601429328136968,0.16284605839829908,0.39152566400049404,0.35371329955809316,0.49430038175281776,0.42494531205851455,0.5246234055399752,0.26618709080554076,0.5181328515443272,0.32999413624144364,0.6119393376038398,0.38526487341973004,0.6283713507829328,0.050724096308437334,0.3432689945856913,0.43826571224002203,0.751653479759001,0.545618480805909,0.6559072309138904,0.5171790838333427,0.6435454357182421,0.40929983500389255,0.5688466446078076,0.31296323374376894,0.455180969813506,0.3817526167327242,0.6446008262534489,0.5947941584985831,0.5197587522535959,0.5617199602521665,0.4819843981892424,-0.07827685184073131,0.635415565319566,0.6238918821535665,0.2769272666118753,0.19955191577354367,0.46207094143172217,0.6158549739712624,0.3780034160457692,0.293532277062936,0.5014420470827204,0.20024442780241306,0.5818370379278838,0.3538585455436586,0.5678434179362903,0.32234577446660806,0.6012686699049484,0.6866667464209573,0.3971695539131543,0.32676831079647756,0.7214904390009602,0.29813846166291175,-0.09105156871845839,-0.22092850849711668,-0.016745300789719045,0.43115621179004,0.3576836296809757,0.6051319269796113,0.46071585274744153,0.7068584262895452,0.18132462004851652,0.7592531242299455,0.2748565433135141,0.2731139382130381,0.1093983723187072,0.6190860339780349,0.65309444028483,0.7673579598333522,0.9999999999999999,-0.09200860038724903,0.18961040703295884,0.6008003171393993,0.16257069997517523,-0.07349653769577119,0.30328054936158977,0.653995111793943,0.4564495135120407
ROI_9100,0.17503317369770935,0.1600660094533888,0.24568022465100683,0.19598948438477398,-0.010905826213257162,0.3507443245686524,0.25396068820906154,0.17259396953336414,0.25538391707573427,0.15351200921176913,0.3902259297267899,0.3256245437515766,0.4018253648712741,0.2866335882521723,0.26019088573765725,0.10526202574237155,0.28979494241958775,0.3189231926057026,0.26337881170491684,0.21288665178363683,0.412662500908035,-0.04902108433654559,0.3449015415928439,0.3482965820930088,0.23756171398721834,0.045433008340477525,0.20183755678373708,0.28511974907188953,0.3530385737023116,0.27288486930959605,0.33374815073589054,0.22688842895709255,0.39260346649038425,0.24230237504961596,0.21540436268580815,0.16376845095139872,0.04981992323371796,0.135059225009529,0.08373422679256974,0.10246723670435189,0.27731106657132465,0.03945023181749736,0.17742603748250413,0.303975332625332,0.3600529976748834,0.3767118418464798,0.2519495681457879,0.11042102539834205,0.3791848851033973,0.2587480056185592,0.30594335586184895,0.24417596070342515,0.26702274086463196,0.2614053518149663,0.2178802824078914,0.15354642512194375,0.27311990265213737,0.2639305855500562,0.2492713224491498,0.24064220888985385,0.3674584437950283,0.30836824391307976,0.4442816447721622,0.3814665987873789,0.3630286545212555,0.29831581194897144,0.28229192787487506,0.35798827432909053,0.22082438277535402,0.22701314683190144,0.3160800796559398,0.19152070593418047,0.16251180355377476,0.2733771615395905,0.3537462784751695,0.24624566370683398,0.18976288066345093,0.2733959660055917,0.11459804190401653,0.14590066879396144,0.13424622352931542,0.16374049765925244,-0.31742996248892746,-0.2187626325198227,0.2562749763910599,0.20626457126099498,-0.09456480911319089,0.1934040268991102,0.21279927582651778,0.1376646328254197,-0.12087899663311577,-0.029897590900080408,-0.1659925480192543,-0.13947388750157907,-0.14730751175516246,0.004353407797397964,0.35959143908221736,0.20563385987780955,0.034156673680956796,0.23404727650807122,-0.10621710524924102,0.10859243652915494,-0.20325388232178593,-0.1809529334995986,-0.22749014994234787,-0.2730315885073863,-0.14139744964746304,-0.09200860038724903,1.0,0.5656910515040263,0.008752367664832889,0.4747369229456701,0.2664360201779159,-0.0743194540131458,-0.1747574602643183,-0.025635711647353013
ROI_9110,0.466062003455659,0.4537483552261134,0.5095390449281948,0.5162929256374205,-0.20331481053277223,0.4382456830380625,0.505738987965916,0.48292656408926765,0.3481711188462098,0.04294754612146695,0.5485681393059425,0.5877013394782429,0.6335186459200516,0.5418767393920862,0.47061293817768923,0.342037843623467,0.5168138396471212,0.5582823515310001,0.5550543383275167,0.5421826110322016,0.6091977520389278,0.31796477187498745,0.5473632298128799,0.5406906389222748,0.3451643355718461,-0.06424488946233875,0.26072320280960637,0.5265788116489056,0.6329801091497398,0.5325101591802018,0.5788488455608969,0.5482594549589792,0.5816601858847603,0.5441544732031687,0.5321897073910954,0.5033884725515629,0.4517803397897097,0.5481212027628934,0.5644076177264332,0.43271804184660423,0.5861244175021271,0.43656135149352826,0.5067585499832362,0.5998759891829063,0.6557082490502072,0.6122398228959121,0.6026750409281743,0.5225971932518892,0.6278120643986875,0.5186730169996214,0.6111496174639113,0.5060617327664444,0.544082776927924,0.5853308742502519,0.6066810661041218,0.5195562675632959,0.5306971770865347,0.48511221959025946,0.5569454597486817,0.5136713408037734,0.6106673850806746,0.5221306459354237,0.6580110503284516,0.5226097940917145,0.6039788528305493,0.5127640991105025,0.5417699303711508,0.6110964709546942,0.5193129858093954,0.5113470273802062,0.4614804108816935,0.3886653494057989,0.3903172158367423,0.4222183545275152,0.4974556334768012,0.5634005186566714,0.43237559113552315,0.4832783895009337,0.35204282621055477,0.4247553806662077,0.4342493548373634,0.5050442880163344,0.07565302291483143,0.25071911023740967,0.5722240118690518,0.5084450832738013,0.3125712809597081,0.5547621754142165,0.5778558123375488,0.46494557106417406,-0.2609869011847125,-0.12961963053604386,-0.4711796348843816,-0.40814720451091746,0.2537715018083039,0.4154979310886363,0.6602760897223835,0.6681962265969597,0.2157375473665489,0.432389353399704,-0.04121029767002735,0.46015286857489,-0.3996253204383971,-0.4008850624999778,-0.24232367758925297,-0.2071580968010549,-0.07129426135616103,0.18961040703295884,0.5656910515040263,1.0,0.28336736149714226,0.6727267586589728,0.3863980225778745,-0.19289671056447566,-0.1586673077056851,0.24430453136889616
ROI_9120,0.6030696041734385,0.5366082575278339,0.5257962162349576,0.5754969877245769,-0.11487811068521969,0.3523625077056558,0.569190496240097,0.5891070156292847,0.22529021026995544,0.2652887546987941,0.42133119571187383,0.5120194650663913,0.39866717193261814,0.48855875125452847,0.31895813870440987,0.3703162723434149,0.22409672774443537,0.22348120179921413,0.5714777090569552,0.5792412189771059,0.07780286718750236,0.3953610565690575,0.5381497825053535,0.5065351693825888,0.25224748777034633,0.09712395153578257,0.046074468411756206,0.3787709579596943,0.3726031384074456,0.20211813781002344,0.29550007338511436,0.44888714127043555,0.43154830931833826,0.5413203825616257,0.5137138961685827,0.47879694791561916,0.344347778635694,0.482806532237467,0.21687926481520292,0.45172651038386513,0.33871962377585163,0.3289482865868047,0.6251918357938011,0.5568196535656683,0.42397852344939,0.24983130011624802,0.4913728324364719,0.48242461819213556,0.3229689789037124,0.3898272079081381,0.3239938865305389,0.3918330336802587,0.2654305746187594,0.3627763082336357,0.4666799307986292,0.5803642678903337,0.5277555643068003,0.5754666275513964,0.5248338204833443,0.6028022645212435,0.4693867578984573,0.5554908944312493,0.32159823018768613,0.4539868566290796,0.3613957783578495,0.4377496965693229,0.586534254732067,0.45592140073867443,0.5477596181864989,0.5023876904286314,0.254970566827079,0.5174955769652126,0.508027762108316,0.4450644885182956,0.2790804459096038,0.3849069308631874,0.702425706891518,0.6227591799253435,0.0981637846306626,0.289515379162803,0.2883499851247838,0.392356858205063,0.41945993891617117,0.48644830588966925,0.39953625782518526,0.5268815478875636,0.4361509353541578,0.31301471487403976,0.3593393239266282,0.5431729734367955,0.3743588167014853,0.34010158165457705,-0.05936496963648913,0.037288212173539975,0.3426997569149903,0.30019366648164614,0.46348905219827236,0.5120237179419745,0.7605329344841368,0.6905948839602614,0.3102377818455166,0.2366314081157685,0.09088577581807346,0.06532238584167623,0.32427355667036795,0.3999756462946659,0.2876814770621283,0.6008003171393994,0.00875236766483289,0.28336736149714226,1.0,0.4422819469757186,0.33391850770385567,0.32269770494367955,0.44822851441969874,0.4637819190574143
ROI_9130,0.49004425711346933,0.3882229781519885,0.5466285175155297,0.5041374971355432,0.008477828795401082,0.6344318713693974,0.5785909638235136,0.4640981435546947,0.5431972347586722,0.31782467591628405,0.7088581236009165,0.5975430013666212,0.7443365065293259,0.49792593187988254,0.6305391723461197,0.3590713150687362,0.4222461805454523,0.45418749115686097,0.582908251475135,0.5179706890224309,0.612107561413571,0.18284954140124765,0.6802149648923969,0.6334356003276702,0.5273530045357799,0.0964440539492946,0.45081883039014936,0.5263060037703101,0.5537031994545706,0.42035660412130244,0.5140641771215453,0.47407377897697245,0.646933582690512,0.5301358043400496,0.5008358566849971,0.42707993652172443,0.33199649631109673,0.42593646375062283,0.45038530894860673,0.3191877900845625,0.4867035861607584,0.24950117604279548,0.6841885174647644,0.6643066395335168,0.7119324928120765,0.5199407355210227,0.6942335393261576,0.4733851973653116,0.6647877383725971,0.47406842589525433,0.579914128810746,0.4540840906208935,0.6198215304252239,0.636379323633902,0.6098004947102879,0.43982488898842625,0.5312803593939287,0.4758717238402995,0.558008531261565,0.5388667890938955,0.7034005483699313,0.6002187851105728,0.6997377276530444,0.5987093471996843,0.6263791636868835,0.5211393232205779,0.5399622062099219,0.5951576623355253,0.4984884704906788,0.4626248482658117,0.5954994706610547,0.384208157750313,0.32367762563795316,0.4473901481086068,0.5773144527630047,0.5218768066024634,0.4278584842451288,0.5577102600434427,0.2215743311919903,0.3095121435261858,0.4266959316336314,0.37227483410854784,0.005109403421706981,0.1264740351133031,0.5850096804213926,0.48034382402731135,0.15330594029424818,0.44720336637573055,0.6158332584456533,0.4293458371955859,-0.14188524778632047,0.11324120283089843,-0.385886205868629,-0.3584191313380208,0.09700099198020992,0.4001159443643562,0.5909956126756616,0.6558289120827171,0.2978421620746896,0.7351661201422867,-0.16351241773391773,0.4887789885172391,-0.44983375461761665,-0.41699113510520597,-0.2996371188693349,-0.3063052999773007,-0.20104036000675088,0.16257069997517523,0.4747369229456701,0.6727267586589728,0.4422819469757186,1.0,0.6568409145144918,-0.17321235803079685,-0.19435831636367007,0.3657427092491012
ROI_9140,0.2622143779569976,0.05012674299510338,0.2750096399251666,0.11775560956583182,0.4146653108787572,0.6220920356449633,0.2776986517298515,0.019325374239559674,0.5313026001123826,0.29128794947397685,0.46338387736664516,0.1867082229087227,0.559108904687386,0.04062312313645603,0.6709530969895193,0.05309293631944178,0.04026609732942073,0.038093794423002,0.2413651133388264,0.2576937112172384,0.48916451093021635,0.2553435672270526,0.30024953656235204,0.282046553479374,0.6399643840945755,0.406343638533958,0.7173700106397229,0.3885026091735017,0.19487679124040527,0.12868808274049578,0.09317037610811489,0.017492624578670058,0.3313561661026778,0.21019737236455546,0.18489823679679118,0.22561486333143765,0.25961344017333354,0.2149834544273349,0.35045097637512423,0.004138566976967618,0.4810141629667563,0.18259200782797966,0.4917737918157347,0.37221385581021044,0.3962307376085704,0.08608237436591079,0.537021902979979,0.27905811725824453,0.41791623338920453,0.11159419354530693,0.38788997882900866,0.11892196578405821,0.6915794599542616,0.3668012555572395,0.45702180441259166,0.1046194541051399,0.25391348444949713,0.12804953856525686,0.2564283297556212,0.14508576403454462,0.3705727877930408,0.17121725822417275,0.3809348576641177,0.17037523980242875,0.37395226407920074,0.054252340749693595,0.16764722018946848,0.21143841963234683,0.20279911709785284,0.3763446205988161,0.5933549570239348,-0.0568022738300152,0.039574072349594626,0.34977094017191807,0.30652729480178087,0.1884136691544911,0.12045114768236383,0.33267839919243325,0.13438663054110017,-0.045498329132823194,0.403850869503593,0.05506118915022445,0.15567346771654864,0.13686285303597992,0.47924676186236337,0.16687512124826298,-0.030169092775755628,0.2477862853926926,0.5583331883939645,0.0223672097123667,-0.22634376855581134,0.41617392063059455,-0.11471510992046897,-0.12141314459257029,0.14905484894686527,0.25618584752021906,0.1283802146829034,0.46805685782193907,0.010970594838031469,0.7611374344832349,-0.5116708756833523,0.38871513689824677,-0.43274633794561923,-0.2151464698364872,-0.41274844071269867,-0.30404234352212506,-0.5334653685173331,-0.07349653769577119,0.2664360201779159,0.3863980225778745,0.33391850770385567,0.6568409145144918,1.0,-0.11958602255403766,-0.2162294211663432,0.12710146196828284
ROI_9150,-0.07830325077807113,-0.06547168417744428,-0.07077679125044939,-0.09425384489454842,0.17158012818654725,0.026622094353102706,-0.05990530360769788,-0.050523972151387576,-0.237751051176223,0.3435592577543022,-0.109575627259414,0.0260523025378094,-0.1859750913498655,0.044742960863611694,-0.23232677337094038,0.21579075172732998,0.0290930156742723,-0.0084143979113521,-0.08052761955332637,-0.11389652460545316,-0.4291018543957933,-0.3199524180510196,-0.040507266636139044,0.04294114457255951,-0.19777041336214904,0.3386787269146712,-0.29473269431647664,-0.19679794653565044,-0.008162916279939666,-0.05851908240712347,-0.011369853203954514,-0.0897899470311489,-0.15906101400973338,-0.12318336749094123,-0.22420965839001258,-0.3292132218821256,-0.24002884617055265,-0.116967992545382,-0.5277036499700993,-0.2697201776004228,-0.42553090987843883,-0.2500634609714702,-0.2530742836730205,-0.15773279263183101,-0.4126187325590275,-0.2350240339792047,-0.4449957321041241,-0.36407850115829193,-0.47786472974181754,-0.21305635054482797,-0.4169793531969363,-0.21277620988208473,-0.4555447191465963,-0.5164125508655468,-0.4373571143043417,-0.08622268424192328,-0.10948785124603964,0.09726160763192776,-0.2678854967459262,-0.09981784999386621,-0.2556470437322131,-0.0930690287292082,-0.11913801992389692,0.08172639960157367,-0.36238236870998486,-0.17414555506490162,-0.10590468296782922,-0.22910538408422707,-0.13451809802854092,-0.0962699042970138,-0.23794408223312138,0.11173199255293945,0.045867106408495104,-0.16935603547870332,-0.3552490961299126,-0.31657186135048354,0.0326380515486578,-0.047544092411470666,-0.06524886234582847,0.047201483180103976,-0.2255282748937589,0.01760888302674094,-0.23486683336487338,-0.2298021569216354,-0.26209466247749946,-0.006585062104254224,-0.26030539614668424,-0.47795357506825503,-0.5188771858771885,0.03802098680666521,0.8545152194613516,0.6459407106245509,0.768885182578689,0.8663349625425959,-0.17297353537717508,-0.2571270254908845,-0.09445218500654656,-0.20451493077569244,0.5532514452395313,0.09512724824389344,0.5311691024999168,-0.6523687415499849,0.892785306156963,0.9052368639530631,0.8027723877515198,0.7850989137427064,0.5305746963796721,0.30328054936158977,-0.0743194540131458,-0.19289671056447566,0.32269770494367955,-0.17321235803079685,-0.11958602255403765,1.0,0.8453639661094569,0.0954763479637973
ROI_9160,0.1418741331445327,0.22050851595693016,0.08384610235877489,0.16199079170992156,-0.16890481794565412,-0.10132848768760687,0.10262586085455178,0.22675006931391342,-0.321437087211825,0.15232674871061938,-0.05096962730612159,0.21551349008889917,-0.12988771294631057,0.28235875626018025,-0.2274689370032598,0.3358194186647813,0.20160012110019343,0.17219759437508408,0.11122371730992293,0.1277315356964298,-0.43303471395930176,-0.11551391799609595,0.11686816432661211,0.12804504769600744,-0.2246502143959928,0.20037810364914993,-0.4349266053413736,-0.13512125015258478,0.14572826137631462,0.08530863698370338,0.12879812738058943,0.16419361880064265,-0.05263204815767299,0.08517756811582437,0.007099659933853482,-0.09374841533522932,-0.020928082624670174,0.1086952414517781,-0.28984686034797436,0.07398581978289556,-0.2917535167561234,-0.0069239531045503806,-0.07002056748844804,0.058198338405866606,-0.17858536098936179,-0.006212524644004404,-0.27159847440902024,-0.05066716048516653,-0.2771095642424419,0.06256072317750266,-0.21293533123173297,0.0781054640370178,-0.3705386410521536,-0.27565477752304995,-0.19083398245512495,0.2284760130034946,0.08618667901004262,0.29550618937424594,-0.026969183311623735,0.16646081297370427,-0.09407761593968897,0.13630829914592513,-0.05019214898993911,0.17961773663244154,-0.1670471592871415,0.12191239064261895,0.12679544166775045,-0.009287728057841891,0.08345389189956355,0.06740392338063045,-0.33568042874083864,0.2973263434355236,0.27120016471762476,-0.08679152361699997,-0.2424828022788639,-0.08252029861223989,0.24960475887944908,0.0668015794744962,0.08328705707818022,0.24724836687968407,-0.11916751450043801,0.239327369662728,0.0316003152031316,0.10309698927084873,-0.12882689511429277,0.22026246520747692,0.1297167579112769,-0.23279176649838676,-0.2960264835411434,0.32784113825543004,0.7960525713397214,0.41292919559731106,0.5004575793477519,0.6492317299837175,0.10674688427720744,-0.04848245258330933,0.12365103559732571,-0.004933438882016677,0.7121217166803879,0.05298744870324573,0.7712484421918684,-0.39354489310577956,0.8232245358120275,0.7364503855251398,0.9293586209172008,0.9220725654306696,0.7777384149431185,0.653995111793943,-0.1747574602643183,-0.1586673077056851,0.4482285144196988,-0.19435831636367007,-0.21622942116634322,0.8453639661094569,1.0,0.23187062011839418
ROI_9170,0.4290425742393408,0.41044652255048664,0.33137274499292607,0.4220610990650629,-0.28577990430661504,0.08284849952637778,0.41058447775566353,0.4531961775435509,0.1432840367412879,-0.024018148479558073,0.3149899610621473,0.3339155634801192,0.22336814882687508,0.4140148221483452,0.08454033256132346,0.042206990459416414,0.11303985416393664,0.17841191823594504,0.36409188464093545,0.3643227806468583,0.0490798681668549,0.18042951986367967,0.39502749115037195,0.3163241965748766,0.019995451936386677,-0.14175450518332128,-0.1394624144652082,0.24632117936846826,0.2227676842033229,0.040476094519548284,0.14865518610515702,0.3345789109891902,0.31127872997398626,0.36225988085597655,0.29732816436253157,0.2861512233874978,0.061078908107403455,0.2144685166954406,0.13877381127025862,0.4139909275679675,0.19523514641884057,0.03365368931775007,0.30983753291090926,0.29118129575257345,0.3519307239959062,0.29491681393830194,0.26574714856586457,0.2888580194879633,0.27703285644501185,0.4136678264664106,0.287102254265823,0.3502630433917332,0.14115888441733646,0.2894064155158239,0.3700114302054563,0.47393059924193365,0.3899847767462101,0.4108400960774539,0.41436355753796766,0.4501481973561187,0.4354414264561004,0.4618763040290344,0.26038415658504727,0.3420813525553388,0.33718329176737877,0.42081097372060833,0.4234157409196454,0.39809882303928623,0.42667895446258164,0.2764993312599955,0.18078005880962542,0.4404493352440035,0.2924322731090803,0.3213021556282008,0.39813787925943994,0.4017317823084511,0.5169559213134128,0.4967267901530992,-0.10244336727151707,0.022762193669566493,-0.04222396731802255,0.14226498605376864,0.07275511863110269,0.24467343011035794,0.1454508004820925,0.2521576081949797,0.4125512932374307,0.3816651960741149,0.3665634860774578,0.39226250959024883,0.09619118103481311,-0.0053854586833312745,-0.24944572149237582,-0.1254763229967308,0.041603736352769684,0.1654194662195872,0.4738726342320672,0.465615752189323,0.4044334433855467,0.32296427488256274,0.34050240319262765,0.3624257364832609,-0.04437505051288984,-0.09970683909494749,0.2137709376014453,0.24735531828465115,0.2995878493548125,0.4564495135120407,-0.02563571164735301,0.24430453136889613,0.4637819190574143,0.3657427092491012,0.12710146196828284,0.0954763479637973,0.23187062011839416,1.0
