ROI_2001,ROI_2002,ROI_2101,ROI_2102,ROI_2111,ROI_2112,ROI_2201,ROI_2202,ROI_2211,ROI_2212,ROI_2301,ROI_2302,ROI_2311,ROI_2312,ROI_2321,ROI_2322,ROI_2331,ROI_2332,ROI_2401,ROI_2402,ROI_2501,ROI_2502,ROI_2601,ROI_2602,ROI_2611,ROI_2612,ROI_2701,ROI_2702,ROI_3001,ROI_3002,ROI_4001,ROI_4002,ROI_4011,ROI_4012,ROI_4021,ROI_4022,ROI_4101,ROI_4102,ROI_4111,ROI_4112,ROI_4201,ROI_4202,ROI_5001,ROI_5002,ROI_5011,ROI_5012,ROI_5021,ROI_5022,ROI_5101,ROI_5102,ROI_5201,ROI_5202,ROI_5301,ROI_5302,ROI_5401,ROI_5402,ROI_6001,ROI_6002,ROI_6101,ROI_6102,ROI_6201,ROI_6202,ROI_6211,ROI_6212,ROI_6221,ROI_6222,ROI_6301,ROI_6302,ROI_6401,ROI_6402,ROI_7001,ROI_7002,ROI_7011,ROI_7012,ROI_7021,ROI_7022,ROI_7101,ROI_7102,ROI_8101,ROI_8102,ROI_8111,ROI_8112,ROI_8121,ROI_8122,ROI_8201,ROI_8202,ROI_8211,ROI_8212,ROI_8301,ROI_8302,ROI_9001,ROI_9002,ROI_9011,ROI_9012,ROI_9021,ROI_9022,ROI_9031,ROI_9032,ROI_9041,ROI_9042,ROI_9051,ROI_9052,ROI_9061,ROI_9062,ROI_9071,ROI_9072,ROI_9081,ROI_9082,ROI_9100,ROI_9110,ROI_9120,ROI_9130,ROI_9140,ROI_9150,ROI_9160,ROI_9170
824.5027190549596,879.9854196201671,873.4468708015651,902.1081527770752,496.57026573890863,561.3262441413743,858.1758157091068,847.754556144552,688.2867228157667,648.8125002814121,852.587160063953,769.812064664326,847.9814930780061,651.6969720245855,692.7967584056048,527.3984351974563,792.5440547997352,826.5187223852671,817.2132002622232,821.1088672485351,377.35226412614185,419.8095604578654,864.6988561721075,920.5128909519741,590.9923578032648,693.8660920216487,464.4151236497236,430.87931688626605,850.7512680629515,831.5615911036361,824.7545971807846,869.6892036946615,834.0395904799639,823.0616297743055,755.711933699898,710.1174314567842,678.8776872945778,724.688921045374,518.7710492100034,592.5725396259894,607.9823168144851,622.6705431938171,619.3997887803448,772.8899607003018,649.1762159993058,746.7492458332351,644.5405449985473,604.4013169595412,727.3170126115123,711.8892012551383,853.6318685789059,703.0172680131866,718.3272107727324,577.2597871270834,495.04402118757184,483.96829662873193,844.8449198627785,937.540802081426,948.5474290641802,810.0316174920459,919.7710286016049,912.8589885609532,829.6769286922723,954.5840998186496,924.3005605669164,739.0725002149433,775.223792031106,792.3558555236281,840.1840617428919,813.6174444546357,823.123499878892,809.2770148730668,542.9785749102952,624.8886759704326,445.2372224227242,433.85177182479646,737.1055740606589,726.9514603357592,772.6228897419381,871.324951171875,774.2591154895066,799.2087444257177,560.8802511517207,488.56007097244265,707.6958359235184,729.2460426890273,500.96280878852394,430.69519001482195,384.2276324403162,400.1111661462875,418.75168175709473,368.27917379346985,48.197910495257624,44.14504602613673,707.6737569173177,699.6445891816737,719.6690098941326,682.8129232997808,685.5022006629381,645.1400180807324,9.99116350970182,0.023860160192405735,18.204270622284895,20.93845467009565,77.39305608224574,61.57214330491154,26.710643582873875,117.74385137067122,713.1872336647727,761.9536510120739,772.8004887728083,763.6309404976761,655.1828900505515,289.86578268544713,299.29952585335934,618.4168780096646
812.67583933068,868.2251940640537,860.3478649924116,887.0653501411833,492.9458577538646,554.5275652153151,845.5385688853285,834.2843558453499,677.6448997770037,636.6218937654965,839.9885761292,759.1940227054414,838.4898455768671,644.5402910241231,686.175118379925,522.0849809741264,787.9612112904047,823.1223716355637,802.1632539559141,813.8630516967773,374.34015554851953,422.6133031845093,845.3023804063233,907.7682240804037,586.1355648844342,689.9297204908434,461.63234063143227,425.73980175124274,843.6356031309883,820.9449753749518,816.078316275529,865.4808144124349,823.9889913009384,817.3298254394531,750.2552134638247,710.7282110007412,676.4933577886237,720.1993077596029,516.7401512350355,591.7162160980567,607.3112530317463,624.1416707038879,615.3787699687102,765.5769614269383,643.5511332647382,741.2524663914016,641.2080616872173,602.4587652649913,722.880668024863,706.6508543652174,847.8662893186051,698.14419734478,715.5192444463481,572.5126565157199,492.58155806227643,481.20056313764053,832.2426114703844,925.2113992925043,935.0738450641509,796.9925229545634,904.9420318868886,900.9590106488818,823.5788805667049,943.8315621619362,915.6618967767972,733.1764503596519,767.6183249355702,785.8727343191855,829.9125562777185,801.4051449601822,808.9546382663486,798.4418273675637,540.604676902841,621.462828004515,447.2771433954654,431.79284624986246,733.8449534431833,723.207033909208,765.140734084109,862.8756648472378,765.2938062002833,792.2829225977976,561.9303346824646,489.05393838246664,702.1292238781631,723.132330603749,505.8998028474696,428.55233742183725,382.55287350116606,397.4020637825078,417.1993398458044,366.91913713783026,47.42464653978068,43.45554084695081,704.8613362630208,683.2771953000861,711.8199726343155,678.161604259888,683.4917187484469,641.7390174679185,10.161541506749161,0.017404193025410037,18.120898510799794,20.948909431012623,77.0769553650612,61.396736454183575,26.858807775709366,117.02048721734215,707.3039883700284,753.3324751420455,764.1735036965184,751.7404829580572,650.5720131070007,285.63422450684664,299.75951161529076,616.7210977488551
810.2494958654627,864.3652615932504,854.9990334890686,883.0222987444753,490.3946129554926,551.8582966753414,841.5939694898107,829.896089665839,677.631714772205,635.8406156946401,833.3859150584151,753.2701318044511,832.4271442550738,640.2305681705475,680.7976612333041,518.279982402588,782.125367223369,815.5009973896698,798.7187728125645,812.6817919921875,370.49569079611035,421.0759183883667,837.9897257652118,904.0720279330299,580.3243547709201,685.7760920053,456.0061164797999,422.0577612453037,841.295983080594,820.1123985761477,808.1136492231074,860.7505769856771,820.8173296653619,815.9072500271268,749.6680741019871,712.2857064856104,675.0107440696414,719.7104821381746,510.5154450961522,589.2707024049223,602.7855194592086,622.0025515556335,610.2914429822612,762.7939878346231,640.972125760692,736.5625625967282,637.3814075643367,601.0699310136008,719.5307444357103,704.2931440918327,845.7467449825243,695.8573497766461,710.4579799977118,567.1741261552362,486.4904714039995,478.01891581497097,829.1543633083916,920.4980430558876,932.6250259963791,790.0535318193919,900.7564987846043,897.9277234648424,818.6618203446042,937.1519466010632,910.6253253310474,728.2125195637537,764.6996547490023,783.389384182069,827.5409221284708,802.857268528385,803.3915981516108,794.6665813258437,536.4494144544689,618.7554156150653,443.12992881000906,430.4356650768871,732.6239361372151,721.5411093304266,762.89441827003,857.7763421194894,761.5435118985815,788.1956094958671,561.3051541519166,486.55518244663875,698.9813788762701,719.9925361046425,507.4767453810748,429.40970211683197,378.57109350245446,394.24679580824596,413.3393721739384,363.30094772887725,46.74058188358322,42.465150375069086,702.2162638346355,681.7877626580707,710.4350514411926,676.7444365661069,679.022030895903,637.7114563454626,9.774595412637083,0.012248741649091243,17.408432009404923,20.408265622526855,76.62924774315968,61.15157023037944,24.453035089704727,110.12081308224622,706.3387950550426,752.3574018998579,759.0544064925022,743.0441498575332,643.9608761656518,282.740962919436,296.7514246232582,607.7060610014817
810.2052504574394,864.7265034155412,854.9323498230343,882.2061726543533,491.59784512852514,550.559813788959,841.4678245472887,830.0767782982359,677.7448210618934,635.7119602336259,831.1990643012814,752.9860853149777,827.9273910391596,640.7290282123968,680.1170734161168,517.1870168476705,773.5983196818999,808.1597231804731,797.5669769073811,812.0711683959961,367.6890047656165,425.15153586069744,835.7126687615465,902.7296073853023,576.1877950298849,683.3688053298782,456.056827545166,423.35714724328784,838.2356185913086,811.461154815297,803.6772706039309,860.0679353841145,822.6064283726579,817.6868956163195,748.0221868100374,706.9402532003012,673.1815173447395,718.8316879272461,513.4669480749538,590.5939252760527,603.7332588571016,622.5877461433411,605.2422533801624,759.319148493039,638.7041214050357,736.745344513341,632.0095739404032,598.3753700814881,719.353424109182,704.5039414296751,845.3368868268594,695.013981532283,706.5295980821276,566.7979529184454,487.57617292472463,478.11962175154645,828.9706124664006,919.1924617180118,930.5103889263474,790.5346157054292,901.8825481514309,899.4863097968611,816.1665645681026,937.7257809874452,910.1053441745132,729.3351208310411,762.3528945451372,781.8839509185399,825.668452220358,801.0381983973044,803.8775173049789,798.2193185775006,537.8545803105065,621.8197979287152,443.54944002455557,431.1720284475407,734.5156565181544,722.8686534834106,749.4430204350898,850.369382585798,757.0218124681962,782.1410252432138,561.8817358208696,486.9647494713465,696.9569184021802,717.0064733750687,505.0372572954963,428.89432447137386,378.2400638830538,394.13246712212907,412.24486968897804,361.3603208802889,46.05775929361375,42.24907610430504,706.8858907063802,684.0980472887977,710.9442505538464,678.6620550544014,679.9657800155135,638.4379150371972,9.439976683153011,0.023033653991296886,17.73380404976772,20.393868405303717,75.91751761779949,60.262188026058155,24.014617045720417,108.55353361718795,697.0344016335227,750.1738125887784,761.3783217052485,742.500721412369,643.2001573151233,282.61704936780427,292.82796963055927,598.2099441002155
810.1855553240815,865.1379831487483,855.6846243079295,882.0521022599057,489.355255084814,549.4827132735934,842.3871606044655,829.3061424937147,674.6049103250309,631.4548498216222,835.0742911362066,751.963653225369,831.2196393021179,641.1026724856874,678.4677887081507,513.4206026221623,777.1244897345231,811.7593149964596,798.5239269793947,810.4257157592773,365.05619610680475,410.5391054789225,836.8394829941346,903.8100557781402,576.6719120559892,684.8747548952207,455.9652147451158,420.0361055003272,838.8528718768425,809.4001225224248,804.7369370347872,860.007157796224,820.6290371135129,815.9566657172309,746.8650576384172,706.498516588326,670.0539751094868,716.1976103606047,511.44864981515065,589.691499460056,601.6937035732582,613.9190604686737,603.4117717587404,759.8733323806835,641.2088031569564,739.3348560389022,631.477016347499,597.1322536601887,721.2323823682724,706.0993863955971,846.9666148198618,696.857428514022,711.4321716890207,567.5876883689095,487.7072547533372,477.9575018712034,829.6445850819382,919.8457338258072,932.1679776582553,791.5303177502544,903.6566762642238,899.832256954079,815.8812047742558,938.5773904078292,911.9626435806503,729.157471994482,763.2821131486571,783.74668876319,826.1104753093355,801.681344722516,804.8851062027184,797.3691944059779,537.4064538238246,623.2599569213339,446.4963827824247,433.00469111053036,736.0104957955782,728.1112950748428,745.787466495595,849.0883309500558,752.6693964406448,781.1459962829371,552.780919675827,481.6974076541265,696.5853849436218,717.4369694076033,508.00291301502904,427.3490117413903,379.438346851229,394.89873460080827,411.97296975889515,360.7807820343847,46.14889024867228,42.33594366311802,700.6763509114584,683.1631583520922,711.8855902552605,678.1099871823151,679.8060474347219,636.5920210094498,9.779817133330079,0.028950707508785718,17.85074014011247,20.614197806995694,76.71534553487588,60.25725467486297,25.27999170621236,110.3550858076881,707.0194979580966,757.2040005770597,758.1253815721345,743.4063338267653,643.3082942588657,282.02093580312896,295.02370260701036,602.8992988323344
808.845224103511,864.0196471599618,854.7502511259208,879.9117638637346,489.470477902612,549.5104734216418,841.5600988545788,828.1749738263069,676.3830582463012,632.1120468045845,837.088577084425,754.0125356068687,831.5250456664411,641.3415157553638,678.5132580847289,514.017236283636,781.5441884406935,813.5835328743703,797.071687464513,810.4411156005859,371.59885660807294,412.2780461629232,836.5625919105343,902.1961789509606,577.4197684532685,685.0514778724083,454.8891444021826,418.8334515359667,840.2695917093529,814.283299123505,805.932509935434,859.7741874186198,822.6452273352671,815.0388210720486,746.828014340608,709.6967168601162,668.1312940152206,717.8834684866446,505.2253984723772,588.3445968342185,602.1441500304176,612.9875068664551,601.480958278217,759.09651017754,640.053823872529,739.0342124582035,631.7109138945902,596.739819213227,720.0452241159254,705.206224147875,845.6628400294477,695.8518826812806,707.906018346949,565.7097133105876,485.1158638488382,476.2341940525901,829.2166906985631,920.1709312321963,931.5510624459187,790.9570192163478,902.3290601912789,898.4543128939508,819.7302624997013,940.1287840462516,911.317789789456,728.4828071463323,763.2999291462845,783.3010564530177,825.1565394310435,798.0563522254564,803.277404106415,795.8637347612224,536.9108110480353,621.3483889360965,446.79957978621775,431.37997135645907,733.1286638603835,723.6553572658681,750.1311359811336,849.1946291242327,754.929022281106,783.5740117921355,547.6036194123576,478.50577045758564,697.523139788926,717.5519279081936,499.20331580218146,428.085056580361,378.16116098793765,393.3145310854599,410.1848886834998,359.20180146555106,45.59440932853613,41.772373313550844,696.8844462076823,681.1822473558329,714.5183718502522,678.6476265272943,677.9986769018586,637.2199554816435,9.900974230412286,0.010074730452012133,17.440618217013398,20.465396705801997,76.07437647377269,60.182954367320306,24.57541076342265,107.94076339286916,721.4152943004261,753.6468539151278,755.5130738123951,747.0838943674595,639.4638588101257,282.69839124512254,293.9936315001863,608.3014031771955
808.9799301705929,863.6427507496843,854.5327372692711,879.5656341613526,490.0778762018958,547.235233102526,841.7558752191646,826.2731499529899,679.2344372856373,630.4721550941467,833.2139851639911,752.6983363529993,828.5870339604635,640.1559352331799,677.531415528919,513.6475012985708,781.5865283260978,816.9959262300567,798.6508900434121,811.5434839477539,371.2799690564473,412.78572883605955,836.4856101197082,901.4246817392017,576.2483206144802,682.8155267107618,454.1356578637223,420.3326695495182,840.8322569649174,819.0931667751736,809.7381176084984,862.2281608072917,822.5867932853052,815.6015091959636,745.5796585746433,704.5392516722162,668.7170337559368,717.8316244902434,510.49196154730663,586.3899368686176,597.8870757056064,613.7502093315125,601.1620202802476,757.6037097225822,639.880265605815,739.7076588736641,630.1063849472803,594.2408420280976,721.0486922294863,705.1990143959124,846.0600394736232,696.3658213008578,706.12636442997,567.5224055753034,486.5071857977083,476.9121247210011,828.7172093636888,920.1372766251917,933.4740178023765,791.2659878918646,902.7582902593198,895.802559261569,817.7763636411148,940.0442050710136,912.4920050208249,729.8543378000728,763.4538566171453,783.6938208658274,826.1466759359761,802.7785207843253,802.6359449721672,795.978868390693,536.2842703303066,618.4629182361421,443.0716187850289,431.5113753197898,729.3634040707448,719.6236006234196,757.9481759578624,855.296738760812,757.0967452535227,784.6974448090759,548.7305730120341,479.75885565746887,698.0574943744139,716.9694918680508,493.94268752827367,428.26165637449236,378.3331273077056,393.62754105754345,408.31138983262616,357.83797207499543,45.56311543952864,41.250334195498475,695.8939961751302,686.55682528221,712.1505189538002,674.6843102531533,675.7033915920111,635.5636875740182,9.658184105418561,0.027911166929536397,17.44205780064143,20.28090440582351,75.05117063063652,59.70686492536177,24.309847646289402,106.50932473294876,689.9000521573154,748.3592595880682,753.6334414898149,744.0317423373838,640.6217397054037,280.5164505389699,293.5107205925566,610.5338839826912
806.8317098966596,861.525049768313,853.0320917190751,876.5717227525445,488.93226187395493,547.617485497679,838.4889976716103,823.2513148725794,674.445691210883,627.327697081644,832.5385896636219,752.4322220893133,829.7303681937949,639.7426372695307,678.4755068157443,514.6118380635903,781.9089812509256,816.9709268970743,796.3333202217959,809.7895024414063,369.8934422069126,412.96590894063314,835.2496156128282,898.7819084591335,577.3252662844683,684.8647061232682,455.65004413035695,416.7949923409356,839.3558032917526,818.6130366572627,809.8262686341453,859.0000557454428,823.2593788534908,815.435033094618,743.5682078485903,705.8869919374765,670.547040494003,716.4333787141023,511.6650820289339,586.3083699830016,599.7655454541816,618.6544241905212,599.3467826426976,756.0399803414729,638.6327874919498,739.0386986704598,628.2592003759274,595.2228410627458,718.9798223064792,704.0988178169273,844.5476479223489,694.8670343725494,707.209382608867,565.326396205846,484.72858799170854,474.87772127571355,826.7768202381615,917.2895498871803,929.7697668281538,788.7489827954075,900.9472203793733,892.5599466404097,818.1301730561329,937.2309556027009,908.0801574365416,726.7688404404839,759.3518898457623,780.8120210571979,822.4348900424447,799.8724694014912,802.7884025058231,796.1000601971735,537.1520038569739,618.8669942220052,445.2550612739895,431.29130102882925,731.5481960109023,718.7611605695669,759.57628485497,857.8140596662249,757.9680614836828,784.3111256756176,550.5403203042348,480.95502071857453,696.1487436504616,716.288260323596,498.8157801011029,426.16126286682237,377.6081264087309,393.49066944922964,408.54738635300373,357.7707016697526,45.78802892202899,41.88268446986952,699.8323181152343,685.85528409279,709.2917776405811,674.2168330283187,676.0025836274824,633.147970661266,9.766079665327101,0.010965457158508125,17.625107855262925,20.475788392685352,75.67539188652343,59.88808197289285,25.819780429204304,109.57934277197894,702.8848266601562,750.252899724787,751.199140715119,740.2502321653728,640.3562610102634,280.7693137536969,293.54117194811505,601.9634620403422
808.5251079320626,863.1511505204018,852.4372855060591,878.3429417705156,488.7970514474913,546.2016082150595,838.3593367034314,824.7344769546834,674.3070586846799,627.6805350350552,830.8487819888727,753.6820368965467,828.9356220696843,638.912054134284,677.2395906946552,513.7416457248385,784.5383347063832,820.3678113107269,795.7592669533587,809.7330296020508,368.53598313861426,415.95743153889975,831.6762155089715,898.8146205175491,576.6358999482001,682.7332257910089,452.7383293552293,420.30468604299756,839.096441880712,819.2154786663291,807.5150075997581,860.4687013753255,819.7520857988778,814.2390626356337,745.3988671344259,706.1595078433853,672.2052983355417,718.0822224087185,514.2395514930997,589.4070066530606,599.9610335553278,620.426290512085,599.5863456319249,757.4566178163645,639.3848440092586,739.1006161148786,629.1937847689163,595.9711763404466,718.4401645783455,704.2507358226609,844.5246300120458,695.8977476919681,706.0461786381333,564.442278166612,483.59347159165367,475.5687134576117,827.3868287202432,918.1273695081472,929.7951992067868,786.9685108424575,899.178591547427,891.2042172923443,817.0796309071578,936.0933890489885,907.3205741768453,726.0064483991889,759.5901576561874,780.0866965901039,824.2487132321497,798.5761464998867,799.7692750552753,793.9046095551038,536.8974883753225,617.0571888845204,440.5664128842561,428.3635021800726,731.0190059474257,718.0963123369019,762.9124950652426,856.7661437988281,758.6598929335788,787.1818111364354,556.4149408475558,484.0273142651717,697.1376086398893,717.724025567599,505.0890359990737,428.2280123199366,376.8572884213645,393.04550190268174,405.7147856116902,356.4646498708194,45.70212443206563,41.494049193640194,702.1844665527344,681.9922102588719,709.9391240924597,675.7311187675097,675.8420557114307,633.6028994534593,9.712575174417763,0.013203780125412677,17.39923219011071,20.16622227576814,74.98434876936147,59.549841106568856,24.392718659506905,105.35698969692321,705.0968960848721,752.6617808948864,751.0485786591601,738.4975647745254,638.8748106115005,280.8519107981732,291.8346093640183,598.8165672565328
811.9595046510663,866.3641423601093,854.7938916436557,880.097173166465,489.68979219392287,546.6923842089517,841.1074451989632,827.2078198956428,678.6253436487548,634.3261992188751,831.4456712055982,752.8788871784059,827.694238417349,639.3020313349572,680.346332521581,515.8481842992323,779.6415860867613,813.6705143475453,798.5950139121534,812.4874297485352,370.0051323307885,419.96171283721924,832.8884487950269,900.4574191078307,576.345454770233,683.1714620066213,454.85410948484645,422.1649127801259,839.0816284755491,818.2250235098379,805.237783437013,860.2284110514323,821.8836478540453,817.4272507052951,747.1727727475374,709.7595801296004,674.9791632160741,719.1370103624132,513.6875672340393,590.2166886633255,601.597740548556,622.0795722007751,600.3402179687743,758.111393860731,637.9673155463173,736.8957073256287,630.6821045323837,597.3562094631728,719.4093637558722,704.3784175072947,845.2289664300406,695.517109460574,707.4234621022314,564.752698098912,486.91430591224145,477.2792605741129,829.4864677604684,919.0775725515904,933.6960059159775,790.4007617259786,899.9472452976393,895.7562768115966,815.4457416126123,935.9089847847267,909.3727699393656,727.2143498202473,761.7617469717948,781.4721194109433,824.6191563940351,802.1096005097279,802.3306009060627,797.0419419085393,538.692375113111,620.4435714127181,442.14033950584525,432.9801386443662,733.8042815161533,720.9237907694583,758.9646554500499,856.607417515346,758.8749563282934,785.6874643788565,559.3424675067266,487.47111029863356,698.4829800307488,718.5019143676034,505.34734838149126,427.7612211893612,378.68494025059044,393.87319014836834,408.4545975132183,359.0082662960142,46.06455592254901,41.507012699713826,706.9228149414063,683.2478601488017,710.2610218822956,675.0578852217661,678.556484251532,635.2853491580282,9.68223383416051,0.024291013063931905,17.59043926799335,20.39972720508896,75.57714577360957,60.18960326890491,25.044237030877007,108.41751258162891,700.595381303267,750.790741521662,755.3060302734375,738.9897345047963,638.8230336507162,280.6574866499817,294.3845245910413,591.3786447459254
811.8089464676282,867.5564608766575,856.712501371658,881.681323837949,487.4301027608472,549.2110558492797,843.561064203885,830.9546736242417,674.5238524797012,631.3508684283397,836.681698310666,755.1924681436448,831.3308052861261,641.7704643467177,678.586118207049,514.8725239076922,777.5364974324738,812.3618480939406,800.9398364436124,813.5491598510743,365.48434246910944,413.1234618504842,835.5893537182828,903.0197633107504,575.7325596409943,682.6658181567768,455.619895323864,418.42313475079004,839.3515826531176,810.0718400366512,806.4186435809598,861.1858416748047,823.7202683788234,817.6459977213542,747.8007207455843,707.5987370502518,671.5250729464224,718.9766074286567,514.1967478820255,591.3198703951604,603.4767641161309,615.9479832649231,599.9712893593879,758.3878750190916,640.2763974422531,738.9946990877564,630.9872798959086,598.7682270870342,720.2389068357406,705.7798389703297,846.3681108120019,696.5361656933962,707.7936963650143,566.7443565083485,487.20666573579103,478.81657161357555,831.699618069,921.5519816478094,933.355341712033,792.6133848372812,902.8119109709367,898.9774761925238,817.3079516676223,939.9646860856578,908.6675298890071,727.2309148009741,763.7582200722078,783.577810979851,827.3624951064967,801.5062078823701,807.4406299419231,801.8330155044306,542.1457561527917,624.1451927284141,443.96202175859094,433.9842946227168,736.7269499731846,727.0710425159249,741.7029639710771,851.0317219325474,752.6148614993041,781.3513778342726,554.708858909607,484.2311787399401,696.3384625371857,717.2795964922094,509.74540896696203,428.3184845060218,379.19182140838046,395.3060722194781,411.29070166881706,359.78495615533245,45.649545978543486,42.598026736675045,700.2907755533854,680.0510559082031,712.4124472141266,678.0400163792916,681.0153762099094,636.9984322433659,10.17325829971263,0.011721252551716235,17.852529394626487,20.679333258796916,76.96603688623942,61.20616049064143,26.99291221300761,110.94120592229507,702.2260686700994,755.7949862393466,758.4271443002176,742.1643499060522,644.0927776261872,282.24545102788693,297.12327910192084,595.1127577156856
810.8219200953964,866.9854007200761,855.5387773547814,881.0770125370102,489.3708743428075,547.5995616742542,843.0729123609044,829.9167456314411,677.6619979070157,632.593539089453,833.4551346321416,755.9384834438799,829.2314293732161,642.7689012537601,677.0756025699834,514.2510883056792,782.2545773474526,819.148263398199,801.2645768169242,812.4832071533203,368.97735521528455,411.8405869166056,835.9029491033733,903.7194150894408,575.7517381837855,680.9667980697129,451.27915140014983,417.91463038656445,840.6040178694815,818.1307052047165,807.9636394670943,861.4852364095052,823.0936813354492,816.9655955674913,745.750289784307,704.3735388330666,668.013018099747,719.0405784889504,507.67862096003125,589.1613432352016,600.4791762555232,612.7128467559814,601.1884711358755,757.529619840649,639.9846426016109,740.0966051001298,631.1214134318769,596.088019874546,720.5882112872216,705.6533747334635,845.2037428881364,696.4975458021376,704.7856920524563,566.117008859036,485.8522004473485,477.965618365525,832.1400670430746,923.0163554836203,932.7411405674582,792.9214001690469,902.8054152513587,899.8124858106224,819.5468484954367,942.3416441178616,909.6517534398321,730.5784719433896,763.5340566227945,783.1019393707184,827.8561335764114,801.3228871045192,804.0566073752739,799.9439836095592,541.0063729242447,624.4742378796334,445.052625130916,434.26782742352555,735.9907711842021,725.0537206879295,752.8317936024768,853.9707118443081,752.8691421158012,783.9264000897908,547.0241429201761,477.52217613856,695.2738416428083,716.5844176266155,502.1823962940889,430.1923484457959,376.29993850924075,393.22372002155475,410.4249315137369,357.90620285955566,45.606199880418394,41.94185072231089,694.0998901367187,682.6472147278866,716.665055513382,678.952635881588,680.3087363206703,637.555572229959,9.876812439859158,0.01458344681671372,17.527175883663126,20.247124701171664,75.61906942408709,59.96571360593561,25.403616269429524,107.30665903932908,727.8691239790483,754.9594182794744,757.547576085033,746.0454404806788,637.5853774126838,282.2920568993217,293.18350961714077,614.0258205019195
809.7485183301472,865.8297710611363,855.8687106573624,881.229216951773,489.5073834264001,548.399654005255,841.9753241445504,829.0454562637653,677.44614883345,633.2056437867586,832.75588003019,754.8006561400398,829.8066367514137,642.6611284022389,680.0166619761073,519.3825941298795,783.6051573549967,819.5184440169223,800.6262011509746,812.110700378418,370.51895348231,412.32893994649254,836.5062083179645,904.1449017297654,576.5661387518438,683.9743550583556,456.31764310763026,419.4888895485136,840.9515595346127,820.7385442286362,810.4665399185942,863.1177514648438,825.7643132613877,817.6333873155382,747.7547111179517,707.9044987322336,672.3477621876721,719.5850584242079,512.680044233799,587.8309883946337,601.005506921987,616.0021991729736,602.4320706039194,759.4249455601118,640.0977202285299,741.0520915204321,631.9528634035883,597.0920969089428,721.2717045999342,705.4391995112568,846.0855529605959,696.8024646320813,706.8352592878812,568.7878306309382,486.8330612567983,477.5866383008793,831.4616621671345,921.72262859786,928.7280286949602,788.0771159209297,903.5047530199134,898.4939351621955,818.6514163702635,941.1863346492312,909.8749042340179,728.3210367377106,762.5196602102076,782.5021975347164,826.6001946030149,800.0147839962448,803.7087817578703,796.6004182784284,537.1726077018528,619.2236159023269,442.34770445892775,430.05071161834286,729.37610888872,719.4403145817801,760.5363951338098,859.0865903581891,758.4888976816931,787.4427826526004,548.8668643315633,481.0271911150217,696.8396201650477,718.6860868679493,498.52707218843346,428.2658192190453,378.1085699548324,395.88380014885735,409.67671837881585,358.6356522123764,45.66665783594955,41.72573279788421,701.2059285481771,686.8207511255297,712.930899977684,677.5728689957731,678.7120614864747,634.8829078207972,9.974958902096228,0.011903396871423833,17.769311615223394,20.49885345926637,75.82921514389109,59.38368345051003,26.897580279244316,110.7562892997966,691.5983720259233,752.1248679421165,752.4608477906093,743.3389148953595,640.7477952545764,281.79797721327395,293.4444519534255,603.1184160956021
808.286791894906,865.1190386396465,855.2898435467914,880.9119086398547,487.6850281338359,547.3380035417421,841.6974941816273,829.1262161644469,676.462275952709,633.3913065644562,835.3855410320003,755.1018922200278,833.5748324255183,641.8314194401748,679.9383918301976,517.1665772868149,787.5139530416914,820.4096516533151,797.7449744067429,810.9869174194336,366.46768922275965,417.66897366841636,835.441491098115,903.1252170138889,577.8868040614103,684.7642320695815,453.7951111029525,416.96552634239197,843.0531889717533,820.930526017554,812.8589977354516,862.2169993082682,823.7646542565298,816.8648072645399,751.5262334408967,709.6493019195924,673.4542735095591,717.6759924712004,512.7935558387211,588.4045339005717,601.5707107293802,617.6509900093079,602.9957915270139,760.1868090878165,641.3074432687839,741.4255026432506,632.4808450454523,598.3757698719318,720.3609666424413,706.0412025032156,846.4294875468987,696.1670769220386,706.8545819269702,566.121051830404,485.641028831526,476.8018138568647,829.1777324028892,920.5847329784323,928.6499596754367,788.2552706591407,900.7990058699899,896.1560606833029,819.1879036346343,939.8166521341221,912.5932321121444,729.2313214857757,762.455068968789,781.8374068316316,825.0736369722208,799.8690835520707,803.7375398068815,796.9725727018763,538.0547763929454,619.4086425252807,443.3860688140427,430.42230052679355,731.3203502717565,720.1022290748184,764.2950062853225,863.3747722080776,761.9285062300291,788.6813972562716,556.7562979062399,483.92368576526644,696.8307897996273,717.9258113387417,508.64131195965933,429.1747915822246,376.60801098449156,393.6972056310424,408.9687014658048,357.5903358504673,45.20598340782561,41.647339159330464,699.6446350097656,684.5064345537606,710.8570432513952,675.9913420482998,678.4691299749088,635.8506697955517,9.824767698665566,0.007510646736180341,17.544966842870362,20.36968867680324,75.98841909718175,60.42945904272448,25.64213554064433,108.50382010025136,705.0903764204545,749.983291903409,753.5395669617109,740.8789979958837,637.9767246620328,282.6412778632683,295.71255167325336,608.2961446827856
810.1895430924056,866.3999908620661,857.330878476609,881.0308737583845,488.8725567862045,546.456654548645,841.2913727821292,828.0270695917657,675.801240852901,631.9270543817614,829.1103103761751,751.2531367619832,828.1666265785387,641.8980688469612,679.3766283324702,519.5764720895451,782.166758026557,817.0366228743645,798.6247082231602,812.2085388183593,365.95919026268854,418.26671002705893,833.2106822345507,903.4419280158149,577.9849802686282,684.336372920445,455.3000258029495,417.422325902515,840.0084716508974,821.4985539942612,806.5924705044804,860.9432161458334,821.2223515914658,815.7325550672743,751.6260837720788,709.2939019260637,674.0096419414234,718.8095799198857,514.0877335241863,589.3597112934241,601.6654870705527,621.2088403701782,603.25462161927,757.9197638633692,639.2684491583896,738.0453700796205,632.1469725301444,599.2212808924121,719.4766666166244,704.7252632012465,845.4716103693694,695.6059745312697,705.9140238398394,565.4938199449988,485.9898221682274,477.5990163297583,830.1222440922247,919.6862385190195,930.2758912787839,788.0282132518224,898.3850042857295,895.0755149230216,815.5469575001194,936.5498920870416,911.099314504595,727.857664051598,762.7826514440976,781.6780620390583,826.755320190624,800.7337912880913,802.1546010111904,796.7978767019804,537.3867314889891,619.9963466099331,440.1703121904014,432.3306338887819,731.4519593285733,717.8023394192898,765.1588394489694,857.872437613351,760.4879985531628,788.8767934270327,559.0959216912587,486.6791872437795,698.4199638131431,718.5451395406343,508.01658313975616,428.01200252491645,376.9055957229187,394.43273098747267,409.226893417904,357.0468304991722,45.07809931311015,41.38717436064522,707.3230875651042,682.5039853888043,712.2487689554691,678.3823508137491,679.1383658935703,635.4039168229605,9.846168292318715,0.029196587108351567,17.453480840724463,20.28837114143867,75.9414117843535,60.344628789577314,25.587452464633518,109.28951017996845,694.9666026722301,751.4279507723721,755.4522436769216,740.6459804486625,638.0881993910846,279.41968827916867,293.6612241412654,602.34363740066
809.2709460478043,865.2409466107687,854.8492336205155,880.5752509371692,486.65470597910326,545.8119544216564,839.8078646322447,828.744084901201,672.5411301486346,628.6373213080109,829.8241376799297,751.4519699025722,827.0463013428154,640.1590469212607,675.4464482644304,513.7702367597124,774.1607762919783,810.4010970537053,796.8988768880852,810.3161442260742,363.1699238618215,413.82640279134114,834.094221497683,902.2258338928223,574.099449841764,681.6458560084249,453.5770252132943,415.4523329867257,836.9186339468326,809.1326630015432,802.0018385038601,860.7299243164063,821.6888117386123,817.7152358669705,749.2446411132812,710.4519182687783,670.0506769255919,717.5032550670483,510.52752082688465,590.9840133609844,600.2116526619333,616.0080394744873,600.0296047547507,755.5608642722758,638.8044499866146,737.4193558776587,629.1387655439455,597.8454946121136,718.273431218055,705.2181351709226,843.9645168020305,695.5138621531742,705.5698442672934,565.3960487830873,486.13314004181547,478.06185276925856,829.4117173093564,919.4212553683254,930.1584141267299,788.7582620027812,901.1968688964844,897.8958388840882,815.168317695641,937.3641517231003,906.5113382481817,725.6697308675264,761.3284011751414,781.9956966506755,826.4943115331565,799.2983118552529,803.6684545654434,798.0311096066334,537.6883039561981,621.8790937151227,444.48667974057406,430.44529616664835,734.9664018974929,723.4159692788025,747.1964033410904,853.203492300851,754.4817745457207,783.0360711992446,558.7960590044657,485.59036247412365,694.3427052165969,716.711669675079,511.7471825094784,430.25957254726535,377.7042142267649,394.59060102314004,409.61383178359586,357.6738239691158,45.49547951200899,42.03876935084626,703.8822977701823,681.4445655952065,711.5563735663891,676.9437058414269,678.0933370905675,633.8930947506632,9.993970147959006,0.019156706631097392,17.665778501679743,20.585915689555364,76.23041700523002,60.812846374748055,26.763903220494587,109.37617128736832,699.6303378018466,753.2935291637074,755.0722021320522,739.5708502274525,637.3661795223461,280.7247608084428,292.2216272426374,601.4278517098262
809.9295256883786,866.153642851897,855.0005438370314,879.9770469817507,488.275915944299,545.8051579424313,841.4705809766374,828.1691654351417,680.3800672560322,632.5098014815909,832.8270736942446,753.2742277573026,828.6511880341361,641.0315347284924,675.953944142185,511.42830472607767,780.9177348783231,817.8262872093936,797.8720687047731,810.7597290039063,365.03137991163464,410.881370862325,832.7675385688462,901.3037356119307,572.5136852563987,679.6384969019628,452.0386790386221,416.59823208385046,839.5018563900354,815.5810271086516,805.6493703286479,860.9021107991537,819.0234129307634,813.7362198893229,746.0489212699558,702.478616369776,663.4230188042056,714.8842018975151,507.1436134832246,586.7813636122571,595.6027526855469,611.6716065406799,599.2879073891847,756.7929716426614,638.7237137267184,739.7324822632193,629.2528902124767,594.7630525168839,719.8988860745584,706.1311213865308,845.5710911861257,696.0922883727421,704.3170342210162,565.9969309539188,484.45534774115833,476.25117574434626,830.699448985573,921.7017417726694,929.8522636936756,789.4487276117529,899.4167514038086,895.5356567924463,817.3438874690904,938.9917130058194,907.6120723325815,725.6509517640723,760.9043584909332,779.8103062214955,827.3333482681566,799.6990264976881,805.2110664737118,798.0678875407234,539.2909193826378,623.4535066678926,444.00508294589275,432.39814392949495,731.9097937912237,722.4552459083652,749.8447616252494,853.199458530971,754.2176706014465,784.3693349934415,546.7935843944549,479.94088200330737,695.1036267604071,716.4652049308262,501.795992974674,429.3581508729432,376.1893345241745,392.79402612460524,408.2073430915842,355.9039479847004,45.06004304668642,40.87847125170456,689.563545735677,682.2797003277277,712.8944272100925,677.8353669352122,677.373278707645,635.2098519341579,9.674310340870809,0.023581823744569665,17.432140341191815,20.17723495747289,75.68343688976417,59.69510579606899,25.524716721640694,105.37570988606004,706.670693137429,754.5578269264914,754.1993629404362,742.1967839108238,636.9055286482269,281.1920955369347,293.9125881845301,613.6322084624192
808.9123076852126,865.277556217078,856.1003216937379,880.9719175969462,486.79640932748487,547.3324565887451,842.9632800558339,829.2551216028091,677.4706109640549,631.5378891913617,835.1124182600316,755.3393852067372,833.3262907522211,642.2187249192342,680.1540436293949,516.6079952574842,784.4533339947886,817.9254357759343,799.944527704597,811.7753161621093,370.6992531882392,411.0935703277588,835.2901234096951,902.4785393306187,575.8238905961601,682.9842802666046,454.1319187965182,418.1327931616041,841.7658913090544,820.3389910662615,811.6268526012191,862.1589270019531,824.8604116924738,817.2807337782118,746.4015407396399,705.6343880159309,672.2513086260153,718.4669847841616,513.2621164577348,588.020590964328,600.4760221887807,620.9728422164917,600.6591447828308,758.4455447083966,641.1826360092854,742.7187490128634,631.2258176448917,597.9108802755396,721.5267401602961,707.7512244031576,848.1752886887223,698.3724689018319,709.1196720995711,569.7025697549768,486.8489715316156,477.8077537332541,829.8376781718493,919.8534906881827,930.2995582625881,789.5669295953318,902.7769225808848,898.1572620409592,819.4983102407659,940.9196959591696,911.3822229299973,729.3181803072454,762.0780102365472,783.3556606481072,825.7965595464038,800.084055104967,807.0917807140866,800.0457977545066,541.4651425562868,621.5858940355705,444.14766682058143,432.64167936083294,730.1318820890833,719.1358323473158,758.456050791639,858.9277332850864,759.5165779143001,786.2200000286102,549.0199419371287,480.30875610351563,696.5711086928582,718.0121148631104,500.28183775509103,428.35934733483765,378.0623187432587,394.8224516929759,407.5571440253881,357.5052133299069,45.505903647604605,41.42293837835162,700.3145568847656,683.2280247575146,711.1835362762213,674.9791790155264,676.2875117721752,633.030664625844,9.839329115280538,0.021196564869886195,17.540666768475948,20.386134428337808,75.88433471305122,59.78510976861912,26.657325135336983,106.48320269584656,700.4871215820312,752.683700284091,749.9673230472027,744.1363583335393,640.771562164905,280.1972492535909,291.92268711147887,593.5005130110115
809.1887231171482,866.9044404704161,854.7626756810972,879.7717777571355,486.8367573826812,546.5315305760929,839.9940736060049,827.3380848012072,677.7257244215936,630.9420555615035,832.164584710346,756.2353710401626,831.4708149224571,642.4717588091669,678.5675596526606,517.4300258272043,787.0065883256813,824.1689886448787,798.7113242359453,812.9689020996094,367.63543044196234,415.49965845743816,834.0645100647237,902.2209845951626,576.9987736247597,682.1090462862791,453.7525782084597,416.0019093354543,843.1348099618588,822.8422687295042,812.4247221859108,861.8768269856771,821.9323867539229,816.5032191297743,748.8649148692256,708.2655453969197,674.7863934890814,718.0016000535753,515.1224567719868,589.9981780605816,599.8039989784115,620.843626499176,603.2368566810138,759.5701061809233,642.0000728717422,742.0551462842707,633.1166723148882,600.6576576182892,721.6286249130003,707.2666397185619,847.2486814998445,697.9628086502643,709.6543022292611,568.5429110328356,487.37313171252475,478.0301633677194,829.7980506286956,920.8943856253668,931.4960381073262,790.6551397223634,900.3639825572138,896.1609476060157,820.0802714029948,939.0302885196827,909.4749034483042,728.1688644272836,762.1823396218795,782.8307038936894,826.8920583542745,800.8160695450082,802.25385269818,796.9079763693887,539.1455796268008,620.8398104580966,443.3175588414289,433.0081628074109,731.9383219734567,719.6405915699559,768.564246644365,863.1508418491909,760.7877891218982,790.4862483199789,558.2940020815531,486.8150787512461,697.0275804427226,718.7390045014768,510.2449971142937,430.53843758984164,377.86373038062203,393.79560895180674,408.24621854902125,356.0767786292732,44.68214471803555,41.16976618879968,703.2218994140625,685.5775570626986,712.1233014166355,676.4535099904462,678.0167309418889,633.943022058762,10.00819135099147,0.02465948760509491,17.43993901873133,20.182827562072298,75.91239028924775,60.76051538379773,26.860169463687473,108.32310029338387,701.6500355113636,751.4574773615057,753.0494032482172,740.626986926115,637.0972658045151,280.4346349176608,293.7354704177741,609.6680266281654
811.542853669546,868.8764301695005,855.1575837016247,880.9659138409739,486.96082165740256,545.3885077578681,841.0244499395164,828.9005812949323,678.2478743718594,631.7926094141163,830.1822707013386,752.9661420640491,826.0153177827341,640.2936421951301,678.7596518186788,515.2782851862848,777.6268476874908,814.07940984802,799.8634791575172,812.7835678710937,366.7694371276432,422.02013676961263,831.8345221977729,902.024989264352,574.9609107571747,680.0065608600994,454.82700073916607,416.7558847400877,838.4071108260245,815.5898610809703,804.8119242510458,859.8149890136718,822.5375748973781,817.7373867458767,749.532363228176,707.8859133433147,673.3990746048579,719.3247266698767,512.763663317476,590.9600205725052,601.3389449823098,621.8726344108582,601.573392446079,756.1086322368603,638.8772521072111,737.6004321784304,632.9381067142014,598.7152184439706,720.0300946358711,705.6671864811626,845.840038866917,695.4884277248766,706.1591420023965,567.0666741132736,486.84421295552227,479.1226768632177,831.2575819468838,921.3015333198839,931.8572596782742,789.0518965618248,899.753403307044,897.022037398709,815.1798469940093,936.5660567401368,907.62918068046,727.430021548918,762.0727650684587,780.8680716688344,827.9687111726992,801.7320434401707,802.8526123149975,797.9716575497487,537.9054643823466,620.5386999881629,441.7797444661458,432.5161437988281,733.3123864345863,719.7797557783325,756.2323257770944,858.899189540318,758.4492545292295,786.4739737510681,563.2655747795105,488.7337314065297,696.6528437677459,717.1869301619353,512.5048640531652,429.45269259735136,378.0931765014927,393.6835854840648,408.3649447238506,356.85865622552734,45.044410552062025,40.869567114790485,707.3760498046875,685.5998105841168,711.4672028124332,677.1191498201626,679.0122012072848,634.8872215718686,9.819826218195407,0.02678978138913711,17.41394891112708,20.13419351394997,75.66518389505127,60.718602668443914,26.510263628429836,108.78854407282437,691.3085715553977,748.7546597567472,755.5757014127386,739.64725059799,638.2172764796836,279.02183539825575,291.5913751631072,604.3252242515827
809.8930368795023,866.445909095533,856.2412940715922,880.9535399661121,485.68836817186934,545.725264770644,840.6324589591909,828.7287153982609,676.0516335623605,630.0354799598944,830.6474689390601,751.702093266684,826.8973981095015,641.0327990484624,675.8755257688648,513.0879816388522,777.2340583982061,813.3260707316605,797.3002504589914,810.2702746582031,365.1201621161567,409.6093673070272,833.4466379339045,903.5371135832771,574.1456097408114,679.2894658623161,454.4719835355137,417.48415099249945,837.6790916874724,808.3285394362462,804.3237552993254,859.4935561116537,821.4008589922372,816.2738997395834,748.6935960852582,708.5377640322031,666.6051856221607,716.0893974304199,512.3776308979307,589.0148861774345,601.2524161416976,611.8476448059082,598.9114215194232,754.9497613409684,639.6564301375228,739.7897416388082,630.1133805858202,596.1563091478148,719.659520466097,706.366512302779,845.1928561591427,696.6706387168415,706.7173318905681,566.0581801358392,485.0684240996097,477.89291038353196,830.8898326293009,920.1439109135557,931.3253856714549,789.033250956665,901.5640836765455,897.5375994883694,815.459681053045,937.7574884783584,908.8766264844296,727.6934229994929,762.5371747387976,782.7828961738459,826.9310665738051,798.4832889704414,804.5215415782757,798.5650836131612,539.7972211925262,620.8401199935319,443.4661790046139,433.78799352511555,732.9403548944192,723.0038243210662,742.9141988551363,852.7486005510602,751.7015730466879,781.8788818035337,552.5050136884054,482.2996420439084,693.7034327670866,715.3425906558095,507.3829003277947,428.4221537001296,377.18640660432476,394.1658543581332,408.22337960205175,355.52016282220063,44.77431977273577,41.26179183305239,697.626045735677,682.0363516080178,711.3416586816311,675.9985185014716,676.5212587157582,631.8792835506075,10.043507366606958,0.021778733393660297,17.518343069479705,20.258295634371876,76.13024362251154,61.04738397372296,26.957037846247356,108.10009484431323,701.0915749289773,751.7493108575994,754.0769833558358,740.8028249619882,635.6831057679419,280.13851604545323,292.5539057399287,605.1491283548289
808.2115788735634,866.2610563750219,855.1843268613328,880.7683810655815,487.0695523528166,546.5437704580171,840.7436131886305,828.383649791961,677.6426553896496,630.5166204952803,832.0097451558927,754.0278398362417,829.2084828502727,642.1056143186293,675.5658304228712,514.0191082981029,782.7388991224823,818.030414115947,797.8779815914987,810.6194126586914,369.0495122803582,412.39737071990965,834.5355883566676,903.0476148090665,574.6463933615161,679.8348496196035,452.98016013888366,417.51517781946393,842.1309785662957,818.4795972282504,809.7424769764497,862.864296875,823.776031235517,817.0085936143663,748.2440875509511,708.3819679352174,667.9866413671015,717.7426359388563,508.1340160199574,588.633423051584,598.5932519631308,617.0496649742126,596.7798314378375,755.9379714314972,639.4692624236216,741.1434227402448,629.1828496751707,595.6750198427613,720.8369114998849,705.8725180472097,845.3735235891133,695.7503945390943,705.223213469501,565.4385889160867,483.80972835230995,476.3414006086886,830.0048778822231,920.2477695147886,932.1639247877808,791.40255041591,902.3025352411685,899.6170140362094,818.6752115885416,940.5779835304605,909.1561149483297,729.6334485539478,762.6537549876095,783.9217683512909,826.066211117301,798.2244781999957,803.7570516053621,798.6438786866235,538.1682870847369,621.9035814954088,443.00440979003906,432.4540517027949,732.282518730789,721.4789304614561,754.3294327106881,859.5593294416155,756.3307486932397,786.4115181194813,547.3585873913765,478.87241284926733,695.9005362086359,717.0776842783886,498.6286755954518,430.58109644604076,375.59974628717947,392.88412451303617,406.40829040401053,354.48125033331416,44.908682721304814,41.170185132605404,694.4615783691406,680.0932906845869,713.0018962323666,674.7266874291778,676.5152161867564,632.8771858588408,9.992669656940148,0.006066306556264559,17.50305143391002,20.164777233574153,75.24640313854168,59.13141862715354,25.612091965145535,102.85787573982688,705.7614080255681,752.9940751509233,749.2345095640861,741.8676585909686,637.0527245016659,281.5912937135027,289.6210353374481,604.0983444740033
810.6869828225308,867.2692030848879,858.3411458817163,882.0860891760108,487.3246362863585,546.6531566551754,843.270971494969,828.7903324403154,677.682774701897,630.3915341252186,833.0097490016038,754.8645906175885,831.4256141885068,642.9938112309104,679.1136110682986,518.3140999574593,786.9164054111282,822.5873377695432,801.1524903696616,813.1689163513183,368.3624794218275,410.8978411356608,836.1655373621469,904.1200599973164,577.0077471608266,681.912868300637,453.85408190732505,417.4020897017585,843.374589164302,824.0715003496335,813.9932967058317,864.9353017171223,825.8565947969081,819.7268481445312,752.034397821841,709.19189673734,674.4885548326938,721.1074511210123,517.4467330234392,591.9991497082657,601.1279059238121,622.5093717575073,599.9597549982487,759.1794095875528,642.1919963223688,742.9438810181199,632.7909214536021,599.5838578806057,722.7164808150261,708.1365198222073,847.8727318562443,698.8866759025354,706.7760499175888,567.6612660560538,487.17434597417684,478.3903431618272,831.7817900742263,921.3690260361742,934.115205435207,794.2568135570183,904.6395158319888,898.1647268838482,820.0442480618071,940.6602496433651,914.2087697840449,731.31578576688,764.7643251006523,786.1175178221436,827.7980048307188,803.1927724595887,804.6533302530512,799.4939170587259,540.7253710545531,620.986926058154,443.3226665552112,432.3824278065856,731.3374881431705,719.9108200389815,767.2998826047208,864.4730693272182,762.8623073475571,791.3467833478807,558.1059935569763,486.99391008059183,700.6188409007068,721.0227314486236,508.3245744368609,429.8228217844283,378.3783255890012,395.3369340890923,407.330723857232,355.29133885962267,44.389270390608104,40.536945360170215,704.598085530599,688.6046928793697,711.8762860894203,675.1148988369903,677.9024851073442,632.8842351395809,9.781401265685226,0.02599575897609746,17.35920951277792,20.14860291406138,75.7780605829089,59.79222592899215,26.318458822038437,109.59823032687692,700.5602805397727,751.66298828125,752.1315020874843,740.6252157476883,638.6298798205805,278.3584199432741,291.8480162259304,596.4129201954809
812.7140664705279,868.7063021948843,857.7223947277818,882.7643802536436,487.4247987034709,547.0610604201045,844.5769280761302,831.3001617756296,676.0043654247206,628.7527869646666,835.1598690001945,755.509337759018,832.1750166616554,642.3648387471192,678.1875405430201,515.7803228987062,780.3797958880239,815.7525559232084,801.9657194052619,814.5754976806641,368.3761626614465,423.9439126332601,836.2083472269782,903.7162497081454,576.8964149015736,684.3964084583324,455.92609040908394,419.7928246392144,842.4068252275575,813.7259821385513,807.7993944223159,863.3052370198568,825.9783727354923,821.1401721191406,753.5456665039062,714.0516162550593,674.3040958354127,718.8615421719021,513.064581819943,593.672966060567,607.4022419413582,626.4208364486694,602.4329298507599,757.4367784256053,640.919431544778,741.3676726804142,632.7647848720393,600.2744766065291,721.7101557270173,707.8126180766264,848.65855058157,698.0577982421852,710.6117939799356,569.0211300195432,490.01286550377023,481.08704639768837,832.4755795364965,922.0140156635532,936.3985280928807,795.0658532054518,904.8628181656547,900.6012187235564,819.4442406517286,940.0387435548099,913.8933442528568,730.6236617467354,766.7963283426307,786.7491099658696,829.39387057845,804.7549185568456,805.584672051507,801.2456642526095,543.5470975823358,624.0291977919542,444.7074251036713,432.9353053133253,734.6997660652536,723.7099980397837,762.5873789685837,857.4038936070034,760.5621318597903,788.0297675714802,559.460476175944,486.8609917841355,699.342213073596,720.8855687914751,515.407152781767,431.9793794714587,381.0387198305689,396.53933720986214,409.1954098421517,357.0797246963717,44.913129418527845,41.315343002087886,705.2716369628906,684.7597464868578,711.1629888415337,676.4316990278426,678.4471497377973,633.0887809977263,9.951266074320301,0.011991511264608967,17.52587713964723,20.36355699206329,76.53904032061965,61.19624690137683,27.262465768390232,109.69597627134884,702.2420321377841,750.7820079456676,753.3869020602847,737.528767259815,636.4819341921338,280.73545333167965,294.6118714375929,601.815696453226
813.8165787806055,870.4094473617246,858.1456942563958,883.8745661579756,488.46598665547924,549.3368521843638,844.6624565026949,832.791242084909,679.8793252475408,632.8133364661795,838.8946133745395,757.7033016537863,832.4820680438347,643.214984578039,676.8904892579833,514.2896319299418,786.1397728219416,819.4914317400353,804.4188947677612,815.5376563110351,370.423839992947,413.4369054158529,835.1481875795307,904.3315819028824,574.9115483348907,681.380514888973,453.66312782013614,420.07426982455786,843.6865896548865,816.4961165063175,808.7329180059157,862.9465631103516,827.2574799101232,820.9377153862847,750.2537422511889,710.8562245196607,670.791783538684,718.9028561909994,509.38867213044847,591.639070860902,605.6267815261591,617.8917589187622,605.0684422273484,760.8359774910443,643.2908183698203,743.616870110495,634.7336325566631,599.5653252868385,723.9819735096347,709.5310364636508,850.084339007601,698.5262960361043,709.941179301172,569.7167742976956,488.347621719113,479.2337232553042,836.2324506711594,926.3936368867203,939.3310771493109,797.7427115187636,907.892100153384,903.7311496703755,820.8260886282732,943.9917902298915,914.3061476180802,730.651562673408,768.0469486204425,788.9731087071176,832.0158586441331,803.412300067712,808.3072327944609,802.7544687615066,545.2828374040237,626.1365266610018,445.73713949452275,434.2489228584397,734.268651243116,725.7413927766792,752.1724463929521,858.5042484828404,758.1456652235711,787.126936598048,550.5798819979032,480.1079599266251,699.4947387896971,719.9195344921304,506.25076123405904,430.84872314129495,378.0633954848163,394.69187286584963,409.0721624177866,354.74161210445067,44.159175259216376,40.03800005789179,691.9736165364583,684.9455499164129,715.8614557087421,677.5594003243684,678.7279172513928,635.4341588008666,9.527450960438154,0.009211301017138693,16.81542309811862,19.818318074607774,74.98097508054413,59.175574020354915,23.622338427437676,103.27845790864461,701.2200983220881,748.9471568714489,752.1207693215184,743.1144098209429,638.3715003518497,279.17685962978163,289.39924661318463,612.5743692332301
813.6702926797878,869.1464063230187,856.6909288186381,881.6943894040537,489.3694307149843,548.095842225211,843.9836528026844,830.0438299625478,678.9348427130252,633.3215519248462,836.5563530650566,758.4674167103237,832.3149099464482,643.7848852056,679.5209278324943,517.7199802919298,788.5451260968972,822.9145950098766,805.0621608829133,814.4782088623047,373.3617255952623,414.52072792053224,836.4954733800406,903.7709655458965,575.9116384196656,680.9827670003032,452.8026284065036,419.35399725702075,845.6421366277731,824.8062555760513,813.4284550223764,863.6445723470052,828.1185129456601,820.4653811306424,748.0534033733866,709.0641371026096,673.1035277244803,721.0368722986292,514.1270067947252,590.6722438683671,603.9724356229189,621.2001461982727,604.9582739155444,762.0679626464844,642.1163609622249,744.6899658615827,636.5755528221446,600.8625888124212,723.7198879241944,709.6889034401287,849.7338490962522,699.4539421384244,710.2635740955849,571.0466247726889,488.9241424783085,480.22952792063086,835.6648568428099,925.3285123507181,936.5208283830152,795.0688839693454,906.5302498593537,899.5079444750999,822.4588039759832,945.2868913112844,911.5516866997107,729.5918898543954,767.1936399712991,787.6925775517343,832.3317644641658,805.7605671750906,806.7940348633775,801.9959073301221,543.4299536188809,625.4042804932698,446.2134470179461,435.4670285506987,733.4591869917073,724.3689687895082,762.2062624667553,863.8081621442523,762.905822227741,790.2260859486806,551.242011941274,484.1424159938097,699.4548695501252,720.2189936893731,500.83206908282114,432.57723324909966,378.6427409096311,395.878828199698,408.22711022215907,356.16570156606537,44.73292614347129,40.44615913183621,699.4329081217448,686.2274304406118,714.6418661624193,677.0344769792858,677.9810676283508,635.7975088459938,9.688830358395967,0.016740344381994673,17.062877638112713,19.83388886441743,74.58649934130892,59.118092147023816,24.099671284357708,103.64677246528514,703.5343794389205,755.2644786487926,754.6506069106543,747.2024692583688,638.1152867335899,281.13305825517887,289.7419634660085,614.3128614754512
812.3523665859398,869.288305446355,856.0786414038696,881.175593949884,487.67870506907616,547.865928530693,841.6382308270519,829.1771412431433,677.2393608920428,631.1340460777283,835.3373244991147,758.8208047412691,832.6058382587204,643.1015214046486,680.655497797686,519.3872666039479,790.1351875196701,824.5328535336592,804.3623712930643,814.6987095031739,371.20072836346094,416.34286206563314,835.5292326801955,902.024272827875,576.0574223683143,681.8260311608786,454.2642304541656,418.1746413972643,844.0411767059902,826.3910516432774,813.4124758262334,864.4314050292969,826.4041151919607,820.089111328125,749.2338583241338,709.1445643413498,675.6009689532713,720.872799343533,517.8442392008645,591.7663628224576,603.2941979580238,624.4295663833618,606.1027443971899,761.2656022202912,641.0908203397289,743.4443735713847,636.9523522499179,602.4040632964848,721.7306975764614,708.039113953666,849.0774130213675,699.0478650597739,709.9542936829708,572.1710422483145,489.9784459853892,480.1912360128912,833.9712617671503,924.0633534524176,934.2246987073005,793.4286708442623,903.9968589716373,897.0837659642921,821.6755580143827,942.7155051780826,910.6060790446268,728.2462726015915,765.1843699860439,784.34121840985,829.7659402349193,803.7681654619248,806.2364381498045,799.7761751393803,543.4348162729806,622.5828310483462,445.37320211659306,434.666728274923,734.7422002573483,721.3426592181827,769.2892663833943,868.2687443324497,765.1209995372085,792.7563088211895,558.3218136160573,487.93003256400425,700.006569856484,720.2405886828956,511.9894602382884,430.1499985753414,379.0918043957402,395.49854976585283,408.94625210792384,356.4479073876577,44.277665505004634,40.45735850135685,707.4303934733073,688.5745316844875,713.1611464768648,675.2684140572181,678.8668051760918,635.2650275568508,9.984808515594187,0.024211491740964076,17.370941881919176,20.22150603531762,75.29937311963033,59.968992403908686,26.97566596666972,112.74412535218632,702.7809725674716,750.6143110795455,755.1766373807152,742.5938253281992,638.1586525112975,279.73700198583435,293.0835617094329,595.7734853810277
813.3242373055522,869.8840062546008,855.4691720207296,882.0204483579355,487.53229354758594,547.6315751416342,841.9258176993836,831.1268910769198,678.3966360165149,630.7689089384236,833.5464916694455,756.6556185707213,831.0009083559746,641.8408874762264,679.1739497327093,515.480188649915,782.6820150800226,817.8330138640546,803.2094350226538,815.2155894165039,369.003732363383,423.6008543650309,832.3004202629409,902.2654558514791,574.8041832010159,683.0400186371018,454.44971432343374,418.47106443511115,841.8282830580225,816.8741539472416,808.2184141464434,862.7767201741536,824.0613783496922,819.6414000108507,748.8780862559443,712.3647672354457,675.5318674768121,720.2843489470305,514.3176077093397,593.7989846275987,604.3178670914447,626.1898164749146,606.3137911387852,760.4061716811917,638.9493204229058,739.6711968260202,634.3877007074592,602.6103208148396,720.858968974698,707.5482928927693,847.4242089472835,697.5757478710631,710.0860667207315,570.3446672336728,490.00567093295695,480.7905852183968,833.7917837788476,924.1170502525789,934.8953321670095,792.8116138291599,902.9049449754798,898.0273507054184,818.5188178666141,940.2630414374081,908.9998631833205,726.8230723591006,764.2936953824558,783.7428031863026,830.1125960866357,803.7173249471253,805.603530505756,800.4594535202276,538.4424337684561,622.987018799885,444.1829736681952,433.4998779296875,735.7710486240074,724.5734656876053,761.6703854824634,860.1645180838449,760.5729451965099,788.7632501606124,562.2096527695655,488.915507311821,698.667546982282,719.2737217692115,515.8520417381735,431.92181348112086,379.0595720366885,395.85279376700043,411.04120018516613,357.691585225643,44.82221770038423,41.19702593290099,703.4156351725261,683.9161697646318,713.56327226758,679.7237673830663,680.6230056995654,636.2250689947226,10.059374992974641,0.02726031904005342,17.551747231190667,20.412020899316953,76.09785647880754,60.89273928943083,27.139519108666313,111.41735482917113,700.5737970525569,755.2172884854403,756.3959102758625,742.5211643267281,638.1219988056258,282.78904707599105,295.9825478322578,610.1261223102438
812.4855857407752,869.0138043249497,857.2994251954286,882.0730112083405,488.10127563032995,547.8503069622176,844.1558465982032,832.170365159055,681.3890887754304,634.068443915883,835.136810054624,755.746312890734,831.9263669467095,643.4111577692302,677.8496954381762,515.1030653830497,782.7932042126407,818.1432809805949,801.9380215538872,812.9768620605469,367.1989838812086,415.61259167989095,835.6545083897798,903.8617899758475,571.2269569516806,679.04450070727,451.74833170221655,420.410453081131,841.0289678033793,816.1403389636381,809.0710431597051,863.191108194987,824.871172500869,818.5228561740452,747.9434445588485,708.2323283000164,670.6570204680187,718.2754368252224,509.64369968857085,592.40240924278,602.6665196653272,615.5876832008362,603.3327033614355,758.856011557918,640.4377193023608,742.0757678182501,634.5482145971503,599.5680993186844,721.2093750399928,708.7286288689309,848.5923885734538,698.6440931551414,708.9431499600945,569.4271612728344,488.7990925431675,480.30038306395085,833.5866075496945,924.707365308095,935.1880533514991,795.9206350390951,906.1661487612517,901.8723483039338,819.7672690295299,942.3491147928277,911.5988117616567,730.2536261089397,765.8684032742897,785.6543792340287,830.6916029620322,802.0647993140458,806.3065980705055,800.82662401043,537.2856066642552,623.116941377714,447.47840505406475,432.91434919330436,735.8778764068103,726.133870484918,749.6927672041223,858.3265042986188,756.336813915735,786.2247099580027,552.9171736677488,482.42186831474305,697.651788135142,718.8084838555636,511.4742031770594,432.79320533180925,378.38386932667345,395.031798769166,410.1498318534148,357.05254792096713,44.93348201157156,41.16493451140139,695.3856974283855,685.4542882886983,715.6942381262779,679.0356034887322,680.0626377561923,636.5338288286205,9.964198150512713,0.021833386851681603,17.551563002725832,20.15727559966573,75.64751541054994,60.19375957560135,26.757852898703682,108.90883732543273,695.349687056108,753.3263827237216,757.3819778749606,745.81012619598,639.0825757793351,282.58197978504916,292.9823947819796,618.7838624099205
810.261346449959,867.7929508035833,856.8838662091957,882.4254203583615,488.34999380333477,548.1874742593084,842.5611340586995,830.8329302523998,675.9347824326584,633.7171724467981,833.0438679640855,756.9085579100109,832.6141568898746,644.5534747901715,679.3127840383729,519.2554633185526,786.7890633677985,821.322661136868,802.0111211323647,813.2802506103516,372.0735369258457,411.21212844848634,836.4807472394142,904.0732647123791,575.5524775470114,682.6686001452771,456.08044900419964,418.7539282639821,842.8626113027897,821.9746922622493,813.20046957021,865.008686319987,827.0846998570329,818.5717937554253,751.0647145146909,710.2602426919592,671.6357239038408,719.4539756774902,516.3368477736201,589.23775407884,599.5316614870165,620.0129017829895,602.6841071891406,758.8790242705865,641.6919077551796,744.9483186097173,633.4044887556518,599.5532455360973,722.3757114348873,708.6786450836316,848.081077911909,698.5632576784137,708.5113336195326,570.1868058513193,487.75820491241944,479.3104374805761,831.6632857390589,922.7971331212256,933.9350829052358,792.3742722521132,903.3094791976265,898.7671181642507,821.3007986086225,941.3604115223197,913.2769779945487,730.3208858979149,766.2964745755945,785.9160937341098,828.6065584413565,801.4315976306219,805.0918566385905,800.331678546843,538.1577490010393,621.4458766128078,443.6405108907948,432.87127384669344,730.9517634657562,720.0252684280586,763.7554113509807,862.2740707397461,759.8658545483117,790.8968075145016,549.2068369309108,482.9451665274302,699.2484104274128,720.1307984756947,503.8039970622343,429.8181549530167,378.19625941850245,396.207178482495,409.4030510699835,355.474917939802,44.64061386761669,40.8628431048307,700.4771057128906,684.6764707403668,712.4843088686466,677.6711611359367,678.6687336307749,635.367666445035,9.955067289843052,0.016463689147322266,17.262351961317734,20.213581195938346,75.25006273207894,59.75201326239884,26.271300289365982,108.23319602713866,704.6572487571023,756.9922052556818,751.5231317097708,745.919059270545,638.0199375526578,279.7658251503058,289.62319749774355,599.1096359779095
809.202709697917,867.4708342311358,855.3549542330675,882.6732793861177,487.8081505331882,548.666880939688,838.9677375995086,830.1520661049701,675.2055595845592,633.2555220674296,830.3108671855151,755.5940434622386,829.8318583912138,642.5034456302521,679.3396107569263,519.418089129493,785.5635111298042,818.3167093679358,797.7202950209607,811.8141724243164,367.58454675144617,421.2198768615723,831.0465036037165,903.2812197851756,574.4103733981467,682.0276238472907,455.68188447056554,419.9279210037655,841.9170949684,822.3970445421007,809.8168235638636,862.9836690266927,822.3346804602671,816.8753907606336,747.9968537703804,709.1116584869752,676.2029613881384,719.393842626501,515.6323824695179,591.9267987026258,603.2068969226274,622.1474118232727,602.9205512640968,758.3936197723823,639.8659289062522,740.3286097900212,633.0208256717556,600.7630408543807,719.2859379614553,705.8189875499245,846.2506885232459,697.3012028815041,708.1644537031918,567.1397263825525,487.07867259221223,478.69262381934493,829.6819975937575,920.5144263781883,931.2747942180922,791.911512143169,899.1336625870414,896.2713255509975,817.422066691454,937.6757250852546,906.2284768517337,729.0352676731055,761.9939060334409,783.4188284698216,827.9804636353899,801.9762517602404,802.0547523326702,798.1832536165831,536.2684603349878,619.2293765906131,442.64807460619056,431.40712383431446,731.4875148085297,718.6252731386556,764.7214212620512,863.7773383004325,762.774669252593,790.5869674687557,562.7402124786377,488.61618153889975,698.8091361629805,720.4912064516561,513.3539117700914,431.13876769667496,378.2241245886932,395.05803200009325,409.60616160015906,355.64279607996343,44.93258600773535,40.79106890872661,708.1394063313802,688.5485938120696,711.8897187113762,675.615822610812,678.3332325690272,633.4838945999705,10.028424271345628,0.018719871790596733,17.58436242072435,20.215653480579125,75.78138296584648,60.32801730932808,26.88896343443129,108.04078891698052,693.1538918235085,749.7235695578835,754.0995862307965,738.1777169915695,637.5871052461512,280.5973091439197,292.4151886737708,603.3417200548895
810.9285959471215,867.424106289642,853.7540553906018,881.1399773525527,488.9411475869112,546.7269887583597,840.2639158595249,829.1721381264545,676.5108910336786,632.5573228851694,828.5677409598497,754.0917204690357,826.7082867761419,641.3143754880197,674.9234729809548,513.3785855598544,776.1367909219027,814.3661585689779,797.6016824546901,812.240620147705,364.3227267795139,413.79451891581215,831.6439617756986,902.2700954013401,573.5966369369268,680.2277381813133,451.1606099249908,420.3736905786726,837.987353342884,812.617529447579,803.0722130802985,860.5265470377605,821.9691163402492,817.3613914659288,747.4882279105808,707.7193237672369,669.1007331478438,718.3178784405744,514.0166849919727,592.6058002143317,601.1028182232966,617.4013271331787,598.4141315117715,754.664284511765,638.0313519021927,738.0710999170939,629.8864130382696,598.7670599063794,719.8845990550134,706.2600164441419,845.3962345454684,696.9354006018438,706.2337831403108,565.6254489678962,486.13026504057126,478.5157642315726,830.3524571530529,920.9831048211565,934.3734939360979,794.3266103177089,901.1829756894319,900.0023904506443,816.4333217982488,939.3187598632687,908.3162810482196,728.0462974272187,762.3286962391286,783.4382780749709,827.483727570552,800.3204370150909,802.5777065088083,797.940010821233,538.6581979454111,623.0103593306108,445.944025233172,435.87507822815803,734.0191820488601,723.6094628804947,747.7566203665226,853.8573270525251,754.4249549076475,785.8692600946071,558.2881781991323,487.67998833179473,697.1989273440995,718.3046924187134,515.5187079710118,433.60417344165626,377.9108290815105,394.4604008250001,408.03480792946243,354.94231666383644,44.97034808287086,40.69267254508844,700.2856892903645,679.6600978010791,713.4568458199501,677.1335691132697,678.0524349455312,633.0723935152907,9.892602899005349,0.00893902887624723,17.426235739130192,20.050371097679765,75.52802272111187,60.17202726730035,25.849942048390705,105.88304218825172,704.9929532137784,752.5847356622869,753.1955943267617,740.5256523422048,635.7122907451554,280.54205562566455,291.58403184919644,608.8346631280307
809.556744283881,867.3735450879492,856.8183145965322,885.0205741061633,482.3936991625054,548.1947977755751,843.1906890218723,832.8730614195479,676.721006296119,631.7319015401308,831.5746885470259,756.2617324586898,829.0145074049359,642.4754961549874,675.7659353545649,513.4741181901312,781.8185213640403,818.0467073988677,800.2285626290859,812.2882479858398,370.52530659569635,414.50322348276774,837.5001538539518,905.1461311521984,570.5438360893289,674.7458016387709,453.8464394774885,421.4003404511346,838.9182399533829,817.8709481698495,808.7683959320149,863.717910563151,825.0713164765956,819.1711828613281,747.164931587551,708.5507337271449,667.7132335780476,717.4249363651982,508.0057165026665,591.9498120140047,600.8688159379802,614.6792511940002,596.7677342972999,755.4542012870029,640.1484759730549,743.2882860696803,629.1802583863913,597.164894823011,721.4483473193261,709.2279560782692,848.8987222027748,699.4057966760946,706.50445696912,568.823877636124,487.3620624836554,478.9472803231542,830.8503123990547,922.7481214867698,934.5560475775799,794.2787408893596,904.8509390524159,902.3487849783357,819.0597079682423,941.9195677674846,911.831313574492,732.4398606065324,764.0604972990711,786.1098719017893,827.7701971454985,801.8735297608771,804.8971169961466,799.9394848932985,539.6509973368513,622.8483691194873,446.95719865439594,433.2708929357394,733.630949677014,722.2030610523777,755.4531392848238,855.6342544555664,754.7534709652722,785.1940284637292,548.3445808045069,479.1587429781755,696.8341225409823,718.5171943143195,508.40989476372215,430.8558444898266,378.27257531446713,395.5926024226807,407.52909203488474,352.11693147403497,43.78273204063427,40.006296166391216,698.0648844401042,678.7795787746624,713.2527134418488,673.5405878351825,676.7999693795318,632.5499410372784,10.136366628762948,0.03662159486363332,17.170920237128655,19.90223158748704,74.55727771212351,59.02821960437402,27.227155923843384,106.44292886116925,712.9846524325284,751.3160300514915,749.6962808698615,742.4690936124778,638.6012797636145,277.01809402725155,287.89299395590115,595.6838999781115
809.5145421844446,868.4819097856079,858.1538607385297,887.2538633916482,483.6362655151722,548.6553531714848,842.5630161321174,834.9090699865463,680.2937331309124,632.6141723374851,832.0587162545057,758.3976480302357,829.1745275297868,642.8784241879034,677.6574468944797,518.3366825574681,787.7481923758701,823.1650372375285,801.2297371045839,813.6397331542969,370.815114763048,418.6707297007243,836.7296089183372,905.0307763114808,570.1231633930306,670.5979399681091,453.7607622620809,423.3668651315901,842.8889184627893,824.1385279525945,815.8452826872898,868.3230867513021,823.3514682317184,819.1199129231771,750.4510673191237,709.708645004824,673.4665122683352,720.4098342612938,516.0853793025017,592.6888152847575,601.4017321477171,620.8957343101501,599.7013212537008,758.5296779108273,641.0144556863727,746.31055737936,632.716602116577,599.9052871965862,721.7653040609052,708.6160045844719,849.4435680431135,698.9383915084709,709.7616998817889,567.8142360365566,488.2223435850751,479.9254177209789,831.298752733546,923.0380035881643,933.0501993294669,794.1633715168844,903.5612650066873,901.6513783854574,821.9469800476634,942.7516342092443,913.1224292356577,733.3919935098606,764.133654790246,786.0852098942466,828.7177489213883,801.7985863448506,805.0634891063244,799.8709227139833,539.558523475577,620.0801723199489,443.79915607839393,435.0559756856569,731.8869128618084,720.9679764237146,765.6709412919714,865.6316506522043,760.8773519874076,791.0443472931398,555.5546237723032,484.24433586428563,698.4248962940098,720.6605506887463,509.9728132135728,432.81429534870796,378.52860742683214,394.9449004632497,407.4890551647276,353.14845588792116,43.95058639259595,40.12164244642931,704.4676371256511,690.7520865747484,713.5938125550747,678.3566893225882,678.3182732773798,632.3556732979847,10.219743286927903,0.011256815230956785,17.444231427666008,19.992625056677415,75.83453377320346,60.4688268216447,28.220582988527084,107.0490715714062,698.90673828125,754.0006036931818,750.0114266824402,741.2198221713682,635.3952152027804,278.5577613261708,292.6573850169326,603.0848288700498
810.8176794491242,870.5775802882031,857.7534655776234,885.28385742917,484.60557757532877,548.1719198822975,841.1258082605282,833.5497097843252,677.1780226425249,631.3105203714528,830.6985550547034,757.5591283117022,828.7733042276949,642.6234103989023,677.8549910552466,516.9231563708918,787.981279852266,819.6281749402169,802.2241893307917,815.3292812805175,368.17323401239184,425.3525650024414,832.9620004794298,903.0958656432136,572.0041122736106,675.2816807044732,455.3719639541036,421.650089290407,841.5036652762935,822.4491534951293,812.0128342836235,864.670776977539,822.75742275432,818.9337205674913,750.4126740828805,711.4326874146979,676.1485890123813,720.2452806543421,515.3508672033038,593.540050520879,603.6784810550878,624.9268002510071,600.8749462441792,757.3604708847841,640.6232750661526,742.504438461616,632.7846738523688,601.0065251330395,722.0862045811068,708.1943161564488,848.635500523728,700.0793143249374,707.7944233984156,568.975971511766,489.2864011580631,480.80166415653133,832.9949401989171,924.1320818430847,935.4701051938611,796.8369196193191,901.0987181821076,897.7053722440232,818.5263294838255,940.4820503796079,910.1833574665127,730.4720561895567,764.4066866992565,785.0181344138233,829.7171035450735,804.100149418109,803.9141209920248,800.7646354300077,539.5055609186855,620.8586491836614,442.4612112736356,432.22147938902947,732.8988727507044,719.8872226066114,765.8891315866024,861.7676762172154,762.5746718366485,791.3990881256965,563.0744990030925,492.13851836204526,699.4676138806448,721.6273064366546,520.8565621544333,433.52444758914436,378.50273867323995,395.9696339790513,407.81171904861014,352.60550966558355,43.78159410648988,39.951457615475164,707.3219746907552,686.2241681632349,712.2899642288685,675.434903105999,679.8320767545821,633.2812549525776,10.034931843467731,0.02422023719797532,17.116434492239875,19.79113364369966,75.28581406517833,60.44701832999045,27.72719881269667,109.9157527474796,692.225264115767,751.6583351828835,756.3366508739907,738.4213044371786,635.5587867288028,278.5144346785127,290.9488656882084,604.0618575523639
812.7473771096402,870.2976386619337,857.958136595954,884.403164669812,482.21395869144175,546.6685316732952,842.4266314234169,833.133220675854,675.6986402029894,627.00185798817,829.9941092700493,754.9443749821376,827.9572826405127,641.4720360080481,676.756595777635,512.7283695791259,780.0639483555798,816.2659563748939,801.4754114297158,813.1311449890137,370.29528747664557,416.58702646891277,834.8793555255576,903.1107157752627,571.7400225893989,672.3491448858282,453.44248557749376,420.6457831197315,839.0589298752119,813.3328845365547,807.3580198112749,864.7646004231771,823.8456380811788,819.4436641438803,749.8590414296026,707.7378815800311,670.7135516599411,718.8126619127062,515.9161791971752,592.4649151862784,602.9135509553503,618.2315187454224,598.2546130835063,754.6368824746371,640.2439679647887,741.4985883619353,631.0311397323924,600.2349890528859,721.4710003883608,708.2675969286049,848.3281342949493,698.6811242137156,709.1298218970876,568.9967267557103,488.5070369418307,479.7815032484659,833.1631440813413,923.6298681218867,935.9506580765252,794.8126080976642,903.800559334133,897.642093004918,817.6506571638474,939.2154884181396,909.989822216888,728.367025901874,764.8405517296844,785.0497862576443,830.5204208762782,802.9859941176946,805.900207347698,801.0677664709873,538.5054189699506,621.6286920985102,444.69076051573825,432.95594078386335,734.0854212026127,723.7458090881095,748.8443967129322,855.0253186907087,756.5167742908229,786.6594537210069,557.2878760261833,487.59737264553706,697.7680375523504,718.9885293867966,515.2298713235294,433.436198970471,378.80319823448855,394.9794931530562,407.6715507517444,353.4224930585176,43.72176012339898,40.042031606057776,699.2130187988281,681.0929218874139,714.296955704689,677.5478880783012,678.1132761734436,631.7342918974263,10.24122471635622,0.007646322450428097,17.292098886406656,19.903210154515026,76.0917389815788,60.22764965411155,28.396537224451702,107.42972889367272,693.5007379705256,753.0872392134233,754.6400765028576,740.3368686724313,636.5961315678616,279.3611891541565,291.7932620265267,611.5423152528961
812.0642522206132,870.5960735215081,858.741601497183,884.9376808257692,485.4199824887653,549.5641811447484,845.3288370768229,834.4538367023874,679.7367253035915,632.4927721375325,834.6773387629811,758.5218650999524,831.2078374663103,645.2984479834677,676.1652825338331,516.5923803343667,786.8633960886589,822.2557617326908,803.9025718937431,813.0124646606446,372.15500863393146,417.13074175516766,838.2395133146476,905.230129211668,573.8731842041016,675.7099212080568,453.21681093247554,424.0774869918823,842.6736880608324,820.996698224103,814.1730429181276,866.9775081380209,825.8011453919491,819.290863172743,751.7132716966712,708.4883068038756,670.3792057793571,718.9852015177408,511.837148811136,594.0192940244068,603.1755801341573,618.7491235733032,599.275044664504,758.9295960195822,642.6555673152956,746.6668600255285,632.8837461570077,599.1659715592444,724.30851521492,711.5760336984987,851.9422069771102,701.1086150098374,709.0008751907691,571.9436839257969,488.9743705615798,481.46987796610193,834.0053897786637,924.8486954889916,936.5709367920977,794.8568893507766,905.649809039572,900.6938082600874,822.0661116200484,942.9141896605001,913.7355016452163,731.2781081757188,767.4273206389353,787.2546740307762,832.1169562856103,803.3914235151934,806.5515198406872,802.3082893871871,539.6047662857476,623.9796408120687,445.7451726941095,433.56633532886775,735.7457227863249,723.0845329316326,756.1225806702959,860.584116254534,756.9508502419425,789.1596725678576,550.3972405370076,482.44562129338584,697.6369862795926,719.4438594096293,507.5888962016386,432.8941123322029,377.7132110546033,396.03100496882195,406.8157849525606,352.40544849045574,43.75036560287609,40.31075672878391,700.13427734375,682.1601345256223,716.7346579432487,675.4342165381661,679.1843061277278,633.7298275077839,10.072624287638495,0.005433358997106552,17.105180594798053,19.752800382120768,75.41101578323797,59.931587035557435,27.21181278758579,105.47209917797761,716.6550071022727,757.4161299272017,753.2942955477926,743.2336466342588,636.9533634559781,280.3242575662178,290.31554079778266,603.5023130219558
812.7779795028524,871.3310767761385,860.5878976647267,886.3861363323562,484.69183537682824,549.6667455094201,846.5665424733922,835.5235298513859,680.7941461528594,633.9841089610194,834.179607143247,759.7377353486561,833.9225601536536,644.3344157639785,682.4184822443112,521.5553341686873,790.5189765821701,822.1769356933543,805.6841658906461,815.3638009643555,373.8367806540595,426.0356295267741,839.0330766840243,906.3948329743885,575.8016546858543,678.552683882661,455.11352230303856,424.1612389087677,845.7266449838314,828.818724832417,818.4704607465449,870.8699139404297,827.3548168893587,821.090349460178,753.055678127123,710.2621094117682,680.2957781148903,722.3312782005028,517.9593169604029,595.1391407541568,604.5185438062324,626.2492818832397,606.5168953642012,762.8759906642244,644.8388903519569,745.5051542977144,637.9958696247132,605.4395945022156,724.1616807937622,711.9078879286467,852.8392448645454,702.6148590581038,713.0394764716315,576.3136693613202,492.37538726447184,482.14062116920655,834.1380677907385,925.5117049989877,938.3096316277852,797.2213362139453,905.1006908250891,899.783536818421,820.7687328466947,942.8298760735939,914.9448169309702,732.627280813163,768.463158266464,787.0817306516938,831.76039229229,805.269652055772,805.9615802421226,802.4046413859382,540.8773254254543,621.5008889730875,445.1341552734375,435.1943780603543,732.2568669553663,719.0670894132115,771.2632095661569,871.087897164481,765.6868210715809,793.8356845299842,562.1967527961731,490.20504685719806,701.3153719797008,722.8594026103658,518.6977724411909,432.3648491628764,379.77028024507064,397.40158701876317,408.43331605015743,353.75212653482953,43.24596215741002,39.553911310243485,706.6574951171875,691.9574848756952,715.6577956974506,677.1205034568839,680.7345724615432,634.2342395456029,10.054865242208747,0.023327481870849927,17.179971645885473,19.791527039423404,75.71827670193821,59.816376331527664,28.21582296159532,113.47583220285527,698.3928500088779,752.9310114080256,754.7810394491926,743.8733253961877,638.7885311351102,278.9776089149609,291.56973016984534,593.2078226023707
812.6546498628546,871.1851362652249,859.3941964275347,886.3790871669572,482.5690013974212,546.6349275963647,844.5780880693077,835.3807038717067,678.2265256862252,628.0991739757726,832.2774519881582,755.2404140018282,829.2629416647334,641.9068730252716,676.9435713196275,514.5305222542795,779.9974930749685,817.1967514076106,804.5048288805731,815.4301789245606,368.21396621068317,421.3689745585124,838.4364411104981,904.3724377041772,574.875109467831,674.7819117032565,452.0081963302022,421.82310875256854,839.7526721594469,815.5568029333044,811.9810638828228,866.5007401529948,825.2904409634865,820.6787122938368,752.9286899732507,710.3019129741623,670.6141634365536,719.2072813245985,513.587724004473,594.4321261059479,602.5390790095095,618.6177141666412,605.4070541726219,757.7366249120631,641.8759927012462,743.0035047154678,633.6439505608614,601.9768705834875,722.6777679320304,710.0160689172158,849.528119113301,699.1473942971086,709.5619851014005,569.4220167001089,490.6213431727558,481.5590651360403,833.9122970096383,925.2163144819162,938.375298427969,797.1906544632134,904.525464318317,899.8457679779399,817.5447837526281,940.9030080606908,912.9345214046649,730.2045320386418,769.1180876651507,787.1711248356709,831.3009359517674,804.6092753542063,806.6010427045393,801.6512952710762,540.0300033989303,622.9905717857988,445.35282544122225,432.7405980069872,736.1882949578958,722.8574518860623,751.3160673100898,860.2651661464146,756.2688996764435,787.9612496623677,561.9051477686564,489.9142340287566,698.0272331977205,718.726533569162,524.1320989945356,433.6970494335739,379.8900996592517,395.71773733740343,410.1691841895997,354.5170345466708,43.795047832882524,40.021169993364005,704.1564880371094,682.0911891096729,714.4635549038649,677.0796682262852,679.9023034675733,634.2378791958312,10.5547708718774,0.014263320638349763,17.31033000801219,19.992182588935663,76.55105220184163,61.0184407883514,29.499248875512016,110.56672716140747,692.9235728870739,754.1593971946023,757.8192087467885,741.1091304730766,637.5923429002949,280.4055515987831,292.98601332577795,614.8940876927869
810.4958135431463,869.4932006296485,857.9281550531014,886.253490645572,482.6393358663071,545.4645757334573,843.0822782654693,834.8795637025224,676.6566994372679,631.5710807960542,832.8581925989166,756.7615128274948,828.6717644064954,643.6114442196453,675.4696529397917,516.0074770573455,783.6766841942665,819.1996074499086,803.3362242892327,813.3406132507324,371.9969237115648,416.2294434229533,836.2413097067829,905.0649038345094,571.7389612197876,673.1752276053795,452.8611103921964,422.36750107341345,842.5660904218565,819.1082831488716,812.747554909213,866.7641835530599,826.1096112526069,819.4850571017795,748.921458368716,710.0260807634836,669.2075239677262,718.1113262882939,509.48574717555726,594.2181051018533,602.4079634869685,617.818291425705,602.5263848825107,758.843573330703,642.0079325049037,745.2303971832956,632.9272975842815,598.6806172757715,722.8710345175958,709.1421447800052,847.6394060313164,699.1706019599193,704.810072176125,568.369885515933,486.7026398943383,479.7901394358926,833.6465808580112,924.7122799599612,935.8245704354272,796.8732856411424,904.4736271601138,902.6429329906081,820.1731483389478,943.6220142183971,911.7962951660156,732.7365676783776,767.5671981228202,788.305579739751,829.8437230784423,802.356968663674,805.8226154086826,802.5897952220479,539.3817737124382,620.7395902030912,446.4229459900787,434.37179092622137,734.3742863389313,721.8823890527749,757.6538384620179,858.2543760027204,756.483609634341,787.3107466633066,548.5058175913492,482.1177368370692,696.5912507363878,718.503727191081,512.4442845737233,433.1296630353273,378.12154839001596,394.8750589725087,407.67481018943755,351.93578246500033,42.57484648514461,39.09832314031233,696.3119995117188,681.83624112404,717.3092581033707,675.9890801183778,677.8424498482818,632.4799099574753,10.154494575721113,0.01977264937703256,17.071845692471506,19.589040348120033,74.76977427842115,59.42738983177289,28.351351022720337,109.67857526330387,719.183427290483,756.2409457120028,752.1246006088769,744.8716166049619,633.3901397106695,277.24667750743396,289.3700804060156,609.9095232733365
809.476797741166,868.3266148085546,856.9507523218035,884.1056172952234,481.3965720553731,546.1366201383727,840.1335948739211,833.3904131041182,676.1704427563415,629.473367722308,834.5269147051059,756.7623313843258,830.235725939376,643.831305079675,677.885144858811,518.9431954548318,787.8575627476118,822.5995517109716,800.7963632578137,813.2183348999023,372.8961933983697,421.1460196812948,836.3579808905355,904.8965062640962,573.7542190751481,674.6928117668235,453.86595636441564,421.79005281130475,843.7982484349665,825.3295291100019,816.9830117213131,867.0058892822266,823.3958522990598,818.9222570800781,748.7836452318274,708.3911230248141,674.8921580041558,719.4295609085648,516.8948518718992,593.4315504152677,602.6374399153913,622.7868938446045,603.0233358693501,759.4504048135043,641.3043558428215,745.5773678955279,632.0934379376656,600.2874247644331,721.2093048710977,708.107473629311,848.0434627585123,698.1822060720781,706.8439462772934,568.7350459098816,488.22050098868397,479.16468101281384,831.6099070855064,922.5157916247845,932.5387352022702,793.1131361464622,900.9849345729662,897.3245568746116,820.0633039095351,942.069710990529,909.3074567424717,731.4539500890776,762.8662905371591,785.2209416032666,828.8851035780208,801.5810120303328,803.0587692088909,798.4140446772341,537.381678100026,619.4768625234628,442.75290160248244,434.24434994979646,729.5742695292488,718.22771596315,769.0766835314163,866.7268654959543,762.0298314880138,791.5241922910701,557.684811077118,486.0768521984418,697.625152349262,719.6676691193753,516.2188686819637,434.2997198621289,378.3315818329963,395.5381622153897,406.7978425050733,351.4537474676377,43.25700417307477,39.50298411586433,701.7547241210938,687.1652252714513,715.2535367757082,675.9810250959785,677.1011593651225,630.6242582698906,10.246435015744186,0.028464049583783856,17.29288984246217,19.717577793372662,75.5416107967571,60.460161177779455,29.790672408209907,109.28577172054963,700.2234108664773,754.0196710759943,750.2961030486446,741.2944569648066,632.6455039230048,279.35059794835877,291.2625752723578,595.7766144851158
812.1556635724893,870.0207372048889,857.603976146503,885.7550653404448,482.5361617598423,545.2997304456575,842.9761142974619,835.6174507498234,675.5214870705896,627.4861938826373,833.7700684089971,754.8180055073329,829.9576520445416,642.8572174170722,676.5051190283762,516.403616896856,784.3734628397142,818.7089639708054,803.1610202506128,814.2913324890137,371.62891925705804,429.9714106241862,832.7129513739163,902.5142427171979,570.2932481765747,672.5340726034982,451.3080084468778,421.08298057980005,842.1439082307636,822.714833652826,811.4817892560183,866.1323160807292,822.1156877420716,818.3671834309896,749.6169369904891,710.5925581598856,675.4493678424852,719.6235213103117,515.714459998267,593.9527969931842,602.6860113925621,625.0759592056274,600.855304209959,758.5620084645059,640.3813828160172,742.710332050658,634.0401098590252,601.3748050236202,719.8347924447829,707.1810963538385,847.8456410474912,697.3060314046065,708.2493448642338,567.6128947127099,487.7833650905381,478.8476501518888,832.2329972968045,922.7867204248905,934.6949217015672,794.8813328007149,900.3058334085216,898.4886620036992,819.0041354584766,939.0893755076844,907.3118220656665,729.0988951127889,762.6966903102532,785.031292678252,828.9244089308818,803.3880516600213,803.4311901986061,798.5643119186651,538.9520344165487,619.7469425614262,444.53354722175044,432.7908892564371,732.8176957427478,720.9404152517991,757.7086960812833,863.0676847185407,762.7986145604159,791.1523303395312,566.9354108079275,492.9360430971781,698.5605551009661,720.4278117804332,521.8892934686997,434.27211332837595,378.4824131280184,394.32666019923073,405.8999884142738,351.03274711523244,43.37826680675735,39.301896593577496,711.2352803548177,687.3069266626391,713.8795258700848,676.243613178374,677.5032188085503,632.0409010908131,10.079429169311066,0.03566550707651509,17.03690036930395,19.778551924846187,75.30285337369588,60.29535292363125,28.011549287372166,107.90941415464177,691.6449529474431,752.819345925071,753.607000773385,737.3775109399724,632.3401309742648,279.15645799511356,290.2132951382435,596.2711891963564
812.9182406699081,870.2931452568131,859.077714917776,887.1394766241431,482.44766436732095,546.7165077839579,845.2401871286897,837.3878690354368,678.5871978244003,630.237113276466,833.7000289234688,755.7623272123791,829.7460421632535,643.9984113803276,676.8617918526949,513.8203061958105,779.8795170354617,815.5904619590784,802.4097630182902,813.4936712036133,374.94974332385596,414.2752721786499,837.7577869585926,906.0876983158172,571.6751818881609,675.2869557915153,454.1354236286648,422.4861418406169,839.6638590974628,813.7242683316455,809.8271237671219,866.9115976969401,827.003344907599,819.9214038085937,749.0570665442425,709.8772801778402,670.0034604513697,719.4996780112938,512.6269295896802,594.5682477343842,601.8322716384638,617.1201252937317,600.1835644860116,757.7354150564184,641.3531716397878,743.0007247827207,632.3722936910046,598.8743793014046,722.6794133832378,709.007189285021,847.8182214392658,698.4976232277315,707.4966746445729,567.2769054326357,487.8977091548763,479.5310176717767,832.9645815094094,923.5855541074717,938.524177493596,798.8955572585787,907.13183531388,905.0189462171018,819.1961543931874,942.7800765940191,913.7520899416795,734.2710558671976,766.1660335384058,789.0076651937939,829.5558239396211,803.6314811074272,807.0859277914236,802.9069375835481,540.592514668036,622.4781801958621,447.3083062655684,434.33992197815803,735.9868379186412,724.5730478120543,746.5379820478723,858.4676677158901,754.827526399459,785.9920776664222,554.8346632258098,486.2480592616399,698.7447275102926,719.6662331474246,518.0606958277085,433.30252043693076,379.3786965239172,395.86747830701245,407.57984146157025,351.3296451632554,43.323567508260666,39.6573301184802,701.1542989095052,681.3740198167704,713.8178048729897,675.9703265142657,678.9656883511531,632.7200373810487,10.353060428413874,0.026654613092627927,17.191860324876863,19.602153646189254,75.30775988362652,60.118053238883974,29.357966634962295,108.83121812343597,700.9829933860085,749.057822487571,753.2830353807283,740.5732414149031,633.710433660769,277.2397416913719,291.4645151802988,601.3682714001886
810.8182174880783,869.3862006832854,859.3102742851702,886.5972933522258,482.9546357620594,546.7954407366259,843.804465850804,834.6375758524144,675.1500666859199,628.2306008702907,837.5773135549654,759.5591945103237,833.491974230287,645.9168902920326,676.1316665921045,518.0047425590733,789.7234277228043,824.116201331053,802.5895573882765,814.1836790161133,373.3171527120802,418.30348993937173,840.0454478628535,906.1978836362324,574.5221296555085,675.4486363798708,453.36792898441547,423.1605925295088,844.3105645809534,825.093339256004,818.0805990063925,869.5900740559896,825.8979355117021,820.3436086697048,752.0047692340353,711.4586836113987,672.8425720483721,721.093233179163,515.1835196699415,591.9630512423283,602.7392207911757,622.0174870491028,600.9094476718751,759.8144398910739,643.2146155309545,746.1049130952846,633.2118430334674,599.8117851410713,723.1287672412011,709.2870106767,848.6837034968029,700.0642360065665,707.4134710166486,567.793921815414,488.5498768399283,479.57613844772015,832.9532304243608,924.7573505529651,937.6366280747284,799.0351216022211,905.3436962359884,901.2929676234914,823.8008010350965,945.3703375294375,915.3049170650653,735.8913517306326,767.8726110057885,789.6562529034675,830.0349486770144,802.7779761888704,805.0009204761402,801.097406105917,540.8494334089646,621.6735354997379,446.3764467101166,435.322538993728,734.4971701199892,722.414301068951,762.4229100004155,867.2040928431919,759.3887265961746,792.1049294916306,553.678639310201,484.4732372331619,700.7035146536806,722.1336651831044,513.0634140912224,434.8377827255304,378.40118535297614,395.4591135003641,407.6880065404853,352.1460181020821,43.08770818315464,39.44834636461568,702.3661478678385,685.2866195420088,715.4200714305043,676.7603444664726,677.9116110668231,631.2358346859809,10.330290222015098,0.003653988076580895,17.32317623103749,19.8585496190794,75.52371344560403,59.87760229810812,29.052572303348118,106.84596161982593,704.2824096679688,759.3410333806818,752.1849273067193,742.7293117861204,632.3950997146906,278.7737144001743,289.3519078962731,595.2720468455348
813.9344251468302,872.8172168298202,860.5083753152636,888.3219689297011,483.60466716677644,546.7691826309476,843.4281971208682,835.5462367021277,678.32208847513,630.3822620022493,834.6969144247412,757.7948109732733,830.4259631776891,643.8811365713475,680.4547759475399,520.129985571795,788.3543981760034,822.0213220127397,805.2061056707097,816.4997447814941,376.0175591044956,428.6503293355306,837.9424996644387,907.6038358779181,576.7278732279832,678.0984615074409,456.55152758182084,423.8646970854865,843.6557047142172,824.7459659529321,816.4723180735831,869.6523034667969,827.1083240832313,822.9420948621962,755.0272195567255,713.4316249985293,680.3561590925713,724.5298552336516,518.9308699284281,596.1743388943904,605.3807703237064,626.7734966278076,602.9629757025886,759.546176856163,641.2685086096229,744.7608775479055,636.0017048041683,602.3018621648108,721.8700402721282,709.9584913148908,849.7227996276306,699.9587141090716,707.5655289893728,568.4145912446228,490.04756156112967,481.54178453077077,835.0063347038277,926.0488687334238,937.1419388583618,798.1188246054229,902.2097944707456,898.8739668281333,820.2122990319489,942.511276445271,913.6183193263723,733.3834206324831,768.4488259698735,787.6550757894927,832.6854005558475,805.6727331172037,804.822150754499,801.7775664407699,542.0731887817383,622.9936773126775,444.24806722005206,435.7288134937555,735.0759960237096,720.8807830177402,766.101554708278,864.4152919224331,764.423438148937,793.2581706932895,569.1879456647238,495.4111969089508,701.7601354607401,721.6308366312713,524.422919957778,435.70391970851364,378.44284279861796,395.93820073545265,406.70679427367116,351.4220961526471,42.82254298454953,38.83905915318945,712.3294901529948,692.8023066116592,714.837637424469,676.6259821291962,680.8792615021762,633.2194581160044,10.328071609295684,0.019539839663991223,17.054219863151484,19.629023558683652,75.3591296075009,59.80622568384304,28.518324746025932,110.42160537663628,695.7597767223011,750.7348610617897,755.9844831428272,740.0018380080597,633.2045476576861,278.699366109413,290.7800466797569,605.999575384732
814.9976097206016,872.5428779919943,860.4400724032263,888.1911606199712,480.3990425376005,548.3036636625018,845.7210555600998,837.1161555253699,676.7804910650059,629.5354616973,836.8816863269341,758.6285657368009,831.011944988375,643.6402014455332,676.9630130250656,514.5349639586125,783.6195084269012,819.8753981621954,807.0776332895417,816.6150206298828,374.85883408122595,419.4175174077352,838.5929813247394,907.2624631911989,573.2533913207928,673.3974227381276,454.5029933149643,423.47209917174445,841.6192405268831,815.4529755015432,811.1505693250441,868.0523160807292,827.25773659399,822.0676071506076,749.3453791079314,708.9705718626459,673.5193744945105,720.448142722801,514.9979644502912,595.7321661902724,606.0545831899174,619.1481881141663,601.6540033874057,757.7671955705254,641.8051166859842,744.764354633309,634.2763512745377,601.2760519514551,723.5612715628839,710.5724106478202,850.5596438135419,701.3445063812632,710.1378479003906,572.141213110849,490.5052704440288,482.2079814545164,836.3196652465687,926.6697214157493,938.7985915313786,799.716479983719,907.4993084318742,905.391980670706,821.3770281590453,944.7536952446518,912.432530474307,733.4714832780281,767.9116735710187,789.1912542977817,833.7661970102104,804.2918053727124,808.5684065260328,805.102439505155,541.6054504814498,625.2860499790737,446.00252720929575,434.82151944872356,735.5672209692783,724.8700522268462,750.801126683012,860.370724269322,756.6565140472061,787.5325212684661,556.7314836788178,486.9599777805805,698.8356812212436,720.0696322105097,520.021334322761,432.64197914372284,379.6298303489263,397.0956654459842,409.34064362308163,352.7305966276334,43.558938365032965,39.81176371020134,702.4860616048177,684.7816948324947,714.9561253786087,677.0292584345891,678.6843474099351,631.2816436786231,10.562705741705079,0.021637350063839995,17.296654209645276,19.882756133614123,76.25205416824245,60.45827759213818,30.17736032274034,111.06056262465084,696.1040760387074,753.7077991832386,754.3596793565174,741.1174042134345,635.0201143750958,278.66797417925113,292.09688838322955,609.6502753948344
812.328977042134,872.5769126102177,857.150844505936,885.8675250171191,482.33545823429904,548.0030426430915,842.7959266395926,835.097814032372,677.7438777070872,630.5260036577944,835.8303564428314,760.9897110409207,832.313679690222,644.9277494306024,676.7030493169282,518.4741611184908,790.5248598216269,827.8044776758086,805.0744335386488,815.3845702514649,373.1711663140191,420.6903425216675,836.6701565807172,904.0248988923572,572.2711692330724,673.8384632278274,452.59231839259024,423.98130581114026,845.7229209755951,827.2387407467689,816.4153777195087,868.3988879394532,824.2109885781498,819.8647965494791,748.1136702827786,711.091642448701,673.6104062790388,722.1502922905815,517.3174085617065,594.621466361628,604.2494741971376,621.7192254066467,601.5762167677046,759.7117666813999,641.7670890225673,747.2705776510182,633.5805156092998,599.8899467074788,723.0314861051498,710.6094708617482,849.6099933774008,701.312440043304,708.5433592518349,570.4264495559768,488.8113922303142,481.8390341204044,835.5872254387311,927.8513610561689,936.4057323258072,798.8748267314223,903.933163545028,902.200811900946,823.5324925413919,946.7293785079517,909.7168320043763,732.3167617666398,767.1635013604432,787.946517954947,831.7890719031072,803.7524725982497,804.7963119541203,802.6803423772093,541.9652665164492,623.269411821902,445.3655585689821,434.8831825793629,733.3264930600026,722.4224830722413,761.3148556973072,868.6394522530692,761.5035169170277,793.3738919930399,555.7623217455546,486.77717813332873,699.1108941838605,721.0532743143447,514.0537384930778,434.84175550593363,377.87597961723804,396.0720212210916,407.9370620269929,352.08692790868383,43.13233586576556,39.81097085567911,703.5651245117188,688.0878942457296,717.9671208113432,678.8056046153625,679.7720587150438,634.0375495668145,10.266592694722165,0.026909598935809402,17.36110521987018,19.784017741360834,75.32664434629011,59.93546220805416,29.4709067079756,107.28018872878131,702.5601862127131,758.9103815252131,755.1442748204174,744.9887021221692,632.906270644244,279.9503827053204,290.80236931280655,606.3723523370151
814.6292623004215,873.201887737621,858.2983271794994,885.7225039660693,481.3645158368488,547.117291016238,843.134983774951,834.9959107873794,676.5843964985439,628.19084790691,835.3728658474557,757.2908736213806,828.9883599911096,642.6170875866886,677.9545414419613,519.0925361462325,788.694519476868,823.07489404013,806.91402189759,816.7124594116211,374.4194320837657,426.8149013519287,834.2450918222403,903.2701878623357,573.6401930379618,673.9652757120656,453.42994203093303,423.84583344724444,845.3620627061376,826.5423635223765,815.0075537814243,869.1603452555338,825.2895766436044,821.6364930555555,751.8596454122792,713.3134719664791,678.4450512856639,722.3461696483471,517.8123372878347,595.8694175405896,605.4372000772445,627.5004005432129,606.1832569269907,761.3629596583651,642.7337659354994,745.0625225730806,637.8834001820935,604.4906697498335,722.8192164390318,710.419118447038,850.2368613974007,701.6249742277671,711.8581995258417,572.9320282328363,491.9408887023136,482.19641911359156,836.2165714694271,928.2348311764223,937.779707568768,799.5411410299296,903.3962241927437,900.3632565491794,821.220710777726,942.6953026610637,910.6638485922742,730.1468381481269,767.7715984483783,787.1143229999198,832.582108892453,805.7400207519531,803.4642768035064,802.491388602335,541.9274344488022,623.3032843519599,444.9877551534901,436.42605203977774,735.0004515100698,723.2569268570896,763.9206088451629,868.5929543631418,765.0420192265419,793.8025899080365,567.7248070462545,495.44502733548484,701.3181140109831,722.3685960248891,523.609710783117,433.9361465528123,379.58960035412264,396.5292930771398,407.60265679700467,352.51339130790285,42.9231336705378,39.35862137516539,712.9898173014323,691.2022089554092,716.5763125419617,678.3385198860686,680.358845504489,632.8933448698235,10.437596187675616,0.03507399269276195,17.241768322175556,19.73584906540761,75.89247742405833,60.05141572427425,29.69846291012234,112.86782808864818,693.3623712713069,754.0180419921875,755.7194228204305,742.6450506282758,636.3745485193589,278.38618145909226,293.2723028154084,594.4692735343144
814.0434389440903,872.3226965894603,859.5136052153198,887.1863735852488,481.7954984487489,547.2528207855565,845.6778993078103,837.8359605634973,676.2664325188617,628.1488044310788,834.426353578645,757.3260841339353,830.0347936770928,644.6607860327973,676.3239301615093,515.5042141755816,784.3116557767606,819.5560794367743,805.5704283988339,815.2152007751465,373.3384525511,417.5985283533732,839.5618688850348,906.682833323403,573.7489862292225,675.8120751957317,452.1479622013661,422.7082676490148,841.9847492721846,815.7852022147473,812.2007397428898,869.3269311523437,826.8194445593882,821.2145228407118,751.7436963952106,710.917035941618,671.2886750477526,719.8409666838469,513.9055622730937,593.8037869742747,605.1622773467517,620.4206376075745,602.7892890809075,757.9936546578791,641.4829993194857,743.5785167203312,634.7551782860244,600.2193066723697,722.0894893030967,710.1461918640696,848.9415722954994,699.6448631612827,709.1459480935682,570.5486247446023,489.1702690085803,482.1257690520509,835.906170714463,926.7144398567854,938.808265533612,800.2813161034521,908.1600294295602,903.6827611464126,819.9937859864774,944.3184155004996,912.6984295631522,732.7681137073872,769.7140589816349,788.7162431284515,832.9330147421284,803.8798817165649,806.969593546412,804.1824873001849,542.3971449125797,623.4699113854082,447.6609921662704,436.8924990371919,738.3060115126312,727.065996478702,747.3556648416723,861.2585460117886,756.2347004331391,789.4516410583949,557.1797602844239,489.3362925585111,699.1171330960311,720.5022803593678,522.4597504110898,434.1612918549066,378.33000945385237,395.8564018946723,409.6235347624697,352.80708882801235,43.387792183414774,39.78854932429239,699.647607421875,685.80615234375,715.2033989131451,678.4373842472404,680.0028478316679,633.944005299314,10.658870740254459,0.013367150151343257,17.38098947584336,19.916504874151933,76.19135778584469,60.673311587603344,31.03180678685506,110.7932131430682,696.0368707830256,751.8632401899858,757.661179920171,743.3759895034983,633.7224773332184,279.90471715467015,292.0533604766383,611.9046741354055
812.8042503095714,871.6900636162421,860.8545171531288,887.194081826989,480.70056665719943,544.1426311539752,847.4881685847212,836.5018560661154,678.181003464728,627.4267394918887,837.0302633890292,760.384467373197,832.6306852991748,644.9960255487728,676.7462336480321,517.2600313215042,791.7832651725878,826.1849428823224,806.3381705485084,814.6241376342773,373.95703834957544,421.1509044647217,839.2875915351196,906.7135091811891,573.6365705993787,672.7639780149356,451.0895602189375,424.8735667599572,846.5938814271171,826.4205798490548,819.3713717723456,868.8501529947916,828.9588646322994,820.5729489474826,754.5841077721637,710.892824471715,672.7259739275021,720.2987521136248,518.0721482208797,592.7692329035269,601.8821000896517,621.1006078720093,602.412778072887,759.1972259955384,642.2841665372875,747.4952838225671,635.6594076235432,602.3779091668296,721.9579654232148,710.2197717152034,850.5463970778378,700.1171683077841,710.0168330444883,572.4304071197323,488.83586650398655,481.0092148743753,835.7175896635191,927.8690926090435,938.3629317850067,798.834460026775,908.1353918191661,902.0655747709923,824.246498877849,945.128354060797,917.3199380903102,732.9413438746923,770.581886855404,789.5263354503064,832.8144887936343,806.8166626145168,806.0226653331035,802.3865351442431,540.7716542515186,621.625403862495,445.9431548187698,434.3678180533396,734.3131693855661,721.1693097506321,760.8863603307846,867.184200831822,760.4511072151506,792.9325994230107,556.289752591451,488.174687388738,700.7923923307578,722.4045100582291,513.9121990877039,436.77570735332336,378.64197389315814,395.95427954942875,405.72109219745585,351.601712883537,42.83804148039349,39.32450875343888,703.7641906738281,688.6046204647776,716.7222452610731,678.2724820219014,677.7859410487362,630.0577680499163,10.33096994427768,0.007432355931787579,17.18197651931158,19.632356280288825,75.18424618918222,59.371363267127265,28.613809532589382,107.4513982744778,708.1030106977983,760.6972156871449,750.7570516087064,744.2344410570362,633.3588268803616,279.4471754086645,290.58168613549435,608.6716687432651
813.1043623706948,871.7062622128111,861.2234357001523,889.1626113952393,474.65913118761637,544.2685664636748,847.8819374676352,838.6350833584399,679.236459819638,626.217920862749,837.5437218890927,758.9836708856008,832.8801536232897,644.554852558956,679.1469106247176,518.464982548955,789.9724275851137,823.6921418845851,804.79358367993,814.7243501586914,375.7382941775852,429.1253124237061,839.0482722140666,904.579347640749,572.6375340466724,668.1160158220229,453.18396522985637,424.7026100423601,845.5499582830465,826.0196458604601,818.3152027680806,869.2257257080078,828.2884970196222,821.1463585069445,756.3434923254925,712.1186753238541,678.7156497098276,723.053783416748,521.3496954866818,597.7660701623124,604.9967924024238,627.0013446807861,606.5830503872463,760.0612433555567,644.8140613620992,748.1685079719588,637.0310630116088,603.2562029211671,725.254143124242,711.3458283989311,852.1226254675532,703.1213873857464,710.9679413868173,576.5958929529377,492.5897790634505,482.1054498584005,835.054078803005,924.5083048062193,941.7912758318446,799.3092914486468,905.9401636538298,899.3249354539952,820.0791074420334,941.1071374092573,920.2938810320043,735.1257265750752,771.7869845092966,790.8149029442598,831.3536999696379,805.1961462537228,803.4334517298518,802.0957131932994,541.2298481792485,621.3504704727239,446.3012230914572,435.24912745516065,733.3586045562243,719.6816981145455,768.2267274247839,867.6688810076032,766.7010937394767,794.2546488184955,569.8758762613933,495.3277502918243,702.4165653816929,723.5181899940186,530.4666989270379,437.55506782669454,381.03046774026006,396.53332237521005,402.2803726999156,348.3606478010615,40.31316055771593,36.65609524709358,709.562353515625,692.1642797437764,713.4117674380541,674.9291147171642,674.6693738107463,629.410315310751,9.982222901162459,0.06819084349209098,16.035647133076196,18.845142823614932,74.42908446360005,59.07686927297493,28.05602322684394,112.21074996976292,703.325517134233,748.5378961736506,754.393242752792,737.3145759679094,627.994690838982,273.9228402899758,287.2729141405134,601.5416033514615
818.3174667268323,876.4429476285221,860.2012036989191,891.224645637421,477.7447783714117,547.0075119222913,848.4638047734592,840.9021899738717,675.7892106503856,626.3927693386547,838.8561666535168,760.8907425168961,832.3755065630068,645.7432845189021,676.4807551322292,514.1581244888731,787.3066892217121,821.6728782083505,809.5762011612055,818.7733615722656,371.91166064474316,418.3396934509277,838.6642474880466,905.4006892915756,574.8201879631163,671.039401599339,450.81039011412565,424.6130170424779,846.2688258908829,819.9290132499035,813.259067645536,869.1648982747396,829.7792455382266,824.2044993760851,755.7579982591712,715.0027522810971,675.0735620170963,721.5792990790474,519.4936418448176,597.0661333062676,606.2584288550205,621.6115036010742,606.4271685362809,762.9084706961826,646.0791639750382,747.4883061849583,637.5320575990953,603.7084943864729,725.3225629160481,712.0400219774666,852.7804828156529,702.2992619595058,710.9124678710116,573.4140712946069,493.10458806064474,483.09113804827734,839.7550394281761,928.3310936292013,944.4752083669214,802.6674056795704,911.0428082673446,905.4101478359074,822.9638704539075,947.5259893519398,918.6095447824962,735.3046799185818,775.4465073742224,793.5332750193102,836.8868232775645,806.7910217790973,807.2421384931685,805.0831689052894,544.4998985080545,625.758074079241,449.28677213364756,436.98689721335825,738.7576666659996,726.5068165632699,757.1734606154422,861.5867582048688,759.8670068207372,790.2467102760768,559.9736251195271,489.9192993569374,700.5501483665164,721.8121638856156,527.0968365388758,436.40954572629414,380.79102934078156,396.92289634516044,407.00239188030537,351.3678888139377,41.52942392269378,38.33801232501527,703.8528198242187,683.7802822307004,716.5914982259274,678.9353053882651,679.46336548201,633.1700006778782,10.323064835861596,0.026580507384130248,16.860449283015445,19.387896218408006,75.39071885902011,59.8285222262387,29.24039806260003,111.70006585121155,705.6900468306108,755.0887184836648,756.0054681765154,739.6420782547963,632.0130310058594,278.1078640567629,292.1224936391368,596.5588989257812
817.4239210829121,876.65867915298,861.5832989814023,892.302952390268,478.1579429626465,550.125102892518,850.8331693371239,843.1462772840134,680.6609397713019,631.4481403876523,843.7401072184244,765.4843391781761,837.3758226659654,648.1015014119959,680.3299339736872,520.6182870199308,792.3352300996464,829.4491288321359,812.3647796258159,819.7818046264648,377.89289649327594,420.8109978993734,843.3802980915636,908.9037381126767,574.9144281693076,671.0876582847847,452.27862900791905,427.39735370212134,849.0029276721882,829.2706092363522,821.0578766269634,874.0517317708334,833.6075087725106,826.0361739095052,755.9079244862432,713.4555599718209,676.2675848469335,722.5969484117296,516.265464254788,595.9499698024564,608.0716077460618,624.3753886222839,611.965894585564,767.9968979098785,648.0015728709426,751.0760131914016,641.299151595959,604.6022209654321,726.3276435052195,712.9573622924491,851.3396120280066,703.3205579756731,709.9071985424367,576.5723405351825,492.8758373999998,482.9633136565283,840.153114160076,931.6706530694609,943.3835881111689,803.7056079264206,912.0763907656462,908.628613639418,827.3170993816598,951.8832288121981,917.8742022158494,738.2277941814689,775.0937597203288,794.1653589864102,836.2554194213478,808.2379509520135,808.0948739953943,806.7084316191126,543.1914189889891,624.2978246119116,448.116356006567,437.1054842237016,738.8094024658203,727.059343013526,760.2250210376496,870.430930001395,763.6108911448512,793.5887606563819,557.3548965581258,488.70697970668476,700.9693125418104,724.0921309275052,513.9389862060547,435.94907838695207,381.40834765291464,398.472977437372,408.19993093556684,351.97886045338277,41.55018556024879,37.735827805826695,707.7542297363282,685.5626960366459,719.2114751785994,679.1411096898679,680.9156066467441,634.7527743388505,10.329451939648655,0.04558179797259746,16.499171047593897,19.191996011342937,74.87674906448642,58.89011465757459,28.648568921618992,109.76552894536186,716.2411665482955,760.6336359197443,756.8363352525954,748.8465444830399,638.515033198338,277.91561817704587,288.8159799232627,603.85578813224
816.0608398725742,876.6043796442976,861.2661441254133,892.3637409590154,481.17392973788947,550.8415589715753,846.9131916303057,843.4518210812832,680.216084582465,632.6982782141107,838.9016446059312,764.0523138258193,835.8080103695904,647.4329918403374,681.2378531590623,523.0726252383097,791.3013004827274,825.7289243077123,810.1955747567831,819.6950469970703,374.53109084235297,430.75628458658855,840.9671758015951,906.771968296596,573.9714606544734,671.5733172448126,452.81556946137994,427.5878732469347,846.5730166165334,829.743431712963,817.0116115780327,870.2053578694662,830.2018711930615,825.0200284830729,753.6539569357167,716.692778070289,681.2909814775778,724.833726671007,519.5791707549777,597.6712825932307,607.0656145439773,630.0793418884277,614.8155878536285,768.3073544615253,644.6166024853924,746.3344631780658,642.0364196576363,606.5961107040619,722.4659475203483,709.3259800655052,849.7960626627948,700.4104312004698,711.4144877959794,575.2454481592365,493.15897017985674,483.3245439575269,838.0831926393874,930.0653641498475,941.3675346765868,800.194972732501,908.1394096308169,904.0878709026139,823.5507890893779,947.646927900275,914.1642337058908,734.1752685009664,770.9791061733546,789.6658114342431,836.1476625576141,807.6859947752557,805.5445699777689,803.187626635442,541.2422859821844,621.6896567076316,443.58672719761944,436.12593400982064,736.6453362136591,723.0913882433626,768.8742403070977,871.8359810965402,767.4236704508463,795.8121789522593,569.02648853302,495.5451696300507,702.6786544194831,724.603140239136,527.6950281928567,436.83596849871884,380.7460887147851,397.6913811482747,408.39529469158936,353.3154414565512,41.78747992569805,38.14520057202157,710.6286783854167,694.3360859499139,717.9181514382362,678.0786939120401,681.4263232670364,635.2608949619284,10.195395099783415,0.03568523269560602,16.666184780020476,19.340619838132987,75.46181713485808,59.87599545222787,29.20386725001865,113.90592899743248,700.5335193980824,755.8393599076704,759.0840124347866,742.7994910131526,632.3242136637369,277.31067198828646,290.711550134601,614.552967466157
816.5851794606539,875.6416010278645,860.9080166811042,891.9836662870005,482.5871857487878,549.7098925454276,848.4467952172165,843.5375708007813,682.1709854213559,635.2093569958796,839.242149415055,762.3423077386523,833.201585327986,646.784250925427,679.2644438862208,519.1013569797831,784.3865195902603,821.6653250253873,808.6762406981311,817.9336787719726,371.06404598553974,423.5565554936727,839.9296165565391,908.2605061304001,572.1333560993534,668.8391993176806,452.12500997933233,428.15171942445966,843.6848743366745,819.5105423538773,812.5219374128527,870.3582255045573,828.3907142251225,824.7163655598958,752.2707633640455,714.7082559976233,673.802271771536,721.4262079309534,517.0155446444239,596.6349786194077,605.4368696369108,622.099189043045,611.5607920090357,766.2231149537869,644.5494442278297,744.9726263974842,640.1520367190858,604.7914638119144,724.0710482258951,709.8753193837107,849.7380414486238,699.7729616078813,710.3560852769244,574.3162623760747,491.63307510733233,481.9147647482674,838.1255610153682,930.5809343589676,942.4339605500322,803.0775523337817,911.2557919576893,910.5055317816997,822.9658770546636,948.8318628146325,915.5043266068643,736.4668909160358,771.5812559701084,789.704296695672,835.1392090912838,805.1820873450179,807.5317929413942,804.5580170428167,540.2490801330007,622.8404819769261,448.33959916709125,437.09803277673853,740.5071908919538,729.6357454798529,753.5421558136636,860.7427727835519,758.7696255504857,790.133368908371,561.6059388605754,490.7580566070477,700.6988029311932,722.5950090814972,524.539470650168,437.2108949736998,380.7497315102373,397.993421150014,410.04869373858685,353.4150631680728,42.005984313816214,38.17645865482404,705.505928548177,687.6904746879966,716.9216922819614,679.6354993716624,681.9133255548453,635.7349242231373,10.341422682628036,0.04574953130687828,16.67770765314737,19.270997012497226,75.60898096511754,59.791082759023524,28.364740822050308,111.459333672243,701.6177645596591,756.871719637784,758.26114731347,744.8708167740061,634.4077932320389,277.2893760246143,290.39798722845137,615.0823001203865
814.4140396928843,874.2112588304462,860.3765397406362,891.6246862525484,479.95168523123095,551.1077287026814,847.6337248663158,843.4352934427465,681.0139341646311,635.100975040041,840.5146653710342,764.6508668838985,835.7609095892408,649.524550221227,680.0377909472926,522.2964276403707,791.9542542950237,827.3534136452153,807.5493739354656,817.7778834228516,375.54067516326904,421.8545129140218,843.229877554493,909.3717926267593,573.7320709428238,672.6333706745735,453.3036790921543,428.6791204346551,847.2276628602226,827.6397448881173,818.3580175685132,872.1799285888671,829.274250353797,822.9577553982205,751.6500772227412,711.4329856045275,674.6357253826662,721.1949820341887,516.7558683667864,594.9032383322269,605.5723766889729,624.9142374992371,612.3883417106811,767.7766455338465,646.2976314961744,749.5786654015034,641.8802931860458,604.5681872734657,726.404120725201,712.2465650818565,850.7784881272678,702.8444058851936,710.0047521206295,576.1362746276108,492.75112642546316,483.31488139212814,837.2986574705694,928.6583528297919,940.4025989824959,802.871547919948,911.8498338251528,910.7120653271289,826.3476287188515,951.9205662409464,917.0819514829722,738.6335483416723,771.0827397625098,791.7218779463099,833.1240410531402,806.3823855911171,806.3851647076306,805.0158942801054,542.1797427256173,621.0305889179181,447.0448610609856,437.86498206769915,738.1642218417809,724.6788841659103,760.5372470287566,870.3929018293109,763.7119850655625,795.5515443381354,554.2233252716064,485.9819165945053,702.0056325904073,725.1536418660301,512.6592122246237,435.3934283082236,380.6904246021683,399.7055011791609,410.6147238461772,353.569910340334,42.20306722366217,38.62700864851242,702.8051411946615,686.7769728838388,718.4126788079739,677.3424891562483,682.2180127248206,635.7848312452545,10.393180471579972,0.02616829649993667,16.85289399211996,19.45505540020448,75.45141302464337,59.28997958683339,29.517333666483562,111.48700310202206,716.5504427823154,762.4149558327415,757.4480832503147,747.7547261684756,637.976739322438,277.62770647542516,289.57778119679654,601.377028366615
814.215007291071,873.6740738984311,859.9634263699744,890.8910270782106,481.27666743966034,549.7768682752337,846.413202791466,841.496127319336,678.919477417761,632.6220206432655,836.1779056642114,760.805710389879,832.3510325776979,646.3371977632345,680.5089540991617,524.0137716712194,787.6307642064388,822.5053014755249,807.6032994076667,817.3017383422851,375.01447783576117,430.47898960113525,840.8339326976869,907.2233073824927,575.1823578879471,673.6020388236412,453.3925884310053,426.62518355581494,845.3086159184294,827.983285560137,817.0761680302658,871.0853110758463,827.6926347118313,822.9653470865885,754.0436995796535,713.941255132836,679.8887169119545,724.9434763590494,519.2941193836076,597.4879405275266,604.671018756804,628.2541861534119,612.9692884494387,766.9044340594685,644.5079625742017,745.4888628745637,642.4737565241569,608.0748164737141,723.6017547222875,710.8075532514679,850.0964600846575,700.8630469339474,711.6271090657187,576.071631973865,493.4467341717776,483.3573693009718,836.2484969842081,928.9062232220614,939.8248960317854,801.0194873944009,906.8258962216585,906.185703201973,822.6414111776089,946.8069549293675,914.334668913884,734.901633457312,770.2519821693388,788.0272245553008,834.9685586577009,806.8201727261201,803.156069454846,802.9475257748463,539.346688016839,620.9452546355012,445.9592714171479,435.7859058648768,736.7188983354412,722.5821699087056,767.8079262591423,870.5857391357422,766.4464668186232,796.0686620533137,569.2203362528483,495.9503553883235,701.0415671529224,724.843511209189,526.7030009101419,435.2896723785986,380.6793418048571,399.2088061424774,409.6409483722242,354.2955960239408,42.21897001155001,38.93937464242286,712.4048197428385,693.9721457271253,716.2092372328043,678.9922434560854,683.0558793065505,635.389082090196,10.492077302929255,0.04305480539246842,16.96606799192266,19.596994388500544,76.25521463752389,60.07443904006473,30.146385934617783,116.4065224423128,697.0643865411931,754.1870849609375,757.9864741587799,743.8140525334998,634.4180968041513,280.35437033887496,294.77502683437234,616.5878879941743
815.3090347596295,873.2839444141196,858.9898179787943,889.0794273163693,478.1167218053064,545.9954570531845,847.5436230697696,838.9934984832114,679.7193229733681,629.5457862219849,835.1125983881757,758.4584744710771,831.0474328749381,644.7559065809135,676.1506046027093,516.0627047950518,781.2563470777177,818.8038899082678,805.3830847064197,815.1616600952149,370.20165479183197,419.9111167271932,840.1073173533958,905.593497866676,573.4138540572521,669.6983208289513,450.33958720633996,425.48037048180896,841.1094714470629,816.1637399932484,812.5035185726296,868.9782541910807,824.3718928967492,821.2608426920573,754.8693184230639,713.3382417609893,672.7978386563876,720.8621050516764,517.8316896132061,596.2769947980673,603.2312366923347,620.570882320404,611.5066859220701,764.7865870326616,645.0290003971801,745.8473227770008,638.6016272020734,603.9255090360041,725.1787643278799,711.1221642985372,849.7162718429222,701.1372112325979,708.6401407387225,574.9105311234792,489.27324890942174,482.03149156650426,836.1864119129662,926.8299122761797,941.9849387512866,800.3085474274619,910.6306079499618,906.5664909022911,819.7290216381762,943.0342858475423,916.3804900325946,735.7590531107684,771.1904195174742,789.3650504458432,834.0323236064546,803.8161562924886,805.2783872930853,805.5338576895292,539.8994055231777,620.5093473624357,448.18751039366794,435.7147822850187,738.6744082091285,725.6403423641727,749.1493517287234,857.1721801757812,754.5212670103343,788.6637665092616,558.1782965342204,488.84396397272747,698.168066806205,720.6185969110908,521.9502691381118,436.0461843340836,379.9315238573278,396.8617865129821,409.3321484002982,353.2854541214897,42.0053439207582,38.43231097736791,703.3491333007812,683.3995097532111,716.9539781212807,678.3633099853723,679.968951237414,635.7467500924481,10.501714368179245,0.04778849988209981,16.657483163827592,19.11927998412575,75.46427654271496,59.539640948846085,29.092947880427044,110.99585918819203,696.7189053622159,754.3951538085937,760.0340330392722,743.3834541417375,633.16942282284,276.4311078467913,289.23027274554426,616.5816902949892
813.2764744854311,872.5826564364963,858.1299195714853,887.9927089584776,478.7761646714321,547.0476540497372,846.6501135212279,837.474843113676,678.7751948140105,627.0044346637413,835.5412612232735,759.7721343812489,831.9107281405153,646.4105957365229,676.4930836163943,516.9781772631866,787.8511190550022,824.3144172750834,804.1619772819723,813.9880716552734,377.4433047506544,420.2718458811442,840.3863754602738,905.3964051140679,572.3537481417831,671.2000215597205,450.8315921804523,425.77836946646374,845.8020117417822,824.9912710684317,817.650209521997,869.9884743245443,828.2650930113712,820.3206150987413,754.2316517705502,710.8040367034545,675.7758415322998,722.8491257561577,518.3252562454769,595.1426818219016,604.6664966520716,624.2554864883423,608.7211408134964,765.5798296453828,646.0316155177637,748.008310616365,638.1923523008331,602.6753719970063,723.675334672005,710.3865900186499,849.0723661241077,700.4492345441515,706.5602466429295,572.6097660742554,490.6658920061313,480.9736479036937,834.4888453739496,925.2800287814052,942.3967880409685,799.2201437552025,912.2268863445779,904.6191580023581,820.1844630810099,942.1540996174754,917.4391726593473,737.3931944277859,771.4678829570835,790.1026219688304,830.2441818577469,803.285683563401,805.7544534528578,804.6240258138688,539.9324302323367,620.6903254521358,446.9165664893993,437.2803181393046,736.3244701448034,722.114429014847,760.0709007750166,867.3318655831473,759.029383166083,791.9995643826644,554.1505495325724,485.5740366109212,698.2497650785068,720.2639634162047,515.3567364187802,433.36373567925466,380.2737028043096,397.1501062735471,407.1304501612846,352.0006114416756,42.34987875663986,38.33491489189252,701.4266947428385,687.4538232835673,717.5113194286823,678.4339162817907,679.55670662994,634.2926772567637,10.6541586648489,0.045006066615934724,16.96014468150025,19.43753736499431,75.17363833492153,59.547469244376124,30.631606658299763,111.56136782029095,707.5805220170455,758.6816095525568,754.2967334721712,746.9576852532882,633.8787022010953,277.9919623711653,290.3154794591846,603.2730997019801
813.7949456189008,872.2392867165382,858.0757596518282,888.8393333252683,479.6123871958533,546.4375228370939,845.2455935400974,837.8887554736848,678.0345811381632,625.1352837828339,833.1321824546752,756.5507541436998,831.1369518980154,643.0178751587143,677.9763619377838,517.0845251793305,785.5166573908657,819.4601071981892,803.2756102368293,814.5489122924805,371.6962939898173,427.8470293680827,838.6295799926934,903.4051191844637,574.1742287306262,672.6818766855931,450.34636418463776,422.4489620990223,843.2732613041716,824.2091890311535,814.3070758809567,866.932173055013,824.8096947104244,819.2504306369358,751.4956030804178,710.0172586096338,678.5080132169345,720.66540951199,520.197149668421,596.1642183453849,605.9795714831743,625.0070290565491,609.8000649989598,765.1765577126454,644.2711552112547,744.8556775042886,639.2158567806906,604.5814914236536,721.6099015297428,709.4026486373717,848.5853565147331,699.4227311184229,709.2420304302677,571.7105314778347,492.2840009951041,481.46442652743696,833.1956385834977,923.3669476707777,941.5015243752729,798.759728021738,908.475558272652,902.2265852691431,817.2522681000036,937.7084202393582,915.616854027136,734.1680749904277,769.5254893297559,787.5348992075808,831.0911887588015,803.4158185252827,802.003359511092,801.8103094882653,539.1345027258636,619.4294326584061,445.13893525496775,434.9472282302212,736.3644751877081,722.5245720954357,764.3601554708277,865.4671914236886,762.3385907754131,792.1773300763651,568.7256880060831,494.7376899223526,697.9983419443543,720.0877969777256,529.1537274080164,434.8972603291112,380.5252006730686,396.71755087077264,407.3758501316838,352.2482933972749,42.32242560675109,38.84046659926496,710.1861470540365,693.7905573440811,715.3512021750212,676.8710888349093,679.5459907667631,633.0954313674591,10.648351174779236,0.05221396826759533,17.045107636786998,19.53738671184214,76.31931005549613,60.35524823328841,31.65609227286445,114.2372070761288,695.0610906427556,755.1991233132102,755.9321448818949,739.7174037498764,633.0951956954657,279.2027060619572,295.9649330919439,612.1023133376549
814.8800099630705,872.5765742629466,858.6585025673955,888.1973267209482,480.9394691999569,547.4008903077671,848.0279548040131,840.002085188196,680.9514466451138,629.2379575303344,835.0287808364,758.153498794919,830.8749308250781,645.3077177832483,677.1096404340137,514.3801412163094,782.6546674249297,819.7962228927105,802.9741210572107,813.7946905517579,370.5614377392663,418.2351272583008,840.5012450995728,905.0296421353779,571.3839730292715,669.7878562906286,450.59283980480217,425.1093326939477,842.5710882510779,817.3690360363619,813.286773601542,867.5606809488933,826.9239426952297,820.3976835801866,753.1952676524287,711.0468310620412,673.4211796831979,719.7207498903628,515.0741384710584,595.3047263613354,605.5679478879835,618.3554284572601,607.0030449482184,764.2567618130507,643.7940079933421,744.8909394671346,635.248540574854,601.2682744272939,722.1299429401274,710.3841410130699,848.948462732913,698.9634760244032,705.0730223548786,568.5976861808814,489.55117919982854,480.0868291736332,834.5217271786007,925.2772208761286,944.6848965144312,803.0859055335706,912.8371396404764,906.558206828281,818.0976532635704,940.7264791810463,916.97534618093,736.4115888937653,771.2574862010024,789.0154761830357,831.2611917386389,800.8357438566935,805.3003106503874,804.2727482905153,541.2605746207981,622.2149102016961,447.8692943186,437.0333965462698,740.7059441238154,726.2256378553715,750.249124729887,858.6629028320312,753.6359253514315,786.5748420234214,557.0546653111776,486.2458763424556,696.8088111373296,717.9811875242793,525.9572867449592,435.11774820681086,380.2965506010999,395.98799154698776,406.8686416825637,351.91210916241323,42.11713375415032,38.5246909477109,702.9726359049479,685.7794732562567,717.7439366579056,678.2750616257007,679.0395279707193,634.3188134265704,10.679768231126983,0.04487484731125059,16.79153255664147,19.40128982193876,75.77317678490522,59.94532621598875,30.6699513859219,112.14842947791604,694.17236328125,749.3753251509233,757.3515489821466,745.0126501155805,633.2789605832568,278.11788130433933,290.873879367655,616.6650974668305
813.4104560933118,872.4499172634548,858.5818098977686,887.9512369680215,478.8237838478976,547.5533052682877,846.3797108942082,838.4919126080453,680.0204756332904,628.4471565582713,836.8437317018587,760.962265462724,834.9834712242794,647.2617683138865,679.6820118320522,518.5059712673387,792.4160626307483,826.808760972514,804.8920345073459,815.0853456420898,373.69832531611127,419.75277080535886,841.7793896387494,906.1573844788567,574.2650214439911,672.7969036180895,451.96531831098525,423.91136945618524,846.7270667597933,827.8891149450232,818.5589416984498,869.0393141682943,825.872454368462,820.2677874077691,753.0317576532779,710.7671407676605,676.6794467203417,723.2361518012153,518.3176975505693,595.4072616805745,605.1894508737032,625.0893669128418,610.8126638891205,767.6018856102821,646.8163056194284,749.4832967484904,638.1476018980514,604.756946146905,726.162311929272,711.6626109141758,850.9663728650472,702.6663620352025,709.8739169852081,574.3150041804594,492.0472084125024,481.6740533781227,834.4006155626145,926.0442137475367,942.1968852469524,801.758373430813,910.8326272848378,905.477476694823,821.1277337963793,942.8087044547124,916.6539357313469,737.6931347209354,770.8926131178823,789.8407492342512,831.8285285317974,802.1713801431392,804.6885454848006,804.4963777260702,541.4162955327865,621.8609414368997,443.28907289366794,436.13235946440363,736.9803394255091,722.5469657929607,767.0351367706949,870.029675074986,760.9641918898542,794.2459831115949,557.1427566019694,487.50416108687716,699.6657688090455,721.7920390542982,521.386344573077,434.9140859164486,380.7989561633828,397.99958104442214,407.8857646744148,352.16926664533094,42.37292198372058,38.728560266154304,707.2965311686198,690.4145911265227,718.0111315101385,678.9293172607595,680.9304331811027,634.6319250092821,10.647472585104161,0.026010262400463776,16.980882120191048,19.31083230079052,75.89840655674125,60.19312223219263,31.037625127368504,114.93141695331124,704.3263938210227,759.2641446200284,754.6002324251521,746.2206814922864,637.9714469161688,277.3438301149167,292.3942231048237,595.9524309881803
815.4462720922766,873.6641480176136,858.9785297044534,889.1714248809207,480.105269560703,545.799563301461,845.9479141040226,839.5828678277198,678.9160113285999,628.1528367392841,833.2837843235915,757.5455801464262,831.0259549384665,645.1355610075991,677.0167046951417,515.5317739067835,781.4649394970935,819.8995953880226,803.5092185785944,814.4001467285157,367.5440157254537,432.5534434636434,840.2419772347674,904.6556706504216,572.8474763925163,671.2418697954535,451.12264673222495,421.6385618050893,841.7753822758513,818.2203742133247,811.3413548106597,867.8701717122395,824.2837117081982,820.2630886501736,754.1441379712976,713.628563570689,677.3749940846985,720.7240922715929,517.2104418788638,595.1132967945342,605.7654363913614,627.6111168861389,610.908090495874,765.9031259979682,644.2766483992256,744.5304153397766,638.7124025565533,605.3699661268221,722.8904187879255,710.5691381004199,848.7287283732318,700.4790372714191,708.4077786501213,572.6844519143011,492.29168037686424,482.49454358332287,834.5714086927433,926.3229021700444,942.9997694373903,802.0405469271748,908.8021278713061,903.8814020434629,817.611107035879,939.7171624030595,914.0944364747005,735.3936598504237,771.6696408188745,788.0143863707159,833.3960970495916,802.0395852610551,803.1662282170477,803.9554318287334,540.3884130355415,620.9969499596269,446.22731018066406,437.89007998184417,739.5070025334593,724.4440417784378,760.9798480094747,864.6472745622907,759.1556274589451,791.7390786419257,568.6237410100301,495.39734519402185,697.5958284067162,720.6281282583647,531.9836827446433,434.67630506433306,380.3505878490396,397.74190229163264,409.624770693696,353.4034805286427,42.44578754541322,39.083752359426626,706.3006184895834,688.2961927510925,715.9763672202826,679.5624507023738,682.2643869608717,635.663813108337,10.98928385204176,0.03945328186231631,17.060067533412845,19.565249584246132,76.30642136923474,60.63508061260506,33.0028555923038,115.61519238528084,689.1643177379261,753.7274780273438,758.4904043722473,742.3045449558692,634.7337320365158,278.88502292570314,295.13043551734,621.5135461215315
814.9659855109601,873.8673083613618,859.6782415256206,889.1077429934802,479.3227407677229,546.6343746972935,847.2266244717571,839.6786381887882,680.943435518109,629.9798459928544,836.3015865853163,759.1965507265121,833.7798010562747,646.7780849475128,676.7721968657935,515.1809892784573,785.0709828742872,822.5804473411205,804.7157432868563,815.0638800048828,370.8614675733778,419.8262222925822,841.8082657630997,906.119700416686,573.0795637000917,671.0425476661095,452.6051989602779,422.9050261312061,844.9678933485499,820.3948465229553,815.311590159659,869.2168784586588,826.7852131471795,820.939986843533,751.6986678413723,708.7078491578619,672.8103081119218,719.819866321705,513.8877433879035,595.9402126926608,605.806052661333,618.5296974182129,608.9443595099543,766.3944572701838,647.6282212146477,748.0317936445538,637.6935889925346,603.0550706103131,725.8878538746987,711.4483481739973,850.2439530774126,701.8982100717019,709.3209957584672,573.3663159001107,491.6085644625855,481.565833389503,837.0055044619173,928.0965244383724,944.1057779546948,802.4329185545301,913.2805491439156,905.9779677977454,819.9713778714521,944.4200456407335,916.2745913035834,737.5628997349307,772.5170307409228,789.7360643577841,833.841924728102,804.742648045661,806.7077229474041,806.9679617959945,542.1484687175226,623.5972177744944,447.94313137773156,436.7655979210222,740.3655390504931,727.3788543321285,753.1438390853557,865.3818871634347,756.4294032246673,789.6743550478424,549.9166018168131,483.75172099093595,698.2770838094702,719.8649152065614,518.310215400247,436.21123195124875,380.50370708853006,397.8230042504113,408.6392439482117,351.6278753506796,41.79729097171178,38.640900163527135,695.6485371907552,680.41997515145,718.2640867829323,678.3188496585345,680.9329569382219,635.3404140892122,10.688817511082897,0.02565409830874867,16.84851337210432,19.41309709577472,75.42153215410974,59.42594539851416,31.38351803355747,112.90522213543163,726.3384954279119,756.0018243963068,755.2061173611839,748.1211352770841,634.7339932310815,279.0793972621884,292.5019622824409,610.379649721343
814.4310894350234,873.5907329260701,859.4938804091228,889.0787288316218,479.2858022024465,547.1811046770641,847.4771683246584,838.5161611419029,679.7032873338583,630.279080615669,834.2740088051896,759.9708504722232,833.3019414283399,646.4936813767622,680.2680095179164,520.827676314574,790.0028184646678,827.7181771756011,806.1551973956755,816.0506065063477,371.58732016881305,422.34955768585206,841.0016919641096,906.3329825022864,573.65289427223,673.0503009859023,453.46326918628336,422.0063552061717,846.1465251130878,828.791094593943,817.9389892738322,869.5840478515624,826.6463870032359,821.5518606228298,753.8789956797724,712.1295649517014,680.3678373765315,724.2032743383337,520.0234548108918,597.9091723152761,607.4971165891553,627.7364835739136,611.7474599622544,768.2335074185195,646.8217275893123,749.1736079517163,640.7858057046725,606.4237878639382,725.6964380110463,713.0415076720051,850.4060826577735,702.8599618062887,709.6750689279872,575.6554738119537,493.244658841333,483.69251437199875,834.93163358891,926.766536967622,944.9393946130641,802.7642801779743,911.1829794842264,904.8285204318735,821.0994213232572,942.3694096396489,917.1584328608726,737.9080986132609,772.2971754783995,790.042206710834,832.8625077897576,803.3376276848725,803.1226206942722,804.1148084421627,542.0983849621693,621.5033804493033,444.80286197385925,435.3962647344025,735.4901748407083,723.3627582724164,770.2891079517121,873.4344482421875,763.4250949260376,795.300914611935,564.0291932678223,491.75112042307853,700.6658981356852,723.1659000624053,524.8122463001924,434.8946365066384,380.4459650522719,398.2724986231583,408.7718290609445,353.05557671020426,41.952895528283314,38.79421519865122,708.0144775390625,693.2152482372219,718.7661874443293,679.3919225515823,681.8521658045645,636.2018830595506,10.643056884106237,0.03794145171565038,16.981013264929814,19.459874976081483,76.52843254703976,59.9796013930482,32.83346610599094,118.85856668388142,699.4567815607244,753.6419056285512,755.9062907583761,745.6963128198552,635.1229672899433,278.19988543527165,294.30987400719613,605.0931880556304
815.9713412558456,874.5975088543362,858.2430941732545,888.7929493269597,478.3677489258522,545.1419134310314,846.0989630553627,839.2613197488988,678.1453723372246,627.8359907865524,834.6799174052913,757.8618197637891,832.0967077448274,645.1683955100414,675.0419033866617,514.2376388642688,783.4744133971878,819.0529354006745,804.8968781913377,815.5743786010743,368.05944270557825,431.036030960083,838.3349712641552,904.7823157840305,572.910951581925,671.4012116075872,451.91121123508856,419.70773039923773,842.6462300138653,816.8593248908902,809.6652694261606,865.8747505696615,823.4717907663119,820.6729291449652,752.7244127356488,713.4229550648885,674.0460534452867,720.9324367664478,514.8720051390784,594.3755756335312,605.5227486031954,624.6874685287476,611.2483562363518,766.2135429201533,644.1814548683698,745.0523578228309,638.6775366590043,605.33460750113,723.0559167738884,711.0066572466204,849.7215943759933,700.4955809416185,708.4863518000718,572.040664504556,492.5735395318873,481.8273428425364,835.8249067158192,926.6055259516945,942.3336608126663,800.8679131173283,909.0038312298319,903.6111040516579,817.8530144647721,939.1430714846639,913.0052841528138,734.2315296190345,770.6904288541734,788.5287661320311,834.6235327022091,804.0089844761633,803.7906934720976,803.955454591845,540.1202582963016,623.3059594620873,443.3918070032977,436.2328564281195,738.5726548491931,725.3876894875681,761.4831374148105,861.5534439086914,758.9739287511599,789.9578731721936,562.6676840337118,492.3931881038348,698.1444082486997,720.5081494305095,531.5689743939568,435.3425179328299,380.2776280939579,397.6373709369189,409.3683625643848,353.04234399420517,42.26783089880525,38.99474347997794,706.7958841959636,683.5307317184189,716.4218144267797,678.9092253430397,680.4806535832452,633.7028636979007,10.83977844252896,0.039520020286242165,17.173441740527245,19.596183920339016,76.79788671381843,60.87105325111958,32.96509965260824,114.53901138726403,697.6677357066761,758.261767578125,758.2025789606491,741.3238152612614,634.1985368915633,279.26815268658754,294.7793389667164,616.592469314049
817.6036384159165,873.5992843550865,861.5891959137072,891.4525191470447,479.7393826817357,547.9689446091652,850.8292153074715,841.3001064933615,679.1381324943231,631.0266135676962,841.2247482547915,759.9798801800562,836.6885520843454,647.4980040421852,676.6982084975314,515.6018604492727,787.5630950204569,821.7748621832889,807.0430753824811,816.186570678711,368.745582792494,416.4783702214559,841.9473729649663,906.5207932184613,570.4761030262054,670.5719282862905,452.53059307119463,423.5246107843187,845.6953880741911,819.8633278175637,810.8124034010519,865.750561726888,828.5785536685232,821.6047098795573,752.39741741678,712.7539775802428,672.9513529638887,719.9293847260652,514.2504141671317,595.0484927745348,605.2595925252946,618.5430583953857,608.17483716872,765.4440833358403,646.2615003479557,747.8596466563598,636.5937635248357,601.6212329230942,724.4058863947469,712.1098355393955,849.5910345160977,699.4476491198453,705.1522934233661,568.2877268978194,490.10368505009114,481.49184408105924,836.7458112534923,927.0038724574778,943.0590148538544,801.4187100474875,913.3725413314156,907.759310574979,821.8226078511742,942.3481174359106,917.7689832431167,736.5562469287744,772.3282056075134,791.7813762245655,834.8001470869514,803.7691620041652,805.9484921704542,805.359474494809,542.8488875922807,624.10549054827,447.6055722443954,436.0835897956096,738.1667800653177,725.449115040886,752.9923861889129,862.1920482090542,757.3734632470142,789.5160299697634,554.7282669703166,484.685935476621,698.6615369712729,719.1585013886802,520.5525134815889,434.67827712843996,379.25660544323426,396.29637136987907,408.9977047899596,352.85991195507967,42.49248449447461,38.8177877365456,696.3677937825521,688.3847242452331,718.8109884858131,679.6293798938596,680.7493982581996,635.2653142280858,10.6951265019092,0.0451273791147051,16.859311484449197,19.484621408079484,75.67232078362821,59.52574511118964,30.87090865770976,111.29626797227299,698.3548084605824,753.8586825284091,756.9956216492109,744.283010555219,631.5583050297756,277.52907591221623,291.00991453185225,623.1484580204404
814.3426442332081,874.0587666010616,858.3290888619622,889.027899692733,480.7964590161346,548.3395188429525,845.6173449530118,837.9645024401076,680.5048458040977,632.4063548533643,837.4665935485343,762.2871576551407,834.9417016240377,647.1682863349947,679.4587654237131,520.1974004456778,793.6971214258275,828.4855997966373,807.6612423608129,817.3958299560547,371.4212947421604,419.10938453674316,841.3560711969373,905.8757892790295,574.9963065117441,674.4685858579783,453.32481571850855,421.9820641146766,848.0576897387234,829.1457534601659,815.0409668449341,867.6759973144531,827.002141144316,822.3997675238716,757.4752518363621,714.3258205551699,676.039551184566,721.1542854309082,517.8779334085328,595.7303797975461,603.5264942606941,623.5446448326111,610.1338280448838,767.60466357769,647.8213371825417,751.9491307331108,637.7059959841138,603.8621159166723,725.9093966791706,713.169604486734,851.231849025422,702.7341993022973,709.7241317851662,576.1144772768021,491.42441949052454,482.6254915036566,836.3164504720766,927.0096333882323,941.9695290097923,801.714107731214,910.8449076776919,907.3154328374801,824.0547019655187,947.663347856498,917.9196884952374,739.5763161804633,772.0905937896686,792.3455563347595,833.1106411636256,803.199325392918,803.6447562484054,804.1095021982662,543.0767425397121,622.8036459390219,445.2468089228091,435.83576986823283,734.8537337506403,723.6058224246709,769.9138365400598,870.6448375156948,762.4238598410653,794.2298585698214,557.248668645223,486.35161044120787,700.7196141045524,723.2718405276961,522.0638617122875,435.3565564504169,380.06142114661634,397.51016449359946,406.6136830506533,352.2525714715446,41.909485292582154,38.25324497309699,708.8294352213542,689.5167779437567,717.2626173347235,678.6541585328891,679.998617041202,634.7628094269769,10.663846858524362,0.04055743113987976,16.67019742600871,19.127048826252576,75.37972682801194,59.83135648031834,31.174864874945747,112.46128195874832,710.3487493341619,753.2752607865767,754.9338940101982,748.0375930206685,635.0296834309896,277.725504037581,289.47231964992756,592.7768565210803
815.0632743249959,876.0988376405504,857.57743884437,890.0845218065725,479.93743750106455,546.437254173415,843.2828198080884,841.020415902645,678.2343050265799,631.5174931706708,835.6532745361328,761.787298717196,832.0103556009753,648.9461468298908,680.2594506277967,521.7748174791597,788.5184570601766,824.4065941718726,807.3267651554269,818.2476036376953,370.5162811279297,427.14147427876793,838.3959219025671,907.0370528205992,575.4222169246973,674.2718928620055,451.5048236320032,421.3109073506461,843.7190655402418,826.1315734863281,814.5969405687388,870.7428485107422,827.9706032963122,824.3186025661893,754.6550537109375,714.607623364552,678.9574676379233,722.6896236560963,519.2872128146035,597.3753281782629,605.9716399145908,630.384913444519,611.1087113145798,765.2998070739457,646.4193943031651,747.4521775636059,641.6132512555635,606.3198245288609,726.0558425534156,712.0542614327148,850.152658267371,703.7142425449322,709.9498950462171,577.1565100585713,492.79894516671317,483.0442512131947,837.206111761722,927.9774806598822,939.6062899521567,802.7711778167936,904.9498709239131,908.3253990938363,822.4177344085973,947.8864929450392,913.2492002800329,739.120593941797,769.6329727994593,790.2853587857539,833.8022368364274,803.6783551800976,800.2116890984613,803.2793854260054,544.822691331216,624.1881587040889,443.93173438915306,434.809834225077,738.770383991179,726.2673600699397,761.3093742208277,866.1597660609654,765.2454487007697,795.8484639521195,572.1685578028361,495.7668004972736,701.4378738100834,726.0719685857905,530.9650728113511,435.9566198531471,381.08097164767486,398.92927115281805,409.15372042427754,353.2096800229326,41.9868283102319,38.440589149390725,711.5621520996094,693.9619704424325,718.1404827535152,679.8921438450187,681.8849455272879,635.7898103858556,10.724996000049654,0.056688217618675145,16.705855922409324,19.319141882440558,75.52063967223981,59.90530581132168,31.99159902996487,115.73873725358177,698.0399336381392,757.8848577325995,761.892645509451,744.6075945504105,633.6319939108456,278.29639975961885,292.6811749826778,607.7042246851428
818.243310903574,876.9131325663942,860.2650500285073,890.6558314471606,479.52108687023787,548.064981358392,845.3752847917041,840.1290701034221,679.0888027123043,631.4870970288262,841.311625224788,759.8522689776288,832.2470116590758,644.0282618012506,676.4109466372438,513.5507490629002,783.3927861073571,817.880963463918,809.2058848019304,817.881302368164,371.72059133317737,416.6499006907145,838.7789899542562,906.8708607507131,575.5139108927463,672.0722734430334,456.8561462065133,427.05997949176367,838.109388531379,812.0825614269869,809.3041984978623,866.7849344889323,826.9717817144879,822.2083957248263,753.0336019764776,713.2847374605846,666.6429296821225,715.8931442543312,513.1582316841398,592.2631072998047,597.2257322717885,619.223307132721,608.7932772617492,761.3652007478108,645.8304318198752,746.4186898337471,636.5090177669998,603.2863387961488,724.706521795642,712.1957573862719,849.6896265268019,702.8551866801931,712.4925930895613,577.7224459087147,489.0569703443436,480.0575247634257,840.2340255854294,929.9661972831797,938.4247581572564,802.8333386270011,906.6643455969769,909.0466708118475,820.5324983275993,947.5554448037481,913.3376775143752,738.2867660750406,768.5403715420974,789.2723283780964,837.5052945568303,806.2872708146743,805.3258716995651,802.8167796525798,537.6680895604125,622.1699831743778,447.95898172129756,435.2180437974527,733.155650279561,722.5120916722722,745.7554217399435,854.4862594604492,755.5671089143132,785.1349831761082,555.7427235539755,486.5014170241356,698.6135637073264,721.383023149211,520.3220599006204,435.48696503785544,380.0376469241455,396.7449112114662,409.87467956623925,353.35287088515855,42.636554556767265,38.334104209587395,704.1660095214844,680.8065666586666,714.6231581866741,679.3423395747512,680.5323471671146,635.1937693850044,10.129226374845818,0.04067338708512209,16.48094247381119,19.004409404842097,75.05949265681102,59.070380736099835,27.303967184490627,104.88832675797097,705.1740500710227,744.9131114612926,752.8054248374581,746.3425839581067,638.9317270914713,277.7328497772677,291.6045338637901,600.2953291268184
814.079719804676,874.8584944503476,857.5648763794961,888.2572761170893,479.2533162139183,548.7887397823589,842.9078791001264,837.5398857279026,677.778719262201,632.2841130944549,838.2709871617759,762.4769253200955,831.3836357417688,645.4912507143098,678.9902044161042,520.4949354649921,791.3247219284564,828.3457546931169,808.0500764061208,818.698708557129,375.23907566070557,420.4846943537394,836.6981773761788,903.7854792277018,575.3712332610685,672.0358313885364,452.9194992444792,425.6806270678838,846.2938695943581,825.7481406129436,813.9866659810224,867.0058795166016,826.1779384289757,820.4802735731337,751.6595249341882,711.0284376029508,673.4301523889214,720.4803681550203,517.0780432650021,594.0779780698626,599.626844812612,622.4950017929077,608.9360372897179,765.8322019893411,645.6329575906557,748.7602719535605,638.7617514192566,604.9138961271806,725.3862920176598,711.7685022396076,850.4705703832315,703.5674658939392,709.4338117522509,578.3953491285736,490.9602349158608,481.7261095740596,838.1877502575109,928.3941877092476,937.7656684838413,800.5848895268861,905.8686826357634,906.0953972907465,823.9263413922138,948.8727637396919,913.3840436223727,736.7623750727614,766.7645511461108,788.7844133615826,832.6906785904222,804.5695305924389,802.6759036983456,802.1981241194928,542.7538274362547,622.6684403852983,448.1516736901325,438.2647417095346,734.5672397300846,723.2504520653689,765.2743673121676,868.1511960710798,761.4586098331145,792.599443938686,556.0797059249878,486.1777878888448,699.9051510512567,723.8931143813663,512.0359332365148,434.7259641950311,379.15046446149546,398.2811785244402,408.17025303747033,352.7477415026476,41.67279401723364,37.758906875723895,703.3859252929688,685.9879393496756,718.976782143116,679.0803204079019,682.0590256940924,634.3706296160635,10.334200878177255,0.04187749155831558,16.465369231834107,18.91260034630208,74.33433833777445,58.54372686215286,28.96628959973653,107.82304632313111,704.6486261541194,760.7343971946023,755.5328633353214,749.9724385708193,634.967498180913,276.3294065265279,288.36044551025736,599.2657176050647
815.3725963173679,877.5743649607957,856.2505698187031,888.8385947937984,477.87642958885016,546.6863617641585,842.4704466784804,838.8589947704559,675.7785951945247,628.7533817154463,834.8476073722529,761.3479684542095,831.1998423450398,645.9430712722091,676.2052131280377,517.9195016820732,788.496390247797,827.4130820119103,807.1409133677282,817.7975557861328,370.1798995600806,436.01381295522054,839.092836399271,903.927149969434,573.924484975675,673.0834391772092,451.5996367101511,425.5005059904522,844.0565748394661,822.7533240801023,813.1651004981494,867.5636789957682,826.0251172599146,822.6343541124132,750.4766893469769,711.9858199889401,674.8041812039683,720.824843371356,516.0100234406335,596.5485709829724,607.7427465720255,628.8417205810547,610.7537732464926,764.3104849720453,645.9510268215349,746.7896698678446,638.8893961275904,607.8517150178656,726.6615748497748,713.0067263048065,850.496498989169,704.6256951604571,711.8536693419042,579.783472996132,492.98311521433175,483.82468032422315,839.8991115607672,930.795295778248,941.6757340163443,804.822405303285,907.48216859237,906.5625435600967,821.8019595831541,948.5997616175271,913.6706618693338,737.8718522981155,769.9694943154796,789.8219002453774,834.9532022415452,807.5793913108868,803.907356262207,803.085690420182,540.7206062526877,621.4943420938599,444.5626079172328,437.11735599141724,736.2639227695153,724.8883573286761,765.5168560920878,868.6159558977399,761.8330966174831,794.1407468093364,567.7114199066162,494.59199246883395,700.1068944687361,724.6361295103687,528.0747150196748,434.9706574226545,381.7082368346552,399.15591419801666,410.61452204606326,355.9398725606315,43.08217608600562,39.11667823822048,711.058408610026,694.0409054513705,716.9762551188469,682.1273692840904,683.4161149818478,637.2823345678652,10.787675328153886,0.052863177312193095,17.004430863399353,19.5862144282254,76.39801417454477,60.29376444238819,31.704046699735855,117.39312833196976,697.041825727983,758.1453291459517,759.7923184593252,745.828398692457,640.7601318359375,278.6206671438719,294.98738290324354,632.5438574429216
812.5918767179198,873.562385819175,856.5338689597694,887.1281921721074,479.20497802468236,547.763696632215,841.9841648761981,836.1056320060568,677.964360091151,628.2662696403559,835.419018256955,757.7902452075292,830.4306865450039,644.2038360872732,676.9904936581702,515.3755851549191,785.8262855565944,823.302160886435,803.9617173196713,815.7373496704101,371.53639533784656,422.43052234649656,839.3209724371224,903.9574033343603,574.204404088215,673.4201666653811,451.6219748186143,423.41500849193994,842.8144167054375,818.3924439983604,809.4709483870058,865.7416524251302,826.7216494285454,820.8167932128906,747.9280814792799,710.1632335616881,669.0142740258036,717.1994329381872,511.1017513189997,592.9798215658924,600.0118783419249,619.6293449401855,607.4244413943518,761.7904245096361,646.1293391092242,747.6668403134709,637.1295536988038,603.2607183356386,726.110724409165,712.9385746315428,849.9193690433772,703.7300637742163,709.259824196854,576.1458236534952,491.6362052059089,481.8605618989019,837.4354667203972,928.6688380616682,939.2865053304586,802.1347097904329,908.7889528490149,907.5754374392982,823.0201474810959,947.6086496188317,915.6927533505568,737.5589160432495,768.1019542703468,789.872685745462,831.9460126305842,801.8939974452909,804.2717045964422,803.0448832902752,538.348618183661,621.0080557158499,446.1967634118122,434.86592295472053,733.9874512719326,723.4388209932573,753.4137287545711,859.6196626935687,757.760091935081,786.8490688079628,551.923792883555,484.60065379659335,698.7513929846003,721.653838257377,519.5789763057933,435.01679643493696,381.21300443758565,396.73851302425965,408.72665761251807,352.40770621535677,41.691711505745644,38.58368250949334,698.784745279948,685.5291644597457,717.7517637014389,675.7442063551682,680.1434189502822,633.9576523834453,10.697138586243932,0.03674331379847394,16.559489214338697,19.05822338288916,76.03206478673921,59.59622157877812,31.29301669862535,112.79344869361205,708.2118086381392,750.868544699929,756.8973118314807,747.021158339102,637.6431008133234,276.7488573465431,289.4349021676815,619.9968351166824
812.028658491943,872.686194044171,856.4281355305602,887.3212919197234,478.68796590760695,546.3684139464583,841.2174872148779,836.7496683843085,676.9364928226082,628.602052672476,835.5012040797288,761.559723009382,830.5327860863295,647.1126986915766,678.2728200433266,520.5372441036825,792.1485957285804,828.6484433250174,803.0683269244958,816.0322153320312,370.5030541949802,421.32945728302,839.0873092497238,905.2336854480561,576.3459483566085,674.7588110074893,452.36010685283173,421.6809045738644,844.8838849337595,828.3999564465181,815.0457897436587,867.6692838541667,824.4322908045882,819.8134602864583,752.1040819251019,711.5045199106975,675.6541153827953,719.876303354899,520.4472932645252,594.8584775317474,601.9189378081775,621.7564344406128,606.2442112063604,763.0850234913036,643.7268444156913,747.1789034849022,635.9907102703063,603.3077589748623,723.7290533219615,709.8197200584971,847.750997430416,700.9210730732327,705.5488436403831,573.3241400484945,489.9479668981017,482.0623222399265,834.6645599064404,926.5814664253483,935.4293886842789,798.6837549138024,904.563092956543,903.0582107849491,824.5476007024082,947.1744721181108,914.644662771652,737.6679660181975,765.828745212046,787.6903685110832,829.7352403288435,800.4512637649452,799.2783321689915,801.0729818500456,538.4966346670728,617.759080762987,443.8931818423064,434.0415971782846,732.1490901259125,719.6519019415764,769.0260334420711,866.2070279802595,762.1950510836195,793.8048614971545,561.0067219670614,489.13737760782243,700.3055386782743,723.4420495506479,523.3067950529211,436.0981017691134,379.7783824925621,396.7999442176754,407.15769431411155,351.69526505125066,41.84938580645852,38.43692174229688,705.4101847330729,691.0138694633872,718.5509064942598,680.7319286042209,680.8698248535622,633.4258439173617,10.623371356683109,0.03213115351240116,16.78033234389143,19.21198818402731,76.1137260947403,60.21543904696967,31.451069407992893,113.9110019347247,704.6453080610795,754.4706087979404,755.7879112294856,745.2901028017454,635.0903287401386,277.608789024123,292.4876331235423,613.4508709085399
812.305429722089,872.262235053862,856.9625020974031,887.6117834113984,478.48297160836154,546.1576959320477,841.0660355251666,836.1776001106424,676.4512979172322,630.2937888630101,831.537855691057,756.1923833725945,827.7739380563307,644.7798204678394,677.6548996386837,518.1899481313696,784.815710131026,819.566020712108,802.5047442227944,815.6305798950195,367.87172767851087,431.74575901031494,838.2177579034802,903.9115581209697,574.6747859635278,673.6774757825411,452.4509894861042,423.27269609769183,841.9671728745947,819.51100494008,810.3708272618571,866.565396118164,824.5784200894631,820.7230849880642,751.7923514988112,712.7732038383024,673.1661009935556,718.6697773403591,516.7580848421369,595.0979202784849,598.9551691774462,623.6773715019226,605.0192115760985,761.2459940254971,644.3764141235179,744.1107511102108,636.8400091343244,603.8947321284901,723.7675795155187,709.8156681039816,848.3035261894898,701.5035520355466,707.9665326858316,574.456993411569,490.4351935105044,481.8252515960637,833.0489788911951,923.9812739430754,936.9372982659556,799.1075116568167,903.3346649700662,904.0334638345589,821.2812316147924,942.528468426363,912.6244755075938,736.2170937252291,766.7585915104727,787.3514765929613,829.4685465089834,800.8203825555454,800.694389411995,799.9550258448867,539.367901373347,620.2719326266995,444.15926173113394,434.22879909461653,735.3125325187308,722.2730540675246,760.1408262861536,863.7151641845703,760.0119925897241,790.4863969006921,568.8880364227294,494.3086858654022,699.3429141477341,722.7383404914697,530.4781614864573,437.4016275973957,380.336695999528,396.60379204235716,406.89450135016546,352.002159447372,42.14365518781253,38.33026659801243,709.9133036295573,689.9506634211136,715.8451619148254,676.985744260555,680.6677273466387,632.8790817727087,10.601738249132483,0.05740923682848612,16.824516859470627,19.21246030705349,75.83221787737224,60.591464326875936,31.419638713200886,113.22607848223518,697.0447609641335,749.3601695667613,757.5113828518247,741.0912450476537,633.9190266927084,277.10282216312595,291.94858996073407,600.1210816482018
814.2825575719336,874.2940135194798,858.6663054875613,889.4177792765705,477.54190165497533,546.9148373518672,844.8004901102233,839.7570241205743,676.6393253231536,630.5373967241069,837.2180317824449,761.7612174018981,832.3884986759664,648.6864704989229,678.4260260952053,516.6596776604948,784.9128292137977,819.4959701303628,804.9352300833925,816.4115141601562,366.28882026672363,419.27835547129314,841.1538136469853,906.5658079177614,571.9886891710821,673.8141427721296,450.94384266131493,423.7347966829936,842.7251500543558,817.5146083502121,811.1590897367382,868.2876118977864,825.6577015246376,821.088760172526,752.8800590183424,711.0168486445783,670.2588201178328,717.0216461464211,516.8362089395523,595.4733763276861,603.6498625708408,617.2217428684235,604.2874463952724,761.790628297634,645.4249566625751,747.1331439213446,634.8660064935684,602.2686975369087,725.6418472843785,712.5553128866156,848.9033639605901,702.1197841747905,709.3237907683368,573.4258941388598,490.76665802493187,482.72465493753185,835.1616296005667,926.1233230166965,939.9523703470086,800.4013518893473,909.1173097693402,908.8665117353297,822.4405541842866,947.8279593903342,914.0485922969989,738.5735985881598,768.9876362342513,790.3416611113701,832.7293327477328,803.0163858318856,804.3254936149528,804.415174703129,540.8160626472683,622.1333195409734,447.0499022110649,435.20637662645794,738.7098172297243,728.6755633215687,751.97032782372,861.6625791277204,757.4507995839319,789.2657767400887,558.3880935923258,487.0566180753708,699.1179725848631,721.9334268574474,525.3729343189913,435.468116042416,380.8181123707133,397.20271796627463,408.156976735855,351.55879881585327,42.14635458169936,38.92820144989631,702.8390889485677,685.3465462377516,716.9497816860676,678.1367651261895,680.8987421322112,632.2924215507974,11.061141082676937,0.04312315712924357,17.155391049579706,19.54992969314626,76.66000943928869,60.8458433058213,33.594088554382324,115.4017335807576,705.6975541548295,751.4350142045455,755.2826714227664,742.2278571792796,633.6634030809589,277.8902976345598,295.29173970944953,606.561707595299
813.333271913855,873.5807022663078,859.4676912468764,888.5277958600169,477.80382685993993,546.9157388859561,844.4041290153119,838.4288134246177,678.0333378071688,630.2199727482483,838.1514256795248,759.9523371681335,834.3681768872112,647.8022772686684,680.7472296116957,520.5502186448639,789.1129310933335,823.2174845549752,805.9451106266043,816.0303879394531,372.25602197647095,419.0392608642578,842.4465673207204,907.031730772957,576.3990567030082,675.2262678775159,453.709696859286,422.89701006147595,845.8978791146908,824.1316838017217,816.3308995364532,869.1388688151042,828.6565766415354,822.2447512478299,752.9293871008831,711.7309478392084,673.7041432384877,720.4537167019314,515.6434730631964,596.864228752222,604.3570991891329,624.9531509876251,604.9952139504372,764.2376305458105,646.4603728233606,749.5493520156682,636.6588844356459,604.7268281516496,725.978086450023,713.8524135886049,850.8404271163843,703.2141057384806,710.1011391370286,575.2969500538619,491.92028726798816,482.5688674783307,835.97416688683,928.5286422989986,939.0364297491943,801.0550322438718,908.2143041063391,907.3923305055084,824.6298306433068,948.2764703648571,916.8508517137215,738.8884247575311,769.6709949919347,790.8283289261421,832.7978158938657,803.3548412006863,804.2918533806328,803.6223543511062,540.3177384542763,621.3154061717904,446.8152609562528,436.01263040891837,735.2838432437084,724.0067694572987,757.9302718791556,863.5654089791434,760.9092397580201,792.6799945931738,553.3356014506022,487.24142924785616,701.0596527368486,725.0096116016167,516.8949563419118,436.9142599624417,380.2619404271245,399.155082477432,407.0437686636614,351.48587278081106,41.44309780636104,38.93535694747159,703.0795735677083,689.8308669268075,721.403906583786,679.6388006210327,681.8696291780351,633.1811993232858,11.132024267533684,0.056591452506405335,16.901975212775675,19.407976606715447,75.93926856032091,59.770982075878166,32.34580323431227,112.55525418940712,711.185829856179,762.2295454545455,754.4263049644112,747.2349053877819,635.2674865722656,279.507300421857,291.7864460294897,622.6953588025324
813.174862047576,872.6143692430824,860.3107323028528,887.634147492063,478.26794697074,545.3589813836983,844.6351899962494,836.7487392733959,677.5038822719029,626.9855949668611,836.6364474412871,760.1641441526867,833.3990722446867,647.6673563463003,680.601743294825,519.4766588731676,792.162779170755,826.2279107293417,805.8367248074762,815.5020100097656,370.8887100749546,420.70416870117185,843.6005291353916,906.8922343178401,577.4736725123141,677.2762827716031,452.53030047759165,420.5897430115276,844.8220111199145,824.8812571584442,818.8699187831928,869.2797534179688,827.0639490677139,820.9319232855903,753.9618280825407,714.0726833113705,677.1352793151586,722.3325994986075,520.9777042823179,596.0985355162888,604.1941896032115,626.3374538421631,607.7524793668399,764.8042268436667,645.935709415372,749.7697753292775,636.9477650853228,604.1860278603081,725.6429997105753,713.9537949673941,850.8023167466565,703.5695422256977,708.329674930316,574.0952590400098,492.18211863455934,482.96532256150107,834.7976262237783,926.575610941207,935.8702293956254,798.8929312334276,905.3590392270296,902.7858899604155,824.3536413350237,945.9018525724058,918.9448904350622,739.2243196107928,769.8819430943286,789.4350112296942,831.412425095868,803.18609880479,804.0122732557692,802.5883164953013,542.5715903185924,621.5135717350684,444.9093698695086,437.19816675320476,735.4265251785029,722.495052606733,768.8326818587932,867.8458121163504,763.8551180317028,795.0530505596109,562.5121450805664,489.01485804875693,701.6475458153544,724.1493743659198,527.61268454159,436.1521001727142,380.72755603678524,397.3917816452531,407.2080583906462,352.18540484160803,41.575821177686855,38.61492761928341,702.1594645182291,691.3152139954648,718.5506948381662,678.9629976673903,679.9661903672546,633.7499910088798,10.750336765141071,0.04198817474146684,16.911426139172963,19.3344137429821,76.19966740193843,60.20550943479212,32.84791758325365,113.33227596212836,703.568398215554,750.8464566317472,757.2087492462773,743.1998480301869,633.0623821183747,278.40692676263944,293.35760897217375,613.9664427658607
813.7513861537965,874.7337486286356,858.918027716783,889.4151739599221,479.0152583366217,546.284498666014,843.4638848138079,838.9715696099464,678.2464455877032,629.4043971192641,835.3300313251774,758.5717777448987,831.4275358798778,645.6457888360931,679.8415109666425,520.4468858200622,788.3185233889033,821.4134194510324,806.7672296027114,817.2363048095704,369.07904534869726,428.6075287501017,839.1945202209561,903.8035727001372,575.6736116808746,674.5912309269329,452.58949530585693,421.6550443702274,842.8654369138321,824.2087161970727,813.3242701733207,868.3554677327473,825.0326231617039,821.3369785563151,752.7361354662024,710.4931460460984,677.9958615744166,722.1330268294723,517.699899145535,596.1977748942286,603.0645356725474,624.5777554512024,608.1270249779262,764.3755196666266,644.6731666336484,746.8048982634182,639.3111315876985,607.6595453349026,725.0379888749892,711.7172629169005,849.9509741529688,702.9700120369673,709.17917347382,574.3162056511524,492.2211336122419,483.92014184040545,835.0876539549979,926.796895718133,937.1145573793941,798.6300285978009,903.5758698040506,902.4810955316118,821.6012836421302,943.9529681971044,914.1517115920337,736.0198482506034,768.5511446392939,787.4454974770049,833.5232174624304,804.8990980959729,803.1998113340086,803.5871158037029,541.428990145342,621.4169621983648,443.40815027209294,437.15402092732177,736.1730361688333,723.1598580388113,763.1905543550532,867.2500686645508,764.2019132416824,793.6683751858401,569.4609271494547,495.08339839140575,700.616883966051,723.5618336751689,530.0603464687572,436.6644355879041,380.4669956273089,397.6357251959847,407.7149352812049,352.8123321888745,42.00484100940715,38.850392071541464,713.8894938151042,691.4894678148173,718.4489562362432,679.3715103740606,682.1309049378218,633.4209948961776,10.833563869302452,0.07153288133235441,16.94834384294122,19.454854415639005,76.35674033446405,60.6084515815075,32.4022986623976,115.70362329570686,708.4680342240767,756.3956021395596,757.3238080939991,744.5654687036442,635.6940107158586,279.11188298254683,294.1896527861104,604.8717198865168
813.4726345237904,874.3812463259457,859.3336500968434,888.9850621926357,477.45340254140456,546.3036947250366,843.4214748632979,838.9789181518555,677.4731333499052,628.9358546670343,833.8444311250516,757.1240098075261,829.3834902729014,646.3327414613624,676.9188231722039,516.5210403603301,782.037416141745,818.2503208496246,804.7386941763633,816.1723039550782,367.28436493873596,416.07826913197835,840.0862590575115,906.8461160508413,571.5620043140432,674.2836783587278,451.465056846155,422.12357793913947,839.5203294574089,814.2312830041956,808.4000948207585,867.1702675374349,824.6530719045866,820.6128937445746,752.7108499278193,710.9934370661356,670.0134323052898,719.474447886149,516.464398247855,597.320780836241,602.0626725994173,619.2681095600128,605.1515321712645,760.4761635296718,645.1257712337964,746.244072590655,636.0076309846453,604.6177707618767,724.9565705514723,713.2249817114946,849.3733465073192,703.5588091916482,708.7012805511064,575.9725941676719,490.89664870066497,483.4224965688323,834.3150503402994,925.8993160857094,936.9788232828062,800.025718000548,906.6140015311863,906.9550842237704,820.3360275595195,945.3031759693789,914.2871572010553,737.9257699263496,768.7506271156033,788.5068140401296,833.5917541115148,804.1599531647909,805.2222447094616,804.746892647665,540.3738523710758,622.9760015578497,444.8199951614159,436.19374664736466,739.0226277836034,725.722347528608,751.4234774975066,858.6135308401925,755.3608792476728,788.277244992513,560.2923133977255,489.38798787434894,697.9493443106765,721.7655583811395,525.993368395637,435.40019489539657,379.76334663496044,397.7712555288274,409.8092737555605,353.2756793377797,42.39425227678105,39.190297163681876,705.9174865722656,686.2558133400092,717.6148821264505,679.2840035037218,680.9517570087928,634.1004729329228,11.219000924416928,0.05024385884128235,17.13874306006964,19.61223310530617,77.09862060904486,61.2543996300308,33.07132932874892,116.61456913807812,702.7960038618608,755.8138749556108,759.6666382655201,743.3117115648487,635.2842437145757,277.87458467065244,294.5847060102405,618.2594399287783
812.4071224352264,873.6804956908178,858.8610090874888,889.6998814738604,478.18226769913076,546.5897523654359,843.6309799103277,838.7448080963784,677.5700221207677,629.4934971400949,835.6891757375826,759.5122383390154,831.0793283112462,647.7646374519055,677.0438458255275,517.845983296411,787.474847441036,822.6247753320738,805.0705873185191,815.803302368164,370.18944443596735,418.0852625528971,841.0208707647062,906.565466653733,574.6544199289451,674.6845556929871,451.95695678963847,423.3221634361479,843.4501401793282,822.2906975640191,813.6642908611948,868.9569311523437,827.0604793742551,820.7422850206164,755.3522654657778,712.6327946674393,671.1479299940202,719.0648180643717,514.1737732376371,594.6574849618062,600.5759597528177,619.0270597934723,603.1143178684371,761.5693890178374,645.060379961739,749.5382289551852,635.0885494789801,602.7819954131867,725.5194191471223,712.9792233100734,850.5409590427787,703.7080396195532,708.0342685716569,573.6891092365863,490.95484100036043,482.49566601422873,834.8760730287985,926.4901757461054,938.4978809212505,800.9717213772028,908.3244008205248,908.6463293546998,824.1054459784738,947.8958992035791,916.7099644675184,740.3332469817587,769.7699986357368,792.0069928925293,831.3825370399816,803.3060992330477,803.9075489559689,803.6271658100065,539.4536621373728,621.4842376048431,445.975867672243,435.3682848433374,736.4958808773854,723.9926347534686,756.6043428461602,862.0856268746512,758.3756052945308,791.6335321873097,552.674038403829,485.7703530279795,700.7630397519351,723.7245278924505,515.9760902404785,436.39982483458004,379.57118717208505,397.8846788406461,408.56947105814913,352.5052854678221,42.20983010629748,39.228068225835294,699.9611877441406,685.7395521260925,719.0935162007809,676.5786157236919,680.8649970095879,633.4138180049532,11.224544619298907,0.04413814921345976,17.16069881688971,19.57704466230893,76.23762094107857,60.022615492584244,32.93867887390984,112.58907000457539,717.4961547851562,758.7196910511364,755.3944077459757,745.8661759774897,636.2080236696729,279.989066678181,292.66943581176525,612.0297751591123
812.7361853012932,872.7203938985111,858.0732381596151,888.7947117474924,477.7883269465247,544.9644187901702,844.2587155263238,838.5457575371925,677.0669836949329,629.4916430262268,836.0693071566947,760.6205124809628,832.2286608844843,647.0695752441159,677.2188227615546,519.9459433425449,791.3917380961196,825.3252929199574,803.8653652220394,815.8521106567383,368.16027471754285,422.6289237340291,840.5363157087934,905.8762974209255,573.0721199624826,677.1299402844775,452.80229442027394,420.5382977988985,844.1754647021023,826.6964160306954,817.355215958723,869.5074786376953,826.5761332107803,821.8576907009549,752.3390659498132,711.9563376185406,675.7450639497866,721.574516720242,519.8849247694016,596.3395512327273,600.596737220639,623.6986708641052,604.4096796124701,761.7853690052484,645.7604568077661,749.1301342367428,634.7089444566365,603.092097589186,724.4543915256377,713.348419945261,850.328644147404,703.2121285087386,707.5011714199733,573.4658939055367,491.526188356203,482.6070250719969,834.2883732138694,926.1752236463406,938.3726506387699,801.2495582743389,907.6950975633704,908.0721322224749,823.1627852413633,946.4937172563968,914.6486762886617,739.9191660375866,768.5062660119172,790.3397101334637,831.2892166672239,803.152602053479,800.3589412242443,801.5687906233991,539.8610946935252,619.5954747055516,445.1753763392352,435.45052950147175,734.6043841252562,721.4504811140512,769.4908460251828,868.7672587803432,763.1297073948886,794.3476859028168,563.1896336873373,491.21104428927106,701.8903801485305,724.6892465212633,527.2860032923081,437.70824351809944,380.6294566085562,398.17477747424994,407.9077359620096,351.4072182056308,42.48093633411055,38.92918018932441,705.4277282714844,693.6602534924523,717.091007232666,677.2306800027845,680.1951773063524,632.135390787661,11.121079330027753,0.036574417259544134,17.14616090082302,19.411844810934106,76.24397624998632,60.785909681055216,34.006493462456596,114.71298940041486,700.4554498845881,751.4985018643466,752.4111831972263,744.2414767108386,637.1632292504404,279.9067728393956,294.09421199018306,620.6244964599609
812.028889013153,872.491239937869,855.7916359555566,888.2214520822959,475.96916896908783,544.5213359168598,840.8385552083541,837.219996740463,672.6896644064358,626.6365419450353,830.6035201840284,757.0714044177342,827.4581294378736,644.7732559452172,674.6781960251319,517.0064679351693,785.797853587363,819.7304351496142,802.3340333960522,815.2322616577148,368.25949499342175,427.8955228805542,835.6616930720782,902.5232401953804,573.8048306310365,678.1429002782801,452.3279534650771,420.24724923239813,841.4218084947119,824.3375152964651,811.0650881469406,867.114204305013,823.0260391235352,819.8800583224827,753.4687322201936,711.5260526358363,675.4629210081395,719.9341410884151,516.7038122074945,596.1807439425465,600.9688835769404,624.422167301178,604.2138281256433,759.4952109097304,643.6866898616377,745.602925551565,634.7912802991789,604.5919696034251,723.9609398641894,711.4141690556255,849.5691973306958,702.1872927878704,708.8134478923986,574.5311698633082,491.0313031764479,483.16930474009234,832.047515501459,924.5308650930723,937.3946156203103,801.4217117409769,903.9153531547215,903.6856348977024,820.9596383097704,942.4194590721602,913.0845000423602,737.159889415253,767.124338717675,789.0361456466484,829.9432939663055,801.5861984168627,798.9432598492047,797.740152828029,540.1559092670406,620.7384922308323,444.42549265985906,434.58617239938656,735.0459742311572,721.1245374244278,763.3083729845413,862.8234601702009,761.8262884790413,793.2815382612345,567.493067448934,494.8803917519252,700.8356034972069,724.3606967045824,531.9112223905676,436.66702384681906,380.47811510817456,397.215763530906,406.8397277853687,350.9489435895346,42.04794873124424,38.63165521792228,711.414394124349,690.567787816969,717.4689988046885,679.4673473824204,679.9159418159466,631.2073038842684,11.177473595385795,0.04512147383971347,17.012920405014597,19.325996074228687,76.88684785096814,61.02541052236632,34.411203463872276,114.50314384348252,699.1687733043324,754.0613503196023,755.8986828695207,739.8302359279198,631.6997201956955,277.80957287340834,294.05997899806863,608.5128542143723
815.0397795009501,874.3261495792505,857.7689887193097,888.7517392587852,475.35982351968454,545.4625335335732,842.7868461121074,838.57537230796,672.5791184318309,625.6764320225501,833.490586164521,758.8923005179753,828.4976264731143,644.8675601511349,673.323108887791,514.7159140885024,782.2345530433113,816.7936653378002,805.5077334108024,816.8034080200196,365.6378602451748,415.98047154744467,837.8408965844269,903.8080290234278,571.423453737928,674.2377441532009,451.17801999255437,420.9167836772071,840.9242550831921,816.6616670584973,808.7382641889917,867.4687585449219,825.339417797024,822.7390226236979,753.1633651069973,711.6415758247836,672.0280234719163,720.3869535658094,517.0849758556911,598.869584201427,603.3478486107998,621.5088474750519,601.0081162740669,758.0104175585706,643.8840108794423,744.8600874476963,631.7383903649228,601.9623051189876,725.0116438957953,712.516751158622,849.4000276500501,703.2425048979715,706.7112568397692,573.4715105271807,490.5310261075916,483.2513435718324,835.4370103984386,925.9130370175398,939.8479449723246,801.5478577354388,906.3927584440812,905.5915118999851,819.7452887205538,944.6237641715219,912.2874235466345,737.152791225633,768.1878633424304,789.5305044299538,833.5948927326567,803.591162918681,803.5900244498038,803.333164715376,542.0316498082713,624.20890814711,445.72190746362656,435.64468899579117,737.996241460081,726.2930689135034,755.687567528258,858.590578351702,755.3314686625397,787.9613683849409,562.9634922027587,493.3547883721193,698.8875051910131,721.3353559348205,532.8209368986242,436.2498703132037,379.99387430337566,397.49063700515694,405.8396974134121,348.88817166704683,41.10588915727459,38.0956427020122,709.9498942057292,685.8900979252185,717.2490061223507,680.9496776442722,680.3773867386292,631.1383978416984,10.725814171340684,0.04210198100794245,16.775202461135354,19.22477272988638,76.12111482612835,60.25722358978644,33.12255830234952,115.45786033307805,700.9943792169744,753.2697543057528,756.0565775416842,740.8879566434064,633.5711155311734,277.9508194217556,293.8497452880397,600.9292576230805
814.098337292812,874.1188301991934,859.1819907788289,889.605063145854,475.8202978311583,545.2239845905985,845.3276164127229,840.1060611676155,675.9585753314349,627.606675628756,838.4732135059388,762.1151611207024,832.7563121134789,647.6684201352509,676.1527420952546,515.9593301627683,789.4154392622094,822.9519083587038,807.5305847518746,817.2867327880859,371.4598472913106,421.03350060780843,841.7252865966092,906.7224106864323,571.3171141339924,675.3400604541486,452.20635554276777,421.7871935367584,845.2081968199532,822.6121558672116,815.1771341959635,869.4901395670573,826.600146406788,821.0810348171658,751.8280390200407,710.3914502614952,672.6527519058026,719.2765226010923,514.278317281178,595.839641013842,603.3548396376312,622.7666583061218,601.6751562375871,761.6202272532676,645.0441181028785,749.0108474876448,633.6501869505101,602.2869884884441,725.3815949809167,713.1807813890869,850.982627360517,703.6356001274446,708.748850681322,574.6902571472467,492.0909370584132,482.867714316921,836.3428951234181,928.1589747534858,939.1035782214632,800.6979041712369,908.4548881331734,907.6579049057884,824.4870858382012,949.1638110125506,914.084954446821,738.0216236223084,768.213403107745,789.3497245354845,834.2420295909711,803.9243306534066,804.8066068425909,805.1105589319448,542.941965435623,623.9948122759403,448.8846106045488,436.3308780294069,738.0530065317623,724.7499918957469,759.8756324281084,862.3443047659738,758.0239890379924,790.8843401222598,551.6896799596151,484.6247646546364,698.7911567141831,722.34157808367,522.1619214675005,435.68752479036795,380.5622955132276,397.82390381857596,406.1511129452349,349.2546005391392,41.234882943735336,38.416005506020944,700.7961771647135,682.7528034792108,718.8893436193466,676.8199821101055,679.565583556663,631.9965334474895,11.09398728425999,0.060474353297441094,16.95884404873078,19.358088285389904,76.07506031025713,59.67512563826336,33.6441322962443,113.6953869637321,725.342978737571,755.4465709339489,752.3428987848679,745.7122327587273,635.581813139074,277.8748786993194,291.422014539892,606.687624174973
813.7066856123058,874.1749406631546,859.2661826987612,889.2579686746179,477.4877272495004,545.8467596513884,844.1338567449208,840.3471526385368,678.291088990411,632.0902462709146,836.8402463401236,761.2117488013373,833.861790115592,648.2799062950891,680.7933400400835,522.499535828607,792.3367086835382,826.923401360496,806.7707080548751,817.8891853027344,367.63725900650024,421.94295164744057,840.8917642348429,906.8708041054862,573.5005181247651,675.4663032070621,450.95297776533096,422.8532070848677,846.0756638724849,830.334605577257,817.2030956839013,870.9335550944011,827.2094805442681,822.329506225586,749.4431614087976,709.1012521766754,677.457621839078,723.1902224222819,521.1409089905875,596.4892467113024,599.5576191886527,625.6080932617188,605.5867188676955,763.1859760013236,644.214603063954,747.8170966265494,636.896981112228,605.1508835779204,724.5136024690444,712.0848236097968,850.9585341999123,702.8891633629079,708.8784102880367,576.3377078841714,490.45278027913076,482.6357943225658,836.4966453560603,927.7649505922088,937.5248396566568,799.3609355142371,905.6966584048064,906.2344618102107,824.3063678333154,947.5588524743853,912.843062101905,736.3690660163105,766.8807711823603,787.0282784776662,833.4131982645412,803.3247008771527,802.5637414605768,803.3256258104668,540.1658636670594,619.4675936347994,445.0690971042799,436.8612821337203,732.6884350385823,720.9475868826585,769.3784660177027,869.1265651157925,762.8598236434761,795.2522741353644,562.3568702570598,492.3141562612851,700.1956464271714,724.5425850233348,525.3784443126005,436.16972152592905,380.1502692184101,398.51644425341,406.6443681794081,351.22630460236223,41.72159134122733,38.37025503013883,707.6051106770833,696.3668787034892,717.9457834661007,680.0914282949801,680.3824044535785,632.5158781597258,10.755895177371139,0.047640850129364816,16.74427693196771,19.294682420223502,76.25567887313841,60.139777492208566,32.523232777913414,115.28917784024688,697.5864979137074,750.7970658735795,752.5710330425493,743.6107029009469,636.0297363879633,278.8235339809928,293.84972048528266,614.6407081340922
814.0883746186564,874.2122822723003,859.229785406632,888.9420642320854,476.544759448739,545.3622633942535,843.4916066643731,838.9191011988863,674.6010239951464,630.2547043464223,834.5742741406449,758.2968544975159,831.686579499809,645.4363510490429,678.5707696753354,519.569603130776,785.616109983616,820.5041507708274,805.3282553501056,816.1994432373046,372.342661274804,433.2373659133911,838.9787354682603,905.765579889691,573.6634455426201,676.0877628431216,454.0110724222594,423.181438697709,842.6683231569687,818.9483827190635,810.4037877681061,867.1928590901692,821.547200089794,818.5078620741102,747.736459483271,711.0850997373282,673.4222627211248,720.6758104960123,516.2067520107541,598.2421000905698,605.2403231761494,627.1273341178894,606.9374431541988,760.9709269446785,643.0975988741372,746.1582539736876,635.5408523535925,605.0677477796595,724.2457358144944,712.679114098423,850.5409396503269,703.7619591139452,708.2663093532682,576.8134265693964,491.43885354250403,483.79557495738595,835.1834649945663,925.4529743912043,935.2011180737621,797.0155428601586,901.9727331410284,902.141729350229,820.0118518327719,942.6187183317334,910.6344876075858,733.3192426043945,765.7408765246694,783.7619802882177,833.3205634196094,803.5653553325168,804.3144411997752,803.3987438014296,540.8951670795406,621.9516276570109,447.2246414405712,435.9094062052982,736.7417652567879,722.7108822897757,763.4300121550864,865.3739220755441,759.9757839802124,791.4620999334926,567.6834603881836,494.4907858953873,698.4636419724787,722.6843365915367,532.9335181741153,435.87003988909805,380.7078023434927,398.39850137937765,407.5259419472948,351.279537751923,41.25754670833703,38.0002609659436,711.517822265625,688.7428112999868,715.8231419324875,678.1308499159317,681.202863193347,632.8012956745175,10.90641152056081,0.05286393693337838,16.681748533491675,19.075674223432518,76.00006648803668,60.70764241590896,32.42380539576212,115.09201043581261,698.7526134144176,756.468076393821,757.6461595368866,742.2454669807531,635.688933727788,277.2576324265254,292.3819201931809,616.9903064596242
813.5830564172378,873.8199443239155,858.5433194299941,887.5516663661516,475.3662289730338,543.6089968127864,844.3078914424444,838.1408702574385,674.8153603028278,626.3806877996101,834.5185843366918,758.1865073976063,830.341863288683,646.8082304218037,674.904634138838,515.2457470953021,782.2701400105988,820.0119769707867,805.5590596326923,815.3158811645508,370.02605877982245,417.21188055674236,839.3723808497749,904.3947622511122,572.6488855456572,672.1517178252503,450.30247463837514,420.95918865998584,840.7309171568672,815.9560748818479,810.9042521799644,867.1938997395833,825.2003687195859,818.6855834282769,749.0147628120754,708.197585324207,669.7660279126944,718.1300875345866,513.8798433031354,595.8472391764323,601.7396870597464,618.5395913124084,603.8158031257373,760.1871403698673,643.6567548755816,747.3200574952956,634.3543374636942,601.8697901172238,723.5134688408144,712.7216643909555,850.077144824093,702.6904314077597,707.7617350522713,575.586303767036,491.2617170797995,482.32687898147884,835.6686530724282,926.176463290497,937.3406254323461,796.5077153504677,906.3514128577191,903.383932204694,819.3886146662068,945.3166356577304,913.6499252888693,735.2554827258568,767.078835218542,787.010009877705,833.1821828951502,803.0180392607799,803.3678597115181,803.4301867875896,539.6509476407953,622.0589520342938,447.20673890044725,434.953642509353,736.5346514592405,722.903174182686,749.3509404608544,857.6039472307477,753.378121211611,787.8136928494794,550.2595924758912,485.34254149347544,696.542886967596,720.8556215525352,524.0853515176212,434.36150268527143,378.9983111239271,397.2115554230574,405.9918712591863,350.0371226557096,41.13138030121896,38.26120731652217,698.6737854003907,682.4625373452396,717.0441189408302,677.9426605949575,679.7534683460498,631.4765826460784,11.058053231420912,0.061089560458505596,16.828946307194787,19.276113134302015,75.86146169353577,59.659146696056226,33.416294468773735,112.71983006672578,697.6159057617188,750.8087058327415,754.6786626009333,742.8950359489344,635.0240233178232,277.776277326701,290.81845810557854,613.0636975518588
813.3174804543379,874.2572670946217,858.8813688117174,888.4140645517296,476.0393324208814,545.888136948858,844.8018256640293,838.6362838550324,676.3525090917033,628.1644943854848,836.3117473571281,762.0952810014998,832.3173872226303,647.9554492027653,678.2659940802636,520.5730007505299,794.164036176781,828.3614836261914,806.4560658685092,817.0894233398437,372.1487881872389,421.2377939224243,839.7412743396401,904.2355680011567,575.3318489484138,677.2119967911269,450.2282082573485,422.28049982918634,847.1282823670585,830.5790791075907,818.1756843306574,871.1093699137369,825.1012652122369,821.3316117350261,755.0896611752718,710.6771773372787,676.6299622657541,721.3438693858959,519.7772558927536,595.2650094193019,601.8589079809971,622.4209485054016,605.040801992019,763.0649833498408,645.2956022492358,749.5677804723817,635.6183243310156,604.4284421614,725.2884547433546,713.1186567338681,850.8880092281479,703.3313230340195,708.6477036240924,575.8883154427303,489.99057518864186,482.36585673829467,836.0055629734403,926.6283172073739,939.2586910873973,799.5973962671761,905.9889782714844,904.0304739405808,823.651115487475,947.0578865946075,915.5609992867086,737.7760754624618,769.1800171498502,789.1074135691466,832.4301692209426,804.0752531441535,801.8713167551401,802.2428221155385,540.2023302130743,620.3654102143787,446.0657222581946,435.7748189576915,733.3500974061059,721.648081039492,769.2686352019614,870.4824338640485,762.762753161434,795.1441891693937,558.7091502888998,490.44282699783645,699.7894202446622,723.5291500487785,524.1647799547981,435.5388013819495,379.82047360793996,397.1558865636978,406.48564758775393,350.9712036177454,42.0984209674611,38.3699861590936,714.1984924316406,691.5899239232984,718.5382962375879,680.3348974555865,679.9506490188094,632.8665886484906,11.163136270336844,0.043215592329700785,17.022671822803826,19.1916563445328,76.14904867014648,60.21588339780017,33.590027252833046,112.51883837230065,702.2636829723011,758.0835371537642,752.613540751822,744.1882658366916,633.5415960573682,277.33729932496425,294.0756776043863,616.8936288767848
815.5489331169985,875.3317315747039,859.3636573673571,889.2650034019197,475.1652196218801,543.5940573215485,847.2432737748844,839.7597196538397,673.9341874025306,623.8941521458175,832.7600839816458,758.4526258710831,829.5709701590432,645.9435623889027,675.9154227681421,516.4490508500754,786.3396484953532,821.3725585889974,807.6190959740416,817.9132120361328,369.98559130562677,430.18993752797445,839.851260241664,903.251710679796,572.1294571167512,673.6555772928091,449.9839650781115,419.7099573877123,842.8131827588352,822.8927097650222,814.0221894031434,869.8984908040364,826.9474718772759,822.4146659342448,756.1079372240149,713.4101645228375,677.4487748335112,720.8364414638943,515.9824854646411,597.0180568766505,602.9864944708152,628.6322455406189,606.1931838989258,762.5566317300661,645.4648217068243,746.4864116802551,637.5374014138683,604.9878935313725,724.9801043479673,713.1652621971198,851.2253664954442,703.7871158590739,708.3576000538642,574.9575402806787,491.9873563091454,482.9024312348149,836.9163533573213,928.2272038625347,942.2628603002165,802.0789053539062,908.7535600612474,904.6638745659764,819.1581858597035,944.0895507796802,915.870478615832,736.7677072189575,771.2548860147429,788.739253743799,833.6813255844602,806.2852408056101,802.8734712686625,802.7042412054343,542.8494061811255,622.1669328697832,445.41027279176575,435.0385293020329,736.9369129118372,722.6365665419962,760.1048259329289,867.6716646466937,761.5678362206937,794.2499706857112,567.9167514419555,493.9470915079117,698.7839546338053,723.1678687454063,534.3329343010397,435.8792246042176,380.74966052919626,397.40799371590913,407.134351612668,351.4619956932714,41.06522803690664,37.992331982719556,704.2724446614583,689.3462183030986,717.071451574564,678.313427847435,682.1866116317477,634.795987938319,10.930580020909762,0.05646804371779716,16.73257197936097,19.14770874594563,76.40874232697826,60.24035551644717,32.359065744611954,115.34409418526818,696.8926447088069,752.8338312322443,759.8894839702837,742.5489177462421,636.2313334147135,277.24581403219906,293.3888799385591,602.8916715424637
817.8157184335107,876.8595051958104,861.4952268112854,892.0569868353733,477.1088700405387,546.8511514110224,851.2283863870892,842.8252329270383,678.1171419596185,628.0096457063174,837.2515668481346,760.1375659882076,833.7551981040993,647.9109313893415,678.3341932676325,515.1416346608262,785.973614588733,821.7536611652057,809.7705733712149,818.3142404785157,370.6207695007324,417.3678804397583,843.9532544685133,906.6890703231569,573.572783711069,673.269685284122,450.38647454614795,423.660361746947,844.1261177782742,818.7881531515239,814.2199660574045,871.1335953776041,830.2173341654114,824.1722528754341,755.4660976244056,711.4759054528662,675.3139157736354,720.9075601365831,514.9756213511739,598.4311519437068,603.1626386798796,618.8556790351868,606.6300556962452,763.8313396869678,646.3445600699581,749.3754644505461,637.6819064794494,604.6850172022839,726.7602444556452,714.8122004969729,852.64116834152,703.9494133187492,709.6368956458942,576.2741997475717,494.87481073037344,485.0663606016889,838.8213274685211,929.1361641232614,944.9499006039638,803.8074545032758,912.681811536706,909.3573186864359,821.0135553109172,946.9526843710692,920.3630619903109,740.5689886417192,773.4733036347739,792.8786789628163,837.5094386787172,807.3156709618331,808.724306776717,807.2065522866171,544.7152917144496,624.5726381772524,446.246088663737,438.1569656586983,739.2968862564837,727.425318294541,753.7139853619515,860.7758113316128,757.0043137064382,790.4590011959411,554.997642211914,485.554411342144,698.7132348585759,722.1797339893587,526.1295120014864,435.6359605005932,382.5955786329384,398.1741125589865,409.23714759181837,351.919618085064,41.96488060758889,38.73952450606432,699.8718688964843,686.6530084125067,721.1023139804602,679.2746770975277,682.1751203270055,634.6792310234387,11.26845579943007,0.05954527659169226,17.12053504016753,19.49615302918246,76.80952596230989,60.32622691484228,35.02582597732544,114.83746726372662,698.5322321111506,752.255126953125,757.2530417218304,746.0309668432308,633.6957648782169,280.24670190455623,293.8077097155831,618.7421169938713
815.8827494471526,876.5403476098571,860.8059610373625,892.8630288416646,477.6923038039097,547.7461003214121,849.4563228935639,843.0131963786673,679.0191141512929,630.1535531458308,838.7467661911879,763.7858917478532,834.8530724657952,648.7066961010458,679.522415132665,520.247972367715,795.2976981068109,829.1047145599542,809.1371660853711,819.5792635498046,376.95616515477496,422.80059134165447,843.4360450645546,907.481608738975,575.9781153988464,675.1440589925745,451.46206249848257,423.6134175591999,848.9380913500515,830.610974573206,820.9561058705248,872.0460388183594,829.2995046841896,822.9651458062066,756.2581296174423,712.0594390501459,680.5878410171307,725.1777923018844,521.8711372358458,598.6829528808594,608.4936288302061,626.1948499679565,609.5125847335846,768.3794142736643,646.8468001295597,751.989695451413,639.729761898025,605.9777552531316,725.240524941106,714.326883438046,852.5806769206257,703.3523691535236,711.8333595002179,577.6618448659485,493.3176465652764,483.80231525713606,838.9148892322219,930.687536071848,944.3450760336725,804.6633022390655,911.2194668048361,909.677204093501,823.5278371641759,947.5396474045491,919.3476990657066,740.714680662759,773.4268055155036,793.4231116125083,835.4534207240791,806.3461941039365,807.5493017660605,806.1112635878266,544.5961198719269,622.289216408998,446.3272377788157,436.63192706040934,736.4977006755892,724.1700534424841,771.7214056786071,870.0746590750558,764.4742892619751,796.8052806156117,558.6697791544597,489.697816157341,700.3605211098288,723.3572482880477,526.9007057414335,436.7448626658224,381.06963158336777,398.16026399317457,409.6866733827462,351.9463091876544,42.053020091358185,38.66665341384649,710.4838541666667,694.8986976752847,721.0473564714193,681.7147427845864,681.914458102549,633.7388230396075,11.029780671882786,0.04576259242129271,17.14047936907017,19.516020527765587,76.65037250682111,60.52813801002408,33.34977184401618,113.26786800693063,709.1363691850142,758.7017123135654,756.5958256049444,745.9942122833638,634.7032889571844,279.1514164648558,296.30068677121943,619.5498630918305
814.9496972670662,876.0499693119165,858.5979535151605,889.7861362472473,477.235884156338,544.9023067014558,845.7110147955879,840.1607717181266,677.3412448678698,626.1026338475649,832.8063323788526,761.4682671955653,828.9880310503532,646.8689828049316,677.0980007411235,518.9586131448485,786.8601243439443,823.2031932304864,807.74565527905,819.5027545166016,366.47138012780084,430.3640053431193,837.8682388151535,902.6138063763815,571.6805485380881,671.5660471025404,450.7166614848606,424.3057803180483,842.9461111392615,824.3164751971209,814.6805298972944,868.8434655761719,826.0716507475255,821.7511716037326,754.2858332094938,713.4972883477268,678.2517251170154,722.7589140997993,518.2625084774835,598.5826421730527,603.2532000932537,626.895815372467,609.4758385741521,764.5795285916441,644.2140492370202,747.112940001906,640.5873135377553,606.7140757520716,722.6402796991409,712.0015911119075,850.7945721790751,702.1442933154538,709.5601281478266,576.5459693366406,493.6238282719895,483.4567495447914,837.3533156061746,928.0782645935261,942.3261575884231,803.3113751935914,906.8548449308976,904.9161877369803,819.3199651408997,944.0097061439797,913.6508630211673,736.0694661374548,770.8118663747659,789.5533305845937,835.0080842668084,805.5039089476865,801.5701496364834,803.0718646440349,541.9390207693117,622.0544693851883,445.54459878672725,435.88826010260783,738.3082690629802,723.5881232423901,760.0148120636636,868.1926967075893,762.9099656320623,793.5936038991364,570.062811495463,496.36187100251516,698.1740313912278,722.5786007821616,532.6402963750503,436.0874119435407,381.67823807460564,397.7485399102799,409.5452692463539,351.7429179322968,42.191823089779874,38.52754056637346,714.5622538248698,694.9506091101695,718.7743404954672,679.3039925001326,683.5414332033114,634.8221100151976,10.877795772982369,0.05579597892032729,16.981257997865505,19.372866068913883,76.54812617562006,60.201213903668815,32.682820320129395,114.42571682088516,701.9424382990056,754.1930963689631,761.3672999439624,744.3561362737341,635.8914139691522,279.2792381205057,293.23191582072866,609.3022476722455
815.9278072280614,875.8686602765864,858.8966291067007,890.4892516725092,474.71434124791347,545.6374153792858,846.8711121958337,840.3765829013256,675.7845672283854,627.7369379624724,832.6448434348998,759.0808308979822,829.1332386730056,646.424952262085,675.4718191303424,515.4679761335217,784.2731738339103,821.0323333962019,805.9324836146329,816.738287109375,371.2229188548194,418.0862640380859,840.6522317421212,905.5478568304153,571.1153214174416,672.2493092882764,450.5904693814272,422.96237195862665,842.474524731906,817.7095801082659,812.8675566745868,868.7477325439453,827.7133827856031,821.5222018771701,752.2096785835598,709.4135894775391,674.0432401816751,719.5400035999439,517.044182913644,596.7253719858462,601.6286853727747,620.1758651733398,607.166603591707,762.8260763448561,644.8206664662507,747.6013421064232,636.7427861867858,603.1419192994391,725.0519010820697,713.457127283046,851.2450508242869,703.2724762327474,708.9987198697078,576.5179514359025,492.0263545079087,482.7419528579751,837.1145936897002,928.7831154763699,944.1017244825096,804.5322160863407,911.9686555945354,908.1359972348105,818.8740463023521,944.8242012934429,915.0210122635116,737.4420853078519,770.6876273613298,790.1654358779978,835.2736546704724,805.536919272407,803.8534007373157,805.0568631906979,541.8658947725909,625.0495281797466,447.8645813430565,437.00421830298194,738.2588425933337,727.2481653997017,752.2032249937666,860.7216764177595,755.0881133390112,789.6439904267617,554.690461285909,488.2180062230428,697.0746988489765,720.5822775642416,527.7638525794534,435.4252292739786,381.0812688761701,398.3556877043236,407.8950214758895,350.84023455051084,41.79107350564165,38.473116002289174,699.8336364746094,687.1474355923928,719.0737239122391,677.9994904433979,681.8853338887067,633.1283163616301,11.026155368544432,0.04837841849981083,17.059393126348013,19.37912288931007,76.38807986584885,60.359718312839824,33.504622273974945,113.47052599402035,701.3049815784801,751.8802612304687,756.163678060442,746.0659042551548,636.1726720473346,278.3213432786757,291.8705406911445,619.6546572981209
814.998315336009,874.973828074908,859.3701334079012,889.9448590221633,477.0709311729254,546.6685779903617,846.6629263120946,840.000587346503,676.6716332484265,627.3237797627684,833.3949274822949,762.131025511121,832.2413488162321,647.7959485804504,677.5176315626398,518.7736238120008,793.7761068479709,828.7399372436676,806.2797821234926,817.5023376464844,373.87625477049085,419.50696824391684,841.8520870236264,905.624005514478,574.1714148621285,676.6462025275597,450.7786880198105,424.6107285486327,847.0118841495154,829.0301742742091,818.5868941980397,871.5555000813802,827.999498141014,822.5821801757812,754.8051250955333,713.1869834072619,679.0523121031371,725.4956636782046,522.8170380762646,597.9796868084968,602.1513944532051,626.4048027992249,608.0286127982868,766.0351155357903,646.3343400191463,751.0649085114574,639.5048085362458,606.4157433076339,724.4692638766381,713.6963820513392,852.3808568157591,703.2980425477748,710.7062790532817,577.1950588582778,492.72921782647313,483.8904392244431,837.0372071114715,928.5557107555645,944.1040949733932,804.3129010226221,910.5689980282991,906.5369918485289,821.0714906465023,945.2755929452402,918.4399649207272,740.1149211299512,771.8166247513857,791.3387557803673,834.2866181537604,804.1057767077704,803.6265811404667,803.7839751321761,543.2918115318369,622.2558609603287,448.2923464567765,437.8098673216054,736.9789913990459,723.6032864265917,768.7169449177194,871.7596806117466,761.8868332493807,795.4687223664963,558.8865125020345,490.2484470717112,699.7973438447792,723.6579888967367,527.5727079952464,436.92571944837533,380.6682255342603,398.69564678764175,408.7227524822809,351.59590891702413,42.14070001103216,38.857854809070716,711.0122111002604,693.3710513357389,719.5085039883852,679.7425827651002,681.6616559987153,633.3499424008694,11.106631958189322,0.05212038449805092,17.26982643423665,19.585610759216276,77.01833618375787,60.51501099312658,34.06544905238681,113.35800066940925,705.0155084783381,761.7294788707386,756.2525468864696,744.6143095764933,634.133721744313,279.85563246931946,296.5368275425651,610.1896162361934
817.5877301825261,877.6322283359489,862.1214039697091,891.9982505433588,478.21865889970644,547.0182705862181,849.3045961293825,842.7818076665351,676.690667103748,629.2652439406661,833.0997852542536,760.6130815566532,831.1074383639144,646.8944361074733,677.0374492440205,516.1749780172154,784.650382380915,821.0376850584416,807.9599911993034,818.6780317382812,368.30849279297723,427.16285915374755,842.9480188763331,907.1161476316906,574.9675529539898,675.7211948436695,450.7980090399473,423.7284236616558,842.9008662385761,820.2356864269868,814.802710105115,870.7608632405598,829.46914194398,823.4454086642795,757.4187420388927,715.5531816597445,677.8855413361268,722.8810149298774,518.7941762975285,601.2667871539512,606.8791053646901,623.1290054321289,609.5029299325413,765.4254760019022,646.1122021688392,748.7761390641418,638.8545130028212,606.4486712675828,725.3773724709788,714.5811464751571,852.3126082276132,703.6926183945217,709.9672198103148,576.8929352853812,493.5291418520532,485.71697575334343,838.386309587159,930.1078203971739,946.6746483302271,808.0131340129738,912.4345540320355,910.8947855720243,818.2753822256666,943.7972267920097,920.5245362466841,740.5590013401145,774.8217982059115,794.1792529567724,837.1980847887173,807.7663781603397,803.9824385084547,806.4523254144387,544.2536558098749,625.4440385562517,444.45642642698425,436.6074665768046,741.8838363397317,726.2535868917759,763.5960264814661,864.815552847726,759.4534610733675,791.8351320532969,567.143126004537,493.0796930797895,699.5308414476033,722.9670658401387,534.1454768910128,437.45426560481104,381.5616561733186,399.0342754376375,410.20544827581466,353.1700618509824,42.233155284730145,38.836308404559674,706.6347106933594,690.4155407921743,718.6482479423285,679.0819819437432,683.7776359965783,636.0254266361153,11.099796550591954,0.060222908192210725,17.148773148701935,19.49039097881884,77.13005029438372,60.92023622212551,33.859079440434776,116.13332883925999,707.6855135830966,752.3032748135654,759.9193166438365,745.7934535545639,636.8264614928003,279.8447802966101,297.04393803712094,611.0578097639412
817.5146986275665,877.2819045673717,861.4803957037636,891.4748661299626,476.9212372447169,548.1838292841401,849.2007676796942,842.470435368964,679.9627387280367,629.1328568927577,838.0401452537475,762.3740243820916,834.5484235315339,647.9082642339985,678.4193752393201,516.5244645942233,788.9024056529547,825.3474407544563,808.7835942703189,817.5344107055664,375.2437709702386,417.9839044570923,843.8913391465577,907.6320408109634,574.1492917010297,673.924810210427,451.8313847958054,424.3310661183463,847.1978741052015,823.4957313820167,819.2503921628937,871.1066583251953,831.5852432250977,823.7872884114583,755.3992346722147,712.4630174751742,676.4701544807871,723.6113334938332,515.6403088569641,598.353202419781,604.4528373343046,623.1543354988098,609.3947885653507,767.296526000398,648.2980976765534,753.0047024342052,639.8090088387166,605.3645210866327,727.2224247501742,715.7392139483757,853.8945540559491,704.5874437379165,710.457833824671,577.2288813777999,493.2151243402945,484.2439946704674,838.8178748541307,930.9766572206108,946.9995604810138,808.2857023919278,914.9446814097529,910.570934307228,821.9223813864799,947.1000730490979,921.5538109736656,741.6650121172731,776.3661876263243,795.0477722951202,837.1168231356676,807.9533867598897,808.0827224319046,807.708637925445,542.9420458592406,623.8693362809879,449.8385732899541,437.02553375673966,739.869288460153,728.090640879271,763.3926170836104,865.5094462803432,758.9116300677888,791.4912073538119,551.5518787384033,485.5269086901347,699.6466209100731,722.8415306508824,523.6754737180822,435.79893506692207,381.27530567968887,398.5695616252747,409.8330409910359,352.3782558592471,42.29174530133767,39.09970738542204,701.8248494466146,681.896948862884,720.3477508872747,678.1033401618716,682.3120283364643,635.0658433722983,11.196091967533759,0.0381351156367196,17.258714454131347,19.61141902027469,76.6746947800573,60.05012275148383,33.79852143923441,114.62087946187924,719.5466641512784,760.0821333451704,758.601671666907,746.9337366804292,638.8829926135493,280.59898704708667,294.5611430081454,618.9870658085264
815.5698443596309,876.433653966345,859.962993971091,891.9126972639228,477.91870121623197,548.0999424542699,847.8525239077777,841.7727257846265,678.878466620129,631.180847420067,835.3974599450585,761.70907799857,834.1844843215026,647.438529342051,679.660814268079,522.558301097406,795.5114050408675,824.9070695642617,808.1385168682114,818.7461921386719,371.3925335672167,427.32633272806805,840.9278907775879,906.4114188845195,574.7821700260902,676.7406893300487,452.3769752333836,422.79314063655005,848.683111802587,830.4155654718846,817.6316452226614,870.0565765380859,828.8909371586169,822.0460786946614,752.174336043648,711.920316029744,682.5334741533591,725.3648373639143,520.4010085974421,598.8021884589606,603.3610829837987,628.2274098396301,613.1076435020992,768.2687904394069,646.2703518734669,749.0262783563625,641.2714174168169,608.4923703753865,723.6559484235702,713.0350954927657,853.200214343028,703.6902107586803,713.0485685887359,577.4642395552466,493.82112428265395,484.6851018978414,838.0769487195051,929.1191815027485,942.246622692174,803.631031624819,909.8384117988918,906.4499091245596,821.3347994836463,943.5449174873132,918.0923049129657,737.2053275268515,771.1539273733504,790.8629145124858,834.6632327668985,806.0425025560579,803.8636428901741,803.6814320048347,543.6294529066173,621.7965863380597,447.18812052408856,436.21060481541593,735.7335052490234,723.0676434148892,772.0887022627161,872.303334917341,767.7082225755713,796.2192917574835,568.436633605957,494.20282976150514,701.3648932183892,724.0388980919366,533.1910765703986,436.57293374798786,382.21353665553033,399.2648030597366,410.14115062016987,353.41932539849853,42.109447763353174,38.503175964185466,712.6629760742187,699.0571258027675,720.3130031824112,680.6381468557124,683.4936494705938,635.1752660793313,11.092036351989679,0.05441057849675417,17.255191749269457,19.500538894330383,77.0228777110612,60.730430259619666,33.607957389619614,116.5979585016475,697.160849831321,758.3857776988636,756.8939747650352,745.6129440114468,636.3469286151961,281.37300136842225,295.98714608857125,619.946878893622
816.0989162620716,875.864423554353,858.4945178309746,891.0557502503414,477.4480372672857,545.9663154099669,846.9666375878115,841.344219198024,675.7589146653,629.3786854450819,832.61772729517,760.0974857511975,829.5774755985004,646.0274977795026,675.2647350154706,517.7353552718909,786.1650953247649,822.8432150235603,806.7561471361767,817.8451295166016,365.5953006744385,419.4631107966105,840.7486169658182,905.6204450698126,572.2143804558908,675.4307480382396,449.39180660774696,421.20330328411524,843.2302322387695,818.8706497004002,810.5909968498811,868.8935847981771,825.3465489532988,821.9761413574219,752.51183816661,710.9690108701407,671.7055797156784,720.3022686993635,517.5937287466867,597.6771805866828,600.8873898865746,621.2521076202393,609.2308523446794,764.6644985687111,646.2615649945889,745.7272624871885,637.728076235322,605.960503012984,724.5526917580636,712.5726743149967,851.0602865387881,703.8418282754944,708.4335466051316,575.5764201715881,493.5426973275523,484.1756055083388,837.0574007232766,928.8567147784763,942.5599648205817,805.3866371676801,909.2589283155359,908.9907297845026,818.6457158359913,943.420057116222,915.3562047588291,738.7299721961798,771.1676212444734,789.6860686893755,834.526605010792,803.9351457627439,802.1987181311255,803.1903739053695,541.8799072405614,623.7392294086935,449.08898571954256,437.29255869690803,740.8978966884926,727.3469562451374,755.6754643866357,864.0343780517578,756.7129615111369,790.3668112089621,563.1615390396119,493.37433412422735,697.2547078472927,721.1878781991127,534.086041618796,437.33315700486247,381.56248973094625,397.8186834358629,409.8018511043947,352.443340440467,42.11820775789238,38.8025067029727,706.1039632161459,684.8094404834812,718.3585851937532,680.1264262220978,683.2826525661478,634.4613271494075,11.423492118936815,0.06370426508839484,16.997546826036167,19.43161932795192,77.27032569671377,61.32731996988878,35.619182666142784,118.33140698601218,700.0322376598011,754.7360118519176,761.5034118242712,745.3117637151404,637.2455082313687,279.17593199119233,294.97783930373913,613.8609303441541
816.8251497342989,877.7337449054526,858.9061695693081,892.0495116549184,475.3562307867893,548.6509348771402,847.2157410266352,843.7695332044236,674.752877522488,630.6647056569574,833.8548482259115,761.749600576976,832.718337973436,649.257495158959,676.4637374178094,519.2441565250937,788.3403301510201,824.8208031511782,806.5773146106823,817.2009234008789,372.725916173723,418.70464007059735,841.8656365310646,907.5391622876364,571.8042971026834,676.2061385270003,451.6738435945458,423.4334409766727,845.2282876068691,822.758474166305,816.0154264354956,871.3482887776693,829.1943010233216,820.9932511393229,751.4757714313009,708.7569216073277,673.9149977898282,720.9829512702095,513.7227859156473,597.3682228688443,603.8475611952484,620.7403545379639,607.8450974594979,765.9761190550022,647.0277958434273,749.8451822375694,637.8987882802309,604.2981060835032,726.8882882025935,714.4850191091163,852.520391809434,705.7330423571934,710.0342758589261,578.4633491319769,492.6192063311277,482.9980232460019,839.9939707393584,932.2838812691194,943.5604907359212,806.3414441116755,912.8628235261336,911.9449896997619,821.5716217694297,947.631742383227,918.876186256978,742.5839149301212,772.862433277623,792.7360554695213,835.6413221419997,805.8077422927098,804.0052978928024,804.4210939251009,539.8293970090533,622.9811117329123,445.55862869041556,436.5113673680265,737.1825143782819,724.9732125309988,759.2566528320312,862.2531171526227,758.5606454140382,792.035167572248,552.3250968615214,484.8891780523459,698.6644311560408,723.0961358920802,523.7911524604349,435.3248835122112,380.87348349101376,399.75345270099456,408.66102804481375,350.5008131228884,41.42804317745484,38.2846486799314,702.7760986328125,685.9798459845074,719.5848174989223,678.3225529463582,682.9870190608289,634.6513440381635,11.044464391811122,0.045738598390447874,16.704202791184102,19.216983661750938,76.08661019489593,59.481892476358105,33.98256458176507,114.27658029514201,722.305908203125,759.0737349076704,755.9822074326893,747.2855545237095,639.1172275917203,276.1983695835398,290.989750381672,614.0135282319168
814.9982416902833,875.8634110412212,860.0157986526399,890.7700484074444,477.220875859815,546.7935279778072,847.2010762506535,841.6393265484749,677.9286476026992,630.3160769196808,834.9117494908775,762.0333828699021,832.4477203133584,648.6737173621954,678.4440258652417,521.9370956450479,795.8709045699422,828.5998732037718,806.9544613425302,817.0577848510742,370.5982590251499,423.37145678202313,841.6827064833428,906.3148371075827,575.0381250880775,678.2031119943975,451.41303339584096,421.00730453597174,847.3683628586103,830.9537372353636,819.778840873498,871.7341872151693,828.1351279565844,822.4207865397135,753.9856784986413,712.900579981057,679.2996043738815,722.2173971953215,522.0308117781367,597.7881007962459,604.037841796875,630.1061320304871,610.6504229042265,768.1364929777751,645.5170877411505,749.4057584980078,640.0295099522457,607.9885394656575,724.3409515073223,713.6502307852692,851.624468028929,704.4426088870412,710.533463037602,578.4142544970792,493.77227609661503,484.40064844979906,837.5299969743141,929.5231981299542,941.4014991555307,804.1502807735278,909.0327199123217,906.7701885677078,822.0845396642655,945.901529272888,918.1069200430344,740.3000360278543,772.1846898464674,792.3436420217923,833.1988902000865,805.3298015278348,801.4478154569059,805.4013197851963,543.5237087284753,621.9991031002688,446.63426584437275,435.6229523134903,736.8985635726178,723.4153562680319,772.7658158971908,875.0283355712891,765.8846335867812,796.7978883905964,566.3607936986288,494.12163609981536,700.6513753647321,724.5498059047253,531.4003437939812,436.37192447951554,380.9435830907896,398.88875264479947,408.56010935466946,351.7057289932668,41.47066619607331,38.30877859863102,711.3457356770833,699.0434715141685,719.529486939311,681.0841501244593,683.513519520068,633.7501240569396,11.200393516288482,0.04006997669736544,16.981073114964484,19.39561496504383,76.91850559823921,60.441332770431394,34.57797720697191,118.97900952179643,703.0003939541904,755.3913785067472,756.126885945365,746.1175137290471,634.8022221583946,278.8893466853259,295.07356854641074,610.9507914576037
816.4789641289109,877.703406097913,860.9878419202516,891.3542936408662,477.3393951770871,546.1324632636139,848.2477230192349,842.751354740224,674.7699615176844,627.0649268153261,832.8587807445991,760.9985911959693,830.5585114493787,647.258452207936,676.8112268602077,517.5670322484473,785.862213857931,822.2256844796216,807.311771261281,818.9945928955078,365.0022992557949,424.5483074824015,842.5535604303533,906.038596652803,574.8671314554065,676.3731330043667,449.7693429599151,421.9738899999195,844.7723626190761,820.5020886079765,814.9318375074331,871.2313696289062,828.1160755480751,823.4589804416232,756.490358037534,713.691336206643,674.259780278815,722.0683633309824,517.6847901344299,600.6657114350394,604.677592793449,620.2168407440186,611.3014078613312,766.4807712500694,646.2579649486747,746.9928627962257,639.8031308316002,606.7219624686074,724.478031846977,713.3352388930111,851.9528276104111,704.3965314945705,709.5062512111236,578.1840728871963,493.44124396296206,485.9230721989455,837.5436932500064,928.6866190621147,942.9810908505006,803.2943762553678,908.026098672618,906.7056193567788,820.2043658615253,944.9382891242886,918.0065424904894,739.0481080445209,773.5789608415258,790.2692060140641,835.8232234784751,804.3477065787131,803.1115957724081,805.0258478883837,543.8659610573305,622.1760890679958,448.29875890759456,436.9249452402894,740.9605130054912,726.6822450250016,760.183097677028,864.708230154855,758.2792527648224,792.4911541909144,563.4377270507813,493.2208967288335,699.4845691294397,723.9639657662239,536.5223926319795,436.91238150506246,381.6889529437758,399.5013356824029,410.0448718903577,352.5697757850091,41.78308353467987,38.78271812733855,707.1600280761719,685.8017267776748,718.8332747668028,679.3728596786568,682.3767600023109,633.5149210810953,11.454623153201904,0.05849995481333247,17.010539406749388,19.329144156979705,77.38621554978333,61.4144481235354,35.56365190611945,117.41831822255078,700.0425470525569,756.7833718039773,760.2606137678928,741.2313170614121,632.8540637446384,279.3839161662679,293.9248356891401,619.609472866716
815.8438241141183,876.7849393276254,861.3847719389817,890.324644749858,476.6167157284049,546.832551751818,846.9136835669008,840.3839451436794,675.5173164148035,626.7660513744979,835.8661596716904,761.6204788450211,832.870690229622,648.1763704728019,676.4665254336685,517.1125846571721,789.9184150876592,825.149417820167,807.1749941361818,818.130609741211,372.4645586013794,421.2007945378621,844.2963042596374,906.3012638394795,574.7819823507239,675.2689449184544,451.14804386960867,422.17634569274054,844.3343084083414,823.261855137201,818.9855795232016,872.3555731201172,829.7492599487305,823.0972195095486,755.3138005795686,712.7455492134554,675.2200955966496,721.3099657694498,516.8175981896264,598.4651302094763,606.1733943751601,625.1528000831604,606.5127084255219,764.5134727875768,646.2482541032489,749.9863632436384,637.8108746007331,604.9503477236608,726.8487792722641,714.2326507047475,852.5252121755975,704.2445988810099,708.6411058913432,575.6592934645859,492.654429005899,485.54010939844403,838.7320400543045,930.2663946195885,944.4785258167506,804.3681879123536,910.8879821113918,907.8720627903552,822.9429588201214,947.4751366352348,919.3133227220222,739.7375367593396,773.7895455590794,792.352546047269,835.7257767209582,805.7943846981829,805.4165981395824,806.4033041782067,543.6137682013556,624.9398238277023,447.5953738447549,437.60557147818554,739.9899814793321,727.6028034637578,757.9835984250333,863.9975945608957,758.1166065552226,791.8421258844888,553.1728386688233,486.897041460673,699.4136019736135,722.5767597920648,527.8166051528033,436.5236885556245,380.1661187564023,398.20862789498807,408.37433131897217,351.1452657324386,41.05326460571572,38.676041898051544,702.4845377604166,685.8583518852622,722.171583533287,679.951296301449,683.7618549143085,634.6662007544035,11.241450459717797,0.040450609744422966,16.996384532115517,19.3187568553133,76.11773259419577,60.130530524157706,34.70506270726522,116.7417467061211,721.6478105024858,763.061728737571,760.8318522408505,745.764626418488,635.146281223671,278.3628541733089,294.2688443732984,621.1660698200094
814.4519205825247,875.6071329598475,860.1397002919817,889.122475339122,474.971839878171,545.0987973128047,843.2565430806218,838.9649915070229,672.602318515583,626.511800336056,835.0460969878407,763.0851299285889,831.2814537035254,648.6508218875298,678.5364296614234,521.1671140927535,796.001775660221,829.3181000975675,808.669846487228,817.6860779418945,374.09407567977905,422.6598362604777,840.8862760689696,904.0434119814918,574.4086229489112,676.9384655585656,450.744561295483,422.46961039967005,848.8572859854069,831.550964882933,818.5256268358606,870.1953072102865,828.5311032311391,822.6867919921875,754.9841101604959,712.9883773987552,680.4250001613264,723.3132431595413,521.3271594899041,598.5135162867857,605.8617258540919,626.6557788848877,608.9417815303045,765.6530794261191,647.1514376574572,749.6042626113223,638.6784803483112,606.5920814734238,725.2677504078034,713.8942769419763,851.852074694296,704.9210819996279,708.2595802101854,576.8780275793637,492.8062477623002,485.9738378459908,837.362364218504,929.2283811525062,941.6449874997396,802.2790559765099,905.8053223319675,905.2046108176407,824.8082211928995,948.7661383672016,915.2099046849493,739.0988316597557,771.9219025343991,790.379447791772,834.479640547637,806.1996620979098,800.2769427600208,802.4323681065293,543.5861513330302,623.4792833204393,447.7265939021456,434.6626036738006,735.1324663005892,722.7813234447939,772.9379908784907,869.5613839285714,764.5691246529649,795.8421551375676,565.1539852142334,492.62773532708485,701.5188875282388,724.820140441938,532.2894600587732,436.78071092526403,380.8449236205779,399.12900214819007,408.8907283370989,351.19016034357406,41.520699587671885,38.3233104365816,713.6398478190105,696.0932151665122,719.897505030036,680.1458033501293,683.1198852383757,633.626896995787,11.350321777007162,0.044437688730950296,17.123929318161995,19.333801727628554,76.55000243348762,60.64089759741159,35.84037076102363,118.43441296325011,706.5200750177556,758.8176646839489,758.6843708217544,744.6854866124406,635.4934824027267,278.03590299790363,293.83564301693076,601.1907927414467
816.1083099113023,876.6863433327338,858.3641616331411,890.8463958193106,474.515989214875,544.3158488997391,844.955889806723,841.199926725347,670.9582890734381,626.3561083781915,835.8388139678211,761.2431527516198,830.7599428808301,646.9380266398554,674.421711571774,517.0036074588671,786.4946362825367,821.2967817474441,807.9611005454228,818.8798962402344,369.0847576989068,432.9425186793009,837.8062808214328,904.2270907447452,570.1633703171894,673.4295312388913,449.1612832928231,421.49873055352106,845.4459024105432,821.290661922502,810.9921126878794,868.0081732177734,826.2332303321967,822.966044921875,752.4186093537704,712.2309963731881,674.1576587828246,720.5201865302192,517.9467373405184,596.8050970013222,604.8651926009381,628.2428007125854,605.5998330830581,761.5965056939148,644.0694632024652,744.9032203607392,634.5078209845487,605.0588917132025,723.8040785881781,711.7144389558048,849.8626694605617,703.8346617420914,709.1403288221145,576.4691882413977,492.8926751897348,484.9336198983613,837.9766541028728,928.5220002653422,939.8673481029774,801.2460610349898,905.6952265067722,906.0517489769312,820.8616155688551,947.4209200541178,909.3099738733092,736.792611755912,769.7990154902586,789.1740267843795,834.6888065702597,805.466826886762,802.9664319356283,803.2852815096495,543.0061647607646,624.1029523048566,447.10294552125794,435.65063927878793,738.2297710981526,725.3638147377869,761.8834605115525,862.9845624651227,760.9553411783387,791.1407748720151,565.7853466288249,495.89768717368446,698.6597094296359,723.043775532094,537.8474450728472,437.13382418017954,380.8616720916082,399.0678289220785,408.8289839866269,351.8998456905037,41.99662843940341,38.785051347275584,711.8756591796875,687.3175633317334,716.9005738198757,680.761599508346,682.0899601128265,633.3837111829837,11.254700535215976,0.05062886902855502,17.113926448049337,19.532489315195043,76.6830083028197,61.008911019421475,35.48922504319085,115.11947298400543,694.4793423739346,755.1308660333807,758.2955273109794,741.1112288462965,634.0472807042739,279.26292652100847,293.97290429924476,624.6570550326643
817.2608788860731,876.4238296759249,859.5827920847926,890.9307585180518,475.03348905873855,545.3758737466165,846.9164540062374,842.7793708314287,675.6010754339549,629.1600714863324,841.2885672716591,764.9500024341402,835.1101089006427,650.6080386619336,674.9579700854288,517.5779119443065,789.0683229274659,824.3590050630792,808.6420217126722,817.9168687744141,371.1333272192213,418.005646832784,840.1913507745036,906.3557373228527,569.9768856557876,673.3761927950513,449.43388111683544,421.88370062907535,845.929618115695,820.6589096257716,811.7363656111589,868.1396071370443,829.5586732767396,824.1887471516927,752.2678323496943,712.5531895649002,672.2955936650347,719.2984473616989,513.4450841035161,597.0606093388818,601.2664234599129,619.1533861160278,603.4229603499647,762.1665796939795,645.5363136812173,749.1915352525767,634.9880377083771,602.9097954209868,725.1351110150737,713.3592378694641,851.0824601150081,704.4769085775199,706.4288808711441,575.5550049286263,491.85285361029116,484.3443153910522,839.1040956929636,930.6700128206501,941.0203175094164,803.0589510871143,909.8646408081055,911.3209477774919,825.4176914786709,951.2227951489358,911.9060287475586,738.9883027797522,770.0753026742614,791.5004081328158,834.3307354678014,804.2778558046119,802.8339790481705,805.0773887634277,542.4235732752248,624.3967561267671,446.22983606310856,435.32980733522226,739.3610009365394,726.6376311116198,754.3982725752161,861.2366049630301,756.662049684488,789.4066453093652,554.0832409795125,485.6850222296516,698.6738033143434,723.298829054674,524.6616341310389,438.11813465868954,379.23980739712715,398.089145512632,408.1847122972657,350.9619462688826,41.709181010640116,38.57649515599942,696.4499735514323,685.9126478292175,719.9561944305897,680.5582006722015,682.6704007990791,634.1446455789953,11.116502267529109,0.02528306176127107,17.054756508424376,19.3471059673445,76.16202447527216,59.989913982824895,34.16686405075921,113.56591672669438,698.6632745916194,755.3026356090198,757.5108898598075,745.5156049124802,634.3036660587086,278.7534339260637,291.60797217397976,612.9079095248518
815.3778552130797,876.4553287631334,859.6698044494557,890.7120707082559,478.16910094327704,547.6930424400738,844.2355257702606,841.544358598425,676.4408694505692,632.2061108233498,840.0367256722799,765.3197783818321,835.8139924037927,650.8444180623723,680.3942727010641,524.7389822538674,796.743446675522,832.2175659391769,808.3439667800377,818.7648556518554,373.3388186030918,421.8995570500692,841.6487557877709,907.8568329584031,574.7216419349791,677.4886105715574,452.36337796627487,423.52066147327423,850.0437643662939,832.3332505214362,818.0447354854874,870.7263423665364,828.5393076751192,824.2925401475694,755.4538988196332,715.3344296374953,677.3298510580861,722.6876270152904,521.0755772590637,597.6126888289434,606.3787504102363,629.0860538482666,605.6714960459678,764.1178324188667,646.050396563615,749.9538153319331,636.178853873379,605.2576385244623,724.8842853761488,712.4729005612236,851.717132669925,704.3735618545436,710.0254481875843,577.1059465735566,492.93148560639384,486.03075690817474,838.212056605996,931.0907178013413,939.2143890883443,802.8384552994991,908.5439225835386,908.8511349537612,827.9713157163848,952.0236218377886,915.6604222539645,740.1430134235734,768.948348005702,790.6986744844863,833.2602055057598,804.96403722605,801.7635702528395,803.3582037003314,542.0387942112914,621.3297444133016,445.8705837968467,437.7263170698999,737.950614053695,723.9168284562613,771.8856149227062,872.5230276925223,765.260670044413,797.928707976697,561.1247696431478,492.65179172327123,703.5402253608871,727.2806140994414,531.1430495318244,438.661392656044,381.2500506080687,399.37300631663226,409.067551900201,353.2019335545848,42.74689505683185,39.17338507632037,713.8367716471354,696.9677961963719,720.2847123220563,682.6543429599088,683.0595378536001,634.2782153290467,11.365185868365714,0.05095089999269004,17.31107345451653,19.641320478555983,77.28252159529785,60.97064823195619,35.92874805132548,115.75244432337144,707.8499866832386,758.8422907049006,755.8599316897809,745.5818966249876,633.2173946605009,279.2285428308604,295.41305898897576,617.6551098001414
816.0371681402537,877.1563647106441,860.0806417022959,891.9536118374402,475.8013702570006,546.4902040362358,844.8642769737927,842.1692884859126,675.3790427227409,631.2013968835112,837.0090873532179,762.4642325355893,832.3960797946204,649.1199264778842,678.0772748040915,520.1988891573166,786.4405364267069,823.1220082080246,806.7752540851461,818.8179777221679,368.1269877751668,431.54278361002605,838.910421820086,907.057067810543,571.9299579690264,675.498348403763,451.8795587529135,423.18269962734644,845.2755013231961,821.4736680772569,812.3024051696297,869.2731943766277,826.1148081634004,823.3464125569661,752.8552291206692,715.4987208354904,676.4627774276397,722.5499341046369,515.2891525115285,598.6411258111732,606.446255793337,627.646164894104,608.5213592828267,764.726869122112,645.0937140479393,747.5044083190941,637.505981565507,606.9497638348932,725.9614763629052,713.3186589769604,852.6944273351243,705.323225503956,710.0207910067297,576.42662265254,492.66030330577496,485.03123777279245,837.9739616368973,930.4990069005224,939.804838343264,802.5145004050593,906.201188606594,908.8284930426712,823.1373471134664,948.9944096474981,914.3595288404778,738.9178548466019,769.7328839010067,789.359886973889,834.9891815671496,805.6744456422922,801.4928750734072,803.3721359753218,542.2310916305682,624.140112938819,445.0549825032552,435.31144263039175,738.1296369208665,724.9046937301446,763.8367945894282,867.316166469029,760.9736754318764,794.1929164288453,571.232867863973,495.138991008997,701.5536112377822,726.6042781478433,538.8362867467544,440.7329456530753,381.96285673572373,399.23631473938815,409.48864935882426,352.63075675146655,41.770355835903,38.459468578916024,708.1420776367188,690.5934944799391,718.3382824361324,679.4431328104632,683.9925995843707,636.0057867745024,11.102356337736925,0.038360704495399085,17.005501113721074,19.451338861198746,76.69645616087303,61.119006725864345,34.189881006876625,117.83813042149825,704.1647671786221,756.2897915926847,761.3201183344694,744.0480379515056,636.6581971411612,279.32189104954404,296.1178414388136,604.957515848094
815.6229894788938,876.1341751946343,859.2886244403054,890.491138199886,476.27834549837337,546.4797406941652,847.0357546599015,842.612542192175,676.2637216217664,630.4486368953204,838.8642978823282,762.8300664810907,833.2313540738402,649.4916310777307,677.2035790391229,517.9370268189878,787.0778473045024,823.0383781737268,806.470670225063,817.6130881958007,369.52254422505695,417.68181228637695,840.8563770883184,907.3576293218704,571.3739931433613,675.1348954609463,450.49476393810295,422.08446784814197,845.2325046467331,819.4396623022762,811.9988022050833,871.4025716145833,828.5790928986113,823.0275903320312,752.5849508534307,710.866190163486,671.9235323599256,720.2447049176252,514.6002246822629,598.7865152108982,602.7177529256852,617.9910333156586,607.2299589647187,763.2541953715103,645.0152606044308,748.7887251056426,636.1058959783601,604.3010272112759,725.6594149312665,713.2645886580616,851.7396694094979,704.2472732580404,710.1521847472598,576.8169099302853,494.35206051660475,485.71357000016786,838.2350243759573,930.1342027010741,938.4574168861299,800.5330085928847,908.2090166042162,910.1932341180573,823.4724929296277,950.3060419530044,914.685360467256,739.844755885829,769.4321492416805,789.7164897411357,834.7955588565511,804.5204431523275,804.4266572900721,805.9962891125289,543.897875654588,623.7301526090283,448.4481815946275,437.4156752035651,738.3379003806192,726.9631133653317,752.061700049867,860.0300936017718,755.7909165305653,790.1293885003138,556.4276333045959,487.8069463030497,699.5267383121709,723.8131775945453,533.3219932556152,438.025242452587,382.2384144269163,399.27554926027557,409.29390964832896,351.66924002320195,41.64062566624651,38.92158986709757,697.1394612630208,687.9436236882614,719.5638051778078,680.2749817878413,682.7761650959044,634.092329197816,11.715438365963852,0.0667288974099965,17.22732743070241,19.512959607855635,77.27844902840597,60.423898197940844,37.72067933612399,119.33937830083511,689.9967651367188,754.2376919833097,759.1617226824665,748.4830559839177,637.7106652353324,278.9115709808835,294.6333532550118,626.8016857278758
812.768728569238,874.766439014011,858.5368660871254,890.6643058503291,474.99652371073876,545.6848570747035,843.1942261600739,841.0519571052714,672.6559211745554,629.6782631756829,837.3252607206019,762.5229157584054,833.0164869776312,649.6190637248731,675.9224358696249,521.6107621782323,793.1443811208716,827.5412174839514,804.4755337009941,816.1564453125,371.94724247190686,419.5673245747884,839.5251029869179,906.3745938558427,571.3616782894934,674.6300494749468,451.15866138395023,421.1818190283245,846.7221771816038,828.2102248957128,817.8318586374518,870.3216151936849,825.260450460143,820.4146720377604,750.6290837826937,710.5759054896344,674.3072294663752,721.892559616654,521.1201996462686,594.5595800135466,601.178385249904,624.7659687995911,603.2822732272602,761.9716686953866,643.2640826350136,749.0519338072392,634.6426794982153,603.6621187083371,724.4789588005312,712.6894336879428,851.0987233312817,703.5533459603906,705.9232400629018,575.2171096614762,490.4963747254485,483.79007002145494,837.091021367519,929.0722085612791,935.9322240883022,799.3068508276573,904.3134873232634,907.6482607770506,824.6481065662629,949.3134665705049,912.1127887555023,738.1155595360492,766.7284006204497,788.0147320511278,833.8197967140538,802.620398084103,801.9781038095285,803.482536315918,540.5710651502696,621.2759705910951,445.83686673813975,437.0539361658231,733.9389638431737,721.3162052898487,766.7332374085771,868.2269624982562,760.70845025892,794.7621734198286,556.4874645614624,490.48742435097694,700.5997129192436,724.0702774393932,529.0058773938347,437.75278058551277,379.65772487735376,398.65207886553776,406.715758991487,349.5632898830126,40.910469922487174,37.91421390805296,707.4070922851563,691.8125801732984,719.6106830090284,680.3695563752187,681.4542667107424,632.7624633900986,11.138877279820486,0.0510434410362332,16.868759629869142,19.19287544454481,75.7003278831788,59.89457198769175,34.219676150215996,114.6842190728468,705.8012417879971,759.4671064897017,755.0493545020187,745.6488927527319,634.6580813538794,277.7382093108537,292.5863855174093,608.5398012358567
813.6811413905697,873.9700554163769,858.7851010752348,889.4856331965838,474.08489493436593,543.4036684972899,842.8920086846836,838.687478494847,671.2508762661291,626.1426921398913,833.7101504007975,757.8145472027006,829.5030196960345,646.6536689050768,675.4375734993474,519.4252417933557,788.2708644776548,820.9802944842367,803.471759869221,816.6188834838867,368.8774275249905,428.0592981974284,836.6806363027333,904.3047016083248,570.4070866969244,674.9823678928417,450.59297376179563,423.09576654434204,843.6732708912975,825.0166852032697,810.840535882264,868.0239436848958,823.1395042548745,820.1584073893229,749.8933880349864,713.1248168945312,674.4731169713226,719.3815184699165,517.896494780268,595.8697442615523,601.7972917400423,624.3856782913208,601.4950777084108,759.2956342651946,643.2417818815927,745.6883184867993,633.2614994620488,603.7121846492474,723.6414054778314,711.9994207868828,849.4907449430174,703.0674058210922,706.5218813943221,574.0235026163214,490.49436227974627,484.2985232766297,835.0261046293662,927.164300236437,935.5015532367945,797.7286504952143,902.8805309395168,902.378846358327,820.6646957164146,945.9014480732105,909.9291966566399,735.0461800831541,765.2467944380942,786.8334623795723,832.6804996174612,803.8741464351422,800.3740653648033,800.5233043608118,540.9740493494436,620.908003637801,443.0705011340155,435.82412633761555,735.1444041768059,722.5303442230858,759.802730479139,864.5529632568359,761.9852961105405,793.163745286715,570.8254014714558,497.5887943869333,699.6760802533659,723.8051953798006,536.3293864979463,439.0686641858373,380.01202864277485,397.8726430159857,405.89171170925243,349.8609539070974,41.39473904225721,38.17776163647203,717.5871195475261,692.979909088652,717.1922005861998,677.85597873705,680.0839778521589,632.0962530849615,11.091307483048263,0.049798308588840344,17.096158977685853,19.46696462525371,76.21790849831909,61.03211746272701,35.00191458066305,116.78419178373673,698.104569868608,751.6167169744318,754.6175381449245,741.252735379376,632.2457879758349,278.91110921951764,292.3510215065696,610.3488406477303
815.4016467818403,875.3498168954945,859.8280936659587,889.4554587740347,475.264538556476,544.6177659737212,845.5521938132101,839.7595835843999,673.4539326015783,624.7399143859989,833.729259304884,758.3775178757925,828.8276537572949,646.5956952523607,673.6295806970169,514.4717597014851,785.1981235883812,819.8709975065187,805.0758665959954,816.3842938232422,369.907487127516,418.49809385935464,838.5195574739795,904.2364140465146,569.9410759191862,673.3210790235918,449.32760195442324,421.4072751932674,841.9608347191,816.827907684703,810.2713990699588,867.8396166992187,827.1819150245796,821.2883565266927,753.5820906929348,711.4955095038357,672.1892286124208,721.089911142985,517.4658488205501,597.4274516016357,602.4841808881916,618.6095991134644,599.5453345122792,759.3435765126305,643.8772834137621,746.8056533434237,630.74124715742,600.586566551582,723.0288458393466,712.4096598656646,850.1730274089362,702.355215903499,707.6920420214734,571.3887368978238,488.72110841646924,483.0148208063041,836.4922292987201,928.1369340673641,939.0218198160374,799.4430301949857,908.2519408250892,905.2661129031752,818.490634556575,944.1531642081807,914.6327513509722,738.4277623759376,768.2679802846708,789.6207372101027,833.098115471518,803.8433739256463,804.6216425852732,804.5268173843134,539.7323617497715,622.6294243882745,447.44287573772925,435.67179806131713,737.1078556248399,724.8934333769612,749.2650743849734,857.6369127546038,754.1199902647757,789.0579889759277,557.1878779729208,492.2539269812902,697.8128988576881,721.5824507145461,531.0050280178294,437.52090884460006,379.9368434905385,397.78304706270563,404.3419516699322,349.13515866592525,41.04940659946361,38.11914974603319,702.2448994954427,686.2844677941274,718.7714003324509,679.0742073102235,679.479428143295,631.3229608885525,11.216236641437526,0.04426191208401212,17.081606565382373,19.309833536350613,76.42365688133225,60.37186020310287,34.79329948955112,113.83402548116796,697.6169655539773,752.355850497159,753.9516327109113,743.0931589633603,633.4454318775851,277.5079095604127,291.62785881215876,622.9367239064184
814.4617272459208,875.180904364345,861.2640994839662,890.6183761353511,475.31360260719475,545.537196578591,846.9414238242746,839.5742926674701,674.1337549917552,626.2671701683373,833.455525064856,760.6925001871018,831.014254195408,648.601935916584,675.1941510338095,518.2830230769686,795.3516764708605,828.670737352086,805.6394487212901,816.325087890625,373.0826850467258,419.5209463119507,842.1660952987781,907.3038624052017,574.0513749322342,676.7514850385896,450.7819357181781,421.7229674259822,848.102919236669,828.1268350483459,819.2164178482817,871.6401039632161,826.8432672791562,822.1682819281684,756.089087444803,712.7382643366434,676.4704354576078,722.2060805426704,519.3643078463418,597.6535773830914,603.9359123355052,624.1397910118103,602.904139089679,764.6462709689027,646.2357655647405,751.1316640530414,633.9758230280285,603.1582162130129,726.2488019481782,713.9800336539221,851.9361306395157,703.8485523901235,707.7409050261493,573.3273568679305,490.8673036072013,484.82213334639215,835.2084355599778,927.9643835491604,939.2852234232761,800.3635166590477,906.9114102968962,905.924276307177,822.8738436917646,946.252790184178,919.7595436323935,740.6114520410542,770.1668700261063,790.044763328966,832.6327365462188,802.736176464439,803.8240314861675,805.4502202018363,543.1658984542987,621.7727988767417,447.79932193479675,435.81636197802044,737.6799884233318,723.7054856169768,765.4512718687666,869.969488961356,760.9087085943113,795.8419945878877,557.1062947463989,490.0713210948308,700.0555556406533,723.5274353382821,531.2023737290326,437.70451611990535,380.79051771391215,398.1613219555854,407.0922070228588,350.71137647785247,42.23897398021573,39.107680752904336,705.7296610514323,690.425763146352,720.737141340971,681.0003598459166,679.8876561560401,632.1480170532077,11.550054554141274,0.05907990517163718,17.30759038469974,19.554728638583686,77.20078854104813,61.16607556845592,36.99801614549425,116.14777514513801,708.6019564541904,760.6713223544034,754.9803765828177,744.1939531157288,632.8606866574755,279.17214073423753,296.02687430381775,604.3826357085129
816.5049252921041,877.859667489023,861.3138518271066,892.5842724226385,475.4177020583042,544.3180350959301,848.2360196841241,841.9412349684695,673.7274193228508,625.29262887259,831.5724567320289,759.2901272122822,828.7343746466661,646.8830741870742,674.2490180707097,516.6844577493501,785.6762058926985,823.0778908909754,806.317245118006,818.4895717773437,371.3451680077447,432.2842436472575,840.2762863577531,905.1257912772043,574.5841805947389,676.1235162714025,450.1662067603011,422.73254239559174,843.2648613407927,821.3849723156587,814.4290427060265,870.3795686848958,827.6380066952463,822.8426977539062,757.6933715820312,715.1282924054617,677.8611876365896,723.6979970578794,518.5491495302746,599.55641972974,605.8259847672259,627.2961730957031,607.7443083013807,766.670703689069,646.4258989756486,748.2850932405706,635.9857005462173,606.1687392488226,725.3787098515418,713.9011511540483,851.906897994082,704.7205497728477,706.6788099656725,572.2737267718595,492.6429928189167,484.72087896533566,837.9758964613782,929.9362226934345,942.6963073306156,805.0847643933924,907.6199621316661,906.8817343627943,818.1981772326549,941.9886871149511,920.1042951897009,740.1719458557916,773.4300147210614,792.2527679103804,835.4408695682598,806.9397964899052,802.9345767734287,804.923204265657,543.4777170583742,623.2430406710802,446.63999341881794,437.16303349884464,739.0737277171651,724.7203807276809,765.1510399351729,868.3583439418247,761.0702690329132,793.0192883396676,570.8145247777303,496.32417885740597,699.8585215714535,723.4546110349277,539.3044007245232,439.7106938461104,380.759274141504,398.3458031589638,407.96960366930944,350.4133484532436,41.61563845777009,38.433011875892625,713.0541748046875,691.8443225925251,719.6998316198587,681.1830489042118,684.8863155957093,635.1766886536242,11.396783979744406,0.051095522001937586,17.224920051406777,19.5455673404646,77.4572044781258,61.151861994847735,36.82610252168443,118.81132975746604,697.8570945046165,753.6288618607955,759.7703011531958,743.198915505711,636.260835535386,280.71394631841724,298.5122643528563,610.7485167404701
816.3642783136829,875.8126440048218,860.8968967614644,890.7429157880198,474.7921117028525,544.4975425430706,847.3624687097262,840.7117615590197,673.3714322654569,624.1411129065225,833.2207957942311,759.9022683400956,828.995379976302,646.9704793723006,673.0857107010647,514.2416297679504,786.0773452831105,822.1878738751839,806.9883734969801,816.306182800293,368.77148821618823,416.3864207585653,842.3332479292524,905.5949825407967,574.0884767003084,674.5544010099474,449.8820210662336,423.5500492718485,842.387994442346,817.2118054048515,814.3704988574732,870.9651601155599,828.9236539420435,822.3782984754774,755.6090408988621,713.9441111001623,671.3861789787393,719.4966303507487,513.8635792051043,597.7932994713944,601.8168927802415,619.1456019878387,604.7029961271892,763.1942948617076,645.3705807827973,748.9979250723856,635.4060421935783,602.2874563423903,724.6101907914684,713.507579772004,850.8099683788599,703.2311400829906,706.4789287071058,573.1396298525381,491.5409336412196,484.25574963448383,838.1461986362085,929.5227501215758,943.0745123792158,803.5954726220966,910.3971361110522,905.954048339603,820.6073022311616,945.8682315967701,919.314367949073,739.9893967446122,773.8015608141261,793.155587618142,835.1168995268026,804.5439665567809,805.7792196531553,806.0742207511527,542.6437475921911,624.2098364891943,447.405389536982,436.26741479148325,739.0003046754931,726.4141108722607,751.6992395279256,861.8141098022461,754.2271598728224,789.6716516893872,550.9590132141113,486.2717846993605,697.1577979299991,722.0541742470642,527.3209102406221,437.60521750329633,380.2879783936466,398.26283227388564,408.6452573713908,351.684880283343,42.00342888613792,39.398460874939246,695.2536865234375,683.0335631289724,720.3397736698389,679.4115306802465,681.3013532604576,632.7600706795317,11.747951344795231,0.04905254327588611,17.632994028954673,19.759294216695917,77.64061768143769,61.06139958124127,39.00191015667386,119.647093408248,695.6682683771306,754.502431418679,758.210428327522,745.3270155508307,635.6009581322763,280.84845087821026,295.7186471404451,619.993618669181
815.5699410286535,875.439058824019,859.6987642158934,889.5064817785742,474.36000438956324,545.9106522287641,845.9614335342238,838.7045026413938,673.5608280191616,623.9037305018941,835.6085175925155,760.5852771577381,831.4150667010613,647.7957423939879,677.5592356724526,518.7371383678011,795.9876662701793,829.5330938231509,807.0439329330035,817.7805111083984,371.60335810979205,422.218244489034,839.1672794512684,903.4220718202137,573.3882223623585,674.9703755431123,449.1354169687514,420.88593726687964,848.7186781685307,831.4777463559751,817.9330781551171,869.7147416178385,826.0189277519614,821.3953554958767,753.5614162279212,710.1543726174228,677.7520019262373,722.273248884413,520.2361324855259,596.9753848443763,604.1667778140209,624.9147610664368,605.9133748468898,765.5475073357894,646.1851289690703,749.5635914230904,634.6983088915013,603.1469049620462,724.145296315224,712.1206110488635,850.3928829670106,702.6985075507365,708.763736177453,572.7582354405347,490.80952060857845,484.17642289897617,836.9323749019961,928.432111342748,941.0758842814304,800.9215235125839,907.7795608785879,903.2508279318563,821.1934900312978,944.0634156529305,916.2626345050869,738.063001628994,769.850835014729,789.0307197988614,833.9045191236362,804.8173316407599,802.0598649377222,803.2754155143363,541.719524558531,620.9188032934676,445.1514417123104,436.6484306227993,735.6167342389216,721.7453856408844,770.744325029089,870.883056640625,762.2938478842549,795.2164251539259,560.7434319814046,492.7179314819972,699.0339402681931,722.2085677225705,533.0953373852898,436.4505763871575,380.32528159410384,397.03654850282317,407.82286247917165,350.7048207669519,42.1480534663661,39.129087408545466,716.4909464518229,695.2649137852555,719.9264968782663,682.5167983818917,681.2370237394143,632.6234246419519,11.628776437946057,0.05302435552218446,17.39531822425805,19.519715542247287,77.67493365668489,60.68541821572048,36.99778691927592,117.27238230144276,706.7341974431819,755.8297496448864,755.118907134805,744.2506721593156,633.9436403162339,278.57666004331486,295.9611186836705,618.6825487860318
815.868275684055,876.4184213503443,859.8238371714117,890.1106571790232,475.0609832408816,543.8445483020374,847.0123843480051,839.8288199371988,673.969570061382,624.1019296138013,832.3514067176881,759.0505932338654,829.3563340254141,646.5420712198805,675.030211452228,513.6033950014682,786.3069881782712,821.8222019442688,805.2386790016145,816.6281781616211,369.0904996660021,429.93158562978107,839.8739939547893,903.8718335287912,570.7017135308051,672.9732351093502,448.4515672546724,421.7307482030657,843.3233711674528,820.3510229793595,813.0895177485748,868.7387455240886,825.657318891105,821.357671508789,754.5967224121093,712.6630112981222,675.491211340816,721.9875540556731,518.3120326314654,596.3297363881314,605.8248768790824,626.2025661468506,606.6431679763491,766.4123314590815,645.0303033899132,746.8093156284756,633.9399205899435,604.5621866312894,724.2000188458351,712.0618901070961,850.613954129213,702.6594547560996,707.3248004827799,571.2372155306387,491.26440965112954,483.3065825241287,836.8762154385921,928.4500850979929,942.7622147883504,801.5361893751832,908.8358610733695,906.8915633751158,817.5737646260393,940.9500151504704,918.2226448628439,738.5374623350702,771.3668635498271,789.8214834993174,834.454024612524,804.1117981968664,802.5494276854369,804.890682533139,541.9489127342854,623.8213185231923,445.9456508470618,436.7018196213413,738.710624069464,725.3694213613929,762.7618109520446,862.9276689801898,758.2149350688832,790.2202296386683,565.328989906311,495.13299245794616,697.7356275297997,720.7428686710788,537.8109511880314,438.8239887793572,380.52490711704985,397.7290643931004,405.6535091217614,349.43762724144386,41.56955411999365,38.4617777289729,708.8955912272136,686.293724965241,718.0833842605352,680.3912453025714,681.4395523265421,632.5966201632997,11.321984485116493,0.04606403651198855,17.11525923574783,19.49089289121413,76.70335412579831,60.98710003693498,36.11557549900479,116.82522000985988,701.1350042169744,753.6853970614346,758.2321967822593,739.7762032038049,635.5384506524778,278.9267918153813,293.8429768591216,595.5282403353987
817.2410030792848,877.3373295947758,861.520232609988,891.1450719035479,475.19885812803756,544.6927954746144,850.6898154334339,842.3005890736681,676.1708562374115,624.9779222128822,836.3263149106406,760.65012711419,832.1159650694649,648.850495833617,675.4957336976161,515.2390454466231,787.0754955707569,824.5528764502947,808.4194568400183,817.3248539428711,370.8099655575222,415.3781047821045,844.3276397022506,906.1766929020957,571.3847843416386,673.9232377377185,449.42919146290143,421.44192967149945,844.3067943644974,819.8185724705826,815.1818307791482,870.6214556884765,829.1923987178479,822.8360994466146,756.5327772057575,712.9909360035356,673.5415567406474,720.5505676269531,513.4184430071285,598.5789031410932,602.4363210709369,618.7402865886688,605.8252418367636,766.1838255968139,647.0887829931997,748.8529072532876,634.7726166740922,602.8432149253525,724.6754340079523,713.184674397242,850.8973917599044,702.4947203899053,707.1600044661038,572.8656795305365,492.24275084107217,484.67276015493,838.2447163977732,930.6981918193676,943.589948075379,802.9038758683831,914.3188962853474,910.0294417027131,821.1924497271897,945.5311322310334,922.7067347284574,740.403655437844,773.8516299425886,792.9344911091185,835.084872980786,804.1694915097063,805.7318313873566,807.3137278947673,543.3130690548398,623.8992845939867,449.69662630385244,437.0153954734265,739.3549604572233,726.0890082521557,752.6687128594581,862.1034687587193,753.9025254815931,790.0980809339096,550.2908007939657,487.1733699004352,697.8927980843094,721.3922521114803,526.7564967660343,437.25679888966283,381.74134053010494,399.02886594720053,409.2005072445158,351.15669113188204,42.15805088208031,39.486413189933316,701.314219156901,681.3001864158501,719.5375697910786,679.64328353761,681.3561488726667,634.579460227985,11.802805242637222,0.05072206447107924,17.5223414121834,19.658206839043956,77.2451568861267,60.85523373479905,37.98232630888621,119.04966071072747,706.2818215110085,752.9755326704545,756.3910676072908,744.2817168416856,633.1286591174555,280.12228463929995,295.11182631868303,619.1966679014008
816.4432347465435,877.8822004867322,863.8282524952565,893.3959049665596,478.02142629623415,548.3465860741479,850.3682345026899,842.7757815356965,678.4372137371374,629.9786549435287,837.8835067128747,763.6968652149988,834.9144534966549,649.7434710655135,680.1213464404813,523.6156428989829,796.039673863994,830.915095978005,809.8929634240395,820.3878447875976,374.65550586912366,423.836066309611,845.3213435912029,908.1283527253166,576.7922924476144,677.3889135318798,451.34970271916677,424.0994398991267,851.7144457259268,832.2841055410879,822.1372973024063,873.145019124349,830.4560021869207,825.0876749674479,758.2160180133322,714.2914597844504,679.3430174436863,722.3475824991862,520.6209018230438,597.7728637095248,605.3007830010085,627.0335192680359,608.0858675246201,767.886054739568,647.0286088448049,750.1208011023482,637.2171156682259,605.7121107061427,725.3740455873551,712.4865139740303,850.7414741574414,702.957768471608,708.8280135526785,572.889951804105,492.93875856869596,485.4873318783878,838.5319775417365,930.4005940379919,941.9511512978803,801.6091166347768,910.2212306147036,908.238053204558,824.7356250074661,947.4905218352015,920.5449605913304,739.1470319855121,773.3499759166428,791.0736999538246,836.5805633447732,806.7244967465901,803.2576746553988,805.6940051844863,544.7993722618173,623.7067522321429,445.930351589037,437.45551095881933,737.9231810022573,726.2051115550441,771.2139866605718,872.6874324253628,764.3544835057752,797.0196897891345,559.8298608144124,491.33056716283164,700.9522958545433,723.9533027484093,531.4620265511905,436.4763862819878,380.8811513724116,399.2566123037678,408.8455778480791,351.9169972846114,42.34798845560376,39.639011654358214,711.1997273763021,694.5020141601562,721.2297806888819,681.6925313828757,683.5590040483547,634.3969716955805,11.634572021816368,0.04604706427565328,17.649838555315405,19.723402826300507,77.97385874638661,61.09642022678889,37.505816009309555,120.36719062749077,706.6271639737216,757.5083041104403,755.4201656059931,744.680852382998,632.7454091988358,280.4148966680493,297.4835291703542,615.422006541285
817.0780321501785,878.1590165754761,860.2453954744283,891.3191362814124,475.69425905804303,542.6709733690534,846.6454175215752,842.5662385916203,674.2871783655517,623.9573829975285,835.8923639747186,760.0127986484104,830.329315931474,647.5308428351213,674.427693473759,516.7077098685518,788.1858772169358,823.6965941273888,807.354905080978,818.829676574707,367.4755449824863,430.94306666056315,840.0592124410522,905.4911048828609,572.4483881246357,674.7167283152486,448.95427088447695,421.1342057916853,844.584570830723,822.5134238160687,814.7588657168892,872.3548756917318,827.568416013556,823.9121166992187,756.27713755732,713.9095302719668,676.7346148385875,723.6824193883825,517.6279564670155,598.4228355893482,606.1263092541304,627.8872771263123,609.5629328224394,767.1181585664433,647.2102644981449,749.1389357081631,637.3447441305996,606.8247180651952,725.8355121797131,713.2744717325284,851.8229356620609,703.609187636577,709.4408925659453,574.541951936834,492.1737193688618,485.0195113843377,839.9031730559935,929.8259951428131,943.9042609175647,803.1749663420063,907.9318655660878,908.3760330026976,818.8884751439459,942.9104672655648,915.8270577388023,739.2663891033609,772.6923091656706,790.1759488066976,836.4630394953831,807.4126381215469,800.8939377037254,805.5252684296155,544.8687044196173,626.2407333572189,444.6153208414714,437.244443221831,739.4501790531347,725.9226818797005,763.065072566905,866.9242292131696,760.9688818628304,793.4856511938144,571.5938017527262,497.1558127657572,698.6257844076283,722.8792076812737,539.5736915363985,439.6120072874352,380.7063025305979,397.7662929989158,407.54160256757194,350.1586985258572,41.29055215181547,38.25163018945942,712.5002421061198,691.8551542637712,718.570545449853,679.743071327382,682.743549046019,634.616842507733,11.273039759335868,0.06871527992533864,17.1501554004848,19.441029873324027,77.29351442059617,60.609106802641946,36.065368043051826,116.96090640040005,699.5876575816761,756.2550459428267,759.0017452368,742.440630755847,638.3871229583142,279.0408663990205,296.2544275341612,607.7119209026469
816.9788396806052,877.5156485673153,860.8142999383697,892.4958583026294,478.682221567908,547.1442690023354,848.1072004339376,843.5703086625768,677.7311713549556,631.5011490043559,839.2534803995272,761.6204759991358,831.6240555647103,648.7955885980776,678.9672919909159,517.0356198635054,785.0065106577218,822.3834584099906,806.7323197112686,817.19309375,367.4223582479689,418.5998817443848,844.8019795933843,907.5993862757607,572.831094796745,675.9517787367433,450.7012654720749,423.62190105517703,842.857900223642,816.9115856782889,813.5175934238384,871.0114813232422,827.768785250389,822.2883426920573,751.6711922023608,710.5406650405332,672.4388375303294,719.2744854114674,513.0687349353518,601.0151060297248,600.8629378021741,618.0519468784332,607.8431875975359,764.5951650176568,647.4927169851605,750.4977886788329,635.1965214127351,603.7909685081536,727.0518664236992,715.226615670839,851.8138930285146,703.8723056911223,707.8949535694892,576.2684285687466,494.5005362498976,485.77760508563824,838.6298396934685,929.3969393968582,942.440757055262,801.2183788489222,910.5757205598251,909.5088673855108,818.930110546427,945.0077211827407,917.1499224420804,742.075258830567,771.5368228312288,792.2753625035451,835.8399893402294,804.01522751276,803.7093001357069,808.3659727377969,543.9004681088509,625.7144109552556,449.2864842069322,437.35180148272445,739.8910134737608,727.2654581030374,751.428601853391,860.6825844900949,754.2969650327018,788.2222434249372,553.968396879832,487.35812701622643,697.1740597163003,721.4944807335182,530.7286856707404,435.6239526388017,383.8602260891348,400.7388963594198,407.6109708047303,348.94093485978743,39.972336080018,38.281453100282334,698.7293741861979,683.4863834704383,718.3907531648874,678.769190900466,680.6405850087717,631.4343542364816,11.714426944232208,0.08868300599753166,16.769692346876425,19.138996166866438,77.31865489997031,60.54934274489361,39.47710869047377,122.4603801054113,696.8357876864346,750.4546397816051,753.0462787807388,745.541897544378,634.6930978812424,276.1746326491498,292.0377928054694,626.0571636331492
815.863421191291,877.1571620209048,859.8833932593093,891.6113891297603,477.0924355351648,549.0448417259114,846.3173848157852,842.0167535140666,676.0429885436077,631.686650198014,836.4118352750453,763.0134446219793,833.4703988914424,648.8902009450472,679.779294796844,522.2571182230271,794.8947040865206,829.8554969008183,806.8856335782457,817.7517454223632,372.6537752151489,419.0389300028483,844.3572211217398,907.7273326752678,573.5710686988232,676.1624819053399,451.2728023423674,421.75127638048593,848.7032195757021,831.9570659119406,817.8444396492065,869.515776163737,825.5654898174738,822.0401995171441,752.8179536238961,711.9366239984352,677.4971460014713,723.2242219712999,521.7483463287354,598.0780422482151,606.4166297287237,625.4193892478943,607.5932504066399,766.2506120871593,646.3827638315727,749.9832326264409,636.0955014780533,604.7450398098339,725.2757359435482,713.2241863505232,850.9192021767606,703.3575831337474,708.0837823671076,576.7430648756962,492.00789675574424,484.97468195492235,837.8794957439844,929.4739036460718,942.0173659231956,802.6999336708107,909.5506019525942,909.3690548972212,822.5398360786088,945.0978078174984,916.5459717707847,740.34145717473,769.7298365790188,790.6159292812639,834.2098138894245,805.6886843686605,803.459330756385,804.7286278146212,542.9994894605164,621.7668479490073,445.91566998025644,435.7669935629401,736.2696833376025,724.3215974040052,768.8202852289727,872.3033469063895,761.5114819172242,795.3648347854614,555.9586719195048,491.0999214831988,699.752139704448,721.7678323942258,533.3897265714758,437.00494474882686,382.76046735141426,398.85755300067177,406.2554789041825,349.7863293161864,40.61005691547406,38.3927597423427,710.4242106119792,692.1362821934587,719.2792519330978,681.0710669124828,680.3439222146536,632.2420444255354,11.631509481763045,0.05610106681749501,16.974799280460882,19.221004766931376,77.53981702456855,60.843744274492934,39.157463524076675,120.78925811543183,702.5769597833806,758.7207541725852,753.6261901855469,742.9006397875049,632.6572298536114,276.4185896902754,294.82860306537515,616.3512004983836
819.3683411869558,878.6749852257545,861.0773019325719,893.2951542827713,475.50893591060196,545.0535494003977,848.2899884860534,844.2564882968335,676.6660703104369,629.9626078214802,840.2732395699354,763.7779368143233,835.219442717616,650.2167515663,678.048444471549,518.5499957087022,788.3300354582439,822.8142338876312,808.0355895469928,819.7852370605468,366.41359265645343,429.0274375279744,841.5981282265843,907.0622630649143,572.6108219186673,675.4180597996974,451.59820548210354,422.3414109547933,846.1610421234707,823.4976500711323,811.7525155775816,867.8168330891928,825.8562049219164,822.413447265625,753.520606530231,714.6977489425475,677.8139678014007,722.9581774958858,518.6463683503015,599.2746213991544,605.9691542328382,629.3208584785461,607.4561545782619,765.9391540961243,645.772749028166,747.9769242325722,637.4466281429795,606.1735121953737,725.3387750810192,712.4702366999517,850.9374493595255,703.9695990980271,708.5718873028263,573.6083013216654,493.2327494130041,484.0876265114536,838.9461983788314,930.5021272125067,945.6070060699084,806.6106356644049,909.8438229237432,910.427114772951,820.6990873470947,944.4508193137715,915.6924873465922,740.581361870433,770.5622132542428,790.7540780665646,835.581871154202,806.1746723322578,803.2904564797341,804.6661563310466,545.0999552875484,624.457538951527,445.968481976053,437.2137425382372,739.6733906229988,726.4109719937273,761.1866416119515,868.0017667497907,762.331316805434,793.0773109347451,571.6367675908407,497.84781685193377,699.2861397915475,723.0214912196284,539.3470104441923,440.3973556701027,381.68511426298454,398.8324230899668,406.1186018004533,350.31421888985363,41.57830889174915,38.29443571175368,712.800771077474,690.58184659279,718.4327008724213,678.6820398693171,680.8403058816458,633.2749393528424,11.365967947893965,0.04920561261199139,17.107843249998567,19.616608953448512,77.0419723065901,60.98833626326454,36.354059086905586,119.55285522517036,699.6860961914062,752.1760364879261,758.4254926643116,739.0518729294403,634.036580104454,278.5988278190295,296.9048310626637,598.7466883166082
817.7396192674513,878.0685808779014,860.0683873887579,892.434684327874,477.1107099577438,548.8425285049847,846.9784479555876,842.9092362099506,676.9925709451948,632.5816099604622,837.5438050681014,762.5893811241028,833.3507273888301,650.4465646029483,679.6799719345511,519.4253536178811,786.9806077423818,822.7060741918824,807.5420038690969,818.68577734375,364.2995391421848,418.0631574630737,843.9990219292358,908.8867780897352,571.7857263425258,674.579847409175,451.66512857089384,423.66822744078104,843.4513996052292,820.7679763605565,812.7965483577858,871.1105167643229,827.702516070867,821.6210153537327,750.6324202827785,712.222281766225,672.1149712785225,720.4249675892017,517.4786439623151,598.3861481741573,603.1251911100794,623.1071884632111,606.5029223968112,764.7555810286535,645.6179058996747,749.2461403210958,635.9818671734865,604.3766895074111,724.8700670549946,714.1825222871171,851.7547086141284,705.1466707727559,707.8650581291438,574.9771236905865,494.07193309470983,485.78926218141316,838.6251419251224,930.8936275155456,945.1079543138941,806.9264384845856,910.4617553312883,911.5389663906931,821.6599265748937,946.1804286423044,915.3321824714319,739.9772676143227,770.8961038545946,791.4375646084505,836.7912903803929,805.4860915294669,803.9663041948198,807.2191461031554,543.9624257218948,623.9562469086089,446.8709608437359,436.8289199614189,739.0175696201012,728.500830812573,752.955183313248,863.5840933663504,755.7473247133453,789.7566156980082,558.1896798769633,492.06176253636676,698.1316859888085,722.6582227744948,535.084355208453,438.02780965605365,382.5112283394362,399.64413406866845,408.91635555089636,350.8619035116847,41.50123987979303,39.05909522404141,700.1006327311198,687.121719101728,718.5606510639191,679.5453545928541,681.5682767523457,632.9131252876413,12.062213981870292,0.06244312787807926,17.321262782573534,19.614484076569664,77.7161649798586,61.48468773233233,39.17515432834625,122.97232571770164,689.4521151455966,752.6221846147017,757.5213258474465,744.7392964423457,635.7728328330844,278.7356707349158,296.14084360816264,631.4265347184806
816.511926572185,876.3163944302183,859.7745489059249,890.9108910427625,476.02589063866196,548.507183594363,845.0734585943328,841.1489944977455,674.65741663563,630.4914861038083,839.6225906310043,764.5605463724288,834.8766587062725,651.6507590801609,678.6548575524668,522.2312349048501,793.3306808110098,827.7620104381016,806.8038807426833,817.1969901733398,372.51199923621283,417.2853619893392,843.7497656355689,909.1200937240843,574.9193691608169,676.1428891276265,451.99206639916855,423.3317950831519,846.6067728006615,827.2967230902777,817.7679527462936,870.7971368408203,827.2302392216052,821.3656155734592,750.6288757324219,711.0891561852881,675.7055122274659,722.3898133171929,520.6975176674979,598.8790971920284,605.2422885582096,624.3755164146423,606.8351897580756,766.2995450711363,646.6061757711647,751.7984335269147,635.5914644997968,604.0744441906055,726.3611764292563,714.0798996046002,851.7101076321252,705.6325446590331,709.3348068100455,575.9789977728152,491.84317790990826,485.0396994222931,838.0288963526781,930.9223128071537,942.7271461692793,805.8388910955605,909.9944884192425,910.8382937699846,824.079303519806,948.7183822113791,917.4035588164828,741.3549948132932,770.2149845991241,791.0745362197988,836.164741613303,805.3959854716095,803.4667113707947,803.6858355412718,545.2179727116855,622.6645375701772,446.2028589663298,436.1340602821028,736.7067698494333,724.0034161959446,765.19084264877,868.7126846313477,759.8056861029731,793.1597412684675,555.495033642451,488.3361790375908,699.808628748587,723.6017889673101,531.8639782176298,438.1896582097353,382.07431821463007,400.37963517665577,407.7103170566577,350.58394620373844,41.31735434984417,38.57027457756791,705.1040486653645,690.208740751622,719.6307479590178,679.5674791465518,680.7220725721985,632.5066632594923,11.73780044816177,0.05325847568197383,17.261815443022826,19.468719651845873,77.09372717678389,61.0661553433866,38.52074661519792,120.75201343087589,703.7767167524858,758.210732199929,754.4603504974571,744.548317052141,631.8832343606388,279.5008327323094,295.0136028130849,614.2935201710668
817.4972223599376,878.112828625573,860.3047968697747,891.6494445800781,474.91851528079013,545.8541964888573,846.4551713037775,841.7687653951442,675.1490479586075,628.5429902311231,838.156300738575,764.5351719810849,833.5360981072611,649.1598978100518,678.8096974927988,521.9402503470334,795.2123671979136,826.9630982978796,808.02581088479,819.883278869629,368.5667069223192,424.7168998718262,840.9005674497046,905.988691329956,573.933165640107,673.9938864550747,450.70266283151193,421.58553814888,847.0886702627506,829.5576515480324,814.7115991947845,868.3250956217448,828.6308267884335,823.0754370795356,750.0059891410496,710.8206632683076,678.2653218407988,724.4201774597168,520.4210181065968,599.3120135332315,606.2299469494429,631.7960267066956,608.449573501708,766.5371596349925,645.4930142712128,749.5879990929052,638.2644117942526,607.7990966126636,725.0076144433791,714.588106910679,852.9356965748653,706.4459729707937,708.9838394541376,577.041278275789,494.5404453355931,486.3269895857563,839.3295340564139,931.6173664905407,943.3466624266129,805.0721732554695,908.2003764144234,907.6200421709073,822.204499130949,946.2955806481004,917.8633119383854,739.0213318068236,770.0806670494294,788.896540830132,836.8079832769504,807.4666224527095,800.2875328751297,802.9517285706567,545.0436517557966,623.0162930839506,444.51441270026606,436.2730124030315,738.1382836513832,724.2023369880138,769.1040948096742,871.5060206821987,765.4703601530229,796.7502482372095,568.7050538635253,497.98952040453753,702.786853560057,724.5743516054135,541.7610214009004,439.63107239210217,382.94202777033206,399.52087327183466,407.2363289142318,350.84265822059166,41.728480904436395,38.8397303565707,715.610664876302,695.0105104608051,719.3495319783688,679.8164660531471,683.03051338487,634.0243846921292,11.679658318385727,0.056753793993481884,17.534527684875837,19.744687662343495,77.58069418951587,61.17045540451723,38.12079615063138,123.23432644675759,695.329268022017,751.2822010387074,757.4213320328885,741.3376009011571,634.4130554199219,280.07577965970626,297.9392860297001,615.5994083799164
818.4375740420579,879.6181287332015,859.8555089199868,892.1804994225977,477.07188712718875,546.7434317554746,847.1675139001975,841.9219846230365,676.6409351387803,628.3570724283574,836.1499282092583,761.5145068274604,831.8989593087093,648.219315236638,678.1609141743598,517.3176978717075,786.3690393818498,823.1163546349915,808.9684737486857,819.5483169555664,367.7797567844391,417.0975462595622,841.0356970177412,905.7933652060373,572.0877438090859,674.8856157784934,451.4587767585206,423.7773581345876,844.5069572880583,820.9957370334201,810.5106887617136,868.6114862060547,827.2002375974494,822.8356041124132,754.6031273883322,714.2901526761342,674.4837412561089,722.5666087115252,520.2616960321154,600.8807378547468,603.3018321052926,620.4482228755951,605.4606069279096,763.2577171868057,646.2561581778991,749.5542811678167,636.6532749972067,606.2429988834408,725.735275003987,715.1635768644271,852.2381694479492,705.993792249883,710.172865401469,576.4717724463519,496.0506028991927,486.42761184019076,839.8412592742686,932.1016029892145,945.0796716661226,804.446642720006,911.8333505381709,910.802614980531,820.190313403395,945.6415113441248,917.8646069996392,739.8856770117461,771.3655464868867,791.2017008034676,837.2531661501356,808.0432913764406,804.7159555108698,805.1257225411837,544.1790574100039,624.8837741339878,447.7137411366338,437.398544956261,741.4462635478035,728.382739561722,756.4962794527095,860.7808271135602,756.7709335093298,791.5783231057515,561.7365586980184,495.3293313753605,700.2535618601391,723.8174654929726,540.9411107231589,440.75838106547883,383.9624994747962,400.20032404958135,408.09122323931047,352.2422687581508,41.635569223543385,39.43322238378541,710.4077168782552,687.5904654809984,720.6586492955685,681.7314479793358,681.517477331574,633.9222538955054,11.844787987347349,0.05818574063617874,17.568984264366097,19.90236504137829,77.71647604570781,61.47474067235085,39.4553070863088,121.18258658577415,700.5735140713779,757.1074252041903,758.4841093536992,742.8934683497948,632.7527995390051,281.1952646500186,298.3148730740403,620.0192523824758
817.7611461220554,878.0605986672218,860.6504874212421,891.8631865968742,475.9653732920802,549.0390446611813,848.4527076402487,842.5530022349257,676.3638246886584,630.4508175136613,839.2396230930235,764.1370156484937,834.4110931344138,650.9992652238622,679.4173530369849,519.4505407620896,792.1219922106413,827.4601772045377,809.9758701543699,819.395123046875,370.9642634921604,421.4529077529907,844.5211000869112,909.1211302015516,573.6122736440904,675.7123510758955,451.27135716222267,423.94233458571966,846.3935282005453,826.4378774383922,815.6202443040262,869.9506022135416,830.0472727630098,824.0378951009114,753.7237946883491,715.3265070168369,674.9256905038976,721.8173231901945,516.7374884911945,599.3827430067884,607.9417454453766,625.3729996681213,604.8071795633388,763.4155653822479,647.2808551310164,752.1969115441306,636.8142043893987,604.352603712282,727.5054328964602,716.1469991409883,853.6724315683814,705.9609468462961,709.7181204552073,576.6199339996366,495.1093461360008,487.1109687528663,840.838194463757,932.9170738105421,945.2108179281906,806.6501243011589,912.9036838962721,911.0056836821115,825.2221120665197,948.2968130072449,918.7208686373127,741.8234914242452,773.7976445085546,793.9219559090982,837.8516949210198,808.154195037336,805.5764650911898,807.05655026045,543.7139320023563,624.6107068082471,447.2943493386974,437.22526485819213,740.6068575499488,726.9985318638971,760.7211966007313,866.069217136928,759.2659397636794,793.6137176869818,553.7319063695272,489.68991833607356,700.650749460716,724.1076985739122,534.2090918148265,440.13913883973544,383.25826319586486,400.06924067407454,408.5556889556614,351.91889466322027,41.76389461303673,39.15644948262819,703.6620361328125,688.9499299647445,721.0009948313236,681.1006912645711,682.4251336638861,634.0095052089551,11.830691360801115,0.05120695783170285,17.464472608571725,19.763933034791627,77.41611131890654,61.35117058656228,39.17863289515177,118.64103990442612,727.1747880415483,762.2765991210938,757.8394584911782,745.859195950665,635.5930989583334,280.84633020246235,294.57021340456873,625.6256208748653
816.8287898292226,877.6026304611052,861.1925235888904,892.292059210667,477.5949996149817,546.8782675777163,848.2807230969728,841.6777555360185,677.6220850847205,630.3891731637423,838.1800373356517,763.4620816669767,834.5888039407354,649.7673811473646,680.7594416532944,522.3843428337249,795.5191575181427,831.1228190038687,809.1096420361165,819.1110928955078,373.6645549668206,423.3484109242757,843.6822430939558,908.0418647584461,576.0801213873618,678.8212431446536,453.18090217548183,424.87099925676984,848.4363338542435,832.0151853961709,819.967928107955,871.2244822184244,829.4226599224543,823.4190555826823,754.0341321862262,712.70056207496,678.6711596518361,724.6044907746492,522.1141375303268,599.4512633562981,603.3089326952324,629.2148804664612,607.5894342320306,764.095000931437,647.8670445849968,753.545325295967,638.808235168457,607.1501374444762,728.1464854578818,716.2540426083849,854.5143280495702,707.8541685841693,711.240219253061,580.8815860561295,494.88623018406633,486.5685833383492,839.7362088791511,931.6438996946371,943.6743212219964,804.4918470928415,910.3136799422555,908.269336410325,824.2185136987529,947.2109160089689,919.1781656635342,741.5417645901673,773.4582949804457,793.5792695030218,836.6233494995506,808.737999763278,802.6717878805624,804.1117687538022,544.3373829552887,622.6101930296267,445.5304709171903,435.890854741486,736.8829443259317,722.5708205353669,774.0664491044714,873.6933114188058,765.9437212889222,798.7253276600363,566.6568912887574,496.4042168331146,703.0603059205715,725.7386671991883,536.5076568154727,439.5665691355075,383.36718602926703,399.99069167456906,408.54548239148835,351.70355654281565,41.24043999670647,38.53958707721436,709.5189982096355,692.2012784278999,719.9362814426422,679.7504871679107,681.7415396032746,635.3189672176296,11.6082233580681,0.062018222070171894,17.24664193773119,19.41797014590785,77.7497826052887,61.26820911279559,38.05353615019057,122.40148008570952,700.4447243430398,753.1146240234375,757.8296844687238,743.5166106405137,636.3273189769071,279.0992826892618,295.08476916226476,600.7764492692619
817.9187835008786,879.2821850054191,860.7128978824502,892.9022439295552,478.7950229023778,548.6084919401577,849.1024980081621,842.7019314315471,678.7906641376262,629.55496671063,835.298399390244,760.9563087342277,831.4696287282744,647.7752807695675,678.204115782211,518.1645272949494,785.9446655562704,822.6072434777042,808.5994602071828,819.0566384277344,367.2431888580322,427.79865131378176,843.0862930099686,907.6345496101985,575.1722819936213,678.6717036111014,453.0079575111853,427.11449416478473,843.7098499514022,821.691850902416,812.4660348166318,869.8005775960287,826.7679041199765,822.3535965983073,755.6889579441237,715.9501357480704,674.4486121627202,722.2881537543403,519.578101669039,599.6146968312925,604.6833215932377,621.3828539848328,608.353104648136,764.2362903757682,647.8898342499992,749.5130897014461,638.4734780295821,606.9928089088494,726.8023624727803,716.0513173128503,852.8090995447362,705.5331744600829,709.5380193257012,576.6674042963514,495.2905194099536,486.80047275427785,839.1004138959067,930.5262702328188,945.1590875621491,806.1987105963601,912.5522068322223,910.7296056026008,819.8017876767966,945.6782803005642,918.9263756595441,740.6642320591966,774.5296286486675,793.4818124097975,836.7595970008024,807.8780439176612,806.034837327562,805.7504061714548,543.4095141209593,622.9856572667242,446.8279407888219,435.4472127565196,739.9309484763223,728.2701470466076,762.6402691780253,864.8499069213867,758.4759407189614,791.936583146206,565.0087778600057,496.4604466656844,700.3776078093945,723.8278752943503,541.9029081681196,439.2862105808533,384.19364572463866,400.1165217825426,409.1759291314132,352.71794093930475,42.083646258153884,39.215191460089,709.6386698404948,686.9363853325278,718.6409292221069,679.3470998134009,681.7177067336842,634.2641205636097,11.934182934309845,0.06239846926872377,17.609735673585426,19.718129968845773,77.93547893185786,62.31418454557437,40.184200432565476,122.57107431748334,698.9203491210938,756.7327925248579,760.3156783340761,740.0260229955745,636.6465014289407,279.8758153016107,299.88365150220466,625.0936616042565
817.3095194378598,878.6033297259398,862.4507524306653,893.1367682346785,476.9166180810263,548.9288727865953,850.13620869278,843.5618972388734,676.8455317750269,629.1630155493001,839.75433746586,763.5637163616362,835.2920215665579,650.6393843276298,679.0958442782882,519.0607430100737,794.063337280852,827.9230288540406,812.4277240782405,819.693287902832,374.2468063036601,421.8377372105916,846.4862374860315,909.3544564625573,577.1131984301262,677.8850435529437,452.7884517690753,426.5001098646058,848.0262333132187,827.5560048044464,820.1366609988876,874.2268202718099,832.7664700524282,825.8352560763889,757.1826171875,712.8099018694406,675.9711482514368,723.4092518841779,515.511582493782,601.4455784001154,607.7107343830046,625.6092121601105,606.3099004753998,763.7981672964955,647.8918398356371,753.2668591939915,638.4206958033822,605.8476055685456,728.8927965687167,717.219060049029,854.0785159660812,706.9173082001732,710.4101449598646,578.961198813775,494.86136956557925,488.2573497969468,841.2049867895321,933.0749519710188,945.9139117411867,807.0921549663982,914.0580045882515,912.1242359324953,824.1451169635178,949.6032267754952,921.7661346321676,743.3599788115314,777.9948285351978,796.4326898517794,838.167445091685,807.4601474993796,806.8286285744057,808.1512576869277,545.7387376837775,625.312961594883,448.53676527824956,437.06621884628083,740.8014323750481,727.8092443695701,760.8097274455619,868.2536708286831,760.521034708425,795.4526664802382,553.2981267547607,491.37108568271003,701.4443938488478,725.530362049965,534.8907966164982,440.4941422072128,382.4847226979521,401.2393071319335,409.8800323268427,353.4971035870413,41.92678494106534,39.92609818914804,699.5351806640625,686.0274503028999,722.2674072086811,680.9051283668069,684.1894370508558,634.9907025288253,11.943225114753371,0.05387359698199563,17.592791045031227,19.861014797343316,77.76907220925094,61.42342121907765,39.04315598805746,122.85818198147942,716.5038396661931,761.6716297496449,758.1868851424864,746.9613197423234,636.8319070853439,281.57666661969404,297.7193723447395,624.1323757829338
817.4812536678742,878.4694760544131,863.8700395690701,893.00154770323,477.4584268747374,547.5614740252495,850.9622694244775,843.2548048758,678.8518723857646,628.2762881158927,839.4547441373995,764.3681607745942,836.8814057207844,650.3321930402325,681.694667258666,522.9016612395459,797.3322497905713,831.2424111635582,812.6578896694257,820.0572269897461,374.3440487649706,429.95353107452394,844.0257538194093,908.313329515003,577.3619631859644,678.9617759054834,452.96838427380305,425.0039084222582,849.2920545182138,831.7004177517362,823.2508164453382,874.6292962646485,831.9458469455525,825.3983550347223,758.9819171407948,714.9461432767201,680.415284413073,726.3982334843388,521.4909150174686,601.2039583756236,604.8024669709753,628.9879097938538,609.9331720584914,767.2184948672616,648.8023863303628,753.3068889707152,641.2682249289899,608.3227543464074,728.3780607992603,716.5803718021539,855.400454750239,707.8061999065775,711.3443287391833,579.0357111575556,495.7638553867967,488.2623916607832,840.3534488740652,932.3848836201208,946.0863417672801,806.7922185524656,912.5065857198964,908.2515617296534,825.027044547078,948.2136423793839,921.0626811127164,740.7383588339932,776.6052802503779,794.491958651987,837.5547201800498,810.4299071085387,805.823119498588,806.8429026994548,545.1977470467943,621.9257281414874,445.5681645490121,436.8995163608605,737.7460332151319,723.8219776707566,769.7093570790393,872.1162741524832,766.6797347671684,799.741261675213,568.4936229960124,498.34683847904205,704.3263268794257,726.2896848771534,540.4382600672104,440.11513697455507,382.33915740902984,399.7674108097181,408.95132428797274,353.61709113359916,41.636819854091165,38.79674684317029,714.0775817871094,696.0612922280521,721.7749497890472,681.7181074392741,683.5780449398904,636.8608293976353,11.479046235394076,0.06322575364675787,17.495618623468943,19.816818694475142,77.87522941477755,61.58697729193235,36.85102830992805,125.3178404639749,701.6311756480824,758.8896883877841,760.2823371631187,745.764714301387,635.8661286597159,281.82637718895023,295.88443927331406,611.9951329724543
818.8978693037698,878.9268895977675,862.0021576036596,892.262098046413,477.1374653483546,546.4078578693526,851.7146228292714,842.6043105754446,676.6954771450588,627.0677966011352,838.4382948216384,761.5516249096582,833.7717831253392,648.8233723564427,678.1414126068798,517.8360853834129,787.7534386512792,824.186616539559,811.8443454070109,819.9284895629883,371.945004887051,420.2097047805786,844.3813106597416,906.3688661787245,574.7279102490211,676.9670085592584,450.5642502083963,425.64124455716876,845.9166944971624,821.1522406684028,815.1955614465428,871.873305053711,829.2431992353019,824.7077520073784,757.4022333559783,714.0176239013672,674.9145197259172,722.9124423839428,519.3746396643775,598.3940520840191,604.7014087614466,620.6606061458588,608.8150995307499,763.9996585213178,647.5372114719455,749.9275799857246,637.8886565236021,606.9634547066855,725.9994936481598,716.4511679987753,854.1050727922791,706.9128452527451,712.4788425428451,578.8230493208941,495.8978895204635,487.9466994338945,840.5314721131508,931.0447142698147,946.739456374496,805.4848369820704,913.3984246560801,908.5709317469289,823.4136510259879,947.9294927071152,919.2768426581995,738.5516528091381,776.9272655133451,793.0493827386758,838.8307865410094,808.9790011242609,806.5600512049219,808.538833305484,545.165048021789,624.7792935722318,447.72855100769925,437.68761003521126,740.8705877085201,727.1389196878647,752.9756885285074,861.0577370779855,757.4700007822322,793.5692697229965,562.5359623845418,496.29919569015505,701.3824043677242,724.4256134069431,539.0813860949348,440.5356910254551,383.48139005601115,400.0682089468009,410.6570055601543,354.1955602247268,42.1835597669253,39.80690621580719,708.3315022786459,683.7492810265493,718.5159051120281,680.4056693633758,682.2569015347624,635.8268843000268,11.923292799993712,0.04212993132295432,17.789296802225667,19.957346396243622,78.32473865001334,62.64082250298472,39.405815839767456,123.46666647406185,694.326454856179,755.7140269886364,760.6661960678613,743.8203924637806,639.4281041762408,281.78083228437526,299.3966134533738,630.2473786452721
818.2200987904806,877.9847297909284,861.7947154731161,891.3364374229158,477.1768586979356,547.8087607387986,850.3114034485227,841.3370551446144,677.6929502292555,627.1104658197185,840.1102420837899,762.7328247130863,833.5634634891464,649.4946062521414,678.9032360333115,519.4685161801485,794.5280941063759,829.5811070128533,813.2180534669723,820.7614263916016,373.5768044789632,425.13594411214194,844.0459713626218,905.7455475822328,574.6815867973248,676.3408653238317,452.45087279008897,425.6132701502906,848.3584838003483,829.9669822410301,820.2292449230284,871.4731618245443,831.3861055535785,824.897949625651,756.5703334642493,712.0301392336926,676.6039747330585,722.5791843555592,520.4885435955865,598.2902117954211,606.3917584028401,624.9544901847839,605.6720298452983,762.465599530116,646.6032160143666,752.4893218871446,636.7883306396894,603.938734134594,726.0636046717244,716.4101191503911,855.0246633556666,706.3265651948975,712.2794190650563,579.3683286133935,495.2322967827426,487.58518620910894,840.5765566371488,932.0155111198072,945.3334980917286,804.9047276138365,913.7265969185207,907.3416280584428,826.1743377778873,948.9273633603697,919.2301595887142,738.7091887262133,775.7369399102886,793.5232648796432,838.6902228677349,809.0209148259453,806.023630468695,806.9928509446441,543.0564615092146,623.1713325533516,446.61554751188856,437.1412815577547,738.4951144359151,724.927459463539,760.9225749563664,868.5258549281529,761.5256371333681,795.7561716295737,556.3749624125163,492.00435953736303,701.5870673427497,724.6466203689688,530.0341862622429,439.0201928977071,382.98380808435223,399.15871014164514,407.73918376496164,352.933290712606,41.480999763366626,38.98739389262126,709.8068298339844,688.6647261280125,722.1742166131735,682.5463824984175,681.064829993794,635.2032710683958,11.540527455812002,0.04499614123875896,17.121102644670547,19.599046841422336,76.45961321358484,60.893288982100785,37.01747960514493,117.42663916419534,719.2436689897017,764.1955477627841,755.675188922242,748.5606677864172,640.358237472235,279.62884124642926,293.6575126358957,620.2124733760439
816.4239108863659,877.8566116082548,860.6784233610355,890.6183555268672,477.0122823049856,545.422053209373,847.996925997917,841.2631147084337,676.5165687483184,626.5131628826016,839.2441613422177,763.7002003563775,834.1100322141042,648.9610720016816,678.5125566786202,520.875196747981,795.7087636649326,828.4953174559381,811.2310594142168,820.0190227661133,374.7358495394389,425.5960232416789,840.0124295937894,904.0691856505379,573.5593530994436,677.6198129234733,451.5793344065629,423.3571289115482,847.6654824310879,831.0906723210841,818.2599807699208,872.1903137207031,828.3956243224063,824.2979740397135,755.1034641431726,714.1147861710514,677.8977784816389,724.0705672370063,519.6498393416405,599.3287198213155,604.4375410236296,626.8685355186462,607.615691745092,763.8285442912749,645.4142394270074,749.4842102820413,639.2287255944299,607.2985406205371,726.0115426894157,715.6732190753008,853.7919483012981,706.4525518273443,711.2239172041684,579.8711918709325,495.67923665366453,486.72797994657975,839.1832996213815,930.5622940957546,943.6412558771879,804.1250354040407,908.0657251241932,905.1691126730835,823.1837946807208,946.6042773713791,916.8729198512747,737.9382505832716,772.6956259693992,791.175700459593,836.9022778553568,808.2765651302443,802.1546100582088,803.8428589867764,545.2556706699756,623.2356427345441,445.9589803944463,438.8687125192562,737.7778515424885,721.6668271899717,771.8336077750997,871.3118406023298,766.0535292059069,797.6222091096541,569.9682216008504,499.5600023460388,703.3550440968921,725.5815175102647,541.9979569379021,440.6781359151382,383.1638749134727,398.2043186118282,406.46800997052566,351.7096337812239,41.281129451672314,38.28098081228074,714.5065551757813,693.8220457949881,718.9696404188871,680.5650405020735,681.8109691901365,635.8463504576741,11.504365725974296,0.06342314242350834,16.98779360983479,19.517092781517256,76.8712680928621,61.36057713514654,36.478302240371704,124.30498041826137,698.2636052911931,753.3998757102273,759.5841447458971,744.612122161479,637.223331526214,278.6790290443521,296.8800730994253,608.6622609105603
819.4881825993165,878.998840158636,860.8104986855307,891.9766728678547,476.5318269818328,547.1515310917582,849.7195059409634,842.8062665249439,676.1219991567184,627.7151286133001,841.4898521609423,764.4331532614572,833.8947329643864,649.6440904709974,678.3853112785378,517.6019387789459,789.066694937611,825.9745576738123,811.8350639635576,820.223833557129,373.28588766521875,418.323463567098,841.7857902824105,905.5927553933765,573.147722933929,674.564664033743,450.141816998055,425.0849148697323,846.9375811882738,823.0468358922888,814.12197499513,870.9895524088541,828.2740756535934,825.087431640625,753.7500331712806,711.6653001164816,672.1340904739985,721.0396631028917,517.9666829790388,599.3888137331616,605.4548599993597,621.128121137619,604.3087021017832,761.787011530727,645.9594501552475,749.8120219526235,635.6096132574988,604.1400271562429,726.0472243893531,715.5479111545596,853.6802397351161,705.5000332730637,709.8496573409692,575.3593447722641,495.0968557161082,487.6472351104875,840.910428718826,932.1373618024367,946.35996985384,805.0256284643069,911.3280496481191,907.204150640463,824.0301745120174,948.4208002051208,917.7089946234404,737.5796283301765,774.5501335728035,792.0085988299239,837.823282812811,809.1863545791879,805.7554490372942,806.6954374469694,545.2097815417369,625.5625557507271,446.98952915357506,438.3969464369223,740.0715839823738,725.5616385432199,755.4994571766955,860.6189934866769,757.7304768470968,792.1239312600694,561.336423886617,496.1804148228963,701.4507922941367,723.8927395572463,538.1378985012279,439.60714436265965,383.2382465961855,398.40633766198613,407.56901733998484,351.2753102944046,40.807002146091556,38.56031797631406,708.7959798177084,685.5397023346464,719.30342002213,681.5639840984776,682.4185522142561,635.6149600712187,11.69846677587147,0.06367963880162548,17.242034648827623,19.621439822138097,77.14831064176697,61.53399939993296,37.56845598750644,121.82586024789249,694.3446932705966,751.0533480557528,757.637497869914,743.4604839856112,636.2920424517463,279.06529231029646,297.00966507738286,633.2871020086881
816.2315001864923,877.8542075446157,860.4770957230104,891.8042394174522,475.75966511659846,546.0314984380467,847.0180522531703,842.6796057843147,673.3162583720928,626.9339162238309,839.4049615317244,765.0745689210438,835.8612042618453,650.2915815568646,678.0602643620316,520.4987598407653,796.7213097161026,831.0874558002054,810.9370799302142,819.4013865356445,375.45679998397827,422.9312633514404,842.2575265353204,907.3365463680691,575.0219913302916,676.0576808216807,450.07606230256306,425.62813450230493,849.9062315742924,832.1799918469087,822.069409788437,875.1714579264323,829.5270330138126,824.1368630642361,755.2983892026155,714.3420970870787,675.9230624967735,723.2141898826317,522.0875811576843,597.4433824632051,602.0252838134766,625.5179862976074,604.8540905969484,762.389244115748,646.3536121506545,751.0024934372707,637.6477064061756,605.1924886736837,725.109840573034,714.2528712141199,853.3623225477211,706.2115892388931,712.0469722662272,580.7356449201995,494.27148606245726,486.16114876444914,841.2143925878853,932.7338607785879,942.6502896735271,803.2984767416405,909.1022885264521,907.5723143302893,826.5208488254373,952.557193183114,917.207601063287,739.0579809859125,773.4184334792448,792.5037289309071,838.2203780982145,807.4189217077435,804.5116081237793,805.9318989613017,544.2729471889111,624.0180263766995,445.4315136895664,436.425273196798,738.9173241286982,724.4458020475396,767.1432144489694,871.6205520629883,763.5264208855757,797.4225860142576,557.029213663737,491.9791812578837,702.3267128494867,726.0681339263463,530.6695316987879,439.13907194008465,381.2357350909927,398.7524311538959,406.3936941911591,351.4802645614262,41.183204703512644,38.97257329802246,703.7779439290365,689.5288241111626,721.0027914047241,682.2412353791802,680.1408423115582,633.608112344532,11.175830437539844,0.04961684864290335,17.137308822019715,19.566783063679264,76.31649474680431,60.90756174170172,35.51953784624735,119.31025227378396,710.3101806640625,763.9198075727983,757.231045306929,747.2560975279989,636.2731290331074,278.83531725720354,292.28489467591953,612.8052552321861
816.5419232257001,878.0746435155772,861.1370512319377,892.7478512463816,477.03472222172934,547.628677879061,844.7597341838293,842.5850780665621,673.0982926719042,627.248876343008,836.2337644003271,761.4098132542201,831.5383866769781,647.2776002065856,680.6217532205344,522.2129956735275,793.0507680883904,827.1065906448617,810.2421929078084,821.317091003418,372.5450037850274,434.8561150232951,842.7211568813132,907.5185558379643,577.1041141779635,679.4411497535286,453.18105223429137,425.16618008083765,847.1948900042839,829.9064183364679,817.6728339408013,872.6939506022136,829.0840560137216,826.1952590603298,756.9014807659647,715.9219312552946,678.1789978296221,724.047405384205,520.6285741499493,600.2118557562096,608.4160466428663,628.7683639526367,605.3631623349493,762.7910919912619,645.1563293515474,747.1829756630791,637.0439467193667,605.9611257006238,723.4265203937407,712.7654128228464,851.0565445264334,704.4135411970573,709.959983073008,577.2839123594995,495.26449391023516,487.96923565969433,839.4712499679114,931.4917611700517,941.0799955590497,803.7785909444821,905.1812463776962,905.8675996416209,823.5408727430058,948.2567533642176,915.1163691620328,739.0258459761469,770.5754452237923,791.5656106375852,836.2060205374554,808.088009744718,801.1990975388536,802.4691855008485,544.4081735873441,624.4826105291194,446.6274093406788,435.0703640790053,738.8238070128394,725.1004757703092,766.0403650162068,869.9854333060129,766.4818542889708,796.7177278323727,572.2844751993815,499.9422170758247,702.0410331944537,725.4578397615909,544.4752997005687,439.87664682641355,381.74700760554214,399.54353742527024,407.7703477544473,351.67817442771667,41.38314077840726,38.98351098276989,719.5645690917969,696.497385833223,719.7258865088224,682.2896334617925,683.1952242475127,633.6328926366233,11.403961336128352,0.06809136236983317,17.36203581880192,19.57164019707,77.39108252544088,61.23910542639593,36.863714853922524,122.98862089830287,701.2632668235085,755.2971180308949,761.1394962592412,743.5968875160701,633.0066309910195,280.68828142107577,298.5393725597497,616.3666397620892
820.6748535804794,881.2087959279918,863.6268004463913,894.8683959991333,476.16506268700886,546.9576770578112,850.2032359872023,845.7864011529151,676.8513187486299,628.9477886359712,840.7893624344492,765.7282112696814,835.2684415421396,649.8865645165868,676.7480181342927,517.3031735692367,792.5116047791395,825.4534102468396,814.9507404707401,822.5766470947266,373.5504025353326,422.0267608642578,843.1662211122278,908.4593508281405,574.2276650673432,676.2875195021157,451.87344307662374,427.80183854368,848.5312541745743,823.9794134446132,815.3270698607437,873.5949936930339,832.9490055148884,828.3691031901042,756.51859820822,714.681909951819,672.9350645090515,721.9614547446922,517.6217689173562,599.3618210853263,604.7516166812084,620.4257583618164,606.6914885777034,764.8944024542496,647.2489983198702,749.8395889683774,636.6423363291527,603.0836333361539,727.146394677316,714.6972591953893,852.0953587092641,704.9063897727721,709.6594362985927,574.4228703461441,493.80181357894446,484.9597186979803,843.6761848474777,936.1345072101664,946.7904533335766,809.6448990328004,914.0015170288086,913.6636628549076,825.5620655678099,953.2443772304205,918.5388453469347,742.5690135998935,774.4785645605473,795.7195560491135,839.264207487653,809.9947952354811,807.0917639173903,809.2957759294353,545.1811554935,625.861115030396,448.0632403829823,437.95826312857616,741.8411712646484,729.96737480955,756.0792898624501,863.1076518467495,759.4432689622901,792.6596628590513,558.3037498601278,492.3990753920873,702.2101716600325,725.1013824398588,537.3291154300465,439.4864579750097,381.53640978193533,398.6400643985661,408.2935643383066,352.68986934796595,41.79696303455502,39.16038286833981,703.1645222981771,686.1333550921942,720.5232438743114,681.9338650250327,683.7972424922099,635.2420285884792,11.308513930413602,0.05777502399006927,17.311236236670336,19.72865196258021,76.77922475228739,61.218847412180395,35.28009298112657,120.58110363343182,707.8194358132102,752.8018055308949,761.1375328934432,744.4557439103911,637.156032188266,281.13356554821917,295.51861431381917,610.0979309082031
817.3765239332755,879.0413173087919,861.8953261585212,892.2557670015738,476.5904819843381,549.2715619632176,848.3118479827075,843.3287840368392,678.2645486131006,630.166359852572,838.1783041605136,768.919408331977,835.6249483216484,651.6497141508921,681.5389960891572,524.1775457149108,799.5483541624241,832.8087458357066,813.235007085106,821.8880483398437,376.91045580969916,426.5152409871419,842.1237307571918,907.4328305380685,575.599546865643,678.3857192154769,452.6116138057814,426.8043988810645,850.4768682515846,834.879040828752,821.8238305119391,873.9721840413412,831.9577127230369,827.2788403320312,756.8253346318784,714.1571778446795,678.9148072902326,724.1932192201967,522.771121442318,597.3002762669481,608.2725707507524,628.8823099136353,610.2050128801475,767.1714135481848,647.6488537653908,751.6433519592063,640.2240581394227,606.7193649665459,725.895807004744,714.9802050534581,852.1072379938271,705.8440397817125,711.9191424964255,578.5870699695512,495.80981903347197,486.7439788257042,841.5890582984014,934.0771160942537,944.6646302328254,807.3537167080348,912.0883825550909,910.6836309928784,827.8311716248866,954.7376278221852,918.5730479795542,741.114889436298,773.7110037851869,794.1179761767222,837.2493498249419,808.7767382879942,806.8625084473206,806.9507061067175,544.1756868974878,624.2112199527361,448.09714076829994,439.1242533938985,738.8016590055872,726.7465269476546,770.074349910655,874.3165599278042,765.7349951440804,799.0697579159921,563.0330248133341,495.58574504295984,704.4518677749297,727.4811859701434,533.0175775191364,440.288660549515,382.68470796989277,400.3225903731279,409.76724371362116,354.6878438945736,41.89881333146076,39.70538801619253,713.7324035644531,695.5319731114274,722.0467992424965,684.085281816543,685.156438036426,636.8200323202791,11.32639067606253,0.052978443147407635,17.455376603002293,19.927817906206965,77.6029158822168,61.404179398541245,36.19246350394355,120.65148443334243,710.3860085227273,763.7551302823153,760.1465845300047,750.6819123859647,641.4845332725375,282.45074385404587,297.0647241419012,611.0841301227438
819.879025870259,879.653415270526,861.0666643249294,892.858709783668,476.80333702619686,546.4827988914082,849.8852307253786,843.9508124039021,674.97472276493,625.7712157397974,838.8109071933158,764.5371661927965,834.1446787734384,649.2398797167458,678.3602879343935,517.3718180384293,788.3164250522993,825.3645869790518,811.4754603740356,821.1383139648437,369.28251552581787,427.06592966715493,840.977206627872,905.7353641873315,574.6102774030875,675.191760791527,450.42955959172536,425.32227375772266,846.0368275192549,823.3923509385851,815.2645185976204,871.0451346842448,829.3395621089612,825.8051534016927,758.2723229449729,715.8679653305605,676.5739357565993,724.1819563971626,519.192997608866,600.9048215173157,607.8668087818584,624.0755653381348,611.0965904330924,766.1954097657407,647.3548581527136,748.1119169380232,640.7396018997697,606.5435154221275,726.2269876064793,714.865082611786,852.7503411311134,704.7359244502046,710.6929232678606,576.0377699253606,496.10005271784155,487.16646896331963,841.142087386968,933.7090506774408,947.2172188233608,808.6217806137972,913.0314309692383,909.9844756249856,823.4014364353378,948.7950430583561,917.1630401041971,738.4857272870781,775.306695324419,793.313990611526,837.7101290757489,810.8132857011826,804.6153717041016,805.5320332636599,545.7430653003378,624.4301488306616,447.58824047143906,437.9173455036862,742.3382288198002,728.2179283047118,765.1551124085771,864.8963819231305,762.0606749085174,795.0102150736593,567.9078951899211,497.1140464381377,702.233122461798,724.9718835274605,542.127103917739,439.6098833041071,382.8518717629874,399.1405577537414,410.86457874652484,355.1464260051896,42.270909069874136,39.79364474591288,710.8340738932292,690.6286745233051,718.8150606006384,681.862305861253,684.9219004507283,638.1750627531691,11.772372664843907,0.07162676641234646,17.451919203154283,19.95907039762746,78.13661942072655,62.33058953232643,36.992266496022545,122.56094049004948,696.6806862571023,755.4482577237216,763.8454030696178,744.827543813971,639.0115969788794,281.36090400867295,299.0050222512447,626.5070737641433
818.7390246971157,878.4740023661142,862.6726885964556,894.1568543179577,477.8289259001266,549.2651783909116,852.0367637692815,846.1142828109416,680.2878806445063,631.2769141040865,841.3964590677401,766.6646323612758,836.3867514530136,651.2818014867876,679.2056004538465,518.9646995428478,792.1198733361412,828.2464017963092,810.146879488481,819.260260925293,375.9259178903368,419.4539514541626,846.0706838302282,909.818395856827,575.9540127284864,677.8049999802977,453.3313510747246,428.93012793858844,846.8514181173073,827.1364107861931,821.729023850809,874.9500394694011,833.1505759287688,825.5333291286893,756.4820484990659,715.1994851353656,675.240327272121,723.7822221826624,517.992304784911,599.2654181776868,607.4092652367764,623.390860080719,611.4711395521012,769.5654735836373,649.7689027347936,752.8913128831157,641.588616916956,605.280027349512,727.4169576706424,715.8439688109233,854.3442962338412,705.7257437283844,709.7522573599366,575.5449874880267,495.5080956322262,486.26279425830774,841.470496036659,933.6926705439886,947.5292775419824,808.979877083655,915.8079750790803,912.5092952081686,825.1823557815785,950.7105334796042,921.5604382984674,743.1981630468554,776.3207728091251,796.6104786333024,837.467740635963,808.2948334414656,807.79470797702,809.4683516455478,544.8598944287781,625.6480983717616,448.62916962996775,437.0953657123404,742.3792539502754,729.1890739979091,761.6522372631316,867.3130296979632,760.5255002135061,794.7888338374828,554.5628914197285,489.21021109898885,701.7794899566583,725.6579618352091,529.0910642736098,439.20635901095636,383.17925369359244,399.8218108510035,409.25929935783125,353.8967816010738,41.5565887118196,39.392729520811784,701.6894246419271,685.2029387910487,722.2976539880037,681.2309186081002,684.3137777391585,637.823001889553,11.575073759800656,0.06054865239119088,17.368846703287257,19.74546957724732,77.1269487432597,60.66509062248552,36.32344298892551,121.08114206089692,720.5525013316761,762.5291770241478,761.4781381491847,750.46491637411,641.0794722613166,281.69988608046583,296.4257836125114,619.3985001136517
816.8699896045671,877.5414230558607,861.865167606458,893.0170459367365,477.7588818483574,547.58489297969,848.4697781796142,844.0671446844872,678.0581905209289,630.00207151326,838.0743387113741,765.2863758692665,835.8865032686787,649.6935223867054,682.3643579957497,522.0839440745692,795.978432894883,827.0162593740165,808.2281986981973,818.9620900268554,374.0655941963196,428.6400644938151,844.7950764610654,908.5222022344195,577.9383189965293,677.4441482837384,452.81862572938695,425.2920461628172,848.528854514068,832.0131989655671,821.0546834149699,873.3918025716146,830.4449191335905,824.5115954589844,756.3905477772588,713.8458560805723,681.7826360626893,725.8927860966435,523.332716192518,600.8414483231105,607.592161585073,629.844398021698,615.2915806089129,770.9042967303669,647.4107501805659,749.7134993034497,644.0566528966605,608.9935157749203,725.1036438603555,713.5039627307322,852.1978538223522,704.1922668412898,710.4379473630623,575.7095296429653,496.6248360620299,487.01471101754817,838.8975041568084,931.8841475027579,944.2777171456788,807.3348258172929,910.4731989719556,908.3529886975643,823.0031633756212,946.9453839902525,919.9997762423843,740.148118090876,773.6439904877309,793.2912945412462,835.573902130127,809.2952385159488,804.0316403706869,806.6651276760414,545.007881514523,624.4949188892975,446.0905850175498,437.65436349788183,738.3389632428278,724.508317622901,774.6459636282414,871.8727525983538,766.3732995804243,797.7984621050608,569.4182629013062,498.2701769344012,702.8731710391947,725.4429210126683,540.8302538254682,439.80630629243404,383.78859384222113,399.76767721086634,410.0642266677525,353.8193170233847,41.79009772332884,39.30091742276246,717.0765706380208,700.8685819981462,722.3975468277931,682.1980683231785,684.6235810102701,637.049088279892,11.351981927175075,0.061126267772029945,17.493744259138246,19.687278906025938,77.41248065767307,61.68839346418177,37.42895121044583,124.95392737669103,703.9469770951705,759.5700949928977,761.8046598498453,745.075010275539,639.9667768291398,281.7401483445837,300.7873054778937,616.7024925495016
817.5907566111091,877.9963726467556,861.7266732668338,893.3170031665331,477.09034221560455,548.9408681562969,848.7529517626621,843.9787468833111,677.8570707574182,629.1943483665341,835.2931530650069,762.0444192492772,831.1337369784687,648.200030809834,678.1089008103555,517.5680908168812,785.7057492224526,821.9556003028769,806.4128363050263,818.8829710083007,371.56382603115503,419.95181999206545,843.4496948660538,908.2807932656909,576.1825553085167,676.5949520016765,451.04701860965287,425.3593195411894,844.4292536321676,820.2588301293644,814.8946737454633,871.430830891927,829.2796814482091,824.6993023003472,754.2264489215353,714.4787321895002,674.5781717846572,722.7733017250343,520.6751905509403,600.4069976806641,607.7067976154265,622.8178508281708,609.131733237751,766.5753081262959,646.3701109379987,748.236848896707,639.2222436242853,605.8272668198272,724.6065307309551,712.8327529231125,851.6832897525036,702.7745671085189,709.4475152567363,574.3670999957066,495.6864414344249,486.1512289036145,839.0927597998528,931.9186590954109,943.6927665417961,805.7662157435354,911.6868591308594,909.4101406634336,820.7092155433212,945.8148417139249,919.3667953263467,739.960395981329,772.8696963280775,793.3147366249179,836.7616964935497,808.409966400315,806.8332193048151,806.7341898308425,544.9159287618935,626.0463900215182,448.236089070638,439.4394359319982,742.8945535128233,730.2101171976303,752.8271925905917,860.7031304495675,757.1830729049741,792.3179633179423,562.1904676055908,494.513861413002,700.0435706890627,722.6974076850576,539.2750579609591,439.7130383362839,383.2835252416941,398.8991655327282,409.4799627324737,353.2029813547378,41.840851161891976,39.51912960013041,708.4309000651042,684.4530981031514,719.7483102530241,682.1944701768693,683.338910362496,635.9704005700743,11.522660000019785,0.061188114082647696,17.33652459696312,19.836402714411193,78.02963273001005,61.66758055925389,36.74631563822428,122.95903792100795,698.1689286665483,757.8727028586648,759.7024343605809,746.2012446922593,637.8464570886948,280.4684706434869,298.5157028834025,624.0498588825094
817.9357978613627,878.7594458743779,861.6815834000051,893.0857158828067,476.20736617154853,548.0714121482202,849.7466470469599,844.5277993774414,677.6831243865344,628.8699777145855,838.5625950262798,765.9810193561373,835.722534493762,650.9522591675311,677.7543119553903,520.0603020096535,794.5127265532435,829.5696582033785,809.0161724273272,818.4898354492187,374.9579147762722,420.83698914845786,844.623311790037,908.5361104692731,575.6035785325535,679.0605002497579,452.7637976335557,427.6438548564911,848.5822964074476,828.3502455723138,821.4663003435911,873.9288887532553,830.4780274730617,825.2636145019532,756.7025926672894,715.4958306737693,677.686792045963,724.8278780336733,521.5865826010704,599.6985867175271,607.0336303710938,628.9641137123108,610.5051831098658,769.6079635981699,649.8735089375116,754.8623220432571,640.458477188733,605.6152687139445,728.8122696292016,717.139132052223,854.5923035218449,706.4888214105572,710.2260155271522,578.2157067527958,495.5953107786433,486.886570770202,840.987823235636,933.0745836937868,947.007761623638,807.8399773511833,914.5905286175272,912.6766760854659,824.3437632522816,949.5079745618405,922.0352808824226,743.7028740992533,775.4898601422149,795.9609558207601,838.2642677938862,810.3660419948852,806.1419253650013,806.942826005279,544.7815620352369,624.6293291364398,448.1277808590212,439.1245203152509,741.4088112252657,727.9560467098759,762.0673594373337,869.9888033185687,762.3923640050194,797.4385804642629,557.3075013160706,491.7233975156148,701.7731434120481,725.6441850798083,528.3727867350859,439.5882217393455,382.75144946575165,399.7586659429078,408.3835044693208,352.28189715405307,41.10587549350586,38.61619010036418,704.0173889160156,686.4998903436176,721.6648393720388,680.1126159952777,682.9817440819194,637.4350778910816,11.144927516009997,0.04502393601255284,17.066686262236384,19.43488645369819,76.21493440194241,60.39094101855912,34.87833735677931,118.84858402083901,715.9679731889205,762.9996393377131,757.6670003801385,746.9692392469962,638.8471814323874,280.30748910652966,296.4469333561984,599.8261902907799
818.4112924983398,879.9170441049519,860.8661994888723,892.7814409324372,477.3080751640852,548.028756754739,848.5121696062405,843.3108829839178,678.1779575980439,628.9443355449399,835.774589414519,763.3199087778727,833.5692084624877,649.8407418119763,681.3334933833696,521.2898655695004,790.912882149502,827.5199912283508,809.0507496070131,820.711486328125,370.3111734920078,431.2425830205282,842.673961314632,906.5272029392303,576.3196227625402,677.7882389341082,452.37814092899555,426.11060741212634,846.7631333549068,828.8192465699749,816.8865143382956,870.6618103027344,828.695050772974,824.7661573621962,754.206112272843,714.6879873620459,682.0739479905183,726.2528704890499,522.095558149474,600.6924852235487,609.2819443999743,630.1175870895386,613.712396647249,769.822513815351,648.5030042122333,750.8688814486676,644.0700720144697,610.060697137059,726.2413782181278,715.671935954052,853.3286863520952,704.8602044265755,711.9801044549642,576.3003113223057,497.9825956093058,487.5826171352703,840.6239788978802,932.1456618507704,945.8855077854757,805.2427985329342,911.3185499373726,907.1062365281832,821.0761017872288,945.2217106760284,918.7684856243987,739.8908177187993,774.4774906132998,793.1741686225434,838.1880345678633,810.0937944275239,805.3577418284373,805.4027307228964,544.6562137428774,624.369996306184,444.8428287229676,437.8507653894559,741.3377978215452,726.9462758930887,765.2714194439827,872.6748842511859,765.7421480960772,798.0680475564293,574.4748420969645,501.280221174558,701.4371277292395,725.3293779251809,541.8202883776496,440.68144631127586,383.41691623309936,400.2556405841807,408.66192527978046,353.6330779014933,41.43936895910021,38.822540944535845,718.6443501790365,698.7327068781449,721.8139791786671,682.0281733085667,684.5628014290303,636.7312816349394,11.367808935865085,0.0763827172314955,17.248174020855195,19.580538891809244,77.20032292554184,61.2951123727115,36.70695956548055,123.73869710810044,700.1492365056819,759.5272915926846,760.3460398424392,745.1767690151553,638.7984948251761,281.06209649746876,296.8729906876882,623.5049301673627
818.3635040247173,879.0353580099163,861.7298671255214,892.6680978113911,476.79102080589115,548.1388264309082,850.6005017995225,843.9628982998462,677.9010080853287,630.4192165966894,839.1032490303846,763.3911068810357,834.0702577986807,650.8097084302169,677.9602536917919,517.4741754981484,787.4580026057095,825.1911420410257,809.5574116323186,818.9462829589844,367.2723768817054,421.6964461008708,844.4140101621333,907.9993818373907,574.2531138015668,675.6736579308143,451.2454801949348,425.8627173900604,844.5898079062408,821.4394046736352,814.4544095417333,871.9835968017578,829.9007053698524,823.771500515408,754.7468840225883,712.1510316779815,675.4942212882021,722.937363659894,517.9220384529659,600.0457146033812,604.723503237865,622.6666824817657,611.1064832552321,767.753659939879,647.0783084800316,750.9439844220702,640.6432036043199,606.6248427304355,725.8686638585983,715.0141208839557,853.4017787395163,703.5540534332845,709.5739564254145,576.3701218062756,495.42366353114056,486.5084795263854,840.8282083467482,932.3098032496594,946.8610332501372,804.1334828037706,915.1248754882813,911.1788388772304,822.6256166043996,947.5683819413675,919.9893047845186,740.6849353572195,774.4901475681348,793.0517594051627,838.0440395379522,808.5636240922285,806.9708132013544,808.3079423122718,544.3874420026027,624.7937168930516,448.5747505961985,438.07028456137215,743.7298233782659,729.9870735896574,752.3801970786237,862.2117527553013,756.8667222238591,792.1986123718609,558.1900826517741,492.71165325164793,699.5835621770783,723.0945213327833,536.8601540733786,439.4802068631141,382.519239710023,399.1100097544429,408.9967052036919,352.9332699629571,41.66588048879391,39.20630871085918,707.8027506510417,687.8331821247683,721.4932266175747,682.8049713238332,683.5176224842023,635.9983864669987,11.549224325710767,0.06794402936680449,17.275005137001614,19.748808280619933,77.55706468261161,61.720679763598135,37.02996799680922,123.79680378296796,699.3391335227273,758.2654052734375,760.5169206657665,746.3881820485561,636.5562160716337,280.0504447849173,296.2021994879751,629.6703485949286
817.9452411962371,877.7554415163368,862.2429357431165,893.933260913864,477.8063910950062,551.057671619313,850.5238088492339,844.5428150063373,680.8607645521358,634.5046406417597,840.0672080807569,766.1133715190584,836.7672815600963,650.585481851931,681.3668143500144,523.9862640797353,797.3259589751185,832.678684313828,808.9598442896116,818.9027615356446,375.94484747780695,420.6154006322225,844.7542508278058,909.1849710676405,575.5193617306454,676.5282755422069,453.0358558148969,426.3316585752699,850.1226430928932,831.9381838198061,821.609525345129,873.1091678873698,829.452406155861,824.2320515950521,754.194983706267,714.589943391731,680.0924693372281,726.234312551993,522.192426945482,600.2515364800499,608.8583083856302,626.9305815696716,611.624438629264,769.675805403723,648.5020125443557,752.4428099805151,640.9289644739845,607.8599869588038,727.1447188500435,715.3206128850361,853.1550710370028,704.0267826565795,710.7205814652378,576.4400951651966,496.02228013099193,487.46504699362595,839.7912851356598,932.3126260549934,945.4216381798037,805.0320962712196,912.666266731594,910.0850776989483,824.748538982613,947.9399802361006,920.9954214523087,740.9399829067925,774.1550929782096,793.496342160274,837.0620604351068,807.5911785989836,805.7810724275606,806.5237333579141,544.5758358316684,624.1218566894531,445.78321462437725,438.2145248198173,739.4462705518379,726.6323306768267,773.920301072141,874.3697553362165,765.0131776013137,798.3138057362308,561.4947071329752,494.51760424782833,703.0696381892402,725.7901450256337,536.0850225785199,439.4065435913926,382.7896254458853,400.04712238897156,407.8924177356305,352.5144128353444,41.248412352878844,38.874570054514614,712.88525390625,695.1436157226562,721.1863217353821,682.3123606340918,683.189612701649,636.1894633379426,11.348344328853846,0.06866873709691895,17.199996123910786,19.613814129466117,77.41919157490155,61.333875539035866,36.59054032961527,122.30579763300278,707.9735884232955,762.1327425870029,758.4169614651059,748.3930725870254,637.0068709429572,280.5168176512969,297.8591178980741,605.3375570363012
819.7008499812066,879.9024936936119,862.1874238693473,894.3237331739934,476.8042006026867,546.6064054455076,851.3783126011529,845.2310492268015,677.3824207831402,628.1855152298192,838.3880381080194,762.4492563156855,834.617361274837,649.500723692087,677.504414370997,516.5230229770575,788.2811587365318,824.3826153397164,809.6446218380983,820.7968294067383,370.668931166331,431.566011428833,842.4251915407388,906.7358416905479,573.0377652632628,675.5157533477951,449.84155846695876,423.93647474712793,846.0853196629938,823.3642940568335,815.431152984539,871.5212422688802,828.8501757605601,824.508723280165,755.1523169476053,714.8832147437406,677.8171573588502,723.116123482033,520.9826392105648,598.9605885052056,608.3241522116739,629.0387687683105,612.2301742637915,766.9496896752814,647.3313285341502,750.2609158789205,641.2589062449854,608.2154562723387,726.5475286975984,715.5458202173284,852.9717591180151,704.6146360806057,709.9692004421901,576.1540647394517,496.2615229435543,487.2718849283096,840.9238988201563,931.9154695559431,946.6134088332916,806.7491701190512,912.5787481556767,910.1713927710326,820.612612663059,945.3976624571247,920.0414400812406,740.3029133885406,775.150534963072,792.6658807019696,838.9208660004246,809.6790422471189,805.4413851488817,807.4855606204173,545.4610900878906,626.8193161208908,445.93301236802256,439.7457675127916,743.0420459684779,728.9072637914128,766.58109234749,868.7340981619699,761.8310434334123,794.9207977965392,570.0734402211507,499.5679467805227,701.3663855666106,723.9081741434443,541.8194475061753,441.8699463851185,383.2102044819233,398.9091887377442,408.5471852563878,353.0398104197062,41.137480693468305,38.72196761084911,715.2511311848958,691.3903668937037,720.521635055542,682.7536057347086,683.9687079121442,636.6101511369999,11.26106199440485,0.058178063406160586,17.285956986001537,19.84510370017433,76.79985409834471,61.45785354412291,35.35339959462484,122.84695866528679,704.5582053444602,757.5402820933949,762.8629439181129,744.6808904333959,638.9795873305377,281.48374369269925,296.86944338769626,621.7327980830752
817.4043145658275,878.1219586121915,862.5325785669787,894.2242550792922,479.038028397671,550.5276153343065,851.2995613664008,845.3377512765438,681.6900099929499,633.3762938688036,839.3747691953085,764.2547909933423,836.7739980314853,650.6079513114473,680.3953120067938,518.4200810599268,791.0433563666321,827.1248998008297,809.9007990716518,819.467294128418,377.1675587230259,423.32676213582357,844.1562978901388,909.3705814603775,573.594221090147,674.8495112618248,453.363965092443,427.8271458281411,847.1844813508808,825.6741651746962,819.1019392839567,872.970332438151,830.773809659279,824.2164222547743,754.8943054199219,713.0007467614599,675.6927487545602,724.1884726065176,515.2667227557728,599.4945715572057,606.967496027712,625.3702216148376,606.8338055960716,765.3556832408453,647.1902526547318,752.9525930365623,639.8425878000653,605.4922850248697,726.1206793631277,715.535406881763,853.2640448831684,704.6171507513978,710.0097755808466,575.0725038974892,496.87840968508067,486.82778542277856,840.9122056073192,932.5121489321745,944.9458259063457,804.6422212906671,913.8050603717306,910.9805624230394,823.8058297160204,946.9411191979553,920.4790571412044,741.3098173406389,774.1825895812739,794.6680584313641,838.358797644354,808.5248828698259,809.6817752047702,808.7334912409548,545.3324840440663,625.5458568226207,448.04374938080275,440.06155524455323,740.5558406642226,727.6764842939575,760.2482884183843,866.954237801688,759.8627955703444,794.6148949277006,553.0065454991659,490.4029923882087,701.4894390223835,724.090102082672,533.3778743070715,440.7414598533823,384.0702771285335,399.5534452873063,408.21322041219304,352.72209084236994,41.411969626976145,38.946955650046064,701.3356526692709,687.499779652741,722.4432229101658,681.3283609394574,682.3284539181465,636.9266457312848,11.588400666228202,0.05142564054716516,17.231097367728193,19.700746946785408,76.36600803886098,60.712504375911244,36.07882518238492,119.11642472884235,711.3092595880681,763.2991577148438,759.1302164576998,749.0249168299422,639.1593840355966,281.5632695367462,294.041303692442,624.0471359779095
817.3316935029193,877.8191971586208,862.3437841463033,894.4758221751665,477.45522393514943,548.5846387403352,851.1271318726731,844.9204577961374,679.049498966762,629.4843918622518,839.7290944045152,763.5420921688988,835.5093771409416,649.827781334097,679.6392410762274,520.9376736160543,791.5330341935722,825.3889718610187,809.2153372052072,820.2687772216797,375.0448698467678,427.1954864501953,842.8276981172107,908.1895840962728,576.4901624699538,677.9455364877051,450.87678483573114,423.98741279708014,848.2203374898659,830.2913804796007,818.0842801792415,872.0366528320312,829.4319239470918,824.109850938585,757.4247532056726,714.3816732383636,682.5208074762958,727.5949585526077,522.3260842561722,601.9612080863352,608.0486230068519,628.0682735443115,611.0538852120203,768.1428462747149,647.2105611506279,751.178839005922,641.0728566469239,608.4789736354268,725.0221138823417,716.0809116669415,853.4913068514226,705.1408448986843,711.5428043758923,577.7875240316578,496.51021952601565,487.541216648481,839.5526620587018,931.997786199605,944.9586988041262,807.8154181051881,910.7738150555155,911.0743389006186,823.4260408827289,945.0091855241438,920.460460890585,741.919890461889,775.046638137303,795.2532767641756,837.8105711724348,809.062308211353,804.281576414366,806.4133785435411,545.5269886681793,625.1375555393499,447.13866855787194,437.71686220840667,739.5656275514697,725.5120736909605,770.5510708423371,871.2213298252651,766.8640652360588,798.7501031529179,570.4873785400391,499.4515841023127,702.3593679722185,725.5967093483109,544.2394781224868,440.77907544180806,383.84880369113915,399.37107034498234,409.5255757787333,352.8956601322582,41.6839949703065,39.61944597189819,714.7259195963542,697.3134165618379,721.6447426080704,682.2990428009724,684.5724245998392,636.5753762727845,11.51961489884477,0.05610870836751053,17.393701705789674,19.841250844475535,78.09547941655504,61.87682887310943,37.98141071531508,127.3229998139774,702.9531693892045,756.4796808416194,761.8231326109611,745.9568595403357,636.5009616029029,281.1263968829523,300.395890936707,612.781824572333
818.9974960453254,880.0927566759514,862.1845678086797,894.753833618772,477.7276510682217,548.4812345802784,850.9709118569091,846.1141529164415,679.1043176067119,631.3715792483971,837.2153918878819,763.0567938214257,833.4067818198359,649.0316198486307,677.9444586435953,517.7850225350401,787.9877093708345,824.4656938128297,810.1441557434783,820.1060129394531,374.1180679003398,416.51649309794107,844.5481930577222,908.8851018330407,573.6451780384124,676.5726823806763,451.4207078080151,424.9926300181283,845.3893533382776,821.4130096812307,815.1456768206099,872.718564046224,830.6231869196488,826.0996843804254,753.9741946013078,713.2248397275625,674.691151085404,723.8276330453378,518.9003485611507,601.2763599724359,607.1541597960426,623.0837564468384,610.0392885255435,766.2509186369548,648.1907501762374,751.1007364061144,640.3042876848505,607.4310136574966,727.8958041406447,717.5994115644886,854.935201808791,706.0266752118316,709.6202171907297,576.8552572025973,496.5743303397806,487.7989092270696,842.2860902617037,933.3491305112839,947.3785100384871,808.8856065850321,913.9343892503821,912.5657354857543,822.2282724176342,947.0347833044735,922.3245798367172,742.8565941411396,776.5118289443968,796.3143966791527,840.1311977410772,810.3161201266294,807.1572139499424,807.6665926448634,545.769907120171,627.1268535135113,449.8613977846892,437.80260714678695,742.0526055507972,728.7722665620543,757.1992434237866,861.367807660784,758.0256685278881,792.5748666080322,559.9652973365784,495.76896641174955,701.277239018915,724.0809619109741,538.1840688817641,440.4257386737782,383.7655186865013,398.8942594356986,408.90707652564265,351.75240731975066,40.815838996778,38.4581171830018,709.6928100585938,689.4255945238017,722.0885078012943,682.5272189955906,683.0421646545254,636.6509536985664,11.440127069532632,0.060346619757237256,17.12325294117621,19.606804530789045,77.29529195203737,61.338983868794536,36.36034658220079,123.31201864691342,697.6557284268466,753.8626242897727,763.7295691983012,748.0738426884518,636.4774816176471,280.50929528997654,296.6743664813764,625.8417205810547
817.1368754813634,878.6830990531228,860.7010383379162,893.3637629657153,475.48461322340853,545.8198262069907,849.8443498928528,845.4102089739861,676.8251264143963,625.4091470749652,838.1795391920136,765.6733447241405,834.9769865006566,650.2555257745599,677.0166879625463,519.3734363675413,795.8717174078051,830.9193133262305,809.5131125906875,819.8791112060546,373.3153992758857,419.08539428710935,841.9267900750407,906.5328492058647,574.0553649676408,677.9268249993796,449.2638626520146,423.8229465617074,849.2402379737711,830.9077289345823,820.1470622866173,871.157558186849,830.3619245108912,824.2028207736545,756.457358982252,715.0403468120529,679.681758393275,725.7343889872233,524.3124066250665,599.1115226316988,605.669557164927,629.9303421974182,609.2461310587232,764.7504605117002,647.6276680566474,754.328543166668,640.8572187226666,607.6012110943561,726.0768162573537,716.1058796416979,853.169631838952,705.3803003028605,711.3200988256343,578.6971039351295,495.9166324252981,486.76511971837857,840.6935434163858,932.3670767501549,944.2394616866472,806.7630539535357,912.0442910235861,910.6026743872266,823.7142920071196,948.860937652274,922.9230953045745,743.9728970678585,775.5293461253134,796.929251232134,837.6572265382026,809.5259993748111,804.5213793849086,806.5020529950251,543.6933232578663,623.3086895302777,445.3202567722486,436.86960698517277,739.0086589875768,725.9869027671972,771.1684401491855,872.3862773350307,763.8935507120301,798.8958381984115,560.6441358820597,494.37574612935384,702.6814234510917,726.2060680117136,535.4175548104679,440.83588395996645,382.30883224141627,400.03745274386046,408.2615266028659,352.6499377506382,41.51232710545581,39.32502838883969,709.8593546549479,691.0552088850635,721.6823021173477,681.6391746123992,683.0153397033536,634.7085516167153,11.379426196585165,0.04728497718633325,17.377454444789066,19.87589676420466,76.65367359687437,61.03357614590336,36.43025037977431,121.36957502365112,703.5512861772017,762.737030584162,759.3098505007341,745.2538792091079,637.0831804462508,281.38853314257506,296.445051836245,610.6571523732152
819.9482488891169,878.7361344087003,864.2646642224543,895.3430112709563,480.0319185833598,547.9548316087041,850.4841520499696,843.8054517185942,680.3143749808778,628.8872482424877,834.622912709306,761.3203836652967,831.1955300620654,647.7802764988138,677.9364899473997,514.9198701789894,789.9992510899548,824.6179729157508,811.1508573627107,821.2586829223633,375.06056396166485,435.45190709431967,842.0126616683013,908.5005478026375,571.5931462093173,672.4488060081399,452.2914221115534,430.34663995107013,846.7209377648695,824.0860683111497,814.4322759673352,869.6586787923177,827.880014839819,824.2997166612413,754.6496133555537,712.6363359933877,679.4211907071689,724.6626407482006,521.3536625845092,598.6395837733808,608.41950588539,628.060784816742,607.1009043999135,763.2237848941749,644.2194205738376,748.9218426280552,637.6221423897862,606.7859690339416,725.3779781864536,715.2881506566079,853.6063290618101,704.350231250407,711.57537296107,573.6808885172302,494.0255179784226,486.14515613042636,841.0047038685192,932.5339517571308,943.572087963508,805.0074391074297,908.4874632860267,906.9666123206947,822.7736233119207,944.7463369330261,919.3403842413603,737.5680524314097,773.0709747127603,792.3666703803815,838.5391971806812,811.9129739835117,804.1397998912914,804.8446725939141,541.0620341869669,624.3585866952872,444.7539790056754,437.0607540506712,737.8074138203606,724.8667125147903,765.83845422623,868.5782274518695,763.8089407559099,795.3070855845403,571.2735220146179,498.6579562119643,702.0224989786022,723.8050690168216,537.438738116096,441.1554741380662,381.71110258096206,398.6649823490002,409.45553587055775,355.2841766117637,43.341996000697556,40.41750376872662,715.5487487792968,695.8638512562898,721.1064098477364,684.52233223462,684.0564205955912,636.7367606221318,11.020246895471294,0.03648294976188077,17.72777406697193,20.18925088689762,77.77223490267939,61.802544351877465,33.32861214213901,114.83357984879437,702.1924382990056,759.5301979758523,760.5802526281984,744.1788368707971,639.4323799282897,285.882560556395,298.6501118703322,623.2146490688982
817.6510724965065,878.3159546081466,862.0879834115009,893.7802387556707,476.9674902627634,548.6013175419399,847.8927395325487,843.5088122428732,678.5257280992001,629.6938415062232,841.1077768589423,764.0832136699131,835.4971726746338,650.2264670814097,678.8534096248114,515.8668592952321,790.4487844168857,824.9873742455264,810.3699956150347,820.4553255615234,378.4361507627699,421.47144012451173,843.5181957096248,910.1411920275007,570.878254486004,670.3181907318451,450.9637460445172,428.388916571935,848.0822500552771,824.7363907425491,816.5339516466997,871.8953983561198,833.3450727301129,827.2530249023438,755.564100447945,713.7194177099021,674.6093315763095,722.9706978974519,515.0854120169367,597.9547253726573,607.8244618900487,622.5136404037476,605.1625566312244,765.5383198814934,646.4799920682456,752.6415204506868,637.2936174790722,602.9335439688676,727.509313208057,716.2470170283947,853.8417865778949,705.484634984667,710.2212715833176,573.3296209176382,492.743585273597,484.949561781852,842.4088535872895,933.882937806624,944.3654486448152,806.6119793718349,912.0698830380647,911.2650821934241,826.8207299468714,952.4885956485575,918.6072303430358,739.795325791805,773.3698182298896,795.2078118872245,837.7109720752497,810.6267690922016,808.5412851110235,806.5061209006387,545.3286323897336,627.1202777020343,450.23016733363056,437.86968822210605,740.8474226154265,729.5804100194907,758.2391240546044,865.0561752319336,760.3132391450962,792.2590649305786,552.5828551864624,487.3191187952707,702.1327764821998,723.9052919656576,527.458691069659,439.66079359149245,380.53568107487325,396.7698298567669,408.24689944164356,352.575411042852,42.07483819470723,39.43238573944523,696.8961242675781,684.7600501108977,721.4762453734875,680.90756708896,683.7323291768857,636.8312582748152,10.568863620636924,0.022090089462559533,17.212128484971153,19.86463214782416,75.81707336554543,60.321066532404195,30.787176529566448,114.38378677561002,716.5527565696023,759.1942793412642,758.5829318257786,746.9558288960517,640.0302967744715,281.02294580141705,292.0035680062843,606.0474101099475
816.3339833301243,877.8825986264932,860.9034202113021,891.3087945003433,478.69225978407746,548.9530777079718,845.553640042018,841.8596332955867,678.2488317684251,630.0506455761488,838.2237940842543,765.0541673206147,834.7680270160655,650.4157990468176,681.3850684747174,524.5679829215294,796.6621423513403,831.1318180648195,811.0605301473332,821.0926717529297,373.5350383122762,428.9703009287516,839.1423265256235,907.0963419051398,573.5662797059064,676.5548666126125,452.2331473419021,427.1812697119183,850.3072816380915,835.4794661156925,819.4476389647156,873.3325032552083,831.4288041712874,826.139589436849,757.066205630095,716.1008251144225,681.8017248750258,724.8217974062319,522.6935736111233,598.3600453294619,607.7841999491707,629.7451457977295,608.4394689703745,766.4183446513533,645.3487337890774,750.7413441674751,638.3819171338042,606.8025462944191,723.8306654099496,713.0334135017787,851.8253024910101,703.6958810760221,711.2081351002236,574.8915654444227,494.48712855524536,484.8220669983257,840.4041910328191,933.202584527157,941.5507430566824,801.9662376246354,908.8568412714419,906.6695086948308,827.8306569323992,952.6838542796947,915.56806268265,737.1188831649702,770.8736262385764,791.0450061193262,836.4560942680213,810.1276562095347,803.7254308408445,803.5329322814941,544.0801411899952,624.51773243033,445.5638292837834,437.7409526126485,737.0047657450691,725.3639727707226,775.9186401367188,872.180439540318,767.9334718258444,799.5472918999129,569.2515585454305,497.77021454731624,704.4831790672,727.1219400265392,534.2685732673197,440.9190767628783,381.6440228726715,399.2671575613045,407.58284852100957,354.15840091891585,42.083225544460156,39.498937256054035,716.7155517578125,699.9173102944584,722.2961232662201,682.0902136806989,684.1555213442892,635.9529028335236,10.774971250067832,0.04869419977896743,17.420774810587506,20.051555361227447,76.78157916902101,61.227124822105694,32.787309090296425,119.33843320257523,706.629805131392,757.3024336381392,760.2148068831272,744.3139553794377,638.7656644933364,283.0930076063725,296.8017889152874,604.8251190185547
817.9013512621523,877.6510364070083,863.3210050421861,893.026788415187,479.38759365525357,548.5058050496237,849.5261071246604,842.3726673856695,680.2127112709746,630.1345853287665,838.1153534990016,761.9153122629438,833.6436203159967,648.1018079176605,679.4189993071911,518.6293507385491,786.0739520466158,825.3042720465169,811.2740284784544,820.417469909668,375.3177690770891,424.52274055480956,842.2291049379292,906.9560862344409,572.8000898036657,672.5379710249848,452.5202532604913,427.5493990447786,847.0585260931051,821.7050565743152,814.656744769239,871.3265456136068,830.6950106863248,826.1120685492622,756.8178713591202,712.9005577363164,674.868906701714,723.1611056857639,520.1676998138428,598.0728782053744,607.2969853135406,622.699907541275,606.4704132028634,764.6320411718287,645.7172562106406,748.8216438209802,636.9505103742781,604.8774653748198,726.0539219487098,714.2826931212654,852.5715673822847,704.2993675276067,710.6531702392305,572.6637280875561,493.4664882885203,484.8337174334522,839.9969957232606,931.4023256942078,944.9480104013859,804.4922800171443,912.7931800112517,909.0631132311034,825.2724755896705,948.2628973658683,917.6593459969137,737.0750037800973,773.3531849928116,792.8305550649534,835.904713187248,808.736453145907,806.6505122829128,805.9846026936516,542.7205496271816,625.6569834787608,449.1976683243461,436.78515625,742.0099622382493,730.6413691983678,754.5292696039727,861.2903322492327,758.4970047464773,792.6979959505039,561.5933380126953,493.7589839021365,702.1616429047438,723.9740585805345,537.9410192826215,440.63220526487817,383.2439520029972,398.64360274362053,408.331859778012,354.59636907505495,42.21759155796867,39.564323507504206,706.6038004557291,685.1079805018538,720.2080637216568,682.0972508262186,683.9802745401707,637.278259006864,11.03339740672259,0.054885936700911436,17.212516040281717,19.847943468769415,77.02760159432164,61.57057252183797,33.400931941138374,116.94434931698967,698.2704412286931,757.7291137695313,759.3494285225069,746.1046130989172,641.1294232536765,282.3758856915591,296.61889686728966,616.7368516593144
817.2653912360722,877.1460757111058,862.8283404736967,892.9341215156464,478.93905646301977,548.9599592983723,850.0123118004632,842.7847009342274,680.5334751119419,630.1364308214578,838.8819132859145,765.8251464480445,836.8707642334404,649.8958199756589,682.6205384482199,522.2215061613703,796.3296682348748,831.3899614644605,810.7364094028984,820.3760916137695,379.0267245504591,425.6581172943115,844.9091635039358,908.4916515653096,575.1851500990504,676.3023377565237,453.636339451068,428.4531909889645,851.7021864405218,832.6495324405623,823.5382023208098,874.4717643229167,830.6356399018886,825.6637896050347,758.0776518448539,715.6072391372129,680.4012038445157,726.0142307987919,524.6792439222336,598.2757712517785,610.2988023601595,626.9662661552429,611.6389385594262,770.3670616692276,649.4134396762901,753.8688972428528,641.9566178814439,606.7655150540226,727.8303354263305,716.3569870274787,854.8874256093069,706.0138841975382,713.9323538194323,576.6962482134501,496.1898866848984,486.6580101608157,840.1595357203405,932.4984207352003,946.3711976348453,805.5515082767041,915.7515220973803,910.4003347779554,827.9573552776185,949.6199941674378,922.4462861018394,740.9501934530507,775.173766195908,795.7252999041774,835.583858028339,807.2417984430302,807.1228368948172,805.4001394803407,542.5775671442715,623.9664504806717,448.76139942113906,438.803769393706,739.5898840231973,727.019682951488,765.5020349380818,870.146240234375,764.8441546794555,797.6214726042023,561.0994596354167,493.6218317222595,703.7638668782911,726.2042346612001,532.1569375430836,440.9479512402297,384.3533463546385,399.97422140588344,408.4016137317658,354.1003664314126,41.789715436701144,39.28619829092504,710.9398661295573,693.0388504286943,723.7411537915468,683.7464576393231,683.2743211896668,636.8327009019175,11.149804790572537,0.06622370067914879,17.160752637186246,19.733929921802442,76.54993923245907,60.719139641220934,33.55065102047391,117.17109793775222,716.4256702769886,762.9915050159801,758.5820316596319,750.4925116044056,641.0143992106119,280.82916879235654,297.13401024991816,614.2544692466998
818.9362817469284,877.7151753011376,861.9258514658308,893.2687341758455,480.0776218857876,548.2548623723643,849.5759610097223,843.3716803043446,678.5629900815536,627.5416613836758,838.8568684647723,760.9425162845188,836.2952970632354,647.7776947651315,682.0801198790915,517.6967875354047,789.0238878873852,824.4162429163226,809.0712597214856,819.7138944091797,375.16296384069653,438.5062638600667,839.8697171672254,905.8891861022465,574.4339942782337,672.478803053007,454.24077956057386,427.5853734811147,847.6671447753906,824.3635210202063,814.7216894595329,869.1967213948568,827.7536742646815,824.2395780436198,757.2470639436141,717.4449029026262,681.2676754585972,726.5976874740036,521.589854819434,599.9199996548199,611.8978509121254,633.2506241798401,613.3452909503665,768.5127977127147,647.553496726044,747.946324638456,643.283937676879,607.5958251786399,725.1259528852278,713.8079775414509,852.952234254227,702.7449661164696,712.6255411396112,572.056864083982,496.76768843128247,485.7991093288857,840.1072749527495,931.5277947496485,947.0898042312193,806.4691396520576,914.1030373747452,909.3535794945597,822.4536379192947,943.8834002616475,919.2705361665185,739.0898344294969,774.7292389832186,793.2668667516058,837.0940466959765,808.4629985324585,805.0876340780172,803.8498934136062,543.4830103183011,625.8629232299277,448.0208788885586,437.4791268362126,740.4629594146228,727.0721880014506,766.4392570333277,867.1072071620396,765.2089226382902,796.0904692213838,571.258074277242,499.25398331483206,702.6246739963078,722.6928640630057,544.4075024997487,441.6889547096693,384.7236665856714,397.92791086012613,407.9388591341535,353.9396361942651,41.81773110793869,38.828774338245196,715.9774332682292,696.2763811531713,721.5369176864624,683.8730954821832,684.9167127536454,638.4609580844423,10.800395222163244,0.07542417114773006,16.906170629872154,19.627692762694952,76.82672920343312,61.068493778121365,31.942542049619888,119.23392987251282,702.4003684303977,758.2915205522017,762.52331276708,744.6626668036738,636.3100938983993,280.2160803450827,296.489057840723,623.85747817467
817.8187162541161,876.670184790486,862.0819779440283,891.5873659445471,480.26010859289835,546.5027658832925,850.0080659285835,841.5289425204662,679.5472819951116,627.7672336883232,838.003837926601,760.7987579035381,834.5603743826341,647.8666431464648,677.7171251548464,513.7863777781242,786.5398984791543,823.90010318566,808.3008432132531,817.8383751831054,376.1995871331957,420.2024803161621,841.2833288008344,907.1236201089527,571.0531061781638,672.2001043256822,453.7446564310822,428.620387090577,845.6359812898456,822.9683787404755,815.2193374433542,871.0883131917318,830.466204368462,823.4448726399739,753.9871266240659,712.5845995064242,673.0734848492996,723.0274331834581,518.1555377926145,597.8514173700569,605.473831677046,621.4068560600281,609.5837075880596,766.6319199693146,647.7987071065684,750.3533097373115,641.3717765724364,603.7517430232122,726.5251679112835,715.4785666060238,853.7895939328649,704.0412839807016,709.3442053687946,574.4380349271438,495.4703158292635,483.51169588292436,840.1649851469978,930.9571923436941,946.4421033735666,804.4964595511975,914.6347810828167,908.2783793693221,821.392562819548,945.8830693719809,920.0974056756319,738.8352436997786,773.8620492013653,793.3838847983365,836.288555947079,807.0281201778854,807.5775178273519,806.5740243255115,543.0886322861418,626.513055446344,448.49442567687106,439.98643214266065,740.2795385141842,728.1894169091189,756.2557944439827,859.2224066598075,757.8099996632543,790.0840150941143,554.1250704447428,489.4158585032821,699.4829604161469,721.7551536632512,529.3178167455337,441.33628652069973,383.8449586110655,397.5144675778263,405.4354646800304,351.1343480493532,40.73764350758089,38.0482311797585,699.0032002766927,686.4686656887249,722.3659040033817,681.0030429201428,681.7550270332938,637.296619098169,10.443464574367681,0.07601421242924752,16.67281859697404,19.399975226549266,75.68653559719071,59.322302306781935,30.586470286051433,115.70603643094792,705.6948186700994,756.2594260475852,759.7700117482435,748.6502050085912,641.2595618752872,278.58802147967776,290.6822571068099,622.7934975459658
816.7203734126535,875.621232562595,860.9559019544604,891.2332719597683,477.95580690960554,546.546237724168,848.1486005075752,839.9731823925262,676.7358578857111,626.4583342935218,839.8381214917191,763.5219314090789,836.3551884908005,648.5249260053461,682.6116582362806,519.4374297815872,797.3424970437001,829.4305067537631,808.1231929954441,819.277396118164,377.127275413937,425.3446842193604,841.9395584722962,905.7624520498608,574.7011757620966,675.3472653692895,453.7581012367544,424.94048394097223,852.3339796246223,834.5131209008488,819.8569949493008,872.0514524332682,829.0985483719131,825.8665238444011,755.7802909519362,714.3717895875494,682.6013097553001,724.9265022277832,525.3148686332362,600.9370698250189,607.8047490354444,628.4111852645874,609.3877779415676,767.6740204869853,647.207752998825,750.5961672074613,639.7018341821088,607.1927083705689,726.5539348848405,713.5024696445186,852.986874608613,703.0503536824968,712.3941889878346,575.5697287344465,496.3188758692564,486.29832911881607,838.1332241363358,928.0039625995689,943.9703062873165,801.2824464586841,911.1461206585428,904.7632508536373,825.8864926212789,946.5800810017213,919.0941503724056,738.3084819081217,771.3632016723076,791.8789151016214,833.8310977668519,806.6517856661127,804.442487355825,803.8689170587259,544.293876927927,625.2429392100413,448.55179032035494,439.4948369415713,737.2499114489946,726.1102230341108,777.6323436980551,873.4868294852121,767.2951548784629,795.6153820953975,565.165201886495,495.2797955417633,702.5186540561625,723.9768539290143,537.8213701809154,441.7996597376111,384.46171511088806,398.61124709820433,405.4010565138133,351.8432392005438,40.98879976342087,38.3139118278817,714.0388366699219,700.2800758491128,723.0626590251923,685.7550974927876,681.6983680045635,636.6874013215231,10.912157585018768,0.06381732785591372,16.781485184976894,19.461784022440717,76.4201083167487,60.80162818416432,33.03337653477987,119.80157676865073,704.2319557883523,760.9153009588068,757.7436328862337,748.7888950396188,638.8983396642349,279.5673957059258,296.25654606746906,615.290624684301
819.7876376497703,879.1277004685065,862.4558119620777,893.7044624997325,478.95000057664026,547.7549528947899,848.2761954773417,843.2761138461499,676.1638501578448,627.0867701163057,838.4303523117934,761.8850634196448,835.362056620943,649.0838380132609,679.819375367307,516.791194366758,788.2345150048134,823.6034638477719,810.126485583426,821.4740674438476,372.13864578141107,435.5678850809733,841.5670300328198,909.7468647427029,575.8628350377707,675.7533279565664,453.45632418216263,426.42025662793054,847.7829204055498,824.5497478720582,815.9326979269193,873.3318039957683,829.8678833266436,825.9048693847657,757.2368217136549,718.1517315600291,678.2909178880868,723.3600112067329,522.4325609718051,597.371236022492,610.9365041764056,627.1489391326904,608.0191426126967,766.8450515530121,647.0732886352911,748.6430860904225,639.903124823058,606.3344678945475,726.7847370178469,712.6038402846831,852.6325641770774,702.7695606613543,712.2669492302454,573.8470394097122,496.7806494513371,485.4079225836185,841.7189787147079,931.3346242628716,946.1645266098286,804.4210509307836,911.5651629373301,910.8359194403713,824.7786630986299,947.7302561394962,918.533206996633,739.024627785504,773.1174025353421,793.2573663210172,838.2742709992038,808.1381583029394,808.1918489954493,806.2857456519955,546.6357414875555,627.3487489378298,445.7998650592306,439.2043052995709,743.0235755795338,730.6010240736839,768.4822283805685,865.0809238978794,764.2975925138627,794.2855173619413,568.6974534225463,498.53080871423083,703.6152222519929,724.7966555351319,544.2572563171386,443.27529268058197,384.40850892663,397.7068844016317,406.3344931771476,352.73642758493156,41.34823587566131,38.6507403816638,713.6801961263021,690.915771484375,721.3372118473053,683.3396170516899,683.5387476079034,637.0060312788761,10.716566907137013,0.05854729681655213,16.76772152047939,19.61080995168803,76.40244406564118,61.34834626904358,31.91753103997972,117.943989907994,706.6352372602983,760.1530151367188,761.9880887229971,743.8137676383875,638.3320387297986,280.455280458718,295.6821362647143,614.0135940025592
821.1974105744886,878.8118017032893,863.0040079994519,894.3264308792661,476.3676124572754,548.9186152453933,850.2200129021973,844.538806873078,676.8972947159592,628.2284155204648,843.7280455178361,767.1503528564696,838.8587175372535,651.0138265053753,679.8143926164997,517.5049727880038,791.2658665372297,825.3991356719768,813.3544066383921,822.4605075683594,379.1182105806139,424.9761381785075,844.3035954727239,909.9706066071041,573.5205726274021,673.6579217805967,453.0304223371474,425.1581694351302,850.2777973390976,826.4191805615837,816.8596716052278,871.9786450195312,833.4683045209464,829.0684293619792,754.3324423085088,716.2288277867328,675.8750846963623,723.0883961430302,517.1292627368655,600.4653441182683,611.9233677348152,625.2136192321777,609.1945072336803,768.4512330547893,647.2607460859592,750.6588551084898,639.9007328128026,604.1058635278182,726.9522575132308,714.0458451967435,852.9412893003172,703.6694072765604,711.322915526249,573.8386794024823,496.16510365784274,486.04182870915304,842.1121691800939,934.3496148409666,946.1434866125588,807.5411609865264,915.5892709085216,913.8804232688398,829.8107582582246,953.8790115191613,922.0226335667852,741.1513226215152,773.2476657594187,795.3082970525028,839.0400365841616,808.8612888399408,808.3519471314577,808.0163309691383,548.1272602606257,629.6847494546469,448.87547810872394,439.5868611940196,742.2831001907099,731.563959145447,757.8308131441157,863.6668156215122,762.4012289522251,793.5118645828073,555.4537187703451,488.98682479699454,703.4360944823546,724.4350296647234,529.218193099078,442.21244796949173,384.42853634183604,398.0495831735512,408.62371631533364,353.7148195987051,42.042628469218876,38.93095980939723,701.7113789876302,690.885343389996,724.3151679039001,683.3233457712026,684.5761772136349,638.4478359735391,10.82989709450416,0.047630392394408035,16.85338009779624,19.63183919608876,76.21634819603997,60.60105434986412,31.062995168897842,116.24935296002556,721.5195534446023,761.5115023526279,762.1948260620936,749.2755296924446,643.9162618599686,281.1482875765416,294.65720786470354,628.4388680293642
819.8415817026546,879.1047850040475,863.7201465148563,895.4426090802805,481.49151941787363,553.0147217469556,849.7620761412794,843.8617058482068,686.8104246879111,635.1491778854464,844.9724066509464,769.6296318599155,841.8356795662672,651.9905316441768,685.9015068367346,524.6394426489143,796.788154638209,830.9655559894651,813.1811860731278,823.396197265625,381.28363890118067,429.6648107528687,843.8667017178446,911.4993248591347,574.9888837275081,673.5290506541074,457.21916124965605,430.6267162097825,852.4403484992262,834.4001812970197,820.7586704364286,872.8364953613282,832.1325837474758,826.9147462293837,753.3691355829653,713.7527704813394,680.0343355019187,724.367411436858,524.125028857163,597.2439628915394,610.4124085473233,628.8531699180603,611.7606365931413,770.5853376343352,648.2018468346769,750.6288917197121,640.5972215833742,606.5976793049099,726.6636698722839,712.9672924198013,853.6800770290109,703.8794058659666,716.0931546677389,576.1985855663524,494.84374746023866,484.8441670446515,842.6348214123361,934.8108650269331,945.2558487692353,805.4565018498204,911.8215802001953,910.0061911788188,830.5574372551127,954.0513912875956,918.9672591935342,738.5933793915642,772.267437143942,793.4222126691207,838.4534362987348,810.9282668308658,810.7737210935301,807.6639754498591,546.9751830494732,625.0884198605756,448.3201470858809,439.30646525638207,737.1041609967341,727.4283989237551,772.1271790849402,870.2641372680664,768.9717416288296,798.0715691134416,563.7390157699585,492.62277802268665,704.7171272244223,726.5916203139288,531.0976107429055,439.1677876056747,383.1705700719419,398.688818619117,410.38707059034874,357.37151028645536,43.470544370451805,39.8677880587102,715.3852966308593,696.7559767900888,723.4081361442804,685.5235218548667,685.165944708516,639.65997758413,10.722967801089956,0.04723215944099206,17.307239992985647,20.04728879563897,77.04442395330341,60.88325761800872,30.82720224062602,115.13079644827282,708.4581298828125,761.7010830965909,757.4976997119468,746.5649112749703,646.1160170611213,283.79570570640396,298.1907961657553,606.4992991480334
817.9502741826045,878.4445638078632,859.8634105414754,891.7033766332376,480.3694880773855,549.1386573825564,845.7961139077319,841.2548191930892,680.8438285954145,631.5852591538282,839.7981572965297,765.019877772861,833.9290038382005,647.7768855065952,681.3104783207623,518.8804485022874,790.7722678523493,826.207301843206,810.5790759631044,822.2774656982422,375.52345922258166,437.91669209798175,837.5549398369948,905.7212456294468,575.0318931847498,674.9086335674747,454.62409971036965,429.6906849410799,847.7595558886258,825.4717248987268,813.8428212563823,870.2558927408854,829.4327426199186,825.9393233235677,755.5917817488961,715.0234803349139,677.0817506764954,722.455180697971,518.7601736273084,596.8031411331691,610.013488019099,630.6551647186279,612.3399861748256,768.3993546183075,647.9586122268422,749.64755408248,643.3559399888782,608.1972614401705,728.3988276973847,714.8534644635891,854.0283131838765,705.1869585991385,713.8727031074832,575.6383044696322,495.4185367536799,485.34705081969844,842.4431870994275,933.0417414793262,945.3865817082366,806.5100156889624,910.7448355235224,910.277677787932,826.4507089784022,950.8646916361993,916.375227059891,737.4834378939266,772.1400987425546,792.0534787662172,837.5393914629699,808.9119553539634,805.3975169207599,804.1640637507204,544.2275464119167,624.788105357777,449.2439840565557,440.27364037742075,741.814657993004,729.2749362803099,767.7502973840592,865.9664099557059,766.2897228957136,794.8225796168351,572.648270963033,498.2504385344187,703.4522601862836,725.4516871226818,538.5986732931698,441.2601778016624,383.04321199314046,397.8029832439708,408.4308376498457,356.79741393890384,42.163460492426466,39.32910484674066,711.8874776204427,692.1115712311308,720.708693832159,683.5474846007058,686.5769384350182,640.1943426435327,10.459866524950101,0.06173887415961535,16.76170187775527,19.744959615380917,76.2247568570953,61.266209644766185,29.296823978424072,119.38045773786656,705.0033180930398,760.0076260653409,764.0906046412936,750.2592574493794,645.4472692153033,282.069717048553,297.53437002499896,612.4984251877357
818.3238062762877,878.4956104779484,861.9752601505602,893.3986575821956,481.836908109798,552.3579389846751,847.4348433186433,842.9910298448928,683.7490953717913,635.1810178600374,841.7088220487765,764.9822198837522,838.1659764834579,650.8496272493953,683.9971308767499,519.7194756827047,789.1584194960752,824.2334235118473,810.3872467859495,819.8989704589844,379.5513446595934,426.9721434911092,843.0450592536431,911.1244639744834,574.6369559078316,676.5865191050938,457.1526159212734,433.60901542504627,845.4675457072708,822.8409863130546,814.9585940543748,872.5907857259115,831.8380598941092,825.5947809516059,755.6286729895551,714.7164839779037,673.9045068682028,721.0774007726599,516.4777641977582,598.3290361554435,603.6249234559106,621.2305843830109,610.8412606886455,767.6463424899566,649.7130879807107,750.9258154149641,641.4466183889996,605.1621614736276,728.3785191320604,715.2400998929379,853.7556386036916,705.2134645565654,713.4015123512713,576.3469738586276,495.2437855432978,485.0736075898239,841.9866316963522,933.0950432728838,944.1693623174086,805.034047095458,913.9807990563434,913.3657424442205,828.2432787600643,953.9286666642491,919.909390691501,742.1796941412204,772.8049798619211,794.9825689211923,837.4624714942495,808.7657037387237,807.6343145628233,805.2747915299212,541.0986363822167,623.5236330238772,448.4933102372764,439.3443758252641,740.2564452124424,730.2185403024507,753.914197556516,862.1010480608259,760.9647467894572,791.6311911160116,556.4562262090047,490.8483095832666,703.2432785975251,725.5000960417057,525.327625319537,441.42247483080473,384.6398229612969,399.49148198653177,409.6329269944129,357.2424298535784,42.435360493811054,39.75271232125665,703.0140502929687,686.8641947083554,721.7910546660423,683.3090526356417,685.4941896919075,640.1747313315244,10.7215391520325,0.0681313614671429,16.92016093754576,19.73513524083329,76.37771429309524,60.5831805648863,31.332495397991604,119.24962481330422,703.4251376065341,757.3366632634943,762.4181471447016,751.3857595709305,645.7498112098843,281.51363987671704,295.8774809981837,632.1813412370353
816.3100081514721,875.3138168026702,859.473303251686,889.5567352021358,476.8666590502096,548.4812422841787,844.983879824327,838.8633423500872,675.2878448719881,628.1444310887915,844.4753335472045,765.5321166083926,837.501501067016,648.2463842614701,682.4722406188054,521.1220549910004,795.4535440020087,831.4968249045337,809.0964111678902,819.5996000976562,376.3153889973958,426.90883324941,840.3302937957632,905.9232646397182,576.7895818480646,675.1157250666356,452.5858909438328,424.229658709632,850.0419523131172,831.566125186873,816.0694608913632,868.1863167317708,827.6933172193624,823.8457120768229,751.9419786536175,712.9080418965902,677.9249411427502,723.4113732797128,521.8902476515088,596.4874643047204,606.126458840292,624.5322771072388,611.8982310791811,767.85748638135,649.3173815984912,751.6746175498293,641.8318218406567,606.5584911299752,728.8548525256496,714.612553309835,854.234429488311,706.6977566324729,714.783233505728,577.2624866541694,495.3738975503728,485.7417174790134,839.3070425511974,930.9628801654886,940.9577953594035,805.1809792536508,910.4806594914976,909.3875158874733,831.0022846186927,952.0915481661573,917.2635338626691,740.1949611506412,770.2725980576505,791.6613841395053,834.6751119528607,806.9642020378324,803.2118457416157,800.6969728938868,539.733553125224,622.2414726488518,447.1416778564453,436.1008072973977,735.810176411613,724.6051181144239,775.8596503075133,870.833632332938,767.3218104921539,797.4360731240794,562.4934854125977,493.4442768828074,703.6468828377745,724.586060193416,534.0545953189626,440.2077878459696,385.1826867085571,397.76699056571374,408.43893321278443,356.09541209086774,41.74998622803293,39.29547987215153,716.6311645507812,697.3482071181475,721.4008800387383,684.8765011696794,684.4555896244583,639.7519505507788,10.963655189765728,0.07728149584123727,16.70252655108029,19.513458479434796,76.75178145656089,61.45971144725799,32.70808005332947,120.76290489645565,713.5773370916194,760.0812178178267,758.9309057453335,754.8132190945782,645.7876075295841,280.93587048116484,296.49801109415114,627.4088813518656
819.4974825159859,877.5523859178177,859.4058274893925,890.8002147294611,478.72928660193156,545.7638790711228,845.875228920861,840.6298887277156,676.725445552748,627.3101283995832,840.9128264140307,764.5241943752955,833.518053084254,647.6776153520051,678.0958814638764,517.801761485211,793.1574456816036,825.2675286828481,809.8666731808834,820.4203930664063,376.5868660079108,434.3242298126221,837.3204981210772,904.0257239871555,573.8354222849401,675.9966576125596,454.05202073155186,427.84973592228357,846.7181815381321,827.6398700478636,810.7837671795542,867.3346883138021,826.7611034845902,824.4458968098959,752.9534378715183,713.760133490505,677.0859110155819,722.5240984316225,522.1435048154423,597.3357446506229,604.8015474413262,629.8984212875366,609.4484035552495,765.4175852554105,648.4242579965206,749.8509878526654,642.2258320101037,608.2266190468848,728.4055436441976,715.0366590358644,853.4415997329672,705.9458729599563,714.4494485897868,576.8874932176926,495.5090068525785,484.58104284246696,841.4591845275277,931.2047952700544,944.2513366487062,805.2994630978658,910.1934098749575,908.5386526144824,825.7321366709672,948.2180587391795,917.0347074252456,739.0310968943037,771.0289655142956,790.538160958111,837.1762511137944,810.5817627458941,801.0273318935085,801.1381909730004,542.6667420973472,624.8379841593953,445.22609456380206,438.01214728556886,738.2869930580014,725.0403572810636,766.4541197431848,866.838981628418,767.0590748695578,794.1423184845329,572.9729329045614,500.36991582870485,702.506745265339,724.9322592761555,538.9734201767866,441.0371162198511,384.08283640351146,397.4093633648608,405.4046701511624,354.0633049006512,40.94862685461865,38.14507376701502,717.8194091796875,693.9427454027079,719.3026666045189,682.6956600517169,682.9873717989934,638.3089805547066,10.44349465816968,0.10217680409550667,16.312284886446687,19.26519863182205,75.6160923197018,60.28744832178833,29.943099445766872,117.33336654831382,696.0347567471591,755.2770973899147,762.5629217160628,747.78711690782,645.1152903238932,279.6819040458976,294.3427267164895,619.4670162858635
818.25934270253,877.1294551136518,860.1863627212651,891.4507515895889,477.53416463718855,548.0432726485388,846.2604631845095,841.2333721534242,678.8176978850852,628.4445594781247,839.6657614979317,762.906723140535,833.2437714826999,648.1791556624748,678.8485816960311,515.6155796198927,786.0489902586734,821.3505563609227,807.1649850976878,818.1488395385742,375.741749074724,422.17651042938235,839.8630106321833,907.1382362729028,574.1775052235389,674.8508534274258,454.1009202609405,427.073683195644,844.4052174406231,820.2253177595727,810.2945217022433,869.7100514729817,829.600917880818,823.9232796223959,752.4475041928499,712.1938316620976,674.7886926592184,720.7384298819082,519.5604988592012,598.279393599721,604.4926300048828,620.9935841560364,607.0198697078796,763.7417107170792,648.5944454782853,749.5393093454908,637.6885850952923,604.0244041789662,726.5197245205602,714.7695502465771,852.5891969145648,704.6553375342003,713.99247238775,575.8898139093436,495.85937121748714,484.2968928559322,840.0210042495978,929.9748841744882,942.8429577541145,804.3622873012836,911.6251960157311,909.7561623430946,825.5074357432328,948.8907872188238,917.5597535887761,738.7004065002274,769.4920945774303,791.4481080981056,835.9533783736503,807.8338780692927,809.138142697446,806.2914853955879,542.0044482869839,625.4218154180618,449.1323281993037,438.94047782790494,739.5422195684714,728.1627488512221,754.4823595412234,858.8273533412388,760.9842415879056,790.0747777696143,563.7316365178426,495.29531101430456,702.1024866717503,723.7600262307714,536.4559592527502,441.5646352664658,385.7059663596253,398.4262887962669,405.1025748357101,353.03184951725416,40.76456828910658,38.65585833441342,708.2478861490886,691.3420751539327,719.7564018666744,684.0047011742225,681.3228904199964,635.6805720154406,10.59774132808793,0.08347162631926713,16.539279096399426,19.464546676269883,75.88666058295148,61.299552655548496,31.65903917948405,118.20351937237908,694.1045365767045,754.5570257013494,758.1156614162778,746.7873479142974,642.3075480741613,280.2822794754777,295.83375755945843,633.4498775087554
816.9312355374783,876.4018289537141,858.9155292306871,889.7310694204384,477.60781132454093,548.9281038003309,844.3172627454727,839.8747729881774,674.3874593364949,627.8731446500684,840.3054633411934,763.9635302982633,836.1205340691332,648.2187472819256,678.80538764166,518.6636921347814,794.2960530502536,828.8387492360466,808.532240224524,819.1055977783203,376.229318300883,423.882835261027,838.9711074388732,906.3230620187427,573.8484556462752,675.2376930111058,452.9228845248565,427.03471777174207,848.9351187652012,830.2736879701968,815.3515606577315,869.6338110351562,827.054322711492,821.615905219184,749.3165431810462,710.377735919263,674.6449192400021,719.415444691976,522.5991521562848,593.5653826109925,603.7444808209528,623.8426198959351,606.6374488607759,766.7210498827893,646.7766746060098,751.2586760799787,638.0944345155038,603.7965748093345,727.2184008659855,713.1090892731619,852.5958767949461,703.2890837206927,711.9964098737913,574.1624477517371,492.74099889995784,483.1377145039762,839.4606435886479,931.4919611237667,942.7658966056214,802.9396362993551,909.0050535119099,907.8687419397545,827.9150081716182,950.7961873497983,915.4775683844267,737.0577282572901,768.6478792763828,790.5970626620159,836.8546891182092,806.7980915722926,806.6286212818043,801.837574317807,544.6757638213832,624.2138028495756,449.34116529381794,436.25676802514306,737.0382565357646,725.9692851339634,767.7758334545379,866.4826333182199,763.3033648377634,794.1067920995681,556.0414792251587,488.4262817899386,701.6835688149877,723.3517438478959,527.7384525523466,438.807132247553,382.77693201539415,397.04705877888046,404.5546254588288,353.2826060959697,41.40852777204149,38.86574604872087,704.3048217773437,690.7929289219743,720.9961943626404,682.8412077804496,681.5477561659485,635.9542429021635,10.48500740478477,0.062233564699137656,16.445444606396197,19.428972389749003,75.80110481032722,60.622139780361564,30.064931631088257,115.10680543675142,709.0236705433239,765.4512573242188,757.815211353686,749.5129162752175,639.9096640792548,279.50245500238316,292.5282893379529,617.1131823309537
815.1489471471577,875.1054096848073,858.5399182622413,890.0045997498045,478.63648283315257,546.1098240401063,844.0367274239646,839.809475779432,679.0737336338783,628.7276598791607,838.7488677482295,761.8803841636294,833.5773298286451,648.007683396822,680.6323640281288,519.9283728302264,791.7379174978247,825.1037512807751,808.2805541539101,820.2628911743165,375.58476252026026,429.9740158081055,837.1231604627028,905.4322848547073,574.1900527839261,675.7489435070164,454.96202719672607,427.8357979456584,846.356849814361,831.3375073091484,814.8815691289626,870.93548828125,826.7029011613232,822.5176166449653,750.9367938497792,712.0800536741693,680.158304626196,724.4544929221825,523.9140977859497,597.7591884484452,606.688817258741,629.5678629875183,607.1418470106428,766.1007692599184,646.0816049394833,749.2838506893805,640.4102780134225,607.6881252002049,726.7024811637017,713.9517447992155,854.3553857577814,704.2147473102845,713.8295830012437,576.4107485471988,495.3692488138883,485.1743099945803,838.3065684758299,928.7414780788952,939.8830644574588,802.4770830632598,907.0805373614768,905.8152036079504,825.0282357592101,947.3090036180284,914.56701312848,737.1650575008196,767.4268907646115,788.8226538845163,835.1036830282515,809.2976060730317,803.9163974727596,802.9950993647341,541.6280564474404,623.7337458887141,446.16317085597825,437.89165099238005,738.2841306592597,724.8543982288155,771.1975720994016,866.7797404697964,769.3055706974191,795.1929148527798,574.862426961263,498.622246337086,702.8419048763056,724.5270670123703,540.0420719819911,441.91151974734845,383.58209251550335,396.8800333161995,402.7856117607567,352.02616691760255,40.74301543769737,38.07527782346199,716.6355733235677,695.3072970115533,720.2949344813824,683.3255129076238,681.7684524477893,637.0936435335715,10.231156983421993,0.07980239965987426,16.334005112907317,19.220846836875925,75.36535711122248,60.3583029211644,28.5408869849311,118.97141684504116,700.7690762606534,754.6845558860085,758.0708147087353,746.3236501186709,640.2011796539905,278.8213025922315,293.1789013738885,607.8215921336207
817.3423922740301,875.562338751976,858.4023789123463,890.4661726172702,475.26582508530726,547.5873549495425,845.3776485901659,840.0112357346555,676.8921800146297,627.1601198344935,840.5000305796058,761.4722470132132,832.3294216960821,646.083438599158,678.1075821160084,515.1848134331905,785.0916201333864,821.1984208002439,808.4189528752104,819.9118615112304,374.81860627068414,422.45623569488527,837.1968013108378,904.5952675834535,569.7269187098399,671.5961729615599,451.1427294483501,426.85017205609216,843.9829850106869,817.4077959225501,806.0519622242044,866.5828767903646,825.5285631600073,823.255916273329,750.9967866317086,714.6653758589043,674.2413399986234,719.5847683659306,520.6005151612418,595.7502085510711,601.8113043112833,620.9562556743622,602.993652953988,761.9263868286712,646.6245141132712,747.2430180387887,635.9930877350579,603.2402344917084,727.7627207140769,714.69072433371,852.3770539113146,704.2644776131066,711.8506521045359,574.78584671488,493.89641194206996,482.6962693794318,838.4599268600948,929.4023722476429,941.039258913654,801.3754908756736,909.0639721281632,908.3811478414196,825.0391087896597,947.5635472285894,915.8204725464778,736.2045927010765,767.5016238428904,789.8169529161964,835.8930719460651,808.0448860463516,804.9774238998825,802.5390244780993,540.0778656705804,622.4451674424208,446.09470533288044,436.26746808978874,736.9384893198483,725.3520050681973,753.9007685235206,856.8238819667271,757.2747521820653,788.1879372213098,560.1254934438069,493.674465341568,698.365034052979,721.51599268161,534.0801688923556,439.886992043402,382.8649661087741,396.64278201305075,405.3903771995334,352.6681212832907,41.45104419398639,38.35600202935195,709.2244812011719,684.9413328009136,719.8582409918308,683.5714122720434,681.397525156424,635.9539182145321,10.569406586917466,0.08277577354952141,16.673185831305226,19.544035505476806,76.34939238457429,61.04035615274352,30.97803046968248,115.37938045052921,700.6724298650569,759.597733931108,757.1742070345271,745.7422950841203,637.6388202742035,279.84142977992695,294.28886860789675,622.526509778253
817.0102056978444,875.8813674329507,860.1325902043001,891.8469324757854,482.73014874125636,552.392850288323,846.7344594892029,840.2173438993414,687.1800863450887,635.9736752852065,839.2568881647373,760.8017773825025,831.5840808220629,647.3488613449127,683.6142740795268,519.2522270578901,784.1571176537971,823.2099338037231,809.1444811946587,820.3671989746093,380.48203478919135,428.45463886260984,838.1116343961994,905.99067100646,574.3898022786485,671.5113877516526,453.3466372832409,435.5761540465885,847.078337615391,828.5337830343365,811.2632765882597,866.6011090087891,832.0014694989737,825.5940558539496,754.387455417799,714.4779688823654,676.9952857735924,722.1287389684607,520.1677026833806,597.9186149911487,608.0630723296618,622.1550641059875,603.8653324232215,764.385299393351,647.3028652156628,750.9456808720416,638.109447690081,604.4969076610112,727.6171884536743,714.6452358167542,853.1900391385362,704.614890088018,713.2413407056321,577.7206677689272,494.40726306599726,484.8790528635737,839.9561520562897,930.9094078275892,944.3957632880489,804.146144000048,913.1236821713655,912.3509022412418,823.0658639330383,950.8567562377992,919.479078207443,741.1323209189321,771.9324208602811,793.2022004175584,838.6018806020165,806.9761849081978,804.3256880442301,803.0746449329814,540.916158203685,625.6132541673009,449.2352394435717,438.3493033395687,739.6447810188669,728.9313943316828,763.6017170358211,863.4909809657505,762.1261558678872,791.4282324366807,559.4880685488383,488.66646088878315,700.6216132311043,724.1563664699665,528.7522597369026,444.79249656243445,382.5121405807634,397.25565297917615,401.2531641096332,351.07668358596817,40.85297088126686,37.20414119371601,703.5032307942708,693.5995416156317,719.8009504526854,680.6637420346834,680.2241401284099,635.9212955390911,9.805058932275738,0.07635652702991609,15.684929483873622,18.91430238930812,73.74975551041594,58.67395833390014,22.8692393567827,105.39116602084216,725.6280129172585,763.1186534534801,757.6922877778943,747.0416603571252,639.3044604133157,278.9442516256843,288.4444388945897,627.940219221444
814.7884231621429,874.5432528245328,859.6996086202251,890.6297029897986,475.255126953125,546.9298645385674,844.0892788626044,838.8917697663003,670.2439232845695,621.2038721842539,835.9391307675742,760.0888572995625,834.4702658285203,645.2955130526894,678.5468568564647,517.2376647581237,791.642017093315,827.5069388456122,807.3676975769101,818.5556623535156,382.3352496359083,423.9488670984904,839.1093144987913,906.2138442084903,571.1824509635645,671.8603909513453,453.9424474832103,424.4656502140893,844.6157750543558,826.1897253719377,811.3536953663263,865.8909138997395,831.0438083713337,824.4402450900608,754.5001616104789,715.0796733074877,678.6923005360338,720.9854784365053,525.6360835262707,596.4596655056271,610.0644946489177,630.9039897918701,607.596039245999,765.1290137846888,648.2791479935553,751.683006462298,641.8525690579218,608.542748141122,728.6770781640083,714.6412809908915,854.9801053694009,706.2513904782608,718.4999631531035,579.9533865124572,495.9992972947988,482.3706168415796,837.2163695787679,926.6371636456913,942.7650675722126,802.0300167886222,912.4892630933679,909.5018741482309,827.8260789223767,947.411743917583,919.8671365424768,739.5335349248053,769.0226324978839,793.3567421181809,833.2666672263176,806.8832731299638,798.370694856386,794.2828981993629,539.1423093463303,620.8712643049496,447.17901987269306,435.61280801262654,733.4043829245645,721.2941118295756,776.0107188123337,868.8701030186245,765.6059837779779,793.7598866316495,560.311456934611,491.94306833664575,703.1475543858196,724.9417155454641,528.9061926000259,439.85841357234585,384.87358387730393,398.2328078525143,400.38706032237343,350.0446071062326,39.734439030738066,35.8464092781029,710.757002766927,695.6292724609375,719.3466319441795,680.9018138976119,677.7984785220702,634.0455589201165,9.15532387701454,0.07944119350846719,15.178995850385073,18.42901452404455,73.38525361050432,57.88805870024452,22.705165253745186,108.96588158256867,710.7433582652699,760.0704711914062,751.5945887213585,750.2827150368993,642.6829367244945,270.8671392327861,286.45489623329854,597.2892829631937
814.528409631362,874.1356728871664,858.5331840741932,891.1841940708845,481.8485741282618,552.7102780256953,842.9600381810545,836.1899435652064,678.9392683651982,627.7080580445587,833.1024868352627,758.3668628851573,828.9349327807156,642.5096190074678,679.7652525314644,516.5303244578927,780.5772673258849,815.96191592866,808.3736908837753,819.9276452636718,382.5652916431427,436.9962935129801,831.9407044227677,903.1756462218269,571.9837322035385,664.4769634519305,454.13484884230473,433.0124129454295,837.4072265625,815.8082774221161,801.0496830977793,858.7514101155599,825.7247986874338,821.3690115017362,754.992677904212,716.0852091226233,678.2699992310108,718.6179302356861,527.0330532448633,597.7891970859484,616.787443817639,629.2143139839172,613.618428565207,767.9432326041127,647.0985678663493,746.9965153855887,644.8217723448414,608.7787422433599,725.5751558451883,711.6332284397394,853.3981349704502,702.7517430067542,716.1857746962474,583.9553046226501,497.14478995514366,483.65274287733433,837.2273057016329,927.3880119213352,944.0990830456464,800.3128081128476,909.7848211271867,906.6003783526544,821.0341332111883,945.9173965336364,918.4739189717307,735.2717558046952,768.7549168904176,790.260392939431,838.7912838443829,805.086389025272,804.265724457062,798.7202306653633,537.1032358572023,621.6446992948457,445.1436033387115,433.651962925011,730.8409343782018,724.5085689813765,758.4424347573138,859.533957345145,766.6753999556619,791.9201134081045,572.509986708959,496.1321880225341,702.1420616922925,725.5538102915937,527.1391032948213,443.14760718362857,384.07620090052177,399.95565978133067,397.68277465541973,352.2513105282436,39.502815630025,35.188487593155784,713.29638671875,694.3863049523305,716.3371104598045,680.910955748407,678.2919534338643,638.0995301710656,8.30032083312797,0.07289269878313429,13.970991522218153,17.709947361967142,71.20939822919595,57.059978192494384,13.515902943081326,94.21925787397606,702.2374378551136,754.7379461115057,754.9651966479,747.5219958341575,642.5476373410693,271.0327838497204,280.18508604801065,595.9282331795528
816.7982122968473,875.811026814008,858.8961623619342,887.4061893599917,483.4022650785224,549.1475450226238,846.4705613600527,837.515354309082,684.7158801506977,632.6583696906683,842.1044535443066,764.50781628972,833.5214611073096,647.9151114452224,681.1394707373719,514.9023530505431,789.9078720598989,826.3516625819412,808.6415585611743,819.3986658325196,374.7371345625983,428.4804714838664,837.8004435804843,904.3352718958779,575.6139913329279,671.7309573980478,451.78611005077045,431.3935414155324,847.8550367535286,826.1377780490451,811.7130558684742,869.0604840087891,829.1488262111858,824.2255162217882,755.3112010126529,716.0273865849139,674.0616093438102,721.732394889549,522.5817867687771,597.1987098093783,609.5616234951332,623.8428018093109,612.8640993341567,768.9969350082614,648.1779885783501,750.5672991317615,643.2479118660461,607.3660788302655,728.6534175842039,714.5785620317431,855.7175850691406,704.7041978374333,715.3481418797788,578.3453410092523,496.3099309274295,483.7655359971445,839.7252308238636,929.433053765032,944.0207107535706,803.2580407381505,910.5639477671748,907.9022569434543,826.025078729752,951.2291186768332,920.124635212457,739.2794354152926,772.4302377724915,793.5119751620939,833.3260292004628,807.9599847108619,805.6827842265636,804.7104515951188,547.6675394040728,631.4608175434591,452.06685362000394,441.80522005322956,739.9553700431449,730.1801190514782,762.3130791846742,865.0524651663644,764.3565182448347,792.6583031985641,567.1490560150146,492.77534109195074,703.4552224281076,724.1076062400343,531.7110290527344,443.6709075843384,384.7184051903896,396.3056613087512,403.71351317178414,352.1767359999816,40.36792178661131,37.68378383331413,705.6597859700521,691.1623850676973,717.0642223060131,681.3074473730579,679.5609033405023,636.8180586108368,9.724149839048838,0.08558944813493226,15.594961899037608,18.934397599107303,74.05906656787894,59.36408968463851,23.641387118233574,114.53878245283576,706.4315795898438,755.0663973721591,755.0302873649853,743.8526690519309,639.8213683483648,275.3401339958634,290.0380985881343,623.9848785400391
813.3373332918745,873.0029710326531,858.385978671515,887.6208616917827,478.1521795494612,548.6800877622196,843.0765832899375,837.0657452327647,677.3476131205656,627.0950768541118,837.079187470723,760.404295100863,834.6343433255806,646.4614586067586,680.8375678228501,516.6856911140991,789.5255999090547,825.1467970344315,805.8611592040664,817.6312653198243,378.44795587327746,423.3733713785807,837.943642840585,905.8835966322157,571.8002961742941,672.9415805785211,455.547833310965,426.21329069137573,843.1256778645065,823.5857602719907,813.9035971333661,867.8241969807942,829.9192300570213,822.9284662543403,754.5160225246264,715.4949346335537,673.1042924116362,719.6967803107368,521.3785206760679,596.4475707436322,608.5361353139408,626.5732216835022,609.5940877189712,766.6276113501092,647.8952749191127,750.1156158182356,642.2923588989195,605.5373628022787,726.0757982946211,712.8617308524347,853.0679542831166,703.0638677181612,714.1371555756026,578.8455994830412,495.6838430440447,482.73943945350896,837.0409401834077,927.9040726213543,939.5140526384823,798.302673862307,908.7951508165443,905.405015227864,825.0408691032947,948.2243238613929,918.1205881602729,736.0736750878721,769.3433117167334,791.6134689817508,833.6209903644149,805.775851170661,805.8004570007324,799.2770901664359,538.2713184181704,622.2730397145986,446.60031968268794,436.1554015253631,734.4285883668994,725.0116699978523,761.2972684819648,864.0777893066406,761.2682733060757,792.1264569894385,556.1605954742431,487.9379120310148,701.5450661444979,722.3086599842322,521.8481482561897,438.8760671288528,384.84562904791284,397.5071586460603,402.4891504356432,352.36584424105786,40.63037559560811,37.59567116397307,711.4054748535157,690.9295271534031,720.7279032766819,681.1721686540146,677.9707575984887,635.1971849380903,9.809716550100251,0.10019849580885083,15.428637138454851,18.779270115765808,73.46837198528598,58.58999800112634,24.938569890128242,109.25014621019363,721.0112415660511,766.2790494051847,754.4346872624135,749.9701767933519,643.2461134966682,275.44941288807934,287.32078501311213,617.0602469608701
812.2534808954916,871.3975097193862,859.8733640981486,887.5351086042791,480.98621717940927,546.9501068932669,843.4990571941561,836.7608170334836,679.4172019058344,627.5447563711004,836.5287146839669,760.5269726768372,833.858596540029,646.6353475323573,682.0084238769255,518.8704167134117,791.5927142825736,828.1075637792036,802.7075744972375,815.6794112548828,376.96763292948407,429.3354620615641,838.1894360717068,905.5319311656649,576.7352925445397,675.9139715865418,454.0155737439572,425.91179694069757,845.9050324637935,832.5762983910831,816.7588549836727,868.9546089680989,827.1934429104045,822.2997117784288,757.2317759638247,716.35460267584,679.4427108428551,722.5779255054615,525.3697498525892,595.9677189459069,605.0727866751249,625.6926221847534,608.6444533901318,765.2807149299513,646.3591772706395,749.9747444091485,640.8715710856698,606.2736625237899,726.7527678082066,712.2997782391187,852.7224621643891,702.543377220031,710.1930581678724,576.109297986124,494.309562488464,482.04442947117667,834.4556753737251,925.3196145649309,938.7755881282732,797.5957891077754,908.2954382191533,904.6950247734303,824.9365358498483,945.3740041874073,921.8925239221373,738.6194996026751,768.8076669301879,790.2838657323442,831.3077926332024,803.4760297069233,804.9102415308222,800.3653137332103,538.7457719855353,621.6139029630851,446.0878826638927,437.14155600104533,734.4554918633132,722.8062189505803,773.8174931952294,866.8438535417829,768.2782740976619,795.6494009402576,568.6611338297527,496.2861632378896,704.1397871244321,723.3160547743722,535.2036690655876,443.127282142424,383.8495411647794,395.63109776839457,399.96915404065965,350.81633031234145,39.72872227899023,36.314290989954884,711.7493143717448,697.905190160719,717.7167719453573,680.8271471903874,678.1558375758979,635.5288652545956,9.623396587314154,0.07699729194864631,15.24390914602561,18.52835727201517,73.6888470797495,58.70874483976826,23.351729737387764,113.93451109791503,698.04150390625,755.3196133700284,753.9883043942035,746.5324905974956,640.761121263691,274.5909320638891,287.4509821516095,612.9819998905576
812.4059329522684,871.2807782202055,860.1719910829161,888.246233601969,477.65318024213923,545.813059767176,844.3692735572808,836.6851632170982,678.535619190761,624.4304342624106,835.0122627320328,755.6363170078822,831.0320788689379,644.4610340151227,678.7636673723288,514.5197152736465,781.0474985131721,818.6658671844838,801.5607721485854,814.8148158569336,376.57414723767175,439.893016688029,837.5393201929838,904.4491294376434,572.5024549861229,672.5881714139666,455.38663792478445,424.6937408977085,841.1855360786869,816.7955185124904,808.8508540276155,864.5882446289063,824.4484000771732,820.1660696072049,754.4048634404721,713.6473495299557,676.9755410349842,720.0369826422798,520.558547598975,596.3504563949527,610.6440332131308,632.0763278007507,604.233311795053,759.4916792593862,643.4969780624411,744.5497889267771,636.575757152778,604.235396215132,723.5981691583511,710.6033659729441,849.4712211002561,701.0181602218022,708.871363378961,573.9183736127966,494.7788740647411,481.9780927626767,831.8941793786474,922.4473001493348,938.1047765606165,796.6359590361311,906.8940871661642,902.069652400742,821.9203328823825,940.4672194841958,918.5841064453125,734.7181249325589,766.3303548011887,788.096948076853,830.5320497500669,803.4475503995274,805.3111990507658,799.9850211847024,538.3598171549106,620.4771721910089,446.374134450719,435.99215569294677,733.6300467819464,720.5652226491587,765.1019598778258,856.8778392246792,761.4794903166907,790.3963567335468,569.9457790756226,495.87126925309497,699.619365147662,720.694460542793,535.3419684914982,439.94481571874036,384.73596980046324,397.0023980576887,401.40779616270083,352.4267954622954,40.30078098836734,37.66067802521889,712.35234375,689.4168349443856,716.511548191309,681.1688099123235,676.5400735403746,633.8357623690207,9.847099081873527,0.08663061789271456,15.669309334670393,19.021535900065544,74.74710072747705,59.73025359433665,26.16807527012295,112.19511027195874,700.9518488103694,758.5663396661931,754.8154456631449,743.7687362477749,640.1346519320618,273.9450056213036,288.7756686680245,624.2908682987608
812.3289076299566,870.1389851810957,858.520211055361,887.1520130415837,478.5289356675259,543.9620896833284,843.7524177440698,834.1865996275557,676.8016158609975,620.2240503342425,835.7881173234645,753.038616735973,830.8737469210224,643.9400505450091,676.0320355477024,509.8960355919585,779.8962149235874,817.2158733950897,800.2874643245419,813.3013047485351,375.3674093882243,424.5002229054769,835.7109512285065,902.3657592894539,572.2760559301726,670.9277365024274,451.4856992900701,423.8193711704678,840.5622640645729,814.8240449881848,806.917459242613,863.6041790771484,824.2806343466549,818.3603873019748,750.2068860924762,711.234516189759,674.1381447409743,720.3210042317709,518.2765881930079,597.2301851765493,609.2596603143411,621.3023326396942,598.5749419553886,758.2293296922439,643.4985918547118,746.2157651416043,632.1056176532398,600.1196739090072,723.759342505855,711.4033791438576,850.6594801084109,700.8477579602294,709.8665732653152,570.9519648364945,490.8948138463402,480.7158332627553,833.6115002334444,922.9257101968483,940.1102706155303,797.2163725400284,906.8888980367909,900.751426246174,820.9927007925984,939.776167669414,915.70852456164,733.5938599990628,765.8303677195913,787.7026245385118,830.6512562454127,802.4078737543433,806.358921085392,800.75429803817,538.3985305226178,622.7886462190967,447.6008090696473,435.30473607023,733.7914157304607,723.9414872925311,755.4662163917054,849.6931228637695,755.5778216365653,785.0439629154229,558.6368697611491,487.28652343591057,698.5112194111693,718.2527051257272,535.2376569860122,442.0040559385658,382.75419997858506,393.7860307490655,397.77860467101755,349.7412826520577,39.47586618152369,37.030709482502694,699.4720926920573,689.4167366674391,718.2189454734325,679.7572147144991,677.3196816189599,633.6411955070962,9.544746752803851,0.08658813586700018,15.491504095959362,18.860958091262727,74.5212496920396,59.04909517497459,24.110195875167847,109.57346119249569,694.6955843838779,756.0546109286222,753.8960735141831,745.1439419517034,638.1573333740234,274.3405555319368,285.16287737181693,631.911632143218
811.7801324693484,870.0549135015468,858.4747519838966,886.8212868587905,477.2927185945733,544.6030451873584,841.866001451107,833.5386655896775,676.5043713997821,622.5699970771054,834.6809021244204,756.8528608564346,831.6643484648873,644.1292398909808,678.7170907396879,513.0441144772853,789.0817301239448,822.3076026130752,799.5480553857211,813.1316806640625,380.192247443729,423.84946155548096,837.9994123164365,904.4325829460507,573.8486651385018,674.5556954787328,454.6139744289672,425.46889135572644,844.1074919790592,825.771092016903,815.6701405442606,866.8326688639323,827.3968392065016,819.6367426893446,751.082797373896,714.3195966237998,677.1076188276518,721.2590764363607,527.146641586508,595.9939678349299,607.366512611264,623.5215773582458,598.8521531952752,760.5874455167219,644.7417810240496,749.1223780871832,634.7852175068264,602.4353201239259,724.8713591806351,710.9482826312616,852.5166334535164,703.0257095518247,711.2460498895346,573.6193825731091,493.6598673694193,480.5691390775522,832.346116014796,922.1870358506286,938.0136604442968,794.8124368016313,904.6682834658416,899.2866309105772,822.4871910165209,941.7570101263101,919.526861162328,736.9282566207709,765.2518600667461,789.7565521112901,829.8249778018636,803.4168659020525,803.8939140079258,799.5890402872054,539.9941260661554,622.7708411278662,445.63481095908344,438.2599839761224,731.6682960635326,719.3605472042353,768.7532140853557,860.157002040318,761.1016984552259,789.5694493819337,559.7423519515992,489.19364450713,700.9576743642664,720.2566188674593,526.1984443552353,441.1921680576104,384.4860624813785,394.9075817263311,394.7451135753346,347.2399806177616,39.47644697214667,36.24231601973257,706.4700317382812,690.0087864762646,716.7831537127495,681.9211733977719,672.5912197200397,631.6586017002395,9.45799233126883,0.06739542480834104,15.103160687649016,18.424446708615037,72.75690267356863,58.263563741252305,23.036404185824924,107.38642347209594,705.581581809304,759.4269031871448,749.8904494727218,745.3873065031028,639.8598435345818,273.16472679062895,282.1573619987025,598.4680281014278
812.3940033175165,869.8174618807706,858.0780120740748,886.62225735425,478.05433367795723,541.9556752890348,841.7437473306875,832.9961500776575,677.7944149873695,620.1411062498562,832.4896044847442,754.9820725153363,829.768578688031,642.7167941027807,679.1199321435458,513.0019159343639,785.650848677938,819.3003908708642,800.0759495930654,813.4726346435547,374.52753257751465,437.0593605677287,835.9578415621583,901.6925987062,577.4122214492079,674.4624551207155,454.6627953671619,422.9270689090093,840.8436011548313,823.5253289116754,812.647142945938,864.0336806233724,824.3337508379403,818.3358428955078,749.4489077360734,712.4614042718727,681.1454692286017,723.2645551893446,526.7655090945108,597.9352487285486,608.5497138851979,626.9173069000244,598.6544347244595,759.4299949175938,642.1598329238573,745.1763200425265,634.8452002962758,604.3181585698694,722.157004613261,709.8765413320659,851.5596588581532,700.8042588102026,712.2047910818604,570.7531583916907,494.64070348412486,481.08570392681025,833.3873650340888,921.7248334350685,936.2998535143892,793.7252125104865,903.5578594174592,896.526801568019,819.0501862038896,937.0189992606395,922.0451394266157,735.4357535586493,764.5973961102828,788.8949125761449,829.8785265600605,803.3153273440198,804.4608659658346,798.5934370697522,541.4072965569452,623.6429900462493,446.51157456550044,435.4549650810134,731.1919047871575,718.223624454989,769.6886090217753,858.3198100498745,763.5152817357089,790.0833987152894,574.8149815495809,498.35934799989064,701.3712965708997,718.8678247527859,538.9227874755859,442.0626636179776,384.956637547041,394.58808211569317,395.47803929999645,348.0857399521023,39.897270005334306,36.98102886490599,715.8372253417969,695.8397511627714,716.224290266633,679.3425004190989,672.9042668621655,631.2261667881152,9.871167213459941,0.08600561740049334,15.709362772400125,18.954639804019827,73.51161123201983,59.24824356341513,25.938597175810074,112.20892073827632,696.1083429509944,751.6773393110795,751.2445473894977,738.2339120212989,638.1199586157705,274.25635285649383,288.72656537186015,620.5614666116649
813.6855476676644,872.1049092129024,858.8220615817874,888.0832602816274,476.45506576715513,545.5444401385529,840.9671786439185,833.6634145338992,676.0297454425266,621.9609063531532,830.4498521138013,752.0917573414151,826.8045026409483,642.1507221822314,675.0455805066954,511.20075186606374,777.5965696217324,815.6643327034985,799.3594809857365,813.4569596557617,373.51202911800806,421.77684682210287,834.0408184387295,903.8386080605643,574.1976494651815,672.84339764878,453.9049796847349,426.48156830999585,836.5769965693636,813.4184983241705,803.5077523459287,863.5020739746094,822.2157198372533,817.5332810465495,748.921717635445,710.8211098176887,675.4601453873554,720.498720380995,522.6804322515216,598.2450834124276,608.830928364738,621.1679697036743,595.586060283676,757.7744259947284,643.2984887657059,744.9083697224221,631.9085115750959,603.2015748624201,723.9822615588865,711.0960185234148,852.3035671440945,701.1222790290172,711.2927667934264,572.7152771014793,491.383408072522,480.84440130683095,833.7807225105144,921.6082876321894,937.111263983708,793.6886220792445,903.0915624601945,898.9783662954966,815.4744721858873,933.7158445075706,917.9561281346563,734.9963606113149,763.6283466359203,786.6166473300467,831.3786305470072,801.8054202590858,806.8417040850666,799.8493987536821,539.9647204897819,624.6649119719798,446.36237987573594,437.2501044474857,731.0680914706871,719.5010995192151,752.8568595723902,848.2728969029018,754.9200669504216,784.4132848569701,562.7430881500244,493.6649605214596,698.474351286363,717.820288229532,536.6331852408016,440.1367687456014,383.82577456258394,394.86495672264033,392.896440722238,345.3909902275136,39.216589439151534,36.05475519552557,711.343212890625,689.0875264830509,716.0796605944633,680.617489905379,671.057122480475,628.9665493300608,9.42673262066704,0.10620560874576095,15.138922033431742,18.42218745117602,72.93796233280221,58.55740309197716,23.188042667176987,108.53327963282081,705.1408968838779,756.408613725142,746.9729268118839,739.8222439922864,636.2282053629557,271.1150929018071,281.7134060642936,594.3200036410627
815.2259039220169,874.0271487669511,858.6338712531236,887.2880294009509,477.48093763839364,544.3172088031258,842.5573311469947,833.9664583376621,676.6864589379758,621.9690523997682,835.4448115651201,757.0572608160594,829.970971056773,645.665192349237,675.2934204007855,510.17840725730724,781.3216801503258,819.208291430806,800.6369865278631,814.4678013305664,377.70451953676013,423.1766492207845,836.506642263173,903.5176621694413,574.5518445475564,674.3881778088245,454.0928166215591,424.78384420606824,840.893887933695,816.9481390305507,810.1705623436475,865.8495900472005,823.9720040014234,817.6650511338976,748.041281525985,709.6069835984563,673.8221618383467,720.0923923916287,517.971366916384,596.2720928406447,608.9154555523982,624.1439290046692,597.2670393132028,761.4791259765625,646.0886424896113,751.5951435635661,635.6098700397271,604.0828989202327,727.407894426392,713.9445701757135,853.866635373507,703.9460527345209,711.8298278603319,573.1094534443874,492.4204912770136,480.4215741409461,835.578596919416,923.9945667838609,939.1836060262395,796.8694406414569,905.623822346563,899.7053967093187,818.8154192349962,937.361696992882,917.3294505788319,736.0172464011251,764.8028850906351,788.559220528901,830.9155353011599,804.937045945647,806.0275846945273,800.7290814509157,537.7129900871067,621.3827803970931,446.41089729640794,435.6565947196853,729.4837201227907,718.1598220761881,755.8744922394449,852.37584904262,757.1266738774676,787.7316684686676,555.6426362101237,487.7846742328008,698.9930847806553,719.4838687336569,526.782570962345,441.42331411520064,382.7540486625706,394.02133735257763,392.6367496862021,344.80808756804714,39.08068859925132,36.627957508873976,702.6548055013021,682.2532467599642,715.9965759813786,677.7044588365167,672.2559183135287,628.9874750337857,9.515252459169316,0.0746932036847014,15.21995854372305,18.614211743128337,72.23468240114785,58.02033097517704,23.48598811361525,107.01629041573581,718.0273659446023,755.0495816317472,746.8172666818504,739.6233420070214,636.071003932579,272.74062836379335,284.88680817141676,597.5351494098531
819.1807687122115,878.7441710269812,861.6966382184295,888.9193123745254,478.20539634615875,545.5595646649599,846.7703239395389,835.7144014139378,678.6618325467012,621.3774417697406,837.0545025957309,759.4763952467176,834.9187824648404,646.0764578045139,680.8475269636705,515.3874427443994,790.6771535285841,829.2315167525283,809.0184051287129,819.6564344482422,378.2262330849965,425.379248936971,836.797635902746,903.7877555423313,576.6146252280131,674.3073099262111,455.9935114107079,426.40787376297845,846.1265908007351,829.8260077582465,814.8628455134515,867.0136405436198,826.2033757355254,819.3180211724175,748.2435331925102,707.3730049592903,680.6088959950182,723.8827583878128,525.4381894043514,597.7979467441974,607.5067106153144,628.6872181892395,604.6291089020078,765.7140998297958,648.3441144131684,752.9100674188625,642.3059042268549,609.9655005348312,731.3340518874506,716.273977203453,858.2620245953938,707.0503356984443,718.5651088081668,578.0311854119394,496.53365520484493,482.2020023966577,841.8430850142847,930.1099443071419,944.5447287878774,801.148207603655,910.3560274870499,900.439894656919,822.8652090836738,939.9911851392361,920.2195380481321,734.9281002178365,768.2422788456585,789.1758452486429,837.9024858155827,812.6335817621558,805.6182252007562,797.745355449739,537.9605909575016,619.6480601917614,445.68653206203294,435.0424572581976,728.1210327148438,716.0981630190774,774.9922719103225,863.4911509922573,766.8076481727804,794.2421081781964,565.8592976379394,495.8668663318952,703.1986445288301,723.195324659574,528.7233512878418,441.93455898718713,385.5938342564429,395.3663832007489,393.8595158323355,347.8278937299146,39.317416921225636,36.43714860439211,710.4762837727865,698.0935849981793,719.3681210875511,681.1681235257317,673.1696000135582,631.1070012789776,9.331709315496386,0.07575903855074473,15.20608039430939,18.594200608811143,73.29982349197094,58.72710691260359,23.043345981174046,111.58461772694307,702.0391734730114,757.082977849787,747.1424454042575,741.9682661611822,639.9158067890243,273.118842186635,286.01240957144535,594.9767061430832
821.7175223250316,882.1230306769862,862.930139058552,891.3919200821227,480.0638046619504,547.4257540106773,849.7348232675798,838.3335348445811,680.0414326969458,622.4268680947725,838.8801232314692,758.1645285894,835.5127720513842,646.1191717535861,680.8848130124718,511.32596210214695,785.4375360136348,823.5367290458806,811.0329368708234,821.3343285522461,376.7371632787916,437.47738316853844,840.0733228961454,905.5326104239812,576.6312221307405,672.7950407698914,456.2487962206424,427.39860603544446,844.3258036487507,821.0682918595679,809.1253185522525,866.130917154948,827.2270461260263,820.7745026312934,751.496873938519,712.8709453904485,680.5660275362661,722.8676495022244,524.1012327500752,597.1157014539626,613.698851038198,629.132230758667,610.6728611947998,767.32507924446,649.1320433636562,752.4040189096105,645.7471874252824,611.1718220443993,731.1460852622986,717.1013057441655,859.4317272629977,707.2924667311387,721.226001996096,583.5466675197376,501.883008455722,485.964913536796,846.8282355551913,934.284974321171,948.8510041687452,803.8695536169729,914.3991294263757,903.025199688754,821.8042867584695,940.8425829783389,921.7012980446887,735.5043573504271,772.947063507123,791.6886946881431,842.1864165773817,817.4300975483426,808.86848030434,801.290252935691,540.7509483547385,624.391335095162,447.6978560737942,437.19011591521786,733.3292053722945,723.9243324881272,764.0578522377825,861.729855128697,764.7703851283281,792.3501966627757,570.1124713389079,498.92518855929376,704.3668504756978,723.9139426449651,539.2374160766601,443.6290846568152,388.1526592163427,397.89889805708015,397.0004770845833,349.942041460375,39.67843701571864,36.98653076293408,713.9909729003906,690.2401557534428,717.0597925186157,682.7619644700133,675.6000640810901,633.2886884544764,9.392533667114453,0.08719888388144749,15.339883522019628,18.78453728623738,73.79161167373412,59.721834191123584,22.784037351608276,111.33486023808227,705.7877197265625,757.3743663441052,754.7740613694159,740.9221598951123,643.8606965308096,274.198251996124,287.78966944867915,598.0816345214844
818.8931781539106,880.9339172189885,862.6602557496424,890.3379293798926,482.06196540122806,548.3678989325251,849.5763486193879,838.7783944442424,683.2395282545868,626.1874022796505,841.4809707393491,761.3655084912739,838.2950217245374,646.8548800325104,683.0940111567132,513.3746254587587,790.3950244487744,828.648344363089,811.0308766566017,820.1655909423828,381.3972438706292,425.3709768295288,841.6987462724958,907.0286125304207,577.3358514496169,674.1649503812686,455.74995867060034,428.23963684505884,847.8386691111439,827.059213294512,813.7448906685737,870.1703196207683,831.9669462300964,824.1572549099392,754.5257141113282,715.6344626553088,677.5515896297236,722.4865935996727,522.3582971521786,600.5426453436805,609.9590519139024,622.1330761909485,612.329519472425,769.7779292969907,650.5223095284199,754.2089821107206,647.9443256185075,610.0926160112127,732.0790434944053,717.7858376083486,859.1366671803988,706.8262207887062,718.9456437115177,583.8763596310336,501.18204163684516,485.88428614933633,847.5008926308037,936.4453440761125,949.5473800251345,806.003107738316,915.307150381337,906.9641918568935,824.6460751408101,946.8341164804781,922.1634357509329,737.1501226630784,775.8744341886445,795.8608646340596,841.9485336109332,815.9411934699801,810.2840510703422,801.6957895873023,541.3564752701226,625.8904749222132,450.02642313639325,438.6271198971171,737.2175918328958,727.2720187491896,759.7540685775432,864.4445713588169,763.5542354364504,793.2506609045339,558.6770255788167,491.73432046572367,703.5927688396974,723.7501114322703,526.5196018443388,444.09450914885593,385.66700981371105,396.5666100543716,397.58233919990187,349.20791451419393,39.09518210656178,36.366672869380075,701.5326354980468,690.1049173646054,722.249791264534,682.6878475776085,676.0844900213732,636.0793087220134,9.237234327893116,0.0810231351500584,15.108413318004668,18.360363174881993,71.99276832614747,58.11161717800398,21.01232147216797,107.40958660139756,722.2557428533381,758.7591541637074,754.6207480206585,748.2968796355815,643.6590357761758,273.983598257366,284.6708998391123,607.7243220888336
818.2941206894911,878.709888915823,862.9398974986763,891.4463064186126,485.31333430090615,551.5858850670712,849.1137325875493,840.3579998714366,687.441072220705,632.1377264007193,842.3515322925599,765.2984307849218,841.5822704177777,648.8185148760375,690.575368430484,520.6645276950252,797.3853373595324,835.2252507479088,811.3272527278154,820.503961303711,382.819458855523,431.57841606140136,845.1498255543895,909.7317587534586,582.7748117584208,679.2504748983697,459.0255081851179,431.3260823090871,852.4023487882794,835.1884222336757,822.3669523304216,873.5774424235026,835.0904177649546,827.440860188802,758.5781281844429,717.0304372396814,683.6510560964173,725.8585943999113,528.8631377049854,599.2586574483007,614.0604698306224,629.4251561164856,616.9356489805948,772.4837376020531,652.0677284942032,754.7218704502485,648.7604952868352,611.0540324591257,732.6004871268426,716.534848437325,859.2368417086902,706.9299174081872,718.720168177857,584.1535198361266,501.5813200680761,485.9929090996323,844.5195112614878,934.4688614937994,947.9203287993857,803.9071139215752,915.6248118790336,906.9089823146276,829.5682004409464,948.8623780360438,926.1391149492406,739.3706151434925,776.9149281393611,796.8059111734093,838.3690538224141,812.7698768910782,810.7165191066158,802.1729412391537,543.94111290328,624.8319891066778,450.2524314548658,439.6159251038457,737.7419617449651,727.1874013560441,777.6297984021775,874.1181280953543,772.8593310652108,799.0806312994074,567.1840436108907,495.1161259631316,707.8043521360154,725.587508380696,532.8105093563304,444.5882978249973,387.8271329207346,397.67013519921557,399.6506033572914,351.39568158369514,39.419652000982616,36.17525908515566,710.2903116861979,697.1246162026615,721.7357802093029,683.2456012829397,678.3560683660531,636.5936448020282,9.239490116394958,0.08325351080684751,15.07492117706184,18.521917617252516,73.26876909167493,58.47848049186731,22.083194759156967,110.68625493610607,710.4633456143466,760.4160988547585,756.3465154250996,749.1634212445609,644.7099522609336,274.23322009831145,287.1651649041609,596.9518148488012
815.9236535226581,875.5785164784903,863.2515137226771,890.9005579701458,484.0076623084933,550.6202432513237,847.8969404996203,838.3890897320687,685.0716845356689,630.7632197493413,838.6643300250294,759.5982539192079,839.1319577460837,645.5981082327453,688.8662763116372,518.9359744772426,792.0092202136867,825.3745827057037,809.4584351755193,819.7206127319336,382.0532786581251,441.3889549255371,842.8559740460108,906.9909486316499,581.4970008964938,676.0781765927326,459.46733963687115,431.7093387974633,848.0201712554356,829.9466246051553,817.4794240235657,871.9826359049479,831.0338459338172,823.5993276638455,755.9557110330333,718.1039599682912,682.4253437865673,725.0298240096481,529.3503655706133,601.2892639788796,611.3004765745069,633.7258839607239,615.9990205726926,767.4013778903472,647.784989095664,747.1894151035108,650.1770651399597,611.8280943890552,728.2448279804761,712.6537742090366,855.3845346738012,703.6122989349922,718.518191726753,583.3215650670669,503.18518138323543,486.67111607169073,840.4582125443358,929.6231961896023,945.076486348591,803.3442204369836,909.8224228701384,904.5936338970962,824.8027085237183,943.3048641313741,920.8287314229937,735.19235006175,773.2811531713086,793.6934281141602,838.1819347636715,809.6834643453524,813.2117199940725,801.2504919708753,543.4395992734017,625.7093484721659,448.9210600922073,437.2918039241307,738.4225093653945,725.8691653176462,767.084821985123,870.4939128330776,772.1843522755122,796.3378723299965,577.0826480611165,503.6428335887318,706.0033136241761,724.8739739777582,541.9425389009364,446.0726826363092,389.7670625555329,398.44853919748044,398.936684931124,351.1677808222951,38.86933567427547,36.22713430641103,719.9989176432292,697.7646815413135,719.5060189068317,683.0734741116001,676.8963273414826,634.4238046212417,9.274915539052975,0.11371378263596583,14.901809419239505,18.403781789414435,73.5921404406393,59.13031717979534,21.837074677149456,113.8700340968721,705.6646728515625,760.3425071022727,758.8910833781198,746.8581110314478,643.7502279842602,272.4525024807244,287.61569932012844,613.997359703327
819.6764629053254,874.9834133205992,862.7950839701504,890.4629538486678,480.6071051397989,548.4372413158417,851.7613440706297,840.9129992480988,682.0061198059393,627.2184894514866,844.1046444652526,762.1709922275846,841.3001172963792,645.9811498050989,684.8499252902927,512.9997937522514,789.1969743339936,823.0399105160735,810.1245756478145,819.8416607666015,380.26795024342005,430.43829078674315,846.5446640719239,905.4298471723284,583.3662704098288,676.8828575637315,458.7694093272172,422.9600239727232,848.3626701786833,823.067887746552,814.7201509250431,870.6218404134114,833.3498612743313,826.7310830349393,756.173828125,717.3092441788639,677.794383851442,722.9153535630968,527.1450656945152,600.2213671537821,612.123541159708,623.4014256000519,614.6797745700867,763.4749805034619,651.2479780935644,746.9426068785594,647.6842285345408,607.9413544948285,731.5441974378401,713.2056363586806,855.990665865374,703.2521005487538,718.320552261421,586.0547794267243,501.8030227571461,486.32299982062534,841.6213822296911,928.6509634013529,949.9743013701222,806.6251001876917,916.6833546116042,910.0517904326368,826.2077902697642,946.675736452817,923.3260660883207,737.58949933126,775.1752561772807,794.0235957641761,838.4866918090042,808.0028353527765,815.1497290843242,800.778772322858,545.0248392787548,629.1466604786002,451.5892643582994,440.1727118693607,740.7988328777376,730.3936513053926,754.2582605240193,861.8888844081333,767.942576324346,790.9803506471834,566.7348878351847,497.2198082971573,705.1489225177513,722.1169644801648,541.5927904465619,446.72555341945446,390.3040262221669,396.90455957391123,392.27518984817084,349.22082674625017,36.85929222208237,34.075543029788484,706.6379516601562,691.382633532508,719.65448564291,683.4398937872633,674.3439114597311,635.0970167332582,8.7102255289884,0.12402536928722704,13.276196418733996,17.229698884536628,70.80791313849143,57.75861590167117,18.00611951616075,108.1253373096971,704.7701970880681,758.2266468394886,756.0844968245334,748.2208025968528,642.9572729970895,268.3832681257474,280.17070624322605,619.0132277916217
819.4236464607392,877.107331420436,863.0955138869858,894.0230819580564,483.9769442713538,555.7704749022212,851.2542402002412,843.3901753202398,682.3758584528554,632.8463202109102,845.6620337633583,766.5160236207265,845.0567415999711,648.9830345489718,690.1205459898384,520.7688364071527,795.734312518513,829.904667413908,813.2254016262361,822.1726276855469,385.580830944909,430.6044455210368,849.9856360354293,911.3499675326877,584.5437041776967,680.3105914356944,462.4413554997734,429.88422351413305,852.6079844348835,833.9740766360436,823.5475633676284,874.488115234375,836.4727518113993,829.1422905815972,759.8423764436142,718.1239311494023,679.458339607138,724.2994264673304,527.7285175834384,599.5344069263016,616.9126059110048,630.7466678619385,615.4402632784276,768.6606329606043,653.8749472038992,752.8529053373992,648.3403972278942,606.8967719011373,734.159186165179,714.5430222200858,857.0355366641797,704.395316706337,718.1291680956101,585.4768680217219,501.6284370807729,486.09925660344663,841.9261247482383,930.2252462329687,949.2667081556876,806.0598610266064,919.9441131989852,912.5089838977385,831.0846031258959,952.2209833168689,927.2363500452753,742.0668245655621,775.4561783867564,796.5823765999751,838.623874907281,811.317136142794,817.3307726232855,807.1155080951628,546.8398407402389,630.0172478481804,452.9310581373132,441.59522000165055,741.8938138367699,730.7737302661436,768.3281483751663,872.9504547119141,772.3617474201538,796.8112969500584,559.755020014445,491.65615139643353,707.9932358460279,724.5030784733727,527.2703137790455,445.1628778036751,389.4376544849947,398.47872207318215,395.313229882707,347.395517540006,37.62514277851679,34.13244986552764,706.5419799804688,690.9426186771716,721.2472725510597,682.9699871442976,675.5022764521398,637.282394716967,9.039731891771417,0.10257308038503483,13.75018858753061,17.594908770539767,70.78251384324129,56.960806588350636,18.761238892873127,108.4866389404325,712.398193359375,768.2773248845881,753.5086690403471,750.3598223336136,640.3348765653723,270.89506300290424,281.0391643553069,596.4385670629041
820.0400369727485,878.1327286729909,863.9927857316206,894.1153103649854,484.58087414586265,552.4551380574703,852.7810564098049,844.3185692904858,686.3405715786681,634.9172916021504,846.1733611812436,766.6787159147717,845.5754229903835,649.6813333835679,690.9177461038181,522.4477678629069,792.5387340382943,825.4229275459467,814.9791742375984,823.8758917846679,382.9799301094479,433.5403668721517,847.1311866793282,909.2569594307552,584.2566737379703,681.3080877890953,459.36979936631343,428.7351275020176,851.4247948988428,834.3432290913146,820.8135917443303,873.5417008463542,836.4597125295866,828.9604851616754,760.0860420558763,718.1834249841162,683.7970977648764,727.7666986253527,530.4488616926329,602.055873113625,613.8624160016169,635.2605690956116,622.397394397429,773.0544161683575,653.7519028405957,751.7814281014671,654.1720383443123,613.4489535018281,733.6034548774842,715.4909985516427,857.8324119992544,705.7647119316777,722.5971786943786,587.6804757959702,503.9090334486157,486.8553558036856,842.5630866695208,930.5881336629391,949.4914589463764,807.9844724259725,917.4623196485768,915.5606279797538,827.1956926165007,950.8511009667636,925.6915783099274,742.4300254130549,776.7524362233248,796.5440854787495,839.2603894874549,812.7630564652753,815.0135691187403,805.791874682317,546.3799129101114,629.7318584227459,448.35083140497625,440.38434826488225,742.6654162797771,730.9345554969123,770.3624722095246,873.3903514317104,774.8570539101787,797.0671727489371,576.7548324712118,501.88578976988794,707.7742462662349,726.6181581973576,536.5253755906049,445.93257357669654,389.16929672689486,398.78866548149784,397.4703573505623,350.68438441165415,38.007086762224965,34.83739708069013,719.6956420898438,703.4997113761256,720.1768897175789,684.4914815134592,678.3772180183546,639.0600833473112,8.872355241375963,0.12294729220016894,13.940984969835185,17.73936248142384,71.48760194435408,57.182577899542025,18.388577514224583,115.84738810272778,712.084883256392,758.9048018022017,759.6276976310166,751.0980462182927,648.1364865770527,269.26673936007313,284.26645514459324,598.4590127879176
821.3165794651793,879.0544879894064,864.6892674794237,895.673994391088,486.3895483593608,556.0804591987815,854.8959679697074,846.3249559183323,691.7496054987519,637.9425062468795,844.442746790444,766.721651440575,844.1722729324681,649.7985479339414,691.6846840796779,520.6229487390399,787.201948843861,823.3710936232659,816.0852593389051,823.3936434326172,377.5769066810608,432.93832918802894,850.3377911814019,912.0564399295383,587.0424931810788,680.3787174329653,460.99778024662925,432.03601315286426,849.3073504465931,824.0680938343943,818.5856972041092,876.0445845540364,835.9219125004138,828.7973292371962,758.7116248089334,718.3231899767037,679.2351695325406,724.2452751442238,527.9172210863659,601.2219052546926,612.9139151651351,626.3143262863159,624.7318551966122,772.731008448307,655.4495399257266,752.3668148838289,654.7635017170394,612.833650555644,734.8820833048513,717.2458006559579,858.8066936993691,705.8578116619731,722.7898340096923,588.4357437619976,503.98839892439054,486.8092148471776,842.4777424573115,930.0568226310942,951.2640463332635,809.3928124206822,921.2898375701905,917.9250009179501,827.0570294208119,950.2085686073382,928.9053361237939,743.2178711653988,778.5081378170613,798.0534806903115,839.1601420845955,809.0037832523578,817.6920867095123,808.8558415272197,545.7985442975246,631.3160696318655,455.1445838817652,441.24613501320425,743.0662874315606,735.6075745895196,756.52786969124,862.8985661097935,767.338901972862,791.7510702847118,565.8908286921184,495.9707690143585,707.4090111820708,726.1904948794718,535.0190642861759,444.3843480133408,390.74829197395593,400.7471954484378,398.7194797665273,353.07231500982,36.97899221660164,34.08185157361787,707.2495442708333,691.34211291297,722.5731974840164,686.4950768785778,680.4049329199561,641.5075756809822,8.573878244677632,0.11866032407377605,13.44320590919959,17.405496418719018,71.0501051666215,57.3093895520364,16.47637629508972,107.08584099657395,711.5210959694602,766.0139515269886,759.5662362527527,756.1044155072562,648.4052614698223,269.54630689371965,282.1558011228388,610.5049264842066
820.0991124645175,877.5258621639675,865.3972000684523,895.4888174049407,483.88116952763045,555.386436594384,854.9448293440381,845.5761768032642,687.5009400674275,636.5227992964573,847.9354687822544,768.9169464686561,846.8883031776389,650.2701376543837,692.7097229525373,524.0625079766693,795.8156357896271,830.3579473210332,816.2865489433551,823.1586925659179,382.79809119966296,434.73058268229164,851.7494931131558,913.0772933959961,587.6568472697472,680.470623414595,461.94526857829226,427.91970874203577,852.7047461743625,834.2718451605903,825.2212028603541,874.4746372477214,837.1201342566538,829.1640105523004,763.5315323539402,719.8992829839867,683.4850271619889,726.5925692805538,531.0022832921574,599.9390538962147,616.355080026095,635.0549659729004,624.536172113603,774.1588052324774,656.5798870118538,752.7604589308911,654.8097811671328,610.6426952902253,732.786546737917,714.7250295440473,857.5014896098251,705.296025799074,721.1789020658074,588.4602441600724,503.98977410454523,486.9700416846234,842.8670714128709,930.9542673539232,949.3575867638475,809.5176773359807,921.8531027196801,915.8858351213646,832.3117730843547,955.102317390128,930.0178145223589,745.4740401814458,778.2154419507873,799.6544873104308,837.9296340942383,811.2214798900962,815.9174431465767,805.683099465292,545.5498051074667,627.5130303453058,452.03752158344656,441.5885925292969,744.1227927286117,732.84544505519,773.2906546085438,872.6810618809292,772.5056604261142,797.5178116531991,565.4465923055013,495.3800932685534,708.0085995711944,726.8360850167976,531.3094649931963,447.11392759674294,391.73349496473867,399.441541459478,402.3166060232145,354.4864158482353,38.52210844760325,35.34349204243918,707.382958984375,700.1892545021186,722.671071022749,686.637565146744,680.0004917465094,642.0816836555313,9.23338853881241,0.10904651734788247,14.108742366802325,17.940224486016664,72.27111169782366,57.93201268555581,19.76975499259101,112.07559739842134,718.4775668057529,768.6534545898437,760.7024986727926,758.959873054601,645.3392387838925,273.4183620277204,286.9599052486998,629.6495014059133
818.7691423220224,877.0134862938313,862.9500330359133,893.2549703529631,482.25033873181013,551.0670828734126,851.5419720635898,842.7749181284803,683.9063464378823,630.3247689487504,842.6541187317391,763.8232978898382,842.392436765275,647.3472358601296,688.4569061454849,519.6339020610743,791.1357045829013,824.0235564209694,812.9736668963085,822.060207458496,382.77358023325604,438.40173899332683,845.1653038013893,907.8016069805811,584.8644044636432,680.8628229204115,460.5273932989131,425.9204563299815,847.8338669111143,830.428547574267,820.3367597925381,871.7013720703125,831.7143793914278,824.7461499023437,761.4156637440557,717.4003047713314,684.7940521912428,726.4426272356951,530.9350329552378,600.0867674752568,615.3539378682121,632.3448987007141,626.9459845868367,774.1229958918423,653.4450383757483,751.2657227753199,657.3628307334648,614.2390821230161,732.5171510807929,715.4111185535307,858.8404670185104,706.7704727662731,721.2502008788789,589.4517231361539,504.4130861741188,486.20730314619607,840.4878945825917,930.3252353425379,949.5737105136814,808.8050047295626,915.1437348805304,909.0443671791298,826.6424512017393,946.6151234093027,926.5963110852597,740.8259349322134,776.1244952729579,795.4370847670193,838.5548199187418,810.3711842911019,810.5972853995659,801.8448588261839,543.4251807676543,626.4280852610931,449.0273329140484,437.78740165602994,739.0699918152856,728.1272917308254,770.895023427111,867.2546615600586,774.0614522590491,796.9166282955454,578.0923141098023,501.9772548186779,707.9560882198653,726.2878188226524,539.2049853156594,445.25863333471415,389.7460571496437,398.5351376057823,400.6641781676896,353.7031824677294,37.85877128299843,34.50870214956597,721.8714884440104,702.0145434363413,721.1949393749237,684.8196521819447,682.3306673064486,643.5465568038828,8.678989475792102,0.1184440230536792,13.741512670479924,17.611670689340514,71.21591756553764,57.4588716522783,17.69665500852797,115.73597104409161,708.2637606534091,764.9236461292613,763.1592562886692,755.8214190519309,648.6555570714614,272.3116402782892,284.85572599642205,623.7924636314655
819.2260307483156,875.7593115989608,863.1885353115595,892.0839296318145,483.11577891859895,548.7996550287519,853.1686591028862,841.4119813634994,687.6836919054693,627.0879044904084,842.344864139712,760.8334698268345,839.8365923192857,645.7450030499142,685.4557899978031,513.8444628869333,784.8596204423227,820.7336314001749,810.3567536233486,819.3851281127929,376.30100848939685,425.6782377243042,846.4791536592646,907.7131868695456,583.8523271252348,676.7671601326911,457.81966254724324,425.4444129069646,845.40349506882,820.8515569239487,816.0878104462711,871.355463256836,833.2220056824765,825.2967168511285,760.6905241593071,718.3267427007836,679.1689497489762,724.2925391020598,527.888239962714,600.6655318299482,611.5761045862416,622.8125944137573,621.2013942051738,769.7469345743622,652.5337996535978,748.4862178361903,652.1226874796812,610.0705726130026,730.4345610495536,715.1054410207306,857.0523586125908,704.388107349725,719.655311995023,585.655021162594,502.4971914194246,485.9863867247797,839.5500249956681,926.7228880877848,949.7276172287778,803.6859223636857,919.4455815024997,908.1363886718225,824.4737219387603,944.0027281379504,927.3101759953286,739.8625951034309,776.3721580669786,795.3736676470129,837.485679189111,808.0843370975052,813.6734356923147,805.5832048009654,542.9203947574721,627.3923491771087,451.5544208029042,440.41157725159553,743.1308306084304,731.2880362989497,754.201870532746,859.575687953404,764.246359258776,789.3691241056221,566.5361439768474,496.8675449812412,704.2195263597933,722.0785208549934,533.6813159269445,445.13670034959426,389.68665725916316,397.5593795419734,399.144949360164,353.35545926243685,38.02836021019417,35.04281783288708,707.2953267415364,691.2330280885858,720.6248967945576,685.6766727003037,678.9646069863977,641.5297530904085,8.870446550941683,0.13182579168566952,13.904237694605097,17.76006029670316,72.24664593009958,58.17577254293569,18.806760629018147,112.92459375805714,704.3087491122159,760.6011496803977,760.8576232090893,753.2947310435621,647.734572466682,272.01017218514494,284.5704848694079,631.4014329581425
818.1218733894501,874.8172268530335,862.7420583899608,892.3017213069111,482.6296342361805,552.4645597040653,852.2479304893344,840.4889649476396,684.3493710780631,629.774897782529,843.6849055096386,764.5286602890681,843.2812256330487,648.3185496286825,687.8871090613787,518.8376027411105,792.2785787717991,827.3520721232773,810.8996307840749,820.1559443969727,381.1901213328044,430.7813196818034,847.718350029267,908.6762214539543,584.9216706740294,679.1658328548892,461.41017005456746,426.0050218105316,850.8417559929613,831.0841502248505,823.1564546520003,872.6198262532552,831.0334572226315,825.3712995062934,762.0080699091372,717.2553482974869,683.2167310000516,726.1140450371636,531.8002482993262,597.8387436884619,614.8501224205143,629.4930624961853,619.7197095736389,771.4873690492169,654.5408787727356,752.3221387138144,651.0806201942696,609.1249843877512,732.6349705173124,714.6276111323114,858.1219038773074,705.3136054687577,720.6756515845055,585.898701321845,502.6263763326523,485.3856526644269,839.5425781383702,927.6550346348021,951.2879290529255,806.5737235435402,920.7215366280598,908.9989673519405,828.1636980622551,946.5950345737944,925.7187391822018,739.9162216107975,775.1256592358096,795.9311040542057,837.5963646712577,808.7538281013952,813.0045166015625,803.9302375668385,542.8007982586502,625.0247455283161,451.01313671167344,439.72932756450814,741.2223588286853,730.9419962143007,772.8819774871176,868.1088442121234,767.8436844047459,795.221012562678,562.5070435587565,491.70069102605186,704.8223717206375,723.0231414302009,530.3936504420112,443.5141877113482,390.8722380325198,398.09343529664005,399.42298911053985,353.27457469300214,38.19959231013113,35.211628490054515,711.2483337402343,701.5036227985964,721.839057713747,687.1734646974106,678.9336358184427,642.2294479407425,9.035403688559247,0.10775502724228082,13.900250780588706,17.753676517278706,71.94047821469393,57.84934337917397,19.982646412319607,112.8870636996101,719.373701615767,771.0475408380681,758.9121390733143,758.5419512398636,648.9531028597962,273.11260063188115,284.3755215298046,622.6934893377896
816.2948378525771,873.4453390487516,859.735489454054,889.9017858315274,482.3598899663881,548.0628465243748,848.289789913662,839.2983238252681,682.3004503663706,626.7960697510204,839.2010447804521,758.6404500446622,835.7632849613144,645.1819392881895,683.4948662833788,516.8374835019076,786.6240055029991,820.096280012416,807.2825123578652,818.324196472168,376.1627107196384,438.0111127217611,841.5683412538118,905.4477864522783,580.7306819336577,677.5977709843562,458.29878435082196,423.9789883295695,845.2665683098559,827.8436151198399,816.5911828389005,869.6394954427084,827.9756632659395,822.9798041449653,758.0951140030571,717.5446308549629,683.5931013334165,726.3741373132776,529.657626594816,599.8492556796984,611.4165124111488,630.478750705719,618.8438567339427,767.9156778344611,651.5909867724171,748.4862753410786,651.3928697119075,611.3165692482795,730.0373720076776,714.0738104116882,855.8275351874156,703.8733907436701,717.29803333368,585.3563232795865,501.08306916611235,485.067721721291,837.4977004353084,925.3238856384048,947.8623536122283,804.6188459074295,914.1988832855225,906.7698939178368,823.1489981088434,940.9012881757791,921.137397595306,736.9250031731233,771.7735843529862,791.6800928674586,835.7277228255181,807.2499533806058,807.9182237504839,801.7466352494037,542.0323874797297,625.0306481035241,449.44884103968525,438.7199745715504,738.6045257068071,727.4337327885925,767.5094695395612,864.0283649989536,770.1035474872224,792.7979316793752,577.8329880523681,501.2809185822805,702.4592660744285,722.5009137250532,540.3032430761001,444.79250643098396,387.4779391263922,396.86725492287025,396.48263185341006,350.36645504463036,37.34843310563291,34.177636088878366,722.3625345865886,702.2456499519994,717.0967303216457,683.98005330185,679.1406801820712,641.0976801361606,8.76598560717876,0.12572824890828796,13.624943030970641,17.532813691958395,70.97539650058259,57.46326522922371,17.277281019422745,113.39066473175498,706.5709284002131,760.418935324929,763.2177869553534,752.0233256665966,646.3489517511106,269.0050992327824,281.907291210059,620.2173861799569
814.7171155260755,872.3045288818051,858.9487856253716,889.4503348605091,481.4374348485193,549.6519605645111,846.8100069115941,838.3547579436606,680.763771504772,626.1830399075493,835.4795098653653,756.5111322342403,833.0222587781745,644.7479383978042,681.3205336599208,513.1358337562078,780.567917520966,816.5410702600827,805.8994300465931,816.6604875488281,376.1712783707513,425.9677000681559,842.3088537329031,906.0730542985219,579.1884245348226,675.6940724194704,457.7035926481637,423.83038070466785,841.868855026533,815.8689017590182,809.8875440061875,868.3360215250651,828.4100685766188,821.7505783420139,755.3865839419158,715.8728264498424,676.6050611319521,721.689559088813,527.1207342914173,597.3374014007911,613.0026760413998,622.7809498310089,613.4503045460534,763.2470568616243,649.8337422904862,746.6630741420545,645.6707811700411,606.8989951060369,727.9501398394185,712.261978568919,853.8709513027235,701.0155618700463,717.6954242210218,581.1178477605184,498.8774849138294,483.2100689799971,835.8890533447266,923.0797244796047,945.1971750761469,801.7203914497404,915.1964747675087,907.6649495000593,820.8793856652869,939.1565038735974,920.2866656744658,736.9026413690443,769.9863281123089,791.954401773604,834.5309195548865,805.039406792235,812.0683423635122,801.7086295456182,539.4405140308065,624.9865219314377,450.7342190949813,437.60911710497356,737.8645142101851,727.9052354488135,752.4681396484375,852.7359390258789,758.867663913303,785.6878540706898,562.8172268168131,492.81641657392186,699.6144882739903,718.7611940415384,533.80622289321,443.596093981705,388.6378477917363,396.30804033557905,395.37627236008746,348.72203621625744,37.296968479562096,34.37922837065769,706.1453002929687,692.0309489621955,719.1995339989662,683.7915866623098,674.7489101031355,637.1096110821936,8.742762115768672,0.1388770724405293,13.626759443971004,17.682436454603987,71.86743024374707,57.80325511462215,18.627704249487984,110.90633505407502,702.8156682794744,761.3615156693892,755.4775804353241,753.0951213595233,646.697748520795,268.2519984621751,280.90973872849435,629.7044625117861
813.414355299408,870.5805977619056,858.6862372762383,888.9722190340202,480.8936540914136,547.3470792067902,845.474957972638,836.6633077093895,679.6796339482677,626.0189415001479,837.328190377088,758.7371784789221,835.4414800836946,646.3160583239335,679.6592531299117,515.7410657926839,786.4127642735485,822.6355583469733,803.9933107620911,815.7002346191406,379.138415866428,422.65800755818685,843.0093155622826,905.5616225893535,578.3781414506323,674.899779026325,456.6650369127811,424.3260104258855,843.1067324944262,825.2144715108989,816.4022327332984,868.8089571126302,824.7201856192896,820.6064830186632,754.4056513247283,712.071121583502,676.2431192944229,722.4802022863317,527.7982782210622,595.6412809421954,607.1282918961322,624.347785949707,608.9859899533765,765.1859471470259,650.3225085197384,749.6802757120969,643.4711833906567,605.1418157357436,729.0342298599982,712.8374855679151,853.1639560836929,701.9569424728992,712.5639898017918,580.5749930587469,495.3170175594716,481.967560506345,834.664758621667,921.8539847444605,943.7297510513735,799.7955563520178,912.3626405881798,905.5958036145732,821.9536994210806,940.632615917504,919.6696912850906,737.8936133674257,767.925981938772,790.9636589807661,832.1455856371837,804.5268405471718,807.5288513802193,801.6177149287989,540.0053659841554,623.0024851349009,446.0812333701313,437.95132790149097,736.0350156690254,725.8651150905245,766.9342755256815,861.3058112008231,762.7016799751369,790.0552815541378,560.6244822438558,490.12489839076994,700.7114473216859,720.2004702116124,531.521018892176,442.9999174723395,383.6364185810089,396.00009598130976,391.3531571415163,346.13290542892025,36.53548279576461,33.52265245741012,706.367734781901,695.8381016618115,717.8833278119564,682.8092242668117,676.3408217199583,637.8105849660113,8.536527224773492,0.10862473439839151,13.28467575392759,17.093883779244166,69.97522663228408,56.23997306787429,16.466522031360203,105.83492303245208,703.667558149858,763.9711791992188,753.33899192042,752.7551165230667,642.08625943053,268.8406852564791,278.2381941910946,607.858518403152
