ROI_2001,ROI_2002,ROI_2101,ROI_2102,ROI_2111,ROI_2112,ROI_2201,ROI_2202,ROI_2211,ROI_2212,ROI_2301,ROI_2302,ROI_2311,ROI_2312,ROI_2321,ROI_2322,ROI_2331,ROI_2332,ROI_2401,ROI_2402,ROI_2501,ROI_2502,ROI_2601,ROI_2602,ROI_2611,ROI_2612,ROI_2701,ROI_2702,ROI_3001,ROI_3002,ROI_4001,ROI_4002,ROI_4011,ROI_4012,ROI_4021,ROI_4022,ROI_4101,ROI_4102,ROI_4111,ROI_4112,ROI_4201,ROI_4202,ROI_5001,ROI_5002,ROI_5011,ROI_5012,ROI_5021,ROI_5022,ROI_5101,ROI_5102,ROI_5201,ROI_5202,ROI_5301,ROI_5302,ROI_5401,ROI_5402,ROI_6001,ROI_6002,ROI_6101,ROI_6102,ROI_6201,ROI_6202,ROI_6211,ROI_6212,ROI_6221,ROI_6222,ROI_6301,ROI_6302,ROI_6401,ROI_6402,ROI_7001,ROI_7002,ROI_7011,ROI_7012,ROI_7021,ROI_7022,ROI_7101,ROI_7102,ROI_8101,ROI_8102,ROI_8111,ROI_8112,ROI_8121,ROI_8122,ROI_8201,ROI_8202,ROI_8211,ROI_8212,ROI_8301,ROI_8302,ROI_9001,ROI_9002,ROI_9011,ROI_9012,ROI_9021,ROI_9022,ROI_9031,ROI_9032,ROI_9041,ROI_9042,ROI_9051,ROI_9052,ROI_9061,ROI_9062,ROI_9071,ROI_9072,ROI_9081,ROI_9082,ROI_9100,ROI_9110,ROI_9120,ROI_9130,ROI_9140,ROI_9150,ROI_9160,ROI_9170
866.2051062195472,973.2601079507308,927.487661037377,1000.3394148017305,422.09587411215136,484.97668323772297,916.9611473831476,930.9138761090218,653.8600244230154,598.9258347476115,823.0932327130946,807.2057823347667,868.1890375520107,674.181376058563,635.2885577785435,503.3958696810247,809.1569882071979,896.2451265784989,923.8021471747037,922.9491396484375,346.6986561881171,339.0460692723592,968.7068674767344,1006.7140845041426,641.8366186331704,699.7418634184114,514.4796300224177,393.24797349505957,865.8202995444244,844.5890625,900.6264752565719,929.2208945719401,908.7472020811954,894.362857937283,786.543506920856,761.5219311082219,795.6215568912187,779.6091589751067,458.0563217316355,545.9424515056253,711.5876324763063,628.0513892173767,732.7495108104888,767.5817563206099,818.3252553156159,823.2666897467005,724.1965934181017,666.3978714380231,891.5548987480902,764.2959704049522,875.9823114391767,701.231200028713,782.9468972757793,550.1838108792025,497.2266681867637,475.2697596752897,887.3814102791225,1033.8796441212849,1056.7207867517327,956.6045309222438,956.2230537480893,995.3285788563849,838.7903585638111,963.5104791853163,899.2938817721695,821.7406720154045,951.0146810917372,894.4288650109473,952.1118947411799,968.2299187591722,767.8615678323282,842.4495715782291,662.6658547077703,698.602755988315,492.41282056725544,478.30296024806063,806.6708516605565,775.5256585718685,821.475972926363,905.3995938982282,796.2139887316473,798.9570130070271,560.4569581604004,495.70439174334206,684.5689670697183,671.2445714820144,347.023740642211,361.35308281652334,325.408330336834,385.83130070137327,599.4689159397359,384.41241541090113,119.41645560489485,28.175457139460367,689.141054280599,668.145668676344,689.0486740469933,677.3183342428769,699.6126037675309,654.1065983107737,100.16635529785172,-0.06295825062293767,42.96848624897807,15.805361597504115,110.78112395697437,66.16587142077505,424.2176647318734,227.07653668347527,694.6647061434659,751.3621615323153,805.5131074022127,709.698950079423,536.2886929418527,255.06736574674906,358.95858270471746,655.1338900862069
858.7295778853271,962.4399768776364,916.3197061218915,987.4502877771142,417.2310924884885,477.8961537054607,907.3471471944225,918.9693917294766,649.2552849516577,590.0505767337611,816.9657242705182,800.2007520335061,859.8731767971765,667.5705003062723,630.0959924489111,498.366443557124,808.4330318505165,892.8827085146477,911.3656723782477,915.3655791015625,347.22880268096924,335.86389484405515,953.6343031989204,992.9251842196026,637.9867381650116,694.5137318516826,511.63267521304977,389.18006155225964,862.9101996511783,838.9830006540558,893.9290505556922,928.4060188802083,902.4880874116542,890.968851453993,787.1169847571332,761.6999816894531,793.552938990656,777.170078560158,454.69117556991324,540.3239126169726,715.5677785404393,627.1779203414917,728.6743200251034,766.5420346553857,814.792288324212,821.6375850543641,721.2141649693497,662.7230380706853,886.38395924722,763.9424897862319,871.9253142478383,700.9657137662592,778.1997329985614,546.4762420747794,493.7586935900456,471.6591361181631,880.119877626183,1023.462118178606,1044.7163090221825,945.571726623664,950.8447085040549,986.1774896325417,835.4178305576336,958.9133158161807,892.9832151042881,817.6449897788292,944.331774591596,890.4049971239623,942.189937324281,957.7066690855922,756.4798400122841,833.1352000627361,661.697801852445,697.9064317843614,494.7976131715636,478.6386402828593,805.4094020655898,774.509151221311,819.3442798371011,902.8805378505161,791.0952545984495,794.982181082773,552.6859096018474,493.8128965759277,681.8110280507461,667.2388707611069,340.8104004495284,359.3354317978401,322.2960136226029,381.2039805822634,594.8224080764579,379.2547276484966,117.58002221699873,27.863222431166612,684.9345621744792,662.9673513638771,687.048791885376,674.7306682189666,696.731069161995,649.7880642618119,99.35207677132597,-0.07194879067440828,42.9050297684371,15.810398186979521,110.52433295781013,65.70108073823634,419.8741833700074,226.99393586551443,684.0218172940341,734.8390846946023,792.6733181332581,699.2825607106655,527.5034677842084,253.73876096491227,355.7669199741248,650.716921049973
855.9702003596102,958.3681338748546,911.3254799406253,981.2900920123218,417.66919515742813,478.6884909016745,902.9413660347004,915.0011937859717,648.1435614410711,590.0465800019562,816.297173627993,797.4223423624795,857.0515936561964,665.7738415490278,629.3997459838639,498.3673083657958,807.9716590049708,894.2832821944228,906.8439497089021,913.3235209960937,347.29249064127606,339.481099319458,944.9330339032679,986.9833688281831,638.594646074385,693.9643964243459,509.522929281161,390.2581350803375,863.6178565835053,839.9073303222656,890.8753183119566,926.5562272135417,900.4700794543251,890.9710141330295,784.519485606318,761.8835199195219,793.2631201386977,776.5661041824906,455.10146038447107,542.0173205400674,718.9870890633005,627.4182887077332,729.5604005862796,767.7519923024832,813.7770686973104,822.427798901385,723.2827719373644,663.1585898340999,884.0784204421504,763.1879660363071,870.7002364469157,698.8880380039484,779.6538032565951,543.3480957723132,495.4238648575534,471.46738102939435,877.3979510237327,1019.5093822114998,1039.2312086035315,938.4006829583847,945.6534183402683,979.9604012140564,835.1808623101005,957.1558618270811,887.5365992304105,814.3794639088618,940.1789690349879,889.1046495716164,938.263848565946,955.8311029086456,756.7609096561466,833.3145518693767,660.6139053204738,697.0575054218243,491.1783783401268,479.9531191973619,803.7535900678791,773.666913677548,820.1600263879654,906.1230872017996,792.1985445570672,796.0690935751351,551.9169795036316,494.7488654192289,680.422287829647,666.9129572761477,340.8925732822979,360.2815272506824,321.88925893139094,381.4390756580912,594.6305879044816,378.21257416285573,115.86999005472495,27.497564308214145,684.0707682291667,666.1081801592294,688.3378877937794,676.506535525775,698.2954916141113,652.5611494526012,99.42881066141356,-0.054753748086039666,42.5045704026492,15.537258877268442,110.82138014485027,65.49224843210992,419.46076435512964,223.64442988003,681.576171875,736.0819080699574,795.0665268866007,698.3261612517924,524.5547942928239,253.21871557988618,354.77153674038976,647.7628468480603
855.8061701877058,958.091671929215,909.9653898731282,979.5893953482944,414.411369039846,477.3374048471451,902.49575283379,913.964265597729,646.491867337908,585.0074183862718,813.8015419099389,794.4222052082183,856.6922269791722,664.5083551078673,627.6910311048897,496.8366455665001,804.1707993638458,889.9939788362117,905.8969894935345,912.326900024414,347.1646120813158,336.68493366241455,943.213045800059,985.2203417581226,635.6330797884477,689.3492202863589,508.8548565016267,386.6982475916545,861.7930805278274,836.6773799189815,888.1965303195743,924.4396948242188,900.4393538135594,890.2266129557291,781.0391564410666,758.2702063135354,792.3807192899058,776.2006748340748,452.83464508876204,538.8261459293437,715.9693123238985,625.1316318511963,728.2875042098855,765.0540384590909,812.2691876908199,819.7731165300336,722.1680086915158,662.5466883382597,885.04680026885,759.939054449982,869.2528892864439,696.4664796804278,775.8907360196648,541.5317802172082,494.51290665341946,470.22196119779846,876.4621991327793,1018.1617303672764,1037.5285944269233,937.6649357771561,945.1827296116041,979.5662902011069,832.5877572389188,954.504410747638,889.1453719637287,811.5327815042293,938.6483701909526,885.7679785992406,938.6920990184614,955.6422267513381,757.2511042345751,832.4425649799284,660.8456356503548,695.6191737847927,492.94543324346125,478.07570744903995,805.1677221079342,773.0070225885795,813.3803957675366,898.7677579607282,789.5701581289942,794.10664054702,549.8713603909811,494.23057888052114,679.5767314087452,665.0589197173305,339.42294887654924,359.5108713707769,320.4083431791514,379.9360820647502,593.7042339641494,377.47763376158974,115.34213749905703,27.322160062207736,682.9976704915365,663.9073046668101,686.3069199919701,677.0954384782195,697.5527694352711,651.4056488773933,99.36068756731325,-0.06327419674230947,42.63992027509369,15.57528599838946,110.10331819924168,65.79207810575282,418.765409823921,221.68649695901308,678.6549738103694,733.2792591441761,793.1440521854682,697.5759018523784,522.3123948340323,252.16535000215498,356.40277220986104,649.4310849946121
855.4850795074788,958.136031950363,909.5275762424175,979.13292684973,414.3334670133369,477.3889435444559,901.4027482249853,913.6954752008966,646.6565440430933,586.3587727312182,816.0675265924717,795.376533028436,857.7111455743963,665.8878660008975,628.1579637290233,496.7138922338746,799.7601556280778,884.9760356028611,902.9255880889308,911.3928856201172,347.3228240542942,337.44927399953207,943.6014190442635,986.8960507710775,632.0294685962937,688.3811993546539,508.86013342925855,387.5803357495202,860.1174943312159,832.1608875415943,887.9561460800371,925.9270574951172,898.3565711328539,889.6991630045572,779.9638669221298,755.3863889395473,793.1398927125637,774.1990951255516,452.01236846138323,537.710961245419,714.024594666528,626.6899189949036,726.6940354340607,765.2823881537994,808.2650741640904,816.7191671962627,721.8483274928794,660.9797512551288,882.5923142586985,758.4243720857279,866.6804069226927,694.5690365753903,775.0913864956843,538.8034114370159,494.07644920768365,470.36484808851577,876.2903927555482,1017.448058448456,1036.160366083067,933.388811408467,944.2245337577488,979.7342265971656,832.1996045827136,953.2387507717306,888.3206128931757,811.3327928895482,936.8468587778927,883.211968465707,937.1644584509977,953.3976248219527,758.874656299213,832.8472940413678,659.3898183140186,695.9057823280235,493.50965195807856,479.9519442706041,805.9263545802382,773.7936416562662,807.0423817736038,895.5897630964007,787.5239244073744,792.0692739908208,549.4335438791911,494.5729967963696,678.591826046511,664.2474769288206,338.2148184944602,360.6567971508425,319.97214008043375,379.09425189071675,591.5568240101754,377.1424013487498,115.74552020209806,27.30683674505524,688.08427734375,663.5363748841366,688.2625078856945,677.8697539454672,695.1231013484887,648.8137084942284,98.60171538620796,-0.05432694509487461,42.38815355579677,15.61639700770902,110.38035072973307,65.73738672097605,418.1955265767044,222.82734371634092,682.0315884676846,735.2905628551136,795.7270659376311,696.9396698384345,522.9772199181949,252.3664090256942,355.1028170152144,648.1842230435076
856.2588294343374,958.5978991672246,910.0543227224089,979.389445453051,411.2028632940248,476.0499354941504,901.8930113549326,914.0527227555945,647.3828875483299,584.5890818423912,817.3771736486171,796.1178142517332,857.8278631141624,665.2618380905645,627.0398780030398,495.4984993174413,800.1688130455559,883.5607654533513,905.30645728568,911.52298828125,345.8903529908922,334.1961266835531,943.7029765460742,987.158704969618,631.2832986846644,687.0902222329444,509.8128532283214,387.2758280966017,861.4406174713711,830.7217237684462,888.4805106415836,924.2576739501953,898.5629302202645,887.930885687934,781.2743209175442,758.5319434476186,789.4686876204571,773.4383477105034,450.73587239400615,536.7327389520652,705.5594147228804,622.8033719062805,725.4406819026622,762.0708407542152,812.4275435634311,818.478384241026,718.8957597918746,659.7581913096088,884.7558646048269,760.888452913055,868.110597732598,695.3391078098919,775.2759171216477,539.0592330203336,493.7112401628579,470.99134496347017,876.9389773783522,1018.7989954719388,1037.1985733658398,935.3766350464347,943.1327709960938,979.553439646477,832.654994182995,954.1487325346519,888.9036555503732,813.2102859012532,937.297498474764,883.1810056344193,939.8133008434514,956.5140991210938,758.6809767989425,832.279354408139,660.5802246233739,697.5231719574371,493.11836972443956,481.84860809756,802.9003613581423,773.9108309290716,811.0335160925033,888.4711587088449,785.8338752541962,789.5755625232149,546.0225232251486,493.3355075073242,677.2026254074163,662.4892330817235,341.6008288383484,360.52231473785014,320.8225711037715,378.6583284058645,593.1616442369484,375.47719685706,115.2337449821471,27.20367265080797,685.3839314778646,660.140071545617,689.2966004908085,679.3668426927937,696.1625478031071,649.539828125597,98.71073068293596,-0.04762436379851014,42.2326356146945,15.580889959829515,110.48387273095253,65.81607411063266,415.968715088235,220.11483147565056,692.2086181640625,731.7698652787642,797.2465166949586,696.4673027328298,522.581731188531,253.92145558407432,353.8408441832571,650.6535833950701
856.8486666989016,960.6377653738465,910.9725139767605,979.3997613063372,412.9966559121775,478.91314856495177,902.7621675769386,914.9974605609001,648.4663583405164,589.7567237322447,817.8538100622534,797.1525065263112,857.95207818949,665.258817716166,629.1326660943862,498.1806982693542,803.2530042458485,884.8964516015544,905.6471144869867,913.1685631103516,348.84974511464435,331.74195594787597,943.843193312916,988.6526655772376,636.2556633250251,690.8880620579143,511.3152579839717,388.74556999736365,863.1902872481436,835.0789198887201,889.3512868005147,925.126826578776,899.3144669613596,888.6824438476563,782.1996420155401,758.7856893884131,788.3016616888508,773.8882098727756,448.7203457057476,537.8274786588405,698.227897769115,624.2522885799408,727.9903546004068,766.1408620897628,815.7687780916857,822.3473530373378,720.1065383932807,661.3045884620893,885.7786363417102,762.605479290758,869.777551793377,697.6496614747844,773.4905765687404,537.3967438059694,491.5794997672628,469.9176634339381,878.1671670535569,1019.9304014750653,1036.914494425895,934.5859351882791,944.3395774642281,980.6728805214842,833.569516873141,953.742688245734,890.2588019299862,815.5005241116504,939.539137386472,884.7896104687942,940.518654598552,957.0777709286516,757.0226646285873,832.4967485646732,661.6728692710947,697.541263200504,494.260498046875,480.5787280445368,803.5869025558721,774.631940026501,814.4024164727393,890.6283776419504,786.3002930272128,790.1263074163573,546.4518296813965,494.5908466943105,677.3747179585931,665.1846250948856,340.46723852718577,360.30333535507697,319.73889480965835,379.5188485440821,593.1079654041899,375.50912222966554,114.45718986382363,26.676035080723448,683.9062967936198,663.3246273751986,694.1787658035755,681.4698515326729,698.2071613573846,650.236902651985,99.09064251235931,-0.041323211011304345,41.515463231755106,15.35938914934564,109.2020930802688,65.38694800300303,415.5958926214112,220.24269488278557,703.7906716086648,734.4160722212358,798.8790293443923,701.5929553840734,520.4280590356565,253.76992442733362,350.50626650723547,655.5822375067349
854.8390684611963,958.8240086574747,909.7974407454592,980.2708633240476,416.9817974534146,478.6357804781624,904.2171008800302,915.1137650510099,648.4360475929416,587.1855886021599,816.4743003224938,797.8227930871267,858.4927108529092,666.0467899946066,630.3533285678322,498.37281739445535,803.767547752055,888.8520748734078,908.7111883053834,913.8371442871094,347.1379934416877,340.23705495198567,946.6642339411924,985.7407140580434,634.4528410247483,687.4785239984701,510.864253787046,388.2128340933058,861.6076292361853,836.5766004020785,890.8239597911285,923.7175203450521,902.3868962950626,891.2644060601128,783.8286639669667,758.2624526426016,789.877440196302,774.9815898471409,457.12425873747895,539.7210038431575,699.5253881235592,621.7602815628052,730.4962777258858,767.4052414012746,818.8097848732823,824.772649553087,723.3658929452423,662.5117354476369,885.5632718117006,764.1204728185256,873.9058632635855,698.6389624775055,777.6652082776809,542.1442673323202,493.93324265217484,471.7428212126811,880.0407218974888,1020.4202847926429,1042.8719793694581,938.0893876574947,951.2213310308042,985.5773549581422,835.1237085558223,956.5556311195279,894.0542393015392,817.4922682803115,942.675167876683,890.6800211135801,937.3001685658837,955.8889831205757,755.9127245550757,832.6328595896236,662.414511164394,696.9819576379025,493.49844935320425,478.8069511735943,802.0916785568487,771.6211322452023,813.5987548828125,893.9576917375837,788.0303994248196,791.5419289433495,550.3993476867676,494.67807097434996,680.4906757663525,666.7154470359498,343.0118561408099,359.79787658526146,322.74387600334984,382.26091146412284,593.9545433007194,376.394304983293,112.79479068329695,27.12551861525264,686.7813720703125,666.4363175731594,690.3186120688915,676.8776115313914,697.9549001446208,650.3578584759626,98.41171084985284,-0.07011367931134171,41.57877277081853,15.350935514863574,109.34313443326943,64.85670709173365,415.9826138019562,220.73052159477683,698.8527221679688,733.5733653675426,794.4170814872588,702.6492887086506,520.065470457077,252.72282049112152,350.87779825383967,652.6585083007812
856.3668122274676,959.9140050627968,908.8196999621306,980.3414107242903,413.6386759735817,477.05107470388924,904.1315909058034,916.0620960349225,646.19580340872,582.2722114422282,816.7351127252346,800.552712602464,860.0508330723025,666.4101127028948,629.0028872181528,497.7400303277425,811.5995029973758,894.8800836290632,909.4434270749147,914.9644332275391,346.9794993930393,336.1356814066569,944.0066926193788,984.6933265564934,633.1029877787486,682.1727669579642,508.6885972628936,383.29765809906854,865.942923347905,841.6085810155045,891.8179790667036,925.5478397623698,903.1409397448524,891.8304558648003,782.2941326638927,759.7591324771744,793.908060485571,779.0661382321958,455.53949948107555,540.6943882431431,715.0377107213756,626.612135887146,729.4223147197848,768.1480820099889,817.0076684433769,824.3099144160399,723.5339678900301,664.0351946829082,886.0511953046245,762.7989524284766,874.4897045131816,697.5988759603539,777.2224870348191,539.7615602764429,494.9583699544412,471.7479938364263,880.7714845254152,1021.5939910102774,1043.7388623528038,940.4964744470188,949.8379213548743,983.3748906515177,839.2972902770437,959.6686004199119,897.9922509264591,817.424766080016,941.7996148870233,890.9490918197951,938.8333466159311,955.6543359914538,756.4810521409319,834.275728319512,665.3850702408257,701.7898066797297,495.8339149364527,480.5192918374505,805.7621852687148,774.7189118318043,822.777865795379,903.8681455339704,793.8117191709321,795.4667209274861,556.0106539154053,494.5455206569036,681.6172359378328,665.7959514144253,345.0518980362836,360.2986252927608,323.6646170428721,379.758875738745,594.3368761333019,375.695494976535,112.25845473151465,27.109932938836124,685.8776204427083,663.4182004766949,687.0270456671715,674.2000112404111,700.0854112464963,652.4357896212553,98.96845829023637,-0.05798380961986604,41.266472391528865,15.26213176309944,110.01667453500473,65.10469982429578,418.97178490128783,226.83897405512192,683.923866965554,732.9598965731534,790.0892344225173,701.3724788231186,521.3546635730594,250.64214020444635,355.8690360098174,652.0355519261853
860.1882975014211,962.8881559371948,911.3266110958866,982.3070039787141,415.0260853612146,479.5416830799409,906.617351515722,918.5338229792169,648.1859397888184,588.873295217264,819.2533951270871,799.9102534400092,861.5217532228238,669.1952188217688,629.060429141296,498.93591412302874,808.8593909819544,895.5907726858145,908.6679298137797,916.0073502197266,345.8786752488878,340.10861415863036,945.0331263741717,987.747918870714,635.3461352093682,687.5816114656218,510.4494410351495,387.79159937964545,867.3861796541034,842.635839768398,893.6119746811434,929.3970965576171,903.7272937580691,895.8875009494358,783.1997425908628,759.9882966926299,793.9193218752151,778.7493660538285,455.0851410329342,541.7292748211921,716.0133852098809,630.3411965370178,731.127429583716,767.7580630948759,814.957778516254,821.03262177406,723.3668393793184,664.7279976960663,886.8420749664307,762.2523582212386,872.2212376576133,697.5535619678632,778.381876684625,540.3578248140859,496.1535238571743,472.86251791019095,882.2647976494044,1024.1038396849676,1042.3291300697408,940.7855978504131,948.5697239618717,984.03045752442,838.4833888715925,960.8853575859541,892.6658371882652,816.4403798500081,943.3256138340811,889.5192786523132,939.94132052865,958.2717382947384,761.4844292305611,840.624526789931,666.1750605171974,702.3252192245417,496.65507839037025,482.9872026040521,811.9943760105821,777.2496568355323,824.5610520383145,907.1845910208566,792.4865190937145,797.721717698798,551.2392122650147,496.0726620642344,681.12039969188,666.9798395350674,338.728957899879,360.960876977831,321.1614170471439,380.52121276011485,594.5041402814647,378.1894283031424,114.44279668804396,27.86100808868346,686.9744791666667,664.252125885527,687.336967587471,678.3471273707049,700.9156989177675,654.2532420449852,99.06776087352466,-0.06930699780997303,42.174006898521206,15.483336526578828,111.23320380001113,66.064720885728,419.67905980348587,225.61513603434844,679.3702725497159,736.1162575461648,796.544075165819,699.3073726605766,527.5768008909973,254.42225121196947,358.14073516383314,652.9885990537446
858.8600515120145,963.4025889695292,910.8200072244288,981.3755863387271,415.2651276167049,478.40703158719197,905.8738510509078,917.739982825746,649.4386775736906,586.5905948154261,820.6246849308169,801.3598515873864,862.1964198222087,667.8410978442744,630.569896631573,497.5687022176629,806.1369895754267,891.3926524038727,907.71135901674,914.740044921875,346.2402235666911,333.06212895711263,946.3117925030157,987.4990990653871,633.5471621408512,687.42155618982,508.49280548095703,385.9433641963535,864.608112839033,836.1904985592689,891.4099991765861,928.0720306396485,903.5827728530107,893.9735552300348,785.5232793393343,763.8467388842479,791.6464620581808,776.4706136915419,451.58954236337115,537.7597847127736,705.2508790063076,624.8715744018555,729.2863774531418,764.9243534503955,814.580126151401,821.6040775009066,720.4861313469154,662.5472919540805,885.1005709494314,760.6251022923093,871.1890662977594,695.4556531838967,778.7369097038235,537.6533068161385,495.1403956273521,471.78463777192485,881.1446837877522,1022.0273708955006,1043.7501814906077,941.5064928432399,951.4060522858992,985.7962588307155,838.8153249991414,959.7044627185711,894.2287850451114,816.6967340144076,945.5987721989663,891.1729669053631,941.1756346878732,960.1511948727771,762.4800906138377,839.3990557936371,664.7470053576549,701.9551042829241,496.2498164522475,483.2499286490427,808.3855725898118,777.7915084648923,812.475401533411,894.3741073608398,789.067556359302,795.4535439580843,546.0067418416342,495.2076987727483,680.381006137495,665.1092039456507,336.2627821129911,360.4466341460655,321.6478175489853,381.2636853418134,596.246224148569,382.3391245380044,118.49308887413807,28.862875822515523,685.4173685709635,657.5816769357455,691.1091493070126,679.4203944141509,700.4096086419569,653.3798640374741,99.7265194444672,-0.07133377041081311,44.04253071005341,16.15522077985349,112.57366661476722,66.9491869549277,425.24957078033026,230.70532714619355,695.5624556107955,736.4309980912642,796.9869968491113,702.1927986627893,531.038118353077,255.47892459233603,358.872690634294,651.2908219962285
857.3166037405255,961.6843125796078,912.6594069001223,982.6511815287678,413.6497501284577,480.2094431689807,906.400718845065,917.5394369441905,650.990131592264,590.0152054849218,820.0737287319772,798.6747381709871,860.6023421377506,667.0882309482165,631.4952963074642,498.11895958898083,806.7266664911785,889.9123306020946,906.9645338971953,913.4358997802734,348.4999699062771,331.57070446014404,946.7167088011814,990.6079461839464,632.822526866853,688.4853376975426,511.3707246727706,391.04498937394885,864.9845186629385,837.7124789014275,892.5685685125236,928.2260760498046,902.595695754229,892.240553656684,785.4513817828635,764.2248196889119,791.4483044326042,776.7517342744051,450.40449860692024,535.9314688350378,700.6376823050077,624.4258832931519,727.6587203982331,765.730072780808,813.3317663251191,820.1949226758634,719.455210298546,661.2101318327697,886.0726503925939,760.0908255215264,869.6888759716137,694.9714347844572,774.044979352053,533.0796409699262,491.9439896104814,470.2179609507859,878.5270006194434,1020.5608541838549,1041.8471522815285,941.02447017183,949.0449090443486,983.8864501286479,835.5690770047156,956.9706093744976,896.718388571668,817.1293187614829,944.8950457122888,890.853436773775,938.9667937649283,957.5816552599491,760.3490303314484,837.3927782402664,662.2807589189722,699.6194205676322,491.8936205877774,481.56501125281966,805.1996967753425,774.5641798597154,815.2408966713763,894.7165767124721,789.305075780642,795.2316003030177,546.1074499893189,495.5122907336553,681.1627870767652,666.7952502487052,336.52698771532846,359.50821265761175,319.13514738932525,379.5325324816698,594.2689742455053,381.74480517819524,118.21058267761988,28.587785425281126,684.2846313476563,662.172696905621,692.8995817303658,678.5731426256275,699.2305867435368,652.2722896771793,99.64642438527785,-0.08215428378812417,43.641385286987834,16.168550212054054,112.30563484601923,67.13027581628613,423.28051936626434,227.59016957002527,705.6809137517756,735.2969859730114,797.5449964280097,703.8601771487465,528.3164749332503,254.87371217158804,358.13791251905036,655.1531035324623
856.99903523739,959.4258150958052,912.3745117913245,982.3042763029912,414.862287104407,478.838604384235,906.9561571802528,915.8890083767506,651.546292577471,586.4905618057876,819.8689019428036,798.5120097190614,860.8642065660009,667.5878280647371,630.9823864087537,497.718354724477,806.7832734166728,888.955179829138,907.0556390404245,912.8545959472656,346.4526822831896,333.34972012837727,948.9030646837463,988.2034938751705,635.097770611029,686.6341220205957,512.1702435108838,386.58686118655737,863.9705532721754,836.1132552535446,893.7367186058225,927.2136560058593,903.064173294326,890.3995929633246,787.5934604810632,763.783491019743,792.5987013762218,775.2299086959274,454.4670472437782,536.9847513834635,702.8160720575052,623.6806123256683,727.3751847531114,764.7541992585241,813.5529071388138,821.0452776680215,719.4620284462763,661.73626532601,886.2258289952432,760.7980975776125,871.439923434951,695.792976574159,775.3353567593836,539.1280263779211,492.8687564272228,471.7295249794197,877.7555088239588,1019.6651024961913,1041.984003351265,939.8693763731121,950.0244593877378,982.383394982051,836.1171324610345,956.9674349419864,900.776119402985,817.9627262948403,945.2206133360273,890.7017244490198,938.2869390985768,957.3016347305551,758.1112343040672,833.0454353582663,661.588458769912,697.8276130709297,495.0562067446501,481.8720829923388,807.4836343233702,773.9186175967648,814.7937751932348,898.2365777151925,789.326156470054,794.8125634786173,550.5930701319377,494.130450552702,681.9504339596249,666.3863449948013,336.30723930807676,358.965539173529,320.5813167427356,379.8180051146872,594.6032434276894,385.30628208083414,122.1635524185258,29.30659703035432,688.2982442220052,664.0476394911943,688.3686927855015,676.3306975904094,698.9026688049161,650.4687560624773,100.40023854570954,-0.08331260601418627,45.09374739506983,16.568529781408557,113.64496963153377,67.7177049413784,428.73043394088745,228.95403643215403,695.2002674449574,738.6255781693892,791.4580424263974,702.5465922295293,526.1901802081687,256.70422478726033,364.2950037320455,654.6936729694235
857.5912937853384,960.8805242114597,913.9631950296772,982.248259403791,418.1463131571925,481.2343029848167,908.0907180994267,916.2541157174618,652.437734136776,589.5302924953523,818.8382771267154,800.8576647168114,862.3423362980576,669.1671611780097,634.1177756560976,501.06363798844313,810.1451650321201,893.6527078444775,907.4571382369119,913.9688630371094,346.56685723198785,338.1203555425008,951.5305482223092,990.0890622820173,635.8719149684407,690.462449996026,512.8661846772084,388.8372100989024,865.0383234563864,839.5409541377314,897.9872953960589,930.3664082845052,906.5197969856908,892.2217513020834,791.5893156632134,765.8299365675593,795.3768045702694,778.2578789039894,455.24060167478666,538.7922261698862,711.1155830758516,624.1122851371765,729.5340648312417,768.413978016207,816.0268294831172,822.535653264899,722.4194961264113,663.6028922512814,887.7606809677616,762.2959640355579,872.4284802710534,697.0947766113329,777.62901206936,537.3764472865299,494.5531169478889,473.8695760652203,878.7502497059884,1020.9992073094128,1043.48012087927,939.8599938093834,950.0754221907906,982.0290674684888,837.8376389716378,957.9123449129332,901.690160950618,818.4458702028193,947.7389951791656,892.5972837678912,938.691515102508,957.7846480733124,758.2528024278246,835.8726059960537,662.5470087593849,699.0214772410206,492.8705033012058,482.0450596339266,807.0479155993852,775.7247116911956,817.4991870636636,906.0205394199917,792.0313051888769,797.4024558409801,554.734903678894,494.0434108312925,683.0070414181586,668.3888300735387,339.9422788283404,360.7031100650557,320.8813392602994,380.1543281430709,595.0275178299695,385.6801209545632,122.79144927814465,29.680025801632247,684.9534688313802,664.2283470024497,690.1232883632183,679.3441261533159,700.0976974448479,651.6049486827151,101.01386472298519,-0.1051747681417813,45.64551333542024,16.77639770038191,114.42836232283881,68.2081082050278,429.331258614858,234.05451875574448,682.1893643465909,737.9498646129261,794.1552808108746,700.6577662214448,527.1626445873111,257.6181524009035,365.9494502399907,658.8993993298761
858.0676241067393,960.9566122594506,913.6682654889954,982.7795952420786,416.9484859910122,481.4811047730701,908.6390420144578,917.1202418453136,653.4661021524546,589.4904851913452,819.6381154486803,802.2566610483896,863.3788329659359,670.0209286898254,633.601818013547,500.4429366156718,811.1805908058492,894.6810005542844,908.8499208647629,913.5296240234375,345.7105204794142,340.0226110458374,952.8543707557227,990.0900447784908,637.243848111617,691.0163505470359,513.8419049299883,387.7431968053182,865.0743656518324,838.6452718098958,899.5596827709769,931.3084651692708,907.1099094455525,893.4265162489149,791.3810735287874,766.2733507271273,797.3317876471297,780.8049577783655,454.67635138652156,537.8267995998654,719.9912724729444,629.9400610923767,731.1702148914337,768.4848268698742,817.3882474978986,823.8417215068438,723.8956425091452,664.5061101163184,886.3706806736608,762.6953009636171,872.9617487583381,695.6518321586567,779.6324161136097,535.2846377281581,496.56539266105233,473.9142294060774,879.0576081792992,1020.8481032804207,1044.6266337120765,940.1317922849817,953.4538539985989,985.4498846368882,839.1523996055673,959.39279294897,899.7143329221811,818.1568552221747,949.4689544056239,894.4111083857042,938.0142171094373,956.7934617522013,760.5119968620506,836.8250804338298,663.9408359352602,701.3234696821733,493.71255095108694,483.32794662260676,809.6851528980693,776.4984135924533,817.6269362429355,907.8970511300223,793.8828716935783,798.6087962790747,551.1252042897543,494.62015227635703,684.3031877190006,668.3163613474097,336.21117720884433,359.8744490447888,321.1468861519049,379.4184660630232,596.3050599767114,385.74748443721484,122.2624098061254,29.665232843743784,690.2269348144531,669.0946913896981,690.1988195180893,679.2202884449679,702.1933784776062,654.858927757058,100.3258209754958,-0.11203763195899902,45.596737187279366,16.71550658882058,114.40545532056153,68.16727641132229,429.35075693660315,235.26137475406424,687.0716885653409,743.1393499200994,798.803372991165,701.8262831289557,527.9891635202894,257.4172809123993,364.2085149721666,654.7720105401401
859.0769707906063,961.7332050631745,914.7693688736234,984.3463168201218,417.10505113823467,481.4831812232733,909.0900744269876,918.842743049784,653.877573811278,590.0468956681549,819.8386349794341,802.3863782019843,864.1856650717262,669.1652125173252,633.3826451349021,499.5028443624896,812.199901779681,896.3334439996866,909.8092425700805,915.6502004394531,349.76178391774494,336.1873927434286,950.6962755211504,990.8658943781777,639.3218020394211,692.2874518383991,513.4210298021854,389.3652809990777,867.3901606865649,842.7211140197,898.0546775677699,930.3687204996745,905.9134385707015,892.9871001519098,791.4653365425442,764.7737970926676,797.1815798587211,780.2352205912272,455.27686171340093,538.1937144133036,720.2048154737129,631.4411835670471,731.5019783467527,768.5387453196738,818.6072983300121,824.378883830288,723.6409205050508,663.8324519162411,887.2347373470184,763.1951914085321,872.724480366308,696.8967752183228,778.1168881061366,535.6987886674264,495.78248585180955,474.2305196461233,879.1356366127239,1022.3779599828714,1043.669758444471,939.4050709024826,950.6449161828083,982.1478844182777,837.977539015837,958.7280308680279,899.7126370330355,817.6679394325237,949.2606608090357,892.3287344177841,940.3626456291053,958.8333881862915,762.7635045610033,837.755705411317,665.5546317144272,700.217683602205,495.0867486483809,481.9483124638947,810.6427342149078,776.3710843794573,821.4680941967254,911.7602048601423,794.9488384787606,799.7560353806006,550.3214659627279,495.14865861972174,684.2002802489875,668.0024662262213,338.8286865627064,360.00761142254737,321.6026891032234,380.6501105789348,596.4801557980895,384.7656296951572,121.36033329363757,28.814748501748042,684.3171671549479,667.2999329647776,690.4766850173473,680.1481189296256,701.87495468955,654.7663378074292,100.16396547059871,-0.08203975375810707,44.6958607047294,16.429410451783667,113.52512801480943,67.82226208020603,426.33013168970746,227.7843173531925,679.4476262872869,740.9587258078835,797.3525472551385,702.0070669439774,528.5924133857092,256.34878006734345,360.3979439301924,655.0426067483836
860.5268676829872,961.8137251415639,913.0835213406049,981.5294138387854,417.44985882071563,479.85010098559513,909.4134841294544,917.4056997193682,654.9110447046708,590.4466652713838,818.8505637548803,799.1255573393806,863.0184937046895,667.4164494522188,632.6042487775509,499.078568160386,806.7129167312694,893.9068678668963,907.4975803419092,914.7175317382812,345.53677972157794,340.47530899047854,949.2997506321939,989.1162659175812,638.5897894155293,691.2202167406186,513.2679984793479,387.95845039685565,864.4007463275261,839.1198920355903,894.5764050421127,928.1435675048829,907.1293968588619,895.7370836046007,788.7539747155231,765.6329728092056,799.2814036633999,780.6630113389757,455.64089628628324,539.9173657706614,723.4594021156186,631.7210149765015,732.6269891719733,769.6074028919094,819.2486763956819,824.3372323443318,725.2153262461512,664.6466031224578,888.2721186607115,764.2967419722213,873.4409808867073,699.1575005961137,778.6513437519159,539.7058992385864,496.80443946014077,475.9904847535291,879.6731137028138,1023.1159219102141,1046.2673537087492,939.7603907898264,950.8421679289445,980.5148633814938,834.5922552219589,956.5257986288502,899.8482272020027,815.2597062292025,949.8821852952242,891.376373598738,941.184380986888,959.6507450335592,762.1540546245403,838.1227050531106,665.0488976294841,701.6023509368235,495.52014513983244,481.71932252695865,812.1645300192911,776.7777208510277,819.9347962724402,907.1618390764509,792.7395786563098,799.7342691013167,550.5686684036255,497.1885568100214,683.727578124916,667.7839735598079,337.2023422241211,359.9467603600843,320.81162952817976,380.66267325625233,594.6269971982327,385.2110579825643,121.22449222213969,29.00958936687154,685.669356282552,669.0356357380496,691.1279853582382,681.3966826011692,700.4205549012007,655.2853457257334,100.51037389020387,-0.0879393607860914,45.07794707398966,16.668501382516116,113.86654057547945,67.92760819426027,426.02976038720874,228.2015453226426,687.5667225230824,742.3285411487926,801.1776233647494,700.4267697877522,528.1655924600714,257.4398902633734,363.0125627806692,656.6437714675377
860.558604351886,964.357324055951,914.4840233856092,983.1173249506855,418.7986765661905,480.98797825830326,909.7711766300705,918.3698499346795,653.3796475468849,590.5501560304986,820.9260703916472,798.8368141477071,864.7716909837151,667.9536123256452,632.1402753478852,497.8886887950282,805.0460748175309,890.7724367693017,908.6027760706642,914.9223553466796,348.52525515026514,340.11549987792966,950.740820583327,989.8504475184849,636.9040107826912,690.7459251802046,515.5159115659598,389.8622296916114,864.223257604635,837.5673852237654,893.9226699789052,928.5768383789062,907.0665049148819,894.9844570583767,791.0593800420346,767.0940342179264,797.586518678371,780.4393367060909,454.40580768909837,539.035783674833,717.1539611816406,629.9785509109497,732.3073673305057,768.3477601507828,820.178286780886,823.9211783269693,724.3809310788951,665.2897519298367,888.9933456913118,764.4317377361734,873.3129114748735,697.8437460792857,780.227111029518,539.2538943162151,497.9479394691664,476.28684373299933,881.7004627006338,1024.2159530937724,1048.2694123270187,940.2560794201398,953.408733188795,983.7707488297644,837.1219061988573,958.6759140501297,899.892353684155,816.520439208324,952.5497276260612,892.3327225856224,943.5564950347706,961.3153888849922,764.1843310175715,840.9370978933866,665.113543939153,701.7466568059219,498.3854754904042,481.5382009156993,813.8112685406794,778.3877386196026,816.63333844124,900.179318019322,791.8847769083192,796.6286820140333,548.2428085199991,496.0725210809708,682.9724641367202,666.610852788543,337.2826238015119,361.3966962886631,321.4544531531865,380.61675030227497,595.377914110752,385.37868460228043,120.75529827736318,29.12569155425004,689.8584228515625,663.5885418390824,690.7644886672497,683.5009039279023,701.708505373268,656.4795432615397,100.42510481992443,-0.08008229912784709,44.981658010996796,16.594682734078795,113.72486729506774,68.25499866371074,425.1292306052314,231.87133183198816,682.8771806196733,740.8665871360085,802.6422528772546,702.8285404639907,532.4646279531366,257.6227601327394,361.85683211413294,656.7691082132274
859.5322082231289,961.9662884124601,913.7550429118515,983.6913203509206,417.7292448886605,480.8282771344696,907.492683729349,916.8754976248234,654.3822832886053,588.1214916471575,821.1944669087728,799.0736920735193,863.0693231127888,667.3429957111838,632.7438117876575,497.9344093403213,805.4065151847369,890.37214788646,908.2846271617202,914.9535754394532,349.2909659809536,334.97039381663006,950.1079785015332,989.3156621418302,636.6827575267921,690.5842899699787,512.6536617173674,387.6807412306468,865.3007967247153,836.8469845618731,891.9855515687798,928.320678507487,904.6823014081534,893.5354572211371,788.8419486667799,763.2940298792828,794.156492930677,776.5332246003328,453.2877921414162,537.8278380261825,709.0346909820056,624.3955330848694,729.4902218476175,765.5690271820503,818.976214153853,823.9509172160723,720.9819212659331,662.5945847703443,888.4517427013766,763.6370267937959,870.7201144011018,695.6410025857105,777.8492803872969,537.6380631386065,496.1814305775966,473.66293738828745,880.6100656231549,1022.1896145774258,1046.6661649666903,941.7881135305365,951.4190269934613,983.5930341948969,836.8608072030071,958.4420333830908,900.3470373580705,818.0048925057246,950.0892385879259,891.6681564925277,942.13130664218,960.1350225796357,764.0716549985044,838.2617674030241,666.5587954739912,702.734053178267,497.28701959140056,482.95087851940747,809.1206259805648,777.2463872759174,817.6394172830785,896.7707857404437,791.1920895046658,796.9012551939949,548.4233928171793,494.6454777797063,682.1984031543858,665.378813373001,338.5053715144887,361.0919188583801,320.99339826653403,379.95022281162505,594.9267946661835,386.63569135516883,123.54041874087933,29.373169888418087,687.5467834472656,661.3699894274696,692.7431640923023,682.6816308897545,700.5192863328463,654.6358992896045,100.90289292281102,-0.09129768100360201,45.892302386326655,16.73926135563296,114.05299637499773,68.68557607073096,433.16072421603735,233.0904135984533,692.8507024591619,743.0332663796165,802.1729595005112,706.7668576783772,531.118761501065,258.2239682925375,363.6675168311957,656.8278198242188
859.5723825790243,962.7491070188657,913.8923102797282,983.719155239394,416.61018930479537,481.0881114623376,906.7987157719215,917.9975044997195,652.4324817073589,589.8407940630053,821.2201165067471,799.7557308923631,861.811444028982,667.2249696573265,633.8858581372161,497.1149625967513,806.4574697051568,889.7807872683503,908.16769771649,914.4466130371094,348.9062910079956,332.6615134557088,948.633781411087,988.8647170899407,633.5808226949881,689.871987437154,514.4703823321432,390.3935024473402,865.3519816848467,838.553338849103,891.991119945456,927.5354180908203,903.8422224400407,892.724424641927,786.041371486498,763.3510032561888,791.9310976272112,776.6614677994339,450.5343194795506,536.6049616952961,702.0066778464395,623.1749305725098,727.331776306388,765.7045873307504,816.9221651667008,823.1530150251779,719.6174512697645,660.9586732839788,888.1917305238785,763.4770061753013,869.5158713265889,695.4802338175131,774.8673327321964,533.5654904596946,493.7693826221657,472.06046699111863,880.4837019085753,1022.1841744802616,1044.9442279725045,941.4830939881573,950.5045739348038,982.5685422212175,837.9634106603967,957.812406426104,896.736830924874,817.8809742373089,947.445196270273,891.2812605474522,942.7605934871989,960.9194990126467,760.7166054356205,835.6942258115674,663.3028619748736,700.7636628914705,494.3169489321501,483.2669647646622,805.7468054099161,774.4945276030861,814.8012448574634,894.9617178780692,790.4530746343036,796.4776857070501,547.460488764445,494.2455765032768,681.2806897953218,666.1421963026834,336.7703121521894,360.19187359172946,319.29663827891153,379.23661772698983,595.0328213075122,386.03210648891826,123.38997422972763,29.623910394064346,683.1333170572917,662.0749413441804,694.1127910614014,681.7319302796238,699.6114382367705,652.6957209897216,100.94509520232187,-0.10155694873537868,46.06864655844951,16.895903653394946,113.84030406718182,68.86475012805914,433.38758611679077,233.8280128030216,699.724814675071,737.465682705966,800.0896764153603,703.1832999700232,528.4325550677729,258.7143247545811,364.8365957881465,657.987912934402
859.7253163595549,963.3957085175948,913.7936670890745,984.7353705903923,416.70433126050375,482.91938431773866,907.9700724674104,918.352321796823,650.80886270562,589.9468638779687,821.2288885116577,799.5448238403078,863.0017812215239,665.9107380859282,633.6547644695833,497.8497718152574,807.7543913493224,890.7513521644364,908.6921856759609,914.6077265625,349.84316131803723,333.05209522247316,949.8432384782711,990.620072077191,634.7154206280933,688.6089393699563,514.6510549302918,391.38488637076483,864.4797054506698,839.3814218026621,893.4796241900426,929.2531420898438,905.4591378680731,894.4860097927517,788.6014881963315,766.394634200866,795.7633442479608,777.0881737603081,452.5385435989925,537.9604841939519,700.9938359495069,625.2886974811554,727.8301017102268,766.3153198567612,818.315042862321,825.041465591966,720.8278637326454,662.1376027423186,887.2133196676931,763.9977364365307,870.5199454797281,696.7850553389766,776.5549990906309,535.8367005142511,494.8192996275785,472.42433831188373,881.2788413842693,1022.7494971832192,1045.3601939982009,941.0197776549305,951.6836407205333,984.1533218001085,838.2009701976718,957.7076956862776,896.5176611373673,818.3826540591489,947.1007548096475,892.4849550143734,943.7024203743904,962.0245020745209,760.4422620824865,835.367494989614,661.6950045944354,697.7410804121009,494.22990439594656,480.70349336006274,805.7903980192591,773.4877838514652,815.9811310463763,895.3514796665737,791.2043382783503,795.5948483851733,548.6292745717367,494.44699330329894,682.636720091866,667.3699606952504,337.23543510997996,359.9567766465005,320.6218407219276,379.3505720785321,595.0265435051609,385.7938930866619,122.6590255258122,29.145580589696316,685.8539204915364,664.9108436713784,695.6001720428467,680.9840264644018,699.9105551139696,651.0944576030256,101.07037907167289,-0.08888265963781763,45.605213957573966,16.740595345935123,113.1159607585855,68.4155814247619,427.4537478552924,233.55523434807273,697.7429088245739,741.9887051669034,800.3719367724937,704.8032668874233,526.0030760484583,259.6494691999335,362.3785785472754,656.8005202720905
858.9544205378472,962.0269488204609,915.3886146681488,984.0223847043467,419.887576560087,483.54309709263697,907.3902832447517,917.4787809331366,653.3430252269823,590.140121608484,819.2786078181693,800.7619081803731,862.543284447279,668.3143071442963,633.7236934918076,498.4084673726529,809.1465832317045,892.5501935078061,910.2607030174285,914.8429266357422,347.6682588789198,335.5283445994059,951.4348485156743,989.7217874072846,635.6548973802496,690.6355090822492,514.6291449952521,389.83207156923083,865.147193836716,838.3319239486883,895.8873741169926,929.7692458089193,905.65734552933,894.4861427137587,788.5368702764097,764.4118053022637,796.0697134412858,778.3994274845829,456.4980816117355,538.5657731245519,707.096935835041,627.5985984802246,727.3592085504815,766.572670904946,818.6991749898968,825.2246325308816,721.484418301543,662.362789528249,889.0672811877344,764.3996500766173,872.743382013289,697.0827218003916,776.7120481756236,535.8576906522115,495.68479919878246,472.984020403286,881.0943869082064,1023.3559686660215,1046.5050866145552,943.554350962111,951.3121908038595,984.3868175741153,839.5256931876553,958.9711615087564,897.5203239099303,818.1467547761686,947.3079514187374,892.9729386012643,941.1996384152941,960.9179680755784,760.9552696159294,834.4568367004395,662.4970394449497,697.5656936447342,495.4873732414799,481.75554646236793,806.6367102451012,774.5195940579616,818.2643510534408,902.1517693655832,792.8580906893559,797.6684109506027,551.1803920745849,494.87089765230814,682.4448589522408,666.3822516736991,337.93957634533155,360.04159372894344,321.3458536940937,380.05310767654584,595.288265013128,385.66992839877804,122.44695165306675,29.08667811064398,684.2455830891927,666.7460834050582,689.9411591291428,679.4845275188463,700.166217211852,652.6754290014142,100.73275347857883,-0.0972274024574155,45.59680469041858,16.75600591744868,113.74864663768084,68.26777463743177,430.2646217081282,230.41605523053337,692.2399458451705,737.6752685546875,795.5131921960203,706.6025261215017,526.2496244673636,256.9749941491244,363.5943124511025,653.5719583445582
859.3060290664258,963.6222423832826,913.8418977626297,983.4323901902158,420.9368881935297,483.4007365192686,907.1805490362065,918.0256241916088,652.2421601937741,591.8953646831825,819.6848143523301,803.5075366640848,863.2089566317471,669.8438236336959,634.3263665479215,501.22719484049986,811.9644191796181,894.4838507896246,910.3957415467478,916.410529663086,348.1367063522339,339.87459761301676,951.6492907701632,988.5329843551393,637.6597903586182,689.862691790193,515.1063952577707,388.3449392053816,866.2287805665214,840.3253327546296,897.6802339328556,929.6228037516277,906.1401963314768,893.6812881130643,787.052075726053,763.6794617434582,795.5274508976202,779.4215925711172,454.89652913170204,539.5772093012092,713.5989790119108,626.398332118988,727.1453205190953,766.8653588498373,817.5295312929286,824.1953726762916,721.7236043599027,662.9052949025184,889.8164532076928,763.6150193473111,873.0488549687227,696.7940855352451,776.8375569159674,535.3389941015664,496.1525038765548,472.62173210072245,881.4189134913232,1024.150881536029,1046.0759778115455,943.1590149438404,950.9023798403532,985.194459847262,839.7540368829663,961.1374758064992,894.9691534469376,814.9307016186627,946.4649727885643,891.0231366959997,942.0553942637838,960.4584775471556,759.8553949132696,836.3160454171602,663.2426952397058,700.4769071768889,496.7813243036685,483.38092642770687,807.8883519407178,773.449269148324,818.0487787774268,904.0330974033901,794.0217183138676,797.8380655399344,552.3596082178751,494.4096701679627,681.6976016702106,666.0877937266969,335.57347781237434,361.0920092758289,320.7905551170309,379.62617252609016,595.2509664451934,386.04644870652504,122.41681530530116,29.958228988838112,681.152919514974,663.0966708942996,689.473056435585,677.2728043638203,699.89890508676,652.1189370656655,101.03110858028461,-0.10982301671885782,45.917719548192984,16.827888529857383,113.59766880830671,68.71680029706532,430.98455386691626,235.14396061616785,679.0216286399148,738.8833318536932,794.913896394256,701.6393179591698,525.5276081655539,257.7850995942166,363.0691269618092,653.5403126683728
860.9994635914123,964.8908380065301,914.1880037577625,983.6491017132641,419.7454064480094,483.9024995123701,908.9231233458588,920.4725861861858,653.7046060562134,592.3591843980257,820.6264067393978,804.1296770247202,864.8671131166749,670.8625376060425,635.4517869759555,500.39489408676735,812.557680753735,895.4887668444865,911.7676724839484,916.1957900390624,348.39921294318304,340.0212001800537,950.9727190356234,989.2447755601671,636.1716836859418,690.3268266195779,514.2360338664187,390.7575194835663,866.920995748268,841.6621672453704,898.3773210981074,930.7457904052734,906.3415533809339,895.7657797580296,784.2401109778363,760.8233955107539,797.5062639009585,779.6038192466453,455.30805276972904,539.1787693295139,716.1177763391713,627.5826926231384,729.5681233226306,769.2411015406605,818.1826888684775,826.396658646433,722.0220386469659,663.5400926458252,890.1021013075306,766.1642273024729,873.0144093205416,697.4557569415516,778.6833116163588,534.5352721239129,496.94552358683217,473.1904928479862,883.4186790775495,1026.3702153581437,1045.2298587774355,942.6833097142976,951.4489901866084,986.4502183735178,841.1116582887983,961.2814151642253,893.8341890021936,815.3915748731727,945.2581871172016,891.9323754874324,940.8445172158016,961.2173303424983,762.8136252325934,837.5910902179655,664.4152160084576,699.726958567962,495.1168429609658,481.2344276535679,805.3018643738793,773.5605261078514,819.5240153860539,909.1864645821707,795.2045347425673,798.2131617477586,551.479410794576,494.5625001390775,682.7008962173294,666.9620745895255,338.39950988713434,359.5217527861199,321.15872633286443,379.17315511098207,594.727067579033,386.15826674642665,122.83352687299528,29.659766156202036,686.2160319010417,666.5956777798928,691.7015624940395,678.6544362063861,699.1958574678455,651.9979333014826,101.35158684648769,-0.11186257558529851,46.05272644813057,16.83799018176464,113.70829122847219,68.78458474021686,431.9708345731099,233.42177817400764,684.5371593128551,740.0934747869318,797.9143932777763,699.7853269939181,527.306869432038,257.3021931229976,364.0257885672829,654.1294892409752
860.5049566383767,964.5220917234517,914.6784764855711,983.8326431821542,419.36613940749055,484.0129842673029,909.5614894727104,920.671411902245,653.335025145083,593.6375750088301,821.5650271516505,804.8965556091732,865.3512181695902,672.2138421062516,635.6625763290557,502.36252973925684,815.17607789243,896.5863533400222,911.6527500664138,916.6847315673829,349.68743970659045,339.0503122329712,952.5815261686691,991.9770361279684,637.008781944894,692.3990767552302,515.8248755945026,392.53198419676886,867.674479502552,845.2472985538435,899.7587980335466,933.2582851155599,907.4168265391204,895.6336310492621,787.8139948305876,762.6059393825301,799.6233749053551,782.1434800889757,457.22676731220315,541.1171394662464,719.0337509405417,628.3144369125366,730.9546099579524,770.6812064365188,818.8142101970556,826.5695009287338,725.320307719806,665.1957421263198,890.919769225582,766.4548382909417,873.3341649599479,697.6113549760829,778.7713622362625,536.0392421133378,497.4575315580487,473.9457663795171,883.4574451759898,1025.9412989114169,1044.6786009127327,944.1290518973602,952.921338328486,989.3132939076346,841.3876096392991,963.157324947938,898.040013441399,817.8231066788813,946.9178030721257,894.2298859555134,941.88670008957,959.5783478963441,762.1915882901028,838.2335675974361,665.3655927465596,701.4986033253856,494.7405824523041,484.6798602896677,809.7159131159548,775.5940989893996,822.4539197556516,911.0923254830496,797.3242533015109,799.8359308288901,554.6411750857035,495.32425246377784,684.4437911567184,668.809754223339,341.6306517937604,360.8687790085693,321.74519959511235,380.06474133810923,595.4246243465129,387.09838945911577,123.20870705983705,29.90367438185443,686.0459309895833,668.2191074177371,691.39740639925,681.1187942988192,701.8078335672237,653.234208598988,101.04506400168727,-0.10052136494433163,46.14354572943883,16.99470279860543,113.878175046701,68.59639087342407,428.85171688927545,234.09189931084128,687.0294133966619,741.0120239257812,798.8764419043624,699.9846197200727,527.1273106032727,258.23620284858504,364.06945818482023,654.1356643150592
859.8363370028409,964.3506506332243,914.1406971844141,985.0907485171618,423.53951746031294,485.7805431714015,908.5794239158013,919.5401858260784,654.9174755252137,593.6005440540001,820.5519298848097,805.6380409361824,864.2621152691326,671.2848345219847,634.5101106297318,501.64556680305424,816.4850251256572,899.3317943839139,909.8911837873787,916.6881439208985,349.6127421061198,338.7718453089396,953.2263081978582,991.1014057341076,640.7360068016651,694.1002062074431,515.7861014308191,392.84788772794934,868.9880781353645,844.6209210431134,899.8842313671362,933.1858447265626,906.0903022895425,895.5938779025607,789.2199502696162,764.4476458078408,799.6110389474205,782.420546496356,456.8746228718332,539.9773086376405,722.0281717269147,631.0203795433044,734.571745042763,772.3190150147931,821.9007771211083,829.2925579450284,727.6495373978103,667.0163438753648,890.6832566784274,767.9268458134268,874.3525477143021,699.503837285627,779.9365756458232,535.6266775657149,498.3375245207262,474.01968981006144,882.3604738333661,1025.940706939057,1045.126107877068,945.4129135728889,951.0647820779552,987.3691307549337,840.5782898835815,961.840568968298,898.9462954393074,821.4407298706607,949.1307789534666,897.2548567091474,941.8531599105544,960.7495198118094,761.4806893666586,838.556088932225,663.4708345745681,700.769325949929,495.0566959104676,484.1484923026931,808.8044188452549,775.83457927783,823.3661992499169,914.5826764787946,798.0475788335691,802.9382587980829,552.8554299418131,496.68891397913296,685.2818225058165,671.4729990646711,339.28360241441163,361.1108646082964,321.78269661730155,379.9122580791401,597.3344857437704,385.96832681586346,123.01023335949759,29.307592181230277,687.7035705566407,667.404452049126,691.3762617409229,682.7778068991269,702.4252131415991,654.5468329450612,101.46506662686404,-0.10054270732216537,45.738944793713614,16.804042959309612,114.08414966883181,68.2839906396149,430.3334366745419,233.34386073841767,680.1836991743608,742.016523881392,801.436341560927,703.1901131159143,529.0873192525378,258.4578237198947,364.4446335922588,655.799632105334
861.0700356529624,964.2331618877372,915.3457932988189,985.4829307647341,422.592405390185,486.8496555877583,909.7900708483918,920.8579578513287,655.8510258343755,595.0932786816456,818.9648762602147,803.6594147076682,863.3959395603291,670.2250379121256,635.2317666532981,502.0228893916601,813.2662941449062,899.243923250623,909.661169877911,915.6676788330078,351.6062849362691,341.3625309626261,952.4059212094262,992.9843356420123,640.511062432334,694.7282660033677,515.8051142192019,393.69554591178894,867.4904710301813,844.9817898220487,898.3325590999733,932.7245017496745,908.9967335846464,897.9365051269531,789.6688940960428,766.0663900720068,800.5142338286413,783.4595043041088,457.4604956081935,539.7724707099828,723.2525939941406,634.3052282333374,735.2364695408041,771.5050474410939,820.6660649743253,827.6115703136601,727.8856027421873,666.2660365425623,889.2449325192359,764.8701530859267,873.3984524507167,697.9172799779136,778.8883456927244,534.9582688744161,497.9485971332655,474.7284808673952,882.66498402724,1025.5252724665183,1047.3214497246959,945.969563001987,951.7952997091542,987.5412901103689,839.136362244959,961.0675474704539,898.7995603191318,822.5061668351639,951.2680036062604,899.1842682457766,941.9874012941008,960.3573497118871,764.7961658443417,840.1544562167809,665.032652268716,701.5880321155895,496.93207008251244,484.7529842752806,809.5090334532691,778.7174763659718,821.0447504571143,907.1405901227679,797.3247930592504,802.6180003074651,553.6932557932536,496.90642589092255,685.5341695451526,671.5311840658287,339.8820686676923,361.5841806528801,322.0413096758227,380.45461010052,597.9872506427846,384.2577610534802,120.97740828956442,28.722124654492383,687.9000508626302,667.7034844867254,692.4870133697987,683.2334058252395,703.5243894077136,655.8202677402636,100.64680424881608,-0.08686776265019068,45.00396131145653,16.545709703500115,113.78267108949157,68.42255072448883,430.4409730434418,231.5872896979837,683.0392955433239,742.210595703125,800.625228369796,703.5335011542597,527.5492101884356,256.71055106112834,361.37151764378405,656.4843308021283
861.0379149652006,965.5095746276354,916.3130331685795,985.8315444277578,420.327438008508,487.04451427289416,909.7713335562444,920.4344169227113,654.6805570174237,592.0046318788998,820.0165382788433,802.733954845156,862.9421860971337,669.8899948423208,634.2764867099363,501.0887232125545,808.2926460736171,895.4086488869499,909.4775754263575,916.554447631836,351.1429074605306,341.930259513855,954.2439555543842,994.0517599317762,639.93984297308,696.1799960398412,517.4282762095414,396.1788030995263,866.2003827364939,841.1815792130835,897.7749282957062,933.1005373128255,909.3440241409561,898.8357781304253,791.5173899774966,767.1220548698701,800.5611772579243,783.3055945502388,457.69665541499853,541.847560025333,718.3303657906954,632.4342455863953,732.4661734560652,769.6113805002511,819.0989230695209,823.9712646328218,726.8342941615207,666.2734048151887,889.196133951987,763.2956174217012,872.5224091653812,696.2008792224905,778.6929457797063,536.614622779921,498.88492704655306,476.2658612661783,883.1314926231025,1026.4822898093198,1047.337620053384,945.0569619917735,952.7866055297851,987.2487153976094,839.7773177820608,960.9462070308105,901.5822778957993,820.1275149599218,951.6229667315993,897.8955765088841,942.6607487186504,960.5507522498705,765.4460962656382,840.8008521033115,665.7155762418695,703.1241267480891,498.2510185794554,484.51449950312224,813.5806592097048,779.720487096003,818.0179923848902,907.5252925327846,794.9641306208468,802.6647763887821,552.4515183766683,497.5298932170868,684.9790374097189,670.2088708936433,342.99735200545365,362.96011480613737,322.42590185184963,380.8648917297072,597.368853362995,387.55882349645407,124.36761909725007,29.76777234427271,689.9199747721354,665.7302732306011,692.1869983077049,682.0029236116021,702.2787544696993,653.9344080619533,101.19736376765037,-0.09510493480289976,46.41168990460423,17.02303238826072,114.99177918195619,69.28474897814674,433.7034574349721,235.97091282115264,683.0244750976562,742.2329378995029,801.7712060301096,704.2891424637806,530.8979456284467,257.762093809613,367.15987384319305,657.0187398976293
863.4121466302253,968.1264320792574,916.5527997011237,986.7477003606667,422.2202814590099,487.2767751057233,910.3406012194439,921.7504418588192,656.1882505611497,592.305103395806,825.2072840667353,806.3442064775361,865.9838153714791,671.4480320528934,635.9010493838372,500.71750921528627,811.2826020299541,897.3015079815126,910.8005254168163,917.5712381591796,351.815943453047,336.9595974604289,955.7954182535367,994.0695588248117,642.3495649267866,695.2249934018313,514.7644613065772,394.96767526202734,870.047522274953,843.0996903784481,899.564368861241,934.7522646077474,910.2575754715225,900.3298143174914,797.2156226116678,773.814649099327,798.5450169231398,783.529997225161,453.7095924881952,539.1982763054666,710.6343213691086,630.7484567165375,736.0207339104206,771.0127409803924,823.465093192948,828.2568007798222,729.5095393184788,667.9069325803043,890.2134713449785,765.4529232964837,873.7497297738663,697.4317586781754,781.7063256165372,534.1645968733172,499.3832049397338,475.64854430840177,886.4567438399282,1029.0045813832915,1050.7991669821688,945.9330101541015,955.8755751900051,989.3783698097402,843.7407248960723,963.5380097181218,902.0678480916948,822.1631945898366,955.5535626936495,900.7426962819318,945.6249702599398,965.2196780041437,767.1857326610668,842.9900545839404,668.3358915136495,705.0333043218175,499.20894412717956,486.07962186571575,813.8490025254547,781.6624120182022,819.58199359001,900.5377742222378,794.3074861139173,802.1330610665168,548.683016726176,496.2120649242401,684.758770292341,668.3604757852024,340.82219496895283,363.5058576277447,322.1029974507789,381.0444148680877,596.927628862028,386.5055275663237,123.4053226257157,29.832725905054353,688.2685201009115,662.0670662572828,696.5314831137657,685.4859365057622,705.8724238660196,656.2179851951693,101.63458896604807,-0.0970154873026466,46.26692996072175,17.017818657588005,114.76014672698214,69.54455475034743,433.07080147001477,237.35344538969153,696.4152277166194,746.8771917169744,805.003465076421,704.467922935003,529.0602804632748,258.9217247586501,364.53220893397474,657.4344524515086
863.5959647402713,971.2750343650279,918.1361412293279,988.8448790288066,423.9144050065861,490.6223025651915,913.1008990093469,925.0237667099973,656.7695724136976,597.0498345640839,824.272671373879,806.6245151478147,866.9376024929983,672.2781095195878,639.2748942493799,503.38231761698097,814.040099663757,897.8274297619183,914.734406686834,919.8829384765625,353.8621764712864,338.48157259623207,955.8485144743156,995.4392748030406,641.3326776614364,697.8546719236688,519.2774044479454,401.6027009752062,871.3115792184506,846.7387970347463,901.3437333394849,934.8035603841146,911.7069045244638,900.3296988932292,796.373104460343,771.7858989669616,802.8657924299198,785.7022552490234,458.20650723576546,542.4158794388788,710.4800675188909,634.5486493110657,739.9478311046721,774.2664977340337,826.4115793990558,829.6374098906043,731.1524278703799,668.937912334929,893.8309727207306,768.5284912170204,877.9786005664516,700.5192964520134,782.0587894285741,540.3045941997392,500.5693420445146,478.19415021449964,887.4836638200975,1030.7998478269135,1052.9686829008758,949.9455360699774,957.1646066284179,992.2691506444444,844.9136944925384,964.744655824983,904.3069855419558,825.0926156204184,957.5237109891484,901.3113247655198,947.1301283137814,967.7679790686507,768.6124276513452,845.3009976871679,668.7310448742787,703.5015789874188,500.21003081833106,486.00593308999504,812.6806825731621,780.5943099532385,820.5628934819648,902.4035143171038,796.7444114831216,802.9144333950064,552.7784585698446,498.241873956124,685.8081702824732,672.5466252405758,342.2088398148032,361.50989191282525,324.1650301590562,383.70030129197386,600.2768370167104,389.48260764344593,123.04291832690231,29.49128706736014,691.3309651692708,670.6612103995631,700.0998629033566,686.1214091443368,707.7167691140987,659.6513828193646,101.33781872768151,-0.09731369151974192,45.64838743297948,16.7753297493448,113.89536436172246,68.72871709171362,432.1757547325558,235.28962729958926,711.4281172318892,747.9448619495739,803.7633003388476,710.9893638514266,535.5795775137696,258.74172379677753,363.0777527346755,659.4004221949084
862.1071809410627,968.0566116294475,915.9886039615953,985.7950030930964,424.96001003176667,487.9173308323537,912.2903414675037,922.2440931441936,655.177000454494,593.2274595401326,822.9249455056539,807.8213496109796,866.9529902096677,673.535051187523,635.9518346691606,503.14052736700023,816.0971304364679,900.4966966495957,914.003721507573,918.6375948486328,351.7782555686103,341.00620346069337,957.075220930972,993.5154328724694,642.6992196487506,694.703732087062,514.8988231427103,395.5286119778951,870.4885784365097,845.673115972825,902.0718856370981,935.1163488769531,913.241566674184,901.4716606987847,797.3409089461617,770.9016837614129,801.8234314771476,784.9289060522009,459.03517805252756,541.7018386897969,717.2901291143698,634.1162424087524,738.7286705980225,773.3080939161835,826.5255604587226,828.5284232758639,729.9108032037404,668.3943176186168,894.4848312808622,767.4745423722127,878.6592566822793,699.0106662399093,784.3175156939725,540.3931948449098,501.3564825290897,477.7950196437867,885.6216637401435,1028.965553563502,1053.5035323602335,949.9568743356845,957.333441281526,991.9865125020345,844.9765771988335,965.5366425926303,900.5564063912008,822.3462968846009,956.4439879642443,900.9485717476326,941.8883484275477,964.5756404307666,765.4462811066223,842.2537113252233,667.0743691680628,702.0937535669897,499.1329270514889,484.37511841679964,813.0679809070024,779.4925980310717,824.004499719498,908.5852977207729,797.3876234032642,802.2504463446074,557.3606470362346,497.5282364098231,685.0800074697066,669.753724463192,341.2220681695377,361.94005235954313,323.40523420724395,383.4572429338712,599.7868170519636,389.4931646519278,123.98087697317479,30.120418839797498,687.8342569986979,670.7418290477688,694.1722391843796,681.1606430122755,706.7198370237084,658.32150351564,101.53976922168543,-0.11741673118538326,46.50909254268398,17.083791938837905,114.94958414930974,68.95350315359606,434.64137093226117,237.97285450206084,693.6352372602983,745.5405672940341,801.2996523044253,707.8962448699565,532.7037518281562,259.06065242750606,366.9687322226889,657.8444634799299
862.0541090351632,967.5625980863667,916.767441884516,987.0072271339446,426.78179599850677,487.6506287923881,912.2500609050728,923.1058358959441,656.6638914225052,597.0314736444442,822.6525895731236,807.8715881657979,867.0403417780306,673.7186806882441,638.1726361032743,503.5868964295825,817.6060692665136,903.0787070138114,914.2097966570507,919.321349243164,351.59554206000433,344.28296546936036,955.4553072710574,993.1269564552913,645.892205383141,697.3574931071355,515.9111971565374,397.6692332691616,872.746634285405,849.3379671073254,903.9537938235626,935.370532023112,913.6287508172504,900.2931000434028,796.1145468006963,769.9092197648014,805.1806810017724,788.1986567179362,459.5851300060749,542.3084357901013,731.5257708440062,633.1747894287109,739.1315617339005,774.9368243104474,826.7387072937901,829.0364410110384,731.9363362848267,669.3282193695749,893.6058407198998,767.0045635504457,879.2516465782352,700.624629988277,784.1289901733398,542.3190486898609,501.24366300864074,477.56721222420174,884.8529462532302,1029.0499330140926,1052.4858273203379,950.1937238512522,957.8637985362177,993.2888939805015,844.7311647747634,966.7786516260218,904.1927785161715,823.483861942932,957.4690358279796,902.2557010146606,943.4003124844496,963.1512855824844,765.5940775828318,843.3963356643427,669.4068791800682,704.1437749160833,499.69146949657494,487.012553685148,810.4377146236232,778.7817666461359,824.7429147273937,915.8555188860212,799.4963808315467,804.5096279086329,555.4751544316609,496.8426824259758,686.6636239434129,672.8551554679871,341.7332028501174,361.1046486314023,323.8451908857872,383.7787334796783,599.9047039489693,388.7284457022324,122.0882833101625,29.666070857330766,687.5366414388021,669.2882318011785,694.6352460384369,683.2303597981034,705.8814375006212,658.9278258437923,101.11536112006165,-0.1153652980233784,45.72378652479625,16.74435335461624,114.09110352269626,68.45946386122515,430.71102078755695,237.443141151877,688.4094404740767,744.2647349964489,803.0083251543493,706.0743950952458,532.5907205156251,258.1286655392563,364.5844638058634,654.9074896450701
862.59837869151,965.9441014154993,916.4188505664875,986.1603620916724,426.06035766601565,486.9724853847708,912.0979419132633,922.2140753043966,656.2632955239743,595.202110677469,820.8688681222559,806.0448203768049,866.5353577811763,671.8056460565883,635.8340370121286,502.7632980157365,810.7303845735523,898.7315073488559,912.4216977408106,917.9250155029297,349.9587507247925,343.1680550893148,955.1813982898883,992.5462282574366,644.2498390112872,697.7044165737026,514.1623546537115,395.32002676857843,870.0469260305729,845.1286920241367,901.017731273581,932.602417195638,911.8100541971497,900.8561946614583,792.3891585640285,768.5498197624482,801.577983973835,784.7071619387026,459.79529506340623,542.6984668688827,725.7084370597464,631.2870874404907,735.0634678592758,770.8215240008458,822.8889877125413,825.0492984147099,727.9290549853616,668.1266990862526,890.9889348060854,764.880585216095,875.2198750595328,696.7508339382993,782.3125598719301,540.7860494168366,500.95488179428753,477.4637246570884,883.6757169725599,1026.700655957063,1052.7892566952798,951.2262812573288,956.2250573332414,990.776097930365,841.7889334535745,963.4925061214117,903.3500377598093,821.8212244893961,955.8160014056087,900.4330917167398,942.6915174350617,961.9017249681673,767.0261996844868,844.5011050114866,668.6975607215811,706.2704109753365,501.01209424889606,484.5729073537907,813.8521228227459,777.778814165424,820.7378721845911,908.093637738909,796.6697629438963,802.0841433320256,554.9644877243041,497.3823637278875,685.2102707875457,669.036258574791,342.98630876541137,362.48560147476974,323.4742126430695,383.07416750279316,599.677443152575,389.96166527407865,124.61983796605772,30.34710996094679,685.1351888020833,668.1524415096994,692.8625831604004,683.8789580332208,705.9957850410132,658.8694761598023,102.1257236183523,-0.11989689539704058,46.46043815303887,17.204010723459838,115.90432216280021,69.68679585244121,435.60157611635,239.33689655977136,683.5752119584517,745.2895163796164,804.5082133248349,706.0130555358114,535.5793074346057,260.7344846641808,369.4278767325661,659.769809065194
863.5285031837725,966.9728523432607,917.0876906006005,987.6617752014404,426.28031882352604,486.81997581039155,913.2095805474661,924.0493476672883,656.5707464412767,594.8594292148215,824.530804285189,807.1240711961474,868.9673545667279,670.9600135799241,637.7029889614428,500.29400502245124,810.2958773210715,894.7832678100991,913.6677820198381,917.5054721679687,351.44125737084283,338.6866273244222,956.4334783512793,993.6463291228764,644.2331957392668,697.2249071205056,515.8642362731597,394.7712441550361,869.987278488447,842.9188835238233,900.6843912119627,933.3507476806641,911.480721425202,900.6221530490451,794.3194800335428,770.0846307593656,798.1315450122178,781.9859552736635,454.58238850853274,538.7812421705839,706.5344398373463,627.5030193328857,735.9801670398031,769.9375934329643,823.298212008888,825.7898360916048,727.8373967024905,665.6999408506847,890.6704301772579,765.2251473060451,876.6121796610425,697.563480276457,783.4507423708792,535.7761876396104,499.3615758275054,474.954774258765,884.906319541973,1027.7065775869069,1054.068750072504,950.2547973222178,960.4037037061609,993.8817286753732,842.2593139275134,963.7171557312639,905.1336049321872,823.1775883562497,958.1427025728011,901.1090646353816,944.0889865364998,963.7816104783537,769.0681248914015,845.6169773164343,669.0740153461421,704.3070908583604,500.17269455177194,483.7409637880997,810.9359315965996,779.2456763809647,817.7396460999834,899.6849049159458,793.8278611574136,799.9384915894566,546.7348425547282,495.1754644854864,685.1284131138335,668.6488240625557,341.0376272706425,360.8336131968653,322.92930202900124,382.0450180528843,599.8071668502228,389.82932574414957,122.69798544518373,30.11777018958429,690.5651387532552,666.9288061109639,698.5888616144657,685.4972814499523,706.3409496045294,658.0611566576223,102.29565714829062,-0.11476872250851658,46.38288302664341,16.98719145082671,115.23744126774098,70.02019096510385,437.44441111882526,239.11371612548828,704.4826771129261,746.0432939009233,806.9234096859925,707.2191720310645,536.3397881002987,259.131086566992,366.8111486796177,660.0446482691272
862.4737194831425,967.2227586014102,917.6063129728955,986.3086831750148,426.06180520168573,486.7151168627398,913.4234573221166,923.7955105331097,657.0916604217218,595.6877321727941,822.9576581629311,806.3414853595552,868.2796726128659,671.5164700133598,637.3421808617625,500.69598024713787,810.5095912698321,894.8622585436038,913.8539370248144,917.739859008789,353.7823288705614,341.18918024698894,955.367004867928,993.5019264826699,644.2692205718674,696.875088094355,515.9035252945199,396.6540129184723,868.6548728942871,843.5992873203608,902.2490963272535,933.1023099772135,913.2955266661563,899.7591269259983,791.2999355150306,766.0317743140531,800.6025998287789,783.2061533044886,459.9785832081522,542.2922104681923,713.9758515905162,628.0104248523712,733.6418673794066,769.4006100152906,820.8259343157904,824.3665867855674,726.1014108539613,665.6258558960228,891.3549299732331,764.2216145999271,878.0198123899972,697.8399127743373,782.8639584015303,539.6851778521258,499.34072722018186,475.4032032509287,883.7611386486108,1027.4873319742856,1054.5521302851437,950.0900346631181,959.9533301842731,991.5535981107298,840.7321897734196,963.0901144247487,907.2642740278102,821.3818071757177,956.277320124594,899.9769599500717,942.8336304099696,961.9686818834168,766.2783098994074,843.6971650670787,668.1544603820241,701.0959089535139,501.0634239307348,482.56328056227994,810.5352550569128,776.3141758075889,821.1128150452959,902.1214403424945,795.4081455099172,799.3982069689924,554.2430524317424,496.20421263933184,685.0921048496264,669.1422460309008,342.4013512288823,360.76758265667445,323.02900896407664,383.1365817709958,599.6510903531707,393.4892818854501,124.70165019937687,30.391902381832285,688.4040568033854,671.65710759567,694.6893502473831,681.492958379547,705.4386248018299,658.2975140877049,101.89728259400611,-0.10232098060487597,46.69206984967328,17.198199322672924,115.19237750809269,70.08045786886441,436.37641949123804,234.86315356983857,694.0971069335938,742.7111294833096,798.3250453872168,709.3663774321351,538.9397588734533,259.1811872741632,371.2974880319653,662.0316583041487
861.6099691559883,964.3209375516333,915.3546793662127,983.6007941500599,426.7120545054591,485.613349539893,911.1257470952885,919.3365652628148,655.8267675321929,590.968924819446,822.5088681864545,807.0335339773269,867.6168336426618,671.3740326395401,635.5499800212348,499.7181654467476,816.0755968139069,900.4739885551985,911.9525021373997,916.3833090820312,350.89065636528863,342.4129346211751,955.0758350146625,989.6954782274034,646.1082269958176,696.4470454939119,513.8091722562168,395.0908184581333,868.3117245368238,844.7082313820168,903.3032266611815,932.4689933268229,911.2435187646898,898.1501966688368,790.5323698624321,763.4283778179123,800.702869028772,783.1125715750235,457.6611438287156,540.9201731021038,722.073456310835,629.7591123580933,734.7761661455568,771.461834966289,822.7346977855502,826.3086711481998,726.4896711101217,665.0889907704367,891.2281339337749,765.6681688258375,878.1498552675873,698.3573604253696,782.4560521557727,537.2284095082797,499.13843229381274,474.3120606050944,881.6239184643849,1025.7618577887338,1052.2010299155315,948.3091803760063,957.4936107071586,987.9191000423,840.037503747036,963.4059807420267,902.5349429685679,819.9776527838497,954.7076340921809,898.3258523211525,940.0722368568372,959.3976265080067,764.0830387768444,841.7876716363626,667.7088445960928,703.7643560764593,500.4062199247056,483.7541456625495,809.5439985931897,775.7682897797264,821.8285925033244,912.3782523018973,795.9832207983025,800.3426659383827,555.5332192484537,494.7399499394993,683.7296789883517,666.9682683327146,340.50537195205686,361.26851586916814,322.3699007195731,380.74487822331463,596.2744776320175,390.6015514851113,123.59147435140416,30.636124257837803,690.865645345052,669.1540853209415,694.0816806554794,682.0477698830997,704.0217728942405,657.5144544568797,101.93090599437097,-0.11956740719852624,46.94447514006052,17.183943521989463,116.34884100108985,69.87997093364116,438.32780689663355,243.4418441548067,685.2410111860795,744.1552534623579,800.623316822436,704.6687384496761,531.1678782818365,259.6688100726981,368.7429283423857,667.7291638604526
862.906150538637,964.8134011836967,915.577310795733,984.4267105163331,426.0445411682129,485.5679017922708,911.9530105005445,920.7428875180508,656.2557493910498,590.701247105833,821.5770198387828,805.3722447834317,867.3174714862175,669.4896395144916,635.750777149675,498.6080980839268,810.2725741851951,898.3779615484599,912.5031849360557,917.2268662109375,350.18656169043646,345.87255541483563,953.3990374478427,989.8462905278282,644.1643775520524,693.4270584504683,513.9662672643503,394.1191960175832,868.9482561507315,844.2725583676938,900.6310088390441,929.8118780517578,910.2235991914393,898.0737315538195,788.367687722911,762.4741398455149,801.3481329695244,783.1376979969166,461.74412115716507,543.1321284547727,728.6268515665023,632.0508146286011,735.5948753375856,770.5220898271172,820.4485817274343,825.3709617748596,728.8637792177436,666.6101268415267,889.8802439289708,764.1336073812502,877.2243177985899,697.5596683845673,786.0722993243436,536.293708748385,501.73577361229684,474.66855668241186,881.9874695593007,1025.5441556103804,1052.3377989733965,945.4053606083424,957.5499630471935,985.1937496839604,839.0674509404267,960.4664032429824,898.96875364389,817.6768943585782,953.9955987908867,897.2361192557344,942.336272221462,961.5029222688622,765.5597093943003,839.5594000894515,668.2140705913579,703.7096928848333,500.39156043011207,482.8911074786119,812.5047734995358,778.8845219908908,821.2534413439163,914.1555404663086,796.8581817159251,800.0542612470974,555.2196805445353,496.0202635200818,683.8354513665653,668.0872961784247,342.7545452903299,360.6460826883247,323.55454848023754,381.78048154367167,596.3707155582254,389.32853810763606,121.90261809502005,30.084036754483595,691.4313069661458,672.5830988479873,694.4054651260376,684.3009347354664,704.7687263391704,658.3977934783711,101.58181563848139,-0.11750016610517545,46.35046648996349,17.003559930799902,114.99480172280239,69.71173829635636,434.4987015724182,237.16974449157715,686.9638006036931,743.5764126864347,803.7265340305814,702.4568925688538,530.4408164024353,258.58513920348986,368.287528469707,657.848527579472
861.6850326520071,963.3066996468438,915.5883964874231,984.2784904084832,424.7518996305244,483.25419291215286,911.9466851536067,920.2182438205151,655.4055954485524,590.7238939629226,822.7951700861861,803.317941396577,866.7035235606172,669.813917155208,634.0947722653251,496.6888156068088,804.3783220047069,889.7668401394967,910.1746620382843,914.8869559326172,352.2819827397664,341.25180263519286,952.7632193186927,990.161075592041,641.0809736801068,693.5522030107268,515.4159415440006,393.28294224209253,866.3031120300293,836.3969433443046,897.1618911863312,928.4225020345052,908.7639691627631,896.0302491590712,787.6881230893342,761.9058242246329,797.9710244334217,781.2517828764738,457.852111518383,540.3955231855871,710.9265321825371,627.3465609550476,733.538487055945,768.072872125707,818.5842608449187,823.0818181958115,725.6724166278997,664.0628957259697,891.1565227754654,764.1038961871759,876.8365907067652,697.0113294226543,782.8951214161689,537.4218265566171,497.60554608146845,473.56080374721614,881.4129560455957,1024.2123192581867,1051.4626746455742,947.1168550827714,957.388582816746,987.940783411168,837.6825038198302,960.669755935669,902.3712761722394,818.7394227411704,952.8790127478288,897.204146161033,940.8171656906225,961.0418863033062,767.5175570582485,840.3773462889625,665.4124752359653,703.3408911238502,498.0501828400985,485.44191064968913,812.6441953064965,780.2708140013129,815.739881150266,900.5564596993582,791.3360513855214,795.739136439002,548.869986298879,493.48595014770825,682.9572708516394,665.0125464804379,341.1722019924837,361.4239827613968,322.8109683246973,381.1849139047891,596.6440257501926,390.0599671655148,122.59496047513352,30.534130007401483,688.6807759602865,664.5702499131025,693.3680202066898,682.1943079745607,702.6232630994181,658.416227895648,102.24208136309723,-0.11707561845994657,46.43367901944419,17.11619901299964,115.40346798112714,70.233584755586,438.33467637168036,239.54995346069336,695.9541958895596,738.290869140625,806.1448208597683,707.9349641437772,535.7442193311804,259.0155370319099,369.23995078693736,658.9192062904095
862.2553518896542,965.9128385553456,916.0824079207376,985.2319455697717,425.8990169081577,484.9176192241056,912.3866848892771,921.9803875635025,655.3472438539777,591.0230645898913,823.8393992990013,806.5204447579762,867.4229713819448,670.0941804507484,634.6735488170415,498.78964506869875,807.6036267031991,891.4387646418473,912.4473703903257,916.0482224121093,350.77267763349744,340.28037389119464,953.4627382022478,992.5806707351927,641.8576215773977,695.8122828556941,513.8954447962302,393.8192434310913,866.3355016888313,839.28496425299,898.9261219895731,930.2468636067708,909.6287653001689,897.8801411946614,791.1538338039232,766.198833419616,798.7849856473276,781.2838487978335,456.23604791504994,539.9686107849807,707.6757807497119,625.4524357318878,733.0373850833802,769.8025726390675,822.139529119295,825.8034648672182,725.908972267277,665.7310859431753,891.5171302303191,765.6262370638134,877.3654148790367,697.4962127971457,781.9909392728933,534.7484274331262,497.23855904088776,474.5492171788567,883.3391938893714,1026.3812464817806,1053.500808007259,948.2265184198491,959.9406799316406,992.0881119823764,839.7735446148326,961.6915753172258,906.023739373506,822.4828183577042,956.0926773757077,900.2268937154672,942.2304885767068,962.8407100445658,763.1311854800663,841.0466383636975,667.2004755002642,702.4103097626657,498.2509871773098,482.32699370048414,809.3663747818744,778.4666596092129,816.2742686170212,899.2778015136719,792.3091478603553,797.0343516439364,551.3505619176229,492.3160072733959,683.8330135274039,666.7710263350976,340.9376677681418,360.4520302335278,322.5436223070137,381.3685080820386,598.1029086240484,391.4906657355279,124.62746422268727,30.47616766888266,689.5495239257813,665.8290317341433,696.9626408815384,683.4200015521158,705.6557935564269,657.982400189985,102.88048032662023,-0.1264077361466156,47.245107296879375,17.249826075807714,116.20931323417308,69.62282220143024,437.988079600864,238.06797050027285,702.1151899857955,743.9423206676137,802.4249326974754,708.1098472498641,533.4769526275934,260.4306878144281,370.91786162058514,658.6871821962554
862.2027198043877,964.8638618546303,917.1421983335588,985.6394543894734,425.88554101101187,484.5933312816279,912.5467162071286,922.8216195776107,656.5244927698252,591.2914743931567,820.8913551888814,805.5431997571673,866.4298711812721,671.1563079772208,633.998869734617,498.78493059716806,811.543985665127,895.8936978463714,912.2360953261569,916.3984260253907,351.19497352176245,344.9104606628418,953.3404810631602,991.1170195927696,643.6761073167412,695.651668370425,513.1806225434193,394.4569568898943,867.1444607860637,841.2091338734568,901.0540007343442,931.1335144042969,909.5124960430597,896.1698457845052,792.57340485946,767.1704005965267,800.4652208504698,783.1689494097674,459.15351273545195,541.8652659212605,721.9333330998655,630.0471625328064,736.1083787074165,772.0846864600882,823.6562381959559,827.8150759802925,727.4449664226248,667.0668939135292,892.4438439030802,768.1059073870483,879.5257632035854,699.7455377401241,783.8958176240793,537.6415129975945,499.2926147891404,474.3044163739818,882.6408629234624,1028.363359802299,1056.6046163340625,952.1613888038256,960.7951564357592,993.525331741012,837.3855216583345,962.2019333388089,903.0645840772942,824.6049151309701,957.4776785046867,902.8317479861794,943.2999356992685,961.528285242576,762.5848963110296,840.356183161501,666.0658346753602,701.7446266603677,497.34490878340125,484.7310490138094,809.483790413278,776.207999454989,816.8178762882313,913.3290034702846,795.1803942859401,799.1328473420433,557.0288906097412,494.40616854881245,684.572469444527,669.1247722820679,342.5808673746446,361.69033779392174,323.776729915912,382.4054239847663,598.9244490714146,388.01562602609397,120.43231519249578,29.60070762251292,691.308671061198,672.5183296850172,694.4008510708809,682.3541041585655,705.7848111606432,659.0678593418709,101.71235505109162,-0.10779830889552142,45.04315054278946,16.664900211548748,113.64062249704631,68.6374470273143,431.16795553101434,238.55649140301873,685.7153653231534,743.2844027432528,800.8583900400456,705.7509585996218,532.1564034948162,257.7562570530072,365.57993474151147,661.3303706728179
859.9738558033985,960.2620994514889,914.1718114973107,982.5417073162429,425.3548920476159,483.579290711454,910.2782876875699,917.7430200065451,654.4492590573369,588.3080382816127,819.2197405807372,803.9652757099697,863.4402677297184,668.7783525588542,632.6233373850732,498.71391973661133,808.1075542142606,893.3333903214464,908.189451137265,915.4078005371093,349.30356068081323,342.6250836690267,950.7272662318286,988.0855741954986,640.7980026325006,692.0078877197517,513.1850801752418,390.4882025718689,865.3948446309792,838.3034810384114,895.7300959709748,925.7000280761719,906.0454211477506,893.7902498372396,780.4148036790931,759.4475024119918,797.2949657020065,781.5337175439905,459.57416833617856,539.6828121228165,719.9599039046491,629.8644738197327,729.2653753454723,766.7423909444944,817.2064192222022,821.6573082550227,724.1067222169609,663.2503083690063,888.5359519220168,762.1713189827033,874.8911781728344,695.6539792103067,779.5093894582159,536.0384977511769,499.4669673416373,474.6124821395999,879.5929624091626,1021.8063987427288,1052.4403924138705,950.5178388184946,952.3796796185037,981.5986991839115,835.645464999231,958.6171783674891,900.4240600813681,816.5660203384183,949.895050434584,895.3332797330345,938.0301280416501,958.5573565235454,760.1753091726217,835.5942195829798,664.7992734996551,700.5586504255023,497.3642870032269,482.6468033051827,809.4337628474001,775.8428392845566,819.5310370262633,908.9439860752651,793.8115031216793,797.6903531327432,552.3154910786947,494.90167721271513,683.134996175766,666.1206234148991,340.2460341509651,362.05117226249473,322.3650069826593,380.9690463869734,596.6867178437665,389.59079064249994,123.93406873824144,30.506174203581825,688.3263264973958,671.1891288110766,691.6816357374191,681.7784253979161,703.2226039507917,656.7246324963558,102.40706230098333,-0.12371195045610268,46.97976381725977,17.18578800338395,115.3210600823058,69.98301419890136,441.58570528030396,241.09227618049172,678.0413929332386,740.4527332652699,800.1628110744809,704.5205817886546,536.0398551739898,258.5441435178121,370.52754894892377,657.6421298323006
861.5706777741524,963.6814373382414,914.5588664668352,984.4362762572756,423.11004564152205,483.48250629646435,910.2998077314528,918.9609745756109,652.8366731526901,587.6464744161387,821.9952386840572,801.3211787223815,865.3343137868682,667.8910563822217,631.8788426574783,494.9892454904599,804.1647069849674,888.8215400087477,911.5096235604121,916.0270073242187,350.6368638144599,342.5955015818278,950.7384677242923,986.2498932490273,636.2132235821629,690.2827469961984,514.4002195748176,390.7606797748142,865.000136897249,834.1070059317129,895.1146233826485,925.6362487792969,906.8208094451387,895.3947277832032,785.1983119798743,761.6832915156721,796.1166664157145,780.6312041106047,454.81344380442584,537.9068417781301,711.3624907946977,627.2133402824402,730.9508237025094,769.4218667197566,821.3019970280214,827.4113457886099,724.1237127832637,663.2690824757923,890.4486009290141,766.7360832768102,875.409431537913,698.7037033631768,778.8230535053887,534.3543747067451,495.6749245826135,472.36211662089573,881.9478444227906,1027.5763246566057,1053.497207691036,948.4769629830491,954.995047249172,989.0861773043389,838.7988976761471,962.8638992741274,898.2685696046743,820.2174041560762,953.7201804782568,898.7494012357794,942.9238127690212,963.5084363399948,766.3866232279184,838.5786296031514,666.2141587843589,702.0488879711597,497.694115680197,486.04155054226726,809.3363947633837,775.3816052195442,815.272032392786,899.4606879098075,790.1277471374278,794.4150399239683,547.3315490341187,493.014135556221,681.3603597590577,664.8968258591233,340.18810009114884,361.0124436354379,321.3140367940068,379.9020237320228,595.7549004912984,384.6262397772074,120.51040953746997,29.34298932322224,684.2733052571615,664.4295954300186,695.2278841137886,684.533865190739,701.3191894453597,655.8476446286974,101.19929165402918,-0.11138799817094372,45.7496880660294,16.629975657182072,113.68542205297358,69.31638016278845,434.92656728956433,236.34535228504853,687.8250066583806,737.7676746715199,805.5166720191904,703.4503845987441,528.5002966862099,258.2760527468564,364.774204232476,657.2698722050108
860.8313684925138,963.0785784432383,914.9745527033857,984.3265314596108,422.85907294694766,485.71506835307395,909.3251657575395,918.7520896035053,651.8243125993379,589.6258511543274,820.1726343185921,798.9307507411355,862.3272967330383,667.2701753416525,632.6904967009132,496.7817472145516,807.9353120632081,890.7915472493219,909.1802179913868,914.0779412841797,351.41247420840796,335.7108984629313,950.7969784316906,988.215025826106,640.1618110696683,692.9303269543491,515.6326004154774,392.12988622983295,864.0819733817623,838.4040226689092,894.8472889176817,926.6020487467448,907.4542095378293,893.5013381618924,787.7172225288723,761.894483083702,795.4266194751084,779.9408878750271,455.02855199468985,540.7987769480502,702.5355234615138,624.2377486228943,729.1705202971186,767.2154402348667,821.1298198274915,825.9652380078857,721.5460386399395,663.2054255332772,889.0369196737967,766.1468127913489,873.7181209934878,698.1787223538882,776.6436046891148,536.5445339644657,495.80668261207865,472.6558773618088,881.8963423161753,1025.9534972042397,1047.5050485664517,942.6329761213478,952.3416744464377,984.9993706366777,836.4290480307483,959.3780734136762,900.1519762864754,818.6188627644718,949.2108622904574,893.9565561795931,942.7875642229797,962.8357422549421,761.2462710818729,836.3473802785404,663.3193747844172,699.3212466549563,496.1511044709579,483.55782070965836,806.3550485079405,773.8736924294119,817.723817216589,901.7000045776367,791.2213061979447,794.6264152316098,550.5545462036133,494.6482288090388,682.2154214644747,664.9925622967233,339.7580340665929,362.39792341962186,321.91626865264453,380.5484689773905,595.4467454021369,383.10221038835743,117.78208406642618,28.214304166420604,684.8861002604167,664.4060518943658,695.9563572108746,682.3150036842036,701.1290177983485,655.257446494254,101.37726191754795,-0.09357342533422289,44.23136260138217,16.212232950677365,111.98212536480895,66.62608230254182,429.57109043333264,228.01436317668242,701.2921919389205,739.180967018821,799.9875848757341,707.8728334451024,526.4174852347842,254.5230507348713,359.3827714631052,655.7602854761584
859.9499767082782,961.2414678202736,913.4198995764842,982.1691102411643,424.50038290689156,482.4070377328566,907.9848881792229,916.9283303735612,652.0070242784461,585.676691469599,817.6209541181239,800.0910235859099,861.3332913171366,666.111742456915,630.6491319362204,497.34795673786857,810.5660127757285,892.9717969419156,908.4525987179343,913.8762145996094,350.1635683907403,343.2732290903727,951.4490099049577,985.9513036939833,639.5417252585526,691.123809500055,514.3853769671192,389.97033553653296,864.625045560441,837.8044924135561,898.7694277625698,927.8883131917318,905.267082472979,892.4317789713542,785.2165291164232,761.2986497993929,795.4844758290026,781.5370580885145,458.2820887118578,542.1709995484084,713.2979015913166,628.5070376396179,734.1637593034714,772.3317587974512,824.6760671769676,827.4978289910924,726.3420668180324,665.8310911180256,890.6308175117739,766.4996342110145,876.1909812567624,698.2285639668854,779.7047939215006,536.2996040763808,497.1697269489668,472.2477225273994,882.4590028760729,1024.524036747438,1046.756586771032,942.5429682418509,952.9593068263841,985.0786949299686,836.150562554689,956.8583175674878,899.030891418457,818.9351645253734,950.5228995076726,895.4876066587233,942.722408027406,959.4404580132078,758.5955634417835,834.0976961479812,662.6263058163704,699.6787430404069,494.99682661415875,483.83841393699106,806.4887600257748,773.0240202464504,821.6296542553191,905.7412894112723,794.0161746087202,795.7265957560987,556.2358006540934,496.2884146308899,682.4561104348053,665.7223175498042,341.0788290753084,363.45390804063544,322.50540227318805,380.5293039536732,594.127481068739,378.5193216532841,114.4677427523183,27.647007753337046,688.1856038411458,671.1907364150225,692.0539368987083,681.0088576925286,700.8144278489906,653.771695311903,100.27667879499495,-0.09660676640492899,42.998321648988494,15.672890029603773,110.68537246658339,66.4166238375649,426.0716421339247,228.04574618620032,678.7268010919744,734.9639537464489,796.7980328246251,702.4693346627151,520.1820010764926,254.2025422757132,356.69565466678506,655.6633216594828
859.5251904592322,962.6087737059353,913.9523718490328,984.5750064317924,421.3321525218875,484.49902380896464,908.4646562086855,918.8836449578467,652.6193320215965,589.2015715192576,817.0724191975787,797.5714535773747,860.1359611498144,666.4266575840321,629.3290092268986,496.2999858098941,811.3381243520438,896.2817644138273,909.1475447731457,915.5106055908203,351.7763434516059,339.11419576009115,947.66219272586,987.1805519225105,643.1410425196143,695.1978343921703,514.7163471833119,393.77169195810956,865.615989757034,843.1969530647184,897.3512674166461,927.2195522054036,905.5498304205425,892.6843511284723,787.4761498492697,764.8374983086643,797.9815738358686,781.6542225590458,456.81502254094397,545.3118221554416,719.7236858430456,633.5812101364136,740.202913420541,777.7033189167909,829.1176481552443,830.9411599956758,732.0498643881402,669.4293899944612,890.7592513915031,768.8167616377128,876.9767010638459,702.017149213724,780.7741362909566,542.1123300299924,497.98640976832985,474.6137056670681,882.396604874309,1027.8553271117034,1045.6627746483161,943.0182681817275,951.6489437866211,987.2966289705444,834.7460646323108,958.1430958249441,897.3121086234477,820.6098769308677,953.5692569518358,898.6267528931852,944.0932558873657,959.7583355139632,760.4956191123069,837.8461187393939,663.5164128574756,699.8675385182038,494.31584808791894,483.9844396886691,806.3150242039414,775.6260973665229,826.9644359832114,914.6186795915876,796.0868082156127,798.1553390335641,553.6888939158122,497.9451926950614,683.5727705211891,669.5436300538544,343.41688731137447,363.6375199861905,323.38326270505786,382.1907719656452,594.8229562540006,374.2607184115052,109.99410739788544,26.23000287471088,692.4197428385417,669.821187682071,694.1635929942131,683.8773216834435,701.3244729854981,655.9559431845518,99.92431503843125,-0.05876808140288901,40.764345113822685,15.031598590036655,108.5101776551367,64.80158024606726,419.64389569891824,220.0738788212047,689.6620372425426,739.5053278142756,800.000332825936,700.863843893703,520.9768430532193,252.2390580637413,349.4313109137795,651.0497752222522
859.0686390594158,961.7877267201742,912.6753949812845,982.3656613171338,423.69619942598564,485.4967732120837,908.1843793369824,915.7329091433261,652.7826180555383,588.2308302316509,817.547980502369,795.9610936620879,860.9447830749825,665.9671648624937,630.6278888313332,498.12619248927376,805.1786353667201,890.9437231779891,907.55943280801,912.8704010009766,348.8752324846056,342.1615390777588,949.7273763130926,987.1450619773259,640.0965460033317,690.6032503777808,516.1399806322972,392.4061224990421,863.450052081414,837.4785419228637,893.5371598371371,926.3190869140625,904.2451140840175,892.7535101996527,784.2885089376698,759.9234597079725,797.1333546911567,780.7151480780708,456.8308729444231,543.9751539623246,718.24790229172,632.4172630310059,738.041622500571,774.8231416223174,822.5885495608231,825.8860712330244,732.4133238261643,668.8414194867328,888.7761152328983,766.0478371091602,874.0949212360259,698.9915653539135,778.0961499748743,541.9723729245803,497.927879495265,474.88689723537715,881.8979068350818,1026.5123847320124,1045.924815859702,940.8894101804015,953.9913241975204,985.442906211495,834.3291825227417,956.2794021009909,894.5316356829743,816.9985988152428,949.6668059734816,892.9846768226677,942.9023245064317,959.3412957797393,762.1536901663015,837.041579199619,662.9716851470668,701.4805424677861,494.96368717801744,483.40300739986793,808.5046701900294,776.8212113123217,818.826138110871,904.9430313110352,793.0159914740201,797.023555945461,554.2349358685811,497.8754740182559,682.8227705531183,667.533185213493,340.8376510956708,365.8673520208696,322.42425114257884,382.6745629510948,594.7880577288175,372.38937481582167,108.42284629235252,25.90679542919044,693.4260172526042,669.0358597060381,693.1959337890148,681.7618350205918,700.5510782722298,655.5220043023816,99.61924451464591,-0.06635070925371514,40.09536976607077,14.823512019483314,108.3362817927065,64.38553459129186,418.2559008134736,222.8645620065577,681.8822076970881,738.0128651012074,796.9628451558567,700.4700124233584,518.673738916715,251.18704454496242,349.2973528197317,651.9725657495959
860.3097455994157,963.73513805505,912.3390610430669,982.52335433656,421.2270969213441,484.775033844901,906.6095151649208,915.6576695543655,652.2411648886545,584.5844431783332,820.803602978466,798.7462805899363,861.2882623427115,667.983659854302,630.3997429852462,495.54941414721844,804.1887925857616,888.6720744414979,908.1979802741859,914.0534078369141,350.52779483795166,336.0881513595581,950.1851319592408,988.9123994736444,637.114981895966,690.6508751334725,513.8937364019741,392.9784546693166,864.499150402141,835.1832836763358,893.3479885792169,927.0714727783203,903.1302848427982,890.252668999566,784.1386994735054,760.8078804475715,793.4781655467029,778.2599088880751,453.4216494219644,540.9378381936291,709.9706711065573,628.3843898773193,737.9300337083756,774.0485655255792,824.8193999904112,828.1985804853383,730.9410058082627,667.0150458245844,889.4645589766964,768.7533852138127,874.54633193955,699.8985529452623,779.9473407215067,543.4999482117447,497.27213737903224,474.91311747586866,883.1106616184197,1026.3253489600288,1046.316678436477,940.4278271515866,955.7719262164572,989.8448687803398,836.1737159005728,958.3132893911605,896.7937345931779,820.2295189655413,948.279222893447,890.6981312800847,945.0788865787968,960.7186721043033,763.9155077203974,838.5624368386191,662.3487415838679,699.877328319467,499.8265889485677,482.93020071110254,806.6179396832575,776.3123039783778,816.8833942819149,894.7416403634207,790.500629030425,794.7918860266881,549.7122873942058,494.47724840343,680.7796721773526,666.1477909341723,340.0223555354511,363.30495087936896,324.0428882359217,381.53097070528014,594.238344392064,369.3047712907195,106.03897846386664,25.19127997716278,683.6548217773437,664.3490755760064,695.0651488602161,682.2984684042261,699.3712857078959,654.1668410965749,99.51336781157327,-0.03689114419329498,39.309440255008134,14.3124819599171,107.06780696204771,63.82126609500377,413.28524937232334,218.82704462724573,702.7108209783381,730.5518077503551,801.5550811562762,697.9532698619215,517.7149380328608,249.80201685637758,347.0271094170484,650.7663258519666
860.934852933377,966.4775591041102,913.4241928844475,983.318847473874,421.3144029839094,486.08457496762276,907.3577629147893,917.7350552985009,652.9137308159653,589.5097524846186,820.511307879192,799.1863189561027,861.4762123592109,667.6091361740823,632.7771584596206,498.39368931058027,804.7901883961465,890.7884777107112,909.0946792076373,915.4408676757813,353.29411188761395,339.4021823247274,950.0913964583932,990.940748729403,637.7743678067991,689.5705624753302,513.2303831827575,396.4370215733846,864.6335823490934,839.3449526186342,892.4920582208108,926.2497692871094,903.2317007032491,890.303885904948,784.9644186268682,760.6805026502494,793.4971383384672,779.7146083690502,455.9193798686777,543.449803870269,700.4008563932825,631.795289516449,740.5609084292064,775.0960404635606,825.8830671894849,830.627508670963,732.4252466111144,668.7782951485027,889.8655465218328,768.3380196423125,876.8324586950828,701.3756583245467,782.8009940177336,547.2247946309109,496.5250862978703,476.63503708972087,884.1841666314583,1027.5661070843537,1046.8475894145265,942.4062388399528,955.0751664932915,991.304237976815,835.6263979523918,958.2427642963551,896.3601045181503,820.7745365566677,946.7233041548997,891.0765771560775,947.620713932499,962.4509267227426,760.5866818127331,838.4969050923332,662.4391299606464,700.7054176495704,494.53920579993206,481.6730436942947,805.8628972788326,775.6430038515463,819.9479785675699,896.1472451346261,790.7720748492128,797.4851876885851,550.3625090281168,497.4833720298608,682.3457955162955,670.165866811957,340.2869893130134,364.2584452336446,324.728278271233,384.243036419615,593.3328031141608,366.8800638037361,102.16199892345402,24.06966255018319,690.1696919759114,666.8807145458156,697.8746266067028,682.4893126336698,701.8563202137256,653.8033533422755,97.60748718504941,-0.019801842352306403,37.38196491664799,13.882022856686463,104.41539344117399,61.849151006707004,405.763181803955,213.48083583922948,704.6395097212358,733.1160422585227,801.4178737153943,700.8624190318434,515.9764256196863,249.9527123810952,339.14960666136307,652.6511062095905
860.537278996167,968.4607202115685,914.9712680086369,982.8593452119258,422.5598494862401,489.7023784135069,908.0744181419171,918.6741359077616,655.7976485077215,593.0942272045573,820.1070018706283,801.5839733048091,862.0439989145583,670.1259461675096,633.164155352768,500.5499899109303,809.4803198502527,893.7269627770712,911.6995779454023,916.7440109863281,352.6965863969591,337.7402942657471,952.0339952168871,991.8404488336472,641.4670547864824,692.2286176576719,517.6375062636907,399.7265683280097,866.8838285770056,843.551020492742,894.4483483982837,927.4589491780599,905.4742279052734,892.603144124349,787.1642437478771,760.4186427104904,797.0452710122264,781.4819748489945,460.1512675242765,546.3069774202639,704.3919917872695,630.5539779663086,738.4876213111575,773.9818537743736,823.5243420109443,827.0091151187295,731.4440279194146,668.7127527532044,889.7741907796552,766.9429883061965,877.2807807284125,701.3118841537768,783.0426661743711,549.2692588731354,498.34930552470746,479.0236477001209,885.9691449736713,1029.3243090568317,1046.4801402576027,944.562920198208,954.3903102310844,990.4623382762798,836.6446284722845,959.0176318761253,900.9471667844858,820.9790679133216,946.0939100522673,890.788603823772,946.0988779250224,962.2583469791307,761.849598240208,837.4573435548876,664.9547613301409,699.0167063263071,495.5719042791836,482.03682289660816,806.1390260790215,776.2204531594431,821.5143757272274,898.7310082571847,792.8599291395867,797.1022616565557,555.5219405555725,499.55112659692765,684.0402159753875,669.5183605113034,345.11747492341436,364.90608377835383,327.03745542482164,384.8990993988528,594.5388582825458,369.15568696543573,102.92747895381655,24.53419044070598,693.3316853841146,670.9208234366724,692.8984404206276,681.7198152844184,701.0166373604733,655.8556752939387,98.24229987215642,-0.015021808335074672,37.55517033398402,13.910202311905284,105.60510424439799,62.07735762306018,408.3215142985185,212.52915117276066,699.6758478338069,737.3765158913352,798.1069481356832,702.3207098079633,520.7257137625825,248.5262935057021,345.94316296143967,651.6528299265894
860.7486774935492,969.0230519217674,913.0140443817755,983.1737402805769,425.9317288420921,490.1580550079899,907.3168465889934,918.7599802187656,654.7862364710594,594.2930867789222,818.8202454481668,805.1104597689614,863.0496047266965,672.1615172976907,634.8302206779593,503.65216900914834,815.8070493580606,901.3198404026982,911.7865929146836,916.6054301757813,351.28468269772,342.2421908696493,954.1959684627913,991.6378562563941,644.0421893134791,694.346717611774,516.990675699645,396.9413939581977,867.3874887430443,846.527490309727,899.432972024432,931.4655690511067,907.7221881413864,895.4701746961806,789.8823597783628,763.1938270660768,799.536893735373,783.046629163954,458.0836434843285,545.7361776444795,718.6030663662269,636.2908673286438,741.6716197407435,779.3683257080368,828.7634267939831,832.3626261649773,735.9604339799113,674.3438280103924,892.9869752084055,769.9104566965634,879.0672615534282,704.3281173518966,783.5525559224355,548.7437448618459,500.12958309557257,480.4589130632616,886.371701862047,1030.6297067343085,1049.383795126468,948.2042447146846,956.978832503609,994.1885464276311,840.0723256102395,963.119486380997,903.7193128101861,824.3018689691559,950.0885316570153,895.3306939306776,944.5960949940287,960.5499456416178,760.7257949210502,837.8532163901407,665.4670480150695,701.8848143738586,496.482923867046,484.05387061750383,809.2962774057858,778.8056822970696,824.7979216879987,910.5837249755859,796.6687429143094,801.4130660842137,558.5544286282857,499.00368286768594,684.3434694760697,671.6858562594465,341.5258981480318,364.5175585867265,324.06298895242315,384.5652864840375,596.2329162053625,370.84619082575665,105.97700967142117,25.27175804687068,687.0397989908854,670.0464141328456,692.7991231679916,680.9739096801205,706.7047883244871,658.5170412903019,99.21378364996053,-0.017645116081392322,38.93115418041753,14.14250516767913,107.81201539983117,63.41661539232554,415.4938122398323,220.5024874911589,689.9347645152699,738.3458207563921,797.6084160516726,704.0565849980221,521.4401769451066,250.7167126829164,349.8433931740847,654.3856411637931
863.2773286443393,971.4045190498082,914.9791891345229,984.5654315112597,426.56405553595965,491.6058414429426,909.2407054982425,921.2823753681589,657.3261127666551,596.820671308236,821.03823892857,805.2014731119549,864.699909714033,672.9478774509931,634.3827966362683,501.48714087722317,816.1752530500222,901.8587996650772,914.0468517318083,919.4187186279297,351.60538885328504,342.8788475036621,954.1797342782069,991.2540036156064,647.1088462549978,696.5414604616689,519.2923563751726,400.34445881843567,869.7167030910276,847.8948236912856,901.7585165669599,933.1771815999349,908.7410389528436,896.4416491699219,794.3060262928839,767.1376041274473,800.6252515347519,786.9394422460485,458.5607389435172,547.8713301701492,722.5590615194352,640.0089735984802,749.8710142279429,783.2564265807093,834.5741695388114,837.2825601756224,739.485139597546,676.4357534769948,894.6829969036963,773.3686344420805,881.9475272070026,706.032778600332,789.675118347989,552.9851031256657,502.8981925327443,482.90007604904923,887.7708601016727,1033.7518897547766,1052.440480745122,947.7147000296702,958.3400609290081,996.8071461495458,841.2957589852336,964.1188546168951,901.9394558579174,826.2416370152965,955.2968648889091,899.7165110538997,947.7315633008435,966.3848219392049,766.0272439492716,841.7363475737025,667.1760050922359,703.5504158317269,499.5148222550102,484.7632392560932,810.3160465428086,778.8549784426867,827.4337197161735,913.0449055262974,799.1416678593076,803.6643546329019,556.8721667544047,500.0827822971344,687.7397298199489,675.9989745865973,344.6828124095412,366.4073630825277,326.4197170958311,387.38381545052056,596.343901046468,367.73514121224486,100.98962760974516,23.866697845370574,699.8456848144531,677.6755003848318,698.1868963241577,685.0505553370688,708.7961230872545,659.8546972601222,97.32246699579072,-0.0013823975567464476,36.87160713228115,13.522949820442175,104.6293137879155,61.69801058810985,401.6323651075363,211.4921610916362,706.2325994318181,744.8162653142756,804.7733844526662,703.1941091803055,523.8067846485213,247.55783763893862,339.6305207212766,649.6552145070043
861.9189913230634,967.7005120479699,915.5611572174906,985.2863692325425,426.9370854311211,490.18804183815206,909.3026395116417,919.2101785992561,658.5018098208369,595.3352242454154,820.6191184036131,804.4252358300108,865.2390027316111,671.6491912038703,637.105104987301,503.5868109142218,816.6922458449811,901.31938799988,913.8202008360647,919.3117347412109,352.5526900821262,345.9595254262288,953.3816042593203,990.9985419379341,645.6250708215524,696.5132978145892,518.9156837674136,402.1828069024616,869.2609606329,846.8258196795429,901.4686444300054,933.0590075683593,908.2502001746226,896.9588873969184,794.4683752972147,767.3139019701854,801.7177716897972,787.2355360808195,461.70300029484287,548.5004030145942,724.9338974249167,639.7912817001343,742.9839757302451,778.9881023208112,828.535795234372,830.3644742603191,734.0832757437524,674.7538568440017,892.8868977392873,769.8079905523932,880.3496102304839,702.8566282108516,786.6000953297979,552.6911349787432,501.91208635807885,483.03567687832975,886.849508630224,1028.8581186113533,1049.5713166469632,950.6539087914224,954.3135798445992,988.6036636945113,841.9345959537984,962.2469564131749,901.1286365452097,821.789737745773,952.00231878945,898.5697266601223,947.7166635306777,962.5422926423299,767.8041047792177,840.9434185340756,668.9350060279216,704.1476098262902,496.83451776919156,485.66658363879566,812.8152530857774,779.4606918398275,828.7638056328956,916.4489473615374,800.6263044803079,803.6124507946204,558.0341680399576,501.4590127929052,688.6975238006021,672.5183312863479,347.8439180794884,366.7255280835534,328.4645967880885,386.71735446472985,596.0903270394369,366.740280337135,99.94806954732888,23.721627915895525,695.1724141438802,672.8970233464645,694.1980291455984,682.3195945083826,704.9723463373937,659.1001933757717,97.04412864307922,0.011705311370530614,36.15071632049224,13.34790332743183,105.21991401204566,61.22555407727017,403.2968049446742,209.73624112150247,695.1692449396306,740.1751098632812,798.6280155053875,703.5980827234969,522.7850250543332,247.2883864285653,342.6692026311701,651.5986812196929
861.7094755026357,966.0692246369641,915.5243340491114,985.8312075793506,426.73982509346894,491.172482665096,909.6879073108046,920.0773239103277,658.5179090305251,597.1272825413063,820.113786961005,803.5871582530793,864.0569131893727,671.6157577761754,637.9557324025168,504.55931681971396,816.5073411408193,904.0192062656745,914.1424096352296,918.8255201416016,353.76526143815784,343.3809169769287,953.1596179208026,991.2576207963247,645.0081440391341,699.4447345524044,518.9545537621935,404.48856892850665,870.1774837565872,850.7384191442419,900.1627423143763,932.1166341145833,908.6989312899315,898.5679332139757,795.7338742463485,771.521344288286,802.0781978657592,785.8036469353569,459.9070236299719,548.9355217365736,724.5860195472592,638.2862391471863,740.040754916176,777.6275031284133,825.6000221698729,830.1038453286154,731.6246276286023,673.2390096204264,892.1410650437878,768.5426970786713,878.5063403116077,703.325493851418,784.1961558389022,549.8120511419633,500.55762539769574,480.98263675764616,884.7930477347065,1028.3854167505547,1051.1066520971046,951.1971324988646,952.572539115574,987.5462391121873,842.2826540652401,964.372888863332,899.4394638858624,821.928114915695,954.1204151909003,899.4062926779204,945.4851904219123,961.5040741809823,765.7326022311374,841.4125460640329,670.0724196127795,705.3092459806633,499.35169783882475,485.1964154310629,814.4570232453893,783.0085454283908,826.3908068068484,909.7592958722796,800.0791518112709,804.941699165007,557.7514092763265,501.8208865833283,688.3881487943003,672.5598675586559,348.3916601643843,367.15183963500203,326.3428233739299,385.6741441897471,596.5342259479905,370.9279791293371,104.38289045356214,24.93341142660985,691.9319986979167,671.8987794003244,693.9169309437275,683.7558834714588,703.9223645625224,658.5305213135438,97.74281219366668,-0.012846931870336887,38.02233115749413,14.043364297376996,106.6239508143251,62.498384967212246,410.5206651902861,215.2846020915929,700.2030750621449,741.7142511541193,797.4890906826762,703.5713835124728,525.2038329255347,250.21557610965613,348.3828091621399,653.7845711543642
862.675723889924,966.8511258520261,914.6455711881839,985.5788750515516,427.92756760175837,490.2199168652296,910.7638894265672,921.0898525091942,658.2968587680739,593.8728052045478,822.7631807172202,804.1506368243505,866.0884064401198,672.0022351037153,638.9263496997937,503.439420874598,810.5938918850434,899.6202619812417,915.1943677412596,919.3635397949218,351.8471958372328,346.9913393656413,953.7808594696794,990.3833211263021,641.6313985455099,693.3612459098899,518.7012034042106,402.4065483543608,869.4125357573887,846.7495797616464,898.5646825274771,932.1683986409505,912.465748932402,902.7436960177952,796.6457267429518,771.5842899184629,803.950167214818,785.4638800444426,462.79956645092795,547.9235292141803,726.3785025174501,640.7174577713013,739.1367878724658,775.5543827038806,823.398760256329,829.0501579485441,734.4531051127378,672.6691361123866,889.6599853946317,768.4557233737711,880.3670518517954,703.8461628118512,790.8697366072993,551.2405880385754,503.6304051253554,482.6486415379176,886.5937248472316,1028.3423187012475,1054.8459956455438,948.6614371256354,961.0979518591839,993.9220816664712,846.1805717164953,965.6368397135793,898.3050262678915,821.5061903517376,954.9059412688351,900.8694024437492,945.3977999353106,963.0144157620425,768.5334730406065,842.9582900375616,670.7716387827462,706.1340295040246,498.311509726704,485.6925274486273,816.1779592545306,782.8933145990015,823.5946655273438,908.601452418736,799.4499007477158,804.3121856694722,559.1632328414917,502.3052829703937,689.7432394649488,673.6125590468404,347.8114419881035,367.6996869903179,328.22783515121165,386.67371460024594,597.8807217439286,370.39578427438937,103.7977275369275,24.928183358353778,696.7046223958333,676.7593632067665,696.9890314042568,687.3054237883555,706.3154530610141,661.69466561968,97.94429058095098,-0.01028230937404765,38.13656876530875,13.989422322908025,106.92648671631,63.20717620373621,410.89352452754974,217.3125076083576,700.6307705965909,745.8398637251421,803.8990132376651,702.540294985228,525.1269695805569,250.76411345548797,346.7621933041197,655.0921946558459
862.3308066646212,965.3085832619907,916.9325721731651,986.6618429237153,424.50972151645396,489.1025454742568,912.0051242864142,922.8260539375467,659.1825184140887,594.4358297254219,825.0550730325342,805.6863636365013,867.9001134018546,672.5869425781343,639.4916423612566,502.7917774522275,811.263584010409,896.3285208413768,915.0565129422594,916.375519165039,357.10286299387616,343.9278284708659,953.5018993999707,991.9858836824932,640.0043826976996,694.2026332184508,518.7908580843256,405.59989145067004,869.2864289193783,845.1056011435427,899.3792469895731,932.29529296875,910.5319839736162,900.158642578125,796.4969185207201,771.5455200930676,799.0795634937707,782.3209333066587,458.78279977504695,544.1338210338064,718.9668764208184,636.0700759887695,734.7042160999207,770.133979363464,821.7270994452049,826.4448331197103,729.0540424201114,668.4400565519772,890.5968554650584,766.6495378639692,878.5362229586568,701.0631843337591,787.6212447641142,549.0726702295098,500.93694528423873,479.25014738248336,885.0981473222881,1026.5308573535747,1051.387560685819,950.3513602226358,959.1787132727582,993.8249056539875,847.0983617706765,965.5796930917496,901.7346336023131,823.454058389639,954.2589784686485,900.0840026049024,943.8807270025751,959.7950240498749,770.9801038793615,845.9812089263415,670.467999659547,706.5336266719934,501.44463049847144,487.0250918965944,814.8845052250097,781.7859932673917,823.0236829392453,900.7534735543387,797.2304821379797,803.8149786680443,554.9714389864604,501.20710995237033,688.4426381157358,671.5506136641543,351.6076058331658,368.0667870139387,328.1807074925552,385.1773788566491,598.514598885295,372.9533096931378,103.17147096702656,24.92729349959252,693.0439839680989,673.69262074616,695.0148765146732,685.7381866593166,708.0379211581087,661.6511097234153,97.78200325249743,0.0053879115868497775,37.33094027012252,13.915426208944076,106.31841324624645,62.83453546835971,407.7486250864135,213.7440148749772,708.6464122425426,741.91201171875,804.7393690275666,706.7335852128041,528.9213567370293,249.26287246796122,345.2058913779981,656.224485200027
859.6000594912623,963.6056397177956,916.489929625594,986.1914710542595,426.0529190063477,491.82227756668414,910.8922411438144,920.6206060174171,658.7351740428379,595.5180976429924,823.3765818743202,803.0883166146657,865.9716431501595,672.7158113471892,639.8933578940173,504.28617343594954,810.7293445171338,895.0043954437357,913.8786365026715,916.4855366210937,355.3515043258667,341.08219108581545,955.528590655086,993.0057583157978,643.3073064494507,697.0027889628986,518.2414103133902,403.7407206694285,869.0278623329019,845.0513391565394,898.0276505277538,931.7808160400391,908.831059213412,897.5555329047309,797.080665123981,771.2881359422063,797.2531767857757,781.9829832006384,459.1547555550933,544.1136838005723,706.1376933113473,637.2103312015533,732.6129177032955,769.35973886065,821.4313707086037,826.2312487775122,728.2620129336503,667.5006030147725,891.1817893366659,767.1225613457017,879.1088661895909,703.1408740505126,784.0801684118707,549.6472939463223,499.0402245661293,478.13716935487116,882.203171896125,1024.1155553228325,1049.0971233623331,948.0297678353415,956.851348200259,991.4763895007013,843.8049870528941,964.6513450763844,903.3518486592307,824.3659320764764,952.2347008030066,897.5957210153466,941.4221619041102,960.7583038161473,764.9501886797381,841.8523268152455,669.0851353636575,705.4178604192032,499.5504734205163,488.7020371128136,811.822808187516,780.899242860153,822.0227336477726,899.8147702898298,795.1588682561999,801.8048137538341,553.3421868133545,499.98789016405743,687.5682930698479,672.0383888350593,346.2545434615191,366.7087189742374,326.9970161123201,385.21594469481914,598.6935330446689,375.13034612342716,105.92621865826314,25.47127352889732,694.9666381835938,669.700439453125,696.8937331885099,686.6863651879772,705.1155257673968,659.1295796513266,98.43192697183497,-0.03616805616248813,38.37604021905932,14.311130173709016,107.05247897118048,63.32001128446877,409.26378268996876,219.16494434020098,716.7546331232244,741.4163063742898,801.9274318618262,708.4313116918636,525.1131807215073,251.1357955963988,345.8809542854627,653.4267388705549
860.7537936736449,966.0588808998917,917.8841592287479,986.359114871082,426.4096490726915,493.59166290078844,912.132404870491,923.2232115335668,658.4254120028749,596.1251458809024,821.3784320335078,806.181467923664,866.1246064122299,674.0993286067174,640.5612674652048,504.5028891300149,811.5015991355571,897.8332674907291,915.7106593340293,918.4358719482422,353.9803649054633,347.50407282511395,957.0440218926852,994.3881383623395,644.8172094834413,698.109381869599,519.543487886039,404.1499602794647,868.3834175253814,846.5926116566599,902.6131828888821,933.6646993001302,912.7910621772378,899.0734125434028,800.5479598335597,773.2139227074313,798.931258684738,784.3027818467882,461.6796818247863,545.9415175191472,714.6396204213627,639.7598104476929,735.7150265564994,772.4159830825589,822.4350531214127,828.251258364895,730.9233865836435,668.0519156889482,891.0680223341911,767.6812470120069,880.0254076512164,703.595814209349,788.8348552207776,549.4364241057751,500.13755235240046,479.280878141937,884.0119470134622,1026.1607618558187,1052.3343155203834,948.2683914293715,960.3373117994225,996.5885413603489,843.2992396223435,964.1688556435668,903.8869261101111,827.8676119651598,953.5235492877746,899.4024397381821,944.1645212355693,962.6842074736705,767.0356108863075,842.7004187537021,668.9756564919008,704.3040274748039,500.237451525702,484.55925052266724,810.959735057393,779.136269976984,824.6552007147607,905.7481122698102,797.1625459751407,802.2127735417192,559.0301050186157,501.1622044181824,688.6971368172095,674.9176208554056,349.07004992541147,367.0203006035154,328.3053692493898,386.4735256503109,598.8745615624006,373.2881737074256,103.90623436711246,25.199195289242287,693.3451944986979,676.581018480204,696.3910544067621,684.0653288828302,706.9845718500268,658.8622086252152,98.2292492076583,-0.034730898664781344,37.80487723072593,14.127616165324435,107.00943020035588,62.9488834821549,408.01535232861835,215.4012646254371,704.530312278054,740.9914295543324,799.5063816556994,704.340376841871,523.0448154374665,251.03504069515486,347.3603445544387,656.1709405307112
860.8719901182857,964.535130775336,916.5332528476057,985.6498098183438,425.6752929598786,490.49590525882587,911.4283910232635,922.1560667646692,657.9793997394795,597.6453287406046,820.7072631711882,805.2509367307027,863.9363832555545,672.6098235522204,638.9563756344924,505.2751769498915,811.5492051834178,897.0357316356165,915.0529353700836,916.5149565429688,356.5303495195177,345.4614906311035,954.5994516788279,993.77674490308,645.1996531661268,697.5988162009271,517.9445875178385,404.1851279205746,867.9200083174795,844.4048849223573,900.9232631092622,931.3755918375651,908.8496176509534,896.279124077691,795.3540020486583,770.924847338573,798.5652496741207,784.0304077996147,459.7121024658637,546.1366888217711,722.2365092293161,636.2804493904114,732.9442362861028,768.8250731156336,821.0553836583427,826.2268789414077,727.6661219458935,667.3364746018307,889.361242774225,765.8007387625507,878.9469927366789,701.4011704693858,787.0494591409315,549.1049269250794,498.96731016267466,477.7316408844119,883.2781689947824,1024.8164288081505,1050.5439802132723,948.7683165574387,957.7819341775645,994.7177759327935,839.3881012569509,962.7590198987796,904.1329562628447,825.1919101348835,950.9507148099749,899.0201141399866,941.4967577502986,957.8302160442205,767.4067554989376,844.655698182153,667.7124010138556,702.4596116367356,500.0644690472147,487.07616134428645,809.2149678214652,779.6346643218361,825.6480388235539,906.0409698486328,797.7389216806697,801.0679029970538,558.7989190546672,500.01707312822344,687.2913849129026,672.0913358756959,350.0735726693097,365.46448720663466,327.9585741236806,385.3692654324374,598.6635852208162,372.2823807473605,102.7201107927874,25.04137511052551,695.0294413248698,670.6395310224112,693.5652564764023,683.0109972371235,705.5461988764562,658.6688851937105,98.06783092107722,-0.014207636516679216,37.196588075516765,13.943036840022874,106.77429543151321,62.548639863208734,406.5338707500034,215.2218557806576,700.7232555042614,743.479941628196,798.4471779637689,702.8429847427561,526.4293692345713,249.02136646446428,344.75964500687337,655.3469890726024
860.783350965912,962.5466079711914,914.9179666271958,984.5515126384112,425.8781089073004,491.001682509269,909.7996484897935,920.0627954653476,657.7238383585093,596.1547727975689,818.4624622779164,803.6548814682733,862.6459650527142,671.6639875149438,636.7705060285123,503.2736898355981,813.1669563908148,898.0819441709804,912.2292858138395,916.6334587402343,355.14967854817706,344.4896603902181,952.0704290877173,991.0706320868599,646.7776096403911,697.3923265540993,518.1833977883692,403.5268859863281,867.1932794103083,847.029064564646,897.8538803941622,930.389878540039,906.6943641274662,896.2905414496528,792.5012008003566,770.0783309017319,799.5304486110872,784.4368204187464,461.63427272439003,546.6241084466712,720.1312340908363,638.5225343704224,736.0762075356075,771.6252701203405,821.3045985300229,826.2905555914717,731.2730246133109,667.5816474827853,887.1269551000288,766.5151567319272,879.0305034595721,701.7825762299705,787.2716769231274,548.2876113816803,499.1980011831592,477.5341521729814,881.5072521698567,1023.8188846332056,1047.893047373959,948.2016322626182,954.5746799900221,992.1302551528782,838.828888172768,961.5618421452526,895.6524364983858,823.9710423108527,949.5276878453373,897.9006098507177,942.5470987307798,958.0907909751597,767.1774571736654,842.474588425433,667.2449527005537,703.5990302015692,498.7074642457824,486.22006590937224,810.5231110619717,780.5936775682378,821.992886157746,911.2500795636859,797.514250276646,800.7403093306399,556.1784188842773,499.0070456846555,687.1878656950291,672.8345657142139,345.79147899010604,366.3725791132407,327.4793837064256,385.73368578293184,597.3039082914136,370.77510166463753,102.23046804776553,24.77276964516377,693.9200948079427,675.6355916685977,695.5845687389374,683.5905254243186,704.9248995404814,658.8342898445783,98.10319805961396,-0.024389705075709908,36.958354847890774,13.891233556013738,106.07591932992588,62.72327873456763,407.31288062201605,214.09336874414893,700.075117631392,739.3502996271307,800.3368477021288,702.1436242212224,522.0591269474404,248.9671106798607,344.5535975080548,658.9897860823006
862.5171829547904,964.8790563332914,914.6597001464698,985.5186448420186,425.10665104001066,490.35056019893716,909.9838221843488,922.1145208415579,658.0401220516283,596.5977216314097,820.7202208604269,804.339560096983,864.9492060823261,671.5198666171024,635.9441484337423,503.9187837723763,805.7342567624639,893.3772217506586,914.6847804277793,916.1842355957032,352.7506395975749,342.8831907908122,951.3513226639828,992.6809903704931,643.1974863182188,697.3119830351609,517.9014699735694,405.0864612791273,865.7804444510982,841.5229689609857,894.3590376245694,929.0788863118489,908.7148551294359,897.5486263020833,786.8899517556896,764.8238426116576,800.8671450173803,784.298917417173,461.22219043437923,547.0834624758373,722.289544777792,637.8475918769836,735.9757484954501,771.4739941601505,822.8359502457643,826.4310412546347,729.7075761798,669.2920366421446,891.3792939832134,765.3580839766785,880.1299358635489,700.4703355048983,786.6386005076592,546.2938217777831,501.26337389920576,476.9124571758089,882.8208736323579,1026.4113845891422,1052.2517427811097,955.570313191548,958.5887525210173,995.4038662462945,839.0060059900313,962.4367800661565,901.041720091407,825.5666249121806,952.5117445463545,902.1925448442865,943.0760278398064,959.1017945010359,769.0086535891971,845.1940083738233,668.3979653174724,703.4893843745773,498.7854034866112,486.40434114697956,815.8561991707223,782.4285075713984,820.7210719331782,907.0908606392996,796.4258822444755,802.8246714212618,557.2022229003907,500.8825937815507,687.1546871395363,672.0345607532961,348.3942498431486,365.63096442377525,328.78704053287703,385.734467550455,598.9181880716152,372.4000789945324,103.61929693258436,25.01838648560976,691.36533203125,671.6329030182402,692.8580411076546,683.2933635452754,707.4028510173769,659.4454052419126,97.80497734207586,-0.016411003422130036,37.54291108967213,14.069168045241323,106.73573547545203,62.965069940816285,409.897818101777,215.93852280518587,695.2585171786221,743.3756680575284,799.8953824651321,705.8366336098201,527.5425480300305,248.8499840131977,345.02134044242626,654.3129251414332
860.4339855423784,964.0921061689204,913.7761650130808,984.2816009521484,426.5082526096078,491.6837443751948,908.8184672727202,920.6920256756722,658.2497136836149,597.1134247232656,824.2091339855659,806.5876005929614,865.4185084347864,672.0376382086441,636.6961412667042,501.91003051644225,807.7698684620067,892.7307612650418,913.9213554996184,916.8519027099609,354.1280886332194,340.93613923390706,953.0159356803949,991.4618088252961,642.6105840493248,696.6479527662088,516.8467615454236,404.77745456165735,866.4794139502184,839.3765184190538,892.4929071060942,928.2765303548177,903.7504418583239,893.5389759657118,787.5238528044327,765.4662707225386,796.025401648971,781.5270589192709,457.9629885298865,544.6309592286299,708.822033491291,631.8726825714111,732.6648813249573,768.3499138999324,819.8949181920639,824.3952948921606,726.5181545202644,667.7519185676441,891.4916034083212,766.2704319184826,877.8326890766238,700.5726796021644,783.1785340244994,542.5867655557745,498.2566891516928,474.7501767949855,880.3153454215477,1024.6232824132398,1050.4840499185846,958.4659213381793,956.1495994634214,993.8445475093755,838.702845652169,963.9660395791011,904.1449016741852,824.99011533151,951.6062650166201,899.6393387413821,939.6988449582628,957.5895692604023,767.6924122647122,845.5237697538782,669.097775730518,704.7428784391064,501.00242990687275,487.58051697636995,814.3034510377978,783.7459554711813,820.9250293488199,899.8779787336077,792.1151971342007,799.4998373603294,550.7428861427308,497.3367218029499,684.5110259194731,668.9146688801837,344.3678389717551,364.3979567448585,324.5575022542228,384.43714652328583,599.333345326584,380.26782889559865,112.21625666567763,27.453480189585576,690.7804239908854,665.7751366566804,693.5627544522285,683.5403224893286,706.090013149737,660.5664745974366,100.16213859152049,-0.04136745255716421,41.34285730779723,15.220283964699178,110.62347979123275,65.67019664788599,421.4044166670905,228.55905072829302,699.8573774857955,740.8752519087358,802.167298592177,706.4991646295862,532.4686083700143,253.7461560546306,356.53772226969403,655.9803403657058
863.391487022499,967.3628540857874,914.2927344250764,984.576779977259,427.16954393608626,490.1753910098757,909.2509324316885,922.1083888731612,655.0761828130605,595.4673020331586,824.0860577637587,806.8553938426669,865.851103008918,672.5625157574651,637.6751058160962,502.2081292663555,807.9303823895929,892.3627231889388,915.1984644630403,918.1673178710937,355.978377978007,342.41363258361815,952.9920732572481,992.2467737349253,642.0136605307694,693.4595556887951,514.8883659404944,405.4146088229285,867.1642459653458,842.4960526831356,893.8210577376558,929.6478611246745,906.5483503180035,896.4514630805121,791.4341117527174,767.5537410873965,797.707236672288,782.1715675636574,459.5864966937474,544.2479353486822,708.5539245605469,630.3372206687927,737.5847734941376,773.8203260051131,820.4989398249677,827.1043989504986,729.6375697782217,667.8012534555022,889.5000477821596,767.7804808295018,879.4670170835547,704.5396171642741,786.4620347985237,546.72344418133,498.74975248678965,476.157644615626,884.4715419071528,1026.2942717487026,1054.1289817694712,952.4176873713452,961.31044921875,996.9418539059586,839.9435656252987,964.1045687012221,898.9462497768118,823.6362525560443,951.1615345751302,899.2989419610842,942.8403712959047,963.1454724053651,765.0647104280489,843.4926572705879,668.1324108018788,702.8590266240108,501.93028325619906,485.9660165276326,813.3920833400039,780.5058532968102,820.427561658494,898.5907407488141,792.9719864125452,799.2776184569407,554.1086748949687,497.00847560246785,685.6595422062055,671.9870160610927,342.29109923979814,363.9986824283531,326.0476237994929,386.2087662245577,599.638994131914,381.60725962462527,111.04712518483952,27.284735831508875,692.7901753743489,674.0129197977357,699.2621338665485,686.1704201676727,707.1385881652055,661.5316463461132,100.2160015342463,-0.06680290980816439,41.15628908724116,15.164726068923482,109.63062979626994,65.3347446420981,420.98527937713595,228.89899354822495,715.0051935369319,742.3463833895596,802.1614883730075,707.0707059449787,530.9856977275773,255.1646967185171,353.61618897409153,658.9674072265625
862.768693007432,967.1415798856755,914.2651239365658,985.0919790685889,424.96789383111997,489.17256965381756,908.3655216382897,921.9017973197774,655.2268383454303,594.3021265092443,823.664147338247,807.6663208893367,866.6551766501897,672.4280647845403,635.873010979363,502.292777919296,810.6195214438777,894.2318817848383,917.2860614878921,917.8245242919921,354.428678088718,343.30956446329753,951.6534483828414,992.1227848719037,640.5012931624008,692.5569712408296,513.4666417369526,402.95610072877673,866.6986271120468,841.2090604052131,893.9002736809998,928.3257507324219,904.0916878651765,895.3166065809462,788.529393469769,766.0825813017696,797.9603302405269,783.1560856854475,461.13729466923644,545.127354089687,712.9477504042328,634.3906917572021,737.05268478772,773.1222683513334,820.3079275912229,826.0308310358148,728.2485655802341,668.0348507974531,889.7191002876527,768.2382287671489,879.6524554673616,702.7750495914482,784.6638313259244,549.2256452242533,498.5019362212339,477.4325730363593,884.3542722971521,1028.0995408254503,1055.0007721507523,956.2340789627962,959.5384551736582,997.0914888937497,840.4163302266999,963.632532716288,897.9450093169711,823.9795114186999,948.7943739344564,897.5954719087179,944.3541646580787,961.5810320943758,765.9618375279882,843.0070882703437,667.9463131405892,701.9687346751556,497.56985915916556,484.0173271071743,811.8588034207704,779.9412484703222,821.5894242956283,904.5728084019253,794.8141336550658,798.6455553465456,557.2610726865132,498.748653828303,686.0734017972904,671.4963767225133,345.20194188286274,363.099385850266,327.3577216747217,387.2993324527581,599.2113832383083,377.87139289130766,107.41474005328146,25.95192957655864,692.0318237304688,673.1102258714579,695.6817005574703,682.4731146350705,706.4569145377355,661.494769872838,98.36795829752411,-0.041581573240734915,39.02412985778424,14.600409187395936,107.35319200927894,63.42356027259181,411.2392540458176,216.5307671322542,705.3102028586648,741.5177667791194,797.5172577928377,707.478356856334,530.5806562012317,252.50706099104463,348.20100053151447,654.2898601663524
861.9228475811631,965.8532925711738,913.5247150380319,984.4255801501027,425.71463123587677,489.59284936956,908.4491200947091,920.9100381437261,656.140876964647,597.6054858379676,821.1681012099351,806.7003635815212,866.1921284121061,671.792698082171,636.1712015612209,504.07074417961445,812.6558578997426,895.8542314953978,913.3089877892271,915.7141010742188,353.94668685065375,345.08806527455647,950.5876202603955,991.2222670903282,641.6684341830108,695.6997606256506,516.2697871719276,404.08911236127216,866.328886715871,843.9017031069155,896.3620020748749,930.0105387369791,903.0056418726,893.690546875,785.0277587890625,763.0085647766849,796.6655613567335,782.5576464335123,459.3579540955169,546.2263413475694,716.2822410708568,631.5454707145691,733.9607593937526,770.8699629363291,818.5077266201667,823.8411950116966,726.3780797596805,667.7036822267346,889.7860663752402,765.8212848870286,878.1298262793739,702.6395332520636,784.6326553618427,547.3242687711529,497.6860693995948,477.46132600444037,882.7094147965263,1025.8937401927456,1050.3939835319766,953.0327049581016,957.6596923828125,995.8505286553145,838.0252191152777,964.8587774975309,900.2367955677545,821.9111182230696,944.8884783626942,894.0610655464947,940.9356883832603,957.5097966483943,763.7071642489046,842.1446443776615,667.2704671457274,702.698422254422,496.83153368079144,484.3707352759133,811.4614445420563,779.3313955726466,824.2750529837101,909.4170194353376,795.7725305082241,798.7216847000531,557.1384608650208,498.75144899050395,685.6111580970529,670.1317479768936,345.9929607924293,365.8529289724164,326.16240133616765,384.99243065398696,598.8151742452676,380.57772810687624,110.41902999541963,26.98444218006405,691.0561971028645,670.3118379237288,692.4082773327827,679.8200019387638,703.776548701085,659.4475814893951,99.9311662710909,-0.05924908379782681,40.824050424038695,15.121055600091315,110.76023178610298,65.64086270780473,420.373312373956,225.8743251912734,694.6242342862216,742.6723366477273,797.3796394911388,703.4203216939032,528.895711814656,253.39285275183227,359.68575231956714,663.2353978650324
861.5994291069094,964.6090148049171,914.3333033358725,982.7579923227014,427.6783616531727,490.0267974372421,908.6992728712207,919.5556537806734,656.567227324661,594.1965478131028,821.997640175548,807.3308817908877,865.4574789109402,672.5312258106494,636.9363870146262,502.33956776511286,815.272656626046,900.8035845962473,912.9468701826659,917.7349724121094,352.2611994213528,343.3596803665161,952.1991458028598,988.8991447933137,643.7923003591168,693.978210585458,516.2382859288,400.6005407439338,869.5025036649884,846.0289296091339,898.8689109021284,930.7099310302734,904.5104672706733,892.9597798665365,787.1239032247792,761.8642111169287,797.0792205407231,782.2931885895906,460.3537627543722,543.7592921596341,720.184666868116,634.5905160903931,734.9302089479235,771.8563888332856,818.294789381346,824.8897033602174,728.8634289015423,667.9430859839166,889.7464739153462,765.8479193924459,877.1863944963138,701.878913664482,785.056573944776,544.7875098153656,499.09708713002993,476.00528714426605,882.2711685865889,1025.250403540002,1050.0150147637846,954.1191798133206,957.0641681173573,991.3389651242969,838.5645909207312,963.1856532705174,901.7298262866575,820.8502400106238,946.434628929181,894.6245455469973,939.8985212775552,957.4445429849361,761.5697635959934,838.812400442655,667.1911427209137,704.9208788851123,499.9335194463315,484.54403922927213,808.9776463743116,779.5000696459252,827.1455013193982,914.2578419276646,796.7922049628364,800.721481117425,557.4338315391541,496.23304418245954,686.5763593484652,670.3827907529652,343.4675001396852,364.0056187854239,325.59811612094444,384.61780759290804,597.6912039621577,380.4386193343252,113.14527734688966,27.301058599860287,689.096756998698,672.3296389822233,693.7034732401371,683.0365968592026,704.7505910548242,659.876170990811,100.6722215846377,-0.055661489635154056,42.105092799064984,15.399469915778068,110.96830002147863,66.00467205364056,425.41999883453053,229.78779624490176,689.2158258611506,741.1785522460938,798.1771905886247,703.0592975857892,529.2085995393641,255.23529767153556,358.8617903969505,657.7590500404095
863.6087448138132,966.2220552882762,914.5875959453061,985.3356134787024,425.3924628945284,488.4137001889093,910.8603714392517,922.4652652821642,656.6489801017606,595.39513999126,822.1924527951372,803.7602317242395,866.4820593282657,670.8612161763766,635.0370653185678,502.2049200706387,809.6434366669135,897.6219855527149,915.3590085552113,918.6900047607422,353.9760817421807,346.6801377614339,949.7133157573221,989.5195428151933,640.9399749596081,691.1939766066415,516.3952854219721,399.8114610248142,868.1507456077719,844.9135023328993,894.9874978853961,928.0204522705078,905.7817593590688,895.9521139865451,783.4127682893172,762.7992259565606,801.0052230767742,785.0967688383879,458.32321147301366,545.5107098983021,724.4692387815381,636.804009437561,736.5708624313748,774.0163133811046,819.00745475259,826.5622636337727,729.8277463223324,668.9674939470483,887.0080502540834,766.7113158765776,876.552456806065,701.219389044303,784.8982013993199,544.3311570555557,499.96174539935316,475.8888771647127,883.8954294294543,1028.7107862322418,1053.9471648692054,953.8424522469684,958.1335174560547,994.1015839005751,838.8975684256365,963.942520023864,896.1791279351534,818.8560299931878,947.3731473772714,896.1144981331222,943.8671173290082,961.621325413825,764.4886349171131,841.1182269737369,666.6363356004067,704.1258983529491,497.83028511379075,485.8808954803037,813.5533837490394,780.5501802689802,821.7652600876828,912.3690436226981,795.2802465153836,801.2549967067677,556.2949379730225,500.2511217276255,686.3779112441949,670.6535615332333,346.26466892466823,364.864502135597,325.69550179721165,384.387318407111,597.925985390545,377.91928477267425,110.36131870639683,26.586691570526337,694.157725016276,672.2683922719148,694.2776673436165,684.4843532510473,705.3614032153258,662.0210082233681,99.60279493068198,-0.05176422199303353,40.951474449809616,15.039843803405425,109.73205639388395,65.42255351656387,417.59596412711676,222.48222109850715,690.3435391512784,746.6322820490057,801.2424742423448,703.1349176334429,527.0963986340691,254.38832793842283,353.2391754497181,658.6676404229526
862.9832123595398,965.8590225643582,916.0665839395965,984.7979599546152,423.8843721611555,488.0170378983021,910.4975970854438,921.184410744525,657.948413848877,594.766942329094,825.244247808689,805.2566022522866,866.8719818481654,671.8397605563947,635.8015959535666,501.80687613996025,805.6718990814064,892.0240183225105,915.0928424235962,917.1178758544922,354.38940090603296,345.16722246805824,951.181143283156,991.1662262205093,637.5329593039307,692.2901984518701,516.8801710855895,402.2137536207835,867.3060156624272,840.1140885718074,894.5178267511483,927.8435072835287,903.9941626080011,894.363938530816,784.7683673361073,761.3173714143684,798.3269615677485,781.1519576178657,458.8246958638941,543.4027513654045,714.8218794025358,637.5450239181519,732.9728751769142,769.8225861228473,816.3405676020885,824.5949466716477,726.4707919408468,666.6850939230485,887.4055391496228,764.8752456983863,874.3846475166704,698.8353667743129,784.5567642348764,544.9831409828336,499.5261220548758,475.80227938962645,884.0898035055706,1027.067301535496,1051.7827659755237,952.0997015101377,959.1985631926163,994.397639663474,840.0797104441791,964.7782777856897,895.8140064068695,818.9993591376361,946.2851739347651,893.3978476066749,943.0155507470392,959.652329587146,768.1107014492825,844.7343169665727,666.0891804126425,704.3552859087528,497.79183296535325,485.4001696949274,815.2549481001057,782.2731523315936,821.650597105635,901.1908929007394,792.7410335906164,798.633820252524,552.9145882924398,498.460011597077,683.7598145758003,669.0156625528508,344.2993443489075,365.20086015432753,326.1617301606263,384.92142433716657,596.3932329795762,379.18199393312136,111.08521750500357,26.88117826733386,692.2653381347657,669.3312972763838,694.8410751819611,686.3062615027794,704.1755233259905,660.1671013493992,99.81306680130135,-0.04356451592132173,41.1822763253762,15.214891166233247,109.52397536369861,65.35117859602515,420.3118016852273,223.86347854838652,704.395430131392,737.6325739080256,803.2538185887689,705.511124043525,528.9031292129965,253.31068586257467,355.0607693123095,658.7822686557112
863.7540032342868,967.6127578008054,915.1921030015072,983.6708735127849,424.7599377920461,486.6972535869905,909.9980767031358,920.1626241416119,657.8559723289645,592.255117932304,825.2531803875435,805.811061085595,866.1292360282885,670.2358939020257,637.2797118182206,499.6453753440611,807.7215048261163,892.9842139209228,914.7958126141194,917.5255706787109,356.247837278578,340.2289363861084,950.8174410953494,988.6327183435834,639.1758324987601,692.3574384647411,516.6990412295853,400.1877334912618,868.4483209286096,841.9399491675106,893.3248119604556,926.2499291992187,903.1207757723533,893.4703176540798,787.5263138480808,763.9585074918816,795.2968579262889,781.1644487734194,455.4174461641482,541.0858039570212,704.8297944616099,629.1779203414917,734.597613077315,772.3367152101056,821.7257478575852,828.4414454231485,727.9050967993815,666.9266725095002,888.2977762529927,767.2604084574232,876.348845845177,700.3373448124354,783.388665956232,542.5550006791657,498.79011067954514,475.3450375649035,884.7742163166159,1028.2592311227625,1052.3223100007224,950.502036927565,959.0567130312712,993.6349659120381,841.0624006545507,962.8768355993577,896.0706133486619,819.8242397677991,947.2085773832342,893.7462372547728,944.802978904384,962.1493766321003,765.701723047205,842.0793765333832,665.9779041535264,704.1392250226173,496.1374454221864,484.52744948696085,810.4263643358574,779.2984175939283,821.1434378116688,893.9995062691825,793.0678820847552,797.7898097328059,550.0298940976461,495.7321915422877,685.5491198266656,669.0695445757193,342.4851924671846,363.7214050620041,325.30957918365795,383.30948202303114,596.9895654817591,376.65656796365977,109.59445206331158,26.252299666680187,691.5361877441406,667.510009765625,698.9041068851948,687.2061169654536,705.3631197708557,660.3823277209965,99.95556227916754,-0.04640989554356094,40.6424100288394,14.93756366330095,109.20926520592087,65.15342998676883,419.8325046565798,222.62890495973474,709.4253540039062,739.5079378995028,802.8138655080091,705.2304241325281,527.2007324368346,253.58929999669394,352.34081441705877,653.9908299939386
862.9873269631702,967.3605046079616,915.8242354239918,984.004020174186,424.1963747068893,488.2115816771984,909.9644166860231,920.8005556861391,656.5518372204839,593.3167191098948,823.6708382552232,804.4362226758684,866.1889249039351,670.1092965786273,636.2801008651505,500.1539949743683,809.6863782982126,892.5574936470716,915.0970547847821,917.7609506835937,357.3775455686781,341.39855257670087,950.4889542220475,990.2199063376775,638.388167416238,691.1450114931379,518.9569767061517,404.09227528836993,865.8881151451254,842.0285769615645,893.7453099048043,926.8078326416015,904.2604539515609,893.1756141493056,784.0385054878567,759.2468247011484,798.4549673475358,784.3047190065737,459.58372151000157,543.3010083887907,708.8299130299052,635.0400533676147,735.334474414114,773.8648983562163,822.1669162601481,828.1544867956151,729.0273629162183,668.4265928968683,889.3778121948242,767.7536305122711,876.5110703036285,700.8668630521303,784.8634212134665,544.1011208973679,499.5313399587601,475.8703125373128,885.0916956121272,1029.269621015699,1051.1288951107545,949.2681145284457,958.8033534572436,993.869129131527,841.0344062128563,963.1538779568771,899.0326621212176,819.9149478831032,946.1179785267691,893.467196850518,945.1471231059663,961.8121867311594,765.0961615760048,840.131546708404,665.8400769714915,701.4326877346286,494.4382434789685,481.68266532790494,808.1156603703733,776.2063826564931,824.6104658410904,897.1775719778879,794.6860869542849,798.2391951357462,554.8870314025879,499.3129120484988,686.4485262648125,670.8611619366087,345.2820698513704,364.04753294920664,327.2956042715038,384.8595287723109,596.0151256798483,377.53203388969104,109.16794578430105,26.002874775150683,695.8833374023437,674.3801895400225,699.1393993198872,686.0882666402273,704.3609692522588,659.890620411171,99.70128162342466,-0.018040070382671223,39.95073295539098,14.806012759005327,107.82625351185906,64.19634415610864,416.54573958118755,220.3307940819684,706.4468439275569,741.3415371981534,803.1526517932047,707.3262159130242,526.4345138400208,252.60925128585413,350.02857930732495,658.3789357152478
861.5073274434527,966.5805208996089,914.784073238849,983.4234119430481,423.6499161298885,488.6514328569174,907.9164390401361,918.9058854318172,654.6021073399758,591.3196414103273,822.1363962375052,804.4944427671886,862.9042983406813,669.6617815176003,634.6568918275595,501.3024453510422,809.9864336348257,894.3147028419266,913.1346600411953,916.2179688720703,353.2239162656996,340.5668996810913,950.951188531961,990.3692413208977,638.6666633645901,691.5596421524718,516.6354324172215,400.694590555297,865.4927171671166,841.0114717459973,894.0503298141199,926.8855336507162,903.8936027914791,893.1670334201389,785.9904310143512,761.1841360804547,798.4301982325079,782.7421575475622,460.01528464896336,544.2318966183323,710.8629415543353,633.4452729225159,733.9577422615082,771.9911248627432,821.867746709117,827.500502485978,728.203361464926,667.4142891410347,889.5456293844408,766.9559986262727,875.2470883117219,699.6119604535866,782.1921926250373,543.8865534441144,497.4195022311981,477.2052980686756,883.6696497404301,1026.8784383546424,1049.640050109468,949.3535549515408,955.9259098218835,991.6822648156423,837.7212918949418,961.8914838249301,897.0405569503556,819.6736461509414,945.5586900732491,893.1912810812407,944.2568858930259,963.0814826080153,761.4876644031422,837.107859064321,664.6034202225711,701.3953062115294,496.7087336001189,482.7305031360035,806.5997862268666,776.3419128671227,823.2602344269449,900.4510868617466,794.6635797727154,796.9230210985268,557.956807460785,499.87331575870513,685.0186506641069,667.9488994180873,346.2586875186247,366.0429054528798,326.1108434493023,385.65577781825584,594.479499484161,375.4517772249381,107.29419526563854,25.85306975353271,688.2181376139323,669.2955751580707,693.5604476928711,681.1260944211106,702.5466390517529,657.1776704531719,98.96676594969865,-0.051245521002069666,39.21595882452773,14.670188814184076,106.83328664666527,63.6732535223747,414.50665185352165,218.17468115862678,702.4354026100852,740.3862371271307,797.3878438040714,703.247444635705,521.0401751200358,251.66346892243936,349.5283840786327,652.0347353178879
861.3499701904153,967.2333824176981,915.5758987499332,983.8758011168218,426.6605713955192,490.5700870395771,908.1525866548322,919.5947141314567,657.1652598089102,594.676185107622,820.2892980110355,803.6956973749494,863.1988765134206,670.4630341703593,636.7219413168988,502.2078971626149,810.8961630726312,896.5938098818757,911.7406370667205,916.3127403564453,352.83948050604926,343.2609937032064,952.3876766628689,991.0654344710093,642.6901309228068,694.6356379802411,518.6184279721086,405.4598703516854,865.8193572422243,842.5267584153164,896.678763161807,927.9190557861328,907.4765114218502,894.2494962565104,790.4123020337976,764.0352205942912,797.5472304558439,784.2894685533312,460.4945328235626,545.4380396582214,714.5326738201204,633.8809466362,738.7085496414276,776.8202376523855,825.8116127056663,830.3301234440497,732.1479464010758,670.1358181046439,891.6157072190316,768.6565143901232,877.2300631561181,700.3131838480472,783.413759205908,543.1020717807845,499.1848247809266,476.6927385252158,884.5930691204092,1029.078672726949,1050.0314318696057,948.5235093181174,955.3688659800654,993.9899740975266,839.2750715203241,960.8616339601116,898.2273396733981,821.6891446464746,948.0261093096786,896.0321561683369,945.6803501396422,963.144496180076,762.6835221986513,837.7267936331327,665.9251997361489,700.7036694283094,494.7623591768569,481.77666075800505,806.1190135518059,777.2851408012675,822.8979440242687,907.4600219726562,797.1228286626239,798.9883438730767,558.0955796941122,498.9849063825607,685.3099839853295,671.6632053646041,347.0983432545381,366.71145964873824,326.7017190478121,384.91891881478983,594.1749869882555,372.8532210000356,105.98046952611939,25.577638526855157,692.7204793294271,672.2091700667041,695.0170058757067,682.0181240582358,702.1995479981712,655.000416170414,98.43646362886494,-0.05211107102136507,38.67253403851156,14.46827276810696,106.26238107995982,63.38231945801176,412.76221990750895,215.97057503812454,698.4130914861506,739.8881414240057,798.9214602476799,699.762080325356,518.8494362457126,250.08369449147006,345.4334075252215,653.8021156047953
862.316708309169,967.7317880331868,914.5616232365122,984.7478428570872,424.31460488785143,488.8201853185892,908.2881160192985,919.1325140867842,656.2245730769878,591.6647748321783,819.7960011009278,803.1882103299338,862.7001697154233,670.2191669043259,634.7367605042102,501.929626909734,813.6340121590131,899.9773198124578,913.1285345435599,916.1180130615235,353.5323419570923,343.83618723551433,951.0100190023667,990.0204146248954,642.7477054396225,692.4111213264885,518.1912499738662,403.2549438211653,867.3896654956745,845.3334340036652,898.1484528789371,929.845689086914,908.2769299523305,895.567577311198,788.0477905273438,763.7848212920039,799.4567376359444,785.5043938248245,459.77063369484887,546.5649486177423,718.6172040095095,637.9333066940308,739.7960646001119,776.5720664110229,826.2198862564597,830.0028112645734,732.3091546311852,670.7590874955579,892.0444941489927,767.7404132686403,876.986737100314,699.1972244572592,783.1937576430795,546.0245988415737,500.1452605161108,477.27920696427117,886.443546274275,1030.5784410481099,1048.93367938707,947.2633138239999,953.6279558928117,988.0832225271413,840.1647082687518,963.376095862055,896.5641682183565,819.3666101660224,949.8864597449142,896.1132215306225,945.442440931964,962.1155338181975,762.9463430009447,837.3282560754994,664.5259724888233,701.6968881846507,495.95810467263925,484.86926312513754,809.2798511942879,779.3038558010244,828.6341059258643,910.0783190046038,800.2306661496217,801.5458002999343,558.8247455596924,500.6611221869787,687.2035902292192,670.124666314519,348.7078313042136,366.60980937455105,326.25618123449385,384.1589526173895,593.9870748989448,370.85123978043595,102.8978914272523,24.754855054164572,692.0641642252605,669.3450922561905,694.2554663270712,682.5980123114263,703.4798903137673,655.517889535806,98.16528954729438,-0.02374631124376147,37.576084681324076,14.06597072867291,106.19534933842472,62.37040749100608,407.1277690927188,214.9654117419439,701.0504649769176,741.7723255504261,798.7343807348469,698.7694601710839,518.8541258176168,249.3910384565069,344.9816044171651,651.8168861126078
861.5012565531725,966.8034585967208,917.6224951817788,986.7065706898967,427.090753581912,493.09531036019325,910.061473374883,919.4853763596554,658.8981776334801,596.2180892365877,821.6502650036075,802.9071084370689,864.8917807943825,672.1201216006568,639.9995146936445,504.3379453808143,818.4910977621214,904.0133010255934,913.6578982999955,920.1919390869141,355.440569029914,344.9747116088867,954.2195561616795,992.0613622514028,645.5885156162122,698.3560112334869,519.6608528643023,408.93292009830475,871.559728442498,849.8603973011911,900.5380630292917,933.3522566731771,908.6347347194866,897.2180734592014,792.5735638162364,765.2898261748164,803.7563004682768,786.4326482702185,462.2679630815983,548.1474647664845,721.8178605876985,636.1178331375122,743.0502079195446,781.0661021408877,829.004856142825,832.2132162183349,736.4348640273871,676.350812485168,895.3021088384813,769.3951769126825,878.7417989102416,700.4936032443939,783.8669242345699,544.0671993517408,503.14055196696074,479.0431925251519,885.5875521740281,1030.4818260333052,1047.8047917574065,947.9122806314456,952.0258291360607,987.8593757191136,844.8798082684158,966.8536277347141,902.8440162317077,821.1998455173285,953.4356857835577,898.0263249234132,945.367499090304,963.0667073792515,763.7995998966801,840.1714532570761,667.264031086493,703.7688607880564,500.61413441533625,484.32169653664175,811.4500434750416,779.9098148583377,830.9335119369182,916.6588777814593,801.9319598610831,805.8137350451221,559.4802895927429,501.1488432574272,688.4460641884068,673.2853852563661,349.173199967777,367.4011602705674,325.6409349207922,384.4374480962185,596.4678708974695,377.63679247915746,110.99364925213848,26.683635027588192,690.6588887532552,669.3318486617783,693.7434767484665,682.111852999726,705.9294596276513,659.4705275789742,100.84361452437741,-0.044263765057203946,41.0473214548123,15.088578359607709,109.47302828266581,64.65686940561895,422.43736341264514,223.3515808161567,695.0722933682529,740.3892899946733,797.3575863422163,705.7560221997998,524.7018388159134,252.6773822244845,355.47514562895805,656.0419543036099
861.1363938116549,966.2766258548005,911.6134526981893,983.6874753184527,423.958475955697,486.3090333874737,907.7089499549182,919.1333037063923,650.1730320599614,585.3464599593741,819.1976177866866,801.8828991642074,861.6333627586299,670.2789352577225,633.5756109128544,499.29833384009805,812.1034803345306,900.8591027750922,913.9276549825266,918.9847840576172,353.92423640357123,350.2914297103882,950.2720396694167,987.3144163706946,639.7623418538358,692.0117086630601,516.1921473550533,395.4317035410139,867.6951288907034,844.936380193263,895.6593430887057,928.1155019124349,910.3677838858912,900.7371464029948,791.0577504033628,766.6257941923946,802.3427308204416,785.0614714445891,460.3148792045457,545.8462567990192,728.1471137375128,634.6186761856079,745.0351287013009,781.2935418223883,828.9088330547789,833.1814893644456,739.0878858822437,678.1486912240515,895.6375196826074,769.2493374620365,881.2811258344154,702.768286243291,785.8904856523591,554.5358820475784,504.0801183963542,479.9564210701301,886.690986825498,1030.8891097362396,1054.0990938553284,951.840499959341,955.7526531451681,992.3315073062687,845.1972781306742,965.4713173540531,902.8495949133119,824.1223564265002,956.6279592535469,903.0550536472708,945.8656789208674,966.2655359763467,760.857134913539,834.1099970457984,665.8323019885142,703.256994206152,497.8705271845279,482.958335124271,813.8966554735528,781.8328216679363,826.8784439411569,909.5067051478794,799.646769410349,805.3313445333617,560.6165891647339,499.56407526810966,688.5923857146948,673.3155319145036,344.67844068162583,370.67968029752103,325.8607306530078,385.10659539969515,597.4220291228368,375.92218093082306,106.76475714178135,25.82567674500429,694.1368876139323,669.7683669268075,697.1429254412651,686.9683952504154,709.2453212592438,662.5196702346242,99.12948492707342,-0.06404324677100198,39.647226833464224,14.615689619635564,108.28567058959274,65.01402816310605,418.54571365316707,227.69356161005356,691.8028009588069,747.1866932262074,805.9584328056181,709.6980430506453,523.4823834568847,252.78853868915323,349.2779410535639,656.1196057549838
862.0796804056539,967.4168956207507,913.77158466389,986.3438397897667,426.74716745420943,489.4898043232305,910.8252669364493,921.7741966085231,653.4322846276419,588.3822800057833,823.3430012183461,805.2727254701039,865.4329243000743,671.7990920070695,637.6473890157481,499.92835905889126,814.7384169158213,899.5594895701868,915.1936402302592,919.2544924316406,355.24504243002997,344.4103229522705,953.3827823897633,991.0717677767315,641.9041244746503,691.0547974083449,516.3073022326054,396.29483342170715,871.1364409968538,846.3459804958767,897.6806355473876,930.8333583577474,910.1440057269598,899.5984650336371,796.3871189283288,772.5538480827607,800.1244305177933,786.0649036831326,460.74416085651944,544.8873089279575,711.6103720743148,634.4377872943878,739.2109159879268,776.2304495680389,829.2021505308019,833.4088006605182,733.8396080978646,673.5362494433676,895.4253537701022,770.6561343201445,881.1999537748413,702.2570359040075,788.9421332662951,547.6870737484857,501.9308998982817,478.60702056073126,889.4217975528713,1030.819855602803,1052.328748946056,950.270672099899,958.9528292183254,992.4522680657582,847.0127167541317,966.1692309987889,905.9039520719158,825.5013549694411,956.1691181675772,903.3457830691702,946.606734549164,965.5772556705369,769.1415786571331,842.2049159065622,669.3715552933719,705.959650741511,496.42206872027856,486.00775576309417,815.0396936135214,784.4910835487714,826.8715002181682,904.7384796142578,798.3136915301911,801.8905287684656,555.6418939971924,496.5077934829394,689.4985109724137,672.1009184763982,350.6186573421254,367.5210796779674,328.11923360219225,385.16008657721426,598.6654513207073,376.81161154314873,106.42411529476306,26.31366632475004,695.7784301757813,669.6610950534626,698.226374745369,684.6229027795575,707.8839032510461,662.0217687891281,100.65127889013628,-0.08487638525181898,40.42336467760877,14.938258835379175,109.5674036825473,65.52457642028489,425.58600426465273,228.7584706474753,705.1336836381392,742.9910011985086,803.7849704819238,705.5905197723002,525.9223627202651,252.31827803191385,353.4028828938802,660.2977947366649
862.0918859416507,968.7623086433218,916.1577695286373,986.6148518110176,426.68122748441476,491.41306882511293,911.7367957880226,921.9593967421512,656.7985936573574,590.5608612201253,821.7233003058085,803.5597051522088,865.8416572165121,671.6211607794047,638.3389885235782,501.6433281224064,815.3715646752814,901.2492848519867,916.2179048618594,919.7150069580078,353.35512193044025,342.41850929260255,955.3914367763855,993.9657329983181,643.4430842973799,692.1926564705241,517.5086676244578,399.9411047829522,869.9585651181778,848.0491829577787,900.4882953473589,932.1779921468099,913.0243697085623,900.7730194769965,797.2148503842561,769.7116974979998,801.0091821611716,785.9659555223253,463.28894307783673,547.2825181939629,712.1094620501409,636.250162601471,737.1772605464572,774.1320864419802,825.1948881228986,830.4200623216685,731.0594873467753,668.9092860651183,892.2485688301824,768.4730451603439,879.2236975212048,701.3662276220034,788.836970444752,547.167320728302,501.31638825130295,477.9831431150046,889.5736376625554,1030.8680741367516,1051.1548105161596,943.7868048964701,958.7239261262313,991.9060953404139,845.0011652675244,964.5571450598446,903.1625682773874,822.6183504362131,954.3684017395706,899.3905604843967,948.793999738754,967.7518431942766,766.1383212321514,842.0979763718902,668.6072272904422,703.8756941097639,499.8739349807518,484.6383516553422,811.9153309806449,780.6125470553196,827.4541470142121,908.0552651541574,799.9743402999936,801.2864410073718,561.3475983810425,498.29662966569265,690.1298263801878,672.7155582286694,351.9588098694297,367.488808917655,329.4239033611181,385.55818952053465,597.4852742242084,375.4809963497892,104.38406545786118,25.68864452086719,696.9479329427083,677.6635400804423,698.9891587495804,685.80297361348,705.4915609189876,658.2303487036222,98.68458857101014,-0.05654032090657252,38.414905978827164,14.382175373934192,106.43641233714314,63.48770300223823,411.83424122134846,219.0672965891221,706.3535211736506,741.3620083895596,801.1238313201289,706.3162497991248,524.2880014531753,251.47560839694842,347.52831712997323,655.3959076980065
859.6359679797464,963.6306477291415,915.0245743251443,984.7240871110286,427.0346972532051,489.68158782486404,909.0352564142589,919.5800822189007,654.1844609708202,588.8994236344197,819.179050399036,805.4520130384536,863.6366175133,671.3431915754248,635.0625298628166,503.1840138328874,818.3773836976544,903.4919857899612,913.9101646686422,917.3798758544922,354.80458460913763,347.1224615097046,955.3841573761999,991.46977821229,643.1979676790886,692.6376886433297,516.5101704044237,399.04574468400745,870.0683877333155,848.9754451798804,902.0541934516486,931.61263671875,910.4790592516883,897.9326771375868,795.166648267663,766.077341102692,799.5606029359254,785.8470490067093,462.2444654468979,545.6817854263363,723.5168497054303,634.8943758010864,733.5552193569758,771.741854554669,823.5844349754886,826.5784732026664,727.7393536006124,668.9226745608803,892.0763794929751,766.2436994205822,878.8411796574734,700.7030442293501,783.0413539869369,548.8890288483863,499.9786562216642,477.89958825907416,885.2649632565685,1027.3626483554642,1049.2988194739587,950.8781614643548,954.955430802055,991.0373180352368,844.5623663339411,967.4124125178458,908.0372029774225,824.3746281079467,951.9459668620249,899.7687812136676,941.8215489478628,960.8507238567205,763.2685808748812,840.485185716973,668.9594168006827,704.807429854488,496.8528504302536,488.0009501282598,811.7532588771132,778.3697008314964,829.4532353827294,916.325929914202,799.728670814485,803.8648589803369,562.0015500768026,498.09829166293144,688.2831672534019,670.7957389546029,351.0920610806521,369.03377003103685,327.563946731699,384.24025397022234,596.5756171004679,378.30406192099053,108.50366673123574,27.017887623988138,689.6194030761719,669.7171791205972,691.3911480903625,680.9746959565451,703.9743172837275,658.3700394292332,100.37307992190318,-0.08428107138240228,40.47558571970028,14.92114296108664,109.64013143770961,65.42637244741663,423.2753017875883,228.5333132463343,692.4348810369319,742.0709605823864,795.7406716570758,706.2612561575974,526.7815804668502,252.43736101190248,357.57184066194475,660.8330520103717
859.0000912825079,962.4773356264287,913.6784003549184,984.6239944397216,429.278924152463,491.5281266357218,909.1731106497137,919.2358396002587,654.138662026853,592.5338586822885,819.6405659962476,804.7924788459899,862.9133973424267,671.0439912336558,638.0177063443767,503.1900990015224,815.933095489068,903.9354093304504,910.3654638999267,916.8690924072266,352.4792087343004,347.43619702657065,954.4735257037274,990.861282530285,647.7043466917507,695.1460610719828,517.7045924149824,398.24250083499487,871.5448490358749,850.3306047604408,902.1089080249857,932.6035036214192,909.8195305517164,899.5502852376302,792.070969025985,768.9737405432276,802.140713863961,787.5023783931026,462.35198811973845,545.4746509080522,726.7984138863985,639.5425338745117,735.3289853731791,771.819737312353,820.6278015869906,825.680668222974,730.2251505713817,669.010273697493,889.9401680607949,766.6853052458106,878.4191971009302,702.3163267561127,785.5616594323128,546.6221201840569,500.18735396078597,476.87190505369597,882.3345119814753,1024.946307203008,1046.7706735499735,947.8366049595219,952.4559762175187,988.7342682255124,841.8498252845321,964.5217146225917,904.3915449683346,823.9160284811212,950.6605018744308,899.1126026264981,939.4553389822602,959.0251144493483,763.1770969425236,839.7779001955126,669.5550362823207,706.746597091873,501.2552817524343,486.57452199156853,812.1419197457735,779.8340839053585,828.7587436107879,914.1917855398996,799.9796348951786,804.3411006110808,560.6998886871338,499.8358225552241,688.0828621650057,673.6265575897094,350.1660280732548,368.67542298864373,326.80145115219057,384.0725418722814,597.0831168009465,380.1257781761388,110.72008159629897,27.66246857205537,696.8821695963542,674.2701467740334,695.0272923707962,684.4172775475688,703.6833871933643,657.8278659410173,100.73783274588028,-0.09161442959060272,41.49571406133002,15.376576804547637,111.16683482828934,67.0246475846757,424.99181907210084,231.85417725058164,691.694297096946,740.5607876864347,800.7152259365824,704.1308421847186,525.4664589751001,253.7436675230662,359.2932152892604,660.8460840685614
861.1087056309724,963.553382396698,914.3288323292409,985.8080886901612,427.9363791975864,489.3791041140045,910.3397540054257,920.396591955956,653.8122627297226,589.8599805831909,821.726865636624,804.2771199370187,864.5152390023652,671.1102895582253,636.3600899414043,501.7833485757151,810.8108169049449,897.7393233847381,912.2102000503248,917.2396020507813,351.6185827255249,347.63736419677736,956.5136252619316,992.8960051158118,647.2308778812748,696.1929697833218,516.0447215296286,395.6740198135376,869.9029134354502,845.734400318287,901.5763030765563,932.3898634847005,912.3750556040618,901.5645418294271,794.9624317998472,769.3469789803746,803.136190943781,787.3968305234556,462.9485309304936,547.5784801954634,723.777051581711,639.0606374740601,734.9009385373857,770.7676364573257,819.9901910053986,825.4800826401738,731.4162128405137,669.1572823470289,888.6446258175757,764.2850739207785,876.7521515414214,699.6901017351889,788.8655796478682,545.0094503935645,502.25982982063164,477.36368256582955,883.3367170519792,1026.0714343433026,1050.459881842265,947.9180909527175,958.0177345342222,990.8617535439896,841.4567594149062,963.9335858066386,905.1713636028232,824.5511049893553,953.4143457905631,900.5876897565181,941.3457946777344,960.7992752665314,767.0127594750206,843.4297761135414,670.9864658740682,708.6932926590824,502.57317009525025,484.7522761385206,816.9439269519243,784.5444974147432,823.9989572078624,910.208370753697,797.739892367659,803.1827084280509,558.6553176879883,500.7761199045181,688.6121117024695,672.3750039311329,350.15671197105854,370.7533972358015,326.86080653360114,384.9401215927251,597.818199989144,381.29719153021773,111.45847923277567,27.75553463497508,695.012636311849,673.0217776540983,694.4670830070972,687.5005184536067,706.6271632148413,660.6981862075171,101.58264199815886,-0.10314291780469594,41.99229493548864,15.534157638647217,111.56629643204812,67.41910209280428,429.5084864563412,235.22933516782874,693.8764814897017,745.4962435635654,801.7464527923789,701.663180580622,526.7010134154675,253.39577820844818,360.3776517347856,658.1959544214709
861.5697941515493,964.8680232895745,916.6689610339515,988.4230157616604,426.1222497097282,489.30941743403673,912.1867628821124,922.251265830182,655.2948634283883,588.7824123316124,825.5568394389579,805.3994183328416,866.5733929956348,671.8750331662444,637.4106463816629,500.44325459861284,810.2709221862503,894.6543153781828,913.4569352540933,917.5044688720703,356.742539829678,342.4112620035807,957.9745596573295,996.1830650208489,647.6571909819598,695.9318704618203,516.5040590907987,398.53742390208777,870.9142902302292,844.6803808141638,902.1517649572978,933.4240856933594,911.0701174978483,900.184543999566,799.1244989809783,773.1043013607162,800.1005913150468,786.4798291524252,458.47109094262123,543.5285206055373,716.7442802053984,633.5438761711121,733.6923038992617,768.2112327684158,822.8935667797715,826.333331721568,728.5719814214332,666.9828786633232,888.3616323286487,766.0282166808232,876.4058769439638,700.3620230810983,785.0774805385436,544.4975832443612,499.6479071562921,476.6029635267835,883.7369441923411,1027.555850494791,1051.9550673153178,949.7708469600212,959.1382431561013,993.9108352954333,842.1377741729083,964.1586863042886,906.9933472818403,829.2589202038077,957.7989063177216,904.5001887293618,943.1137430956409,961.0377605290703,770.4384974230517,847.9166977679143,671.3415677131862,709.753345175739,500.23941305409306,488.16482436489053,815.1068325355404,782.5677751090022,824.3923196995512,903.0731048583984,795.4272422936684,802.3576982561395,554.9010056304932,498.3948106501748,688.4500037634425,671.9556041710284,350.48535528603725,369.0653470380212,327.3274340633652,384.84202694409794,598.5480106755307,379.3525870251593,110.2583473388955,27.159852236018363,695.8206746419271,669.8795905678959,699.1262408494949,688.2802546574519,705.7202821299624,659.2805372531956,100.22874887880722,-0.06831242952375087,41.303362765820864,15.302398487506817,109.93337867264216,66.59880447710154,424.4508955114418,227.84117081586052,707.0100264115767,748.5980224609375,807.3895796193373,703.4601608469517,525.345563215368,253.39106973848845,355.1620477618593,660.3407761146283
861.267590465343,964.2643951069225,916.2190606097971,987.31292560471,428.9667846147404,491.3866718230503,912.1218381265444,921.3605756329475,654.9949722290039,590.3524027417918,824.9281523634747,804.6214664474367,865.0510551753625,671.4071798363195,638.8448535150557,501.796859612388,812.8758858052475,895.6750921078299,913.8374147378622,917.5937957763672,354.72804080115424,341.5829607009888,959.1880485237418,995.1826005360437,647.5162213110799,697.4868011906907,519.3770293346427,398.2377065022786,868.5631050973568,844.9518493652344,901.5008113991245,932.9235227457682,912.0340656345173,897.8537315538194,800.1085977305537,774.0696587620012,801.9111139910862,787.2741622924805,460.69326545085227,545.9548969197363,711.7019898461514,635.0021243095398,733.7861978780655,769.4179490256648,823.3192940023948,827.2554902918855,728.7620207416124,666.9570438111579,890.8690807834748,765.4946570997714,879.007454241258,702.7349323607547,783.8788127129388,548.2920499455695,499.24818872473804,479.6257947825761,882.9782005552394,1026.1328717161107,1052.576462236903,950.0836002352537,959.2969267604662,990.2881746801357,842.3724142185409,962.9702459421668,910.1630649851329,829.3432626034246,957.3980249169167,904.0370000380302,942.2769512978329,960.3599978283625,768.1770429697123,844.2837237999088,671.4604160413829,708.2251051865614,501.29422350897306,487.4770174698091,814.3949985191471,782.5239328724715,821.7921752929688,903.7053320748465,796.0159998341995,803.140023694842,558.3142306391399,500.54902416507406,689.6262507173983,673.2382226873327,351.19853657554177,370.1886526996048,327.2436414898063,385.2275574528418,598.8500619120832,381.99839082818477,111.93759476226168,27.441757542918804,695.8550618489584,672.6404087907177,698.2197708785534,687.6137019368858,706.4554000349749,659.7572653567587,101.49859417852406,-0.09479429745977676,41.62422346722418,15.406303306487617,110.32105491660377,65.92925164000361,426.5749589006106,229.21793561823227,717.3241632634944,745.7436967329545,801.8340120251547,708.2623783546157,528.7234817205691,254.30153708290635,356.96695307529336,659.762101798222
862.1754708678551,964.5982378709195,917.1980389153915,987.454278163226,431.9670688806578,492.63478152879645,912.9826240116779,921.5720449699239,657.5324148645207,589.3563680981026,822.7841944655752,805.2167636810788,866.6614142233062,671.1605008497894,639.4293250349624,503.69830279344364,813.8261715134173,897.7019561881639,914.8299878584471,918.1873081054688,354.11582480536566,348.77448692321775,961.1465132191755,996.2792565482004,651.4431484082606,699.4750474272194,518.5691983554904,398.0451865196228,868.1764976213564,846.5241012761622,903.7319045980458,933.5897760009766,914.6514273174738,900.157100016276,807.6868461277174,779.0654076266002,804.1942489556805,788.6237414324725,464.48580696753095,546.9997567737594,718.4867748823323,639.8542699813843,737.2366410947982,772.2125346468523,827.6344009309094,830.5821202038325,731.9964003937304,669.2307399469656,893.2969034379529,768.5106501019945,882.628306221471,702.9657494033606,790.668492817558,547.8823808525123,502.48334460233076,480.49170013652497,885.2351617551973,1028.672723185133,1056.4008724962403,950.5992360352128,962.6438223664657,991.506541724344,843.3411911197394,963.8817950079961,912.439648870212,830.8210218156031,961.2897017361073,907.0346531980724,943.6495349665356,962.3027849566212,768.7261703594311,845.6635928544841,670.4362922458474,706.9060143144616,500.3592343537704,482.97884659028387,814.5975244240683,782.5224616972737,821.8927534387467,911.6994400024414,797.507271309922,805.172686856096,562.7232758585612,505.7301240436236,691.3393802088262,675.6848152427875,350.0253218117882,373.3334058587732,328.6895967933039,386.6678240279333,600.0218535214409,382.20235590182244,111.58374154146898,27.79221183479477,695.246895345052,675.6668277029264,696.3793179988861,685.2939718255091,708.3808184131108,662.1925113929805,101.03851450455228,-0.11810166355636385,41.71433212879334,15.46339076951247,110.89499169977391,66.38652342980507,427.11229664749567,233.77548952663645,696.3194469105114,747.3018521395596,799.2198598976903,705.037132166609,527.0076336580164,254.26810469125448,360.14658338373357,661.2632488382274
860.497053234186,963.325706701086,916.1821563575554,986.3303455489565,430.2371538073518,491.26435661848103,912.591370747624,919.8704388557596,656.4489836206242,588.4414631069684,820.0716103266894,803.2019407219357,864.9493600312064,669.3222229722057,639.3209048948478,501.68378474872105,810.2909949424708,897.6724419958172,912.168933152239,915.4894698486328,353.6412177615696,346.5709941864014,959.5451878909597,992.724115765284,648.7429380167217,697.1740643991219,518.9607871039797,400.4061533610026,867.1650292738428,844.2067116819782,902.4965487102198,931.8384452311197,912.7520801091598,896.9061245388455,805.3375883682914,776.7112676781344,804.0776105032094,787.8392641985857,462.5341998679297,545.2497260418723,725.1889813532595,636.7766480445862,738.5607987604444,774.2969647629001,829.5960274592748,831.0994656155681,732.9527821826541,670.4423271609353,894.8947402831046,769.4709117922964,882.0808766265634,703.8114142518049,787.8755049427529,548.9226369571452,503.45495312590793,480.46673079364234,884.9257968764707,1028.0006039826958,1058.006347458512,948.7143764460064,962.682849983547,987.3792246815456,841.1948787094257,960.4664894386574,912.1955346634139,827.5938877794478,961.7068656107014,905.7800417967732,943.011917405827,961.1376140446953,768.3319147127169,844.5015562088763,669.6388708692078,704.5306887936282,499.4530683876812,484.88491563394035,811.2681256903977,779.7922535496629,827.5172768450798,909.4087698800223,798.2814554382558,804.1030790028651,559.8526520665487,501.6039798402786,691.8245709784755,674.6819838331862,352.17991027271046,373.20855820394166,328.5985354402413,385.940761699722,600.3439371389525,379.5836048075557,108.37967492020431,26.67150790678802,693.601220703125,676.2642801575741,698.5348276793957,687.1454641074616,708.3591821102696,662.8562652382699,100.54392903866737,-0.08109772658596436,40.31472968634511,14.938851910123049,109.14783359671638,65.4563348077548,422.00522388021153,226.28444733339197,698.1629805131392,751.7943880948153,803.9636011315672,705.1502121551127,528.338451348099,251.8556629978774,355.85756752707744,657.9604576373922
860.7025706934113,962.1497127263233,916.7323667546657,986.0108919789592,428.0122134807498,488.6913675958557,911.3932242234954,918.5515824857671,656.1894975389753,585.7896003449549,821.1232460456166,803.0626150857835,866.3473936313217,669.4691215430194,638.152899431352,500.7536094289264,814.6160009302799,899.2000930380584,912.8338128451643,916.7503311767579,354.7009227540758,347.9876173655192,956.2659269831054,989.8688584585038,645.6868136341035,693.1542003436402,517.2692689421427,397.9424992932214,867.4139744020858,845.72855947989,900.4428545934321,929.9186002604166,908.6641064660024,894.7284214952257,800.0045097019362,770.4858736704631,803.2932096640969,785.1279888859501,461.72084102460315,545.6003095362516,722.0012717325179,638.5790982246399,737.6691928666736,775.7732626566955,828.6129063450859,832.2048878474542,731.9541210808045,670.0815355310907,892.8107212189706,768.9831904721749,879.4813679851006,702.6243175049902,787.9478061145732,549.1368242478839,501.8525107847014,479.81879519948006,884.6583018976652,1027.258446421888,1053.2518502188038,943.856764784897,960.390615128227,986.3459484137378,840.6768758697976,960.8307702492294,907.4720670216119,822.6971992226535,958.6970992056172,900.0432156495159,943.5674327680259,960.3024942809047,767.0244792216533,841.2725429222232,669.4156079073565,703.5215998397761,499.14072495612544,483.22630030672315,811.617317324779,777.7045085479609,829.1227546854223,912.673117501395,798.7889327125988,801.9656267120034,558.8616583251953,501.84187699755034,690.9134310974424,672.8037850813762,349.8107698721044,372.077483958716,327.87298810482025,385.57015696526713,596.2171125104351,375.854774658978,104.51454078092205,26.05171805615134,696.5593119303386,677.4084933006158,697.2786791920662,685.7717077332924,704.7449842457856,660.2038791302073,98.88465851458481,-0.07252876387771082,38.857503872515444,14.526249444584703,107.61720102239771,64.60317933713637,414.5348781098922,222.6442114605623,700.0632379705256,749.0943215110085,802.2727702096005,701.6836775767653,520.3957823585062,250.6153162006746,348.5039352648186,654.9709156957166
862.3447444785162,962.4453489756344,916.7485225373584,985.5425168831509,427.73478433475935,489.5762487862791,912.1410727602544,918.1887114634412,656.2919337214256,587.0639430655808,823.1274870973292,802.5703566392262,866.162295045411,668.9924383597818,637.8740840512721,501.36753973815934,814.1493799290951,900.0558129624275,914.769286524747,917.8225115966796,351.9033426708645,347.7263301213582,955.0086553884619,991.052303072006,646.4464811554755,693.3903893848042,517.7516958753048,398.8434671296014,869.8966913763082,848.2117115915557,897.3562032544394,927.6144291178385,906.0729106321173,893.246243218316,792.799953294837,765.3587094961879,802.1685004549405,787.2842864990234,461.83595488114014,547.2953068308169,726.2618373182953,639.2411093711853,742.3753063508442,780.1195707637552,830.7710562403156,834.7761074423092,736.1622312541836,673.5560947164789,894.1312788009643,771.6086609636234,883.0420164313249,704.1781640506126,788.9975394347323,551.676756106171,503.0886571013483,482.2603063747262,886.070121021417,1028.181770712689,1055.195220617702,944.3658358165068,959.1399659795346,985.3488779345762,842.52168434913,961.6781744387905,907.571281546977,821.7602252133133,956.7550586700439,898.2373608415415,945.661136894469,962.9169706060082,766.0362209629368,841.0208774003826,669.3677750333734,705.1933835512632,498.9494553718014,486.25559094926,811.771104656282,780.3822049342745,830.0702670482879,912.976426260812,800.3755489363981,803.6440103345484,560.7110154151917,502.7640921211243,692.6353164538413,673.4908309594178,350.8058790431303,371.5359837019056,329.1271005209807,386.4210323952094,595.7878341674805,371.61796358543137,99.53615452184049,24.630871689970224,694.7338684082031,674.8677207817466,697.4684360921383,686.8854234099928,707.0677762019421,663.145842200095,98.20588063479303,-0.05108975129270995,37.042048191187085,13.976195473664225,105.32763727403012,62.6595603495646,411.8991976314121,215.9979650623658,698.8564342151989,746.9947043678977,804.5314695627097,702.0457871835443,518.5192489437028,248.8172002528843,342.2933398882548,652.8375433560076
862.7647602301984,966.0244481178245,915.145322638658,984.0201659183579,428.77787225412766,491.54031501071796,911.3476315601606,918.1653567926934,655.9586963848192,588.1692549986917,822.1843637761061,800.7122908577087,866.3251070575485,668.6741853276727,638.5388591159042,501.75385595817426,812.7382648341463,898.0713229005123,914.280651925624,917.5315859375,353.9047391679552,346.2153113047282,954.5250731188842,990.3010143098377,646.5970414845731,692.7984861102733,517.1331037658355,398.2179846763611,868.7858590899773,846.3332795319734,895.8395648465695,926.8707749430339,907.3928739903337,894.422549641927,788.125916854195,764.3165217020426,804.5768255158143,786.6687598051848,463.0945456240858,548.1679748720891,726.0645541832096,640.7702708244324,743.1167988777161,779.3916120483977,827.9186384206363,832.3773183711091,737.0237306070721,674.1349363506257,892.6187495262392,771.6057036817948,881.9410243617368,704.8662665710602,789.3194168843496,551.3330452512292,502.99645352067154,482.9646838675154,886.49023216891,1029.7675258451038,1052.6574502701894,943.9075644736442,957.3873900438392,985.5536635624167,839.7512619998477,959.1625583240525,902.9271869374745,820.2912736049918,953.1878466852595,895.7669614067661,947.3834675588425,961.7140519790228,767.3562668465279,842.5038600984167,669.072233077583,703.3065787971793,497.25414198723394,484.9158172607422,814.5818436419378,780.6958830900707,827.7280429271941,914.5701926095145,799.3920129944081,803.3867707278847,559.9067904281616,504.1874640671412,691.4936008856686,674.0382034033678,351.4696262584013,371.7764871783205,328.3298780613889,386.95561575605416,595.3591673872062,366.83615174293516,95.42981504707562,23.725139711608723,697.0826497395833,678.2257369736494,697.3308907598257,689.1584847566769,707.1478333606672,662.7917077920256,97.96987943900258,-0.019132659280741655,35.63033625312631,13.170665683862321,104.11380811000322,62.11168033200546,405.4979166057375,213.70129856642555,700.5719216086648,744.9951915394176,804.3827358988308,703.5551589772671,519.8223622826969,246.2193616388137,338.6699415842692,652.4438602842133
862.3620512600913,965.8976022884099,915.3038413629521,983.8159393067378,429.74982565946357,490.58319644310643,909.8304690257769,916.5597176734437,655.8527285128224,588.3521567016352,822.6791419827841,800.4364854176839,866.231777812768,668.6216816573973,637.3330909176846,501.2557181258947,809.1436298243807,895.6661922036611,912.2692213971953,916.5164624023438,351.60374641418457,345.85840193430585,953.9489744772643,990.359758770655,643.5611130479742,691.2671242074653,518.3445391154421,400.5528801944521,866.4014311736485,842.6697744864005,894.7317311044127,925.8385327148437,905.4551057977192,894.7908813476563,787.5443194845449,765.9783748029226,802.8677913985064,785.6625842341671,461.5436353300299,547.7040851035814,726.7287832791689,640.9139533042908,744.2330951501452,779.1708062429564,826.7776545309423,831.0828227996826,737.0994020936903,674.1672018076052,892.0096057830318,770.0991397561216,880.8845218815859,703.2924507558945,786.8654903531609,552.0702138998929,502.2736209586501,481.06302035108524,886.9447600415868,1029.3595395905,1049.671767463437,945.9064627480999,956.404959358547,985.987219146926,841.1714406844673,960.2387804572965,904.3847779800643,820.7877746774245,950.810525699144,896.0531429030799,947.1846669191008,960.9707924858641,768.4182194890203,840.0133395585857,667.7588527574452,703.0928985463593,497.7479385154835,484.8856349461515,813.8425207919762,779.9905494278397,823.5103993517288,905.6297138759068,797.3297726569048,803.428972486139,559.0149647140503,503.1442907528083,689.8990049362183,672.4510503127703,349.1550280458787,371.93967511421505,329.2251030647506,386.73849797703514,593.4186165393512,367.1373506689072,94.59003007507675,23.63528267248633,698.2668436686198,675.4126380015227,697.0463266670704,687.1014322824608,704.8966040380735,661.7615697203172,97.38777611103203,-0.020008881086552584,35.238408250964426,13.112577606463622,104.47163830789344,61.612807247842795,406.6216042704052,214.5217999395202,702.0742409446023,742.439443137429,804.2953540366768,701.6479441968701,520.6238501305673,245.8973772557158,340.3284466194384,655.2949492355873
862.2826425131266,967.054685534853,914.8485178726323,983.445790872156,427.9582615519679,489.31528490781784,908.9414899717104,916.5694807239289,653.1409730522,584.6335798521511,822.1784381556317,800.0885694091282,864.2134039798691,668.5513006036098,636.6753104053327,500.29321459564324,809.3122259203292,896.9262231719058,911.0572728416472,916.9150205078125,354.1986797120836,349.0608959197998,954.3011347672984,991.4811421348935,643.0878362405987,690.6871737372744,517.6891648519105,399.23343001471625,865.9998340246813,842.3024377139998,895.4084203524852,925.8234456380209,904.4298130617303,894.4089450412326,789.7411798891814,762.5169041645096,802.4453391188567,785.848589014124,463.5422968183245,549.4329100976722,722.7654193815638,641.3968234062195,743.7839415073395,777.2315012945384,825.5545263954524,829.1806844298602,737.0143826756596,673.4947024671347,890.4689581717214,767.7392044682657,879.401351265312,700.4431724792995,788.1719974124378,552.2464499099582,502.12428024776455,481.06266347632277,887.7141528761531,1030.0913746372141,1049.8029828164283,943.5752029562086,954.8295938508406,984.3081905957564,840.9046672856042,960.8110912856741,902.2747807858595,820.0356706574905,951.0002155818296,896.5789573573934,950.4870300292969,964.6394457738044,766.6057340948431,839.3468098874952,666.1499973962067,702.3516426912117,496.50135736880094,485.3166529695753,811.9815143522669,779.1775472174047,825.4696278673538,904.9118445260184,797.3933380828506,802.8149597829218,560.2574006271362,502.79923856894175,690.0972562344589,672.0043544434188,350.6031719656552,372.10895448471234,329.29544155920547,386.7232161176716,592.3183067966196,365.3503674699863,93.95167711384904,23.593647705173677,699.0059000651041,676.7106840489274,697.9312730282545,686.9058348366577,702.9535425394849,659.4870302344884,97.28140290498145,-0.023536120879429356,35.242002430429494,13.073241415471836,103.91895281452844,61.24289250745368,406.7410598331028,215.34037904879625,697.5222611860795,743.7099842418323,806.2211967314649,700.0055016626286,516.4818681571998,246.090726237548,339.37884811921555,651.4338420999461
863.0596611446304,968.4755784550099,915.0017467321879,985.4357569113196,427.94944504139033,490.6050650818007,909.4952538271592,917.4402529939692,656.260737749995,586.9641732153345,824.3104955316559,801.7167616965279,864.3833772060597,669.2527818062044,635.0128873082535,500.51721132245314,810.89444649502,898.6839802637448,913.3564285921411,918.459144897461,353.9425391091241,346.06057796478274,953.5997984144423,991.322013733879,643.7234861863221,692.8305273822376,518.1892693451097,401.6631464958191,868.008837717884,842.7137125651042,895.2916115588091,925.5620233154297,905.0246821258028,894.1815700954861,788.9331126337466,764.5900393566453,800.6779457125895,785.4455512717918,463.3903639997755,547.5485942711991,717.028956178759,636.7053394317627,742.4461349002898,776.7079171094849,826.8379286949349,829.9562344802054,736.0149897504444,673.5103352286599,893.4576925831457,767.8760088447951,879.4413566908474,700.194438359627,785.2048731919361,552.379060492796,502.3871230867362,480.12986547232845,888.8031556880487,1031.0735246773672,1050.6363572188638,949.0374167694607,954.6447561380138,985.7331143845247,842.0851290174945,963.1471456048911,906.1649998906832,821.4751169589139,953.2550305484386,897.1249115669345,950.6624946351264,966.1567332230878,768.0396680402326,841.5830551522677,667.0477724687769,706.0910980092499,500.47270843948144,484.63574734540055,812.092423736072,781.954892993468,826.3891315866024,903.3868092128208,796.895799337219,803.6243476558127,558.6501894378662,503.4330141894023,689.2484835040727,670.8133411665588,356.00212237975177,372.18149824176885,329.6596032232046,386.52212705316646,593.9098289571513,369.65120964929463,98.05236201064179,24.61860670183361,693.5023986816407,673.4137816348318,697.550135999918,686.300026802995,704.5035005914043,660.7532160929188,98.38644481972351,-0.018548044872780643,36.42989387190744,13.633480528423284,105.29178438789401,62.77787085187556,411.72035484843786,217.90197356308207,713.6808138760654,739.2848488547585,806.6792465312369,705.8794866634321,523.6135817602569,248.08740987903192,346.3751050035159,654.6699997474408
863.0652077414773,969.928003058289,915.4335731206978,985.5059867342155,429.83205118401105,492.0163549057075,910.1669164919385,919.4493320351459,656.537271032528,588.1460840428462,823.6381909285135,802.7521299241081,864.3995570187708,670.4946450260487,639.5996504396348,502.5392118269397,814.231614677827,900.3831001991449,913.6569516704457,919.8643924560547,356.84953710767957,341.3027198155721,956.3551945431752,993.0104419768803,647.2205340400416,696.2084389361706,518.23648100795,402.32365629408093,870.8007238136148,847.500261019483,898.3291464177329,929.5470233154297,908.9772532834845,896.9906830512152,796.864831808339,769.2152945277203,798.7561505691596,785.1047350565592,462.9937940410205,547.5969211564081,702.5671246638063,636.3949408531189,746.6089557768806,781.0574043780141,830.4046040564194,834.3848949621993,740.399445477596,675.5897284629461,894.8732511089694,772.079631201333,883.3756724766323,706.3896330885244,790.6922828434829,556.3550648502274,503.0187744414616,481.9702143536457,889.4843164216257,1033.4445075340293,1051.9129144326657,948.2530227110042,956.785211685844,989.4278129775162,844.6914051534203,965.0908932234524,906.1473455286738,824.5845287838032,955.5753481618474,899.5903218021314,950.0586639209918,967.5591046243742,764.4983866236231,839.5199535557481,667.4451972891432,705.2654067530776,498.58054429206294,486.0894214468943,813.0037226442431,782.9833969179525,827.1919218022773,900.3015365600586,797.5543558990362,805.1732425666646,556.1432291285197,502.7600385133425,690.8603080539451,674.1500986956011,350.94176929137285,372.0779491090602,329.81322774259996,387.2268460748875,595.8505049124234,374.8013387798021,102.05728426524352,25.191439243620056,699.9558268229167,676.9989230915652,704.2109673321247,690.467922849353,707.1535948153974,661.9960935727892,98.85008144388466,-0.04900727247543357,37.66194947830328,14.100908495192405,106.58824701893245,63.67246027057271,415.5142572969198,224.74710063373342,718.833945534446,750.7925770152699,809.7287061038434,709.1173510973966,527.9912393233355,252.18464119549384,347.572775479519,656.5677195581897
862.5506538201955,970.4144577980042,917.2140451220355,986.8689151475154,430.8321092827376,496.42965642575706,912.3889732393361,920.0324336599797,657.227974560796,592.8225767260692,823.1721049828258,804.1085044497536,866.129513879583,671.3981081812005,639.4087859905181,502.70883716010576,815.5460607158064,902.5160993785161,915.9953421523288,919.9126037597656,356.57782501644556,344.80227349599204,959.6831309330928,994.5076498001341,649.35055509038,696.0735057205944,520.8395142528892,403.0064482423994,870.0883010288454,850.3289082845052,902.8748076030902,932.521381225586,913.2323979523222,900.1076007758246,798.0330829122792,773.0125794927758,801.3187817813016,788.3072512591326,464.8908889719418,549.1307245247373,710.2807837314293,639.2821316719055,751.2155437318105,783.661674680303,836.6491881080989,838.7270679529647,742.3185874830839,676.9792961499074,898.7107459283644,775.5094149776918,886.8194950980109,708.9222142406153,790.3360932012309,558.0414732624503,505.553760337999,484.6531030573743,889.3735690999528,1034.4872486889362,1057.3958472793613,952.8752716189254,961.6664411859927,994.2976686576424,847.7057599408911,967.7105373727932,911.0026593564162,827.2941011101085,960.6596621524083,904.9893285674412,949.7654916556777,968.5439813940565,767.0239845310246,842.0742906664238,667.7541288323358,707.0560376716383,498.74054928102356,487.7144315477828,815.900544463611,782.6488563885828,827.2068351583277,907.3401707240513,800.4431990992521,806.9507212138308,560.7598583475749,503.8174107933044,693.1541632803526,675.9897907824031,351.48159942486706,371.46963841992596,329.92747985742363,389.1122059191225,597.9709653117661,374.09940677228076,100.55415959549309,24.836347625993746,702.1238627115886,680.4473995919955,698.8404265344143,689.2502379956828,710.1649814828965,665.800627692113,99.07610654042985,-0.04157443101931777,37.19453394796406,13.790684127567303,106.16136352332988,63.129823137863326,415.2882417142391,220.9409559474272,716.9125255237926,747.9663651899858,803.0301321144872,712.0335436470901,529.050467229357,250.1059116564299,347.89233781352186,659.4299463732489
862.4391991481308,968.3345655768809,916.4994551469256,986.3215404373716,430.6953603522722,495.6480852652873,912.3577667262344,919.7224311146838,657.658502461959,591.1789323306474,823.1068709846435,802.6715600641948,865.7385351269364,669.5471334592534,638.371262820799,500.14835697863595,813.7900493314481,899.1842294357148,916.124353869208,919.479508178711,352.9165918562147,345.86823692321775,960.9658382905682,994.7017048427036,648.3324070775697,694.7177906180476,522.2329844690818,399.8918924331665,869.3804789849047,845.315054057557,903.6377816588234,932.7690797932943,911.272149425442,897.3032043457031,798.8381289274796,773.4525087655309,801.4959513794483,786.4454820421007,461.6275139791625,547.5596620009633,714.9546889008069,639.5028231143951,750.9722342680371,782.9282086449211,837.8258513846437,837.6912318168328,740.6994853551723,675.6773242070958,900.7444787425379,774.6080401384236,885.8531360251869,708.6239462958974,789.7249378153027,558.080975448384,504.83008384408157,484.1210669536637,888.1321033423467,1031.3320650469375,1058.3969933857927,953.5581602099688,962.0727527651579,993.1883278479468,846.5011873157746,965.6704036728345,912.7824429184643,827.2927276213347,961.8089190065191,904.1099992521283,947.1928289134032,969.1018838619,769.0038509197063,842.9040643660749,668.8266956434337,705.5303393607531,500.47815781745356,485.9879066574741,812.5279400934938,780.167598486936,827.1176965591756,905.3850304739816,798.7390586589945,803.3104078756512,556.5740211995443,501.0272248836358,692.4192307119328,675.006791794968,348.002307880626,369.98113372609936,328.8727635157605,388.4569324185368,598.7286742474308,377.7895309262971,106.94090480878259,25.8710765563049,693.7886698404948,674.2301811606197,694.2680965363979,682.1345573183638,707.1021886927481,664.8740800517113,100.484883134045,-0.0640233321632776,39.80508117437195,14.544676674287102,108.32084189659047,64.19666947406387,423.33187796672183,225.91689900790945,706.7787031693892,744.6838833895597,799.6937253811216,703.6139611352849,530.5559767928778,253.5391505893908,354.575126655174,657.801216914736
863.7634031167419,968.9470637494868,917.6976059086967,987.1310921475232,429.7508446005888,494.0310603550502,913.7071517983361,920.37194284642,658.6447433549531,591.0025772892061,822.7785640034249,804.0467883836656,868.0162753437232,670.2462085837777,638.7955530816643,501.92271582956056,813.8735968422551,898.625552256638,918.0299886067709,919.8141359863281,357.8973383373684,345.3585800806681,959.6533055271077,993.5051576523554,648.6971904794583,696.2654846821513,520.9340031028453,401.6308376921548,870.2580659254542,847.052362286603,902.7328049066499,931.0839593505859,913.0089284605899,898.2679885525174,798.5034774116848,768.4824704089797,803.8363694514472,786.4293146486635,462.43452971747945,548.9408279733265,715.789144046971,639.7745578289032,746.2846331596375,779.4321311119044,833.6068028194991,833.2638387735824,736.767236340637,673.751781260217,898.0215063033565,772.5905341346942,884.0154861912918,706.0115909031939,790.2795015001511,555.7854932990729,503.51694005081964,482.95945984954335,888.8722810275192,1030.9407943614103,1057.15994120983,953.1437457202746,961.4329792586617,991.8080551342671,845.5252784472358,964.7796650717778,911.6925958661891,825.7293963062671,959.9337425789137,901.8079340355121,950.2745963904508,968.4772241076054,769.2372969893722,843.8425869550862,669.0795369979438,706.3268864619267,499.07544387596243,483.6987715170417,814.0551712786565,780.8406035237292,826.6214820374834,902.8853955950055,798.8376195330272,803.4223028915363,558.8380448786418,499.6403278823694,691.8631739049231,674.2319820654019,355.8038554458057,370.4231201440419,331.23168428242207,387.8453014235104,596.5047666840319,377.01389494458834,105.08795905189106,25.614826689090137,694.8120686848958,675.4599102472855,697.5902860760689,685.1657665131858,706.3857668811129,663.19634562075,98.95266895558943,-0.04682900066556478,38.724045940289756,14.263912229809543,107.52520585086603,63.98046047907943,419.4261830349763,220.13395505792954,702.7253917347301,749.3940252130682,799.4698232356334,706.3572897609276,530.916675492829,249.75877720744987,351.9032444782329,656.3167956122037
862.4558153118687,967.18193934903,916.1109974392813,986.2399191685407,430.97700980430426,497.24606131522785,912.590894785277,918.9300299461852,660.7800344350387,594.3197707660863,823.5366585351587,806.6395739918663,867.1762388042888,671.2457598705403,639.4455580355516,504.00243353163336,818.5729741101017,904.5648586615375,915.9081756474872,919.6293696289063,355.35862837897406,346.8457664489746,960.7316088215441,992.428762102884,649.521408700194,697.1308285273038,524.0108607592504,402.34487771987915,871.6412403898419,850.5627039026331,904.2069160681697,933.25955078125,912.2309911695577,898.9280217827691,800.2808381453805,771.6876437635307,803.5884047184746,789.4538736696596,463.0286414538111,549.3349512150226,715.3936862632877,640.4820346832275,743.0325297438909,777.3929773845944,833.6962096246173,832.2625214426141,735.4119351237766,673.9630911516977,899.5800156254923,773.0791326506047,884.2929824794735,707.2127661326042,789.9013152528771,555.8110143530603,503.2357265394492,482.9944160706478,886.8844803708798,1030.939798657541,1057.9943923785413,957.3809813205118,960.00249393629,993.2046591163067,845.9667427926253,969.3667621141599,910.4658334077294,826.3111443575038,960.0004532760448,903.3470168451938,945.8014075406797,964.1628070641618,766.9724538304785,840.2122923428896,668.1317434748379,709.0079506878213,501.282212851704,488.3732675901601,815.251250970559,780.7283869699819,830.3054848528923,911.9157049996512,801.8776015650724,806.2161656321741,562.6449369812012,500.12116425355276,691.9399124011069,674.5869010479702,354.00048646365894,370.7378195201447,329.23781067777117,387.02796683749085,597.4830163095925,380.8162564053635,109.31022155415094,26.9113476709191,696.638671875,676.0158505197298,695.6910617351532,685.4385042492621,705.776658696376,661.8439718866698,100.13111506718651,-0.07952323125813295,40.505887727184074,15.094520380332519,109.51737059245848,65.32117476783974,424.6892352435324,228.4752429232878,702.0116466175426,749.7121704101562,800.751948004601,706.1605645674694,530.4396387175018,255.31119026112975,360.5611262465968,661.3358238483297
863.590577171713,967.3613253133466,916.3523840524354,986.7204937573923,432.5489446817442,494.68080854309454,913.4406113750591,920.6828465108669,659.0994322640555,593.3284035139396,824.1491792880423,809.0170883632842,868.6020049787099,673.4539728314288,639.448352121002,504.64955084436286,822.2617208471795,908.0694450175644,916.5872945383591,919.7959075927735,353.33786810768976,351.9976033528646,959.1585548367851,993.5673320709712,649.7400474049034,698.0771945619977,521.4731016211747,400.86354596085016,874.5583685389105,855.7613456066744,907.1161712085794,935.8210618082683,915.9766408629337,903.9550580512152,804.5888353430706,774.6411912297629,807.4231626535827,791.910319434272,463.12266335742817,549.5909784581331,730.1968198682441,642.2943091392517,746.983048772055,780.5803181616616,834.4465769685411,835.5931450804771,738.9250629795484,674.3371374398679,897.7033218876009,774.5899826088959,887.1415874157173,709.7460089374476,796.0248044274848,555.1628165209995,507.44608214058206,483.9719569015815,888.7722814921351,1032.2192200811373,1058.964310104337,953.9120192008886,963.5528860208262,996.3058687352054,849.8016055512501,971.4224602970077,906.7750803819343,828.2358567317327,962.4258923541294,907.9771248044159,946.5428140239351,963.1700409104152,767.3274018571184,844.4281755040904,670.9796150277514,709.4237131886669,502.3714816328408,488.0079534826144,815.9598658827484,783.8410793953417,834.1944878760804,918.9207066127232,805.8041472160953,809.2625902594782,564.6773797671,503.03880206425987,693.4484493087567,677.3860590962263,355.550180979336,371.89654196040294,330.7028780921052,388.3511517380361,599.3818335889354,380.45066879550615,108.23653791941426,26.615882469382385,698.8644714355469,682.4925371590307,701.7808141410351,691.079799738405,710.4344077462155,665.7588082385821,100.3321455733385,-0.0704727737698704,40.64344108161213,14.97739037750975,109.26999434305276,65.50907537515366,424.3777949081527,232.53331686468687,705.0036898526279,755.2949873490767,807.8862368180447,707.8863676047023,531.9953877692129,253.9058346604242,356.15044687733507,662.0239152579472
863.1079104444916,965.0182249907291,916.616858619572,987.1012970821791,432.1894723581713,494.2188317211611,914.4148680547924,920.9172624823387,659.0283838972754,591.624572026925,824.1821033121124,807.1302056918069,868.4576585092431,671.3352235685959,638.4651722243769,502.5700485446021,819.4758062859847,905.993905571212,918.2249907862638,920.1082922363281,355.04709762997095,349.0156324386597,958.5115334316765,992.7668961418999,651.69140540118,697.7175905049502,520.8763336898213,398.81475394301947,873.3706253339659,852.1986594871238,906.093090147484,934.2396439615885,913.7956303741972,901.9084445529514,800.7386365807574,775.2921609533838,805.0713858583425,791.6206694708931,463.61533471037234,547.8458065718747,731.7782122502562,644.6066780090332,744.4886142072223,777.4471318303691,832.9357980843166,831.7665313029149,735.9421770493847,672.585327988738,896.3701366055396,770.3310360139416,884.8218550479551,704.546290878199,791.3551454415771,553.6930829122955,504.8643000706051,482.1309967025407,887.258800427206,1029.3611319020943,1060.0348782632057,955.7873988142604,962.073503656802,992.577590256833,846.8339990271705,967.2162177592148,910.7481659846519,825.853183469107,963.9968495186795,906.4043161023476,944.8021586229846,964.6453257186637,770.4653461215732,844.0408355212602,669.8953983411876,708.4616960797991,500.9057457965353,487.6581874363859,817.3773053278688,782.006232677159,830.679792688248,921.7233984810965,804.5040319157742,809.0998897025598,561.0935035705567,502.91467062314354,693.6561347062367,675.212506573198,354.74418547013227,371.26023192698347,329.34201762701076,387.7431214918539,600.3574990837602,377.25532409663003,103.64421491483571,25.3373055401714,698.5394388834635,677.0142956749868,698.2041037678719,689.1713221623347,712.0279685838228,668.7627305494835,98.93310460942111,-0.05262272612847112,38.44363204511196,14.189558202592057,107.38987479503686,63.9504388749239,416.95639482471677,222.25603625353645,699.6795099431819,751.7864890358665,805.9797068346267,709.4874240537233,531.4596891029208,251.2001901980032,350.18087817322123,658.8009790880926
861.6589946003703,963.0137996312344,916.4351189938793,985.0774813952199,429.18298266211224,492.11406607287273,913.5994028545097,918.9634073590217,658.8373842044753,591.5879355336799,822.5836533802311,801.5330889183377,867.0144763246409,669.0479224712742,637.7197952009552,501.98920636023246,814.5012643823127,899.2641539336043,915.0490715640715,917.3733487548828,356.196162753635,351.5067667643229,958.1922126869102,991.0237664116753,649.8755477585718,697.6422623278021,521.3067091841724,400.2378085189396,870.8206905149063,848.3965854974441,904.1959439976009,931.6717205810547,910.5288252749685,898.0381144205729,798.3483048148777,769.3239238693053,804.2192302149298,788.5489024409542,462.1961605208261,548.5745111529747,730.6867380611232,640.9360938072205,738.9263559333862,773.8835720044177,826.4702828764749,826.0959703490051,733.5238516054862,670.7241540296928,892.4875871965962,765.6130769371637,880.0189583617595,701.915794146133,787.9542689986293,549.9018085049648,503.0729736341676,479.9423052066672,884.105190013873,1025.4783697216599,1053.8480930699127,948.8452480693695,958.0770918605639,986.6758832869792,840.9007823605785,960.0343748728434,908.4622547092722,820.3487152240073,957.0679590996732,898.3253715631859,940.9935808121019,959.1047531886654,770.3513512482514,843.9747048049677,669.6322813821495,707.5906695741596,500.1487767316293,485.6430399720098,815.6756011462602,780.8688473523405,825.0518435214428,909.1124267578125,800.7910922843378,805.0988580693197,561.709701461792,504.0015711202224,691.8145215559636,673.0613599253742,355.501559863371,372.46958082591584,328.71185348182917,385.9395519019026,599.4469052004692,380.0205771901707,108.24247645641056,26.757310379996056,692.7894470214844,675.6502644167108,695.5545643568039,687.424197719108,707.0997666997157,664.3902484735241,100.44324635052563,-0.0736491475754452,40.24004927124368,14.974132697603116,109.2151804906145,65.29333206794415,422.7935245235761,227.94218815074248,697.4507057883523,747.7489357688211,802.0637766178822,707.0291373337371,533.1579549184032,252.91475144916075,356.5604902180758,661.8460209287446
861.341325672064,960.9010009693377,916.7679147255407,983.2187999102224,430.387227808043,491.83960732977306,912.1318462401094,916.0781676272128,656.0221177704481,588.1888529042728,822.6935664231215,799.792029876936,866.4129602553301,667.6081851685819,638.1044464158774,500.17520460952306,807.1631338833632,892.8157506290069,913.4466491933069,916.0885200195313,353.75482209523517,351.11844234466554,958.2463539090508,989.8909368969146,646.7277268614445,692.9549642814385,521.1689925641645,398.52207289801703,867.3866739812887,839.9513842924141,901.2687049525304,928.9638562011719,908.2592764385676,896.1408005099827,792.2587458071501,764.7103587690606,801.4684085257778,786.5027508205837,461.5810447718416,545.7585300202674,723.2740853731749,639.5123805999756,734.7991421903882,770.2908166912495,822.5093457061269,824.703185483029,733.7691056033797,668.2788031718114,890.1230287244243,765.5659627970363,878.0569704823206,701.1000736815109,788.8195219168214,548.4070223990609,501.6192053749125,477.8910819754468,883.3038371860132,1025.1132561213992,1051.5183987874964,943.3830317797849,958.5042286881156,986.2413383718448,840.4770600905113,960.2617486553428,904.9273008659704,818.1429683441339,952.938233392694,893.3743362745091,941.4429906371292,959.3664827294112,768.169965451902,840.2147671433746,667.2751418647416,706.3790470800359,500.2131767825804,484.4300569346253,814.664710623319,779.8897912749611,820.145541576629,903.3045883178711,796.0668570565995,800.7186760138411,558.2301703325908,502.6212804267804,689.6205049035833,670.6337228209658,351.9402383972617,371.5371042713792,327.5263387998566,384.6531254847371,595.7988757569033,378.43201442013185,107.92439385110305,26.635452281383863,699.5963724772135,676.5119778907905,697.6459373533726,688.7530188927284,705.4052381442704,661.8287440162417,100.35308681957815,-0.07909131717212774,40.384636187339936,15.020160726601587,109.89629185931554,65.98402152000175,426.0648207200898,228.51939812828513,697.4352028586648,747.126777787642,805.4008565813103,702.3008988778803,528.2331718744016,253.66551548660848,356.24734916109026,660.301652579472
860.3493539208927,959.9884177073084,916.1037298558583,984.3898876539739,428.54659196720564,490.4936696759292,912.2181743547028,917.245115171392,656.6507314175975,584.7503535473933,825.7355926482658,798.9343405435956,867.1098125058627,666.6487579268482,635.793214786112,497.81473536881856,807.5521397884423,891.5343136201269,913.1961510903077,914.9350866699219,355.29488542344836,343.87210801442467,957.7957212549956,990.2446089245025,645.8718282290154,693.4399572584655,520.2684397829172,395.36108594470556,868.4191310810593,838.4660749270593,899.5431582633591,926.483392944336,906.300544480146,894.0024747721354,794.7069795028023,765.010437747082,800.2153781437139,786.1721622325756,457.9999048028673,542.7537967667597,718.0256232589971,636.1230435371399,734.9342907875304,769.1952015212362,825.6008481667234,826.8167596560472,730.1862732245902,666.2767468640855,891.0441028594971,766.1358995074052,877.8459105767798,698.4830493937196,785.301125804405,548.4684328238169,500.91010840451526,475.49869215976196,882.6638953886836,1024.2949471512327,1051.1371943924905,944.2714642883466,958.2119174459706,986.5289747136311,840.5923261030005,959.0407284552177,909.0275812860746,823.3907606315244,953.8727251717214,895.2219659967118,943.7063192379702,961.0501880961887,770.112642717791,841.6060869185651,669.6041597138851,706.9284899162524,499.8028515801914,487.325459225077,812.9762030429528,778.724533397627,824.464784013464,900.1444386073521,795.4361806409113,799.0062166472167,556.8979042434693,501.0185456021627,689.075063592852,668.0984292804685,353.9512612062342,370.7427293660408,328.64546688925475,383.45944285534847,594.5879882883743,374.8080346227189,105.02512912914433,25.803156739711703,695.0848429361979,672.6083322298729,698.3017901778221,689.4129555818722,705.214960074,661.5637812812637,98.97449649670038,-0.07017258113224266,39.07493893457263,14.489490726353376,108.25968581851201,64.8000742355662,417.6036987768279,223.50148947098677,704.2105324485085,744.8531016956676,807.3835799454042,704.9064485574071,524.7533027798522,250.0508970796016,349.5362818855228,657.3222403690733
860.3669505654148,960.1476560698616,915.006950959014,984.0826972870237,427.8719819978226,490.1729572479214,910.4546057919814,915.8001148045316,655.0534459133537,585.794392777271,822.288411970061,798.5729869781978,864.2977369776312,666.2298440701566,636.1375824539223,498.2069366492941,807.6626144336864,891.3101163718392,911.4327583166831,916.1571181640625,353.73645146687824,343.13769251505533,956.0985983646277,989.8360895429339,646.0464519281038,695.5590152412981,519.9310972730099,397.08909765879315,868.1838174496057,840.6248349036699,897.6777454286109,927.7927716064453,906.1475832664361,892.377825656467,792.6579343049423,766.1986679628671,796.485379256866,782.7945690861454,457.7596305353301,544.7562077554425,707.1656819327933,633.9266088008881,732.5694079285577,768.8785222491947,824.4021806026236,826.68301279503,729.076688349247,665.61909500869,889.2217800201909,765.6697208035376,876.6081532523746,700.1279202222345,782.7045704452446,547.0709084249011,498.6312198613507,475.5778672394698,882.1610934037108,1024.662227999281,1051.4204547626669,944.7153283366566,956.6664208984375,984.7191510833197,839.7675878308964,958.9816062519089,906.3522253463517,822.8490450708749,952.4594854976355,894.3353727762491,943.883486024893,960.9371155796789,767.2590391829207,840.1160617890905,668.1616924180897,706.142149029356,498.31363976520043,485.24366051042585,809.1272880679271,777.2128954369003,823.7006706075465,896.2412850516183,794.6663302717537,798.5785170655224,553.9951390711467,501.44688062906266,688.3330614854585,669.1691134680144,350.2912662786596,370.9587992588966,327.04597639416653,384.4140953324264,595.128993218945,376.27477308407424,106.37144734424159,26.032935902927917,693.1896809895833,669.6145443673861,698.6595602929592,688.9435892925004,702.9148265265933,660.1305541525843,99.81922031594685,-0.07098444583394599,39.67576545626762,14.756646235558895,108.67163193892353,65.58750392442509,423.4900880257289,227.25931467729455,715.0290360884233,740.7666415127841,806.2498820260067,706.1684114480321,527.1600179859237,252.75117552123572,350.5182057727467,659.8195758688039
860.9758514350251,963.2964180551394,916.2443596004164,985.381041203837,427.4747368657312,492.3781646394304,911.4712043625619,919.1563344395414,656.360646228401,587.5146708488464,822.2224427665152,801.1869113415006,864.3149053400213,667.3814173034328,635.7137255727948,498.8498550159464,810.1575309427993,895.4083417467897,913.2832044111815,917.7781007080079,353.84947819179956,346.2547805786133,955.3805975315374,991.430776807997,643.9504998691419,694.5918423237054,521.1691787888332,399.47304247485266,868.0812697500553,845.2692545572917,899.2076390384063,928.04478902181,908.5403191517976,897.1923733181424,791.4220949919328,767.1104508365494,800.810522810478,784.1029955546061,461.0401934811047,546.6829921779561,712.073172647445,637.03875207901,738.4793276711116,775.8480479344372,828.4966495455474,832.0819348229302,733.050085509119,669.2863288584289,892.9024031669862,769.0452536865413,881.2282087591163,703.6251419362887,787.433922532428,550.479593033884,501.1021729176252,478.5905272285599,884.7573319567778,1028.406690393333,1054.7563605586602,947.5834645625574,958.3510199239979,990.0813419571972,843.9370892725954,963.7637002458298,902.0111594128964,823.3990859778969,953.7837509819631,898.0307756405381,947.2002372984673,964.6635593814744,766.8582082868696,840.6190266843702,667.3932452420576,702.7440706063143,499.96922589730525,484.97890569122745,808.9502325839684,777.2589734342583,826.8622631316489,901.0335911342075,798.4138344366431,799.847826380756,559.5478369776408,501.5161462577184,687.6729365563077,671.8017752820383,350.6995321498198,370.7697080205924,328.62970426492393,385.98162516706464,594.930078000488,372.8653714665398,101.97623027490314,25.23590829807673,698.5062744140625,679.4650444418697,700.2320856601,688.7963687672335,706.409252564719,660.3598616397177,99.16747073434587,-0.05545820168874882,38.166122496337366,14.112460741624922,106.00341439812988,63.99884139060203,415.02658444974156,220.71656173818252,709.8955632990056,741.122998046875,804.4058669941537,707.7091414053228,523.5894204681995,250.88526400636164,346.4081291140932,657.7430504108297
860.4866946782244,962.2387634142481,913.8973744286935,985.765598920237,426.4101792978686,490.7931684734566,910.5036735567189,918.4145011999252,655.8162450595778,587.8345530619387,821.3891276537887,800.2071829584855,864.4793381339281,667.7655826512619,634.1750842884405,499.8861927853033,811.3683161441749,895.7561332221047,913.0026946670707,917.2585792236329,353.0609540939331,345.00201683044435,955.0463090926881,991.3950694250682,643.4599490739912,692.9051463224075,519.0685535662741,397.01196665234033,866.7974366961785,843.1642382209684,899.1098895536007,928.9653672281901,908.0099817049705,897.1164314778646,791.7657160219939,766.4418173181006,800.0109447865759,785.1392463401512,462.05784518750653,546.8160505401954,716.2367068431416,636.9839768409729,737.1716501485733,775.4518986561852,827.2389792160735,830.4061991039075,732.1201345969823,670.6512879696968,892.9586452853296,768.6364032935537,881.6020676024939,702.5160538449853,787.2957132108543,551.9409370796353,501.375868122277,479.5181253943623,885.0133768606029,1026.8372349314116,1053.6608473940494,949.5854446137321,958.3218417358398,988.448734366778,844.3912036674103,964.037291028372,902.7294244339217,822.2527681863277,952.2379512272524,897.4243127560251,945.7351130588798,963.9638661758676,767.4476564080866,840.7385657263584,665.5421817324577,702.8372023281081,498.314500891644,486.14057256134464,810.5308847896388,778.7592542972802,827.5210831013131,904.7265592302595,800.1451256119885,801.1982085599425,560.6804435984294,503.5321628057957,688.1393714451054,670.3026946430986,352.1327458269456,370.92619277596043,329.35137222831446,386.34840620913866,595.8953671285374,371.2180576808844,100.65052206660793,24.739145388958836,692.6970438639323,672.5619165452861,695.522392988205,686.0538968047405,706.3264449024929,661.189357794876,98.46910675082013,-0.04885537648504531,37.19958898142985,13.97449235283171,105.74938396996514,62.89136352719268,412.1119715985325,216.2741783366484,703.8486328125,741.331475275213,800.9786309363858,705.0297467195535,525.4857487444784,249.47687508348832,345.47977872328323,655.2168936893858
859.4484792391835,962.0579485122604,913.226858141306,983.8063736873794,426.8602024921151,491.65245908818076,909.1900663774235,917.8745567873691,655.6296217392902,589.4547048240412,820.3259879631725,801.5572500266726,863.8856331512818,669.184982147294,634.6978082348459,501.60983067410757,812.7935118471842,898.1876354027428,911.6093558242038,915.9831223144531,353.7787331475152,348.1289176305135,954.5585789866261,990.2988842555454,642.0851970093413,692.7075359290773,518.6779121272472,398.40682196617126,867.5325465652178,845.7717041015625,899.7631735013226,930.3841662597656,907.6776923486742,896.6263194444444,791.4542966096298,765.5360144190041,798.6084231742153,785.6410851655183,461.562212650265,546.4045898994704,719.6753875232133,635.7982492446899,735.5323822422633,774.4847189193654,825.2002707696558,828.9470051994101,731.7805666490035,669.1782434286771,891.9347201439642,767.5940335880626,879.0763753967088,702.4948973226356,784.7053546648924,548.9106968991897,500.0969417853211,478.0423425590153,883.7587025403193,1025.957581239718,1053.6971252968708,949.4417293129898,955.5642414789614,990.0173596595098,842.8391517382514,964.5929019598314,900.884950210799,822.0476413709557,951.6551544532347,897.3013152651727,943.8902342972482,961.8161772838614,763.9534809009449,838.190100935639,665.8125475262283,704.14776769861,495.73028564453125,484.54581182775365,809.4214337458376,778.7847933314154,828.0070943629488,907.2493079049246,800.1488657691926,801.4278984234478,560.2450276438395,502.5006254428625,687.6727475624252,670.1487349684988,350.189227698831,370.1385022793436,328.73612435969216,383.9916839582559,594.1688796886968,373.28718841686845,102.71657979821235,25.224238239532294,694.7655131022135,675.1195621813758,694.6854085326195,684.754097640784,703.9126437432286,658.4593800962117,99.04877433554563,-0.05662188553768727,38.27197783889898,14.15925764077157,106.82600914016012,63.546845881782865,414.9936493842138,222.2115875973421,694.3941816850142,742.4582641601562,799.834555606714,700.7995653756058,524.7029415177656,249.92711051762626,350.50489406874686,656.4420166015625
859.8530353964993,961.9288083411226,913.0311007505364,983.7280146382244,428.1861519126005,492.72541177326013,908.430105302035,917.8894456806589,655.8783829747414,589.6723730759543,820.6312096525983,801.5281294898381,864.1568675229316,669.0255722338371,635.1635753432316,500.9280358603219,814.5759634587437,898.104255473495,911.8984083855289,916.3330010986328,352.86676576402454,346.1022605895996,954.2134446368417,990.7745702834357,642.4967982007571,693.187811805447,518.8122762184776,397.9274941020542,868.2680939008604,846.8877781997493,900.451511973784,929.4478082275391,906.5185789981131,896.4685310872396,787.2368657651155,762.4307651749576,800.0896808103317,785.6139291833948,461.8121802210808,547.1268817887324,720.2834377601498,636.3748140335083,736.5644557494966,773.7691601215381,825.6294191939585,830.024604507357,732.0369366762067,668.4161511517905,890.0753184656943,767.620221728104,880.1554419116777,701.7898519998585,787.2660987751366,549.9686738463009,500.4846587087926,478.22606878702067,884.7884553405829,1026.3312975030256,1052.915466605201,948.7632679822968,958.0355893342391,992.2533289543247,843.0236065832482,965.3106805463877,899.3357282610082,822.4773638205319,949.2388460780797,897.8424512202618,943.4561709264282,961.9682293465124,763.5941110903078,837.9904990899759,664.8553302309929,702.6635723691998,498.94805908203125,485.48515642193,808.8114463931224,780.072972721084,830.0576197847407,910.7965382167271,800.5579498992569,802.4148475969035,560.5436432520548,502.39881280918917,688.5981329115477,671.6916291779376,351.51367809071263,371.53147649248587,328.5570684919755,384.77139531670935,595.0823629797011,370.691319357877,100.91039205166615,24.907814927571557,697.4507832845052,674.2085307493048,696.4848550260067,685.2929048840277,704.3986313215648,658.7392524635296,98.7797615159499,-0.041361570620426426,37.71030343677221,13.889646664986504,105.92257070318924,63.40595984218081,413.55179310672816,221.54003590696,700.3365145596591,740.1125632546165,802.6082411388422,700.6719833567173,520.9624922322292,248.6490901886371,347.49584395957714,654.8724070581897
860.2339440247807,962.4593546763815,913.6470713938601,984.7220289982647,426.82283624161124,492.79057821099246,908.9419756903164,918.3106364538314,656.4204935151704,590.8895706270562,821.484660482019,803.471178008072,864.8615352571726,668.9812690908851,635.2282314015858,502.3564049966874,818.8475108214465,902.625037880831,913.078492497119,918.1117341308594,354.40936215718585,346.9007303873698,952.7962512832355,990.8331173488071,642.768057553556,692.7805004434272,519.6651891634609,400.0172873602973,870.169531408346,850.9142333230855,900.3951925442914,929.8329012044271,907.0828131982836,897.0693693033854,789.5625631581182,764.6897391813347,799.4400710051281,787.3848098472313,461.64637845967496,548.0924076551802,724.5036405969838,638.9237399101257,738.0812571767776,774.9254165215515,825.9614538801081,827.8326459209821,733.6233204081038,670.6901591982875,891.761935277139,767.1640112085427,879.3636302187023,701.4956303230474,786.7542314743247,547.8637980199328,501.40479222495856,478.1328828806963,884.5240172671332,1026.6468398052234,1052.4641816899277,950.0553063830783,956.8518304045303,989.6770469563679,845.8709736395319,967.4370086104782,900.991094446894,821.7259446767565,951.2143466692293,897.5321385114349,945.4058085642043,962.732580026869,763.60784496273,838.7828885062796,664.8892223813118,702.6899752265963,497.65579002490944,483.5588847415548,810.7556107317815,780.3687093267797,833.5844401907414,916.6522805350168,802.4601771621412,804.8613107441539,562.1443099975586,503.066464937528,688.9091951882787,672.5392664214711,352.5541919504895,371.83802858070345,328.1288866251707,385.015314403393,596.3309595305567,373.2209433655441,102.39738834074578,25.541150118218702,692.70546875,675.5949996689619,695.2128682732582,684.4815965195047,706.0573068089765,659.7452686468372,99.44324018635885,-0.04781360165043561,38.19696096304092,14.171669946878943,107.22442134565087,63.67186838469566,414.58540993101064,221.70651785065147,693.1510120738636,741.8276500355114,801.3058465535208,702.7556973227971,524.3219291836608,249.9094241671918,349.3721166379524,657.6243496598869
859.8185455070054,962.1200217550451,913.3638046391654,985.161158831471,428.9933904869612,493.05106591566334,909.5354769447372,918.1729452222459,656.1673382545005,591.274002673196,819.5463126655517,801.3669415973482,864.8139264743079,668.0073168224651,635.3831794285655,502.7735333336198,815.2514385928475,901.5773546592737,912.7878090577108,918.3416845703125,350.5839431550768,345.1169534047445,954.6666480060263,990.6718641008649,642.737837886311,692.3316355013585,518.4059281744351,396.69928205013275,870.5226892435326,849.663944649402,899.1352516634884,930.2874139404297,908.1244982703257,897.8820111762153,787.9049990446671,763.0144623905779,799.9502277122195,785.8560912520798,462.1319193031107,547.970737100094,724.6746225826075,638.9922332763672,740.4101202790699,775.9170667910463,826.2182237962494,830.1591752202887,735.0887415389384,671.6010663565639,891.5494274385513,768.0679555484626,879.0045452891169,702.8200424825642,785.7279349699148,550.4550536286597,503.6927029184507,479.08102939796134,883.828105663287,1026.1449196956776,1051.9522600606501,951.4591831151138,956.2839054804263,988.8895702855873,843.5356399116166,966.1001873016357,899.1222217047392,820.2884728126131,950.2039367954383,895.1956579555888,943.8586130324443,961.3735617959038,764.908319009317,837.9721308223536,666.7951532766359,703.6871691947375,496.8805051057235,487.6039781167474,811.9399404056737,780.2546665302451,831.6786187354554,916.311052594866,801.3724853106386,804.6875273825714,560.0068623987834,502.67353469053904,688.1894602670543,672.4080567708609,349.85250966689165,373.4304108258189,327.86853096137446,385.86771483927146,596.8019462611355,373.19843591948353,103.4566107823134,25.72347717676349,693.3156921386719,673.4934821694584,696.0149635374546,686.5732149150037,706.5079203598372,661.3564923293433,100.03364583196449,-0.07277736536537607,38.8392024849463,14.387387808534134,107.92518471771083,64.65359253406284,420.0836413701375,226.72736751332002,693.9536077325994,744.3470248135653,801.9073797648385,704.5350100360339,526.0899032564724,251.64105022999277,351.5623609098521,655.2883574387123
862.8810907969649,965.474351832361,914.3288856533563,986.5994525924622,429.6769208043121,493.62124191118136,910.61155949143,920.9962190830961,656.1601054522456,592.4802427233243,822.9927076169146,804.8213306381589,866.8933211730644,670.5059169651526,638.227298200427,501.8806508223413,810.8738449602895,898.7718234901809,913.931664945522,918.9991877441406,352.0344005160862,349.0874420166016,954.1556913807966,991.946719881088,640.0848650308179,692.1780061171605,519.5284089146398,398.7039861679077,869.4420443120993,846.7489348234953,899.648821813228,930.2537148030599,908.7595133377334,900.0232482910156,788.2673018745754,763.3574928375612,802.8642372433835,786.9547664501049,462.64659806660245,549.0633399334739,724.6978759765625,640.0373306274414,744.3415708579714,779.7794722335599,829.7654252650013,833.3655553282352,738.6003639146317,674.1398170143626,894.6862146808255,772.5671349019249,882.7477019431508,704.7748215572694,788.8968178787574,549.7404678475623,503.0225994658936,479.7181503940526,886.7503011814214,1030.2812007511104,1055.8040642625056,953.0790644292537,961.9820315153703,996.364157422075,848.4601680743949,969.2075204182064,900.1077999285798,825.1586089836535,954.2684489646655,901.2318635179204,946.0482257429961,965.2490571585809,768.9863109760456,842.0454968937108,668.209367174621,706.7561938793629,499.9787544582201,485.54134422624617,814.8830436331327,782.2497991664776,826.7507051508477,909.5113220214844,799.577048436892,804.7618365709294,559.9460763168335,502.44292271176977,688.2754218593043,674.0711972896869,348.63841175752526,372.33520738183375,328.35386231231195,385.8334121260796,597.1397682912078,373.7140305473407,101.81310438605335,25.976808369871776,695.681386311849,677.25267933991,699.1620691716671,689.7323628421283,708.3014621103689,663.7596720669846,99.66228926368058,-0.0676922397343097,38.3916198235633,14.305346758092387,107.82910118337668,64.87341664163696,419.6292211493063,227.691825614256,701.9128639914773,742.8480169122869,807.618766835872,704.1765074910996,524.3394761179007,251.21426498171007,350.4143323103587,657.7422022326239
862.1205473520398,966.8401955883912,915.1386493587607,987.1855530149908,429.84764911740325,493.6095342809068,911.1241395369819,919.0625125251933,655.2792901992798,590.8605809055391,825.1842919714082,803.7512915475028,867.9434155420006,669.1084398769657,636.5902464567725,501.17844396785233,811.431398509238,895.9760881341573,915.5753901105275,919.7574454345703,352.5481114387512,344.7736725489298,955.1791409799375,992.0703493148561,639.9195838249167,691.2817577804838,517.8558517793266,397.65342624982196,869.4394933592598,845.2962180055218,899.5485447360462,929.0394156901042,907.09296831034,897.2612632921007,787.2126050866168,762.2268128912133,800.0057471187105,785.8395363136574,462.0177418248994,548.7184764276283,719.4492932929368,639.8264331817627,746.3900908326345,780.1315101515061,832.0006762161893,834.9092229318898,739.2066075747663,676.6869782521405,896.4750262721892,773.1418269484624,884.3050904649104,705.5190128079603,790.437969806483,557.2310672647812,504.07818806446676,482.30183573440326,886.9160597969382,1031.4000843895806,1058.8453856070664,956.3989159600148,961.8111463065769,997.1045596113482,847.3124098471545,968.1440802287663,905.3339023874767,827.1318367211394,955.8023186801524,901.609824571888,948.6373543708947,966.3538710451917,772.2547726674123,844.1127134229316,667.7302764052645,706.0656972117238,498.8320484990659,486.8997031198421,811.6582759169281,780.3331906647109,829.020936357214,907.1444287981305,799.7229920018221,803.3655505111204,557.6542496363322,501.37978602488835,689.4809072133203,673.7013763643284,348.1025403864243,371.4748086757178,330.24554299314815,388.0722013233103,597.1561257859443,369.4649548657735,96.86605266233285,24.583112132237215,695.7982645670573,671.5696933552371,697.8255383819342,689.3864350469943,709.4626414369384,664.6611333627864,98.11922800102222,-0.049351287028993183,36.40616721885509,13.604767120109837,105.71879184539144,62.96781694506275,409.2199094262388,220.9022517905516,709.7664794921875,743.5388061523438,807.0531558862468,708.5032449070411,524.6450884201947,247.8765290620034,343.65668165864366,655.1512135472791
861.7658668707224,968.1218833465769,912.3196678842007,984.2206290803582,426.6688781915709,487.2822145063962,908.3911751489403,918.20871505088,651.4780163083758,587.9295484452952,826.4415465719331,806.6341487627653,866.9731156887362,670.863628622974,636.6154740176984,501.7413524220658,813.1341638791052,900.45788136986,913.3146418428969,918.5717983398438,352.56525749630396,341.67377421061195,954.1941705789056,990.7653420463441,643.7329134916135,697.1208525751973,513.3507908352173,392.2752409246233,871.6681906502201,849.1412420578945,897.5106330931656,931.0218318684896,906.4589460987156,896.7719540744357,788.858738111413,763.563819241811,798.3789386497195,784.8732661494503,459.2925251122298,545.2037272364013,712.2808757844518,632.1355535984039,744.901880567036,779.47567987668,831.9179490203645,833.9668191441318,739.3170432768577,674.8724027980458,895.4828487027075,772.6432778590586,883.1493666328519,705.7005389264411,789.5831152740616,553.078831167782,503.16289832664,479.17331071415043,885.7325025142741,1030.50262047378,1055.194724921274,959.1337865995869,959.3621436342986,993.8206479217628,845.8460419214465,968.5960490772263,906.2771256859622,827.7648416668254,955.5165717628565,901.9394827087997,943.5343487976463,962.5097214503842,764.9706735868712,841.6388250882509,669.8890427055709,707.6738168955882,500.29767155301744,485.56089202451034,810.024022086722,778.9136081553099,825.8303729118185,902.8744801112583,798.1356231280214,805.6826590859429,554.5277574793498,500.707209892869,689.4868273999723,673.6817697378306,343.63321758719053,372.00273284412896,327.8883302497367,386.3920946928258,596.6376049571207,378.9683414586385,107.54900308831215,26.882543340654223,691.9017354329427,667.4953230518406,699.9001840949059,687.2683533543375,706.3968076439,661.011098931646,100.64339098668853,-0.08329930262709105,40.51850748001859,15.030311156409264,109.23323816851982,65.96060176037493,427.60714400973586,235.1617453519036,708.8535489169034,741.5670987215909,802.2889248636745,703.5318713610685,529.8725094888724,255.33921395582064,357.53176443504566,661.6298175680226
865.8704093023343,972.1635752783882,912.2411141594015,985.1224767677337,427.08776876760083,486.04811449136054,909.7413700165549,919.5968073938247,649.7409106663296,584.7438300354559,827.7415075069521,805.4992896829333,869.4591829748138,668.9762088205167,637.7405206670809,500.96139785580834,814.8349484267393,900.0691828553463,917.3427010605618,921.8376372070312,352.20277881622314,340.4031894683838,954.3277145429779,989.573788173615,648.3056351227286,694.0019478640713,514.2868547386886,386.8685569498274,872.993814072519,849.4443076051311,896.0049941495961,928.9955015055339,909.6239474021783,897.5316710069444,791.2400467582371,766.8773311017508,801.1824840932165,788.2279706884314,462.8652092303549,546.3092320188601,706.795506711866,642.4927294254303,753.827557575135,784.7010882590055,838.562003605213,841.6077283446551,746.7284914757595,680.1416595273918,897.859947622976,776.6795897833413,889.3589287368794,708.7973896483301,798.5638714435389,562.0264688940609,505.0815386950017,484.66661717224434,891.6499578636813,1037.943935883266,1065.8974922295522,960.7735414844964,967.0625156037704,1002.5416282666154,848.5731100146559,968.9706082285186,912.7786729727219,831.2088149511845,962.427440047532,907.4106850657245,950.6081622664336,970.6544782944147,769.2550634435705,841.030161935775,669.7919104339879,708.2051259490835,499.94572470844656,488.63368633431446,808.1484470054752,777.5554391694761,829.7155735746343,904.8468649727957,800.4638804293227,804.5794879369314,558.5818659210205,500.3589436944326,693.5590280314374,675.5988529183586,344.58684998119577,370.8279629407807,330.52261166414246,389.48024032013745,595.3712447462746,369.9686163406571,95.99681490528639,23.809393438017764,703.2578308105469,677.9668811862751,704.7444020658731,691.3716224221622,710.8991860736721,665.0203096487703,98.019819682464,-0.04023755528722648,35.83458356335759,13.437289971532467,103.87871485929583,61.93078797921959,406.75308965974386,219.58944122931536,723.4215198863636,749.1537031693892,807.509479906735,712.1160637577877,523.3342252993116,247.99610626488402,343.4440369678266,658.2717895507812
864.2801929820668,969.1592353136853,914.8710054631182,985.0270642892298,429.7322877218557,489.6487617322377,912.6084016635697,917.9020126829756,656.582331112453,585.5671766820501,827.3688908921994,806.0010686435397,870.9273274390612,669.6034980838598,641.3867106153004,500.49141559263614,816.6773865324626,901.8362589737901,917.5432753288883,920.1936794433594,352.9480871094598,342.18531188964846,957.9056054978143,990.4150646149166,646.1781671434172,695.8475435382717,522.7598130874212,392.5321456326379,873.9043623726322,851.4091383945795,900.3429475719222,931.5394443766276,910.9676028752731,896.689938015408,793.1487689474354,764.1989606374717,803.3525767053277,788.8857615435564,466.42961405004775,549.2527167288105,708.4155253425973,643.9798049926758,749.3397885806977,783.529463546536,835.4131822121177,836.4987002199854,743.6515916768184,677.4282600748372,899.1147857666016,772.2471929645259,888.8211490472771,706.5362754875506,799.5133827791086,562.4195438366311,508.2431003280897,485.9491897066369,890.6120653267367,1034.6966744308118,1060.5825670543036,962.5771902274012,964.7013280719259,996.1249869787963,848.592638604867,967.9538257583179,915.1219211407562,828.2000034095705,959.0047080007831,904.1752668229528,947.3107223996691,966.1230475494216,770.7596527649475,838.9511644332135,671.0158473023581,709.6581656055533,500.63897793534875,489.1896661033093,810.3994090596184,779.0202259364464,831.1223560089761,907.3898075648716,803.9456431655592,805.7699210630597,562.8773536173503,500.7899694061279,697.6869994680262,674.2548000531772,352.5124437191907,373.0807520559979,333.9919027636449,390.60580280085713,590.9906265128449,376.901207654352,96.14055655727645,25.311747191380146,701.1315734863281,674.5589666851496,697.7346586585045,685.7553483781771,707.2198499140849,664.5600314525054,97.62187201019965,-0.09601007921759178,36.0097780331692,13.982647001989452,104.48514901245481,63.55494376871928,410.1406870815489,227.3791888180901,712.7156261097301,749.7600574840199,798.8019435805762,706.7727877459948,525.1500621870453,250.90161206220327,349.38703580336136,656.2952228414601
865.3090356964148,969.786845554005,913.3552432882375,985.2807750321955,429.4956378848054,489.6269427921091,912.1598801088455,920.4788195963109,657.1631164356154,586.521321679725,822.9410988722391,808.7783695938095,868.4279289441902,672.6708376108394,638.3656712479852,503.23159852513015,817.8434940717797,905.5188925606864,920.1863219747141,920.245452758789,354.2995850245158,345.5969447453817,957.6318116291261,987.7960142710853,649.4117783651302,695.308409020141,517.1817937608582,393.5983938641018,873.1244570174307,852.4968587993104,900.0988696641497,930.841704305013,910.2934060824119,898.4685038248698,794.2450001592222,765.7130829225104,802.7694234301865,792.144896754512,466.8891904609544,549.8178815663084,726.672483850698,645.9983911514282,753.7685476030622,784.864505587031,837.6507326872568,838.2351911388643,745.9791670397293,680.9121559066111,900.0313685755576,775.8074900397806,889.7249757497927,710.831212173765,796.2749962229365,570.4839931469338,507.86137718248114,486.29609605994335,890.9605615120728,1034.85147935428,1066.3960862128833,962.3491713240268,965.0276936937415,994.7331081686668,848.3660560397927,968.6475896639098,914.5880425296613,828.1147396250288,961.6095754505543,905.6508134568683,947.6331754064863,964.4133594154653,768.3945677473738,842.3817884101243,673.4499247839691,712.4994446065002,501.12207208163494,490.0070390298333,812.5768532674821,781.0023560583344,831.8284574468086,914.3495821271624,804.5281964006095,807.8761517593215,568.4174661890665,504.10237681706747,694.5424231913646,676.5885317332385,358.7657735151403,375.09983431475257,334.0052230867247,388.29447311610517,590.556958333948,370.6525234037638,88.46026874494015,23.920070455475173,700.6205891927083,678.3453462245101,698.3324447572231,688.6659202748294,711.3544487018925,665.9118558515255,95.43131348904909,-0.04516325452606435,32.73038476977623,12.727005587294947,102.12516520433658,61.153263607385355,400.18958237436084,219.07271586972124,716.1053466796875,749.6768277254971,801.2566692173081,710.8081769339645,520.6241291270536,244.6818550880018,338.34473138867,657.259660391972
867.1309120511502,972.801738876285,912.8669765440661,986.6875993341089,434.55264307066454,491.1638125906299,913.161045305361,920.6725641550917,658.1558745831859,590.6041563436634,823.9809112006087,805.6938999100337,868.7667940902055,669.7408325228131,639.6536082838899,502.88811078793356,814.7825490219333,902.8441026377124,919.1755520758501,921.2961174316406,348.78388765123157,346.3223802566528,956.0450529178328,987.4631615290566,652.3847373642847,694.8519098051302,519.8407530810952,391.60718923144873,872.794906976088,853.3776773335021,896.688080554872,926.9014624023438,912.057469384145,901.837785780165,798.0289736540421,767.6303968314664,805.764685945889,791.7809007432726,466.9582939318248,557.0852476220006,721.9891527519851,646.8332099914551,761.7868727003298,791.8547911440592,844.6496828638411,844.7201544555307,751.5031626125998,684.9551455541091,907.4974993674986,786.4608982119742,899.2244457848744,722.3062900969201,809.4280683577329,578.7321577259139,510.7276954320565,493.75608491195203,894.3638308672367,1039.9225519156014,1070.2467837900117,963.8210992526829,971.813774944803,999.850644194964,850.1895321953916,970.4417478616346,919.9501096810867,831.8155276978663,964.4633565881279,908.3039133552053,952.3283343466984,969.4228869696349,770.1405076379175,842.1037605160573,673.0670307404405,713.7338639957048,504.4311554397362,491.78770575724855,817.9016463482966,785.2372198461003,837.1748397502494,917.0267802647182,807.1111024001549,810.2147456611717,564.8954619725545,503.72001258214317,696.4981710525336,679.6223484330934,363.45450892167935,378.06050060285986,335.87840131980676,394.28928034297047,594.4260797136303,360.3610515729586,76.62035845878052,20.829292978806574,708.4385518391927,686.1128395209878,706.7667833715677,698.4581168334408,717.7745677375308,674.22219800133,94.60645556864084,0.004125493792472062,28.64849966449998,10.958770314422301,98.65946134894874,58.55770684632483,388.6355759832594,204.47109163508696,719.758827903054,755.1581287730824,814.0196762597001,719.0194424013548,522.5226788333817,239.99004825165397,324.208567200285,662.1153501313308
867.2348875295736,972.3981510527207,915.2092171577154,986.626231098555,431.3685039342836,490.5967457677637,912.8847467628993,920.9194041183147,660.3338271355142,590.2076265584739,828.5620816742502,807.5435762882232,869.7140800777063,671.2972577871219,639.197262448458,500.4455172690209,813.5463538147262,903.0517413370633,920.2199671953574,920.2222751464843,350.9951678911845,344.3556938171387,955.1420888914519,988.4395810687353,645.0725150582678,697.018171113926,518.216280731707,395.4950313038296,872.9806355170484,851.0213381920332,899.4350390496842,929.6998168945313,911.2576237048133,900.3266356065539,799.1332776940387,771.4115931499435,801.3197049716496,788.4359760990849,462.14923327735494,549.5961789191886,719.4243249111488,641.5971510410309,750.3367859730645,780.5519350964876,836.7183545651874,836.9342137777318,744.5003999560332,677.1591217474087,900.779142982729,777.2023941498697,890.8811307616215,709.6104544086955,801.6809979768077,563.9020942005457,508.21813283000495,490.6402455546852,893.5546572164011,1036.0269695012657,1065.9311909685896,956.7091870746291,967.8205520231827,994.6152301899438,851.426477834719,969.4145510952169,914.1054316278714,825.8978469011396,965.5199678956793,906.8159047260735,952.2004936849995,968.2387654847203,772.1955768482105,845.4787847800333,673.5925183777415,715.9425042222589,503.5782568005548,496.2501065966109,821.0195059854476,789.519665983208,830.1100308032746,908.8513739449637,803.9035883644075,807.9423657912575,560.8122571309408,501.93901790618895,693.6216488283636,673.3969783581447,365.74272697532876,376.37488617707675,335.02140718450147,392.1450349298507,591.0106288921246,359.87252324481807,76.62950446525657,21.02199994264755,703.525575764974,672.6767438468287,702.3200911432505,695.4663886160872,714.6552734375,671.3105603616804,94.54711287290985,0.008390266710409412,28.90206598042343,11.136666626940755,99.11109991135932,58.47457705871753,387.2071412404378,207.67475823795095,714.7945279208096,751.4993374911221,808.5860165589608,708.7782306912579,518.7706551364823,238.6562661162594,324.7787729718468,654.2469356142242
863.8949153679462,967.141224941822,914.572093578071,985.5094525462603,432.00919372203737,492.3930823600718,913.2478971229286,918.5594220620013,660.2484489363067,592.2485244088485,826.2754519780477,807.1710513048702,867.7466100885774,670.053681041065,641.2926742259543,502.9650015156559,815.5835805594638,901.4249538028755,918.9903142351757,920.0076197509766,356.6519689030117,347.5835801442464,956.9359212547841,989.5699237036326,646.4541962608617,696.2546101978847,521.5331736190543,397.079729742474,873.8582695295225,850.6772467719184,898.9403186707984,930.1339998372396,911.8928852404579,900.1997701009115,799.7862095045007,771.1751311888178,801.7608649300058,786.621671323423,464.50930423395977,551.2598568634147,708.4151251120645,642.937497138977,751.1577163092674,782.024569127232,836.4235651864979,834.4305250937479,745.0877828125126,679.9618668967298,904.9182823919481,779.6742369967822,895.6284095654923,714.1104255903895,801.6529810610374,570.0795941446341,506.7625648988077,490.8423519345235,888.5504517069521,1031.3887855090477,1064.867793830888,962.2600672893632,965.6811969259511,997.5737111059208,850.6683289880782,969.1758055981295,918.3545900031702,828.164665922022,964.1439200240575,908.4757416662818,944.5164919324741,963.0795719715771,768.9571639396049,841.4118553536837,672.0386069061559,712.1417459595255,503.90358081762344,492.8108051998515,818.8012057445088,787.5242142420092,836.5750212973737,906.2543291364398,802.6804453385744,806.1726064682007,558.844846611023,500.3897146431605,695.225676411364,675.9278785292579,359.48601452883554,373.77764304019917,334.11671377470094,392.7390140660187,596.9372563693033,373.576171361953,89.48337390592873,24.156565320648074,703.905116780599,679.3214338916844,701.145819157362,691.2951125062968,713.648298346056,671.2553624663784,95.97431152924209,-0.039399506482813096,32.98104281134359,12.859643825548742,103.40608344724959,61.873661047323374,402.44880628585815,221.6956942887867,719.7278164950284,746.0134255149147,809.4381826515965,716.0645657310002,534.5627741533167,246.88694975250647,342.36598347172594,664.8737771922144
864.0841700386128,967.1256918895124,914.3710096270803,984.1664753340154,431.27073257801146,490.70498006844093,913.8267582781988,920.2022829908005,657.9852995191302,590.1935757721056,825.8050967619671,809.6305032259888,869.4673386536168,671.8759322533241,640.6798450318142,502.809272569699,817.8411881144012,901.6035493742984,920.0707079423341,918.4159427490234,353.0026682747735,350.8901035308838,959.285685579154,990.1027661883642,648.6697108383578,696.7815071658774,520.4181755866794,394.8793031639523,874.0843656288004,851.4875819830247,903.9293613383776,933.9112139892578,917.1541017435364,904.5587019856771,808.9107039741848,777.574513263013,803.3605740584991,788.9755958274559,465.6947056863989,550.930113781704,714.169237480789,645.0339298248291,749.1821921496164,778.8930873057288,832.9486622929905,833.4876034775673,743.1850511416916,676.6532405164692,900.2317806490006,776.4599534003966,894.575982940243,713.1053436807464,803.8958402214563,566.6563944162107,508.87528857625824,489.04192418864824,888.2122784016036,1029.9261793229316,1063.7704760261024,957.1589735408661,968.2327480681046,999.4120081265768,850.167359051719,970.285728140623,914.4446436184555,830.5314918784208,965.4227649945891,911.1573767735,944.1826222413664,964.3392812823722,769.9113936209463,841.6124412661693,670.9329439915648,708.892230145343,501.19428463258606,490.41619851555623,820.2306596099353,787.1443020515917,828.3255173703458,902.8257566179548,801.8757200131471,803.8626072578008,564.1405635325114,499.79098189671834,695.3401980900029,676.1430233562717,358.64408582799575,372.61961238392854,334.73445953056216,390.06086036218363,593.3171261461968,368.9599732083082,86.3991656955849,23.52050665803104,698.5022827148438,682.1059301344014,701.5259406119585,692.8310299696426,713.1387447133926,668.4725083348803,95.85930693165956,-0.047325684337152375,32.401168505462365,12.584298616468317,102.25540611547775,60.992977468377,396.5595854123433,216.36770658983903,705.7023703835227,749.2992731267756,808.0312286991401,712.5093810648858,523.420890939002,244.60750989099606,336.52232216343737,660.4460133519666
862.8747051288556,965.0559234029115,916.7890192455967,986.9512732760364,433.4531734466553,494.570728123188,916.154141711457,922.5358109137353,663.369998309077,594.9518827649414,824.8334473652568,807.7376158755923,868.9248676594493,672.6973223063627,642.4830977679485,503.6160902740346,816.842071243937,901.2526376793946,918.5324503580729,917.4416481933594,354.5067367553711,355.8367130279541,961.1819783495619,993.5852574545239,652.2006025863568,702.1112108649788,523.658507668511,399.5154466761483,871.1532119175173,849.837171615789,904.2882490183111,933.0615270996094,916.2362897194038,902.5600103081597,808.2325471297554,778.6052764524896,806.8829660289613,791.7753873754431,466.26992783376147,552.6809471108941,727.8588602034772,647.652961730957,748.4243022719073,777.6642685659689,834.4673200062058,830.301744211487,741.62590294436,675.0052500302559,899.177960020496,774.8370180381708,894.852993939374,712.1520448177154,800.9698294053698,566.8223815431782,507.45906563804584,488.66879407707876,885.823845285706,1026.2398191127513,1062.4921248005483,958.7350375905046,967.4669515327786,999.4817147008038,847.1137083794364,967.2396993911806,922.7062691076478,832.8227052222504,966.7822793553385,912.04890019572,944.0166062276074,960.215930917645,772.0469981700451,843.4691915043065,667.7084477975828,707.718181131206,501.92999488719994,490.74263516278336,819.2328908951556,784.4797966035076,831.1128124480551,907.7446637834821,802.6148597161889,802.9562818384961,564.5658624331156,500.01156255535784,698.9500507522785,677.3360991632426,364.0697491982404,373.32521764293904,335.59148945907754,391.2004897466575,597.4175660452332,369.39071486334007,86.95773411889698,23.001699032854116,706.2278971354167,681.7508410437632,701.5111659839749,691.2371741247393,715.200935499662,672.176459296117,96.2450654016123,-0.007366723739714534,31.978599052817636,12.343842569903167,102.6099178167369,60.46535687716377,399.02211994594995,216.191190967665,707.0905151367188,751.701444868608,806.4883555981937,714.2518026617508,530.7507394154867,243.70326803310923,338.41180697354406,667.8440341291756
859.085673398645,958.1543983762914,914.4426560373568,983.5544044525025,431.9833860885265,489.67145679678237,913.0126957417754,918.9739294595921,660.3879335364517,589.6917186721427,820.2843194337395,802.8947231368413,866.0223549373359,668.6327574600575,636.7785624746066,501.6411308449492,805.2511388408064,894.8660146770287,913.9469245530636,913.7059027099609,353.13834200965033,352.98514862060546,957.0113189884422,988.6749894883898,653.4126062742703,696.9379698679998,519.3630452024344,394.0241408083174,865.7493577633264,840.4588908631125,897.0058009029999,927.9162148030599,910.0187870607538,895.1098933919271,802.680224609375,777.1635201695453,804.2113542598775,790.5438058641222,462.3515722219433,548.4802045572117,730.7087637479189,644.4659357070923,747.8767388155536,777.5485064248903,833.8027757695127,829.6270798409892,739.3975189707496,674.3725640798782,898.1528036056027,772.8225656884157,892.6417509401781,708.2544760361643,796.6106503063253,562.7386554502973,504.52233195431916,483.1506305244277,880.546575656987,1022.2270788605566,1059.8501239224593,958.8599103852464,964.8769556990914,993.0757276448617,840.0846773200079,960.6311134212792,922.5878040826143,832.6710892007025,965.549847840727,909.8278889238254,937.2840741394432,955.2523517081751,768.9211744016355,839.4188540099098,667.9867202338822,705.9937524836816,499.55934165180594,489.2634219317369,815.7304397332864,782.2656224674209,822.3572205888464,906.0561000279018,796.8635203628248,802.2257445945265,561.8420933532715,498.6800136399269,696.3622529689436,675.542521961281,354.10875077808606,373.85644703393376,332.5853173211217,388.78548230033664,598.6530282222152,366.98680407906573,85.71108639474821,22.608033765039934,706.4261739095052,680.8233083951271,700.6422878950834,691.8050520538744,714.5953911157661,671.9344198604667,95.88806169643067,-0.014402562766163437,31.49111076645302,12.19717215010821,102.00971972283806,60.483617760721714,396.87572113672894,212.34432134821134,705.786543412642,750.7958096590909,807.6514435838533,712.7683626971667,524.8727956566156,243.15740630030632,335.1671130440452,660.984739106277
858.8158754170855,957.3415764919436,914.1564530725286,985.776398434582,431.89472528502,488.4749761766621,913.1008411612352,919.4137304817363,658.6992691779624,589.1946999275709,822.0008346976304,801.3076181266043,866.475374512975,667.343423684599,635.924499440549,496.98392031033046,802.4194889882165,888.318142925782,914.9837244260357,914.5312941894531,353.8902228673299,353.7923346201579,955.6562695193601,988.4702568659707,646.4246629045896,694.1289779851725,516.890379299775,393.0763363838196,864.5974195948187,832.3258095823688,891.7625569020669,924.9511242675782,906.0209521277476,893.8741796875,796.0405085024627,771.2144253282662,800.4670217908952,786.1842131438078,462.66264454807555,545.6436966885342,713.1497887783363,639.2815527915955,740.5102907352978,770.8731217949311,828.3164059471619,827.2342874906217,736.0241843727995,670.3838985466457,896.9262447726342,768.6049308832789,887.1846467390023,704.2250171340927,792.5763276104435,559.2818209189994,500.4137517114304,480.9507308478441,882.3839128208056,1021.5250713027738,1055.6336527715234,954.7355872672226,962.590129155698,992.5874449350301,840.2004476658066,959.752017080048,922.6281879481985,830.4640860690396,958.9797961760103,904.8075994881535,939.8673826569964,958.101214835657,772.4992542095013,841.2022705703486,667.5668962811111,705.5407514035444,496.90806645932406,488.31767251457967,817.149209194496,782.751638831934,824.8873018305352,892.4167425973075,794.0065982862451,797.3394149680164,554.3255863952637,496.16862445195517,694.416823613171,672.5794297931088,356.54561442206887,371.2292844310995,332.16082636639476,387.6956402911617,598.3907683630346,368.52661355013646,85.23258289754611,23.17637082424682,700.13232421875,673.727194058693,698.4812935292721,688.420711051285,712.2036335486492,669.7995014377211,96.42587123961972,-0.028160160673023373,31.875841742419126,12.306475321009515,101.98490626176475,60.884765502125504,397.6228773328993,216.19875679296607,712.1295554421165,743.2016290838068,808.8934434724334,712.3512658227849,532.6992670414495,244.6697445971924,335.6473794416948,654.4267536031789
859.3116986883855,960.1047816848514,915.0804131833324,982.9668929263415,428.29455353492915,491.2095149225123,909.6353312278546,916.2432521154525,659.5463465087267,589.9808655977249,820.9423255145065,799.9058450997821,862.4677933288888,665.5120863875879,634.8094079340275,496.9836352267869,807.2851588533953,891.7108955510035,912.9264681878218,913.2152401123047,354.19097169240314,347.6065138498942,953.5526293799991,988.9321530659994,643.9920193936812,698.6566136223929,522.8076701295969,399.79308438301086,864.4991185890054,839.774055386767,895.4132315568098,925.3968013509115,905.018261796337,893.0934658474392,796.6183673361073,767.4487609863281,799.5382440373761,786.7360164501049,461.81230721729145,547.7383202988557,708.9757540343238,640.4205498695374,735.3979478847413,766.4172519665759,820.3543485818135,821.4226631253783,729.6547459314677,665.1086460202672,889.7585532157652,765.7907577525835,881.5545732069813,699.8038339581439,788.5732969275505,550.6262576907288,498.4171132550146,479.32302595667676,882.9739117658935,1022.2998430079056,1050.1186717056044,946.8632019894656,957.029371762483,986.947943449792,837.7194481479283,956.391646440137,909.2262718997785,821.5344404940149,951.366133194827,896.5248860026268,942.4982474746218,959.1289167035351,766.9841489705954,838.5925606274214,662.182592969422,704.5271827070228,495.629164101421,486.6952011753136,812.0583893822842,780.8456061272205,822.0945889087434,898.7466103690011,794.6292243314429,794.0931955674736,556.7387925465902,496.1057804721594,691.7802310246203,668.812780596705,360.985709585863,370.36777352426026,332.043107053265,386.26522393760865,593.683382787405,365.763212548097,83.39705468576264,22.44798801073306,700.5270345052083,678.9514651540983,699.7782939076424,687.8829338798696,709.3524252233918,663.6372916774237,94.96472888594298,-0.016453011762523263,30.49187561582481,12.073850202092036,99.77052901974787,59.30304064391361,387.75423357221814,205.3294631172629,706.5970569957386,741.3960360440341,804.6511662630427,706.5103313590906,523.7859300912595,241.4476517114723,329.62542727499294,655.7405669113685
855.671998079158,953.2104889720378,910.7139045089377,980.2238793240125,426.0310510768447,485.48078907706906,907.4005306988624,911.91851207652,653.25601998154,580.4921853737753,819.6821317711497,797.2097447440738,860.6451981349834,663.9740241445028,629.9908952096208,495.9396212359072,807.867012060084,892.8684421805448,908.3032694264847,910.2509548339843,352.91019588046606,348.60875244140624,950.7090989535333,985.0316973489429,646.3951205108802,693.3971144812448,517.3846851159196,392.71140792634753,862.9132749449532,838.3289922266831,895.9734389738148,923.5778120930989,902.2527490389549,889.09633070204,788.6130941639776,760.8118635430393,797.2667553603386,785.453493612784,459.0858031511307,544.6614783712095,717.4891722632236,636.087025642395,733.4772866756197,768.7827525206652,822.8342911240783,821.2118504925778,730.7654205550832,667.2020464753145,890.4557042767925,765.1403088024285,881.6666884905583,700.2062294689463,782.9181700565355,552.7829955979889,495.94849971767854,476.8459043627675,877.7223192363292,1018.2870069156504,1044.2651052289596,946.2023150068734,954.0180699356742,983.414023863652,836.9216107709692,956.7518412193643,910.7878002337555,822.3070609760531,948.7044454767463,894.6899837870591,936.7668320965615,952.0105152446262,762.8296084017367,832.5864355368692,660.8158091273876,701.6011999881629,495.7720969379812,486.4844512939453,810.0345161312916,777.2001023668471,827.2489649995845,905.1902389526367,794.5322503860883,795.4600731760099,559.7203419240316,497.2369649998347,690.3417675732516,667.7236915436225,355.61018649777947,370.4336998109783,328.8561366113524,383.7641634435279,592.2717221694,365.4975922532876,87.48760406786784,23.23137133804635,700.3740254720052,674.2578280174126,692.5109611898661,684.3556723616242,706.1731714923267,661.6438277624638,95.59789090190124,-0.021907352045592333,31.994974757630505,12.44665247663315,100.878678113818,60.02919462435348,396.66379589504663,212.92382285754908,704.091835715554,739.5107577237216,799.6440562817875,709.7476663710196,521.8617013482486,243.02699341919077,335.3271542751428,651.1572812836746
853.2720243775999,949.273416186824,910.9913385869773,978.9201081416521,425.57685455499694,486.8732864611915,905.1589241645728,909.4043485730759,655.4544348424795,582.2840557723749,815.8957213085841,794.03327464906,856.561419374129,660.6518464455238,630.8170779593548,495.5979281714181,806.7193427786443,893.0783518540899,905.5625541365466,910.6254532470704,352.79045634799536,348.02431360880536,948.4181621546009,983.5265153551859,644.6758071340191,694.4107116342901,521.1534473566719,395.0583466556337,861.1749669920723,838.1769562144339,891.3133576961327,920.9192388916016,897.207905268265,885.0603308105469,786.2541373874831,759.6585222726845,796.712862527318,783.622829719826,459.7015264119421,544.075801220726,719.0465227971312,636.2390470504761,732.3971544560932,768.4375178802635,821.208720065093,820.696915386713,729.425805978046,664.9852425393525,889.2637269666118,760.7612905809956,877.7448653892508,697.7298243404094,781.2483730914881,549.3385610860937,495.46572303348495,474.33447764470026,875.2771940367114,1014.8395773536629,1039.4188268673859,938.5827170178769,947.5450025475543,973.0405385779717,833.225837054238,951.9264806896571,907.1840838531949,819.2794120280934,945.6611524474755,890.434189606774,936.1376158112932,951.5213815257035,760.1212726283718,828.9087651987545,658.6129524860906,701.6852965251708,493.5164228798687,485.9740882121341,807.8755020391745,777.068154742609,820.7369761365525,901.7585242135184,793.4103515595768,794.4670929171103,557.6755360158285,499.04628976816934,688.7740530045547,666.4692987956439,354.9205528203179,370.23143577231394,328.2539682692538,381.29286048182144,591.8904510127263,371.18367957725036,95.81807266311996,24.915569633044964,696.3661397298177,671.6629167977026,693.1385080516338,684.4324789608227,701.0017350757395,657.3047264444216,97.44034968988088,-0.04471247379012682,35.19767403923226,13.47340292564768,104.24322951381134,62.38325909537674,406.3399787743886,219.75539763885385,693.7479858398438,738.0126087535511,800.894946821584,703.7992341246786,522.2445271809896,248.20305576240807,343.56020244685084,656.3196095433728
855.4739010753428,952.1279205685914,910.5632296005413,978.8320768439912,422.8120990753174,484.51448166874303,904.1826069499323,908.4963943091859,650.8111135910968,576.4409480231707,815.2918990414317,791.5261372043973,856.5588312950592,660.0331335810997,628.8012902226615,493.9454422854904,797.180003450945,886.261476725835,905.2783650949997,910.9197233886719,352.1684928470188,345.96249338785805,947.7082019602237,983.1455718146431,639.5584614539022,691.1355532132662,518.8135343520022,393.86105240715875,858.7537916651312,832.5554188669464,889.3133551329765,920.3231392415364,898.3316237886073,887.5252799479167,782.460729184358,758.539405179311,796.5540046859943,783.3404121398926,458.41293266309157,543.4775131168437,718.7615231373271,639.5554208755493,730.0535872323172,767.9346505838548,817.2243023659194,820.4203253963537,728.9356220044381,664.2155746396605,886.3442910594325,761.1921435605046,874.5934127988043,697.4792941151491,780.6815900930909,548.476883542304,495.170511936845,475.1076503104352,877.7261319949097,1017.3477665826126,1039.4956236112196,932.3388927899874,949.5076375015922,976.4105208529623,831.3283921221346,950.9302424560359,901.6978859972598,815.6743789088819,941.6273489791356,887.691161133152,938.277208073124,955.2673134145157,761.7757045299084,829.3437266115283,659.165303641503,701.1824140012006,492.6672190790591,485.48651509889413,810.0004840288005,779.0500855505219,818.7901871052194,898.4895226614816,792.2312993747521,794.0931463610401,556.7933325513204,499.14812686681745,686.5944475585669,665.3013246913015,354.09417175685655,371.59589789834695,327.12385394920904,380.54189312585913,590.8425907165773,365.43953486700855,93.67694213956214,23.991216519911223,697.0320861816406,675.5193440065545,695.4158835932612,688.8190103936519,699.9833638819727,656.1275516920393,97.10599984101167,-0.03223752459442174,34.70389048649689,13.110928252041191,103.05991807133313,62.05445234592183,404.1776629553901,215.61878168845877,696.5409934303977,739.0110007546165,804.0479312359087,702.0485009302067,517.3450038760316,246.87788848395934,340.7881692828554,658.3289942248114
856.5425544207324,953.6842191869563,912.0849220375669,980.8429434118992,423.4001119391863,486.16126755465353,906.3531864097966,910.2947389643243,652.759736002708,577.9817708230531,818.9423586449972,795.3206329504649,859.1589264910585,662.3291210153325,628.9514937282202,492.2619854254699,801.472084298518,886.7396404988742,906.7852641723165,911.6592049560547,353.37182082070245,344.20804595947266,950.0646647553767,986.2275460863871,638.8924732108391,692.8392283366277,520.0994740691633,394.71021829711066,861.7622065993975,831.8646720980421,891.779274767778,922.6191715494791,899.3697052001953,888.1881042480469,787.2837046747622,761.0454546457314,794.799445198496,780.9872545312952,457.8955688625574,541.3460442903782,709.0948391273373,634.961033821106,727.3235114339798,764.7086493505686,818.4808817720015,819.6948456457484,724.671626388534,662.4865872268076,886.4682167176278,760.9667835739001,874.3047616018445,695.3129436533216,780.9509688236253,546.0636787741792,495.01462168549557,472.664576837162,878.1580846980785,1017.9607122206578,1040.4776052388465,936.0587285347772,951.4010670802904,979.9964028384693,834.7924258264197,953.8842065442246,904.6984624150973,819.3917995256971,944.2093369387509,889.819011343371,941.7461048296303,955.9839126839822,764.7040809768814,832.7616897958223,659.9067650191281,704.005119687035,494.15231853982675,485.5134990853323,811.3410599505315,780.5858215078773,818.6252830992354,895.8847383771624,790.1659131397232,792.649152386913,553.6029851531982,496.1554491289457,686.60107022088,663.3606505724553,353.7988200804767,369.6926091603854,328.28694229448837,379.508884141215,589.8194093088949,366.22883872369925,94.72077601628877,24.18780442582297,692.9483520507813,668.6675497798597,695.1742579489946,688.0077422129083,700.3811744126958,654.8640824576753,96.92029354783804,-0.029950723403857814,34.85754593521189,13.333160930053834,103.44318722897557,62.263797644946365,402.35295446713764,216.9193560831687,702.8187033913352,735.3427001953125,806.7571974376704,702.4694812629797,517.8109948027368,247.10271955686704,341.3482928131566,657.6779637830011
858.2542826754988,956.2367235578672,912.1948529763964,982.5419707279282,423.35572469844374,486.40625321013584,908.4280167991852,913.2230392034003,655.0629327345868,580.0079505638998,821.2205880388497,795.0591780733495,860.5599678785478,662.0884930923401,630.6953851880126,493.8545541480257,803.5732866621695,887.5918667688718,907.8706347001466,911.9984755859375,353.9335454305013,342.18910535176593,950.9216851403703,987.6098872593471,642.2055609338571,695.8374440539014,520.6906689807196,394.9970576895608,863.843117623959,835.29491855951,892.6014479589587,923.3457358805339,901.7098058926857,890.0717704264323,789.9291413680367,762.5287251300123,794.0627202105417,780.7663827119051,455.53431821720943,543.1553115273236,699.6690203557249,630.1999096870422,730.7949845904395,765.2090197920235,822.7573822826396,822.6477514958522,726.6123376227607,663.6491411096462,889.0069716668899,763.3156167922482,876.5937918512058,699.1058268393549,781.734478048145,550.2117878689486,495.2614412121409,474.7871217353059,880.0981767033957,1019.782111428885,1046.3113482250765,941.9184653396678,956.665714522652,983.7647338731389,835.46084727716,955.6224464212426,907.674394066654,823.1672095587087,949.8603598005316,893.7990993239783,941.3795737491292,959.5227755551839,765.4754401885712,834.9646020482799,663.2501593773518,706.1553243001302,495.49800751174706,488.5617557579363,813.3155977843238,784.2906175035658,826.0988483834774,898.1968122209821,792.0341109791021,794.7470526142015,551.4606837081909,496.03178335110346,687.4569679793807,665.8998209300318,352.05996292338654,370.40478200946905,329.0333568044007,381.35960311216166,591.680231015832,366.3158522696048,94.51237070118165,24.162434152052484,696.0433675130208,666.9497039277675,697.5319832861423,687.9940238710982,701.7992526144169,655.6455945292429,96.87045883851151,-0.030011545549388285,34.93160370042485,13.374653902413515,103.48689386727216,62.36759808340601,403.62450840738086,215.96872540431863,712.914023659446,738.753115012429,806.469176222014,704.8174828638005,519.0680151546703,247.42097161422697,339.38211381796634,656.2671066810345
859.099285175274,957.9719794422689,914.406857856814,982.6167163620908,425.8317978260129,489.0017529598304,910.3493505609615,914.0944135982432,656.2490418687158,586.7510602630553,820.9586727754856,797.7720701020861,861.6483198790771,663.5884760478248,633.5367250822077,496.5778265718195,806.7093217316396,889.9398033801107,909.6110014349108,912.9069294433593,354.46023342344495,343.4723752339681,953.9279297832803,990.3481948489234,644.2987340058331,696.53947359651,523.6713092024155,397.7923578421275,864.2794547890717,837.2005684558256,895.1318391414452,925.2129091389974,904.4409968489307,890.767655436198,793.8986221976902,765.2930922910391,794.9096515672322,781.8096744396069,456.90573404516493,543.7947693442584,699.3098914975026,633.0795903205872,732.2106992819953,769.3405275390046,824.7034059577002,825.0625022029319,727.5867416306961,664.6789330206551,889.4300206584315,764.6041839297566,877.7082460150602,700.2255188231497,780.7635537733412,547.0898411414203,496.0917859187558,475.6398122064806,881.8901231646669,1022.2878499978257,1047.8763965581973,942.6201799880944,958.280751846977,984.7030580267551,838.7902861428917,957.7558953359785,911.6505614323403,824.7765273444104,954.1764396538895,895.6057172411838,943.7416959142988,960.72309024031,764.4243676125466,836.9349632888544,660.0034472964226,703.8409244157535,493.224682794101,486.072475594534,810.8483634073226,781.5499092830167,824.8704574260306,894.5071650913784,793.6331818533126,795.318799249375,553.3350267537435,496.2343032137553,688.9942020050754,667.844746893967,350.67362027115684,369.83408564867096,328.4143103249371,382.8039853967842,594.501456336376,370.3650734974537,95.89760570429455,24.597680798870414,695.9783793131511,672.9671118784759,698.9494422823191,689.0281351357024,704.9497500897667,658.7603173477434,97.67650599831617,-0.04394989408276699,35.1508511416321,13.42735431448257,103.92417411319911,62.83118412926573,407.0150451660156,219.9330199194305,710.2990223277699,735.6793734463779,807.0609837474439,707.1612510198279,523.0144679873597,249.46644250970138,343.2383693420526,661.0625505118535
859.504307392215,958.5465658096352,913.596886715339,982.767682444052,426.1629331189533,490.1736793858664,910.8525558432655,915.3754654092992,658.0126130434932,587.1128401209096,821.1489301823019,797.9903110231672,862.3418257698596,664.4496703369897,633.3961144300242,496.2816114044441,806.1795934885034,888.8892708078175,910.2910600567229,914.1398039550782,355.4391978581746,343.6997287750244,954.2620177110724,989.2981724814763,647.750339288362,696.0285303199685,524.2455032306482,398.3948921362559,863.4792559641712,837.2299999095776,894.8996192751907,925.5509025065104,906.5831051842641,891.7051943630643,792.2936074961787,765.3895885053887,796.8217746549766,783.9624792028357,460.0144120837961,545.3519513133759,698.8904438956839,635.588499546051,736.1692709884946,771.8528076461141,828.0771933778042,828.3088775545533,729.986143283115,666.3715971158101,890.1916045404249,765.6974346155296,880.460464241882,701.3503972299142,787.1871448054976,550.7808601996478,498.3408071423085,477.16494538858166,883.7577428911759,1022.8928843477258,1050.2767467622366,942.672292080762,959.3800589918054,984.9117547501253,839.2459765559672,957.2193347789623,913.8829376448447,824.944611805662,954.9068880616949,897.6380813025633,944.4582208524084,962.8023155591765,767.9974292033428,836.8050970483998,661.343604901515,702.5461662259453,493.6665525574615,486.3320116929605,811.8743176069416,780.9405482122017,825.4941860767121,895.8187898908343,795.0624868458715,795.2015766399342,555.4134733200074,498.25801824013394,691.0861280493799,670.6853525228763,350.7085974104264,369.5657213534689,330.602572438928,384.60103180858886,594.302354526034,370.2874233629865,93.84046164980693,23.985317830468567,702.0691955566406,671.9719553801973,699.9317994862795,689.80760593328,704.8393025094923,661.0021944815488,97.32913100160658,-0.020533618344752876,34.33485194607062,13.226894978079274,102.17821600571521,61.726290584116256,401.9949493408203,216.0369550112416,707.9578912908381,742.0079922762784,805.1485386790845,708.4747127098374,523.0589564641317,247.67120059540397,339.76830486817795,655.0356508452317
859.1141572161858,959.9471260358514,914.8108269762907,981.8649440324639,426.5783445934917,490.8869870347636,910.5078066202279,914.5058160660114,657.2691788186833,586.6249169912495,821.7876069473057,798.4687077403069,862.3293434522573,665.254184020193,632.7753706405412,496.5024325868332,808.1774284760534,892.0013758637184,911.3587812518708,914.4644644775391,352.7689199447632,344.40360666910806,954.901945287531,988.9339511810787,649.0059202403922,698.6304951552506,523.1660259099297,398.2090718083912,864.3235652131855,837.9890867633584,897.0620926183666,925.0000695800782,907.2795139894647,891.8092770724826,794.5680833899456,765.4490135836314,798.9270110949545,785.4729971709074,460.5300676141466,547.1074001083659,705.1964211385758,639.1308069229126,736.5675862327455,771.2549594137906,828.629955218363,827.0872224116185,729.746245711303,667.1198819553726,892.9690832076534,767.4851062528548,880.453606486474,701.7870106581352,784.4322058160209,552.3742550775116,497.3270336658451,478.67022226680126,883.3798122510461,1024.1259754482244,1050.3927457409852,944.9074025610374,958.3512643963358,985.0609914353751,840.112318056439,957.9680238339146,914.120162508381,823.6551545916909,955.0653056326877,895.8340139375774,944.1456407680633,961.5823256350354,766.3267919866888,837.1188920443175,661.2042019345345,702.9600737600615,493.07784238068956,484.512582913251,812.5616912841797,780.9177438569761,828.7987800760473,901.1717344011579,796.4420859530511,796.6759472169929,557.0736823654174,498.86375441233315,690.7096280048597,668.5719671928645,355.84857547423417,370.61467332530106,329.96898556500673,384.72020988754207,596.3543253965005,371.97893879612286,95.92910138874194,24.247139054307457,697.654774983724,673.8142989853682,696.1599447280169,685.604726247658,706.7182126809622,661.1600159176404,97.21793906697023,-0.030904306564480066,34.72730178204313,13.475625368457571,103.50599605990551,61.88915314789741,404.78596398565503,215.26917005900074,712.4985129616477,738.7943459250711,802.2878958682886,707.1277888817124,526.5324594086292,246.7469605238814,340.3544396342653,657.2266551050647
861.3598102447978,961.8060628531707,915.4432185169633,982.7337473227209,427.0518096480259,489.7345020286739,911.8923733216112,914.7018966609874,656.5155136147324,584.5192843616986,821.0267694616706,797.7786382584345,863.8699337679567,665.1187265720445,634.2462917014734,497.0253175369859,810.9069698387977,895.6138342670428,913.761819189079,915.0104641113281,350.3220583597819,347.18414942423504,955.9748674588114,988.5409855312771,650.3053534143259,696.801352249397,522.993310201234,395.8014513850212,865.228632800984,840.2639723036025,900.873635439735,926.8938846842448,910.314462176824,894.1749747721354,800.2899525518003,768.0332115816783,799.1899942406474,787.8505857962149,461.3232092516763,548.6965476403968,707.6849700427446,638.5719847679138,741.8213073866708,776.3189180925559,834.4140329287909,832.6608570165802,735.398250899039,671.0261017345413,895.1372562654557,770.5950168878102,883.672871064342,704.6783495433854,789.1471214807622,556.212376800238,499.45669219845354,479.75106447379056,886.6446090648104,1028.5617585264283,1054.1528324596825,945.816100273526,961.1170691183339,986.4264620091151,842.1094310655507,959.1443842095113,912.8686182961535,823.8761135941174,958.5916825755259,899.4732605320024,948.1454246180832,964.2267725823334,767.7177408579233,837.7667983633573,662.6378159829236,704.1955020788944,494.4920344698256,488.4648446096501,811.5337979676293,779.2434426462007,828.0565756939827,906.4613483973911,798.7032968367654,797.9100519978539,560.3274345143636,498.68028967445093,691.3468789756035,669.8605436223638,354.4868358415716,371.9744329968945,330.8014685747524,385.5446485646149,595.561115669678,370.14249077777066,94.5968388048932,23.83552350193673,695.2712565104167,673.0286684197895,697.8186524659395,686.5317658299234,704.4649314200908,660.5212790808642,97.0226609528947,-0.02864549684303778,34.46947347752834,13.198173351407709,103.39675316421129,61.465663855349625,400.90702186690436,212.25837541327758,698.3843883167614,739.5379339044745,801.8520698291343,704.055587189107,523.2820580239389,248.59015099939546,339.0782525322654,656.2300899110992
859.9752035129732,960.7881963824985,915.5147897400556,982.8752347786588,428.4284394996111,492.13152495349226,911.6149562045437,914.1423809684591,657.714524872449,587.9130619510275,820.2346290514721,798.5238298037696,863.1645849630313,664.6538993134673,634.7494568089347,497.54010176362823,812.2769470214844,896.6999988239073,913.1913134110841,915.8433536376953,352.72739103105334,348.7836103439331,957.2999872149843,989.2550066387843,650.771945094563,699.3953597729022,524.1662620839493,399.18732998106213,867.1013746441536,840.6531570246191,901.879214950121,928.6959102376302,910.0944788011454,894.9295963541666,798.8719827403193,769.8444184452654,799.094418025752,788.4247829295971,460.45784251179015,547.8379030763433,709.8830781530162,636.9710283279419,739.6903936408814,774.0313819053614,832.3046879641774,828.9862509415163,732.1210645395754,669.7246656367829,895.3904458322833,767.558627584463,881.440187962359,701.5061467840399,786.935100812014,553.6162332319745,500.2450943213373,479.2047221516236,886.8534996308476,1027.7180210177407,1052.1190103979914,945.6627163560485,958.8740973165761,984.6329625756224,842.2114804469118,960.2217912359984,909.4344688529399,823.8022375648952,956.3161289600844,897.9136586832569,946.5765962054015,962.5323149117316,767.350979366818,837.583827597196,660.8126709964297,704.0051660579004,495.19006524569744,487.11688124965616,811.9250615854733,780.5382406780828,828.2162878158244,906.2427030290876,800.3249048985741,798.4587606316773,559.2638572692871,499.66855676054956,690.1471697643465,668.6672472836059,355.4903204581317,371.5205826466695,330.18055662636954,384.49001307069756,594.2212989820082,370.4804703737485,94.06374926527066,24.03893697559946,694.1129760742188,672.6808114779197,696.3162045627832,684.224363370179,704.6244590312773,660.7289766577462,96.76363872084767,-0.030723854637256375,34.46449355296791,13.12299862349379,103.4042976946345,61.55016528390428,402.49138911565143,212.82733299451715,707.3955688476562,737.6448286576705,801.5911463795093,704.7070250692246,523.1585125642664,246.67828024583952,339.98339505629104,653.798287227236
860.3088515640853,962.5480861019606,915.1652575661822,982.9455244816631,427.48631294605343,490.8783249239038,911.3816955254206,915.2055407422654,656.4424260003226,585.3970016925061,819.9705102114174,798.4958117121741,863.048166841013,664.4493299129039,634.2591082634617,498.1739391215682,812.6051916330347,895.7409749965731,913.8130972558968,916.6719036865235,352.3475325902303,346.3904056549072,956.951932122697,988.8721896580288,648.6377263393701,697.6653180384374,521.5617474719305,397.8170829746458,866.8056079216723,843.1503843707803,901.0283608424069,927.7518007405599,911.155598010047,895.8320712619358,800.6530374278193,771.8738546716162,799.1069526840412,787.2599943655508,460.6803170442581,547.5777691187484,707.0188793745198,637.3608694076538,742.2250359474666,775.9099226675893,833.9917537996696,830.933733220686,734.2871032687258,670.6678138894218,894.6206132704211,769.708693137966,881.9343903976057,703.2251479371453,788.176425814094,554.8046783372467,499.77310000600863,480.08345108141486,886.8001789707213,1028.6211171597242,1052.947473184079,946.0417473463806,959.9815515402089,987.1078302428175,841.3170856160855,959.6382791927322,909.0520718702629,825.8838758209879,958.071561196145,900.1519792368415,947.0536450428568,964.0645711487828,766.3764060080589,836.0789601060211,661.7303198018205,702.8716997419085,493.31705065741056,486.47428077375383,812.2732298804111,779.0504114934517,828.9599479512965,908.0862165178571,799.3003062690354,798.3020265576589,559.8088210805257,500.7375839972496,690.1271300122602,670.3222349367024,355.4734450087828,373.17765977494554,330.3163369993369,384.82073405885865,592.9570115169159,365.8694561539839,90.68790913264577,23.01897056440877,696.6042704264323,672.2367651987884,696.1104533225298,686.214555282938,704.0460949769154,659.3636672899017,95.64365417517624,-0.010845075333835903,33.05356662620194,12.5659009959952,101.15991606905844,60.553628503164695,395.44952381981744,207.46117772863192,706.4847523082386,740.1747713955966,803.4020420560901,703.724760610846,515.9792586494895,244.58179348524203,334.3716663013805,650.7648967874461
860.4363230015058,962.8301425019298,915.9482648579601,983.3491874786013,428.5547992528871,492.8513460659555,911.7724224588145,915.8565830896256,657.0306913609408,587.0025805997067,820.3413855680606,798.5926192874,863.861835826527,665.3916803506704,636.9161400107009,499.76594483053714,814.6557231740364,897.4029303642602,913.7525667504789,915.4410673828125,352.3905242284139,348.62633883158367,958.3370801036664,989.9656722659156,648.7001027212093,699.8153471475119,524.4189377041812,400.2074810001585,868.2551869806254,843.4455610863956,902.0503083476871,930.6574841308594,911.5024201991195,895.0880653211806,797.19453125,768.0690451013037,799.7808856712039,786.0201934531883,459.43331224790643,549.2008809416471,711.1713311867636,640.9361143112183,740.431381369394,775.1371261813629,830.7011523100659,829.3966517699392,733.2130968235741,670.3095360690063,895.3482726066343,767.5003420194922,881.6351061026869,702.8290169474104,786.9306652257261,555.8290039651534,499.7214029508628,480.35916150650297,887.3918538088344,1028.9325647630073,1052.9164928823516,946.6892045751969,959.92974707562,986.5836524755052,843.3194890620147,959.8043162538191,910.7036348029749,823.7108833241524,956.6845975897286,897.8583544862453,946.5051047938645,962.7516273793594,765.5152146279274,836.7007311211257,663.5359247890087,705.7838988200926,494.20025546308875,488.9849971717512,812.9871040719454,780.3657335463402,831.9783519988364,906.8815209524972,800.0880540869701,799.1709697964442,561.1484872055054,501.56333076556524,691.5752357246593,669.7469168397663,356.6134098740185,371.6981721664594,330.5247649997473,385.2635674039002,592.5651380338774,366.30759460190933,90.93200450039606,23.073243258367302,700.824521891276,675.2406145516088,696.5510131791234,685.4418772011321,704.7840179365706,659.0710009012945,96.00273924490045,-0.006221443784198965,33.220907692851895,12.718380011914581,102.2770976549041,60.738105180102494,398.68809885448877,209.1473290885196,706.8052090731534,738.4572598544034,800.9706068614985,704.5925190599659,518.6537174524045,244.940615048534,337.37804392612344,657.1572812836746
860.8797901248143,963.152132521374,916.2500876427831,984.3880899132961,428.72551660759507,494.0474231215194,912.6378081989207,916.6156238766933,658.2190760398398,588.750451433854,821.7097507879986,799.8063886369978,865.3696056123867,666.5418526074182,637.8054863422071,500.12311318331854,816.7395549611458,900.244969225405,914.629617742195,915.382054321289,352.0145608054267,348.7667990366618,959.1196358255494,989.533012813992,649.9659129337491,697.095962702573,524.7637824590694,399.670342458619,870.7383566082649,846.5174531913098,904.4567778179339,929.7349550374349,909.6760533219677,895.8460076226129,800.142800505265,769.410684976233,801.0778844892191,787.3857342755354,458.69301632472445,548.1366829077402,717.5057353035348,644.6906170845032,745.5114533182175,780.5546374207989,833.3356817824595,831.6946774700232,738.3232859225312,674.8286039608341,896.739905191237,772.4297875882594,883.8838253997008,705.203426151928,791.548145584996,556.9709469290341,502.0430035794395,482.66112734174965,888.7442555589456,1029.8968260685604,1053.5918699062668,947.3486408829465,961.9827496868631,989.5471150466153,845.7023405722522,961.0136158554642,913.6840819173784,823.2767910741712,957.1162195441428,898.9365405214015,946.4065320446233,962.9353620834772,768.387279613598,839.2046102304928,663.6316988183818,705.768545439749,495.5030924479167,487.8979694205271,812.9478629690702,782.6258273935912,834.4858268575465,910.5133677891323,802.6654502532491,800.208463891435,561.8565134557089,500.08426718711854,693.280173681696,671.3811999635253,354.67409544832566,371.3035337262205,330.9840116978933,384.9501858678279,595.0211215347102,364.89910478691104,90.99913565817944,22.96238360372353,698.7313212076823,675.7673619157177,699.2057961970568,688.305460727053,708.3870315357626,662.4639055862987,96.5170899878354,-0.0040363903398867,33.35318826260778,12.615190347753481,102.8651060404618,60.752154174446055,398.348487218221,211.43702050868202,709.6517389470881,741.9007268732245,803.0695661506397,704.8903961181641,518.4623169244504,246.29657680658917,338.3413435907075,659.2546491951778
862.8970821880534,965.3596228090199,918.0013653985385,986.8922030992242,429.0735016711923,493.63782419051444,914.0211808122535,917.6732743965312,659.967896150083,589.5556898195235,825.3951196592998,802.2792379780421,868.6458918733417,668.8702653458244,639.0895924259775,501.3645159961568,819.9409801609709,901.7508838184648,916.0752685079173,918.8644395751953,352.29560867945355,350.9109162648519,959.8632648022144,991.1528833782862,651.4042576994572,698.6315127047864,525.2719045396668,401.3211081822713,872.6598201247881,849.4531135464892,906.3853647627543,931.8732838948567,911.0433008226298,896.9759695095486,799.544590958305,770.534370146602,802.8636984131934,790.2555041842991,460.60634684562683,549.264718595069,716.9010755194993,645.7995400428772,750.3313215251953,784.7596230891079,836.93953777721,836.1041418864713,742.3051372796051,677.1293960726344,899.3145604656588,773.579032036566,886.6539021919133,706.5356698045788,794.1645511233753,559.2220070876327,504.03695480184064,484.6760893925512,890.0464829510692,1031.7060312545962,1056.2217355320315,950.3125244797283,964.3549206808339,990.7286107763889,847.9547236731293,962.0738694461776,916.345484605476,825.8676968618881,960.6814721311076,901.9606481560082,948.5904710125772,965.9914473222764,771.4488409918707,841.1382446289062,664.4331315766781,705.0982856255073,496.52809253637344,488.87413218323616,816.6867883400839,782.9726063581918,834.2224432762633,913.2519258771624,804.5784025155722,803.4264289700524,562.09819190979,501.78350897073744,695.4104970335435,674.1919856872993,357.96352268667783,371.98951120066727,332.84592802876915,386.6529159152323,596.3205912505831,365.41444707731404,89.09083874420159,22.74015227729788,701.4889953613281,678.992901818227,699.8569917157292,689.7294615318333,711.7537029547849,665.391254784134,95.75002815115333,0.01862870865949878,32.240644856006575,12.364116420336488,101.56013965075262,60.52865167122374,392.89616256290014,207.9278885897468,712.1467063210227,746.0144542347301,808.1479307853135,708.1873389135433,523.4636232525695,244.716642098534,335.2149904424494,657.7966013941272
864.0259651445301,966.8292847624933,917.6917622551481,986.4846268612075,430.557627598075,494.859471944826,914.6180465581167,917.7377971373213,661.4177469331391,592.59243292105,824.8505155206695,802.6388130990285,867.9569205387174,668.4699162375107,640.3512918462801,502.8644628158722,820.9022579102719,905.2572987325168,917.7811679182381,919.8281690673828,354.8572440677219,349.9039156595866,959.3269859853417,990.251027485681,654.0535460467114,701.9326213218353,525.1770072009682,401.9266518089506,874.4081512307221,851.6466347776814,906.2782696901656,931.4853623453776,912.5753460900258,899.5758200412326,801.0200500488281,772.9272924216397,804.9712457194728,791.1182902300799,462.3474339927946,551.7303835265199,722.2717830470351,646.8378620147705,751.5710345109304,786.3348858186984,837.8118657395036,836.1330738255853,744.4642925853572,680.9270052051211,900.8775192629906,773.3596764617652,887.6784882109752,707.0714558657986,793.9738510884512,559.3921842855566,506.38516521115076,485.5513266444011,890.5867200937093,1032.8302901585896,1060.078705476633,955.0363273464045,961.5474884563944,988.8092825096402,846.9673740725269,964.7081086351058,915.4054433338678,823.4503828869309,961.744268820259,902.8742128459734,949.1558896204468,967.2194601659617,771.1948056263967,842.5116410802623,667.7057574910855,708.3043603938379,498.5115183954654,490.1465660417584,818.6332592573323,784.3392027542304,838.9126457052027,916.6558663504464,807.0364967580042,806.0415333489686,562.3653582763671,502.3684356870254,695.9523421316945,674.3364993083624,359.1575608421775,372.3772568410054,333.21441136021167,387.83903409016716,601.2131779744386,372.96658519548674,95.1419686122832,24.27545354608259,699.6346008300782,676.4407467599642,698.6951427981257,689.2676825890175,714.0840496810641,669.5740313401724,97.30372441231616,-0.014780226591284628,34.626284296207885,13.28440961361409,104.84580997156941,62.36986622497219,406.64597969585,218.4822617287145,704.484824440696,748.827177290483,804.5343175286415,714.5788707491718,534.9473370196772,248.38583316823892,345.94394128972834,661.6496792497306
866.2842295352796,967.8547587611458,917.4377670832395,985.7014975984733,430.2331067551014,495.77893063306277,915.0532553332134,918.2552685546875,661.358608440477,593.1712959701898,826.7319725005607,802.7448763226706,869.2143664613596,668.8102576887077,640.017477837368,502.2672003409259,817.6145610357348,902.6952040789531,916.4979008349422,919.7993413085937,354.91133467356366,346.88847153981527,959.4746850414193,989.8098999507844,653.7062983487913,701.0363956912533,526.284453966341,401.5090679658784,873.9151765355524,849.0102278344425,904.3903313584215,931.1793780517578,912.8895524881654,901.6352197265625,800.6811138650645,770.9343555864082,806.5247785257347,792.5953271653917,461.52887939129556,550.4485402125098,721.5523766689613,644.1165461540222,749.7273421968732,782.8761461809348,836.8023098278843,834.4917562105502,742.4640441108342,678.639914415933,902.2504499004733,774.1924998319744,886.5483859613289,708.1872728439404,793.3135694153106,560.7224920684216,506.56032723791856,483.6948719570953,890.9327532798542,1034.8491296359787,1059.7648414463513,955.0903097071299,962.2410555234163,987.835041144905,847.4362846864473,965.3302229775322,911.2297494233544,823.7225251493528,962.5386932180169,901.9557582128363,948.5764949336933,968.6838523906897,773.0740775718346,841.9022329361712,666.7507558700141,710.274318942776,498.80417489314425,490.48136386065414,821.5828969986712,787.7603058241215,834.5034387466756,912.502437046596,805.3554647160672,805.8369361761526,561.9348861440022,503.42223755955695,694.8035316434595,672.9686141797507,358.80526525553535,372.4295984674447,331.70406127534807,387.38164044335855,600.9984622139275,375.12045373034977,98.09534735225692,24.949513968601693,704.3408854166667,681.5691983497749,701.5568133443594,694.2883455440469,714.4708039960789,669.2244092992582,97.7310298793508,-0.026769599249517478,35.56928023620184,13.56182578533366,105.29548233105709,63.280228634082,409.26500561502246,220.27905929088593,705.9590897993608,752.1521506569602,811.1041097961016,713.5293210186536,538.5400939268225,249.5924416989611,343.03629539229655,662.1261238887392
866.8806659468794,969.6150725465832,918.0957616381924,985.6192109005385,431.2906423258227,494.11254283732603,915.3138169908971,918.8897739231841,659.0362755327809,590.8438739131709,829.1116989337332,802.9005503775581,870.5379509377848,668.678280559146,639.1953118903127,500.3600391939319,815.5388479368381,900.053162888435,918.6209409282582,919.9238387451172,353.9863289727105,348.93245220184326,960.2667848991625,990.4221831427681,651.5571234738015,700.7532980311048,524.7284448107304,400.0888292921914,874.2589253839457,849.1102904519917,903.9702555338541,930.7796958414714,914.3801041942531,900.8955021158854,804.4143090289572,776.1875937588244,807.1887365668881,792.1194929899992,461.59664401837756,548.5723586136036,720.9551311555456,645.4073467254639,752.0366504722172,783.7654182108657,838.2270234710327,836.8468071842751,745.2999375162046,680.5980156219819,900.7471353223247,775.517667535463,888.5501227421804,708.1491862605036,799.1308160619351,563.4054225846833,507.2060283727375,486.20726249182866,892.7636574685639,1035.8585370751443,1064.144838287815,952.4045621109724,967.46782115107,993.8411089610128,850.3119032740228,965.5271769629585,914.0733986470236,827.7516330896422,966.3912734406717,905.2430836726628,952.1400066788789,970.6515678279308,774.2630670221002,845.0544209714795,666.8914715828151,709.6703604826164,499.61458598703575,493.1538408306283,821.4995457383453,787.9018881390203,832.2515609416556,910.7477624075754,803.4165703126754,804.6184289027315,560.3098394012451,502.33526955366136,695.2080991677776,674.8547019154711,356.91407479678884,372.56729535333517,333.9496696700032,388.9302031813418,599.584813713825,370.3946742765109,93.07553129926048,23.273739704639244,707.5803507486979,681.9302807824087,705.2916390001774,698.6857499342698,716.1422231737288,672.2379606522092,96.10340255748872,0.011092351846120976,33.85700122865775,12.90397766303379,103.10943801770587,61.62967989395212,400.6944467756483,213.88611212197472,713.3987981622869,754.2747913707386,814.8491532498558,717.977371795268,531.7314849367328,248.02398686999814,336.57260903445155,659.292063745959
864.2723685020258,965.8980030947638,917.9542676764635,984.6901459104986,429.55152069801505,494.4879140542554,915.1365590985779,917.8733952136749,660.6593989352791,590.7665330933743,828.2140642084727,802.1772760239859,869.2612271186214,667.9797958111474,639.3900032992386,500.4007904476327,815.9695855452551,899.3739829712928,917.2104659391089,917.8248469238281,357.086628013187,351.4228055318197,960.2752393417028,991.1993442717053,650.7378805769675,699.1958945452512,524.6642167739446,401.68469924396936,874.1400130649782,846.7445408197096,902.9969056297163,928.6484478759766,912.2668788069385,897.1448031955296,800.8486312202785,771.0970900202371,806.7670872894153,789.309528209545,461.6998265492065,550.3659094973897,723.0305766121286,646.2952861785889,745.3429411708688,776.3538113453942,834.2293224364602,831.0146596752412,740.018473928625,675.9328198253692,898.5796315839214,770.8871421813965,886.4062525824077,705.021656305977,794.5771416634187,557.8702308056402,504.3575028458455,483.93258904006007,889.8192908630706,1031.004499727929,1059.0451481203281,950.8744556747279,963.7928128980553,989.6550200039514,846.6818363294689,964.4133148625064,915.6166923864564,825.3570868325268,962.129205476568,901.9717156804155,949.5881304892765,965.5280653811292,772.441295073913,843.4597036643106,668.5138000348293,709.8828350909345,499.0189275326936,491.13718876368563,820.6775047427318,785.2612689639523,833.3558531416223,903.9352743966239,803.4495585430627,803.9129554644145,561.8344115193685,503.7369243526459,694.7837879759625,672.390810829735,358.0583240340738,373.01532007899095,332.79120407270966,387.6282401445796,597.7657401175167,367.3266176382701,90.09101932259553,22.747998843598225,705.0105489095052,682.7493141303628,702.5605755969882,693.3767812737512,713.9616888691754,670.6552521069067,96.02362285200262,0.020055491297885225,32.66112161716132,12.539109467806078,102.38379419362187,60.599233433484066,394.347865846422,209.1569990971509,711.2134676846591,750.5857122247869,809.3345646186162,715.4819693263573,532.9664552165012,244.82347769630059,336.5531233585242,665.4153652848869
862.636849989998,962.5590455884284,916.2736642046009,983.2030871873833,429.16862651026526,493.75539438160405,913.4407725484576,916.1336037656095,657.6748499772987,587.2265741707848,826.644527072829,801.2517384786454,867.9861371153215,667.7882140416366,637.668579756324,498.0379928205504,814.2838789230275,896.8860469704055,914.4034022773362,916.6431260986328,352.7543505032857,348.22373320261636,960.4048443473607,989.8168474227663,650.3600729298217,699.2372036399422,524.4523677088279,398.7979626523124,871.5667069633053,843.8682241180796,901.5384483037033,928.0603037516277,909.5359021202993,895.9900401475694,799.1840807043988,769.568750220609,803.4199154219439,787.5724894205729,460.39765706658363,546.8319848735681,718.4208429055136,644.431022644043,738.7821620873043,771.9595631784738,829.0138576728056,827.2794656530458,734.7353463685217,671.4630847694157,894.4893805350026,767.921903744471,883.1186139255263,701.6766189851871,793.1523899369175,557.1149170632456,503.16989460407524,480.8258108294244,887.8235284276756,1026.9392958636638,1055.1576129756788,945.8984194074742,962.1583340852156,985.147713843287,843.8429835374932,961.5145379643382,912.5994362902286,822.8346843029485,958.4868292519216,896.8323763235885,946.7280660252662,963.434993512064,770.6516061043955,840.6322689994437,668.5813434145866,711.1159374682934,499.26364445340806,489.3031583974059,816.5028306304431,781.372993437581,829.9866449883643,904.0574384416852,800.2237795906506,802.6859672800612,557.420140024821,500.7917948418856,692.8492122725768,669.9295764237727,351.74724894411423,371.7388417406633,331.50641796862084,385.752181403259,595.2111443841801,367.4339148068428,93.24589078552607,23.496677776332476,699.0348164876302,676.7891271558858,700.186167538166,691.9512721963598,708.8904430204979,664.4569343529587,97.10718893122517,-0.01422737747154854,33.893191980118495,12.972846157336608,103.64851572987804,61.85310536047684,403.0203542444441,215.46124827861786,712.9456454190341,745.1383134321733,808.6001775344746,707.5405850953694,526.9260287565344,246.11933439094247,339.6070589007753,661.7655113483297
864.3020281110491,965.0002696766998,917.4619377943621,984.6092624740296,428.01282595257425,493.9752807755555,914.4598770596893,918.197038846929,658.3237081255231,589.8875706757678,827.5737624517301,802.4262881305483,868.45431712234,667.648447797366,638.4956199968632,499.4475567911754,815.0077474874342,899.0291326275695,916.740638352902,918.4792513427734,353.76402595308093,348.55599352518715,959.6250491562,991.875968085395,651.030878446489,697.8461634562566,525.5338922995888,399.3703186644448,872.3854504711223,847.079172167366,901.8619977495489,928.67814453125,910.5898141376043,896.0189226616753,800.4445057744565,769.389159053205,803.4899158897904,790.1369059527361,462.04221835306714,546.6336764521367,718.9031822329662,647.12056016922,743.611885449243,775.1290408310732,832.1888017524916,832.9527621966356,739.6825254298438,674.25268505859,897.2263604071833,771.0819727598397,886.6600532935239,704.7588857625811,794.6690431603402,558.1767803360434,503.62067042532016,482.1508564203734,889.8061951452382,1031.1051036341169,1059.463918731228,949.286574357446,963.7478430706522,988.890382152545,844.9037546513642,963.1375450754362,914.5188541697032,824.6221414340097,960.6656964805688,900.2341196115889,950.225766321656,966.4216298477426,773.7615497692211,842.7690361523238,668.5327138638278,710.7739260454715,497.84587030825406,490.1619370151574,814.5137096467565,780.6404084644871,832.6566045233544,905.6879435947964,801.7999318294599,803.3648157001201,558.1222312291463,500.78239581346514,695.0028752356374,673.1330625687117,354.0460739963195,371.55640115290345,332.2773001647244,386.7937809834179,593.7572842745303,364.2205155825615,87.54362164012639,22.723241869783706,702.3984802246093,677.8422799837791,702.7177983447909,694.616578184102,710.9774016169191,664.8948883952022,95.14933028082228,-0.0003766977400691421,32.03905625060368,12.408060971479323,101.56061223242874,60.513873281943745,395.50545745425757,211.9140881580465,711.8099254261364,747.7645185990767,809.4335841236499,709.290441971791,520.9525268592087,246.05808210016735,331.29948714285183,656.6911789466595
864.0195502018844,967.3213337836693,917.7667892855214,985.0587605024239,428.81962951837585,494.9857472053596,913.5533945355168,918.5635503371218,659.4892520515286,589.7572050544082,827.1824169163782,803.6699299766904,867.808817161704,669.2755747912867,639.8438730097529,500.06710308583143,815.0243904873093,897.2358052199861,916.5096347852685,918.8048566894531,352.82774729198877,349.33069343566893,960.2925298341253,992.0183270166791,650.2491314273855,700.9912977637825,526.1796370448328,400.937246673637,872.3105060649368,848.7259544089989,902.4356667025509,928.9609000651042,909.9430708804373,896.2664282226563,800.0975174613621,769.7065962825912,801.7166682171927,787.0444669370298,462.3522169675146,548.9181305103087,717.4926612728932,645.6273837089539,744.1587088145907,775.8932522597471,831.6984161816765,831.9857647572345,738.520920193885,675.5522412499348,897.8993247124456,772.3294894702274,885.337390569493,706.6722054702176,795.231068837803,560.0081742324081,504.12928230173844,483.9626427936671,889.2444812987746,1031.932346072669,1059.17000200836,951.9453801091124,962.6516235882303,992.7714436679211,845.4788521582927,964.5722886466195,915.1041521670213,825.719282396696,960.0182221530529,901.7072725044006,948.8577167486688,966.1137179379964,772.7593456646343,843.621018394095,669.2713311571594,710.2871723918172,499.9982543060745,487.1539738614794,814.2679535912686,779.8606136844365,834.5659478370179,906.9516830444336,802.7278993248483,804.3078736191956,556.7123810831706,501.5370337637265,694.7105005224371,673.8288144843417,353.33549507365507,371.83703159167015,332.4527008129905,387.4641430226107,595.5056605093143,365.3724371305356,89.5145657663061,23.177981194382312,700.6706278483073,676.1270260568392,701.2841142565012,692.6164376099185,710.5164127883717,665.9660635297631,96.06104119005,-0.007977848196471179,32.88481507271612,12.626043526667127,102.40602689977929,61.010824199615705,399.9273124270969,214.68792066109532,711.3832896839489,750.0695922851562,808.6994645291527,710.6551909627793,526.4865057702158,246.40555680954927,336.9612286307595,659.3126346982758
865.2901389382102,969.0444261949472,917.4989132694059,985.751703452304,428.5498033301775,494.3609250315598,913.1943300056945,918.6541354175324,660.2868365462946,590.337903723365,829.5401008172734,804.2974941223387,868.1931069113991,669.2570827055556,640.206388995422,499.87266657340615,815.7589240051559,900.1539256580644,917.2190960997366,919.1965920410156,355.34735356436835,346.8737359364828,959.7525705885233,993.0170329260447,649.8512359938696,698.196077975598,525.3089039839434,397.9671440521876,872.1292926860306,847.5083689748506,901.145129586768,929.4515073649088,909.4966693166959,898.0049118381077,798.188833485479,771.8735024325819,801.7043857658487,789.8346823233145,460.4384543980871,546.6635924796486,711.9771053126601,644.6925449371338,747.8468654363875,778.2086125956893,835.236916792758,834.1964985083418,741.3905180899565,676.9253165165444,899.1987049841111,773.3544708375008,887.6450378989928,706.2793984511488,794.517097438932,559.46315277324,503.78742686300467,483.40254567375746,890.8136364873111,1033.6460369458352,1060.0934001848457,954.5674418289263,962.7695933201002,990.1763895221512,848.2191978711236,964.0974292323423,912.9263849970121,826.3328299959809,960.4030796779675,902.5043658600066,949.8438987003011,967.5413922894726,771.6705382407249,841.9085869085593,668.1865536051059,710.9891025823948,500.84183314226675,490.4169657532598,812.8691416255763,779.8379739468523,832.9119509433178,902.654173714774,802.6377103593614,806.1833587114323,556.1071581776937,502.02089121003945,694.8742170539722,671.9619293837806,351.999616690243,371.5726407529645,332.63472278260934,387.65520340864936,595.031089646707,365.7792425706983,88.29343623240237,22.889226218168314,701.8817606608073,675.8133420782574,705.1962936520576,694.6572306361134,712.9737272383906,667.1471765233719,95.97202455046538,0.003935050798787011,32.509920499197555,12.456753677300627,102.24364667034475,60.83962798771518,395.0460059377882,212.27364807269151,718.6728460138494,750.1034190784801,810.264217299903,711.0183478246761,527.520079238742,245.3784534702437,333.7206489678585,656.982996447333
867.5691070196339,969.7542926286808,918.4542623059504,985.6611520835603,429.47953139016795,495.03474383269037,915.7086824643134,918.2856883759194,658.0861583047983,589.739276018299,829.9865392824498,804.4386005053444,870.1026543278637,669.3059312019512,641.3465046977523,500.4725073735708,814.6249290574783,899.8506273161929,919.6501933715352,919.1951767578125,354.6367118623522,346.8231620788574,961.4366088856178,990.4779848371234,649.957089489043,695.4718742580204,526.916033876535,399.12769928243426,872.203139035207,847.8109993640287,902.0725667958498,930.2271103922526,910.9809322033898,896.4442178005643,801.6072838824729,774.4365815312029,801.6238236616362,787.3911507217972,463.17690371615544,548.1926505753164,705.7035082207351,643.655243396759,755.6005638686437,784.9850363527994,840.6465720625641,840.7957219687122,747.9395652132586,678.8281759990679,902.4111179597916,778.1069808803346,892.3148109308771,710.8536904323508,798.922611801079,565.249085332833,504.98210420744033,485.65715005315855,895.1443046745309,1035.94900139504,1067.7162272410053,957.0588173982574,970.220717295771,991.5151829557511,850.3641686395767,965.4764741085194,913.6968138965208,826.7439445525176,965.0428608347861,906.8275624833618,953.4910276376518,970.8302126721125,772.8105225090508,839.8713865436491,667.11455052927,708.3028049221286,497.6116240128227,488.7958352532185,811.8548431396484,778.8707001872083,829.3533455057348,899.9993100847516,803.083737523163,805.9818749585863,556.6735264460245,500.5815243065357,696.6784491076869,675.7635747873545,349.6322101640351,371.9781072389348,333.84336956652504,390.1381629846093,592.7629329449859,368.05707673192023,82.74588103071545,22.692562824780154,706.3386454264323,680.0861433643406,706.2846554070711,696.1480401500858,714.2887167117675,670.0937507741318,94.15625909130138,-0.026516816297684005,30.57229574815778,12.150843673071982,99.35227097115387,60.205116916387794,390.69657532374066,217.60361398318236,724.5138438831676,753.2904873934659,809.9089758956193,715.7158460013474,527.0426151892718,244.22407125433287,332.3776349443378,656.8143836712015
868.1180379748204,971.7918552238532,918.9770060572131,986.4764131948767,428.63465472376623,493.99342727554694,915.5049335580551,919.2070893697536,659.8803742856395,588.2107284572281,829.5815410924151,806.6513276054745,871.590875956043,669.9978957907391,640.5817880962619,501.8654085045158,818.0124009118825,901.5438134076192,923.0323785657627,920.25832421875,355.70773379007977,347.93821233113607,960.2371667583956,991.0672221713596,649.52828806982,695.1678692705028,525.161072409614,397.6126567920049,872.5368459449625,848.965037329403,900.8510787042733,929.9512601725261,912.4388988947464,897.083597140842,803.1278248662534,770.6109240428511,802.4582635148506,789.2992963437681,463.89384499617984,548.9554031100613,706.8369480820953,647.2414584159851,754.9395002472022,785.7601745026936,844.2534817536894,841.5818837874117,744.077633857727,677.8604839727595,905.5787656599475,780.338222458915,892.3772645935588,710.725474809497,797.5603561743493,564.593702877269,505.7868194580078,486.20847560692147,895.823471654284,1039.2866556209995,1069.4664546398055,961.9208496480229,969.8804751454229,996.1069162740677,851.6286624360157,967.2354760111114,919.1505475400099,828.5986523914706,968.3556731620531,908.2288153678884,954.0446522706633,970.8475007958175,771.57019623765,840.000578895944,665.7948303922601,709.0120635589996,496.47746918166894,490.64898122868067,813.2417409928119,780.2023373679007,830.9697759100732,906.6322980608259,805.4140222410589,806.076514074157,563.4196942011515,502.3879475041231,697.157171827896,674.4334334317323,357.8138051313513,373.4965083108482,334.48738189910847,389.42667503493334,587.7879548072815,361.4934975597262,74.42379255196148,21.08689894732013,704.9076680501302,681.446116301973,703.287176668644,694.5820815832906,714.4447642707339,670.688835806252,91.34882752514004,-0.007257729789449109,27.531143232355458,11.141640162532102,95.93947535537855,57.608858857484115,377.77481015523273,202.97770157982322,711.0117797851562,751.6140647194602,806.133285420053,716.6532782059681,519.4815745634191,239.14855897217467,321.494143854488,654.2135114998653
865.3565953602616,970.9857290080099,918.2273377408312,985.3432465815449,430.6016608415648,494.0828217172197,914.5155135575056,917.8993350836571,661.3274772994372,591.5442385272902,825.9228309228168,806.1822826440372,869.0699492204251,669.988673566324,641.3466153785364,503.54000787522006,819.3149834944738,905.6710573114034,919.0760037360063,919.6343237304687,353.1713695526123,351.8407869974772,960.1395287451807,990.3230750068785,651.7557838050483,695.9202669544534,525.2071733211285,399.7005907893181,871.9146322574255,848.8651398081838,903.2649114814018,930.0160951741536,910.2474631616625,895.3365441894531,800.3473269255265,769.8273080113422,803.1018551729849,790.5700639795374,465.3068938425609,551.8923665593179,714.8059302158043,647.7280650138855,754.3421136500343,785.8204849749379,842.4376346301235,840.6754671397962,746.5574312210083,679.6997379316733,904.2733968673214,777.2917964745127,891.4779749468947,710.2923269453918,798.9111470449132,566.990508631164,506.77730677902804,488.2908249455466,894.0436996677228,1037.2489815500599,1065.9081332245862,960.551538417308,966.3118873397163,991.8568414916498,847.9769233913596,964.0021120785685,916.3936481760509,824.3388072255353,965.7461732114299,906.8658871285938,950.8636805054489,967.6695981526243,770.9752456733772,840.1069800580134,667.3862842944784,710.8490110455137,501.5535446388134,492.65384426922867,815.2087259761622,781.6446426834802,831.8271393471575,912.2112753731864,805.7694456166234,808.0869923876136,565.1635658264161,504.5886580316226,698.9058973698889,675.0524426292263,363.4478022379034,375.1545996579883,334.97842313721776,390.2732299036292,591.1846091419408,367.69824392619233,79.9478163172478,22.56851778839016,701.540771484375,684.2666000107588,702.529447183013,692.3258371482608,711.414657553947,670.3773632469271,93.74850319384744,-0.022543082434546065,29.655303323972092,11.998137091347806,99.46024967048547,59.76982645448598,387.3089127010769,212.5193659067154,714.331709428267,751.4392023259943,806.6152569047557,711.7839446248887,525.9703382171837,244.0555367411621,333.1194996400313,659.1108798323006
864.2012634457494,967.4251219728077,917.7997129805448,983.4126867165129,430.7856591779132,492.86602329569206,913.8692484121493,916.7722852601396,658.8869866740947,588.5195961682523,826.1021104285387,806.576567867351,869.7721896817712,670.6886797235743,641.7800590980112,501.96486551974607,820.2032385369613,906.031749332466,917.6206097949967,917.3631599121094,352.6041610505846,351.26376724243164,960.8380932057919,987.5393651932005,650.832052150946,696.1344711983597,524.5640303469495,398.23869317107733,871.9919364497347,850.1376462583189,905.8800375630536,930.6820320638021,911.1510587789245,895.4408685980903,804.9498227326766,772.0045151308359,803.8320257380145,789.7085568463361,463.1197801402637,549.2545523268453,719.5889047091124,648.8988509178162,757.2729330058136,787.2066090118263,846.0512237859303,843.971892380575,749.220430204691,679.9093261719584,903.5398477985013,780.0759387477751,892.5800377061469,713.3747174523966,798.3436373723462,566.7209790080201,506.9905084022197,487.3655467111428,891.8865455385106,1033.6764646051106,1063.1042733903066,957.3051950072705,967.2903040612263,990.3863919259661,849.2976865389296,964.3963334923418,918.6352781608923,825.6942496841884,966.6405224232192,907.4825612626587,947.9537234944144,963.3454768565479,768.7725640374262,838.3789768531674,668.7010376956484,709.5505743646003,499.27475815925044,489.37075698207803,815.9721649670211,781.7822131398308,835.291335085605,915.3136411394391,805.8826523923326,808.0180639555441,562.8119930903117,501.65731987754504,697.9962681186357,675.9993416006408,356.8128604622448,373.8560616531097,333.4476607120596,388.270457360969,589.1223864433923,365.8708544177686,79.10651169029168,22.07058200744586,705.4990600585937,680.7122761354608,703.2649853825569,694.0348397509545,712.1620480292323,670.6942561459716,93.54924973414133,-0.018894889405756086,29.279404940381333,11.707721288349214,99.234923078374,59.26396620925516,387.3894459406535,212.07593139480142,713.2448508522727,749.7907337535511,809.1040624836147,711.5941801433322,523.8475716114044,239.638008185646,330.1437776883443,658.4098847487877
864.0956621586644,964.9386452948204,918.8364397246262,985.1786492336319,431.4747030657391,493.1458096717085,916.4399726913205,917.7548851662493,661.8018667454622,589.4433552666766,824.66615241136,803.8833454041254,870.1710085206334,668.7049565088411,642.7004485770838,501.3183020293278,819.1645814434612,904.310326066128,918.2590358924135,917.1151978759766,353.47248310512964,353.9065897623698,958.5772802619879,988.2793504018632,653.7290182762745,696.0603103270897,524.372576971739,399.7372890777058,871.8521468684359,850.9242197295766,903.0537319233412,928.1057078043619,910.4149510011835,895.2387162272136,801.0657064686651,770.4610724391707,803.6436143782696,791.8009338378906,463.51932397059034,551.7975561234834,722.1439839347464,648.8617782592773,758.2192593491267,785.5590716176688,843.8539869991185,840.2798170931856,751.4990713103743,680.9296242924004,904.3487095617479,777.6271213604208,892.5038710880157,712.4315122845667,799.2050376857877,571.0837033309189,509.25499749818874,489.9431667363,891.1977155336546,1032.454409122191,1066.2168528348786,956.4354949561114,965.4670414402174,988.1080056442412,846.4868536666263,962.6624835351857,914.6632568587119,824.3579259916794,968.1099828934401,906.1246275921691,948.8489865831509,967.5796454835333,770.3338454306663,839.9263494522845,665.8838967839512,708.7411957447663,495.9961822067482,490.2630671111631,816.9544827820824,783.0916634080816,832.6736138526429,915.2633263724191,805.4011112885457,807.0209676185366,559.9944778696696,503.31163835366567,699.9227144846307,676.1497303753497,356.3114005004658,375.0861802083921,334.2628716497372,390.20903576315516,588.8639184623097,363.5944402440389,76.43039054313192,21.602680900012345,703.7690104166667,681.8461241641287,700.8879409506917,693.8024046194499,712.4725748697916,671.9822026558202,91.4025190416601,0.0002787221326596207,28.151364772507314,11.318653347530303,97.02326176816959,58.4583065261844,378.4349941677517,207.09992979554568,708.6330455433239,751.2949252041903,807.8315015959259,710.9685840848126,520.9128116906858,239.7594015708095,323.3227831046238,657.9696360620959
862.6639878814589,962.4904637288565,917.4209714202336,984.2514287333089,432.01905100622844,495.99986402018527,914.7384090179678,915.8861629339989,659.4763395543001,591.7815334112918,824.5292101449113,800.4878268378121,868.7888060581214,667.3412707310456,646.1776234546111,502.1535512685184,811.4129219959133,897.7833605287875,917.0781290923956,916.4772283935547,350.980783144633,355.191433207194,960.8071414072276,989.3858890836201,645.9964599908958,691.1918693931548,526.2037871134215,402.1742637289895,869.4738521935805,845.4192537284192,900.3218986130762,927.1829256184895,909.985354407359,894.9522976345486,798.1122701893682,767.2530583760824,803.8669472580964,789.1298732051143,463.8252388153757,550.8395349809739,721.7573092101051,649.6776208877563,754.249136811211,784.03936331871,840.7660147579268,838.9023873847827,748.5078240820199,679.2584959614527,903.9935935851066,777.6725525897969,892.3241339908143,711.4734816023522,799.5803055699096,566.4393324197507,507.0972955595325,487.81548164011804,887.8776406061479,1029.2350782925885,1061.485183204997,955.7328269271421,964.4868535846213,986.6565450418343,844.7208194324365,962.2172975304686,916.6607109183695,824.5574577821934,963.8404215566228,904.181565965167,945.9345874178941,965.5265071299854,772.5388733116356,838.9595868470238,666.8395454336744,709.1406718993084,496.62823176729506,489.74075252909057,815.4631850445857,781.0425721481133,831.0314318068484,908.8276051112583,803.2364526069027,806.3473768115703,560.3549951553344,501.593707511425,697.7240498551188,675.0130093607128,352.2022201874677,375.5015264022221,333.65710375458,389.1954975173641,588.7729457398221,365.1000304265072,77.46748021981868,22.6277778047761,702.1050598144532,682.583001605535,700.1494120955467,692.8239777163683,710.0224872618231,671.1428825639571,93.55118053576734,-0.028220609547915283,28.895057557100493,11.723551158544433,99.23880786231555,59.77833185889708,386.47826936509875,215.72911866272196,708.3112349076705,746.6847401012074,807.4235669846503,710.0694271039359,521.9943202991111,241.26908971709116,329.3402324589816,660.2105418238147
863.6432946395423,964.5543381505543,918.3463686059687,985.3031431403293,428.77404547403023,493.51665375807454,916.3285943801243,916.8642356271947,661.133731316547,587.3160698902411,827.3654170772894,802.0237022695087,870.7805038635358,667.283342475245,644.5056993475008,499.84628877923745,812.7437407868733,897.3846846545654,920.3541763714903,919.2553470458985,356.8048592143589,351.32442944844564,960.9539324882915,990.687263609871,642.9517010543983,687.912623311137,524.2971321653924,400.3289805452029,871.2576103930203,843.4442490565924,902.3176557886319,928.7032507324219,910.9158662699036,895.5826582845052,798.1774674125339,768.3913258012519,804.5984445983618,791.5783075403284,462.3927989602089,548.3989775868391,718.8049141305391,645.8284821510315,751.7659823553903,781.2910073447566,841.3288259527809,838.3918581817583,744.8392352506149,678.6944752423079,905.1620996905912,777.368655436899,892.7605084894246,709.8808555502287,798.8262472109944,567.5394811630249,506.32492637126103,486.5274553470643,889.1690530265148,1031.1337778126751,1065.5860925266604,959.1976321177456,966.8571525242018,988.7029937622424,848.2171086302591,964.5449815130038,922.2074070261485,827.2603141101756,967.0408544947592,905.2665303406695,949.2529794486464,966.7960960430335,776.8159805504051,842.0758550675189,667.994640385339,710.0552085447105,498.07396310999775,494.3921960105359,817.3769843930104,784.0844779746661,832.086568629488,907.309343610491,802.5321859820135,805.5395715631832,560.0218661371866,501.4594953282674,698.213105430267,672.076876614961,357.2725657855763,376.317585149827,333.43995691587526,389.2339464848033,585.6514959468906,364.6669095579907,73.85016956743439,22.171192674682114,700.3241109212239,678.7257530083091,702.6281103268266,696.3651320513557,711.5274911351484,671.7290207879176,91.90490755883634,-0.03680376534660657,27.37278737669413,11.404025219009366,97.71482129989113,59.07451663235383,380.397629737854,212.99713266597075,713.9099176580256,748.9687511097301,812.2986163452968,711.1695415641688,521.7792812609205,239.14409824421531,324.26624683358455,656.9907058189655
865.0517320869383,968.571551592061,919.8529933063086,986.0389835312072,430.4028869850691,493.8128483859556,916.5568524398868,918.2475656079231,663.1669379448404,591.2257930885573,829.045271043855,804.2016989764713,869.4701169571787,668.3193539843144,643.3473172970672,501.22487369852684,814.0330805484717,898.335266873686,919.5589186862054,919.0611551513672,357.2203958299425,348.55964279174805,961.0524862600439,991.0024391658723,647.2153069486169,694.4494819045067,525.6272039255384,403.94064745638104,872.0560199809524,848.2010199652777,902.2597242941068,929.5702048746745,911.0896927138506,896.4380348036025,801.1210271420687,769.3461469167686,802.893542856897,788.1719059414334,463.2728380049978,548.7501951781998,707.570900338595,643.6239352226257,751.4528674019707,782.1220860413465,839.7039267273002,837.3310120189399,745.6459158235346,679.7614160609412,905.1742697931105,778.45814500736,891.1348241170248,711.6918414641674,796.7904907363412,567.1229615164738,503.7449569539109,486.6099120294599,891.0388650382336,1032.523612982697,1066.9026779603237,962.1734260085823,967.4844447127632,990.0342461422423,848.1312814415048,964.3905658918153,922.7372204225454,825.5908624509816,967.4782912693667,905.67147377237,949.7915462809763,968.0122646942982,772.6066777684667,841.3571794228476,665.5053519852664,711.1883204076197,497.4611626224241,492.4432899582554,815.9131792412429,783.2860854532709,833.5238452667886,903.73586164202,802.7639983385459,805.0920914325925,556.3501450093587,502.17206112623217,699.6575578899635,674.0480904053871,356.3345418256872,375.649547480504,334.78753977579373,389.53542548879824,590.0102388344718,372.7921765239537,80.30632793335934,23.553759453443423,705.1561930338542,680.144667803231,705.2576333284378,695.4537381133342,711.0713421770635,672.2926135541175,93.24129324982334,-0.0390982063073251,29.79841720876441,12.249588496413448,99.6042714188873,60.682729718004985,386.85040293799506,219.3608377435628,719.9472489790483,753.2924616033381,810.3740045944317,712.9913861238504,533.2486365075205,244.65992006502654,333.0854740431814,661.2433997844828
865.8692136401972,970.0884402918093,918.9630873926187,987.1700803597134,429.5247196729793,496.1463572981634,916.643142309945,919.3400932084753,660.9922381420524,591.2061726362979,828.352818217704,806.9522130466643,870.6188078106575,669.9948711274003,643.7289222271288,502.77353436923204,815.0974217274743,901.3480685287932,921.023647147577,919.9355186767579,354.21530691782635,349.43330370585124,960.5500677254637,990.4915267702133,646.496163782649,690.62253006998,524.837032339191,402.21849619017706,872.7378423438882,851.757553288966,903.295764352393,931.9558514404297,914.0004223322464,901.0918078613281,805.0575083856997,772.7415852374342,805.6916217551883,791.859672970242,462.29018335683,549.120267310839,704.9954623863346,645.3458485603333,756.5515762983806,784.3271433391842,842.5401982663402,840.1255916803203,746.4511684780279,677.5262720601542,905.9830580557547,781.4260241432974,892.7273557778337,713.5594505601725,800.6913431620918,568.5553400329514,505.10793203570705,488.03318080808447,891.3549182302719,1036.9822851364258,1070.7223438403005,962.5622051196071,971.2418117888077,996.7012709676255,852.6139922535748,968.9445881245067,919.1008870139051,828.4483120349026,969.8704110820642,908.5414378626456,950.8171954306828,969.497577814766,771.6362054842012,839.9231117123463,665.5355883257105,709.4784120501894,496.7686718926914,492.2628850802569,816.0457335925493,784.3504165079584,830.3145635077294,907.9346967424665,804.4091931924053,807.8566673789894,561.4567286046346,503.1434631665548,698.9993818583467,676.6199524721868,354.38179312313304,375.8820725175878,334.6956944614649,390.8529644995679,590.0633267586219,369.4736943056683,77.35395079867966,22.85347190448336,706.0204467773438,681.0151418912209,705.7847881391644,693.884630298183,714.8716723415384,672.4415473378375,92.92332553447494,-0.038440132922389444,28.816101274547282,11.799015008595129,98.29081427089658,59.467578398533824,381.7264035012987,212.90342943019726,713.9849964488636,753.1256491921165,809.1862074064728,717.2013319957106,527.1869895317975,241.78456354873222,328.1534858038931,658.4918023471174
865.3147452398343,966.2830220828153,919.6159413867275,986.5468308042246,430.1985646868861,496.7584919141872,917.4930321578785,919.2330523389451,663.6960128278148,593.3276893014058,828.7558347965644,805.8409844837491,870.9916462971865,669.5388255107258,644.1957872732362,502.9098460242411,816.8321562852905,902.4078567352802,922.7823650023946,919.1157150878906,357.0727260377672,349.52196464538576,960.9305752070263,990.874588557652,644.913646523241,692.8468059285001,524.6685148207522,403.3342392047246,872.4057677646853,851.6445690013744,904.9196128544845,931.451870727539,914.900740671966,901.4801139322917,801.8547355320143,771.4857265977975,805.0082611218423,791.4357274373373,463.7283237491335,549.9913658756442,711.3073985615715,648.0810213088989,749.7691785773587,779.1409242819835,838.3054104023989,833.4593487601531,742.9059185784711,675.343318951974,904.7820746267995,775.9109621523412,892.4232479007088,710.297969432424,799.0193190638795,568.4699059327444,504.5941993533824,487.7376951242625,890.1415109289698,1032.639535881855,1066.9461878700338,962.1892401773979,969.3632665484885,996.3357077910291,853.720110085397,970.3193688528773,918.2492040377945,826.7259186798904,965.7051045321347,907.3804031817738,947.8360294414933,966.7672078675328,775.9521899180369,841.7061008390833,666.6110640359581,709.371047114913,498.80006917317706,492.0903361145879,818.4375925533107,785.5444928561009,832.1278933261303,907.3677498953683,806.5111073607229,806.9773481484934,561.2291764068603,502.25927000522614,699.4206722158692,675.1200863895027,358.99969562923206,374.9028430071118,335.85426048437756,390.8281310844336,591.8602956673083,372.29403808772565,77.86281103546153,23.201040186911307,702.8489583333334,682.72814631058,700.7931668162346,692.3015305186829,715.1173900963392,675.4174021322161,93.03995784435813,-0.03379498493547241,28.747099290712832,11.837996624749731,98.71969266894375,59.77772382642293,383.964022954305,213.99853727747413,710.2066151012074,751.1954678622159,806.6564914780175,716.0828907640674,531.614630008445,240.97328570798823,329.72117148023665,659.2136041049299
862.1975448230081,961.8534018969295,918.6669936027027,984.229507628665,428.4780240435933,494.34743578944887,915.4274067077897,916.7085675016363,658.5497314686678,590.9724394533722,826.8700514537533,804.8241964355348,869.7086428189155,667.7534757278227,642.2404796638299,503.34645055896294,817.9152313521688,901.0294531001601,920.0806200750943,916.4883043212891,355.4722145928277,353.410312016805,960.1764352311303,989.0944257463727,643.5116066308545,690.31318920032,523.760971322244,402.6367516371732,871.468347729377,849.2657040442949,904.2351604471683,930.0558774820963,911.525773517156,899.7286934407553,799.9554870605468,773.3554507335984,802.8814566860115,790.7103190951877,461.72543575082506,548.0165692482994,710.9151411212858,647.1546931266785,744.3667122152826,774.7219559005086,834.3244205597051,830.6202492964895,740.0103523888864,674.2456297278404,903.4170702165173,775.6568620016149,892.8668554482773,711.7184232504555,795.2460586479426,569.607719374638,502.9411483107409,484.2317526055631,886.8026623428194,1027.9062426960854,1060.6737489803306,958.4059941612086,964.8218040930707,993.6143340292872,850.1434228879596,968.0319060032015,916.3136781151615,825.6630609694686,960.73168302386,903.2066871526345,944.4413753436629,962.9571435411991,771.2447880581692,839.0930765495925,664.6952436254659,709.5200550690358,496.6473561162534,491.4024357325594,815.7091096971856,783.7424524077736,828.052377254405,903.098371233259,802.1363818618073,804.3207547967605,562.4168677520752,501.3951156640053,696.527514542567,672.818143559657,356.1528554579791,375.36934810597114,332.71926007047296,388.3716012104475,592.1951946111203,374.68884256164233,81.14499293181494,24.24967567406696,699.8726582845052,682.8857892569849,698.1203999593854,690.187636707703,711.9079785528984,671.1291888080774,93.71870492217376,-0.07871282681891764,30.1386518090346,12.283179404921247,100.14983543511745,60.52315679611137,388.4772300720215,217.61772064601675,710.247597434304,746.5455344460228,803.9401642460151,712.1197751202161,528.406260135127,243.08811205939242,334.00874184117174,659.2996826171875
862.7933248544668,963.0266872728714,919.8476140842143,984.8566279924248,429.32803147781726,495.0809877514839,916.982118481362,918.1319248524118,661.9630787713187,589.7506421677401,825.5228118276208,804.8330218829806,869.2376544095231,667.6155205709249,641.959491895799,501.1160019526707,815.2222503372843,899.1852354765731,920.2553851248204,916.7846048583984,353.4265453020732,352.3292558034261,959.6871856039909,990.2661475529746,645.578749631712,693.2772604646264,523.6536079111679,402.44877261585657,869.1831236065559,847.6628175335165,904.8617059502388,930.945044148763,912.9316227799756,898.4882615831164,801.7088312563689,772.0787165997976,801.8748432445105,788.7958256756818,461.1476804784366,548.9831816855441,710.016107277792,646.2315120697021,741.5633374405286,772.540377395413,832.6246552055593,832.3559365983594,738.2734325739963,670.4338120373708,900.7951550514467,775.8629808342002,891.9077495209192,712.8035652459987,797.5236744559934,568.6925260927163,503.3412917858754,484.5253211784675,888.2504738915267,1029.1415151412841,1062.1974090675042,951.6024727526122,967.8956911037279,993.6684749658825,847.9620676769758,965.0809923258338,917.0226372106752,824.8395456885798,960.4084653318598,901.6837596230116,947.4142154766496,965.3145782302098,773.3449487428408,841.690806592097,666.6923863122223,708.3830562442928,498.2521539218184,491.3475169866857,814.9042933729828,780.6584297908292,826.8841812458444,907.0983494349888,802.2655842148938,801.566633495178,562.101208674113,501.5384805393219,696.5944737619241,673.2896444043542,361.209161567688,374.81517282203646,333.811935313046,387.74201054737875,586.2534629408086,365.05997837014496,74.32086456066033,22.13359545909128,705.7553568522136,678.5265963279595,701.2746276408434,691.7152998566088,711.2056230928455,666.7128734262182,91.55678323989024,-0.027989937696192,27.36536074719402,11.192750385786972,96.40970304272892,58.27437715468708,375.5685067706638,205.0522069229799,711.7623291015625,749.5221113725142,806.5944445309223,708.218006568619,516.1830056508383,238.81705689011957,319.64435678539854,656.8740360654633
859.9918362415949,958.1577437935454,919.2236984017062,983.8640661961529,427.135640814138,493.3682098207729,915.397883747748,915.3376343406514,660.7823890569259,588.1911910827287,824.1019336266246,802.3296623587609,866.9273529314463,665.5309778727018,641.2020488307251,501.8371738677581,814.9510509617521,898.2180283378525,917.8402035300302,915.021067993164,355.2382413016425,351.14230372111,958.687734650671,988.8633062574598,645.0859274839231,691.6345721319482,523.1390804901966,402.46553670697745,869.0945588597712,846.0657885892891,904.3041588490404,928.9412091064453,910.2379503411762,896.5032930501302,794.8049112071162,764.9842099109328,800.8568116578762,788.8561029787417,460.86253387587413,546.4719019043312,709.0080861576268,643.6972851753235,736.4909735062411,769.9700197698945,827.3556407885964,826.2737540390059,733.8888272253935,670.5056197749568,899.1118231127339,771.6376782078897,889.0080869409569,709.8910960791336,791.9848933198526,566.8279375655978,500.39386943898444,483.35653511865246,884.0717372831614,1024.9624368413179,1058.548582550774,953.7443268580911,962.2488332466457,987.9545568956912,846.2469856192213,963.7366800308228,917.6018409159647,822.5984551974353,956.0789974769849,897.2564849216849,942.4396974600045,959.4021353537206,767.744185370368,835.7033953432177,664.6189211924142,708.4221094965419,497.08289812613225,490.1849449050259,813.7208216932953,780.068359375,826.0269840321643,905.2270137241909,799.6779144915585,800.7118299845915,560.9464913940429,499.8927348725001,695.3352102895141,670.0439318256614,358.5097320500542,373.93042971339037,332.75772130613524,385.68791120981575,586.16532059831,366.6925920130809,76.68216056913069,22.841167325397553,701.7707560221354,680.1826906365864,695.1995640527457,688.9338354050304,708.8688721013737,666.3300892613045,91.93911797711381,-0.03690027219277841,28.199471308809986,11.67764968762141,98.15449651004084,59.468946232760864,380.1867156558567,209.7132992253584,709.9461947354404,742.3512750799006,801.7405700683594,708.9666620568385,519.3069104353586,240.87853947752401,328.7794369567524,660.3841510641164
860.4747309228746,958.6255342009092,916.9330497768915,982.770814386497,428.2823399965153,494.3063626981207,914.7229980052483,915.1431597088753,660.1736791863733,588.5781534919973,824.5552394835929,804.7119994418962,867.2553877397017,667.3158629239812,641.0191819489892,502.47672017159,816.7478564655611,901.436764187987,915.4108050700805,914.5839381103516,353.5152871873644,353.58014055887855,959.1341370531663,988.2341869293697,645.7985556587499,691.9818290039733,522.4635685451782,403.03893712494107,871.5048408508301,849.7944228937597,905.0804251122662,930.9010968017578,909.9252512010478,897.166940782335,797.6739310886549,769.0379329819277,801.176115464534,788.8021963614004,461.03794221367156,547.3982674459393,714.8502342349193,646.1450481414795,738.4520797341589,771.6140546211134,828.4843431023834,827.3693465258905,736.0302354793164,670.4604157792938,899.0622703429191,774.7475973112493,890.0119294420632,713.1135732873345,795.9681594917058,566.8305579353781,501.6379462660524,483.0963504759263,883.8508984167761,1024.2766595217918,1054.9275543509498,949.6804146059906,965.1727642291526,990.7202934894747,847.2360882307047,966.3555373208513,912.2906488447047,823.9647928245308,956.4191095159294,897.9625760477674,941.4111092925831,957.7868018387431,768.2506480174021,836.7109396262247,666.5350041520705,709.4915945870536,494.78806382331294,491.4096765652509,813.6798666031634,782.3603913239918,831.4089887903092,908.2022890363421,800.9250431389644,801.074076608729,561.9611662292481,500.8508974091212,694.8001376420916,671.7386798629677,355.6821516345529,373.0334972147477,332.685724614809,384.445337781747,585.774883710822,367.04535549521444,77.75142365860908,23.077289716975383,704.462314860026,679.8972861079847,698.8361503370106,691.615600931159,708.155216440293,664.402474531626,92.0894177284729,-0.045033392133363694,28.905991730428813,11.825238350363465,98.72764979955251,59.78972775999817,384.02611986796063,213.8447132693494,711.7647538618608,743.3506392045455,806.5648461668284,705.3661052848719,516.7615511721256,240.14367918068902,327.4840955589757,657.4135426488416
861.4617687346944,958.9634741365985,916.8509759891614,985.2391917924007,428.82510601309843,495.4198299413547,915.7864665806243,917.4087096973176,661.9219353539603,591.8522885490636,826.5747684695856,806.5230993750549,870.5719332294235,668.5800579651165,641.271730660206,503.07190501127883,820.4240376983208,904.4259765156083,917.3209878621886,916.9381967773437,353.917955716451,354.7185587565104,958.6508234307536,989.0776712932284,646.3196229285595,692.4580783372397,522.1778111747615,403.4321665209201,871.9527836205824,853.3611112618152,905.806194155235,931.7109655761719,909.7752990722656,897.5126105414497,799.4041920537534,768.2574543780592,801.2216288696827,791.5030038621691,460.30246829135075,549.0032453072652,720.8441482293802,649.3817143440247,741.9843031357206,775.0553107781433,830.7306320228118,829.4900474827192,740.0313096795201,672.9747179871672,898.9210167300316,774.0376184245358,891.2502130062884,711.8206889221606,795.8361127365865,568.3839178178824,503.97195454050336,484.58284317100885,884.8271085106138,1024.9764673433922,1057.6518632299699,952.9999279328823,967.8141833761464,992.4318287580916,850.9456820473393,969.8502488607242,914.7440718465776,825.8193295353143,958.3143379897214,901.514081570303,942.4400866077204,959.8896019024085,771.1081146377701,840.4160947330663,667.2389145597406,710.5088565710819,494.8309295212013,492.0106747049681,817.3934033503298,785.14225826026,834.0662010679854,914.2354572841099,804.646421388648,804.0489848806054,561.4405972798666,500.0476604890823,697.8501895820517,673.7797848877178,355.53803960794914,373.7448253321734,333.0078983319302,386.2333141538327,588.232076519414,367.5168580263853,77.26698075563655,22.91082275848296,701.4447692871094,680.9132235252251,697.1778149195015,690.4232944126043,711.5088601148766,668.5915740463145,92.11701974361571,-0.044283097509846645,28.8384078704909,11.843988836421678,98.85624131766893,59.4180752941938,382.62659740448,214.13360079421716,710.1756425337358,745.7798217773437,805.1444851664089,708.4809085507936,517.4206586106151,241.1062858324302,329.15417442899764,657.7398618500808
862.9754751086094,959.5111178855101,918.319188602189,985.7875270767516,430.5679942108864,495.66024337496077,917.4716929690205,919.427336430651,663.8170200853932,594.2178242890561,827.7076580543828,805.6697922282749,871.5596354829713,668.8678135360301,644.2955114900769,504.23210143325645,815.4754699417765,900.4521493373123,918.7939844825715,917.1844371337891,354.04897281858655,356.9009559631348,958.3167626737344,991.2391126118009,644.4897133692397,695.5914205460103,523.0731442277603,406.34627006782426,872.4405933596054,849.1266806520061,904.9458990622693,933.4128745524089,912.7411470574848,900.9085622829862,799.322145146909,769.7751159667969,805.5126789109822,791.9727931552463,461.4507467406137,548.9211517076814,723.8241437067751,646.6172070503235,743.934594890428,778.1819036221617,832.0316375430912,828.3475750315259,742.0987259021475,676.2997113099465,902.2034909156062,775.4089845506327,891.5863404451957,712.6164834758406,797.4824081215623,569.4798853116877,505.07324227643056,484.9834395001251,885.749881539653,1025.424828550054,1061.0048726619448,955.7813234696022,967.0971950099779,994.7490893305312,850.7328992837795,970.4723134340082,913.2865411559147,826.7154632933072,960.6255185116543,903.7681257648494,944.0350983249155,961.4774352015711,771.3882816417797,841.4786961664919,665.8520101144774,707.926009405227,496.1150897482167,489.4311536332251,819.1788890400871,786.0673514085192,829.7511960293384,912.2442092895508,803.867230623618,805.63065066522,559.8389697392781,501.2720245194435,696.5559203479784,675.8205854208948,356.97894381354837,374.81401994340257,334.5569806570808,388.1019024968289,594.1521235916935,375.86047109436555,85.86405931122566,25.062474283653966,699.434765625,679.7726099046611,696.6192653514445,692.6337127685547,713.0309009503469,671.6386828434205,94.71558491743512,-0.06029095138526625,31.963309003178324,12.971677192618154,102.14515917976837,61.82341838874153,396.72116533915204,223.32124380504385,706.6898415305398,748.1912342418324,807.3664743308253,710.4934510822537,531.6315082662246,247.67777164103953,341.34980340437454,661.7705435917295
864.0964279445031,963.0007547669941,917.6686114970058,986.0318374329829,428.5817230579465,494.8895765457834,917.0383109298407,919.4773867538128,659.5314899172101,592.0597105402438,829.8999919736289,805.8856300430402,873.0688890617462,669.5740267663349,641.3675664740415,502.59738921734595,812.5119221040987,895.5612580879186,918.8903999182456,917.9348951416016,353.5893983311123,356.1395018259684,959.1724557147226,990.4796930343385,642.5808480572326,692.1105459535515,521.3894570703665,401.26446045769586,872.9736678645296,846.6728942117574,904.483773619484,931.9640234375,913.5592736712957,900.4077769639757,802.0012156610903,774.3231653420322,802.6743822811984,790.3007758811668,459.4581994499479,546.3931628309385,715.0711789991035,646.4391059875488,744.379844692107,775.9115209895853,832.0130781679101,830.4412098600153,742.6036312304252,676.4271703693834,904.0365263908141,778.3494629678139,893.335751658701,715.3629246146626,800.4858877412942,571.2503356466107,506.2785565848884,484.82174115095125,887.0814678948393,1029.0657473459012,1066.1853290500187,956.8820682278717,971.0290034020466,1001.5959230071132,849.6058807373047,969.3579106085585,913.1127083621808,830.0672789168297,963.5487845002936,904.6286889342837,946.7823740965242,965.3162379818068,774.1979399328833,843.8953012560235,665.5096504141432,710.6809545739904,500.7638111943784,494.02242440237126,821.8201724193135,788.0186055923399,829.8623527364527,904.5819473266602,800.068994748638,802.5844284605585,558.1525224304199,501.1155392217636,695.2746194562197,674.0753501010643,355.4584362997728,375.51477096227103,333.6141952769831,388.2904969095758,592.4516004334079,369.37933836051263,80.25596559999718,23.414729333454574,701.313720703125,678.4687313791048,701.2961844354868,697.2713054812332,716.2181138676845,673.394245735299,93.82515520891666,-0.052364505765338736,29.957570293838724,12.167593476972252,100.12888581173327,60.61010078909577,388.1592617034912,215.4071079378619,714.8063409978694,745.5333462801847,813.2360565390363,712.9369991640501,525.813589886123,242.43569623901132,331.29929132172555,658.065621211611
864.4835688243087,964.0345104324697,918.0868592687509,985.819262987114,428.02413083453513,494.10492231590405,917.1504858330794,919.4256963656811,660.3608978621813,591.6573303913484,828.1440674076235,804.7694997219812,871.3437530883998,669.0519870601685,641.3379748021786,503.00185346603394,812.9517766581893,896.466796875,918.6847088693203,917.3866846923828,356.3802882300483,348.84239031473794,958.2190510968625,990.6010171193925,646.4685897777218,693.6342120340893,521.5185480697379,400.98172815392417,871.7748814708782,848.2128578468605,902.9378069379511,929.9751733398438,912.0438117334398,898.381058078342,802.848620870839,775.2466467432229,799.5327660648833,786.6342861034252,457.9081500683512,545.3827475715666,705.897484951332,641.8907961845398,741.686040619063,771.622834173989,829.8275595957356,828.1115619229992,738.9073375749194,673.4149215509008,901.1674167140837,774.5155794026216,891.2701770693179,712.4864338830683,797.6325601483675,567.4766219363493,505.3911300290965,482.7970356020326,887.4614528977727,1028.196938386808,1063.3718186248714,956.1530530752428,968.9847831925102,995.7077652829365,847.6065659129291,966.647456400679,913.9511126617887,827.1101479209979,962.1627791201131,901.2866200326381,946.8064864820735,966.4163956615806,773.7260702322195,843.0877134604532,664.2193484525068,708.8864492441153,498.54425844938856,493.6564025878906,817.718638185595,784.5912508509466,826.9985403507313,900.3828637259347,799.3006983570668,801.5111780311521,555.4767256800334,499.9019599978129,695.6607917554578,672.7642179046035,354.3589224142187,373.767315967849,332.73934006815153,387.72832823254356,590.4267594737391,367.38845067203044,76.93384156243324,22.476909992179667,702.7279235839844,675.893655550682,703.6626924276352,693.9213021394894,714.5743251344327,671.6156966249051,92.52211724887111,-0.008320714278077637,28.536511912008518,11.578339867499432,98.54053436396687,59.24740721495642,382.28955989413794,210.78943791108972,714.8802212801846,748.8815540660511,811.8330917870438,712.1943639441381,524.103439429227,240.1210120790883,325.59519387013984,657.6139568460399
862.5560564854069,961.2324947708785,917.7140566613813,983.655532958498,427.64223695799365,493.6432883239218,916.2463916280996,916.3343385509735,658.6191822558034,589.1537151229186,824.4272724864928,803.0131554898761,868.081157023461,667.0261348286259,640.5731423363757,501.6906991566973,811.7698312189907,894.1790707863843,916.6942999244193,915.9024315185546,353.0695488717821,350.43205375671386,958.6074915854274,988.0545598590185,643.8175436414349,689.0285019114777,523.5866060204269,401.04853818151685,869.4780682257887,846.1390981415171,901.3314389206294,928.9114717610677,907.6532485444667,892.9942557779948,798.3846753991169,765.347169071795,800.9026858964155,788.1029065450033,460.9120347755296,546.7320315971804,707.6122716684811,642.3168792724609,741.4307033958889,771.1726320456554,829.9068628386867,827.9028248267564,738.0197176420984,669.9407994455391,900.0337369734241,772.777338447459,887.4781126727469,707.8944379328722,792.513297453055,562.9401270174512,501.6440261142927,483.04133017051436,886.1266743220217,1026.9371776335217,1059.9451899353423,950.5681218170538,965.6571510115914,989.5918568916691,844.8813638482983,963.7370859114721,915.2378098217409,822.6651407742069,958.583416096548,894.9928958983016,944.7261142609226,963.3113639367878,768.0823420619106,839.3478094007148,662.8198309382168,706.102062406994,494.01837954313856,488.6436445209342,811.7462583448066,778.3896190595825,826.3707262404422,897.6033052716937,797.3515802288421,799.4788701145688,556.4244238217672,498.75713383992513,693.9946832892128,671.4203944406618,352.4673375348834,372.3182620589053,332.59364467362565,388.5528317469664,587.7054838842771,366.49534452321626,76.15489091951814,22.452057012100095,706.2458089192709,682.35760653221,701.5626149326563,693.180792346799,710.6900258925732,669.00400449944,92.8490045906265,-0.02427691018415822,28.433436219648488,11.531871435744687,97.68523154974037,58.49722022939378,382.3530002170139,208.6603388225331,708.8213889382102,744.3319324840198,806.7392758363045,712.6334583910206,520.7299687815647,240.8798533505515,324.2024370179032,654.2454202586207
863.4772282479927,962.1605759558051,919.0704839481893,983.9949545689313,427.5222352404927,494.1675233242235,915.6840010282837,915.6552042453847,656.8032290984173,588.4026785236401,825.6451148831748,802.4907705140492,868.1945612336514,666.9252383361461,639.9325538938912,501.0179430018583,811.6790492342546,894.5307943527881,917.0906208374491,915.6320031738281,352.8182520336575,351.6176367441813,958.6750010645923,988.2158631824311,645.2341770601522,690.5258354145092,521.4673730418168,399.123236766292,868.366542960113,845.0432226110388,902.9061610104218,928.9279992675781,908.9549241146799,892.3763008626302,795.7448841924253,763.4763955725244,799.8106506616533,788.7071851094564,460.1560033900397,546.6601895821675,710.0996258845095,647.0516142845154,740.8347707788149,770.9427691816719,831.8646049401555,829.7474350134531,736.4100202134819,668.6182192613508,897.7542740729548,771.6019011746404,884.6059717420138,704.4836767799178,791.590619553365,557.5000294797561,499.8207122131944,482.42257934467295,886.5447725795316,1027.8081007569476,1060.409198719791,947.7013425594423,967.3312942902938,989.6879646576531,844.3064685553221,961.5474195254683,916.4961719797618,823.3047896712941,955.7038619223605,894.3961426120806,948.088568231862,963.8248233689787,769.35904494277,840.4412283350209,664.8611032328474,707.6481802804129,492.02884088046306,488.06656507035376,809.3970864718077,776.2088167182637,823.2888404359209,901.2192350115095,798.223243172598,798.6672487772631,560.5670806121826,499.89640072822573,694.2035583903611,671.8420932630302,356.4449193281286,374.36178506238366,333.0334116158386,387.2352818885776,584.7938287006929,361.8384193749726,72.12418999682887,21.714343831123,701.483408610026,674.9743424755031,699.7979312837124,690.1948384418746,708.2258388528994,666.0795902541331,91.2652073139386,-0.02460660361857326,26.838594800133382,11.185491654731388,96.02913947307871,57.64175022178159,375.33215294943915,204.70010426465203,704.9541515003551,738.6732432972301,803.1147364673999,708.0268033184583,513.7971620372697,238.34892216167952,321.57172872080946,655.1478039971713
862.4619498585022,962.5326960478166,916.6710057389013,983.2654429887871,427.15961604451024,493.05109028970554,913.3423683186016,914.8832044430997,657.6889875956944,587.3553434024092,822.9883366716587,801.4193704996791,865.6239479025683,665.2929138789775,637.1906961208553,500.47570581442073,812.1795069979265,895.0195698278687,916.3953520676185,915.6133023681641,351.78281752268475,350.0513586680094,958.9394772241986,987.9609247237917,644.1516356667923,688.1369658086326,521.1716616720125,400.1289414630996,866.4056759960247,843.0522029923804,902.4187013320723,928.2117193603516,907.4790755449716,892.0683763292101,794.7180496879246,763.3625841255648,798.5769481238815,788.2736505579065,458.78235646656583,547.2208393861292,711.0263376704982,645.4223461151123,742.9865129954285,773.821423625494,834.4282501534167,832.6772476441679,736.1181217500986,669.1180801174858,898.6285038117439,772.9297092583173,885.3717302809657,706.9830718563356,789.4604490134748,560.5002174751431,498.7329208147886,479.8823729954453,885.8722032043524,1028.5920212048072,1060.5294472053808,953.5334918270862,966.2150730298913,992.4997570980521,842.15718766892,962.3053938822491,917.7579294460922,825.3982360945191,958.3932575354415,896.5505481873832,945.7674852116093,962.47113711531,766.9059767164625,837.1164199954173,662.176771321428,706.2905871899097,492.51818582286006,488.5150918020329,805.252977965308,772.3374854123444,823.6052388941988,904.1980688912528,797.7656257527085,799.1582885842297,558.5719746971131,498.9145396788915,694.6182077103249,671.1619116100717,354.17367162704465,373.24023382758406,331.1147345273445,386.4669768227724,582.0110786657382,357.5345574529966,69.99671656153751,21.07148264571125,700.8036193847656,675.4699288061109,697.7119650617242,686.0723488924191,706.4645985998877,662.391356330629,90.73044928003985,-0.02096035538448228,25.973870622571766,10.736767357095076,94.59095328601333,57.02034846911587,372.1054146024916,202.45402838202085,700.1409579190341,740.8768477006392,800.9954608686818,705.4472426402418,508.03549188258603,235.31229475192856,316.56747086842853,651.9249351764547
862.6095418918794,963.4237738293831,915.17017895203,983.6115442405184,427.38593473212666,491.4903113293861,913.3277609874729,913.9774720277178,656.6526523901492,585.0485398730293,823.7177457886983,802.6717590226067,867.3674922046694,666.7910699067328,639.18286038394,500.45144517930504,812.2839658475035,898.9414314067245,916.1804887910456,916.646998413086,351.5855427847968,349.80620129903156,959.7592342481297,987.2321532113211,643.284348992153,687.8901897629539,521.3785361611382,396.6738056805399,868.4984128700113,845.1462694709684,902.6349096423372,928.3832108561198,908.1445837505793,892.9734266493056,794.1545033330502,761.3039889048381,799.4897376241138,787.6746499803331,460.02079089198793,548.7977116974106,714.7489318847656,642.8915510177612,745.577435743241,778.7392351774242,835.5128048460796,834.8621522550694,738.9077793704577,673.3871833062046,899.4237475856658,774.516225957451,886.1104429679488,708.7524463482786,791.1564846979663,561.1645681250329,500.0572054576704,482.44562317306594,887.6309590334438,1028.735992860187,1060.8222938026775,954.4726534963326,966.2374484385615,993.5186105519051,844.2822182564925,963.1948682015816,917.621621658553,825.3432380580163,957.0086128063416,900.0038093492617,944.0548445586186,960.2933484493698,766.6043048205677,836.0385550827276,660.9200886017686,704.9054811155642,494.26549054574275,486.4736244309116,805.7210813428535,773.6715323420481,828.0147886884973,907.7448501586914,801.1865915137689,802.3298315787843,560.7319232050578,501.01541693369546,695.4659129844363,671.6460578426195,353.4103926826926,374.0186053733963,332.55122558834654,386.6782726610659,583.5272784840271,361.83826263440153,74.4786342267568,22.261369285013497,698.2551940917969,674.7450742559918,694.8960610330105,686.8758209366604,704.621744015138,664.3893010668767,92.72715681595237,-0.04159334111544821,28.123098551096877,11.31981446031402,97.52900718475617,58.71525478609387,384.12310218811035,212.07348350917593,708.9931585138494,737.7575938831676,799.8170110715315,703.4673946718626,511.5625638681299,239.40659001521897,327.6983549495538,656.2914828596444
862.9680844501734,964.6141670954348,915.1691520318974,983.887363084284,428.757531321326,492.10301955203926,912.4610280641001,914.5190112044963,657.101956114477,585.2541328624624,825.1012976266504,805.0967728766184,867.8798139254798,668.7772922361428,639.4475178172933,499.5675949491283,815.7519688176883,902.8429237188295,917.0014815641089,917.6197989501953,351.09864192538794,349.67320620218914,957.7174720709114,986.9495083036877,646.0275109975125,692.8881073692343,522.2453703485141,396.3881978723738,869.9581585290297,848.249452868803,903.1680499700111,928.758823445638,908.4492481037722,893.233297390408,793.7948961340862,765.5378120146602,802.3791827903445,789.7272488629377,462.19060372454777,550.7365684009224,719.5668775214524,645.3318948745728,748.3294120525557,781.442101953154,836.0698875212072,834.6438490549723,742.4997455502345,675.0638220460265,899.414390982351,775.6017137398818,887.2129352935033,709.0691963921131,794.2595747874991,561.3438063883314,502.90869518685724,483.0617592689839,888.5498114896108,1030.1868034936488,1061.2097833522196,956.2060346719695,965.137770146909,990.9375116585913,845.21295581316,964.4113469624225,917.774932633585,826.0703819210831,958.3136688060974,902.0383039747724,946.5741030942103,962.6194400681975,766.5708221229347,835.0197832076276,663.6613678538471,705.4625582344088,495.0225184343863,485.9197970108247,806.8368120037142,775.4603686827347,829.9061006586602,914.036491394043,802.9100809937693,805.1470976837433,560.5019394810995,501.01626668572425,696.5803197213731,673.2614126239407,352.43073512245627,375.3708379139539,333.48769198109704,386.43769357656265,584.5277967679683,361.79649692649645,75.03337821893876,22.168523079691425,702.8077534993489,679.9706798488811,697.8603695183992,691.1637583598832,706.2415008933186,665.2218780331041,93.41074423982124,-0.04220061404975476,28.69746911521122,11.451579086999118,98.06811202708543,59.33134322665552,388.42132743199664,214.4369536953814,708.7746249112216,740.550712446733,804.7882776452391,704.1223540487168,513.9780974949108,239.4125748830929,328.3452943671833,653.7170431202856
865.5330028511416,966.0226077539752,916.7999645509844,986.7080053200285,428.37345341527185,492.06578319306885,914.6373805495682,917.5431908562842,659.6980164391654,586.345003239444,825.8752762864276,803.9368749026269,868.8292049453762,667.7445480408456,639.214117116596,498.9461441039115,816.6222916010996,902.5975014062419,919.344800108694,919.6635523681641,351.7911649809943,348.37109158833823,956.6787283430884,988.012378208221,646.9916942656353,691.7070011581693,521.480875974202,396.8302976919545,870.8092857216889,849.0642533667293,900.9022482724328,928.9587117513021,909.8262629104873,895.4331800672743,794.0756175165591,767.2286369599492,803.911621497066,792.0013552065249,462.46127989036694,549.8607051649344,720.4959051413614,647.1905364990234,755.05604604064,786.3228875472082,841.1673734314262,840.3919858569988,746.9949962206123,678.5288041238184,902.4529830686507,778.2565594782228,890.1478812783535,710.6914531220373,797.3083533043284,561.4776966384812,505.0739409648292,484.9031846636446,891.3841094135063,1034.4782025814056,1064.8426072551158,957.8494661661742,968.1444206436821,992.1817986957464,848.0505167643229,965.5745507797586,916.992965242756,827.5549210306903,963.2728499294667,907.4095076984092,948.9613101254603,965.2948520723627,770.5115316580008,837.7331257179135,663.787314528719,706.7852003749831,493.4529038581295,490.33638924612126,811.3333192418834,778.4371429063473,830.401013962766,916.4387370518276,805.7792921797069,807.4852639219379,561.8190952237447,501.9475402331352,697.6677580073016,675.7462751215567,354.1808616760899,375.9748240791073,334.459556457897,387.31054692956064,582.855999909607,357.9982426493615,70.70872128180538,20.847743309880617,703.4751403808593,680.5747173761918,701.3429480493069,694.3196125289434,710.3044441359037,668.7256413858503,91.8943895596029,-0.012721562026827424,26.636142233062504,10.808042447700116,95.48311154777404,57.5168821427881,374.86222796969946,203.96761184580185,709.9628406871449,747.0501975319602,805.1535732602113,706.8020967893963,511.4266484858943,237.42297273926567,319.89541753133136,651.9006368702856
864.6781391202348,965.6104679763919,914.5758574459697,985.2195407213918,429.0413765663324,492.821941036731,913.8616765665378,916.1639086183588,657.8106428263138,585.1518101140124,826.6627772261456,802.6114394581507,868.0602697565462,666.9367755381202,638.5983103567095,500.30714042488455,813.1603113689694,901.3360637652122,916.4292703095067,917.8060751953125,352.19370481703015,348.404541460673,957.8034166278261,987.3583647712828,644.9318891794894,691.7353419026176,522.7632788558033,398.114233272978,870.2697598439343,847.2683397834684,899.8043962613804,927.856679280599,910.1589477021815,896.8119184027778,794.3748808487602,767.7813286838762,804.0593060060745,791.8983771712692,462.4267903310912,550.1728147728167,719.5497486552254,646.4214353561401,752.7806031836403,785.4629861370647,837.5078259743024,834.2495487112748,747.0759814475193,679.6381528427551,901.3964400506788,774.6850258052524,888.4678826141849,708.048952875003,795.5635239810687,562.9826089260625,505.3838562770593,486.32398467251204,889.7156464492112,1033.5230685538716,1063.917029691824,961.1045888154637,965.826376979662,990.0438827789332,848.2728139661504,965.3884796703794,917.3154704535185,826.9540317582222,961.3219563516338,905.6830434573708,945.7140769229574,962.5389232319363,770.0514186824764,837.3055536238874,665.5280581833026,708.8648449125744,494.35610563858694,489.12581903162135,815.7720009225313,782.0130078327606,830.5651491855053,912.8240944998605,805.1757108059879,809.3153875628229,559.3998811467488,500.1780550400416,697.4358806794961,674.8862800432859,351.4285183871494,376.8864066953694,333.4401630920668,388.02258054008075,586.8123923270933,365.1890250605888,77.00595223494909,22.48011691713475,703.6574666341146,681.3345766229145,698.3736856356263,691.6210911953611,710.387419955421,670.836609455659,93.95405344576896,-0.04428308917968361,29.04741741361494,11.72726877716507,99.08490204458981,59.934183706859905,389.22743871476916,215.54821053990986,709.692665793679,746.3661543412642,805.5504840620412,710.0399923203867,522.0419624225766,241.33584183454514,332.7231204726479,660.033116833917
868.3028545176969,971.1206531497565,918.016867792989,987.1935323889987,428.4718639462493,494.3090894121145,915.1673161733486,920.2093566553643,658.8402498984824,587.5969964803243,829.6322526854228,804.9862892067622,871.7184564973232,669.8224907905949,640.2435323658274,498.21371164984504,813.5686786525057,898.2441800266405,919.9586447061707,919.9111357421875,350.90132686826917,349.2481143951416,958.9606037552738,990.8739315820119,643.2729249275168,693.9211845692697,522.6538940766899,399.8641517294778,871.5222679713987,848.5410722897376,900.8786399220544,930.0872943115235,910.4562171030852,898.3264968532986,798.1833225416101,770.8715213637754,803.6493709076868,790.588818444146,460.4583796092442,549.1126442741365,715.0226150262552,648.100323677063,757.8930168672214,788.431133595688,843.4946612639347,842.6339531390987,750.2580238846708,680.357352567511,902.4388277853689,779.9479207013709,890.3863769323209,709.909570703564,800.5848353090843,566.583447451685,507.74006262808035,488.90422598781055,894.6883712634852,1039.2262120611138,1068.4752362871272,960.4716335640169,969.7842268437925,996.8942128091954,851.3462746296453,967.9513966595686,916.2824919971067,830.6452961935246,968.0929737112496,910.2382920308969,953.5981977912271,970.2454291074974,776.5524680678909,844.8836406019867,667.9958983255088,713.0481666465859,497.62318221382475,494.03724648918904,817.1398347948418,784.7646274170935,830.0647440159574,909.7185886928013,803.4666293206343,806.522422014679,558.7099284934998,500.60835447038215,697.0900106379639,676.4792816392151,356.97695584858167,375.80905391679346,335.1578114889562,389.9489539104366,585.4174539917394,359.8031807355086,72.6044179370532,21.001783959927334,703.5294738769531,679.6554079217426,705.8094595521688,698.7997718224159,716.0871842168366,674.1601253966539,92.407807512699,-0.006566231088988759,27.321206209320952,10.978910587924267,97.01391458006408,58.03925817853381,378.75614653693304,209.5585336965673,717.3809315074574,750.1840176669034,812.2634168791291,712.937423126607,517.6202195765925,239.44766543204324,321.5161413712935,654.3691595669451
865.1556492504855,967.774666442564,916.5978458508866,985.3054505610371,429.05686578085255,494.63533150724004,914.2838888469153,916.0109177885664,656.5072043477272,587.6442019958965,827.6094915498563,801.9435940212674,867.6294966578279,667.2978844323501,640.2097158621792,501.25702885954314,812.0673634316684,898.5587405588144,918.4371079485078,918.5922357177734,353.79354031880695,344.641455078125,959.5700285885413,989.5166089496915,648.1251531171549,692.0837752347464,522.0355901560072,398.3204547704922,871.2923458747144,846.5798729413822,899.011962249836,928.5087451171875,909.1648506552486,895.9176194932726,798.766939113451,770.0377116375658,800.3234398123451,788.115716015851,462.3809723513467,548.570582400547,705.1430403912653,645.1400892734528,754.6738804189695,784.4976840087023,841.5993129116247,839.6106594124733,746.2491597262295,678.9663109354206,903.5709685171804,777.7958317977592,891.7194188497241,710.2230135554998,796.941759939151,567.4424614532321,505.38619181741404,488.2387937453687,892.3559976767867,1036.3300255730196,1066.9689062790017,963.0151764507813,966.2672478186566,990.0195562584886,847.9430066729905,964.7855237001254,921.7967472361095,827.1431360491179,966.2279109054737,907.7764452004466,949.4659927270974,966.5793517729195,771.5885037258938,840.134606095611,667.192543169774,711.3871991046063,498.6355325450068,494.0751746808979,816.0271648969807,783.3479206512578,829.5863790309176,904.7888804844448,801.932808854114,807.253346472814,556.5183078384399,501.40311514933904,697.853583379569,674.6083352097079,351.46644698311303,375.5154943294043,333.6753590883066,389.89760794372467,586.4877790627536,363.1525746269897,71.59774523116303,21.49772528443538,702.0549967447917,680.2584145756091,706.1944026723504,694.9709574151362,714.9287779519273,674.3404488318707,92.68519183107358,-0.02362914540528975,27.131433874268733,11.069622239357939,97.25323274742229,58.68282766956636,381.1239592234294,211.7018542990965,720.2420765269886,751.2926546963779,810.299249226615,714.7150594976883,522.808979693581,237.78525176905748,323.881936636838,657.2086707805765
867.4898141007496,968.4138741637721,916.893653715408,986.3457519409666,430.9815706829692,493.8677541201136,915.2068605544927,917.8877497068364,658.0286848107163,587.73769289646,826.9331795607156,804.2090514243595,869.1388870160739,669.6944681794537,641.4961982129225,500.07523143498537,813.7933308388949,900.9228426150705,921.0675620594244,918.8367716064453,352.8971518410577,351.3548013051351,959.37452154999,989.6050184946212,647.9047302026399,694.7675344934175,524.615285293832,401.5872511333889,871.7363957099195,850.0317296911169,900.581351052432,928.1370501708984,911.2179556377863,896.507282172309,802.4898875360904,772.2428897719785,803.8214526743616,788.1594663549353,464.00336490358626,551.8308958917968,705.482973692847,648.6668198108673,757.0512822497459,787.4293513365832,843.7349481210736,842.1537875599331,748.0637939941785,678.8035533578246,906.0436564537787,779.9249134483225,893.2255049420753,713.0490353352108,801.0756896835807,569.5113322781582,506.3821006287055,490.33830179208235,894.1726555213218,1038.2313089841218,1069.0678170288613,961.9985262032521,969.9591545304008,993.4846495941619,850.3127484336177,967.8226234726454,920.0836811350352,828.2882117952487,969.115821114015,910.0919534102269,950.8642319600293,968.323744631604,770.5521526852169,840.3821269801406,667.5073361878001,710.4188651212883,496.2608717766361,490.5216780111823,814.4438621646068,782.8131906343199,827.9444852788398,906.3952713012695,803.4688570928756,807.3126103087683,561.7875312232972,501.5173228867849,698.1428087494972,676.8124395145876,353.98039969836964,374.88241532046874,334.90700537338853,390.2454000343441,586.0788071813324,364.4692610839009,72.96289722062647,22.340786251271336,710.1986511230468,681.6334321620101,704.5503935217857,695.4414960075827,714.9769045608948,674.2337366491192,93.22107768783003,-0.046298793275599125,27.705402371052944,11.300613255629546,97.69094583838384,59.023370243926905,384.3624330096775,212.5694312768824,712.4953668767756,749.1257967862216,808.29682277193,714.6152401694768,521.8729214200787,241.06185977213215,326.4690166964675,659.3428660425647
866.2350377935164,967.5221847094068,918.5880461884452,986.5810951749642,429.1752844344738,493.66422752610276,916.0631569214388,917.9828585084956,659.4612783120602,586.9123145862193,826.4355476038243,804.138395897169,869.4243306442968,669.1337879162568,640.7563768832838,501.24575653827515,815.6131959164877,900.8862815679506,920.1206808857534,918.0333786621094,352.4317380057441,346.15137379964193,960.8412843404222,990.5550983973911,648.5385304995232,694.0010494031421,521.9928007600057,397.4036945477128,871.1053887853083,850.2010754997348,901.5804865479156,928.7397330729167,913.6418035474874,897.3938621690538,801.6826328443444,771.9833249011672,802.0362715532076,790.3421659116392,464.3419061984335,550.668106339844,712.0336819007748,648.1293921470642,755.7310362988048,784.3538235126514,843.5152162001325,840.530481857863,747.5223221266565,679.2587224578524,907.4765299889349,778.0098482590616,894.8115677226004,711.3399631105049,801.4996941399681,570.4165534412159,506.76782375923483,488.69806007277555,893.7861213809429,1037.4379879603232,1069.4660550605658,961.9480774697846,971.4989440387228,992.1741717502138,850.343698180779,965.297313224141,925.1141211666278,827.9355792210699,967.747585930985,908.8186666305605,950.8479025287993,967.8227431155042,771.3234076285147,840.6972885131836,666.3241484055825,710.0394839332217,496.9660564920177,490.37416656923966,816.0715251985143,782.8787297292369,832.9716134578624,908.3479952130999,805.6179052294442,805.9329754891316,564.5714725748697,502.68594524860384,698.2021018704654,675.0500882222102,356.69453990599686,374.8695287463467,335.5570247966486,389.4680809629404,585.7695153278689,362.62155910203853,69.41772216179028,21.381294226041533,700.7765258789062,678.987393653999,702.8223458379507,692.6391206629136,714.9670575556864,673.2798658058521,90.33134494416758,-0.02293883501379578,25.851120816455797,10.739671047792994,95.63105675104953,57.16059822188215,373.0739850997925,205.35043075505425,703.3936212713069,746.4162775213068,806.2354472115536,716.2021156021311,516.9449821687213,238.03825564081208,320.14417110789907,658.6664302431304
863.1628890144501,964.4571220983158,914.8041735908789,983.9376652934162,430.3313023012738,495.24572931170195,914.4506391962674,916.8703130795093,658.8891597280697,588.8851054340113,824.8277461819532,807.400148016309,868.7641572248874,670.452392536619,641.2866111299885,502.79012126958105,818.608360109736,903.8364154524186,917.2863006007169,916.5788143310547,351.2828835381402,349.6917972564697,960.1279732069756,988.6676306346106,651.14127450214,692.9152502280015,523.5211593880838,400.7338344222969,872.1023959033894,851.1607231987847,904.1058054045429,930.1340661621093,911.556559675831,896.5041615125868,801.8665771484375,771.9458243128765,805.4842021118702,793.9796350267198,461.72751913751875,551.2836440439975,716.1997955822554,651.3782348632812,755.4927874196853,785.1710076354691,843.5656384279469,840.956714159564,747.2332072849116,678.3290557906657,905.0054755426222,778.0746862797444,892.6719765129237,710.897991541166,798.9893470387823,569.178731544345,505.23325958048684,488.0956380960399,891.4120094491514,1034.687281343672,1065.5469577533895,958.9328852572093,971.1839439591117,997.2281110140112,849.4448826407803,969.2048233644462,922.3973073247653,829.7857837800216,968.0310191250919,909.5784890887137,945.3935714041352,963.3889332133762,768.6144822266725,838.2675174650599,667.0518121281895,711.1684981176863,496.80219478883606,493.2169481734155,816.7226980240619,784.2071411639329,831.977790994847,911.2818036760602,804.3260229191104,807.5055258919521,565.009580821991,503.7132211621602,698.4515175638745,676.5758218821863,358.95050824109245,376.54920624137355,333.68035324662924,388.9983114778143,584.6332329833447,362.0763640910387,70.8284261826969,21.624488306312372,702.295703125,681.106474795584,701.7980790883303,692.3625072634597,712.4456218690362,670.07108653845,91.87293725814915,-0.03719652869773132,26.781861888341542,10.988605414856277,97.01153365882793,58.09895244725449,379.7263222270542,210.95190558714026,709.7525135387074,744.946435546875,806.6234401216443,708.9745744149897,516.8458536372465,237.5254376551561,322.34629281361896,659.0162079909752
863.29646839921,963.0239642081839,918.3695319920743,986.214381001385,430.95291352382924,495.214539143656,915.4732701138157,918.2292809863801,661.5100133467694,591.1235811534475,825.665264377749,806.2128078248766,869.6480819675976,671.0843744055945,643.0667309832218,503.1701932814222,819.3069017600109,904.8484660684072,917.4404639466969,917.9635118408203,353.82302565044824,351.3191570281982,959.0562336744168,990.891852000403,651.5618017256572,695.1953885686266,523.435933571494,400.99759180015985,872.1402246727133,853.1293689869068,904.07004408949,931.7034271240234,911.5528407985881,897.4644288465712,800.9679899796196,769.4421919857162,807.0260925292969,794.0705132661043,463.76373752525876,554.5787851962258,722.4410815629802,653.4603886604309,757.3349730613686,787.9091245099831,843.0885138796399,840.779963406903,751.5784472867477,682.0772693840773,907.5463604588663,778.6629294957584,895.986576843139,713.8597674393798,801.2701902517823,571.6731152487736,507.14556221597786,490.70513560455873,890.8368764252679,1031.9751498401165,1066.6256328772263,961.5240238683532,970.2646145762568,994.9405143125929,850.3325539451856,968.8841066458589,923.2689936623644,829.5593987053371,967.7520128228691,910.0271977410031,948.3279646369302,965.9040931996719,770.5789781862551,841.6652112241651,666.6373427504793,710.0015636625744,497.53170024484825,492.03631978639413,817.9661465003842,785.3197935745429,834.1384563040226,918.3985748291016,808.237069656109,810.211380416517,563.6749525260925,503.7029467145602,699.3395357994256,678.5633695290866,359.03579373254496,376.03992403629456,335.46020819370943,389.4661095668079,588.9832501839245,367.1583330323796,73.65922192704899,22.352167195147672,705.5407775878906,682.1887377722788,700.9567571282387,693.2836918205157,713.8823899907313,673.1855434053977,91.9354482395697,-0.02730467862415093,27.359372809396145,11.292551377625621,97.78222003190722,58.77809509395632,381.38898759418066,210.89406552034265,713.2693980823864,749.3847278941761,806.6693252461068,712.9510834126532,525.7885405970554,240.57165814962303,327.27612976594406,664.8871312634699
864.097018029079,962.8017773832938,916.8747468782803,985.3663547105523,431.07635997062505,495.2421726094825,915.6647270833541,918.3518947000706,661.4321440871881,590.4214922277654,826.5067863309287,805.4209081483266,870.17136227328,668.5849553761694,640.8634143753432,503.04514097250427,816.2071182467926,902.2291447268768,916.6818805563039,917.6558891601562,353.7522652943929,349.09527282714845,959.4319492246509,989.4192710755364,648.3823522728775,695.4964368212354,522.881544250151,403.4155275788572,873.9894769056788,850.884045033396,902.291160122929,931.6848815917969,910.9068937139996,899.7059304470486,801.7580874235733,770.1882956631213,805.9186437665628,793.9185672336155,460.45361153142795,550.5568327242962,718.0414038486168,648.9069337844849,753.4994537735743,783.9798741996005,837.915145227836,836.2737277878655,747.779121974283,681.4959804743945,906.1670975592829,778.714115953865,895.1201135274526,713.3805309139507,798.9807369762472,571.0263857374005,508.28502943037245,488.3881696917226,889.3627956427985,1030.3834208211413,1064.8521802008281,960.2074795637077,965.6708739969005,990.6046827742197,851.0326529219974,966.4597038025719,916.150065977182,826.7713180007245,965.7245903743786,907.388036502419,946.7184634846487,963.8930016617749,771.2419769355843,839.5718884077229,666.6867819269863,711.0955572747565,498.2872739045516,491.84313986335,821.6264273221376,787.9082674525091,833.9441190679023,914.1371470860073,804.5253800578502,808.7956199856753,561.243461081187,500.35767949342727,698.1971394324618,676.1785484139169,358.10487705118516,375.6535387211328,334.5218196734786,388.2176420404459,591.6861125573719,369.65180381377536,79.54605024218283,23.508979281849065,703.1584635416667,681.5319963875463,700.0392146632075,695.9122563012585,715.891819301149,673.2024250823303,93.26420399953464,-0.03549144331503797,29.40864297258406,11.915218244082658,100.46109382500121,60.50201187005407,389.5010970433553,215.01146222103168,710.3359874378551,749.1125221946023,810.1634738589294,715.0855535193334,530.616985931116,242.6216508657263,334.2979276974996,664.4790102202317
867.413581280669,967.9858680975558,917.3666967330734,988.440102505019,429.7194839743681,494.939932958356,918.0678709636666,922.1448573530481,662.425702601063,592.2955602817848,830.3950156700321,807.3099367792644,872.6372363448756,671.2707219319306,643.5478901554696,501.91056702509707,816.1600430023049,901.9499810304357,921.5075462604391,919.3950988769532,354.36162281036377,346.81913706461586,959.9491717956455,991.3211797683958,645.1197164845092,692.145638023104,522.438844037978,401.8385426070955,874.7572654148317,852.8138015558691,903.5930665984868,933.2446032714844,914.0907972950047,902.2117457411024,804.8131281313689,775.3892895801957,803.9586165507984,792.8168166831688,460.4867970091956,548.2142535184653,711.3809989553984,648.6471905708313,754.6483421084426,780.9392023131745,842.8653093180451,841.6442469030793,750.4939089924836,679.1740139364363,908.2691873858051,781.7971153035542,898.0921893494163,717.1928828434205,805.7714867698772,571.9621649162442,509.84500138585986,491.2986391999327,893.8236701021059,1036.7518414571812,1075.372560291002,963.9794334618281,976.9913008980129,1005.3379959489149,854.5163279308821,972.324343249631,920.7807084268599,834.613236578552,974.1038392570581,915.1131589250207,951.6832477545282,971.9153273777408,776.5435257301674,845.9262614641033,666.4866876864652,713.1247186041497,501.8385863373245,495.7754896996726,822.4961100093653,790.0184569299469,831.4722095246011,906.4488939557757,804.8110257875874,809.3016667741439,557.2501569239298,500.9001314671834,699.7229455313493,679.1237037392424,358.3776580025168,375.21268352963006,335.39317066098255,390.8830754550904,587.4104690005297,358.0617000079155,67.89801853669256,20.202776904204782,708.7560506184896,678.5960651979608,707.5200309604406,699.0851720749523,719.5826555014263,675.7252756785647,90.42548659326215,0.00880678484423293,25.26014452822967,10.379598927398288,95.11975154082921,57.16242241443345,371.2110327084859,202.0370940206682,723.2403564453125,757.530820534446,813.7689571508625,716.7275637856013,516.6779404060513,237.04023647347563,315.0384780565898,663.7771627491918
864.5240483379702,966.2560043997235,919.1003732125625,987.7505525991736,430.47102766258774,498.55009907397573,918.3111038273049,922.2084653830021,664.6438337053571,597.6548915280671,830.4433302995635,808.097423401333,872.8373454962546,672.0619823932648,646.1265755506297,506.2706950148637,817.4088941818165,901.027168248579,920.9431577952886,918.1659017333984,356.3524022632175,350.282785542806,960.2975426435814,992.6311554681687,646.3024570692272,696.3727882170415,524.5946754329112,408.22661348846225,874.7060603735582,853.7072628068336,904.0961366187869,933.0613675944011,916.0385005110401,902.5202185058594,805.4418682595958,772.709817541651,805.6517999455792,791.1106452941895,464.1220519542694,550.8189777283186,705.4204531810323,648.6891837120056,746.9603523195736,774.0279237466966,833.5736019304204,829.0841590117293,743.2214028697368,674.3028745201084,905.0160266753165,774.9903442069582,897.3330159868513,714.0781645955035,801.7954334207715,571.1049381611394,507.2575738764572,489.5499642568407,889.4425966528133,1030.4907350586727,1068.015194425315,961.9871809241025,970.6471038287619,1000.0066975235553,852.4428245474439,969.3229374924805,921.1907488694832,832.0428068767222,968.1620674947675,910.4335317386208,945.9514667486688,965.8162346096988,771.7254700703664,844.9921495406354,666.9127407948905,711.0885581805077,500.3707567297894,490.36122518190194,820.4963086237673,787.0099082092032,830.8934806661402,903.5686656406948,804.7529432727916,806.9889780566178,562.3885018539429,502.50194727023444,699.0567472029362,677.6169723189681,360.46651195077334,374.2302270744682,335.6011452352007,391.15449742054625,590.9273799903223,365.48741158972183,71.99900935573021,21.890265763600468,710.0021219889323,683.4323440810381,704.0363697260618,693.164632391606,716.6908535945203,674.4715326584347,91.19355778441471,-0.003349963278958091,26.554767095180374,10.882411758723693,96.8731546021327,58.053555777777106,375.97254435221356,208.95323019869187,722.1279574307529,751.3505315607244,807.4123490096739,716.1252802595308,525.551284794714,238.13689856675634,323.30826820026743,662.1890195649246
863.5059862733591,963.4805103028664,917.0662722048946,985.9819529256023,430.6126054364581,495.4374761219536,917.7105956536933,920.0434388635514,660.6748506779574,593.2924894309434,827.5054404561113,807.9688546044486,871.2489405741618,670.599627427244,641.3736126909208,504.0307195263524,819.3988119550226,903.2790457513245,920.8340869187396,917.2117556152343,355.42223252190485,352.4422929128011,961.7742523149323,988.7694797818623,651.1713725484478,693.2361625798435,518.8428200568942,399.8952033147216,872.5895792403311,851.0574267728829,906.5283231960507,934.1170475260417,914.0760492874405,901.4419566514757,806.4512047809103,775.9709167480469,805.3563280819797,792.9639645329228,463.045866046633,549.9707454697469,717.5520845006724,649.8760628700256,744.5552506430873,774.3470887821433,836.4530822765861,831.692372201479,742.0364874453584,672.6135611675315,904.8301842228059,774.9917557232541,899.1888082466223,715.5992262675248,802.3153635888891,573.3007408403882,506.32896415801923,487.9824205951098,888.2391725604923,1029.6438226310743,1067.745509400996,961.376205087379,974.0413824728261,1001.918023068928,850.846174210948,970.9226958682998,920.9656268447193,835.682511123884,969.9515269847399,911.6277042224443,945.6912122592804,964.189700637733,770.5311735342215,842.1790801501664,666.4748890728032,710.3072348590537,494.74507782424706,493.75764981122086,819.0957561555456,784.3270420691779,832.0634402011303,910.7803279331753,803.691170005506,806.0052088953513,563.4421996307373,500.95211711168287,698.04730824773,675.7938033381985,351.78423935946296,376.160825185397,334.40646952049184,389.05119946346804,589.4064277080607,362.4423844471077,70.02333623946954,21.375801315954632,707.1906880696614,682.2683250297935,703.6870075166225,693.8764256265907,715.4345994323264,672.0220765484574,90.81614349584561,-0.009635010016737161,25.944555255494425,10.685687629310165,95.71126549708617,57.33878747652653,373.73771291308935,204.53546727404876,710.1305486505681,747.0432939009233,808.2758926289193,712.7998326941381,517.8622078287835,237.3296904205753,319.2764687682643,656.7771774818158
862.2922300228403,959.9593877991041,914.717126336024,986.2153812727605,433.72284789861635,495.3184664696455,917.3433544942689,918.3141517980048,662.0019602289005,594.8873960268302,825.4387530815311,802.6758344438341,869.546466807763,668.5179706170009,641.6244766890113,503.86776046776595,814.9450447118678,902.1456363969467,918.2938767941062,915.7847109375,354.59632380803424,357.761062113444,958.3139471299032,986.8622003585573,652.0030510288259,695.0473017201319,518.8857603547323,401.4295569463736,870.7212521535046,850.683984375,903.4050434743325,930.6766538492839,915.1381111791578,900.7924323187934,804.1959087869395,774.5308146649096,806.66059398231,793.6261123374657,461.4967182278633,553.0252819775642,726.9967171090548,650.3132491111755,743.5489264518495,773.9862787870434,833.7761603291652,829.7159427341662,743.452133036842,673.4384176268444,902.6469557239163,773.0334333100976,896.5415078657782,713.4593602502849,803.6834521101194,573.591195751639,506.30099489337385,487.6970907841884,888.0761867828202,1027.1800902121597,1067.3021166412157,958.8807336132254,972.0182137398098,996.073428810993,850.5673979546317,969.1017813074245,918.9354689868528,832.2844564280152,966.3475160405877,910.2959393115302,944.0439890478826,963.2699780543206,771.3739946038874,843.53143104178,666.5973252462685,709.4209553772237,494.7348858377208,488.9445108762929,818.9419838326876,784.0218194352146,830.3115247361203,911.9718845912388,805.8996359872635,807.4689330922964,563.3113646189372,502.59343821525573,697.9717454775839,676.9673045688828,358.7304398536682,379.7279009767388,335.66256601239246,390.4598105888685,588.7490466163194,364.8438239491731,68.2123448955654,22.0640346605698,709.2997233072916,684.7168113579185,703.3414754867554,694.7159769049597,716.0089459989514,675.2822488257821,91.5388358353245,-0.050156894006283474,25.998442326927705,10.790942606325137,96.7452106194756,58.70563611754727,376.4438098801507,213.63203376882217,708.1278409090909,749.9276211825284,808.6434035333211,713.7483014456833,520.8662646354413,238.43634922031248,320.9652610258623,662.8695847083783
863.66915767449,962.4738898173426,918.0455664000812,985.5287735775647,430.6411716283754,494.8835640509746,916.8553157198256,919.0812689858294,662.509652390772,592.4358307772362,828.0201027412725,804.5177145458404,870.434527546014,669.579004925031,643.4692599073571,500.62859343417523,812.4529498493501,895.8413289599245,918.0587617720681,915.8332371826172,355.709200753106,358.3554475148519,957.8159630405266,989.4082553802974,644.9077264076752,696.5625462636843,522.7600023469872,405.605388942692,871.9178048619684,846.0153882438753,900.4298336800002,931.072431640625,913.9714271416099,901.493651936849,802.7288690981658,774.9811313123588,803.6130458478885,790.1422891970034,462.05659318821773,548.3517881243416,706.9937393938909,649.3038444519043,742.9771137712376,773.2792205087381,830.4008312763278,826.573037024827,740.5991075689143,674.3965917475574,903.9504444737588,772.9803048186988,895.2737165172434,711.1264507238054,801.9712533993571,569.9741318038865,505.24213277976,484.48749579150234,887.7840073617891,1028.2484716254253,1063.580335711815,959.6508945118056,968.9023592476223,994.8427019026673,850.3050336225317,967.8285440809933,917.1517876013002,827.928578574528,962.6915946660417,905.3180683968959,945.7310233146521,963.7534995737656,774.9109433148358,844.0380601726595,666.287145212156,711.8051512086546,499.2724737637285,491.5906034657653,821.2072148557569,787.1082173580945,829.8238499418218,899.7186824253628,802.4447017355441,801.8763261025782,557.2386191813151,500.74148926417035,696.6328986541815,673.1830933377048,360.6832149842206,376.25445115265,334.8331827564786,388.79457088420446,588.8882201515353,367.1203216482202,72.7064767391852,22.62454924915713,710.2394734700521,681.4648173703986,703.2555660903454,694.2789581436916,715.6938315821058,673.9480882658644,91.51746580807958,-0.017328507411811085,26.838519528795956,11.315508066605668,97.37319442183573,59.225881956517696,378.2119281027052,212.3604366498835,718.3202847567471,751.4874034534802,812.5600106668152,717.3992974003659,530.202385967853,239.00857216433474,326.17494895241475,664.4204227842133
861.3116149361891,960.8090376620642,915.0709979117413,982.4768398938426,429.1914462377859,492.9138443544507,914.0374091263012,915.568781053259,659.4764259056169,590.0734711729112,825.4181631755054,804.2958932002385,868.8363281040617,667.9570236099877,638.8783913275496,503.3759967440707,813.3275202168107,897.2209681070524,916.4098943366859,914.7494084472656,354.5867686801487,352.02502326965333,956.5907224955153,986.477924770779,646.2521112551864,692.8318594419039,519.5462069853893,401.10081768367024,869.9004801624226,846.3020373685861,900.1928424184404,926.6892578125,909.7848674968137,896.9639950900607,800.5450755243716,772.8208952754377,800.9037034627099,790.2881649158619,461.89568286282673,549.4540031161648,711.0113125160092,646.1855154037476,746.0188734914575,776.981113054176,831.621280053864,829.4213683535481,741.5620971317134,673.7904960653009,904.5267370408582,777.2773300070218,898.8208783169971,716.4164378614253,804.5269609117722,574.8486630589355,505.3600231199451,484.7650810708391,885.8952403240893,1026.1848374936317,1063.241533893231,959.2771761627627,967.4096508258322,993.8902992415196,849.0091765984118,966.6881446956116,916.9301746425344,827.8292491528415,961.2135114005442,903.4222732565167,941.4988288636421,961.7141295375086,767.3354430327545,838.6524304874608,663.8812135468929,708.6195413168375,494.9786067354506,491.3629696268431,815.9384035204278,783.7933461042855,824.8436967565658,902.4393648420062,799.3061495868639,800.1753458792333,559.9904907989502,499.20375819206237,696.2061458537232,672.7405927518607,353.98985990636487,375.0873068110607,334.14399922763306,389.62021456955443,590.2085779437792,369.41205085501076,74.01943063819608,22.956846272211216,710.2651407877604,682.5279189287606,703.571270249784,693.2834724667924,714.314944978282,672.0147908311019,91.71875896436579,-0.04678402083615462,27.22272922112031,11.38693546414683,97.15495068662892,58.90991202667756,376.1519084506565,209.41216658143435,715.8793057528409,748.316620427912,809.7012767407718,719.1342980107174,524.8359718696744,239.54837281662122,322.66265339923626,659.4465542497306
861.6625363328521,959.989847348796,915.8495731966107,982.473627341221,429.7910285284353,491.72667631932666,913.405087613287,915.2518540938357,661.310250399064,591.0975649386156,824.9858716639077,804.1393808603286,868.2705651311073,668.8034847429407,641.213498257879,502.6706992334527,812.2886810302734,897.1349487621522,915.2963529272555,913.9397957763672,353.39409308963354,357.69241422017416,955.9363919102612,987.0061186533126,646.1966963663151,695.2046112503324,522.5415959226492,404.32491764095096,867.9435524850521,848.398616008994,903.7330160466391,927.4771763102214,909.2391749236543,894.9387935384115,795.1835971998132,767.1347825383566,799.4599704826455,789.5764473809136,460.4443335618292,549.0889954584815,718.5442309770427,645.5613160133362,745.3582764036125,776.8596268604152,828.5591926497918,828.4784984170345,740.6120685782314,672.3471802092724,900.3145721927766,775.3441078991484,895.6214150363721,714.0835377196191,801.8327603874719,569.8020247104121,504.8236331626323,484.354398786729,884.6987254131271,1025.2459779729445,1060.0389629553513,952.5490721654265,967.135092242697,992.2171386993433,845.1735139199353,965.0723728103402,914.2607389990964,823.5912053677463,956.7010974498278,899.3169873148742,942.3491247869601,959.5915783623964,769.7411989435419,837.1748170696321,662.3248984660578,708.8773902793984,493.43879279537475,490.14356693751375,815.8247428018539,782.8598835418828,826.2482689390791,909.5194604056222,800.9799067325519,798.8764646356277,561.4312654813131,498.286945845286,696.172840837235,672.7004385193756,360.7089232984711,375.3168952267092,334.04239985284704,388.4927807374279,584.9019104547558,361.49285733823973,67.56245893916046,21.54551079644029,706.9574259440104,682.9294273247153,701.8657146692276,692.6684423938596,712.7328031505943,669.7818644087589,89.89048858182996,-0.0246627497797211,25.2483330069013,10.666557542495898,94.55259631846047,57.415549874163965,368.8945991198222,208.48979279574226,707.4336658824574,749.1324751420455,807.4151930841024,713.1537438887584,514.4623453780716,237.30000923652398,317.95563648686266,662.5006250841864
857.8226924747615,953.7844704046394,913.898097089298,979.3195214746482,427.6877327054046,491.1830815726093,910.7006563282582,911.7743017951478,658.8488086778291,588.6948039678276,823.3414833565068,801.5074406411912,865.7280354573428,666.585463210156,638.355482471523,502.5230903051627,812.9583304165664,897.9004195837483,912.8122549239703,912.603724609375,354.7194601694743,352.19559046427406,952.546264571373,984.2065007043263,644.477654601891,694.0974191276582,519.5094318706027,401.3568250768715,868.101499449532,845.8786161446277,899.2067265548105,925.4707857259115,902.7839033482438,890.0812487792969,788.9872147269871,759.6624656585326,797.7319003873985,786.2416973820439,459.4840621267046,547.2923136293218,717.9949746053727,643.8333315849304,740.6728371930501,774.1933305568605,825.8750076061503,822.7005831344783,737.8535677775864,672.164880050229,899.7232098241006,772.8746941334341,892.0186803432965,710.7831314140162,792.2019452150627,566.6340735098895,500.6091328039898,481.7157689110542,879.8743262484196,1019.936281322605,1053.1124598459858,951.1188719983843,960.530462248429,986.524632629839,844.1574729896103,964.9663833477861,913.8088169382579,820.4594117106548,951.0589375956674,894.2524742582743,937.5684330448223,955.2258368223412,763.3067153037132,834.2406177208072,662.2066005041839,706.0884849911645,494.8379202580106,488.79725518025145,811.132456795114,780.7225306340767,828.5543225876828,909.0649315970285,799.9430253076371,799.3272259920342,558.5770440769196,497.3305531915029,694.6575136369546,668.435726305698,354.92276629840626,373.92732233949516,331.3437902405858,386.7685792250059,587.3388386843362,365.8968569274123,73.70283074644652,22.9635178290553,702.3832743326823,676.6736946752516,696.0227063000202,687.6297771747296,709.9957731212975,669.8482503727771,92.33437398325277,-0.02055361820039926,27.384263474418354,11.517571663886233,97.29646616090106,58.89395818435737,379.68665234247845,213.2351579736261,704.843467018821,739.0728105024858,803.8010989195549,712.9348930648611,522.73331043767,240.19024215037362,326.8579207116907,662.5469970703125
858.5726827105777,954.0794748811409,914.2321560164553,979.5889756404072,427.1390455645184,491.1830411468233,910.4187630525737,911.1853801353942,657.2163844984404,588.8113447759972,821.5197210544493,800.0531541097732,864.5488529368903,664.5075138401888,637.1528290373769,500.77362766573503,811.2690993033315,895.6414445262415,912.7666890228388,913.1622325439453,352.8435405095418,355.11107699076337,951.1370783664104,983.5758667597695,644.5766506494651,692.6205141360944,519.1561636740331,401.5767600999938,867.404270675947,846.6738452299141,895.3577011789237,923.8452663167318,903.2986936407574,891.1451318359375,787.8966772991678,759.9719951583678,798.3137876535827,786.8511133547182,458.46042500223433,548.7395764325888,714.7692045618276,645.1875972747803,739.934215113284,774.596635285147,823.9863279689321,825.1816889751724,739.6784473135451,672.2439477030917,895.4086022653887,772.2418689559981,888.9285368851866,710.5891101307552,794.1250009579509,564.9267473922056,500.31893471502707,481.9420470325139,880.705686571303,1021.0591639200294,1051.4264187905494,944.6539377083698,958.5528405230979,983.3178096666305,841.1647634943691,961.3935256867742,906.2026028988967,817.8463566888519,948.557071055723,891.5504477849756,942.0653571839546,958.5955267637474,764.8647168477377,834.0915562363922,662.5428566188987,707.318249194653,492.7301821501359,489.5457002881547,813.5450376917104,783.6462830349617,824.0639103016955,905.9657625470843,799.9389263313849,797.3919013191982,557.7894712320964,498.5706941461563,693.3969838706932,669.9167748643235,357.9390949754154,374.286514895057,332.65616629148525,385.36355747909454,584.8583147902237,361.89365624393025,71.9471233818611,22.26137590595714,702.9040669759114,680.1460395425053,700.1955866664648,692.1956198851987,709.6720209873966,665.6825309977263,90.95529071105595,-0.036959377817671606,26.880649386796303,11.209084626585328,96.6964921608426,58.94135971555627,377.2091481420729,211.03389386569754,703.1797152432529,742.8630537553267,808.4389617715105,708.0782646468923,515.4952261120666,239.31723896348686,322.32678855549204,659.7529570480873
859.0916088694242,955.9416736117518,915.6262366967309,981.294890445542,427.553472589892,491.3624763531344,912.0288673264291,913.4965324158364,659.1073638468373,590.1222782506318,822.7911302675077,798.9262026514326,865.5759656850511,665.2948679661959,637.939844155193,500.91551565532353,806.1804465343602,890.6207223999936,912.897486661129,912.031345703125,351.9931987126668,355.2102780659994,952.295818576565,984.2357218303378,640.7160189388934,690.9501547499017,520.048785910422,403.53094187378883,866.9269086010052,844.118179132909,895.7847582399063,924.4277655029297,905.0164046206717,892.9423383246527,786.9008043372113,760.6638459354998,798.9966457551797,787.7136424029314,457.25572115182877,546.7737632637167,718.4090696241035,644.4389109611511,738.971031324731,774.2674206557432,825.076945469572,824.5670419436449,738.7633119575248,673.1209028254856,898.272295724192,773.2053881446637,889.0590309906497,709.0678381001205,792.4718111320461,564.6995485249688,500.324927211443,481.3014465541184,881.1196483348834,1022.2167361555277,1051.7043574191066,948.5430341276846,962.6755398426885,989.9163878340165,842.3408594393949,962.9347128338284,911.0742312758716,820.9320610678474,949.5755703443891,894.0745084972143,940.6383344322253,959.2952965162077,765.8792145531456,835.1217105427727,662.6960997275256,707.896944516665,495.6934964829597,487.7974326979946,817.0922949118692,784.1605751385828,826.0699709628491,902.133177621024,799.2265644110025,798.4851351890775,556.8314736557007,499.99587706724805,694.0213023105907,669.4087908175144,355.566343980677,374.9366140193457,332.229573884358,385.19790220885795,587.4941425585585,363.61340984632574,73.62522902670834,22.69075034333157,703.244472249349,681.6085163698358,698.9211859256029,691.083296762872,710.4215235431079,669.1334313763383,91.73287520466654,-0.02737708552568047,27.41764097376596,11.467481869721919,97.89542208732021,58.838595954961676,381.73552412456934,213.21454928903017,704.7747469815341,744.2188054865056,807.4405366014314,711.3731335990036,520.5848416347129,239.27145899596968,327.9892282630458,660.4957064924569
859.7705184414085,955.9098173981965,915.0012227079956,980.600612017263,424.9586322784424,488.61634293943644,911.8098938300482,913.0806941304309,657.2504567808035,587.3901402591193,825.7738478125596,799.6595823212275,866.8330140939912,665.9685040857145,635.2571166593638,499.48710000544565,807.169127911753,890.6220956751674,912.2369457259489,913.457035522461,353.24592378404407,352.78495496114095,950.6551911325166,984.7644282749721,637.6600329900912,689.5932267995981,518.3046462338274,399.15665116243895,865.7271805529324,839.2587187590423,893.21115737074,922.3166587320964,902.0844021813344,891.8208843315972,790.4783309273098,761.106840570289,798.5585219597501,786.499483179163,456.2963915637561,544.2525685842564,713.4979333095863,642.7563920021057,737.0350014444382,772.2425505290099,825.4705691627696,824.280515893858,735.3331447751069,671.6715723765897,897.1787931134623,772.0498040554461,886.5687044111764,707.207053522229,792.3440871302857,564.4969069910984,499.29889688610393,479.7734490158905,881.3202370082693,1022.89015665471,1052.4667572449916,947.8977285120321,962.3628643533458,988.3764259190235,843.5687297856042,964.5598246580289,909.7047211376589,820.9244958029853,951.4349509378497,892.8180671235616,941.7913316860321,959.3149420806716,768.3901541082708,835.2525534082631,661.356913155372,707.6641779647761,493.38312873287475,491.9359423140405,815.6453949975186,784.3221671076731,824.6514944522938,897.319109235491,794.9957513736125,796.3399101673568,556.355294049581,499.20535696665445,691.6288892502301,666.653998202012,353.84959789163923,372.84358321372355,331.2503128920992,384.78100607733336,587.1079515965564,363.66098572523646,74.81239125456798,22.70347273487399,701.3826639811198,678.0436313435183,699.8494944348931,694.3963272992303,712.0049905170315,667.2293128314403,91.87831925309729,-0.027478285654689426,27.62634514180127,11.445847600778091,97.5951052493994,59.09270851010136,379.9044788148668,210.83420237372903,705.1442260742188,741.7237415660511,810.832862597984,709.8763815964325,519.448777367087,239.66134294606093,325.7979905515006,656.6956408270474
862.4188098389536,959.4416278763251,915.6364321351476,982.4380070659744,425.8549185908118,491.8910708427429,913.3885280027007,915.3997638962117,662.5035291983157,590.1920634918525,827.0901249211009,799.970715699877,867.8834342629382,666.4730425981375,637.3751080942836,500.09207601405257,806.9335169498389,888.649820885389,913.191341473225,914.8425061035156,355.07953876919214,351.1582374572754,951.0479819667976,987.6479675656274,641.5173844242595,693.3850869346451,520.3115057760839,401.84483796026973,867.3109481379671,841.8771691593123,894.9655879463736,923.5780308024089,904.9540014751886,892.0954976399739,793.2820251464843,764.8934248958725,795.460936290052,785.8560019599067,455.6830411383084,544.6431677493264,700.0005107942175,641.8414220809937,740.2544500979167,772.2431572647456,827.7126349597277,828.673024828671,735.8146750552595,669.4159062201535,897.5698525090371,774.6633945028802,890.161127961894,710.0939028440587,797.1589624379247,562.6316472969803,500.67472820320097,481.4609820444728,884.3880303624164,1026.2650768657525,1057.0314310951314,945.958009892512,967.3140929114301,991.6393988333087,845.0756201321196,963.7264483254633,911.698597125153,822.9033968510246,953.7455735753092,894.9954769893217,945.2544958029583,963.0380110767006,771.7215357256365,838.9841955216204,660.985321534883,707.8909798494149,492.6100539055424,492.7113778557576,816.8618876973137,785.0218703400544,823.8901951566655,896.1276147024972,796.8223398837093,796.4496093481285,553.5869367154439,498.34443387349444,692.284414707669,668.8539517602803,354.89092432751374,373.6529613453559,331.9960299277057,386.42284019186616,584.9161992296197,355.30566631284233,66.74958200729452,20.578111283443643,705.8784016927083,676.0498481362553,703.8865345418453,695.2736425615544,713.1976698858441,668.6034612632322,89.28803424145046,0.020028475095966346,24.63677797823205,10.421187546510607,93.37102715412853,56.59575643481546,364.09381646580164,199.32900695239798,718.7580344460227,749.2039362127131,812.6039146064912,709.4340851216376,511.00466145721134,236.63935953666243,313.35714051217747,657.4583182499326
860.6071150778598,957.8389573530717,915.7595534715867,980.514077479146,423.9719612210296,490.7327884563378,911.86257598955,913.9289387398578,661.2392365786494,589.1257153534499,826.2134084003727,800.5202957897906,866.3881286830476,666.0055700190637,637.0372764767699,500.3855301218833,806.3511459567535,889.5358813403057,912.7230631510416,914.3951596679688,356.3669828838772,350.14286778767905,950.9904985689326,986.4366663978213,640.3874029957187,692.6751927595872,520.2176573948307,401.49087317784625,866.4610538842543,840.1528160566165,894.1763000488281,921.7344809977213,903.2635657100354,890.8601255967882,790.1314155910326,763.6998232186559,794.7945412791248,784.2322650485569,455.03196991341457,543.1721160402905,701.2995335313141,642.8502440452576,735.7348960486669,769.6540226868543,823.671826088993,823.1374152201658,731.9298544087686,668.0946941705538,898.398217551939,771.6767732334976,888.5068844681081,707.5100503963245,789.929376029113,559.9201514113183,497.62429008295436,479.1914075586683,882.8507649149064,1024.2284797915706,1055.2545646848741,949.2440791944178,961.9010594376274,987.9905894998593,844.0799308800187,962.6379727149697,913.258154228552,821.1645604165642,951.8533844765652,892.3849466294672,942.1261878529931,959.4297023372756,764.7891545854174,836.5741203183034,659.4674665118577,707.5072816790956,492.7199773373811,492.532192391409,815.395082817703,783.6570067346344,825.81636859001,892.7513689313616,796.1425120803132,795.0970769323696,555.2197541618348,497.9666311677297,690.8776813561695,666.2689746036375,356.75947290308335,372.1107163618618,330.7237666733563,384.667434104151,582.8794267152789,355.3728917562341,66.37711569159809,20.591188293752417,705.7173848470052,679.0262177030919,701.7320373654366,692.2042665093193,711.313993031742,667.1799916778042,89.15392384452647,0.02452113613555277,24.314803644460156,10.378518278675047,94.21827608602501,56.050216222161886,363.88683038287695,198.34451293945312,718.0177390358665,741.3319458007812,809.2034047786021,710.6909471342835,509.63043889812394,233.7910626734558,312.1975921934301,653.2763577165275
860.7563820110443,957.5487813290322,914.9271593853637,981.8585912696868,424.1205148918684,491.88392573595047,912.4279905873694,914.633166313983,660.4570300822355,592.0484013068872,826.5713963702442,800.0107991483476,865.3543183995765,665.568915475718,637.3987967790063,501.5319992788968,808.4046850701644,890.0965233292691,913.1918674045139,914.5229395751953,354.92566055721704,349.7076157887777,950.3656987827405,987.0004131983197,640.8000013765865,691.3584878104074,520.7097616880638,406.01453506946564,867.0150943252276,842.3624333887924,893.7811881638575,921.8469106038411,903.9895946696653,890.7695483398437,791.6406350840693,765.0038698495152,793.5784156564049,783.4954817030165,454.85200207574024,543.3146409059732,694.5804103163422,638.189284324646,737.3006816288781,772.2027558240845,826.182247983795,825.4863903285467,733.3615665120527,669.4250271518331,899.6482952733194,773.2597058707319,887.500195112928,708.093831466717,788.9089075610242,560.5668899124744,495.9192266548929,479.0621019096499,883.1982237532784,1024.902657081649,1054.626883488237,949.4087596878996,962.5518695068359,989.4327226379543,843.727431597695,963.2441257370842,910.5267803135202,821.9773593943864,952.3043114994349,893.7425019711214,942.7516547525005,960.1583609396581,765.679268587817,835.5823594390368,659.5751924427277,705.7070198884774,492.41528054942256,489.9714187836983,814.2770198134125,781.6110649900318,823.6384381233378,894.0840977260044,796.2223152511422,794.1345104486244,553.199061627388,498.2500479284922,691.2967024244401,667.2626152181218,354.6185631092857,372.60709466486634,330.209987922882,385.3530042228312,584.7456999597707,357.83914131154614,69.61038256184784,21.114188480185312,704.5230489095052,675.7462861659163,700.4522387012839,691.4549374817723,710.9963169243499,666.5195793021279,89.5511287660338,0.011511109231246843,25.58890163026478,10.700863686277131,94.66979546957954,57.37831225459995,367.46221868197125,200.81925952083924,717.8462357954545,739.5279241388495,809.0609069414587,708.9229214825208,512.6163957738408,237.41828264060774,316.6146439927997,656.6801336880388
859.8020585205367,958.7555528996569,915.043042585484,981.0402150553061,426.2310382576876,493.36502124369144,911.1835429003781,913.6555871825523,660.3028055307816,593.7209324836731,825.0603949228922,799.8010833978179,866.2596245531765,664.7951173328678,638.3852519905982,501.43769263984547,808.2940615251731,890.1262452388522,913.2085104755971,914.4382451171875,354.78939723968506,350.3725854237874,952.049001267118,986.2243976895771,639.4822816324483,691.0050149016328,522.5804476237429,406.38111197286185,866.6289911090203,843.0435710388937,894.2322909137396,921.1758968098958,903.7056539503194,890.6205977376302,786.8120191491168,760.2551354098033,793.171493059738,783.2179951137966,455.24177225146974,545.5589473354086,694.9499616779265,637.2118330001831,736.0572508256587,770.2558371015069,824.1027166167673,825.2688384000321,732.9634499983354,668.6907445342391,895.6342641030589,772.500927133644,885.1009478722453,708.1013782086746,789.4352616109121,560.4875540803461,496.33533037704007,480.2510139743162,883.3711719575613,1024.2384290634482,1052.2865131122762,947.9157109752605,961.4105051057235,989.418595238411,844.287328620934,962.6068645867791,909.0623329504213,821.2425306630381,947.6802926309992,889.4919804770691,941.9081642491043,960.7722410760532,765.9085815876454,835.6887926195488,658.1649943360495,706.0432011327703,492.7044248719146,489.0541272230551,811.4419658223137,780.6972615728735,826.5471736826795,893.2765066964286,797.3816340398971,795.038802303662,554.8746811103821,499.3809896278381,690.8488528255849,667.7174897404478,352.9180544572718,373.41006301714623,331.45961061484803,385.81551566482017,585.635967806766,360.26094800546764,71.11340340088915,21.529482905563693,705.5377848307292,676.8783191745564,702.327575802803,691.2101028925692,709.3984112533298,667.0553040725969,91.37346132794444,-0.001580312413473924,26.282806177370333,11.012070122277562,95.74384666294283,57.82643175521184,373.9582419925266,206.9335679096334,713.3856145685369,740.8333163174716,809.242898825831,710.186297839201,516.1504397766263,238.65357773450384,321.26221067255193,659.6468211206897
859.555035479657,957.5680178439978,914.6477053956385,979.5298878947102,422.909719875247,489.81275384447406,910.5224035837055,912.2797882047613,657.0586524885528,588.374020162176,824.0569997337775,799.5737172232734,864.541437584172,664.2004802053274,635.0446922743498,499.90849029633307,808.5332986551439,891.298362529159,912.3425122257394,913.3925874023438,353.15918276045056,346.69850680033363,949.7928702724616,983.0271952795604,637.5356663708911,687.8957289169123,519.2485033741314,401.37650827235643,866.0356855572395,842.2452287085263,892.9100144754244,921.0842698160807,900.6842816886256,888.705022515191,785.445936385445,758.0060325530638,793.8265185923303,782.5401656539352,453.3149880170822,542.431938242823,696.470615574571,638.6766066551208,734.6459910897981,769.9019738147609,823.3814281298257,824.4116427689268,731.3281518250458,667.4819372629786,897.5949157714844,771.1717186197857,884.7909743212058,706.3097392145537,785.9541456966657,557.923088242026,495.9573510883121,478.65884538504577,882.7751955113823,1023.7161719644511,1052.0198634335084,947.4525365113765,959.201154493249,985.0699091204548,842.4993983744117,961.5649020872979,905.9460446941318,817.0023294468567,945.6912212843306,888.0766475926852,943.0552086313819,960.5193940052011,763.8605201652458,832.4026142808258,655.7051167619338,704.2891913079596,489.1383109714674,489.77132448008365,809.3294900362608,778.603167395374,824.9499966235871,891.9116058349609,795.3207197993195,793.5405688325344,553.3931587028503,497.34403387069705,689.7967435502796,665.0251446098571,349.7913650961483,371.6295484274303,329.0023747834687,384.11944230776436,583.8565651184432,358.5227761041373,71.42291190521792,21.527663419452278,701.2054036458334,675.0117456468486,699.7095591053367,689.5461387806888,707.32475680674,664.1364605537545,91.14693572836634,-0.0014877777615631069,26.362005496625738,10.933414364959077,95.87771644691333,58.01403747588616,374.9211156103346,204.68551482873804,705.1546353426846,741.7838822798295,808.566494935311,710.5987496677833,515.808508456922,238.450937893307,319.38047495755285,657.5847483667834
861.6919681589607,959.4505641954114,915.0553150970785,980.67839937856,424.9162797617358,492.3839181310364,910.8410597310957,912.2178459354158,658.503949106956,590.7543034775824,825.9721569898652,799.8111649906824,865.4737382892066,664.5506500307365,637.8568146216928,500.3007285695144,807.4930298430095,891.4455239558932,913.2865848468181,914.4906479492188,353.1794023513794,349.5821942647298,950.8038147214859,986.137757377019,638.275008106731,689.8347875181136,520.7518644385575,403.19583626588184,866.2897402925312,843.1227855541088,894.9621556399688,922.6686222330729,902.7497515920866,889.5021496582032,787.277233090608,757.3185932205384,794.2598379530045,783.2828246222603,455.30924949475695,545.0125552581044,695.4434624343622,638.659469127655,736.035575129683,770.5094808786401,825.1199823468716,827.2069757556358,734.6661225429251,667.4108157507242,899.0485327689878,771.4661216316335,887.8396869138401,708.5569860033346,791.415914629607,560.4127063938216,498.34805436413836,480.65337772962505,885.0616210319126,1025.464172894204,1053.3398536698608,945.0701234166215,960.4937287438435,986.7738068312117,842.7365555836155,961.7664757932655,906.0130878277679,819.2227553129196,947.8720119776351,889.6589997017002,945.7999374486839,962.47614098649,764.6481627043303,834.557822243112,658.7863472054858,705.6496336305296,489.33263231360394,487.05448311819157,810.2607379350505,777.8946254619424,826.1932087350399,894.3674043927874,795.7125000314237,794.8306892998311,554.5756514294942,498.9215094566345,690.5427485184523,668.4197112082982,354.1225738469292,371.2368957643474,330.84019625373185,385.62667907264716,581.9654079706033,357.4304664893945,70.94773487679453,21.220778247750022,703.444921875,675.3111753302105,702.3653618693352,690.8917036099672,706.712752635849,662.7257929291294,90.70181763270183,-0.0021708276122808456,26.314776037039046,10.93980998619892,95.19485869036184,57.764847810971,372.52426772647436,206.14740958634545,709.0658125443892,739.8439974698153,807.9887175079961,708.9271889215784,509.8921978333417,238.87755470735985,317.62176126422304,656.2957469019397
861.0710893471097,958.8537000757877,915.230478103039,982.2606671093945,425.3398137735766,492.3221677754606,911.9270108898583,913.2997268011214,657.4543001895048,588.0991443283245,826.0128678887841,800.9452119149859,866.3274632449011,665.621467929982,637.256870295871,500.0959713954118,808.9317157618807,890.7506684654971,913.5277643313353,914.1459448242188,353.04337321387396,346.9846794128418,953.9082028607785,986.2399297441755,640.6589824366944,689.4736027665191,521.0017395862558,401.7751527610752,866.3966166658222,842.6978260181568,895.7548289862204,924.1184847005209,903.4030407404496,890.3488555230035,790.3666349991508,759.4860280967621,795.1524862549903,783.7309554771141,455.3941567455019,545.6510433597065,695.8438840772285,638.6575145721436,737.0280383503626,770.2818552532467,828.9440529264282,828.1568300291809,733.8206941785891,667.5293271641631,899.7338740933326,771.1279260741651,886.747772727387,705.7760797266509,791.6203915035778,558.2982265762254,498.64683806112777,479.07312326462494,885.7615041158285,1025.5090618983463,1056.6133543307014,949.8554106152303,963.2097635020381,987.0127289071438,843.3816560751072,962.0964643788436,910.7091061036978,822.0034780847318,951.2573442523399,892.9611405755946,944.4951084404235,962.8421310509108,765.9465935509484,834.8445188178391,658.6663183509756,705.6403547014509,491.1158270352129,488.1212899651326,807.5594569972304,776.853024557913,826.8667602539062,894.5536444527762,796.3211604370468,795.6948358907225,554.7174635251363,498.8089630130927,692.0180158001735,668.3693417282412,350.85840470370124,373.23015699145594,331.1940530544768,384.85165025167726,583.0678096776908,358.39213765422505,70.87693968113011,21.89839158926517,701.873360188802,675.9803539211467,701.756234690547,690.8288625311528,706.1482913572976,663.3300048996009,91.72430336460667,-0.014481485448777675,26.519290968549722,10.977231150196374,96.15594605028065,58.003173544782626,376.2854627503289,209.37258958816528,708.4855457652699,740.7454967151989,807.3230394196991,709.1239747638944,513.9082372469061,239.02984451933912,321.88114576628715,657.3315240268049
861.5263520908468,960.4817452105609,914.3576327220721,982.111759079405,427.3344558627106,491.27061841743335,912.2309018238325,913.0069252533608,658.962119939376,590.0686007655057,825.6208980529289,800.7817671721417,866.7203732943658,665.6616432047807,639.0739248000567,501.50383888846886,808.6168528190722,893.4314133336774,914.6482266831672,914.7167462158203,353.3070576455858,348.49484265645344,954.6349937251808,986.5624871026902,642.8585136473491,690.0809219158613,523.9309832957568,399.665774612791,866.8976016494463,843.8567925347222,896.5235643762303,924.6311204020183,903.6637053408865,890.3589294433593,793.4677171790081,761.8498347638601,796.7238073138939,786.4623941492151,459.0723650455475,545.6593176309535,698.1930942222721,641.4011874198914,741.7622915146843,774.4934466393638,832.6540998832289,831.369566209135,737.4361840594898,669.3683186269307,899.4201044759443,772.8224386176056,884.782177186227,704.6960325991844,789.5610857223716,558.4688349798614,497.4757722122843,478.79868508946095,886.5563089343569,1026.9070995743905,1056.2503358910974,949.6136089650596,964.2215369979195,987.4243822090062,843.5942227891461,962.5792450551634,914.3725084902635,822.1245422548102,953.1815103187989,895.7592246913778,946.23995855052,963.3757634452693,768.4516912924277,836.1320364279825,658.7950324662235,705.6909026439056,491.5591474892437,486.2710193043024,806.582395709929,774.5966890580427,825.7313466173538,895.4616492135184,796.893100859105,797.5438483354136,555.0302120844523,498.8708639653524,692.759899420045,670.1750788901493,350.8037095238181,373.61748961851487,330.92874068891007,385.7799083280052,584.1875177482191,361.7278680794934,72.13495064785496,22.527507497533644,700.5389811197916,675.5716397560249,701.933067008853,690.4949767514051,705.6984049479166,662.3993402121994,92.44862055691192,-0.03831835029025873,27.315945423701567,11.36445950355888,96.81951990830866,59.1178415780186,380.596719900767,214.58973310975466,706.8488714044744,737.9317926580255,808.2987832703046,705.386111295676,516.9738225843392,240.21449088687567,324.2646887952631,659.2558488516972
863.8379674413832,964.3227895943805,914.6366015512509,982.7126606489082,425.91641360881715,491.4756798212017,912.7978915631619,913.3930890412026,658.1487608734442,587.4228205043273,826.4395790875443,800.3076361050681,868.0810696060416,665.5405145362321,637.3952551647205,500.40746858841726,809.7148936484098,893.8515791180126,915.5475267432201,916.3453395996094,352.448484049903,345.07136770884193,955.0665432763478,986.2974290393647,642.1696484151311,691.0266364170955,523.3976228829905,400.0127874082989,869.1747424287616,845.5263726128472,896.4195229838214,924.9235599772136,904.4506513951188,891.0711926269531,792.4217171047045,763.5214818012283,797.2729787952575,785.894381346526,457.5883248107774,545.952953838677,698.561704041528,641.3467960357666,745.5428978256467,777.9478011831853,835.7599338216702,834.6606670680799,739.0866898308116,672.0291528851836,900.6257376640074,774.6797182245339,885.2459411387891,705.5065612553111,788.2834261907055,560.0769365909052,496.5570340734604,479.5525715386224,888.6795647361062,1030.098627091006,1059.3142724088664,951.7042123748035,965.4468092943274,989.5582342610776,844.7203375440125,962.5607215563456,916.6438209192077,824.5271057789948,957.3236199625422,897.9245572574281,948.8696951896521,966.035942962815,767.510233939231,836.4742162735736,657.7684541054822,704.9161765358665,492.4037037725034,488.476089047714,805.8919124915951,775.4002399365437,827.9626568733378,896.8464170183454,799.4314944095538,800.2225375847263,557.0134400685628,500.08102051099144,693.6403720918731,671.8790758727057,351.72994823736303,375.5278545062895,330.96139885981876,386.1921498602139,582.3519451857018,359.35995717942717,68.82056606102184,22.20387442747386,701.9782572428386,676.5613165386652,704.6160287111998,693.3508806185484,706.3207646726652,663.7592695744521,90.83696883054157,-0.03639036023782359,26.14818436441043,11.043075961566345,95.96155303584244,57.9671098955917,374.17558929655286,211.12802711655112,709.5931451970881,741.9877053000711,811.810536634202,709.2778515393221,513.0806716423409,238.62340698378128,320.76213920477664,655.5851251010237
865.0822775164067,965.4644631474758,914.3756308357157,982.2570313229504,425.259078575844,488.53435163925,912.3505768576749,913.7493310059892,658.1381051199777,585.993458314875,828.940888505641,800.889512414024,869.216917531977,665.6109255402677,639.6787480738626,499.68706612373995,811.0728349730866,894.6036671990177,917.6915538100905,917.3553430175781,352.63600333531696,346.8282056808472,953.7094892471556,984.2642729622977,643.9377851536136,692.8638648626569,523.3147223456789,396.7918433050315,871.2641139480303,846.6110027548708,895.7385929938689,922.83708984375,906.1507945949749,892.6179224989149,796.8275456967561,765.1687658838479,797.7717972137855,785.4007722360117,458.43353593349457,547.4954742403066,700.8218183673796,642.4098973274231,748.7316452586462,780.4217792529065,838.5114018438918,834.923896811859,742.1947809763191,673.589475283256,900.0582089947115,775.705994373892,886.0574116777423,705.7036479713931,791.6410638099294,561.0625803891351,498.89471825316787,480.81002008154036,889.711037392423,1033.5528355682338,1062.6294954930218,956.5388364306534,967.4216513990319,994.7888419550985,846.4119393584925,964.1290740888305,918.7085370875117,827.5805870248366,961.3154974133781,902.2473228783534,949.5994074147218,965.1635175673342,766.5855919090477,836.277425422043,662.0293991368845,707.8297366187686,492.7435010827106,491.61473083496094,809.2323548363858,777.4024022525772,831.0583561024768,901.8500257219587,800.7287563035314,802.9772122538551,557.5993239402771,500.3871339384715,695.4602498268766,673.0999651933328,353.99325183700114,376.7483611124087,333.20901416335255,387.28804427023016,580.896348251754,355.89820317129295,68.74902734560547,20.903846070687596,706.4633748372396,679.0544826701536,705.8550490736961,696.3290840942935,708.1980791164718,667.3017462751393,90.94679854131965,-0.004499263316392899,26.058732906831533,10.83265600547103,95.37550689340061,57.38165786709406,374.81993595759076,208.890200250289,716.4854403409091,745.9903475674716,809.6614136151819,710.6030847090709,509.13721288857505,237.73288296084655,319.73987307693017,655.4327497811153
866.1687742050874,967.0828677229207,914.3117365615972,983.008368442733,428.6221625150636,490.1362992482526,914.081704987691,915.9549553518092,660.8362395228172,588.0110638786534,829.4880093055043,805.047942318992,871.490574517749,668.0589460144158,640.7693890955911,501.77302721120583,812.9830484254666,898.5581892083253,917.799460692424,917.91833984375,352.7168801095751,348.32026290893555,954.9860012390225,985.623580508762,646.1779605555909,691.666837485282,519.6963909423154,397.973954603076,872.581325387055,849.266769823616,898.1641982671782,925.8839959716797,906.5740452136024,894.0059598795573,796.9424993100374,769.4363899690559,799.6351522706153,788.3992611920393,460.17012236799513,546.4547475679091,702.6938161380956,644.2008681297302,750.3993014882482,779.5421754014435,839.5707671285339,836.3600050831399,744.0972790993935,674.6362009102648,901.6567360908755,774.966113277894,887.5145894324304,705.0052501737952,791.9261261123178,561.5870152034012,500.48496798893063,481.8941863016294,890.6052590461054,1033.9142028915662,1065.5533800063329,962.2053835575397,970.1241066841458,993.1172159971928,848.5388684287349,964.4286639202279,920.3545700756472,827.5361383275468,963.2458196061381,903.5736318277882,948.75606813856,966.1591264081924,769.4828765800407,839.3242696543209,665.4684671524468,712.873942849956,497.13121231742525,494.2973531803615,815.1457947277632,782.5716041153397,829.1857546542553,904.155141557966,801.3625401208227,805.4393742861669,556.819322090149,501.08183147192,696.2547141432237,673.0558686733019,350.6275958285612,376.03516074638503,332.6074627960722,387.79466086462656,581.3063489326192,358.1926123481989,67.55684295727836,21.226423208037733,704.990869140625,681.3396151267876,707.1426407843828,696.5201264118177,711.5397887872982,669.4503968199191,90.61127659776493,-0.026416389161237962,25.620344419348356,10.779524905501916,95.2855566139046,57.78305076983487,374.14070235358344,211.0049276632421,717.3974387428977,750.2047041459517,811.1121623404074,714.3245772349684,516.4926123689203,238.969639941135,319.3164807232943,657.4569723195043
869.5197337217004,969.6259394361816,917.4127420522937,987.2420225105437,430.78676507861115,493.0653762285198,917.5209876773506,919.3441131234677,662.7399903706142,591.8922353753301,830.4415434705533,805.1297118969351,872.3739358630434,669.4959105349142,643.175044524729,502.78518860511684,814.1824653227748,900.6340483098331,919.5220193095591,920.060646484375,351.85438505808514,348.82703628540037,957.2205344526283,987.6776247781421,648.1040175872323,693.2695453638559,522.9258964074909,400.98642087645,873.6754547694944,850.5112603835117,901.0857560766025,928.7300457763672,909.7915015786381,896.163073594835,803.1791960343071,775.1226887530592,800.4928798591513,789.0149845547146,461.53017557518825,546.9320113257075,704.5568712578445,646.2088584899902,753.7771278250785,783.9264996243879,842.6039226370601,839.2245007843999,749.2563051113412,677.1092275884394,902.9900777386081,778.99144624615,889.8304938349485,709.0779132624747,796.5923427701531,562.3510219302832,502.8518110346413,485.98274651525844,894.7378048933349,1037.9018664482844,1069.7880199588915,960.1702245198763,972.6706632133153,995.4567066870846,852.0929338647685,967.449800183253,920.4194616061538,829.0806059098059,968.6316714640413,906.2946721741487,953.5589490756867,970.3729463861793,774.3749958416363,844.4285665418281,666.0950885037763,713.2812744404846,497.2579137829767,495.3522979306503,815.3849089575596,783.2386517663219,830.1828080846908,906.0027727399554,803.3898422453138,806.9065218841173,557.7111807060242,501.50815182209016,697.9203010641006,676.2117380679276,354.48644397399005,376.20664462974355,334.1282336966445,389.9471085969541,584.3003941448516,360.2203520926336,67.74058459626718,21.45424762667275,704.49248046875,682.5502531407243,707.1944911181927,697.9187343131363,713.4642315347686,672.9901238513751,90.53117956243162,-0.022268303000816593,25.673346955157566,10.815895313259846,95.09413356676485,57.838489829592646,373.2253324190776,210.80085900250603,718.35009765625,750.7088967063211,811.6508293407876,713.2852638341203,516.4807701578327,238.00353707817564,318.4192902247111,656.0941120016164
868.0602503104362,969.6578344750886,917.3505073211707,986.3812412702705,430.2692480397779,492.89345560329303,917.4544089236832,919.1034489440918,660.7347350412485,592.2913366543953,829.2530439423351,804.13957259655,871.1515090968555,669.7279953946952,642.485616157304,503.574203845585,813.7732928669283,898.1054735785702,920.5929188929298,919.2885234375,353.0225591659546,350.0318962097168,958.4741535819799,989.8578278677804,648.7979455793092,695.6657956877907,522.3075308193818,401.15491046177016,874.1247304520517,848.9795374740789,900.0562037670707,928.2237204996745,910.816518363306,896.20038804796,801.5649785580842,774.0749603639166,800.5827513035174,790.396179623074,462.10582733154297,549.0346441001035,701.1534208704213,645.7372207641602,756.8956904844159,786.027196242346,844.4250776854066,840.4604391765873,750.5787340274527,679.0399599321239,905.5176521793488,778.8787137084693,892.826045408212,710.0087406694049,799.0870794458774,562.7101901325525,504.551345811644,488.0061011696798,894.4123610530991,1038.007066829337,1072.7382644093063,965.1544053657417,973.7516028628143,997.9566962695816,850.9333765572364,968.1071107927173,925.6702175994418,831.5421379407247,969.5634983534223,909.2404817414051,952.6259106678568,970.378375817399,771.8762892989425,843.660511829814,666.9621166264245,713.7067412669525,495.403564453125,492.87065060037963,815.591371880203,783.2813107818984,829.0776639897773,905.8833116803851,804.3701810763713,807.8762010026373,560.0758779907227,504.54143227259317,699.2690925778796,677.5910467559229,359.8497458514045,377.44670950204454,334.87424941236776,392.2189288798618,582.4842067446895,357.00276616593203,62.91280429610224,20.04249889106383,706.8337666829427,681.9721814171743,709.4414612054825,697.706935554608,715.3724393965937,673.5364353580987,89.56954689108841,-0.01203901918122062,24.01762300867043,10.095935758102236,93.84210860758348,56.451563537261016,367.9692332214779,205.2266207530218,713.4581243341619,757.3527709960938,813.3440377664245,713.6783300472212,513.0885345608581,236.04195511707087,311.35928871053636,657.7323924097522
867.0532184587319,970.1453259870259,916.7712531344928,986.1309225986678,432.51024554496587,493.71800694747697,916.4452464696392,919.8244321198159,660.8737048908156,593.0393476789114,828.4429761064731,806.7004684571236,871.0429594324547,671.374927584459,642.9081173666674,505.0544344313979,815.2822540427836,901.351246526471,919.7037414316931,919.4443873291016,353.33121426900226,352.6997957865397,959.8685525340951,990.1860983712332,651.0205930739797,697.0520989004073,522.2939341002407,400.99929396559793,874.8925340040674,852.9465164749711,900.4233130908075,930.7559252929688,911.7299462011305,896.2321917046442,806.6398023522419,775.3547918480563,804.4684951042814,792.0495974222819,463.909265092441,554.5187755291828,705.1145975081647,646.6488180160522,756.8629010234561,787.0694405976064,844.3550383732511,840.4904604432179,751.5044562048163,680.8382426087672,907.1013205251386,780.0194315896356,895.4344492412749,712.865747276806,801.9694959016124,570.4308936923157,505.3761575200841,491.5927670341467,894.0173816994273,1037.4592826929356,1070.3887170416747,966.8279418175932,973.0441180685292,999.2684289467759,851.9980084480495,968.6516178076159,925.8383694549105,832.0320660014485,969.6805374788435,911.0071659432996,950.8387198478553,969.2709492214477,770.0787650443413,844.2428644524246,668.2076007948009,714.2607655710988,498.5338413404382,494.05056117957747,816.9022812139792,785.6230965135503,830.6091724152261,905.4047012329102,806.2087605209642,809.7408662659028,563.8529295730591,504.18861705938974,700.5091363301887,678.279601288204,359.3359047721414,379.2181061011359,335.65587157259387,391.69637648226677,587.0279689486848,364.12125887264807,68.74779694444604,22.119379973844804,708.0612182617188,681.1894670906713,706.6608067452908,695.59658868712,715.449717203776,673.7459393900007,92.22732953254231,-0.03234212046523613,26.050488767019484,10.827113758328258,96.05621694326754,57.92950505911002,379.8130366537306,211.57470870018005,714.8016079989346,753.6291026722301,810.3315464506213,715.2699065389512,520.5898297242089,237.7856473643006,323.062062032295,659.227433829472
867.3179537830556,971.1235764664833,917.0072285474126,985.7082352353282,432.80017392358116,497.72653575880184,916.5689786112623,920.1289104315575,662.103296591311,593.8887195313563,828.8830866619824,809.6444130292015,872.1024035393272,672.6337589025497,643.784090186826,505.37694560771547,818.689536795232,904.2542382363861,920.6077788488161,918.9887899169922,351.31384229660034,351.484068552653,961.2491428435795,990.5610423617893,653.3588534450032,699.831692487329,524.4591679862849,402.0382297767533,875.3696040027546,854.6057372293354,903.5873288132075,931.4040098063151,917.4219523284395,900.8093101671006,811.0017533012059,778.295551346009,805.9600594810453,794.860654619005,466.5694733091763,553.8239255326517,714.6194012751345,650.9722328186035,762.6146966053379,791.4071132967257,850.7488083988843,848.0918552551353,753.3430290852697,682.9755179693636,909.3872616183373,783.1000516058064,899.1797958702962,714.9585271745141,802.3057363193666,569.8869793274823,509.76893240520417,489.8562301381715,896.0311329101028,1040.8130971935611,1076.9348184573212,968.9978778301887,977.5474062181555,1005.8941306635786,853.3985394119122,970.2012694073312,930.6078706428186,838.3379609165881,977.3074058146959,918.197423773117,950.7000046262316,969.5752438708563,770.5319302533123,842.7770074938164,667.7654481240369,712.0712613192471,497.48372440061706,495.6187705456371,818.3938343485847,785.6978377346181,831.3424422893119,912.301759992327,808.2180286166312,810.6543137763745,567.6741988817851,506.01446874817213,700.8529817163156,681.218798010664,359.8716020864599,378.71669151636667,334.9940328995387,391.3391508720771,582.4890113448652,357.18891470126806,61.93555722065718,20.11139355367893,708.0147013346354,683.5117658194849,707.9342240989208,697.1699298841381,720.0877666133657,673.4075186992916,89.80892725190834,-0.01742196198621834,23.676930195122456,9.900163839533759,93.4199262546702,56.00554955202425,365.07637956407336,201.57440690082663,714.1831165660511,752.0173428622159,808.850933715001,715.917098612725,510.35055209141154,233.46048556503496,311.2594234798894,656.0185252222522
