,ROI_2001,ROI_2002,ROI_2101,ROI_2102,ROI_2111,ROI_2112,ROI_2201,ROI_2202,ROI_2211,ROI_2212,ROI_2301,ROI_2302,ROI_2311,ROI_2312,ROI_2321,ROI_2322,ROI_2331,ROI_2332,ROI_2401,ROI_2402,ROI_2501,ROI_2502,ROI_2601,ROI_2602,ROI_2611,ROI_2612,ROI_2701,ROI_2702,ROI_3001,ROI_3002,ROI_4001,ROI_4002,ROI_4011,ROI_4012,ROI_4021,ROI_4022,ROI_4101,ROI_4102,ROI_4111,ROI_4112,ROI_4201,ROI_4202,ROI_5001,ROI_5002,ROI_5011,ROI_5012,ROI_5021,ROI_5022,ROI_5101,ROI_5102,ROI_5201,ROI_5202,ROI_5301,ROI_5302,ROI_5401,ROI_5402,ROI_6001,ROI_6002,ROI_6101,ROI_6102,ROI_6201,ROI_6202,ROI_6211,ROI_6212,ROI_6221,ROI_6222,ROI_6301,ROI_6302,ROI_6401,ROI_6402,ROI_7001,ROI_7002,ROI_7011,ROI_7012,ROI_7021,ROI_7022,ROI_7101,ROI_7102,ROI_8101,ROI_8102,ROI_8111,ROI_8112,ROI_8121,ROI_8122,ROI_8201,ROI_8202,ROI_8211,ROI_8212,ROI_8301,ROI_8302,ROI_9001,ROI_9002,ROI_9011,ROI_9012,ROI_9021,ROI_9022,ROI_9031,ROI_9032,ROI_9041,ROI_9042,ROI_9051,ROI_9052,ROI_9061,ROI_9062,ROI_9071,ROI_9072,ROI_9081,ROI_9082,ROI_9100,ROI_9110,ROI_9120,ROI_9130,ROI_9140,ROI_9150,ROI_9160,ROI_9170
ROI_2001,0.9999999999999999,0.7960966664820431,0.7653310999781348,0.6146299501967257,0.1261584914011652,-0.05747955446883633,0.7316897111328429,0.528039275550458,0.12501581808003628,-0.0221617049246757,0.4984466859035068,0.46596316217572264,0.599194639679891,0.4835071490392577,0.22660368278350462,0.04486364873051694,0.49356550614154293,0.4508984675321791,0.8175033124772427,0.7133753282829871,0.3645693813977695,0.15716386536715024,0.6145910595850091,0.5857991469430424,0.3949428164310877,0.03335370372676928,0.0009220693556398709,0.012570051304123383,0.37542321697916203,0.23741916712902306,0.4344965590508854,0.37686115709176476,0.6169070970652013,0.5162068491881758,0.46893973184429055,0.3917980442079133,0.35799318942276886,0.29360823048075313,0.29714636501827496,0.26912192890894915,0.1430534434710354,0.026018047172566033,0.5141146027253598,0.4991654113879397,0.5293302086170834,0.5047841433679893,0.501613719246438,0.43574366062233333,0.4907904763527777,0.5315969499414985,0.5584737048154941,0.535677138735405,0.4246445814424936,0.3713411753640225,0.39846222492015554,0.3664297725170764,0.8529988904609728,0.7791498784651274,0.69349430809987,0.6753579255663571,0.783592170209557,0.5023931849921326,0.5656270140866497,0.309682379945628,0.5781547915281353,0.45746848265267487,0.5389050527663662,0.5007662223280916,0.6205740993844686,0.6263235134555968,0.14981487030638385,0.19404344316244934,0.23407282799221166,0.17591474081754135,0.1647361711826351,0.0452744089637995,0.15089609316541688,0.18064910260624134,0.2871802203191139,0.29103483338585134,0.40954986606246657,0.37562206053477604,0.19123401778045626,0.25158019865298104,0.5488515870827366,0.43205762374257195,0.20018047827866656,0.35536619769656247,0.3045915870312671,0.35164582481052065,0.1403528894343181,0.21196916953297004,0.08318483040723679,0.15635577110771665,0.06267304065376836,0.006070584818565123,0.1252293375278316,0.21777284719898185,0.1850655455910948,0.07405771542677846,0.02865384553557654,0.1549050257524197,0.11758201468361652,0.09984920363095946,0.07041950001452063,0.08490730738930478,-0.17716067644550942,-0.2096265286357082,-0.017157672853917706,0.15810480692914433,0.07258026744071885,0.10557134988456195,0.1416740601960587,0.10964150982836447,0.10874909484548297,-0.22680646807209728
ROI_2002,0.7960966664820432,1.0,0.5663208379557817,0.49414986669698024,0.041714110540818895,-0.15112966365315494,0.5060014288604598,0.5513555123926532,0.04737180255510009,-0.1236309438173124,0.2634150646143343,0.4829224001321841,0.39112062931249764,0.49557013788687276,0.08263415034723909,-0.011687414537126508,0.442677722368005,0.4847141191298914,0.7303954327527218,0.7486465273470699,0.4150522378720667,0.10381680527815568,0.47379230933370564,0.4834641682979419,0.4224992948750647,0.09005236133502137,-0.07119847870369445,0.08991357451252058,0.34309129652288045,0.24937522287938257,0.33057283286019934,0.32768644682055187,0.5574776520509287,0.49022389656095,0.4772454682467225,0.3464022604065599,0.3987715043691765,0.33055574374449537,0.1964542254955106,0.2207185326881174,0.2560758858163791,0.03941377984446013,0.5082217671523752,0.5205826980281271,0.5694311033759754,0.556229046306934,0.5045132739629,0.40732609437666384,0.509708922485411,0.5427809243140448,0.5098095598414575,0.5521702617306332,0.3111470195359171,0.2828252706539149,0.32247427167366666,0.29190043822430783,0.7623368197342434,0.890932494568989,0.6224443175539066,0.6990285137213837,0.6009898001858819,0.43961096108963504,0.45460235921242315,0.3342621721920656,0.42752664489409364,0.4245580961045281,0.539458851861322,0.49606995572869544,0.6498664314275023,0.7063074356636989,-0.05657592848912539,0.07554306751879479,0.2048970732292883,0.07636070295849405,0.05464260230294104,-0.028803579472315963,-0.0325764245142193,0.1034597908141992,0.3406047314335191,0.2846512751592092,0.4195216238296344,0.40438284603496977,0.18756524984897138,0.2947372308872641,0.4500295082616407,0.4199723342754588,0.1123958855957318,0.3312239131250566,0.16208366294694262,0.23136374801737034,0.03676587175002662,0.06783530269230131,0.030712903357450916,0.13761228418940416,0.011839401598454972,0.02791525561695225,0.07019416155602054,0.050370244983841454,0.09846886612647417,-0.10726524316658352,0.14157612612649068,0.08775404359654347,0.1051962223226463,0.05704632534090619,0.043109604518068695,0.040800946127190284,-0.15956341998562643,-0.16339179350483649,-0.07149814964263215,0.08616171946805734,-0.03721563517352967,-0.02758214895973402,0.027299759083824465,0.08465324298545818,0.054349392061183305,-0.3867006360095747
ROI_2101,0.7653310999781349,0.5663208379557817,1.0,0.7313139774028501,0.25137447249800005,0.26942119903506806,0.8954219581107389,0.6242775212141043,0.22192532731448944,0.30722154241273864,0.6535456842326978,0.5442572585517739,0.6594824264379678,0.6126642961770057,0.40246460124528743,0.31425773788680694,0.5165555565460532,0.5922831477626807,0.690393654116924,0.6568520013642499,0.18660718973078744,0.2996025141725581,0.8895432875413569,0.761077384012043,0.42966123884055457,0.09398661525550446,0.144193606576197,0.07693380822857818,0.5067880905043683,0.40742436958906486,0.5579979254404611,0.6355410222154709,0.7060121883863982,0.6333334667754547,0.40791024820161154,0.41624449331690744,0.26872320030232216,0.15415201688797342,0.38328228592052294,0.3571166554201448,0.0020073977696907774,0.11848209495388877,0.41261144815619505,0.4087520128920187,0.39981537582092075,0.3852367015248355,0.40935506186726583,0.4351631245318297,0.3081741245309235,0.3363426630172103,0.35315055783041194,0.3605496684448769,0.37185915526044533,0.3730525802679821,0.42029407404159225,0.3953530420980639,0.6986739182546287,0.5504338998814324,0.4914077239295208,0.4409587368023234,0.5614496479595705,0.3613523159559969,0.5080775279369952,0.35564427342397165,0.4157853227260645,0.3108932456802997,0.45094840453755897,0.44619004703759463,0.3871777868097052,0.4646739476600253,0.5278524803401883,0.4504461857869553,0.3226428537894229,0.36021212018856735,0.2114077136609486,0.2605597043875267,0.4301366351878364,0.26275082803182004,0.2962588024445253,0.5040451350550884,0.5058502516049567,0.5087183541337528,0.3124011153057808,0.22648321912265396,0.4160569839727856,0.36167921417364307,0.2959489791459076,0.3123364835877999,0.36227276633001554,0.3810060866856393,0.3050197252977339,0.3462743081777107,0.29251753069827224,0.3221040665720899,0.19186827540268458,0.0765032633982899,0.21920935532952102,0.25556776127547975,0.19024693445180724,0.15842174706059745,0.027486082776986016,0.23955285010747807,0.28371196803318366,0.26657182839407145,0.2866029807359474,0.2687085899267181,-0.29218937070381634,-0.29898008579302626,-0.02489269765158516,0.29214293493155624,0.14704935802479913,0.14657256425133317,0.19483274907313206,0.27141809558354985,0.302492853062635,0.09032289748516846
ROI_2102,0.6146299501967257,0.49414986669698024,0.7313139774028501,1.0,0.44974997263921895,0.23331344601579268,0.8114987338883585,0.6573856682912359,0.4677439981861752,0.3291783042611206,0.48834520164887013,0.5164421370313949,0.5217170063849143,0.5623630116029538,0.40621794196898187,0.42854742567091797,0.547449534306892,0.4319751517717459,0.6719805316020959,0.5142754851883363,0.2475996373927954,0.19079813242480345,0.6113081471406846,0.7873040985622283,0.29042756322235375,0.31038777982910015,0.27247946861433114,0.1574908686747469,0.422235398404895,0.4239894682772139,0.7190829695363176,0.6572046281965497,0.6526835592196597,0.7159097918592624,0.23043769449459406,0.22460466590410122,0.12334465975133645,0.13947199996423634,0.17096528118932106,0.17301108652218167,-0.07580940979433426,0.03149881628395715,0.22381291854533542,0.21136641052880004,0.24811980810540493,0.2242873706749685,0.14457976487730456,0.1824354610454057,0.20605406841386203,0.2801117946188023,0.2707122007571518,0.27815642444674793,0.2425840828161437,0.2739258793958019,0.1807154313886438,0.22782144251110106,0.4352381082625515,0.37997128175218253,0.2568446058129735,0.32904989497974174,0.476125582188744,0.6046697689853379,0.5216399995610717,0.5282030163614733,0.22551874526535284,0.39096952222957626,0.3268904873738263,0.3943066711561711,0.3286377156132539,0.23516993347226983,0.500913047469965,0.5898552411470637,0.2992395736486328,0.4418082774699262,0.43708860802124233,0.3907017933503197,0.32990198812367216,0.4198951666166629,0.34622596407724004,0.3512026873552433,0.4451395945938659,0.24619009675585368,0.03195908916891332,0.07100834363087442,0.2178232414996364,0.22063261402865755,0.17334040469126244,0.09183679577433107,0.21570164221368013,0.28181105905560255,0.20414330226386468,0.2522290747719098,0.20008349803892173,0.22575161062281612,0.12918496397543525,-0.02340636689059646,0.07984064443806994,0.12097872936812307,0.07490075870141014,0.053032090080981746,0.10227805562792669,0.17802588545355283,0.18084211334205996,0.1731412593463937,0.11262469197145486,0.1646822532901124,-0.21950655752923007,-0.25766207675141234,0.014838509159649724,0.28386443508169196,0.11234021568933202,0.08451081806833045,0.10919285682784254,0.13302278831817366,0.18130135614478413,0.0654108964384095
ROI_2111,0.1261584914011652,0.0417141105408189,0.25137447249800005,0.44974997263921895,1.0,0.7177328014618711,0.3217356445131998,0.011531578115445388,0.7984006722901544,0.7797341156299303,0.4398481720428589,0.16328207900002026,0.4103869527538206,0.24063173680347755,0.8524532460721878,0.8110922994853084,0.4384271634735293,0.28495622325821923,0.12964196923661384,-0.14999279641555083,0.2814243989190479,0.24018445072217348,0.25825468462543527,0.2982186387889536,0.5909409962082146,0.8059240429508675,0.8742854166007994,0.7059793027403699,0.36418169483479507,0.3369947165930966,0.5652124410840462,0.41064342546735166,0.16878922002329366,0.19318143448129457,0.17573682550919445,0.22613846470192342,-0.04608942756603811,-0.11878007950340085,0.13524709492171383,0.24430017796944514,-0.34864855038980425,0.018009635570107672,0.1074735499111871,0.10978198044146113,0.14953586477047817,0.09534367237441928,0.037967753246896725,0.1757509657825077,0.04629459568358503,0.13513268436448728,0.09373783951630528,0.08605812527213637,0.3368844859256674,0.3894194248424269,0.2556862715605762,0.3138525859883353,0.08338648476060584,0.004649567782621035,-0.0654715218981607,-0.016029072505516717,0.23673284989356103,0.2711282433421928,0.19037891690943942,0.045051892461036046,-0.004455422640734987,-0.03791216939787554,0.07350267677236859,0.12678181624900717,0.15416521431295177,-0.07270325918997123,0.6336435188149687,0.5762796210673424,0.1560474396213805,0.4622416764701569,0.5156806808572078,0.5533037993682527,0.07588706346154742,0.0823103077863113,0.03191087220542997,0.24919167392774236,0.33413089023023884,0.12719231997820668,-0.07784212064331535,-0.1650469517592347,0.18575809557118916,0.07633331632063489,0.2649325459688616,-0.023425315148617308,0.36432581815767184,0.34742242421163316,0.2345427643094041,0.2470616858916679,0.42025143399210163,0.42219838242002383,0.05530247922679205,-0.23153670902635037,-0.04347867772907189,-0.0696126320866928,-0.18224601030408108,-0.20561671661761147,0.09376093889177169,0.32972401900313697,0.3734015453505432,0.4001330494959492,0.1546338950483651,0.27694869934154215,-0.36965202014866333,-0.44605170050016824,0.11503281159441926,0.4128575730191581,0.04839648230076864,-0.04761864214878355,0.08623954346595804,0.163707065710078,0.26816425918783326,0.14733876452211023
ROI_2112,-0.05747955446883633,-0.15112966365315494,0.2694211990350681,0.23331344601579268,0.7177328014618712,1.0,0.16928860931330403,-0.13155492101793692,0.384507686713063,0.9453113224667309,0.37556720516693654,0.06972080672689433,0.17059768988812202,0.10694192035292806,0.7592931602989398,0.7597986848989464,0.19078440920317621,0.31814585885355806,-0.017488927437518724,-0.15661614084012238,-0.10001716217524063,0.42952781993243305,0.3074669934992168,0.07404962524462137,0.47714617726794906,0.550978295794656,0.7187367549901831,0.5630783130930374,0.23891821673384642,0.22994970734437128,0.19937149570447624,0.21598139800227972,0.10805495016974478,0.11406548341206224,0.01704118958270408,0.20413044093087418,-0.28483736875798676,-0.4387440868312879,0.1581604328509273,0.3479511484978841,-0.5217657639726012,0.030519404194175863,0.027364287647245286,0.020794566527716062,-0.009194838892929954,-0.02410110017172971,-0.016279773420219475,0.21107339327594177,-0.1761792711196377,-0.09536562260525526,-0.09196446558669276,-0.09494387373156608,0.3780177458760932,0.41752202067807637,0.329289037763226,0.3593050198997102,0.025756940620495442,-0.12993532413913858,-0.1780132170252587,-0.16228713806629336,0.10907908973271359,0.126892017060264,0.012202660903838215,-0.029955838115799504,-0.1617750609957115,-0.26229883891324884,-0.09386987266001696,0.014767177751635163,-0.07150018507158122,-0.1869271223911337,0.7156928527944365,0.305142647254657,-0.032496446254501286,0.30525172564560543,0.1691928819182521,0.40595696789555985,0.20980713331431944,-0.1326920840671866,-0.18845715715713166,0.37658830853757275,0.2510499866571861,0.25792026977086774,0.14107651694368598,-0.14304851603592494,0.0504285218379675,-0.024066903558412966,0.4574014453247937,-0.002411153431047266,0.44366435520716474,0.4077031258899106,0.45982058555370003,0.41151357700626623,0.7382922902786884,0.6784244402864464,0.1282378710498864,-0.17911966061685552,0.047123744209175526,-0.032287250992486596,-0.16534433180364108,-0.08859797962753235,0.07489733744799335,0.419400569902386,0.6838892345638966,0.7119159757053187,0.5503383469824666,0.6385218370558079,-0.5609265597611351,-0.5970436701417391,0.00808658085431878,0.4112160467234634,0.018506108031398585,-0.0568053081182007,0.20443562082208983,0.4417058368314872,0.5977757411288106,0.4313878809575342
ROI_2201,0.7316897111328429,0.5060014288604598,0.8954219581107389,0.8114987338883585,0.32173564451319975,0.16928860931330403,1.0,0.7238087579273308,0.3960091885452318,0.26499966717608303,0.6734903288314559,0.6088386820738105,0.7264547391844545,0.6496353897208177,0.40690408267590866,0.33223950445779427,0.568041087538193,0.5011223446449704,0.6057788999530329,0.5436152632857053,0.2535958528341975,0.19625072582311906,0.7853687579013625,0.8152148391160372,0.3485175207137639,0.13966013785132125,0.1430262013394677,0.03230606091477878,0.555032781609167,0.4580562354204364,0.7251093825413676,0.7443968468269361,0.6934251547809436,0.6985022210249544,0.34626256753048357,0.3457958444803265,0.25605535367330384,0.21083114822608431,0.29726450260632037,0.24597078695771116,-0.014342638005357712,0.06178488913471229,0.3000075324042978,0.2998128125529791,0.3277030235279056,0.28873271440299914,0.2834050274149101,0.296360228071272,0.28487284830034115,0.3357247102118106,0.3306501463208729,0.3344965009813129,0.2780588658885923,0.28247627754197197,0.28408715311640953,0.28218342582186906,0.5518465018692812,0.43766766848995914,0.4050611926309817,0.38865870375939177,0.622011532090122,0.5008045534382547,0.6081627982433068,0.485649868686281,0.4027354449326253,0.40751524501857367,0.3930647710978498,0.4115977102864931,0.3089586806585474,0.34349454513904276,0.5286098702572527,0.5916581419870011,0.39814646399814324,0.4718996952504391,0.32125208541755235,0.3273479128155214,0.4322958985897356,0.4187869452117581,0.3474595841830565,0.4073475581923587,0.4478601036671314,0.3653906365405081,0.13430447688481242,0.139088871418141,0.3395696727739058,0.2961149653927514,0.1860796892901453,0.21542277493229992,0.2696375774743657,0.31260542398934194,0.20871585702995452,0.2572876609574145,0.14773092974217591,0.17519413467488112,0.1536235936489584,0.03270391447597231,0.18517036534194162,0.2142801162515629,0.1757444829160363,0.13262218712839802,0.01649356035030805,0.18400366746350577,0.12251856057176858,0.11192544738182895,0.11401301003018635,0.11744135500454508,-0.18135637831829154,-0.19663218751308756,0.04332673300332084,0.27885663925538345,0.17798420894179898,0.15267729150748927,0.1272594447522528,0.13645977848116086,0.15367451911112806,0.032883416579445976
ROI_2202,0.528039275550458,0.5513555123926532,0.6242775212141043,0.6573856682912358,0.01153157811544539,-0.13155492101793692,0.7238087579273307,1.0,0.22369947127941037,-0.03067816698127639,0.3961998709130166,0.8070294401743568,0.4838864968614075,0.7558231971364732,0.05043043755532376,0.14372701517358352,0.4443088451679043,0.45403459797250406,0.41814953858236026,0.5376992207344393,0.18730853369872053,-0.006201922347877772,0.656614452543949,0.7866383105430605,0.197684197963881,0.05215537834086275,-0.09848267972268286,-0.04847505263573714,0.5249274561445489,0.5306959989345497,0.6009721236896808,0.7461864185113403,0.5353675882567779,0.609182758729811,0.1572237339585143,0.1512884814812932,0.2553808838918298,0.3016463208260925,0.03599698777915948,-0.025746771052601574,0.23283672019612556,0.06664189320769796,0.1326336356300976,0.15259492641915817,0.14310804675496683,0.13161856031120173,0.10390222486112378,0.05016863587454826,0.16316139899090457,0.20503044050505115,0.18033259418238923,0.26357092017915984,-0.035778996759908414,-0.020281124820458792,-0.04019766679710241,-0.055071265775139995,0.39841009659069837,0.4365160929695407,0.28829771066468424,0.35481053140266533,0.39339116302309407,0.4387987781679784,0.4791669012998019,0.6267113755196548,0.14955097668925177,0.4782033287681831,0.21850872284066034,0.2090655728641052,0.10782133363838874,0.3070213675466289,0.17511213190281086,0.4488847819082671,0.43830857582379523,0.2941179069150712,0.1178771218933178,0.10738586125644492,0.2840221849768397,0.3990906309054657,0.5000551866745269,0.37846785287081264,0.32614122626497694,0.27803450160213417,0.11821442624087788,0.21944908661276716,0.0654838162166878,0.18001054904599223,-0.1572770038666064,0.05885001076412372,-0.1231439488515709,-0.004660066006741537,-0.05388003539983415,-0.05798596288114672,-0.09391737786912739,-0.013465857841493642,0.07636432239902226,0.08954783159716724,0.060340753287546615,0.0573587273632509,0.05685981603748325,0.0045151984322853896,0.18971804189570232,-0.1100360847786237,-0.12204582156120165,-0.15364337985672838,-0.07765777676403555,-0.13865645551807892,0.08355964943175394,0.11646943690656465,0.06638689148518728,0.09627692033032959,0.12220662386632658,0.06855072897861272,-0.09972391492796845,-0.02640304478847799,-0.09884955545120785,-0.22677243811150627
ROI_2211,0.1250158180800363,0.04737180255510008,0.2219253273144894,0.46774399818617524,0.7984006722901545,0.384507686713063,0.39600918854523176,0.22369947127941037,0.9999999999999998,0.5337771261719885,0.4483401739621069,0.250245339598733,0.4812105902041666,0.3494933050784429,0.7244637355888321,0.7023138310221221,0.45610420200416163,0.20558994838068398,0.08403656080174901,-0.09468986034209616,0.3369565603650411,0.099013215811517,0.2685251527699083,0.41150152361044906,0.48803643012199005,0.7123412160115697,0.6999380299920219,0.4500263374319847,0.46554153571498574,0.42341726391042894,0.6664839882706,0.5335277786823404,0.16507169977403266,0.25292800007835226,0.09708152476407164,0.09974614035680773,0.1117231458753523,0.182432264873785,0.043011351712877656,0.06918712119391739,-0.14373390115832743,0.06183002916067279,0.06700351635724891,0.06983839359934926,0.07947497210485706,0.040826028229600936,0.016449225438645916,0.07974329941009888,0.032593509637573286,0.10445511515709441,0.08845356950938975,0.08781161428968194,0.14863106875681356,0.21063899733662755,0.08115326826311768,0.12177647642552658,0.016343105692697306,-0.012293842496167886,-0.07270128281034297,-0.048136693773655884,0.17408526577689012,0.16882494032548076,0.21378003048105682,0.14859831545475932,-0.012833275822195029,0.03485671923445975,0.0472892967787866,0.07066141757900253,0.06591627726193651,-0.05010288558188701,0.5014830581140796,0.638375951939404,0.34842142075330584,0.5055230390045355,0.6006012634788409,0.5141441295317539,0.13920170829113943,0.2942406222206974,0.2006196270787298,0.18003407386091785,0.32477700310569424,0.06031443766829136,-0.042672804537380316,-0.045910964327316735,0.12149417430982865,0.08657992623459786,-0.07298939755329163,-0.1450567369470478,0.11885941304421742,0.16290852289668584,-0.005465435828481982,0.047904320713868215,0.09008165021091727,0.11875512044091206,0.1050748180277728,-0.08003486546326091,-0.029094379516040495,-0.0021730136945014656,-0.11012108299234638,-0.12878133223825186,0.09216897557430671,0.01675127697523104,-0.0006158584776095626,0.02979332322941113,-0.13245067035920877,-0.06993568624586322,-0.006230058467326751,-0.06158643863014908,0.1580541776117328,0.31437807428912773,0.15366597348653696,0.0298878140806841,-0.007981444211074471,-0.007636681554055016,-0.03696997553952777,0.008825229060555552
ROI_2212,-0.0221617049246757,-0.1236309438173124,0.30722154241273864,0.32917830426112066,0.7797341156299304,0.945311322466731,0.26499966717608303,-0.030678166981276386,0.5337771261719886,0.9999999999999999,0.4643476732524371,0.16200111807712259,0.28761294137029986,0.22872857415991077,0.8387623483850969,0.8655718189005476,0.30128293841521725,0.3574442430852389,-0.009784623560795224,-0.16555289066357667,-0.0409734599041061,0.38836845905842443,0.31513053296738114,0.14339197530291034,0.4402656164100007,0.527164837731197,0.7489210892154551,0.46105899455612626,0.34038107399963113,0.34076351319218984,0.31446032398267815,0.3150302920106324,0.1509999740910307,0.19710961630720564,0.014405867658673337,0.17033543207128185,-0.2110821371421941,-0.3245772251309351,0.22538788801477508,0.4010906753603697,-0.49435100874755655,0.08239047235623961,0.06151106869062329,0.0598439867945626,-0.0061355581517744855,-0.015788956858991093,0.0003684582676007344,0.2408069586813749,-0.1653672523746374,-0.056779628327951547,-0.04193041537513022,-0.034915438441768726,0.4034130768070303,0.45429951762843057,0.35456478301739985,0.4112239401634018,0.03509920657987017,-0.1350027727351448,-0.18580390541495176,-0.15177534140566137,0.15747806879346218,0.2305505541015185,0.07991788760929296,0.06077737703946183,-0.12554862437896985,-0.18647982677176875,-0.08753141325814255,0.05565380486158385,-0.057134909609202186,-0.19002082697255718,0.8043854401396159,0.473597425424108,0.08141142438524997,0.46674264230209084,0.2855591029787113,0.528893944774712,0.28384031133510323,0.0049334202023634454,-0.11052553544518905,0.38168417000227267,0.3165674397686978,0.250648302055422,0.1311614825877714,-0.15731784579108424,0.11584637078564422,0.05203834261293647,0.4657531166412362,0.026158124245721573,0.4947643120472249,0.48110051150246225,0.48685958305825094,0.44341898575858835,0.6964500438260847,0.6271407971440246,0.18944170929062074,-0.14053804550070984,0.13972521201862398,0.06734877233941208,-0.05461061985441731,-0.007937066541421598,0.037049789370690714,0.44562110121243886,0.6270994447587053,0.6493717634426759,0.4981209405020555,0.5883271291087658,-0.5431171270121137,-0.5873923313280065,0.025971303385460505,0.459545145238343,0.11814285125045805,0.04787054464585804,0.2746247914473345,0.4469628831608859,0.5743720309876966,0.44076136800842775
ROI_2301,0.49844668590350677,0.2634150646143343,0.6535456842326978,0.4883452016488702,0.4398481720428589,0.37556720516693654,0.6734903288314559,0.3961998709130166,0.44834017396210696,0.46434767325243714,1.0,0.6234084269728509,0.8871102378796921,0.6958682787128088,0.64904231042094,0.5333806138371692,0.5697480628646845,0.5306511893898573,0.27026043813571754,0.15568214480569403,0.2231451491535182,0.2708200613816229,0.6428340691613714,0.5471600303515222,0.36731205769938574,0.22874352174982934,0.3645240437495902,0.08835082407745116,0.6156393983413972,0.5381337038646917,0.5594290023904748,0.5871082824598177,0.3643578262422942,0.34680675521102794,0.13768419594385026,0.21344820562884692,0.18337610853205755,0.17103075844482474,0.24973513333581496,0.30394618719889654,-0.1719716362209737,0.17375388051418672,0.2726029598073145,0.2652120412295882,0.1918831146431524,0.22392725074604425,0.22296974006096465,0.30975615297248676,0.0756784872031045,0.17347981148933567,0.25184740356197693,0.250377245419894,0.3581774378608995,0.3607922522156348,0.3288824691083198,0.3320159003390608,0.43898582307764317,0.22608920092539642,0.16813436247565686,0.1390976175025732,0.4520855689363284,0.28831056788190873,0.46942927816275093,0.2878710792276379,0.29005172610781155,0.19700452220526893,0.11820244487316042,0.1974191500997925,0.10943862200489013,0.13035874497531688,0.6644779654319647,0.6257172691102771,0.4368979967234855,0.5828396086947051,0.2812417732607953,0.41790187693382735,0.33497359153811634,0.19862791438067856,0.18539074947343798,0.39709426895248146,0.4425245555715672,0.4128728518445953,0.16764774294973814,0.05986246266574423,0.4800887985524053,0.36401291362396576,0.23440823709065692,0.1733304299592102,0.37443492149587726,0.3760062501225346,0.21692481729615715,0.27901279750148855,0.25164459231641206,0.25357767211560944,0.11994998233209592,-0.07258451583537864,0.17836615197681802,0.23519614831688865,0.1626287469041937,0.14719619676247647,-0.11486020798788078,0.2456199927938186,0.17856516245444573,0.21229972035182268,0.14609018514112393,0.1577658085023256,-0.19524613141856692,-0.2486696429670103,0.2388441616493189,0.3627940568562084,0.36893353586950267,0.2950857840434076,0.21687791098552706,0.1909884609168749,0.19838317615251785,0.10787396071830296
ROI_2302,0.46596316217572264,0.4829224001321841,0.5442572585517739,0.516442137031395,0.16328207900002026,0.06972080672689433,0.6088386820738105,0.8070294401743568,0.250245339598733,0.16200111807712256,0.6234084269728509,1.0,0.6493100670495523,0.8973801121398127,0.2697499034773593,0.3508110724883167,0.49507086909839715,0.5583215989742193,0.2392657588299858,0.33970207056524193,0.2003601633657715,0.10659063518663883,0.6129023313545475,0.6755238904248783,0.26288392777966,0.13274706456296684,0.10375011009927411,0.015271408784178677,0.6063368692792785,0.651868679625204,0.5598747645456935,0.6987087339455438,0.40855707439071165,0.4668589208799946,0.05539599078402514,0.11815201168771608,0.1915692782469217,0.23580412861364913,0.050992552691163595,0.060733460817289454,0.10546578697258845,0.12914926372192473,0.112486988883611,0.12647618650816014,0.11165669107390788,0.1283284668957382,0.0631370361541322,0.056064413389045165,0.05051165443748284,0.14126196604417415,0.15126630293648297,0.24535217822371536,0.08440439020975733,0.07498748760486819,0.03304783976251078,0.025013559156348675,0.4060873184110196,0.38388465409910955,0.14454217702543892,0.22131909198034283,0.42387176951241023,0.43998550845071754,0.4796821219695116,0.5839251459116259,0.1546764381072143,0.39410311184998364,0.048905957436440176,0.1076881805036944,0.014235270958914279,0.1754088873719067,0.33311660077801747,0.4803681503342681,0.39033882742207193,0.41558511006771853,0.043160542800253256,0.17148385699895474,0.18672850377253514,0.2018135042593991,0.36740229059697815,0.41292913754609306,0.3799407237732009,0.4012153775775318,0.12605740870080018,0.17367770290711834,0.22170070807975853,0.2725994616238984,-0.03521677951516028,0.1001145379358142,0.02143752244595794,0.10282524629410429,-0.03418983521127124,-0.05048659082237784,0.009029313559954538,0.060782443858238014,0.015769266972600917,-0.06886358496597604,-0.009719791614898405,-0.020785444589176843,-0.046725654399267964,-0.10997836249686035,0.10993975393499358,0.05373407211803022,-0.0361132703706708,-0.0368364450166391,-0.0355416615578255,-0.06183964545441138,0.0017136659714915225,-0.0032628964792841505,0.20407768177908564,0.15701870274840732,0.1822931555340704,0.07619620229215804,-0.09523855778693688,-0.040639001291613554,-0.04406890394413498,-0.21419989947007276
ROI_2311,0.599194639679891,0.39112062931249764,0.6594824264379678,0.5217170063849143,0.4103869527538206,0.170597689888122,0.7264547391844545,0.4838864968614075,0.4812105902041666,0.2876129413702998,0.8871102378796921,0.6493100670495523,0.9999999999999999,0.7440485438974681,0.6022171194037472,0.4657207892570153,0.6241534985777825,0.4979734167926605,0.35738862187135656,0.2338511305045987,0.3749562556478774,0.19252124514271388,0.6559955752885677,0.6398523151860728,0.4237167254892856,0.23607918948562165,0.2989355432596103,0.0731889477780925,0.6036092038446085,0.5116995346727186,0.6379214577845234,0.6091397601088381,0.4266077374328123,0.3894527834530373,0.25303444966470173,0.24142584124782257,0.32716465303668635,0.31465207211126245,0.27290521462752243,0.2620108178786679,0.0017604468045153887,0.15173434781334347,0.31204538811186583,0.3041333384941431,0.2525687457612621,0.25381697890730387,0.27258558970657204,0.28049288714915305,0.13991526545377422,0.23702323899763772,0.287852236694572,0.29108167962900483,0.2978136972440262,0.2936073975534034,0.27579928158474704,0.27580527769790864,0.48770960221349513,0.3446370358322787,0.2592446838075384,0.24277937912262185,0.5069867010089799,0.35476818504928753,0.5162243422827064,0.29202549681287243,0.40282295945781665,0.3268422886715695,0.1979444204185184,0.22995393312690318,0.24360702309456284,0.22650670678010087,0.5240078702606875,0.6096257589922833,0.4210626233737617,0.5169962977577047,0.31147526622272104,0.3544823931042808,0.2305709496956856,0.21897507290215323,0.3078868297976869,0.3543682804343701,0.47267042522957164,0.37095806976698925,0.15975756119141946,0.14702709595786587,0.5365414238711018,0.3996887247783411,0.155503680376423,0.2258894552159336,0.31235327733357177,0.309970276826151,0.08259988503483731,0.1526294912696972,0.05638996655032148,0.08691187080262101,0.08528328147880669,-0.03275426962513217,0.10259260163758241,0.16304894471635778,0.11558664467874293,0.04584852745256406,-0.061349898662656346,0.17840907451892957,0.015808063777225784,0.02972172702834274,-0.015433124973405404,-0.0024473567447316625,-0.09447369304477014,-0.1359656433261117,0.19190330168420777,0.27367776655850756,0.26572560917853494,0.221988178964564,0.1024058559538546,0.027085824907877278,0.036145868227129396,-0.10437538053050754
ROI_2312,0.4835071490392576,0.4955701378868728,0.6126642961770057,0.5623630116029538,0.24063173680347755,0.10694192035292806,0.6496353897208177,0.7558231971364731,0.34949330507844295,0.22872857415991077,0.6958682787128088,0.8973801121398126,0.7440485438974681,1.0,0.3978376791551746,0.4469341203486935,0.5908138713939038,0.6475121548441098,0.29908422888348046,0.34482973837956565,0.3059709523710844,0.1807829631201932,0.6629773875931386,0.6914468041972569,0.3659389644017989,0.15937484872162422,0.14166687181198512,0.047777102092276306,0.677252805838204,0.6819209763878006,0.6190203003997989,0.7500656564510001,0.4634368197216936,0.4976676374756926,0.18667463102517715,0.20377718742530385,0.34073854516786584,0.3527846749305708,0.1862464543512287,0.20829237832725883,0.13318596972017285,0.19415874065351982,0.25704396448558486,0.2886745145108706,0.20108855012408755,0.23115161735131928,0.19714442153228526,0.21811875398305192,0.11997768672128066,0.2423969486067583,0.26310443498633423,0.37773261724753204,0.2175572614502399,0.2465619055268833,0.17887368111071034,0.20086129533015126,0.4528693782706503,0.4087103519355509,0.22566271109220476,0.27124860315739097,0.4028457184898156,0.40727502792000403,0.5383942554742597,0.5518502865291786,0.2600323604777172,0.43544020136270484,0.1698779288304081,0.22554728759543527,0.14017438420746228,0.24308483317996918,0.42863852058199403,0.5985686369573571,0.4720616324950601,0.511799550065737,0.12890868102758926,0.2891938780112702,0.26767309791015736,0.27719521630985,0.4147299206549954,0.4966165331783123,0.5055550326246917,0.5140473047199452,0.24215847971096718,0.2851238573575602,0.3860810148092231,0.4352210882948576,0.07438427604373923,0.2068774475893619,0.1622665089731149,0.2493919016723589,0.07600706172819596,0.09667313493699857,0.07664974393915522,0.12254523883627126,0.09291548578796803,0.028793795038187266,0.10129509775009811,0.12121426044729353,0.0810628553894682,0.026389222395916952,0.06689913980778828,0.11266646582779728,0.044648378794863275,0.030899891509378774,0.04182931204700439,0.01972490094729816,-0.07776663330822721,-0.08823618138457702,0.1179204626835386,0.26244096841695647,0.21784979932561632,0.15022625490180808,0.04683322909823161,0.05721406816104783,0.05272736892898456,-0.15940271874666123
ROI_2321,0.22660368278350465,0.08263415034723909,0.40246460124528743,0.40621794196898187,0.8524532460721876,0.7592931602989398,0.40690408267590866,0.05043043755532377,0.7244637355888321,0.8387623483850968,0.64904231042094,0.2697499034773593,0.6022171194037472,0.39783767915517465,1.0,0.8917725263687437,0.4994769645054318,0.45808374339748315,0.16943743497830296,-0.04053270532757546,0.3058292042231955,0.43891275821482545,0.4175939714609888,0.29029917410679934,0.632578923549327,0.6112920203532699,0.7600875672451681,0.48602006429185673,0.5339422836035356,0.47977552023592374,0.4851919414723253,0.40639130970057163,0.2456082234005779,0.24275204143351042,0.196861688064785,0.250124351782595,0.12422726230916095,0.01618193305035524,0.35566819357172685,0.48478841162502523,-0.31479561478422663,0.17899776237156587,0.23218942024575118,0.23709643125287275,0.1541632577260648,0.1489173299684495,0.18767592231045377,0.35244022951940374,-0.005146007963420561,0.12456188063673215,0.1357384972951008,0.15726427991529432,0.4915769469632657,0.5322708430773762,0.443688753491097,0.4904407629262635,0.23192178639231095,0.06843475682110726,0.02148397129017265,0.033414959673929774,0.33263158495128703,0.28655000231996297,0.253787977584508,0.09815592768129101,0.14400080466916274,0.01933516951117273,0.07887056268644749,0.18157640957971627,0.1722952717144038,0.01861539976124988,0.7504258576550435,0.5648578601915283,0.2744459388114567,0.5768281115161984,0.42483728564436724,0.5685201618417487,0.23992146776047393,0.08908000223250241,0.0702161703471251,0.41822972971252764,0.47979221781275205,0.35640433013175177,0.24139696077689363,0.05172378856115409,0.429883262127822,0.3064365808989273,0.43118000094754644,0.17082253822507648,0.5723374765144474,0.5484470576458735,0.36702024745256034,0.39202345489915646,0.5173553882821682,0.48924723185462166,0.22919185948696966,-0.0796094964738889,0.14873384600823097,0.11974888312277089,-0.001213978741337613,-0.029980290796572304,-0.013017424824843141,0.403494429408221,0.4590697629605231,0.48361326687897266,0.3277288157678992,0.4175457733133182,-0.44470721887525877,-0.4983529305558802,0.09172810508842258,0.5057005902228369,0.19694762233414148,0.1311220405665488,0.25055386686975706,0.32174279318844384,0.42047542662918463,0.22061528978371722
ROI_2322,0.044863648730516945,-0.01168741453712651,0.314257737886807,0.42854742567091797,0.8110922994853084,0.7597986848989464,0.3322395044577943,0.14372701517358352,0.7023138310221222,0.8655718189005476,0.5333806138371692,0.3508110724883167,0.4657207892570153,0.4469341203486935,0.8917725263687436,1.0,0.47288662155834915,0.4456057165061431,0.051879856527929175,-0.09640216319520309,0.21036226087833415,0.3773462794987094,0.35951414742224325,0.3074968974711776,0.5008112569090987,0.5959651967711134,0.7419324438263631,0.43176746301186975,0.528821441213092,0.5571898805802654,0.4986519598541227,0.46457554295760656,0.2077393182331981,0.2764582525005541,0.05879259056102791,0.14597984935475516,0.03365674699583612,-0.019830136960346956,0.2595429114250657,0.40255447119554394,-0.29543680758167584,0.20653421924174523,0.11329577347662036,0.12677492349376526,0.0393019072735882,0.05070450120659971,0.05524932235925128,0.23508907147989094,-0.11952267379295704,0.008341122333611032,0.012762106354332994,0.05303069781119835,0.35415852297602535,0.4166613365292789,0.31165909518027524,0.37688913137939123,0.08367489850041675,-0.030888788918696952,-0.1329703889118707,-0.08509509354018614,0.16161553741131374,0.29519596420995536,0.22398718292777747,0.23335689868194726,-0.015344211832908608,0.038246616272511455,-0.03574386688098398,0.09871707004560247,0.005979090115628334,-0.11359446362493818,0.7591247312994249,0.6072494985502324,0.2501605561362813,0.5871887773384277,0.41952884060631807,0.5891516277561596,0.26009136784697034,0.12746900866337071,0.1341740990261137,0.4506528715086783,0.4671333574001071,0.3279149391801769,0.21412803928427182,0.02982716771559843,0.25259613850395407,0.23338356982544575,0.33022606394992116,0.058504133766322845,0.4307830947683325,0.4527339309829568,0.32784210815382164,0.28770172492286694,0.4821755888544843,0.4296198228645537,0.23431719870643652,-0.045163038232717584,0.1265511739679763,0.055539569366127625,-0.049101459001449015,-0.08364393070447071,0.04904102646396702,0.30515491895268543,0.4003065471152636,0.4006250253074588,0.2847810229732329,0.35585602178353437,-0.37181805640977234,-0.400320705386088,0.0768914184289196,0.45939852225131633,0.20025128109421472,0.1259242426251009,0.18706310350557173,0.26590761404112523,0.3577191091664704,0.20128455178477755
ROI_2331,0.4935655061415429,0.442677722368005,0.5165555565460532,0.547449534306892,0.4384271634735293,0.1907844092031762,0.568041087538193,0.4443088451679043,0.45610420200416163,0.30128293841521725,0.5697480628646845,0.49507086909839726,0.6241534985777825,0.5908138713939038,0.4994769645054318,0.4728866215583491,1.0,0.7829949328714898,0.4736613072034481,0.3501018168687698,0.4290944591830432,0.2490246939053094,0.5171320247024682,0.5320115329276615,0.5094048931969186,0.30024177656474665,0.2416940576142859,0.18526047146543628,0.791301486401889,0.7072747635962316,0.7662591196374617,0.6446263259981193,0.6394093528708408,0.6474702902712509,0.40276876695066227,0.4134907066263254,0.4150358995756466,0.38427028861144075,0.3039329267761634,0.41362721941121544,-0.0639459348289671,0.23955103326723584,0.47042074572751963,0.49534753965323414,0.4427738351595141,0.4339799583200297,0.4333283894599095,0.4584033134310711,0.3626803115193847,0.43542588690282996,0.43101665822331825,0.4756131532691063,0.404775430545506,0.4212431521920639,0.4456497470994059,0.43028401976567215,0.59748122735004,0.4554402769303157,0.318891734588913,0.3235361941595836,0.3969558101404447,0.3527605636943613,0.6698867205075798,0.46667966093687646,0.3819699958399679,0.4039240653819662,0.4244666500495481,0.4877257606497498,0.47152189342137135,0.39821381981579757,0.4713865856326226,0.5762379877086132,0.5180819801036955,0.5985051450681744,0.5070746700993518,0.5356918326030482,0.41660888230907905,0.5027151365505812,0.6404123055518721,0.630261449644646,0.7612940859700539,0.45589094425357657,0.17148752173034593,0.2681978807469712,0.4845458422161771,0.4818878476881831,0.21927026216121048,0.21339229491606856,0.3498493092352081,0.41583824308898,0.21660789181403195,0.22544948101126733,0.1714415877670861,0.1692694905497787,0.2103809529572968,0.1402886977821991,0.3144911880954344,0.34076570753614444,0.20493507998930222,0.04243522827630547,0.148378286316204,0.17451584031411108,0.13313007686183137,0.11736631454881624,0.12645942571724367,0.119667635878016,-0.22386118735454713,-0.22787975413849323,0.18308995302484102,0.43833833854633075,0.41369604809369365,0.3124566684973851,0.18173218162597074,0.14884052353926033,0.1663411664985114,-0.09298045525676597
ROI_2332,0.45089846753217916,0.4847141191298914,0.5922831477626808,0.43197515177174595,0.2849562232582193,0.31814585885355806,0.5011223446449704,0.45403459797250406,0.205589948380684,0.3574442430852389,0.5306511893898573,0.5583215989742193,0.4979734167926605,0.6475121548441097,0.45808374339748315,0.4456057165061431,0.7829949328714899,0.9999999999999999,0.4850786272836162,0.4726552495401662,0.2807275122371829,0.3655971658198407,0.627138737652399,0.43215357200031845,0.555777878855564,0.15275450418624187,0.13157585052809495,0.16989951977139653,0.7542695023630455,0.7188886390852506,0.5401675170268411,0.5783117771910277,0.6438896236503471,0.6124268353621358,0.4574750600667089,0.5221762777067452,0.3832215099461705,0.2685617918470614,0.44564940384691726,0.5515834313094944,-0.039051283274091526,0.280541712458108,0.49212240520319095,0.5388661770124319,0.4652245307355402,0.47954797712283026,0.4829962851436223,0.5533631602343909,0.35216416704775394,0.41066368088135335,0.3792199120229372,0.49233541401959346,0.48006617440550803,0.5037401968817747,0.5543659273114694,0.5358430631528549,0.6471412988483284,0.5384632271385139,0.3998102617364787,0.38045218082491555,0.3882650438661742,0.2933844316671654,0.5931005445625224,0.512621416355852,0.34964822376591825,0.3704053199070596,0.4465242780209235,0.5244894806649091,0.4332017013260625,0.4874357116280163,0.48892241815460435,0.45165433857178017,0.44943793575269525,0.49915335490476587,0.26381342893155413,0.44702256396250484,0.5187539121969045,0.3849650778004588,0.5180528291352093,0.8213442523769015,0.7490257239507172,0.6900218670524947,0.4144973963005176,0.40947930029655066,0.4845930497445413,0.5686610222010747,0.39458596405574664,0.3829050446739175,0.46280892968046605,0.5174994261522499,0.3703294876558039,0.3397400155144457,0.3537822233574435,0.3432552540761794,0.3097947124501735,0.2017222239312775,0.36067298111415746,0.33423654577429673,0.21967959767020212,0.08341804515487686,0.13536903713765963,0.2972349975062484,0.34946515183047183,0.32110441749263824,0.3973243840594108,0.3534192931290313,-0.3985102509313645,-0.3593602462904683,0.06754233938103968,0.48678938484966316,0.325010025917329,0.23997749462307158,0.2458414904946375,0.32770817553336734,0.3784658913836837,0.029527012572854304
ROI_2401,0.8175033124772427,0.7303954327527219,0.6903936541169239,0.6719805316020959,0.12964196923661384,-0.017488927437518724,0.6057788999530329,0.41814953858236026,0.08403656080174901,-0.009784623560795225,0.2702604381357175,0.2392657588299858,0.35738862187135656,0.2990842288834805,0.16943743497830294,0.051879856527929175,0.4736613072034481,0.4850786272836162,1.0,0.820418847492708,0.3228713305603961,0.19597775171600978,0.5307643672792451,0.47948143440823043,0.38259909815718834,0.05825779928653219,-0.0495398184810239,0.03283591853224783,0.2698124578774615,0.16211699663774498,0.38615078741346953,0.26837404930264236,0.7242833487420653,0.6235149160521042,0.5721198437077579,0.49011302254194283,0.3401419301915248,0.2676245107948653,0.37059725640844754,0.3388768675497466,0.0992276801908587,-0.0022118004736124933,0.6123237303181827,0.5904438769974756,0.6218889660509375,0.5871776502289873,0.5751052761246414,0.5325071373716794,0.5825274510879063,0.5900872605569606,0.5860981401372837,0.5519109787895518,0.46883896873781383,0.44437636426553223,0.4636294964800244,0.45545312250406633,0.7591105722270641,0.7298572662858539,0.6992710897478477,0.6863256578166835,0.6072093921415973,0.48109473969334415,0.522889742543962,0.3467495602630556,0.5180667838991039,0.46552262567650654,0.7128927017935752,0.6680252454806336,0.7641986710907743,0.7278418627285278,0.13722417248966118,0.15839892357376378,0.13239166561794907,0.09189583451360478,0.2951459234716767,0.14910793781072673,0.27619577455587735,0.32113853869187553,0.3719451357733714,0.39356438656225096,0.5086456677812607,0.39742993806914506,0.21454801995198594,0.253668004628009,0.48027626761911674,0.449114730693931,0.2856343876895102,0.3618008623214711,0.35198153289431056,0.4013297248080049,0.2935704285434044,0.32949187493287474,0.18540375856800434,0.23111340780351672,0.16776252101534697,0.0984069233680543,0.19030186006489294,0.26601993177594346,0.27368310503208887,0.138916208524349,0.09249351342612779,0.174325957584091,0.230325227034902,0.19333985004327167,0.19911625659785853,0.2101882720866065,-0.3019277428154248,-0.30040859108015217,-0.09030112534969177,0.23370337480906941,0.06043992687919585,0.12752560878759964,0.24250853161091326,0.23711418450670058,0.2382780062166807,-0.08545610077346204
ROI_2402,0.7133753282829872,0.74864652734707,0.6568520013642499,0.5142754851883363,-0.14999279641555083,-0.15661614084012238,0.5436152632857052,0.5376992207344393,-0.09468986034209616,-0.1655528906635767,0.15568214480569403,0.339702070565242,0.23385113050459866,0.3448297383795656,-0.040532705327575455,-0.09640216319520309,0.35010181686876984,0.47265524954016624,0.820418847492708,1.0,0.22406278880578548,0.15778421565438674,0.543843621792004,0.4797736803579295,0.290069900065109,-0.1083451475795337,-0.25819549483107923,-0.09832013037856793,0.320330429441599,0.23164534054233743,0.2363531910113223,0.2874784953477165,0.6431946704893913,0.592417814817741,0.46373448125760514,0.3802910901079611,0.4150307343346506,0.35015905684862175,0.3148970695445622,0.2736473430309077,0.29523563002530534,0.08928761108877395,0.4595440499848777,0.47005127085232723,0.4604103662403931,0.4645649745937003,0.488308284123669,0.40596739119142655,0.4438821012542093,0.4253673331413825,0.42496270672029957,0.44202437007107714,0.2774317410960799,0.247354662470313,0.3321528237592765,0.2906247820936192,0.6960617688941246,0.7039117667606309,0.637473541887084,0.6118415791915185,0.4763897540163573,0.33033901343580696,0.42327062764768153,0.34694695316412727,0.38202341004680496,0.3605515054768416,0.5713829414990264,0.5122100550556447,0.6079235671262881,0.7519523726743702,-0.02095495705144752,0.012313415016996242,0.2202736412832661,0.05029970388199275,0.06268980846861816,-0.03388504362560432,0.24928043894837262,0.2491044954378435,0.4137349038956048,0.3971511571879035,0.45540066634200854,0.4521472281600546,0.3576708773488844,0.42009669550857337,0.3403416191161469,0.3722404689009318,0.13305443667681477,0.3434189586851213,0.16384817957635597,0.22969977840107594,0.1294736234192489,0.1402973671875051,0.046700252566048844,0.10660022164990789,0.18440457821787676,0.23690319668771465,0.17699504651610137,0.1673344297478245,0.18207079515960956,0.06635497337529875,0.15452588186548555,0.019127174194568615,0.10406928556391244,0.04417248625843343,0.1636756912207963,0.11246353434468721,-0.14302607015357705,-0.08211826052640171,-0.15398247731110865,0.11620197536139662,-0.008046338829816356,0.03530011526430542,0.12153575064590064,0.17122099852587597,0.13023293769067798,-0.1898897759368698
ROI_2501,0.36456938139776957,0.4150522378720667,0.1866071897307874,0.2475996373927954,0.2814243989190479,-0.10001716217524062,0.2535958528341975,0.1873085336987205,0.3369565603650412,-0.0409734599041061,0.22314514915351819,0.20036016336577153,0.3749562556478773,0.3059709523710844,0.3058292042231955,0.21036226087833415,0.42909445918304323,0.2807275122371829,0.3228713305603961,0.22406278880578545,1.0,0.3294968716396569,0.1427811417174475,0.2346837432193394,0.46316071014757265,0.2747889188636207,0.03902347624386577,0.2077586299029895,0.4699542617765382,0.33789494645893503,0.33723126000739867,0.24939623617830262,0.27045346257257097,0.2429950038068624,0.4376655982985478,0.2554231439784401,0.588557307388119,0.5475072932788045,0.290806668409077,0.3216830569590862,0.19897497403695916,0.06646223237708948,0.3781483638858393,0.41592331849024955,0.39933491969674,0.400427607118681,0.404397180441791,0.3637066745484418,0.42299395322171346,0.47461060028620505,0.4185578116537233,0.5119990132681025,0.28139731383036093,0.3281955587207073,0.34069899312121277,0.35311540749143716,0.3476904145119851,0.3929805677160344,0.41611430860739346,0.4356273530222261,0.3613616107303827,0.32316565659174207,0.44635717259385815,0.27164247143052583,0.49834397413229264,0.47438073368245853,0.4361112167444707,0.41240890801317615,0.5008309219906377,0.3958194706740616,0.08364538049587072,0.30091840029672867,0.46960137919168377,0.36414736734346653,0.303498620043054,0.23972985007187314,0.0037344067038344456,0.22640542109578443,0.2627787797929398,0.07024181530426754,0.34682270569588514,0.25974955278135303,0.20261616447169475,0.3982732449271923,0.5511844401341296,0.5627851712810641,0.21488777639077164,0.3994795418657874,0.29466299248663264,0.340941845150502,0.09196192392095656,0.12982963392524155,-0.023642169394079388,0.027814393117499593,0.11132380503595647,0.10967397277670789,0.24026808195106197,0.18180573910986095,0.22069855573122116,0.03732073048600479,0.0691880371677801,0.13960412558795807,0.02063989527144142,-0.031982581084321615,-0.007637739318222832,-0.0021118769123676983,-0.1679115969385532,-0.15374597523172626,0.04668657056238452,0.3028133205800826,0.12130492629464525,0.1413067752568799,0.14538714859670374,0.02786944611726877,0.016363659820669174,-0.2069926785320208
ROI_2502,0.15716386536715024,0.10381680527815568,0.29960251417255807,0.19079813242480348,0.24018445072217348,0.4295278199324331,0.19625072582311903,-0.006201922347877772,0.099013215811517,0.38836845905842443,0.27082006138162285,0.10659063518663883,0.19252124514271388,0.1807829631201932,0.43891275821482545,0.3773462794987094,0.2490246939053094,0.3655971658198407,0.1959777517160098,0.15778421565438674,0.32949687163965696,0.9999999999999999,0.24515485649710084,0.07302558673540425,0.40172246659446237,0.1480615427053369,0.14480560492958733,0.16558713324067048,0.38862316916366596,0.3625937046152517,0.08637020522937543,0.08621255691717886,0.2099189051646632,0.20586267860075122,0.17693163147762195,0.2338078485753349,0.31988659173270917,0.2188762768611817,0.4552274208568019,0.5613302313115587,-0.03230192641254857,0.4053527423012037,0.24393369195820244,0.2687201577914021,0.16253601459293426,0.20339025243409994,0.2809941923030018,0.38665567244995175,0.09229158155256169,0.17953676699518728,0.15888541441377135,0.23016749517679227,0.3799839900574228,0.4167333796219591,0.4364872560780362,0.4676489033416751,0.2510156670764681,0.11688236372420624,0.1800997997291627,0.16693792695889548,0.22182535282876376,0.24609058285167298,0.17521149614542342,0.09465548834456872,0.19715873505981915,0.10680121417949616,0.1834678858464901,0.2600124864414046,0.20187492903767446,0.1509019071373708,0.3512748665446649,0.11467480225732475,0.2189448810582457,0.31263158012999687,0.03478406649329473,0.1931634083695036,0.21091695607427519,-0.0009812303833647577,0.1037885400320557,0.3429253702977387,0.3363686181953132,0.38863481471369193,0.5496127490225345,0.3752805843314536,0.4003031096606377,0.41452275004091793,0.4922143492095259,0.3359359439965564,0.491854875536481,0.48891445189663296,0.39718731422156645,0.4042981130789862,0.4170252805671852,0.3749452139752496,0.44562005968002005,0.3231080241586138,0.3137025276597088,0.2618176268604707,0.22063784358351685,0.2119600801008026,0.005972659203846338,0.2838410399469407,0.4352415469942381,0.4112938671998224,0.4803270502630845,0.484726973611558,-0.420425830428198,-0.39439699872756,-0.06622864940688865,0.4035537145194727,0.23985841233834912,0.28229881719318495,0.3311155579838049,0.3699814956145546,0.4632161231048072,0.18341783548851223
ROI_2601,0.6145910595850093,0.47379230933370564,0.8895432875413568,0.6113081471406847,0.25825468462543527,0.30746699349921675,0.7853687579013625,0.656614452543949,0.2685251527699083,0.31513053296738114,0.6428340691613714,0.6129023313545475,0.6559955752885678,0.6629773875931387,0.41759397146098876,0.3595141474222432,0.5171320247024681,0.627138737652399,0.5307643672792451,0.543843621792004,0.1427811417174475,0.24515485649710084,0.9999999999999998,0.8036652813982569,0.5556960154312895,0.22607347023377558,0.22241249814006114,0.18065205060118103,0.5326510506329198,0.4734670500022248,0.5964988633253779,0.717754111441145,0.6413299454833749,0.5587188679154445,0.3593017093530704,0.42007682839371435,0.25090793468433054,0.139476046830603,0.2438830502974965,0.23758993884507665,0.003353996913308761,0.15530708611973157,0.306635220201775,0.31950635984142683,0.30679681824413724,0.3012086077474681,0.31666612119012283,0.32668249966483365,0.1860231984931489,0.20116379041688653,0.18522412178654016,0.21131936928300665,0.22350326526701836,0.2274214439458746,0.2764481486092841,0.23085769760368094,0.5981515370169064,0.4925286901953373,0.3605073089779357,0.305169837219589,0.3898472144437632,0.19231456492863208,0.4222406238820129,0.3037209010538669,0.27452462803545025,0.2319073606471734,0.32263782906977334,0.28401906523131776,0.2524114639127274,0.401649554658717,0.488849011615907,0.42800351833003625,0.3413021018455622,0.29446012475875577,0.16946364112583528,0.2153337251305544,0.3886622048287603,0.18961131483139754,0.37830492462471726,0.5899092283573564,0.5514609429414464,0.5554402420156838,0.3396871924247788,0.26994467522863036,0.3218827011811233,0.28955848522112243,0.1113804193495487,0.1673906367100565,0.1960645606504678,0.20895409691227965,0.1598248715126514,0.17675370926250714,0.22991230996848575,0.2735860184455701,0.16493933597898217,0.1030674209175341,0.11640173290128142,0.1269916622500943,0.015707826363548782,0.0009752266849198084,0.0709148636254754,0.07020170972977328,0.1883797585587559,0.17996779306344857,0.20530901199187138,0.1637438318093278,-0.15616336754346116,-0.139405692979604,0.06025909836654347,0.2583941074749769,0.15350608134831892,0.08592343066156954,0.018148009635724324,0.1746357410158409,0.18429452251134057,-0.0084442701195543
ROI_2602,0.5857991469430422,0.4834641682979419,0.761077384012043,0.7873040985622284,0.2982186387889536,0.07404962524462137,0.8152148391160372,0.7866383105430607,0.41150152361044906,0.14339197530291034,0.5471600303515223,0.6755238904248783,0.6398523151860728,0.6914468041972569,0.29029917410679934,0.30749689747117753,0.5320115329276615,0.43215357200031845,0.47948143440823043,0.4797736803579295,0.2346837432193394,0.07302558673540425,0.8036652813982569,1.0,0.37682584051752105,0.3315928063877876,0.23278850557439557,0.1944417724340081,0.48588724625096413,0.49223092135902635,0.7632540157950143,0.8261302459503533,0.5830813474351899,0.6021063694655064,0.20538959531969844,0.21598662837091295,0.22596972769094084,0.23450023012198123,0.04807277534472024,-0.010868934852952147,0.1444941882077316,0.1077154410431331,0.12878623310532572,0.15045632937300984,0.19126775507352448,0.18103017961678103,0.10859417929059553,0.05997110164395509,0.1018919376853499,0.1228533015433256,0.12357672634420437,0.14504213793519088,0.0034383964298189103,0.015428029777551583,-0.00970297093330497,-0.02021091589922626,0.44133593794444304,0.3800127175747333,0.17756821709568812,0.1884963612334045,0.3111327616176065,0.30251880745622867,0.41609069049577335,0.3836515421681715,0.1931044901890979,0.33176955452485674,0.20998234884077926,0.18755507412888095,0.185087463407857,0.24802949017761772,0.3642208631684362,0.5398877070128122,0.38932799397795415,0.3535557054933993,0.2792348533654747,0.21435265066690534,0.20800680215973907,0.26763728390296493,0.4826820842645121,0.37859346899401825,0.4288543634106301,0.31175340168223076,0.10891218538994629,0.19454457700568653,0.15512228936363107,0.16202776570975042,-0.12030134052182916,-0.0058337405228337585,-0.06517744238112444,-0.026090073575253916,-0.11202917855925311,-0.06772823771786578,-0.06628782333192748,0.006517442416084294,0.036180628276454914,0.025547809630090533,-0.09242686747584068,-0.035111258344764223,-0.12609447091807166,-0.1372347640674631,0.09689429005730907,-0.07683295488468381,-0.0968026205425518,-0.10144163887279657,-0.1306512823840471,-0.13111550820210532,0.07742030854588756,0.06755985017402281,0.0748193929995869,0.0885956050875519,0.05032079283067637,-0.022521276281521965,-0.20517515563394143,-0.13587947467277972,-0.1149236707055217,-0.21602761450053942
ROI_2611,0.3949428164310877,0.4224992948750647,0.4296612388405545,0.29042756322235375,0.5909409962082146,0.477146177267949,0.3485175207137639,0.197684197963881,0.4880364301219901,0.4402656164100007,0.36731205769938574,0.26288392777966,0.4237167254892856,0.3659389644017989,0.632578923549327,0.5008112569090987,0.5094048931969186,0.555777878855564,0.38259909815718834,0.290069900065109,0.46316071014757265,0.40172246659446237,0.5556960154312895,0.37682584051752105,1.0,0.6890375294218538,0.5063862720666267,0.6341053261517828,0.4891654026019147,0.3449655892496915,0.4396336245612006,0.4133097787459355,0.4003362678197039,0.2964894707036325,0.593964044171704,0.625368406452786,0.33793174597630393,0.19164611106514942,0.3029994646318419,0.38546333761458595,-0.03432838960244926,0.09185362334256222,0.4659418524544885,0.5074437901921095,0.5248642785939076,0.4927312382411282,0.49983167374514564,0.5246577155835358,0.37982676042033403,0.420407322708181,0.3280312255808784,0.39790151787175854,0.43592890932077544,0.45063915493769696,0.4903191575763838,0.44290094284815434,0.5153914315251805,0.4953032892879636,0.4233158047729562,0.40159324888854486,0.3952229354601209,0.18358514996359868,0.3099743156436961,0.055761220672418024,0.3396757780965564,0.20972706128590216,0.46144952421128815,0.39737227163181754,0.5173953636365598,0.49091970178556704,0.328053578477616,0.26237619005975205,0.2855349293827256,0.23716254995252758,0.2613279395894459,0.2675492045976746,0.0958118795126868,0.010455214722938653,0.2634439954907253,0.5286166251939698,0.577445643853797,0.545987580538697,0.3381848580140832,0.32483312863064345,0.458433295163547,0.4243302819104695,0.2286094582319381,0.21770339658961935,0.3521702516238242,0.37340558309275235,0.19627999660050263,0.18768252042213113,0.34044598668065934,0.38973394678588996,0.12028005184813813,0.02161490865251772,0.03662722507225073,0.0044914049561289235,-0.11285009570692253,-0.2286041429143263,0.167120984778428,0.14334432519186638,0.3383208196000658,0.3202273388839128,0.2356573125803464,0.26228559514522043,-0.3210312870907477,-0.2992164224789321,0.01083507328303254,0.3903596841712744,-0.02650120575905952,-0.07807162535552481,0.04654827534923726,0.20044090241383258,0.24783186176763833,-0.15813194454867494
ROI_2612,0.03335370372676928,0.09005236133502136,0.09398661525550445,0.31038777982910015,0.8059240429508675,0.550978295794656,0.13966013785132125,0.05215537834086274,0.7123412160115696,0.527164837731197,0.22874352174982931,0.13274706456296684,0.23607918948562165,0.15937484872162422,0.6112920203532699,0.5959651967711134,0.3002417765647467,0.15275450418624187,0.0582577992865322,-0.1083451475795337,0.2747889188636207,0.14806154270533686,0.22607347023377558,0.33159280638778765,0.6890375294218538,1.0,0.809972098731235,0.8266578073442564,0.22117136896030617,0.2058160432916723,0.4627741758276544,0.3594370438692727,0.0834203695798537,0.10450785342568322,0.15546219090203225,0.20942649279004116,-0.04891581234572691,-0.07663792254960305,-0.14280361243304535,-0.03547044143253182,-0.16300004843238505,-0.04858247096894168,0.051128876309171706,0.058196179902816454,0.13212707970797105,0.09105745388820256,0.013965090344336345,0.05049788866197277,0.002424372912169572,0.060694082228375225,-0.009268142248249947,0.011495124048899151,0.08613741082889619,0.1318940931967987,0.020396581187555017,0.01538749518129893,0.03322506548604463,0.07182434429071698,-0.10190276850151601,-0.038131542361399304,0.05753115481386286,0.07496687306670016,0.032795366062408876,-0.04743490538511149,-0.10727470651485638,-0.09439582586098932,0.0346607277380686,0.007297754864978284,0.1141071633489245,-0.017211187479125038,0.31383372192215797,0.3397637338873294,0.09302717817028759,0.17682435269630664,0.382771148964747,0.3195067698802496,-0.16539674161721965,-0.09256294115706282,0.12559802449035334,0.2168076429746067,0.2689793482720884,0.07782361427148544,-0.06862566160496839,-0.07401697630371668,0.0011981820790253356,-0.06277478988449176,-0.10748684365148001,-0.26373363848935805,-0.01639609564282345,-0.018220031598998595,-0.10145187196813367,-0.11657343040878443,0.19818878945214632,0.2541608915126223,-0.09075487098257046,-0.23931763864355965,-0.3232776416074997,-0.3370634703637373,-0.4513340945484455,-0.48803857416622526,0.1947570387560415,-0.04672397818265347,0.14771748621737613,0.16815704261017195,-0.08445835630680562,0.007927243989867732,-0.07659888172535381,-0.1150444701488857,0.08147682356169661,0.18430151448098436,-0.15238185787186304,-0.2820139044422492,-0.23224417136766923,-0.07673777460338412,-0.015200267272347134,-0.16144997897518107
ROI_2701,0.0009220693556398708,-0.07119847870369445,0.14419360657619704,0.27247946861433114,0.8742854166007994,0.7187367549901831,0.14302620133946767,-0.09848267972268288,0.6999380299920219,0.748921089215455,0.3645240437495902,0.10375011009927411,0.29893554325961036,0.14166687181198512,0.7600875672451681,0.7419324438263631,0.24169405761428592,0.13157585052809495,-0.0495398184810239,-0.2581954948310792,0.03902347624386577,0.14480560492958733,0.2224124981400612,0.23278850557439557,0.5063862720666267,0.8099720987312349,0.9999999999999999,0.6949738699308361,0.16319299935869225,0.20412274968873087,0.3719306678236095,0.26562067064975914,-0.01954225555730779,-0.014122776570283033,-0.03316396998238394,0.06514956209655219,-0.19924854620580146,-0.24710715353413978,-0.056758818751162135,0.03429262211517731,-0.2957118221314278,0.03920590136567882,-0.03205141902107792,-0.05667472223783729,-0.004263452835725722,-0.04444760916621939,-0.09219742449423446,0.014752188560355914,-0.16631627205507682,-0.0954684844025866,-0.11104199470778064,-0.13906441339685102,0.1731780314775507,0.20020027409529764,0.0653260355664548,0.09484691303840778,-0.013267801491004172,-0.07077218897610403,-0.24510789331827101,-0.20267482531586678,0.058965605033823934,0.03331775431938113,-0.09223917383117793,-0.18206933921830099,-0.18428847771150678,-0.28226167805160773,-0.16000705289301426,-0.12258375944352663,-0.06770417700059507,-0.21844361259329362,0.5145322527884102,0.3723700644375347,-0.031267023086861266,0.25214359812870013,0.32806157240846034,0.3559422922487125,-0.09479709739804586,-0.17815187720293893,-0.07657326728308146,0.17754574620437302,0.20363360459904217,0.049840179927814615,-0.0635661986757189,-0.24122206383442818,0.029199043426426347,-0.1126594189319122,0.020064872939918876,-0.2660874134721455,0.15131200959196323,0.11621823282413192,0.004679659167324082,0.0024467952540148585,0.3131209009299858,0.31319092003623183,0.010440931821251873,-0.23899028062368013,-0.2259063951458054,-0.23958105793979378,-0.4048642310709043,-0.36947865491003,0.03095105956427312,0.11327409198586827,0.2286075884450387,0.27468305860828235,0.002364393369423257,0.12144503450881484,-0.12656261841510313,-0.2116023999718166,0.06138058205711025,0.20927443978255852,-0.0559690578295255,-0.18607281113970528,-0.10716399296646717,0.0010307158359081899,0.09539017921108958,0.05132572333525831
ROI_2702,0.012570051304123383,0.08991357451252058,0.07693380822857818,0.15749086867474688,0.7059793027403698,0.5630783130930372,0.03230606091477878,-0.04847505263573714,0.45002633743198467,0.4610589945561262,0.08835082407745116,0.015271408784178675,0.0731889477780925,0.0477771020922763,0.4860200642918567,0.4317674630118698,0.18526047146543628,0.1698995197713965,0.03283591853224783,-0.09832013037856792,0.2077586299029895,0.16558713324067048,0.18065205060118103,0.19444177243400806,0.6341053261517829,0.8266578073442565,0.6949738699308361,1.0,0.15775276385082526,0.12669801813459222,0.30667237364008715,0.2507901838115662,0.00994277231252906,-0.011488156115709833,0.19133224727283588,0.24374428569093212,-0.05467409905192704,-0.1884042217082126,-0.0920114542215069,0.02480789037855754,-0.18362199382518046,-0.026033118151936332,-0.016339442729327476,0.00057276992774529,0.09542281413893548,0.04228278574532896,-0.023551181263234446,0.024711775561428142,0.032889599092202494,0.05449132710152221,-0.04055178292395997,-0.0059164635490289675,0.09183551270252065,0.1352038564112115,0.05725423749766695,0.0569672082190991,0.033558544776686974,0.09003956525893486,-0.040927444659237866,0.007744999761437739,0.033373511725093064,0.0028938601191103577,0.0053964754601830344,-0.13757297628190435,-0.13472652192796333,-0.16103647773231972,0.03813598838240885,-0.02574687473881276,0.12554684890618917,-0.004939151108877551,0.20182879928001982,0.19008163164450093,-0.001106535055860564,0.036030280463204355,0.18614235195274398,0.1687514161252146,-0.199976328779249,-0.19791076849009828,-0.011548457266948376,0.16206841663131058,0.12061003660401143,0.035403124554924684,-0.051442873104000295,-0.029260529603869767,-0.05437528354987181,-0.11820636535037121,0.04252764197417102,-0.12486383981971921,0.03337775441220263,0.02430328888808937,-0.014199912016400583,0.0009075245124974215,0.2989612025503435,0.39321953271763654,-0.09416749949704609,-0.20568196730378474,-0.2218563320125993,-0.296586146794664,-0.4121975902705652,-0.4204936892132297,0.2124080334467811,0.11181213083293613,0.3094478117372044,0.33134439920337166,0.08758658736678127,0.17433146779124864,-0.22694851404827118,-0.2704182253189505,0.029837002627928468,0.18746280767330895,-0.17823322087583557,-0.27535655447472546,-0.14544917566713617,0.051881671041438225,0.13467048824857258,-0.07316125151665538
ROI_3001,0.375423216979162,0.34309129652288045,0.5067880905043683,0.422235398404895,0.36418169483479507,0.23891821673384642,0.555032781609167,0.5249274561445489,0.46554153571498574,0.34038107399963113,0.6156393983413971,0.6063368692792785,0.6036092038446084,0.677252805838204,0.5339422836035357,0.528821441213092,0.791301486401889,0.7542695023630456,0.2698124578774615,0.32033042944159895,0.4699542617765382,0.38862316916366596,0.5326510506329198,0.48588724625096413,0.48916540260191477,0.22117136896030617,0.16319299935869225,0.15775276385082526,1.0,0.9011624972352027,0.6722543283491015,0.7153871872235316,0.45367061204698694,0.5219645714347634,0.2543835847188817,0.2703467317388911,0.5088420190138969,0.497426980874883,0.34543920427162716,0.44339258385006536,0.0645128964255589,0.3223516729816281,0.2789190836850735,0.34317312495537305,0.2296980297866018,0.2541824016441538,0.29054566019773764,0.3539951441541888,0.20267193709418477,0.2794349522881684,0.2733246655922017,0.38500310257226944,0.2885104105376042,0.35481039733816383,0.3578128353323093,0.3638105691082396,0.43149806771434496,0.29528019171703496,0.24398371803842067,0.22473900547267464,0.3681316768770062,0.3038973765888804,0.580992916543729,0.4869611369228576,0.24400404404296827,0.32179311580511905,0.24195678883376048,0.3113801048584687,0.22968921606788284,0.2855936700955972,0.5011648784319654,0.5923423663623895,0.7152679308689682,0.7135144674267795,0.3265664680752133,0.48094104582203867,0.4660720648172258,0.45996301130673845,0.5139099110775908,0.5942119607961375,0.6024700319743468,0.47442140463153937,0.35452803550543155,0.4222827260760255,0.39218864663565856,0.46460478720133913,0.2292100839931086,0.2681996146260462,0.31399307247774505,0.4148320758636555,0.22561151825550477,0.23161972680000034,0.18917496443639018,0.19798632892282825,0.3226194409927218,0.214275090610886,0.4024559569223142,0.36321966350431295,0.2428960989451163,0.1474622526648012,0.15045977588280537,0.1653729193904663,0.156954986963542,0.1297835132363431,0.21110310684418496,0.15990190734088064,-0.22013019235532078,-0.18146744992632927,0.19307997023804976,0.5346249251864331,0.44408451646890845,0.34381084488152464,0.21185695388886272,0.22824076807317883,0.20994339107437524,-0.03905292160785179
ROI_3002,0.23741916712902306,0.24937522287938255,0.40742436958906486,0.4239894682772139,0.3369947165930966,0.22994970734437128,0.4580562354204364,0.5306959989345497,0.42341726391042894,0.3407635131921899,0.5381337038646918,0.651868679625204,0.5116995346727186,0.6819209763878005,0.4797755202359238,0.5571898805802654,0.7072747635962316,0.7188886390852506,0.16211699663774498,0.23164534054233746,0.33789494645893503,0.36259370461525164,0.47346705000222483,0.49223092135902635,0.3449655892496915,0.2058160432916723,0.20412274968873087,0.1266980181345922,0.9011624972352027,1.0,0.656069155133447,0.6971038263071081,0.3573179151584218,0.480374067076849,0.03861125928933642,0.10450307072684029,0.4319668032221364,0.4524143942741628,0.27836014896674816,0.37420325158506407,0.0933818450193279,0.49282472854006676,0.1310728315192662,0.17613629654356813,0.06359618490198465,0.09472630465700192,0.12635147506836938,0.17238431942626603,0.027246382466106868,0.11096560051442902,0.10224224746921379,0.22890406481129963,0.139292670781986,0.20011327851297436,0.19395904050559543,0.2009569776154158,0.2874399138413494,0.1796855190766386,0.0443194253284155,0.061919357262916544,0.21362369413985047,0.28163592009656546,0.4327379619362453,0.48531699088098884,0.06246861469988746,0.22473048399469966,0.04034014556102546,0.14149471486924922,0.020743788167047018,0.10272459356244855,0.4817932443129043,0.5690207641990073,0.6188776627634919,0.6855826400603388,0.24148355095522558,0.4308347634074005,0.39704473519775746,0.3789005865096519,0.5651137596116584,0.5812504257536559,0.5504738685359465,0.39152705120531345,0.36064200736485486,0.4257087894425486,0.23994604441352851,0.34950439039902215,0.1335600972843546,0.1572070881940038,0.18745227574123255,0.28679140569136885,0.1141270670775788,0.11019941646901844,0.13178229233661864,0.12914553708027832,0.40798863671154495,0.30158766168348183,0.3165556277194628,0.2907478226389424,0.12723409327821789,0.06397142830851517,0.18544903240317637,0.11430979059312874,0.08602965256004533,0.06698748534264101,0.14981928463944558,0.10432910390183806,-0.13048655640100965,-0.09881433962548801,0.17288815550425363,0.452496453803718,0.4804093613878869,0.3579977930928603,0.09871747226777387,0.127999464026372,0.13201082650666354,-0.06821135270709681
ROI_4001,0.4344965590508854,0.33057283286019934,0.5579979254404611,0.7190829695363177,0.5652124410840461,0.19937149570447624,0.7251093825413676,0.6009721236896807,0.6664839882706,0.31446032398267815,0.5594290023904748,0.5598747645456934,0.6379214577845234,0.6190203003997989,0.48519194147232536,0.49865195985412275,0.7662591196374617,0.5401675170268411,0.38615078741346953,0.23635319101132232,0.3372312600073986,0.08637020522937543,0.5964988633253779,0.7632540157950143,0.4396336245612006,0.4627741758276544,0.3719306678236095,0.30667237364008715,0.6722543283491015,0.656069155133447,1.0,0.8784426663721249,0.597980618368123,0.6697819933927168,0.262237557855562,0.2905151738314362,0.22569678783421868,0.2712062281051892,0.045274768211667885,0.08484128373490402,-0.07205331688368892,0.11825941236939418,0.18218323596717348,0.2057258612569301,0.24965396331150702,0.20352946930734167,0.11595415492494693,0.13110142775040076,0.22265147016153375,0.2771680748197014,0.2302876448939036,0.24126814546388078,0.13399377294174594,0.17149081523685467,0.08712864845409589,0.10646502351087435,0.33151376031725677,0.25620471894417546,0.12818101724817946,0.14453432163372668,0.3226919378573105,0.3304585909421927,0.5639605842688054,0.4719547430949465,0.15296700268648616,0.3098540376899315,0.25881110737790736,0.2813946032080314,0.23286719820345442,0.17211117565724934,0.5158900723085952,0.7354237012108011,0.46711561711966426,0.5712842973890441,0.5659761474700713,0.5191655604182779,0.3506097631368354,0.521620277901973,0.526847591923902,0.44652478331639905,0.5327621788453879,0.2262421539223605,-0.0542991353676518,0.09354315522978486,0.16210572372760237,0.15667251393855128,-0.05076541114506408,-0.06805389451266142,0.049487244921213265,0.13292743417066932,0.011353709384084554,0.050563572377440726,0.020757310118943908,0.05635394934398279,0.11181311075656097,-0.017652966268528855,0.08346365319503775,0.11413658114891077,-0.00400378393978151,-0.07765758952110127,0.14271797334119596,0.025608336076395715,-0.03747957675451731,-0.02041870649119457,-0.10255707670047054,-0.07808970152209942,-0.017976178818140662,-0.05449708742449176,0.2427345483339805,0.3436611588929052,0.28054117808490037,0.15469222896569956,-0.03910322053557919,-0.03233059671766095,-0.03936758523969985,-0.09868408001689011
ROI_4002,0.3768611570917648,0.32768644682055187,0.635541022215471,0.6572046281965497,0.41064342546735166,0.21598139800227972,0.744396846826936,0.7461864185113403,0.5335277786823404,0.31503029201063243,0.5871082824598177,0.6987087339455438,0.609139760108838,0.7500656564510001,0.40639130970057163,0.4645755429576065,0.6446263259981193,0.5783117771910277,0.26837404930264236,0.2874784953477165,0.24939623617830262,0.08621255691717886,0.717754111441145,0.8261302459503533,0.4133097787459355,0.3594370438692727,0.26562067064975914,0.25079018381156626,0.7153871872235315,0.6971038263071081,0.8784426663721248,1.0,0.548451245989514,0.6376728311305727,0.20591958945407143,0.24315267997950119,0.2248887546997118,0.22710063175694906,0.053704522889989774,0.06783531157142927,0.024671315824310057,0.0982832873038607,0.08464012501763621,0.13329704870532857,0.15212842496102713,0.13166733495710645,0.05982666780545257,0.08785150553846192,0.10085961678984315,0.14200717135789528,0.09882262638319242,0.17069587821786278,0.04445540965340882,0.0977896633029262,0.04852243028902886,0.05715192369366698,0.31710381015583694,0.2418366391434724,0.07976886561822573,0.0786410820204957,0.2380237812869484,0.24250152135185588,0.5019121179227146,0.49334357094922404,0.08502495820799416,0.27391216867176155,0.16498717669434565,0.18585514570633108,0.07877948717775138,0.14658850497532946,0.5217980203248367,0.7271036801655139,0.5603691540344437,0.5821614432936828,0.35436336949515385,0.45326830232209975,0.3980140986265254,0.46377333861326164,0.47971260538043925,0.4998845206301035,0.47376029715586,0.3513981010582839,0.06653164675743548,0.17901363237538584,0.09724442439823587,0.15755676547753197,-0.04554071422589918,-0.009563836427155893,0.00438758298670378,0.08596315906562182,0.015194143140414241,0.024060225706961046,0.04682882837728886,0.08487327031272131,0.1065830002570942,0.008416081493390638,0.08317916302569368,0.07486814035651708,-0.03187515369281253,-0.05862271429100399,0.15142682229175844,0.006236019698967599,-0.0015459295591790988,0.0024239638256128627,-0.009345834177020349,-0.02973826749215564,-0.02303956157021309,-0.017002335732140498,0.17982955219974386,0.3007453237613503,0.1695836089541701,0.05185883415861419,-0.07936381764513868,-0.0016712836405896566,0.0037071099153912685,-0.06309786004051637
ROI_4011,0.6169070970652013,0.5574776520509287,0.7060121883863982,0.6526835592196598,0.1687892200232937,0.1080549501697448,0.6934251547809435,0.5353675882567779,0.16507169977403266,0.15099997409103072,0.3643578262422941,0.4085570743907117,0.4266077374328123,0.46343681972169365,0.24560822340057786,0.2077393182331981,0.6394093528708408,0.6438896236503471,0.7242833487420655,0.6431946704893913,0.27045346257257097,0.2099189051646632,0.6413299454833749,0.5830813474351899,0.4003362678197039,0.08342036957985371,-0.019542255557307788,0.00994277231252906,0.45367061204698694,0.3573179151584219,0.597980618368123,0.548451245989514,1.0,0.9118879508589556,0.5926798595765098,0.5797109326416023,0.28102130105361317,0.23776269753735688,0.3537988209815376,0.36523720277744115,-0.016449201451473248,-0.013179515810388051,0.5859270770134196,0.5876218239792879,0.5909962864406838,0.5763402594204211,0.5379621696420815,0.5519003845292086,0.5261068671946886,0.5598440610159711,0.5362942195290226,0.5334328101784371,0.48378998556122493,0.46703861046763295,0.48914320472927414,0.48314452640619504,0.6718556086425488,0.5954584754728376,0.5265365958487151,0.5112954695206617,0.47453074652048843,0.41641534171440214,0.651314880658422,0.5969036721593373,0.5004720408911905,0.5100819236889769,0.6839204387884195,0.7175773856697553,0.5995182074179356,0.6191940484999667,0.39279317996483787,0.3833998526698083,0.27558142017965676,0.2892595995094017,0.3988756126640401,0.3881830107361407,0.50013243443179,0.5154982028866016,0.47822665430968725,0.5745387194017267,0.6765724016615503,0.5324749763675581,0.19812187500945896,0.2387743373272748,0.4344612083522803,0.45790775843038606,0.283734126733467,0.30215406276751433,0.3675022390101418,0.4240812901084104,0.3625829198709173,0.35634876697084433,0.2564746255675288,0.26178127510645527,0.19777810443739557,0.1035157830714013,0.29763737395684964,0.29658170305145704,0.27835406132881474,0.13542767257867863,0.11441093186465165,0.21636762871420803,0.24820965659876762,0.22833845447239895,0.27824216562162535,0.25807633018091136,-0.31921805408516063,-0.29180239481402725,0.014171927546856153,0.3220856874732682,0.16713581443958514,0.1739956787597636,0.23890392174940397,0.27510901062588333,0.2968313218417666,0.08067116716256047
ROI_4012,0.5162068491881758,0.49022389656094995,0.6333334667754547,0.7159097918592624,0.19318143448129457,0.11406548341206224,0.6985022210249545,0.609182758729811,0.25292800007835226,0.19710961630720564,0.34680675521102794,0.4668589208799946,0.3894527834530373,0.49766763747569265,0.2427520414335104,0.27645825250055406,0.6474702902712509,0.6124268353621358,0.6235149160521042,0.592417814817741,0.24299500380686243,0.20586267860075122,0.5587188679154445,0.6021063694655063,0.2964894707036325,0.10450785342568322,-0.014122776570283033,-0.011488156115709833,0.5219645714347634,0.480374067076849,0.6697819933927168,0.6376728311305728,0.9118879508589555,1.0,0.44935868088529646,0.43844054281617856,0.22952723299565891,0.22433088189810818,0.2751471175371732,0.3142017596177769,-0.005841301789798543,0.04440089261952201,0.42762210434400755,0.4318064826027164,0.4254795789847528,0.42619983318628507,0.3819429430071187,0.4063112644213171,0.396437118265006,0.46179716267787096,0.4316633443960614,0.4632690022610642,0.36268066802848187,0.37261286993652976,0.3673251642531177,0.37270564116852534,0.5127351258618942,0.4569968438291659,0.37054887802734365,0.4024018064952892,0.40926872574783696,0.4976179092313376,0.6218270231130009,0.6753088155948254,0.32989034267795014,0.45156495863924473,0.5239196245815702,0.6168767454323304,0.4688934269773576,0.4627447546955607,0.41934570276274075,0.47201395547842195,0.372725390183207,0.41017791266334797,0.42837165323555354,0.44828560316723726,0.5191857215199739,0.5865848020850456,0.5237082147366101,0.5278774729470963,0.5884057512370318,0.3770052437844271,0.15429998456323463,0.19649076754835532,0.26554358101898107,0.3406376961189293,0.2219348608925409,0.17941465111652136,0.2650149006953021,0.3583290127771513,0.30548978486720213,0.28549703443140956,0.2103390713498034,0.2067371117932518,0.23267060338010195,0.1390855874194689,0.27524366329337385,0.25642903845765985,0.255500207265008,0.12479847768274593,0.1758430629504442,0.15765929704987652,0.19743107588601033,0.17175348950627345,0.2349150141704237,0.2147085232256679,-0.2660502727311645,-0.2278732499296506,-0.013397609472984958,0.2939600905390515,0.175270930442908,0.17821191721122567,0.21716392803805937,0.23875208123811695,0.2520177986662333,0.06061552657874303
ROI_4021,0.4689397318442905,0.4772454682467225,0.4079102482016115,0.2304376944945941,0.17573682550919442,0.01704118958270408,0.3462625675304836,0.1572237339585143,0.09708152476407166,0.014405867658673339,0.13768419594385026,0.05539599078402514,0.25303444966470173,0.18667463102517715,0.19686168806478502,0.05879259056102792,0.40276876695066227,0.4574750600667089,0.5721198437077579,0.4637344812576052,0.43766559829854784,0.17693163147762195,0.3593017093530704,0.20538959531969841,0.593964044171704,0.15546219090203225,-0.03316396998238394,0.1913322472728359,0.2543835847188817,0.03861125928933642,0.26223755785556196,0.20591958945407143,0.5926798595765097,0.4493586808852964,0.9999999999999999,0.8801395005557968,0.4878360051636936,0.3233113403602835,0.4579437807987597,0.4497445894622382,0.0912239855084279,-0.10615401066791363,0.6870909516401652,0.725935272842169,0.7700222182488566,0.739825477839918,0.7238181087601575,0.7170462666054922,0.747270105997535,0.7323023830440647,0.6446342593337455,0.6768751040560274,0.530027982710461,0.5048278294470077,0.6658000581334098,0.6243439515746511,0.5609952817338214,0.6034905371692283,0.7526739157427437,0.7056910444474592,0.4996776337087922,0.2731973706428083,0.49206108093677287,0.2277349089952763,0.6848226963552593,0.4969770812203148,0.857023924998536,0.7932530642126534,0.8001980257634956,0.7464113393532991,0.15423118707471667,0.19967388450848056,0.2611597091587159,0.124581380839736,0.33392034614903804,0.3273555980652713,0.37062349693961866,0.39499234163382907,0.24675565536187066,0.4240059515531879,0.503715947613069,0.47911511367500964,0.190207113835918,0.23643918752568488,0.5773724975055088,0.5806686607076298,0.3433427990132099,0.39411630043405776,0.44371938140542305,0.4916755860339843,0.41517800984594905,0.39419433431870454,0.2361256131656029,0.25449977576472793,0.1228326703675778,0.09508974512259234,0.35941374307969987,0.31894509907868396,0.3921786900169968,0.18783753589287858,-0.004298187175715565,0.21790496888383468,0.279163121447804,0.22718612300320587,0.2772093455934025,0.2432933531180027,-0.3635431475008361,-0.3020123714345281,-0.050421867356435474,0.39283011434133214,-0.003760722870897512,0.09310570097020693,0.35211614201652547,0.32621113330836143,0.30194726078944734,-0.02935010760328619
ROI_4022,0.39179804420791325,0.3464022604065599,0.4162444933169074,0.2246046659041012,0.22613846470192342,0.20413044093087418,0.3457958444803265,0.1512884814812932,0.09974614035680772,0.17033543207128185,0.2134482056288469,0.11815201168771607,0.24142584124782257,0.20377718742530385,0.250124351782595,0.1459798493547552,0.4134907066263254,0.5221762777067452,0.49011302254194283,0.3802910901079611,0.2554231439784401,0.23380784857533488,0.4200768283937144,0.21598662837091298,0.625368406452786,0.20942649279004116,0.06514956209655218,0.2437442856909321,0.2703467317388911,0.10450307072684027,0.2905151738314362,0.24315267997950119,0.5797109326416023,0.4384405428161786,0.8801395005557968,1.0,0.3567510742465503,0.19637112494212236,0.43257544312038654,0.46327950279047203,-0.07717272281637631,-0.011250702585114283,0.6694443845787595,0.6885860020382664,0.7439139246241258,0.70510691984663,0.6823662032951346,0.7061120512223171,0.6783814151756058,0.6591982780969455,0.597505529651267,0.6032879501537503,0.5693845440873991,0.525714238387621,0.6731607178117546,0.6119167940705476,0.5234048656248589,0.4996362387725463,0.6501297532867255,0.587088575579718,0.4756340925354969,0.23245556584239752,0.4659752627643984,0.23395791103877966,0.5994422572101243,0.4394909138088412,0.773280816262424,0.7394681490440198,0.661549969532289,0.6571288472946183,0.2540142568947472,0.1827240524755989,0.18557209720535878,0.10185090072398896,0.2877163084948327,0.3412313238894022,0.4210076677692823,0.31598548469479,0.2097091080562714,0.5172029403043283,0.5148091956608896,0.5241287023219574,0.19760719099892549,0.1994901370254536,0.4772607062614198,0.5221816932590532,0.34363719912907587,0.31717509612326944,0.4360559919177399,0.48647095353338177,0.4628047535544936,0.4291268260223712,0.35777401406500925,0.35948514785654684,0.1468744308060578,0.08650842181505662,0.3253998181736412,0.31003966331839483,0.3053916565937023,0.16452650556379841,0.07063784314298986,0.2610244778107444,0.36121768491297684,0.34026483477075453,0.3597034236698487,0.3272288137896312,-0.400337363087247,-0.3479342980066229,0.01904306346589839,0.43715522700918624,0.09356390531260499,0.13547619780579517,0.31214644838821226,0.37381989955749795,0.37979623359919035,0.06923560635814074
ROI_4101,0.3579931894227688,0.3987715043691766,0.26872320030232216,0.12334465975133646,-0.0460894275660381,-0.2848373687579867,0.25605535367330384,0.25538088389182984,0.1117231458753523,-0.21108213714219412,0.18337610853205755,0.1915692782469217,0.3271646530366864,0.34073854516786584,0.12422726230916095,0.03365674699583612,0.41503589957564657,0.3832215099461705,0.3401419301915248,0.4150307343346506,0.588557307388119,0.31988659173270917,0.25090793468433054,0.22596972769094087,0.3379317459763039,-0.04891581234572691,-0.19924854620580146,-0.05467409905192705,0.5088420190138969,0.4319668032221364,0.2256967878342187,0.2248887546997118,0.28102130105361317,0.22952723299565891,0.48783600516369363,0.3567510742465503,0.9999999999999999,0.8590594858125719,0.5349869879819129,0.5055177743869985,0.4744058698094814,0.4703965321443334,0.4437611696331199,0.5091844758926203,0.3782531926040376,0.4258839410469671,0.5206032121700821,0.4503705791443273,0.40826565937129133,0.43626616690213116,0.41391945867054064,0.5068094485851364,0.2253387889926298,0.23650468780939407,0.41423448938049234,0.39890747348061234,0.4199998448707612,0.415898473921516,0.5116945945498864,0.44826408550951985,0.2810942601452697,0.13420970120087722,0.37851128056317845,0.19469075920198747,0.5208052184016383,0.4154808896926812,0.4813136441128526,0.4205166239914925,0.4805459554024046,0.5364799783521215,-0.022440578652951106,0.16528894734769684,0.479010783436045,0.2880137138754884,0.1358837749885739,0.15352582092925274,0.23643079337978218,0.32702019731450405,0.5219143556071669,0.336678043096721,0.5008905464212657,0.42836740363228537,0.5155042870706621,0.6699725565184314,0.6015956256684145,0.6375323432972387,0.14512365648794678,0.4557889754830106,0.27368155632541946,0.3409245737528499,0.11072800211718001,0.1664180336225581,-0.09085905345774857,-0.045030501844818126,0.45652913643215337,0.5511720564478166,0.4850148870007898,0.45899011436790804,0.43598836720570644,0.29421797588837567,0.046863656837836054,0.02586671286241977,-0.05416248259612881,-0.12860739569255067,0.06586057111778551,-0.018416633534168447,-0.05457747734444644,0.02525995426352653,-0.031760159259652525,0.3453548981294008,0.3293892131224915,0.39366215480532474,0.27251087584837214,0.12446777060834699,0.03975439182865613,-0.2061732857739633
ROI_4102,0.29360823048075313,0.33055574374449537,0.15415201688797345,0.13947199996423632,-0.11878007950340086,-0.4387440868312879,0.21083114822608431,0.30164632082609244,0.18243226487378497,-0.32457722513093507,0.17103075844482474,0.23580412861364913,0.31465207211126245,0.3527846749305708,0.01618193305035524,-0.019830136960346956,0.38427028861144075,0.2685617918470614,0.26762451079486527,0.3501590568486217,0.5475072932788044,0.2188762768611817,0.139476046830603,0.23450023012198126,0.19164611106514942,-0.07663792254960305,-0.24710715353413976,-0.1884042217082126,0.497426980874883,0.45241439427416275,0.2712062281051892,0.22710063175694906,0.23776269753735688,0.22433088189810815,0.32331134036028353,0.19637112494212236,0.8590594858125719,1.0,0.3425609042768869,0.3127088308848343,0.4874130588142113,0.42519497485378904,0.34665932290129453,0.41404034312503923,0.2799107629483664,0.34925917327133194,0.4062521187740037,0.3230636145545803,0.3486110775719402,0.38476957050859184,0.3846384283813698,0.46332657128352345,0.10574310505667851,0.12814763018751896,0.22487203714603604,0.23659327087336227,0.303870232071745,0.3187136468776448,0.3875416203810639,0.34653541650788905,0.20041367522799136,0.12304214390215563,0.3564238170268041,0.255884371553489,0.428208827110805,0.43079003139807753,0.3783889722089229,0.3377768091216767,0.373370769602343,0.45151950972979754,-0.08832969010545333,0.20121884120301076,0.5156616975650287,0.31957375484605466,0.20479989237404025,0.14091978392641116,0.1779892409846616,0.3942146439032007,0.4961973348674141,0.19059060605694564,0.40055707194901896,0.27806420697548667,0.35625951625154795,0.5959768883223464,0.4849537175340833,0.5710481106539957,-0.06914501486087032,0.29662428056018475,0.09130004204955088,0.2084976316377721,-0.05197345777326751,0.03432898237454287,-0.2886931219321192,-0.2400764076109966,0.352571689011002,0.46849160315399263,0.41181743942797033,0.4478138167412814,0.4230407716484939,0.33262432148260107,0.06885206653850715,-0.10506242207771205,-0.28711758573015583,-0.33504488451700914,-0.1617702719741522,-0.24727509119012067,0.17518137492869337,0.22798615175101752,0.08183518370996905,0.2708392859246915,0.39246788323775933,0.43679044099916675,0.22111875038415565,-0.03232144078503699,-0.17477795286040254,-0.26064422079032945
ROI_4111,0.2971463650182749,0.1964542254955106,0.38328228592052294,0.17096528118932103,0.13524709492171383,0.1581604328509273,0.29726450260632037,0.03599698777915948,0.043011351712877656,0.22538788801477508,0.24973513333581498,0.05099255269116359,0.27290521462752243,0.1862464543512287,0.3556681935717268,0.2595429114250657,0.3039329267761634,0.44564940384691726,0.37059725640844754,0.3148970695445622,0.290806668409077,0.4552274208568019,0.24388305029749646,0.04807277534472024,0.3029994646318419,-0.14280361243304535,-0.05675881875116214,-0.0920114542215069,0.34543920427162716,0.27836014896674816,0.045274768211667885,0.053704522889989774,0.3537988209815376,0.2751471175371732,0.45794378079875975,0.43257544312038654,0.5349869879819128,0.3425609042768869,1.0,0.843335912066259,0.1463450448502061,0.38692243580489144,0.525312723996634,0.5447930885728429,0.4169457689728088,0.4363742138277637,0.598643321471826,0.6541625962795309,0.3803874880711613,0.41530898893249174,0.4201426202060232,0.4832059503124497,0.5492572539709104,0.5557928271613547,0.7680306722061084,0.7796117213474092,0.4163039219538542,0.27209428404970737,0.47784441968443886,0.41370290237761176,0.36393634988969387,0.2898582506394141,0.32683839217820787,0.18494904222885689,0.5157113608513029,0.31667632647038235,0.4901880193154083,0.5501000109209141,0.43040190028671166,0.4356406288375443,0.3316110285350908,0.17876418550020037,0.21280310055975984,0.30694080153643444,0.1414639437011933,0.2730065060635064,0.41905112301834846,0.23215510787399415,0.2286481721484674,0.42228634146949434,0.4630406620312234,0.5108297350495072,0.6108022642875887,0.45913795040801497,0.6295963763761325,0.654284915862126,0.6979713606497481,0.7465104176440309,0.7625001195209875,0.7379045306610797,0.5968876807979517,0.6302406615401337,0.4196128453272281,0.3770813919597196,0.6075963222486694,0.46602815701486305,0.5106430926622108,0.5218495624009958,0.5286658825115198,0.406719616928819,-0.053048919823610485,0.5410431725858961,0.4590509517148187,0.4030816471987099,0.5473087893957276,0.5204421975501262,-0.5789324180061708,-0.5230079180729784,-0.22771466023307033,0.42451329772370516,0.22952716800289497,0.40443335030498356,0.5574393502097823,0.5021796293073268,0.5678463050713277,0.26061778397589996
ROI_4112,0.26912192890894915,0.2207185326881174,0.3571166554201448,0.1730110865221817,0.24430017796944514,0.34795114849788406,0.24597078695771118,-0.025746771052601574,0.06918712119391739,0.4010906753603697,0.30394618719889654,0.060733460817289454,0.2620108178786679,0.20829237832725883,0.48478841162502523,0.40255447119554394,0.4136272194112154,0.5515834313094945,0.3388768675497466,0.2736473430309077,0.3216830569590862,0.5613302313115587,0.2375899388450766,-0.010868934852952147,0.38546333761458595,-0.03547044143253182,0.03429262211517731,0.02480789037855754,0.44339258385006536,0.374203251585064,0.08484128373490402,0.06783531157142929,0.36523720277744115,0.3142017596177769,0.44974458946223816,0.4632795027904719,0.5055177743869985,0.3127088308848343,0.843335912066259,1.0,-0.07977401168048458,0.4660369578118279,0.551491653825665,0.5878259130125701,0.4173141471893078,0.46447894830802794,0.5878362579109094,0.7132406839724004,0.35068787509592847,0.44325865011718985,0.44861599533612345,0.5370745771580322,0.6682888523342096,0.7075312843388155,0.8298785787417889,0.8644931407449934,0.43237728274245996,0.27483259828766615,0.44080757514322444,0.4069795482840831,0.38844001446620163,0.35458037911893914,0.39337357656898664,0.24014888548132365,0.5097734380681498,0.3376483469537078,0.4683887729963443,0.5775140748603658,0.46525562522033753,0.4093432593539542,0.4108905806362989,0.1958563145335451,0.2552771348657202,0.39234244943224444,0.15068039265696004,0.3620932525322224,0.38683043874406814,0.17476517754612153,0.2234967414651748,0.4716226133078391,0.5366008051125991,0.5381313294609439,0.5819387773846953,0.435672477568375,0.6758348163634713,0.7001458414709973,0.8129947928725495,0.7473965735046983,0.8608067397304046,0.8547695943172008,0.7140231334673051,0.7251709329849025,0.6056829895421434,0.5467624412792562,0.5148176377117292,0.38948864133905386,0.5690540684423697,0.5182060543183143,0.5124469552048189,0.38272865891569646,0.05890091640508006,0.6126716596462717,0.6306049984609551,0.570652915736956,0.7119738661765985,0.6899823621955125,-0.7342501158876684,-0.6785022804460166,-0.15331553161728959,0.5084530055039255,0.3623960931047686,0.47000020674751963,0.6383005527043101,0.6273107731306851,0.7195180159111229,0.3045144470524885
ROI_4201,0.1430534434710354,0.2560758858163791,0.002007397769690777,-0.07580940979433426,-0.34864855038980425,-0.5217657639726012,-0.014342638005357712,0.23283672019612553,-0.14373390115832743,-0.49435100874755655,-0.17197163622097367,0.10546578697258845,0.001760446804515389,0.13318596972017285,-0.31479561478422663,-0.29543680758167584,-0.0639459348289671,-0.039051283274091526,0.0992276801908587,0.29523563002530534,0.19897497403695918,-0.03230192641254857,0.003353996913308761,0.14449418820773163,-0.03432838960244926,-0.16300004843238508,-0.2957118221314278,-0.1836219938251805,0.0645128964255589,0.0933818450193279,-0.07205331688368892,0.024671315824310053,-0.016449201451473248,-0.005841301789798542,0.0912239855084279,-0.0771727228163763,0.4744058698094814,0.4874130588142113,0.14634504485020608,-0.07977401168048458,0.9999999999999999,0.18723619057007723,0.05409422836109533,0.08884053157287855,0.03209180090250177,0.07516465656142819,0.16036732377537558,-0.028470169810224998,0.09098747889494871,0.06898199597130639,0.05749170733791486,0.09477918404328332,-0.22169291224248014,-0.25092876588786217,-0.1174141806618168,-0.13590607164190843,0.1269371150155999,0.22986364737614715,0.176520036271385,0.18152887997834932,-0.07297965807339513,-0.09879414656942331,-0.028294643866046187,-0.02277427183626252,0.052078038890503435,0.05536176793630186,0.0834905753634103,-0.0071818284728663905,0.09109470457656205,0.2526566583400915,-0.35682231106829937,-0.13726562870076747,0.15297940501002846,-0.10083146406394085,-0.11808332596655424,-0.25957832226454475,-0.11351505616079288,0.014127491446898545,0.372151945999026,0.024493369814345623,0.022651865826305843,0.05598628678384423,0.38033617635909256,0.4207321115712699,0.06400090970362371,0.09918697862561676,-0.2913717227172835,0.09410316828537281,-0.27449695882123004,-0.20602329557439528,-0.3472323253188011,-0.2838109628607188,-0.4368812403380029,-0.3353318355649291,0.24021408980751824,0.3983695541762486,-0.09263948206925023,-0.0039153234014163,0.013050808172709713,-0.017839539519488145,0.012174986756493988,-0.26567465205081336,-0.3537514578266564,-0.4104872999749424,-0.284005143871887,-0.32317157947206887,0.35063071402819884,0.40484862919307535,-0.3369767307628993,-0.2502310796485066,-0.2807377852417794,-0.10201251809785226,-0.19769145783042852,-0.26010563878604837,-0.322668699374062,-0.5183919478045032
ROI_4202,0.02601804717256603,0.03941377984446013,0.11848209495388877,0.031498816283957155,0.018009635570107672,0.030519404194175866,0.0617848891347123,0.06664189320769796,0.06183002916067278,0.08239047235623961,0.17375388051418672,0.1291492637219247,0.15173434781334347,0.19415874065351982,0.17899776237156587,0.20653421924174525,0.23955103326723587,0.280541712458108,-0.002211800473612493,0.08928761108877395,0.0664622323770895,0.4053527423012037,0.15530708611973157,0.1077154410431331,0.09185362334256222,-0.04858247096894168,0.03920590136567882,-0.02603311815193633,0.3223516729816281,0.49282472854006676,0.11825941236939419,0.0982832873038607,-0.013179515810388053,0.04440089261952201,-0.10615401066791362,-0.011250702585114281,0.4703965321443334,0.42519497485378915,0.38692243580489144,0.4660369578118279,0.18723619057007723,0.9999999999999999,0.09187812329744556,0.11588438534630977,-0.0232066555758995,0.045195010099815434,0.13592693120581006,0.12675885880984775,-0.031198063871492238,0.0027451850910372414,0.015568189359995025,0.07276507470250704,0.04329161830779093,0.07700228843370228,0.1645692420051937,0.15303766666938595,0.1006389282631538,0.025265043623461336,0.014026303637860893,-0.019184574556911776,-0.05650078519239732,-0.05791722633277311,0.025691446050103737,0.021161968251521276,0.028524027878493174,-0.03323361915219075,-0.03636604451268489,0.0018978389787006125,-0.02785101655380543,0.066012373607556,0.061178538179753474,0.014616081340882941,0.16989361897701782,0.18481867011599282,-0.09960570724706604,-0.008318367476274813,0.053798081906415524,-0.08679860734147091,0.40431436274402277,0.24498815107534103,0.27932004168005353,0.1810125206552069,0.5520415474137357,0.46451594638306987,0.1943731370325925,0.2472541881929688,0.0881041552502234,0.159353724372054,0.1341463806982343,0.15558915712245022,0.02324922179334365,0.07394968322052539,0.050029302527242164,0.03311731304618793,0.5784741886953902,0.6435327057294752,0.22472819792807788,0.23392564586016065,0.12636508438309982,0.10867083843373969,0.10830447556272574,0.0010653750780250707,0.037233100032614444,0.0004106619450026346,0.13409173959870693,0.08643412265552303,-0.016809662991056587,0.0088884703403285,-0.10480771032819293,0.04175330790304786,0.45099556129439367,0.47160902753247225,0.11859925044453784,0.09452401648762442,0.08649388021984923,-0.10785418154159432
ROI_5001,0.5141146027253597,0.5082217671523752,0.412611448156195,0.2238129185453354,0.10747354991118709,0.027364287647245286,0.3000075324042978,0.13263363563009758,0.06700351635724891,0.06151106869062329,0.2726029598073145,0.112486988883611,0.31204538811186583,0.25704396448558486,0.23218942024575118,0.11329577347662036,0.47042074572751963,0.4921224052031909,0.6123237303181827,0.45954404998487763,0.3781483638858393,0.24393369195820241,0.306635220201775,0.12878623310532572,0.46594185245448855,0.051128876309171706,-0.03205141902107792,-0.016339442729327476,0.2789190836850735,0.1310728315192662,0.18218323596717348,0.0846401250176362,0.5859270770134196,0.42762210434400755,0.6870909516401652,0.6694443845787595,0.44376116963311996,0.3466593229012945,0.525312723996634,0.551491653825665,0.05409422836109533,0.09187812329744555,1.0,0.9516646082123753,0.8716029213276304,0.8681865647189627,0.9206810708553522,0.8854950389866937,0.7710481227530936,0.7760266397602273,0.824588870455118,0.7807575437749122,0.7286538506893033,0.6719050243542615,0.7633160623308388,0.7082477648469365,0.6833135683675681,0.6098853254549998,0.724673988883558,0.685181276776117,0.4705817874105021,0.2376392762364347,0.43815364266481394,0.23720528258875245,0.6506054628396242,0.4415424321060274,0.8167423126607489,0.8208883913853282,0.7414163425965709,0.7849105119750072,0.16715523557569897,0.07909508072677493,0.13200457861192508,0.09309404076816002,0.2675171797253781,0.22624196487930137,0.2370840935870145,0.21342613023978846,0.3186575938065675,0.42843116816522275,0.5919878495265638,0.5683066722046565,0.36245711340256476,0.2863512444169747,0.684359659405254,0.6979206658317884,0.36338020793957293,0.4728693005410905,0.5153581221167575,0.5595390992024337,0.4001697577296013,0.43131477632113385,0.2695904794343187,0.29029965153533077,0.2064304734468157,0.18352720028940356,0.354080660254337,0.3967612922235467,0.4124193188502979,0.21277726294561455,0.0468880545244363,0.28463590385077214,0.28115350350257984,0.24486700589005436,0.29362181132356785,0.26660965356428684,-0.3599107660437025,-0.35587993262329803,-0.12156426808623397,0.3043766462435912,0.18991358164442548,0.26931470371624916,0.3896074728052365,0.3384186668591412,0.31900030573951005,-0.06636138513762524
ROI_5002,0.49916541138793963,0.5205826980281271,0.4087520128920187,0.21136641052880004,0.10978198044146113,0.020794566527716062,0.2998128125529791,0.15259492641915817,0.06983839359934926,0.0598439867945626,0.2652120412295882,0.12647618650816014,0.3041333384941431,0.2886745145108706,0.23709643125287275,0.12677492349376526,0.4953475396532342,0.5388661770124319,0.5904438769974756,0.47005127085232723,0.41592331849024955,0.2687201577914021,0.31950635984142683,0.15045632937300984,0.5074437901921095,0.058196179902816454,-0.05667472223783729,0.00057276992774529,0.343173124955373,0.17613629654356813,0.20572586125693013,0.13329704870532857,0.587621823979288,0.4318064826027164,0.725935272842169,0.6885860020382664,0.5091844758926204,0.4140403431250393,0.544793088572843,0.5878259130125701,0.08884053157287854,0.11588438534630975,0.9516646082123754,0.9999999999999998,0.853850263137209,0.8988730180534551,0.8989949472988533,0.9182768278775547,0.7596049950593677,0.783453937928536,0.8236763049168548,0.8114365710344685,0.7244988962508815,0.690667256706957,0.7775688770535352,0.738135475820385,0.6796871229928413,0.6072300157904662,0.7322272184152324,0.6911148520165108,0.4447280265941939,0.21466445450495214,0.4464819862406547,0.23660350789283466,0.6575909668715755,0.478417514878199,0.8366532360266441,0.8506727996882383,0.7768593780536874,0.8166602792720734,0.1648721639086896,0.107664110904418,0.205231859519843,0.13584243168686633,0.28513589215726426,0.2630110719883507,0.2574047034090618,0.2527866196686007,0.347705522956554,0.48415744182834586,0.641288971400499,0.63195919399197,0.3899654531890454,0.33946886005036475,0.7176611745211818,0.73622585145936,0.3793186439905216,0.49937521855349465,0.5251222610437909,0.5739033724790595,0.41329559997151094,0.43765438403707047,0.2612913638939192,0.2787641768514633,0.18907829638516588,0.17941770861243714,0.3778280513563548,0.4040103378196253,0.4275566760958312,0.21773137515113475,0.01640393537812907,0.28433025015886965,0.2775346374014016,0.2371172368446152,0.28920171807521833,0.25675431121523723,-0.36644195864850637,-0.35315765361426604,-0.10243883521934145,0.33044178210308767,0.20070537661320856,0.2797713622839838,0.4007386647106066,0.3405962967651989,0.3197465801229139,-0.070777787088175
ROI_5011,0.5293302086170834,0.5694311033759752,0.3998153758209207,0.24811980810540493,0.14953586477047817,-0.009194838892929953,0.3277030235279056,0.14310804675496683,0.07947497210485706,-0.006135558151774486,0.1918831146431524,0.11165669107390788,0.2525687457612621,0.20108855012408758,0.1541632577260648,0.0393019072735882,0.4427738351595141,0.46522453073554015,0.6218889660509375,0.46041036624039317,0.39933491969674,0.16253601459293426,0.30679681824413724,0.19126775507352448,0.5248642785939077,0.13212707970797105,-0.004263452835725723,0.09542281413893548,0.2296980297866018,0.06359618490198465,0.24965396331150705,0.15212842496102713,0.5909962864406838,0.4254795789847528,0.7700222182488566,0.7439139246241258,0.37825319260403756,0.2799107629483665,0.4169457689728088,0.4173141471893078,0.03209180090250177,-0.023206655575899498,0.8716029213276304,0.853850263137209,1.0,0.9461764003890664,0.8700360808469848,0.8008119826795923,0.8803412037334079,0.8128500307922994,0.7532452586850718,0.7152582948386879,0.5854799178185737,0.5373478703970012,0.701055987516711,0.6230048216771438,0.6727795750339212,0.6884097941792653,0.7280741689022879,0.6932527976362093,0.5083315238621634,0.22988551739049667,0.47249585474514844,0.2284052102821455,0.670992463992767,0.4812583580074614,0.8732548247122565,0.836410241652678,0.7642228631311331,0.7785681003496796,0.08732554526914581,0.06294019404110625,0.08756044352003015,0.021542462774928255,0.25674648824909135,0.19147040421191397,0.18217865371342962,0.21606219754792533,0.27630039522779304,0.39132452865073514,0.542828638361836,0.5586475291766737,0.19604311601515742,0.21933546401591766,0.6158762792953353,0.6484803312152385,0.28643954463293375,0.40068944641769183,0.41113925831155673,0.4518631098513559,0.31660028193378814,0.32031670271442436,0.19354524713734014,0.21702900423958138,0.0717797050992541,0.05847603858881814,0.22605438343543818,0.2600881195518163,0.3044503618952134,0.07939998113738582,0.044465392461013685,0.21253798332781285,0.2168988265092383,0.18056746242415353,0.19443436113223628,0.18141020619505907,-0.30105435549552456,-0.2875387508535594,-0.06738546781393905,0.25525532521369704,0.054098413006291535,0.1048299117618067,0.2510135021475965,0.22245851978243256,0.22023896308110294,-0.139933757735013
ROI_5012,0.5047841433679893,0.556229046306934,0.3852367015248355,0.22428737067496854,0.09534367237441928,-0.02410110017172971,0.28873271440299914,0.1316185603112017,0.040826028229600936,-0.015788956858991093,0.22392725074604425,0.1283284668957382,0.25381697890730387,0.23115161735131928,0.1489173299684495,0.05070450120659971,0.43397995832002967,0.47954797712283026,0.5871776502289873,0.46456497459370033,0.400427607118681,0.20339025243409997,0.3012086077474681,0.18103017961678106,0.49273123824112824,0.09105745388820258,-0.04444760916621939,0.04228278574532896,0.2541824016441538,0.09472630465700191,0.2035294693073417,0.13166733495710642,0.5763402594204211,0.42619983318628507,0.739825477839918,0.7051069198466299,0.42588394104696714,0.349259173271332,0.43637421382776376,0.464478948308028,0.0751646565614282,0.04519501009981543,0.8681865647189627,0.8988730180534551,0.9461764003890665,0.9999999999999998,0.8799249878530563,0.8460408255610478,0.8289609713249338,0.8151742576709812,0.7715033843869664,0.7486754387747239,0.5963959746115248,0.5618840142823447,0.7282806632200398,0.6542873563345564,0.6629110497334905,0.6689390844515362,0.7139743961040756,0.6915676315777405,0.46155402025160025,0.21558787667601026,0.462429317709236,0.24071217162175354,0.688833055335586,0.5014120356415749,0.8485170909264801,0.8579360323716047,0.7614587498542487,0.7919749500307324,0.08956465810028233,0.04295788130744246,0.12226974874630274,0.03057523301959215,0.2581170235265793,0.19987818331986884,0.18410179646174232,0.20672801097310672,0.2839394471475111,0.4221421202257638,0.5758856231520522,0.613430523312562,0.271455342935798,0.27086412362648343,0.663401750923185,0.7030753888844478,0.29343087662906053,0.4159849030209913,0.42430533252276365,0.4690132118184095,0.3189159169390444,0.3307868849303018,0.19827777131393431,0.21824111977440772,0.08989671123197078,0.10150661599867797,0.26438840690294996,0.29152402415098283,0.3469090329505174,0.11071329953136567,0.005895081629997442,0.21457023363324534,0.21487081525875718,0.18127038236801937,0.20536659466822862,0.17962037992080304,-0.2908459193682267,-0.2734887958742617,-0.0703822068965466,0.24538162095155172,0.11450361415303632,0.18445715617058145,0.2985354127652233,0.2479045539125505,0.23092406589376432,-0.14390643501793604
ROI_5021,0.501613719246438,0.5045132739629,0.40935506186726583,0.14457976487730456,0.037967753246896725,-0.016279773420219475,0.2834050274149101,0.10390222486112377,0.016449225438645916,0.0003684582676007344,0.22296974006096465,0.06313703615413219,0.27258558970657204,0.19714442153228526,0.18767592231045377,0.05524932235925128,0.43332838945990954,0.48299628514362236,0.5751052761246414,0.488308284123669,0.404397180441791,0.28099419230300177,0.31666612119012283,0.10859417929059552,0.4998316737451457,0.013965090344336344,-0.09219742449423446,-0.023551181263234446,0.29054566019773764,0.12635147506836938,0.11595415492494691,0.05982666780545258,0.5379621696420814,0.3819429430071186,0.7238181087601574,0.6823662032951348,0.5206032121700821,0.40625211877400363,0.598643321471826,0.5878362579109094,0.16036732377537558,0.13592693120581006,0.9206810708553523,0.8989949472988532,0.8700360808469847,0.8799249878530563,0.9999999999999999,0.9211327107003585,0.798326396803639,0.7820904261144487,0.7730539455826906,0.7614927263215711,0.6353192433201541,0.5781033150432537,0.8197708170786892,0.7247349100045392,0.6824667742418031,0.6552045021069836,0.7666621565425482,0.7165449116810646,0.44977691369531686,0.174336539483709,0.41934677956820415,0.17211714760413852,0.6783973092443223,0.40813675345668127,0.8242434381355767,0.8107152316624163,0.7291324372768009,0.8053817800606999,0.11486650440120924,0.02036261120104274,0.1961697316777254,0.08123008163569001,0.22999578648991784,0.16843861536545843,0.27371279658415665,0.21135919309751297,0.34867752462420115,0.4442881385581464,0.590757699898856,0.6027353825574623,0.45594592341123347,0.3828093285173437,0.7082485539235431,0.714208456264997,0.3434262749458504,0.5040702782195771,0.4981106203776797,0.5488313651898322,0.38523878598311695,0.41131258212282634,0.24444422317053982,0.2678996147977803,0.29103864415275926,0.3122630123643998,0.39764806639682587,0.45320752245189955,0.4601994538815576,0.2476485424963612,0.060222477634562045,0.25277525561240993,0.2652969327869084,0.21295539710395484,0.29736773690360024,0.25248642304076846,-0.32003331666160606,-0.29346263243259757,-0.20080886950997143,0.30161032341179567,0.1636529224005472,0.27440911958223213,0.40202786639699417,0.34051898910811373,0.3128515411906718,-0.1039352218870405
ROI_5022,0.4357436606223333,0.40732609437666384,0.4351631245318297,0.1824354610454057,0.17575096578250773,0.21107339327594177,0.29636022807127194,0.05016863587454826,0.07974329941009886,0.2408069586813749,0.30975615297248676,0.05606441338904516,0.28049288714915305,0.2181187539830519,0.35244022951940374,0.23508907147989097,0.4584033134310711,0.5533631602343909,0.5325071373716794,0.4059673911914265,0.3637066745484418,0.38665567244995175,0.32668249966483365,0.05997110164395508,0.5246577155835357,0.050497888661972766,0.014752188560355914,0.024711775561428142,0.3539951441541888,0.17238431942626603,0.13110142775040076,0.08785150553846191,0.5519003845292085,0.4063112644213171,0.7170462666054922,0.7061120512223171,0.4503705791443274,0.3230636145545803,0.6541625962795308,0.7132406839724004,-0.028470169810224998,0.12675885880984775,0.8854950389866937,0.9182768278775546,0.8008119826795923,0.8460408255610478,0.9211327107003586,1.0,0.7208328725624172,0.7569596647659845,0.7753338268227175,0.7788708883615054,0.7781010800191097,0.7551753138848384,0.9180622823751973,0.8739741367068122,0.6390399677461758,0.5507942438509139,0.7093340718964986,0.6631878401350924,0.4666513465780752,0.23240470161448745,0.4305625060144768,0.2060613636573938,0.6483359817370761,0.3942856652408349,0.8034499553580323,0.8460392575932898,0.7168734560609503,0.7394316915522979,0.31669302955165507,0.1425409150525249,0.22036071808318733,0.210458395677826,0.2759494049297355,0.33177778976870936,0.39172887267531037,0.2613981552723651,0.2447424502584733,0.5214898280003407,0.6301453513527793,0.6453949616623986,0.4472380935351351,0.297759601214763,0.7355569221785333,0.7302371453448582,0.5279085551993884,0.5334413751317971,0.6721252529068953,0.721033333442621,0.6028823625436225,0.6055107923282698,0.46167091239342595,0.44478675693040587,0.31908200554729077,0.23255765513875282,0.5146938578470712,0.5362618554556355,0.5474014187125086,0.3545930542393533,-0.0002945348429543328,0.39796017376252074,0.4609838212597156,0.41935274529167255,0.476370202591538,0.44234916921696965,-0.5066543718552786,-0.48893329987193107,-0.13288472884252847,0.4505766905169633,0.2555611590857121,0.35982831317122377,0.5850579227216869,0.5203863001274316,0.5159471023667622,0.13190474420119502
ROI_5101,0.4907904763527777,0.509708922485411,0.3081741245309235,0.20605406841386203,0.04629459568358503,-0.17617927111963771,0.28487284830034115,0.16316139899090457,0.032593509637573286,-0.1653672523746374,0.0756784872031045,0.05051165443748284,0.13991526545377422,0.11997768672128065,-0.005146007963420561,-0.11952267379295706,0.36268031151938473,0.35216416704775394,0.5825274510879063,0.44388210125420935,0.4229939532217135,0.09229158155256169,0.1860231984931489,0.1018919376853499,0.37982676042033403,0.0024243729121695714,-0.1663162720550768,0.0328895990922025,0.2026719370941848,0.02724638246610687,0.22265147016153375,0.10085961678984315,0.5261068671946886,0.39643711826500594,0.7472701059975351,0.6783814151756058,0.4082656593712913,0.34861107757194015,0.3803874880711613,0.35068787509592847,0.09098747889494871,-0.031198063871492238,0.7710481227530938,0.7596049950593677,0.8803412037334079,0.8289609713249338,0.798326396803639,0.7208328725624173,0.9999999999999998,0.9191292933086891,0.8448626477774748,0.7944340303082823,0.5398205366081721,0.49370959778718254,0.6445898662399355,0.5722660123066442,0.5679554963440566,0.6318662884685696,0.8260510290651876,0.792138927233436,0.5046654666867252,0.23173496562149704,0.4909817301988665,0.28000746104546204,0.6080201646493003,0.4729854400169376,0.8826135195601978,0.8043374967883441,0.7323548397196346,0.7627761454354529,-0.01532410779304025,0.05603703440538968,0.17415515597391493,0.018377706717222456,0.289907234481508,0.1432097756481462,0.23827683009215317,0.34891599485172925,0.26436612243510194,0.24843442009779784,0.3933212693245516,0.36706507333932614,0.1261269243279299,0.17497369035083318,0.4959015570641459,0.5590205578952788,0.21687344262361224,0.37891648798225813,0.3339381680438615,0.4304714118405596,0.31685751327181344,0.34368135745888223,0.11276873526168334,0.15270728802772662,0.09460469927518769,0.13936641036557743,0.3205049204532081,0.34696694823272556,0.4262347306768439,0.23023856459341846,0.08903883005494109,0.1745316842987871,0.1429760830097673,0.09593486780229375,0.14643559536361367,0.10988621957659309,-0.23528095928066609,-0.22812399598359023,-0.09925153988639106,0.22660621571940115,0.12025713225722237,0.20828089363169439,0.3464027834956574,0.23259181313195723,0.17034807325797782,-0.10987721103790227
ROI_5102,0.5315969499414985,0.5427809243140449,0.33634266301721033,0.28011179461880237,0.13513268436448728,-0.09536562260525525,0.33572471021181055,0.20503044050505118,0.10445511515709441,-0.056779628327951547,0.17347981148933567,0.14126196604417415,0.23702323899763772,0.2423969486067583,0.12456188063673215,0.008341122333611032,0.43542588690282996,0.41066368088135335,0.5900872605569606,0.4253673331413825,0.4746106002862051,0.17953676699518728,0.20116379041688653,0.1228533015433256,0.420407322708181,0.06069408222837523,-0.09546848440258661,0.054491327101522206,0.2794349522881684,0.11096560051442902,0.2771680748197014,0.14200717135789528,0.5598440610159712,0.46179716267787096,0.7323023830440646,0.6591982780969455,0.4362661669021312,0.38476957050859184,0.41530898893249174,0.44325865011718985,0.06898199597130639,0.0027451850910372414,0.7760266397602272,0.7834539379285361,0.8128500307922996,0.8151742576709812,0.7820904261144486,0.7569596647659845,0.9191292933086891,1.0,0.8870776343286342,0.8967887166572942,0.6288001366691102,0.6090927911008946,0.6852924464005428,0.6452244259123241,0.5842054142026236,0.6397649062565329,0.805885345350581,0.8205233272314769,0.5956152554976031,0.4006273153879067,0.5348876977147159,0.33917202000986607,0.6371642327483402,0.5479490314483025,0.8265680980461508,0.8038746561215396,0.7483372248575006,0.7328867516381709,0.07557570551765345,0.1561009826724169,0.20894277507940906,0.121623202463264,0.31534173011726185,0.21483082266272557,0.23121012304802507,0.3621521775551774,0.2691145234972073,0.29312052094654883,0.4299226061217256,0.37403465130999003,0.13489550463240382,0.17547966738889925,0.569872097996866,0.6094424341541688,0.2904244955617336,0.4007462714498581,0.42913738076230284,0.546258696459905,0.3764249807690623,0.4051917352495036,0.1943850917032283,0.22427023047078512,0.14050277513915702,0.12053122137810297,0.34665847317336074,0.36935373589198356,0.45288475035469844,0.24335306441169194,0.11508307384910693,0.23937665670199249,0.21892858297807558,0.16679827619182694,0.1843337747149416,0.16999679767298598,-0.3046618726868226,-0.31124729449631017,-0.10191546972553249,0.31215708021874394,0.1682060330722248,0.27507699176497236,0.4240427720669611,0.2835876056507681,0.24250579508550324,-0.10624987077756579
ROI_5201,0.5584737048154941,0.5098095598414575,0.353150557830412,0.2707122007571518,0.09373783951630528,-0.09196446558669276,0.3306501463208729,0.18033259418238923,0.08845356950938975,-0.04193041537513021,0.2518474035619769,0.151266302936483,0.28785223669457194,0.2631044349863342,0.1357384972951008,0.012762106354332994,0.4310166582233183,0.3792199120229372,0.5860981401372837,0.42496270672029957,0.41855781165372336,0.15888541441377138,0.18522412178654019,0.12357672634420437,0.3280312255808783,-0.009268142248249948,-0.11104199470778064,-0.04055178292395998,0.27332466559220175,0.10224224746921379,0.2302876448939036,0.09882262638319243,0.5362942195290227,0.43166334439606147,0.6446342593337454,0.597505529651267,0.4139194586705406,0.3846384283813698,0.4201426202060233,0.44861599533612334,0.05749170733791486,0.015568189359995025,0.8245888704551181,0.8236763049168548,0.7532452586850719,0.7715033843869663,0.7730539455826906,0.7753338268227173,0.8448626477774748,0.8870776343286342,1.0,0.9099508148822053,0.7653058469539895,0.7051968110260315,0.6997430289368518,0.6781737639215234,0.6199246900414881,0.5717653452570918,0.7854539978311108,0.7565810428512437,0.5793530517048532,0.3491496977582249,0.516444351417345,0.3308075424807328,0.6409935158365684,0.49821666971699824,0.7932016207914309,0.7831420069035782,0.735018454323035,0.7260972689716616,0.12163556734583651,0.12723423129002545,0.18301435559346066,0.12450901538351039,0.29221380080357073,0.18528910618702432,0.24945663798800985,0.3409170130258399,0.25192269455881505,0.26755308746816037,0.4452870434194133,0.36657610380281636,0.20410180608887196,0.1812739176274045,0.6111321010562535,0.6025952224554268,0.31299978180422156,0.42096978562645637,0.45249064544996037,0.5614770837835622,0.41093517505519606,0.4653924172731198,0.2134771983119504,0.25585434152774283,0.13257763051831326,0.11053354707590492,0.3625491879608362,0.44580978362966583,0.5066884014399322,0.3431194954035488,0.08171477926323165,0.28191178760253843,0.22815918169087498,0.19593294272809994,0.20140086713773495,0.18399134289962496,-0.31732933093830545,-0.3440885078398008,-0.08330716664842845,0.2883602632840939,0.22755775118220053,0.3447459861254919,0.47331791539502277,0.31495733758017513,0.2681936261087349,-0.06745030567196665
ROI_5202,0.5356771387354051,0.5521702617306332,0.3605496684448769,0.27815642444674793,0.08605812527213638,-0.09494387373156607,0.33449650098131284,0.26357092017915984,0.08781161428968194,-0.034915438441768726,0.250377245419894,0.24535217822371536,0.2910816796290049,0.3777326172475321,0.15726427991529432,0.05303069781119835,0.4756131532691063,0.49233541401959346,0.5519109787895516,0.44202437007107714,0.5119990132681026,0.23016749517679227,0.21131936928300668,0.14504213793519088,0.3979015178717585,0.011495124048899151,-0.13906441339685102,-0.0059164635490289675,0.38500310257226944,0.22890406481129963,0.24126814546388076,0.17069587821786275,0.5334328101784371,0.4632690022610642,0.6768751040560274,0.6032879501537504,0.5068094485851364,0.46332657128352345,0.4832059503124497,0.5370745771580321,0.09477918404328334,0.07276507470250702,0.7807575437749122,0.8114365710344686,0.7152582948386879,0.748675438774724,0.7614927263215708,0.7788708883615054,0.7944340303082824,0.8967887166572942,0.9099508148822053,1.0,0.6972407185414438,0.698815596874341,0.7199065188273446,0.7046171428659893,0.6133115767130453,0.611130033711439,0.7881469366590903,0.788743547682181,0.5908357040274024,0.4427370661007691,0.5577872596927379,0.417685146707598,0.6804610184052092,0.6059823714562275,0.7801211658764889,0.7991707239353516,0.7282255713734108,0.7242831433885099,0.1096781994654195,0.19546226683186965,0.3170715325386212,0.23501149559342965,0.23809151611150764,0.22242822611304355,0.25851820135843184,0.3562429202225468,0.2901229882490086,0.34531692932015884,0.462097424515414,0.43203851316618974,0.238588627895079,0.2746359443765011,0.645034613131462,0.7050753364698609,0.36941589846150125,0.48322078798745327,0.4904678121863194,0.6151827777997773,0.4325926969847298,0.44891597617787793,0.23732554479028106,0.25853543756671277,0.17373747924328728,0.1512044299588907,0.40016238778009633,0.4566347173136721,0.513150235523484,0.32308190229286166,0.10511868925396768,0.27779324636311836,0.25453481770154535,0.20117849888100622,0.24603841375276417,0.20514904377194013,-0.3664109503846351,-0.3528383707156845,-0.0707380051252596,0.3615308363211078,0.24958395381646048,0.3578144556651875,0.48746535089569437,0.32979492859144144,0.29824901732604314,-0.06976944521676877
ROI_5301,0.42464458144249356,0.31114701953591706,0.3718591552604453,0.2425840828161437,0.33688448592566744,0.37801774587609327,0.2780588658885923,-0.035778996759908414,0.14863106875681353,0.40341307680703037,0.3581774378608995,0.08440439020975732,0.2978136972440262,0.2175572614502399,0.4915769469632657,0.35415852297602535,0.404775430545506,0.48006617440550803,0.4688389687378139,0.2774317410960799,0.28139731383036093,0.3799839900574228,0.2235032652670184,0.0034383964298189103,0.43592890932077544,0.0861374108288962,0.1731780314775507,0.09183551270252065,0.2885104105376042,0.13929267078198598,0.13399377294174594,0.044455409653408814,0.48378998556122493,0.3626806680284818,0.5300279827104611,0.569384544087399,0.22533878899262977,0.10574310505667851,0.5492572539709104,0.6682888523342096,-0.22169291224248014,0.04329161830779093,0.7286538506893033,0.7244988962508816,0.5854799178185737,0.5963959746115248,0.6353192433201541,0.7781010800191097,0.5398205366081721,0.6288001366691102,0.7653058469539895,0.6972407185414439,0.9999999999999999,0.9500962468614107,0.8090310309730285,0.8556814351537526,0.5606562266825882,0.3859480292647367,0.5554887887201939,0.5098075444309574,0.5213525362617503,0.33834697721236195,0.37756197426565735,0.22585347165154854,0.5230762326533701,0.32057445932647893,0.6067966008257408,0.6699756133085905,0.6248824060316918,0.5390452410440358,0.4406667079019997,0.19658337261889897,0.08948460784120099,0.2707792265398269,0.25442864949379446,0.3502117603303936,0.2996154337800272,0.17719609257376068,0.03378934914220509,0.37101135854113243,0.5036148589153913,0.4983273432066354,0.316388568640015,0.1508752830336677,0.6747302885518928,0.6114809790784106,0.6498936755716964,0.5319536422735174,0.7768083733341811,0.8104617415383807,0.6302565049061339,0.65522366630954,0.5310433278086149,0.4975362262217352,0.21016790767741295,0.034700927684443016,0.3939252245272195,0.39068124198030807,0.38581098676966874,0.28254811235829724,-0.026270433229731438,0.5602576142803869,0.5364304380975021,0.5283902705988521,0.5105564461148067,0.5388343484098622,-0.6039105869127396,-0.6489118450585639,-0.08908637587416728,0.4319459867935362,0.19159955220321603,0.27706304961604483,0.5596165916206691,0.4796627882434212,0.5664128988196058,0.2521973941875188
ROI_5302,0.37134117536402256,0.2828252706539149,0.3730525802679821,0.27392587939580193,0.3894194248424269,0.41752202067807637,0.28247627754197197,-0.020281124820458796,0.21063899733662755,0.4542995176284306,0.3607922522156348,0.07498748760486819,0.29360739755340337,0.24656190552688334,0.5322708430773762,0.4166613365292789,0.4212431521920639,0.5037401968817747,0.44437636426553223,0.247354662470313,0.3281955587207073,0.4167333796219591,0.22742144394587463,0.015428029777551583,0.45063915493769696,0.1318940931967987,0.20020027409529764,0.1352038564112115,0.35481039733816383,0.20011327851297434,0.17149081523685467,0.0977896633029262,0.46703861046763295,0.3726128699365297,0.5048278294470077,0.5257142383876211,0.2365046878093941,0.12814763018751896,0.5557928271613547,0.7075312843388155,-0.25092876588786217,0.07700228843370228,0.6719050243542614,0.690667256706957,0.5373478703970012,0.5618840142823447,0.5781033150432537,0.7551753138848384,0.4937095977871826,0.6090927911008948,0.7051968110260315,0.698815596874341,0.9500962468614107,1.0,0.7846306483560945,0.861590302751579,0.49612138566156105,0.32405260860984,0.5036615228731649,0.4545941747452675,0.4852294739966831,0.3632044030102057,0.3838295232170519,0.24916871345106717,0.49652416408084005,0.3558599876981755,0.5871972549368786,0.6508254437046863,0.6034428799812886,0.4874863546580727,0.4749689750730784,0.2792998650183519,0.15724139782104715,0.3305503446467866,0.2570797997046478,0.39246938431511535,0.3075912920533098,0.19828376412201187,0.03543695216506121,0.3750442958480664,0.48361420771934194,0.48056931629217403,0.29977299146225317,0.14832990648741104,0.6345143257898317,0.6264248809456311,0.6916477781214634,0.548045452695006,0.8033961316468321,0.8410298826208341,0.6885599142275445,0.7060600933087754,0.593635035642417,0.5499924082784459,0.2419844391164619,0.052984471013612124,0.4182578508206101,0.3950972671546224,0.40282531465204746,0.3126735702096372,0.019578498442817362,0.5712565240149251,0.5889517056292068,0.5674798459172452,0.570141367817566,0.5844132694682873,-0.6650048753357307,-0.6918042515965436,-0.06166870168499475,0.47712460374968707,0.23213878252932568,0.31178329819930095,0.6089190348355318,0.5399694498011399,0.6158943973187542,0.31252003975712134
ROI_5401,0.3984622249201556,0.3224742716736666,0.42029407404159225,0.18071543138864382,0.2556862715605763,0.32928903776322604,0.28408715311640953,-0.04019766679710241,0.08115326826311768,0.35456478301739985,0.32888246910831986,0.03304783976251078,0.2757992815847471,0.17887368111071034,0.443688753491097,0.31165909518027524,0.44564974709940597,0.5543659273114693,0.4636294964800244,0.3321528237592765,0.34069899312121277,0.4364872560780361,0.2764481486092841,-0.00970297093330497,0.49031915757638384,0.020396581187555017,0.0653260355664548,0.05725423749766695,0.35781283533230934,0.19395904050559543,0.08712864845409589,0.04852243028902886,0.48914320472927414,0.3673251642531177,0.6658000581334099,0.6731607178117545,0.4142344893804924,0.22487203714603604,0.7680306722061085,0.8298785787417889,-0.1174141806618168,0.1645692420051937,0.7633160623308387,0.7775688770535353,0.701055987516711,0.7282806632200399,0.8197708170786892,0.9180622823751973,0.6445898662399355,0.6852924464005427,0.6997430289368518,0.7199065188273445,0.8090310309730286,0.7846306483560944,0.9999999999999998,0.953037181049826,0.5984985548435312,0.4684278452633966,0.6496865459452256,0.6010055948585646,0.5047757466849331,0.30401335011207076,0.4418260864205174,0.21420823582604256,0.6474157152511827,0.352245789729072,0.7045633147658845,0.7742726605191617,0.6470479648738349,0.6020584841332871,0.41413452401766054,0.17211507064298306,0.21691021949082115,0.2928789097677841,0.26378025465165494,0.3833509279550411,0.44166237665584773,0.24845375711029216,0.14754299929373652,0.49716597873618895,0.5798279651734037,0.6134583962866372,0.44332350358471917,0.2837964915198585,0.7397153570357257,0.7295492892019487,0.7108618536914834,0.6426000003425517,0.8287543506422234,0.8500235987248039,0.7205700509291423,0.7170681665067106,0.5951858714239014,0.5447809941254877,0.36050294326626803,0.22546878761109976,0.5499185878568538,0.560222662055644,0.5522985123701067,0.3849169569476789,0.011702376925157161,0.5521952718059692,0.5983160611804427,0.5560771570376823,0.6255328878313329,0.6059856770374794,-0.6685521088986198,-0.6379892733650541,-0.12901820288904636,0.5080581260196776,0.254849606473987,0.3767504324410959,0.6577905118081305,0.6171281375688883,0.6611908141336327,0.2716292757262283
ROI_5402,0.3664297725170765,0.29190043822430783,0.3953530420980639,0.22782144251110104,0.3138525859883353,0.3593050198997102,0.282183425821869,-0.055071265775139995,0.12177647642552657,0.4112239401634018,0.3320159003390608,0.025013559156348678,0.27580527769790864,0.20086129533015126,0.4904407629262636,0.3768891313793912,0.43028401976567215,0.5358430631528549,0.4554531225040664,0.29062478209361925,0.3531154074914371,0.46764890334167514,0.23085769760368094,-0.020210915899226255,0.44290094284815434,0.01538749518129893,0.09484691303840778,0.056967208219099105,0.3638105691082396,0.2009569776154158,0.10646502351087435,0.05715192369366698,0.48314452640619504,0.37270564116852534,0.6243439515746512,0.6119167940705476,0.39890747348061234,0.23659327087336227,0.7796117213474091,0.8644931407449934,-0.1359060716419084,0.15303766666938592,0.7082477648469366,0.738135475820385,0.6230048216771438,0.6542873563345564,0.7247349100045392,0.8739741367068123,0.5722660123066441,0.6452244259123241,0.6781737639215234,0.7046171428659893,0.8556814351537526,0.8615903027515789,0.953037181049826,1.0,0.5403025767395542,0.3954868310474061,0.5862411881603844,0.5442234194530519,0.4876691059674592,0.3679176975421303,0.45781519156908956,0.25298592693086047,0.6198829515062799,0.3879978351379168,0.6701233230112178,0.7573930066776624,0.6433748999668236,0.5459039982499516,0.46203322831726784,0.25091607623054946,0.21624639624413733,0.36315551171812127,0.2863611010183878,0.43793894934230804,0.4367611323293559,0.2790962932150878,0.09746544721200541,0.45185157569528006,0.556247894925511,0.5845096589407828,0.41134350180347,0.25498837359601156,0.7557677615841588,0.7483411684000887,0.7928008894997737,0.6941931942870719,0.9009240351955184,0.9291048995841469,0.7893062446128188,0.8001568920921432,0.63252997359889,0.5848756766369628,0.3692746232590041,0.20097564858289954,0.5840900239617849,0.5760404128654357,0.5948737309808964,0.4492254896499415,-0.016176929030213963,0.6487335428710853,0.6438373918615937,0.6016194081131091,0.6597303431030218,0.6585299062556191,-0.7356467093389882,-0.72206960050533,-0.11048652263024232,0.5528933963504,0.2699202908678324,0.40733097507931404,0.7305550143675712,0.6558589809291103,0.7123020897798943,0.3536059963504946
ROI_6001,0.8529988904609728,0.7623368197342435,0.6986739182546288,0.43523810826255144,0.08338648476060584,0.025756940620495442,0.5518465018692812,0.39841009659069837,0.016343105692697306,0.03509920657987017,0.4389858230776432,0.4060873184110196,0.4877096022134952,0.4528693782706504,0.23192178639231092,0.08367489850041675,0.5974812273500398,0.6471412988483284,0.7591105722270642,0.6960617688941246,0.3476904145119851,0.25101566707646805,0.5981515370169065,0.4413359379444431,0.5153914315251806,0.03322506548604463,-0.013267801491004172,0.033558544776686974,0.43149806771434496,0.2874399138413494,0.3315137603172568,0.31710381015583694,0.6718556086425488,0.5127351258618942,0.5609952817338214,0.5234048656248589,0.41999984487076114,0.303870232071745,0.4163039219538542,0.43237728274246,0.1269371150155999,0.10063892826315382,0.6833135683675682,0.6796871229928413,0.6727795750339213,0.6629110497334905,0.6824667742418032,0.6390399677461759,0.5679554963440567,0.5842054142026236,0.6199246900414881,0.6133115767130453,0.5606562266825882,0.4961213856615611,0.5984985548435312,0.5403025767395541,1.0,0.8563937221341149,0.7145455036335621,0.6619540814872932,0.6300547597993805,0.3348488244797878,0.5501376233833408,0.30054844058323454,0.6079719462322636,0.42412409925507666,0.6392793014960005,0.6113070488682008,0.7003669669977958,0.7558190836535363,0.1638577450568824,0.10859391139958298,0.22755518039540376,0.15972320841813242,0.11762475919492217,0.10745996456799403,0.23198606159481408,0.1735728685743043,0.38120508724238095,0.5078064523908105,0.6092618133088267,0.6057305628921048,0.3514123921004532,0.3898017541415275,0.6543195530139113,0.5860243336124215,0.30829914792267415,0.4660986630035734,0.426808624544393,0.46097319642303897,0.2521490295364327,0.2752174627721518,0.19738020066592563,0.2406127782748346,0.14722987560400713,0.09924379967677555,0.2131280711151012,0.2962216429338285,0.21995814163491964,0.06263130938870379,0.08315687729991532,0.20165207508218067,0.22511618585117102,0.200737199858397,0.22785347345720977,0.210114281193738,-0.28661903821090495,-0.27505442842399525,-0.014349096913506793,0.2448048141710057,0.0999777234528324,0.12172469422399511,0.20193656951661595,0.2130803572144561,0.23432663480567772,-0.17339102463701542
ROI_6002,0.7791498784651275,0.8909324945689892,0.5504338998814324,0.3799712817521826,0.004649567782621035,-0.1299353241391386,0.43766766848995914,0.4365160929695407,-0.012293842496167887,-0.13500277273514483,0.22608920092539642,0.3838846540991096,0.3446370358322787,0.4087103519355509,0.06843475682110726,-0.030888788918696952,0.4554402769303157,0.5384632271385139,0.7298572662858538,0.7039117667606309,0.39298056771603435,0.11688236372420621,0.49252869019533735,0.3800127175747333,0.4953032892879636,0.07182434429071696,-0.07077218897610402,0.09003956525893486,0.295280191717035,0.1796855190766386,0.2562047189441755,0.2418366391434724,0.5954584754728376,0.4569968438291659,0.6034905371692283,0.49963623877254626,0.415898473921516,0.3187136468776448,0.2720942840497073,0.27483259828766615,0.22986364737614715,0.025265043623461336,0.6098853254549998,0.6072300157904662,0.6884097941792653,0.6689390844515362,0.6552045021069836,0.5507942438509139,0.6318662884685697,0.6397649062565328,0.5717653452570918,0.611130033711439,0.3859480292647367,0.32405260860984,0.46842784526339665,0.3954868310474061,0.8563937221341149,0.9999999999999999,0.7545823864601164,0.7920503786073693,0.6086167221285371,0.344259493934949,0.5092250451203048,0.33587536118081995,0.5533020999892776,0.44733837417083305,0.6602075579960642,0.5991225863750235,0.6897824107925801,0.7807696384084728,-0.06740016263546245,-0.006774766357164697,0.12935421426367583,-0.021064370472853935,0.06772767376395235,-0.027775306495011788,0.04797370656222464,0.10974732941591867,0.35329916062035155,0.3795029865688244,0.4989263505404907,0.5131251057061433,0.26122534403768916,0.35061208493765056,0.5438390302748142,0.5162993357908391,0.12572972048655237,0.3611608809789775,0.2303621566748596,0.30900205401511843,0.09173295276687378,0.09221233338789973,0.0593627482365011,0.13658756539136727,0.07357083129813337,0.10398996703281965,0.13289614148776296,0.14368471683032735,0.1489192991465207,-0.08111299373581493,0.11205028892486121,0.0605182458831659,0.10731447065026156,0.06296594361963073,0.08185831041207167,0.05594940171911312,-0.1513185338416962,-0.13179385108744146,-0.09810591813128997,0.11549453201623913,-0.017740915521375796,0.002473417299952489,0.08198054556872812,0.10190918686436684,0.07417855751054221,-0.3518865932287036
ROI_6101,0.6934943080998699,0.6224443175539065,0.49140772392952076,0.2568446058129735,-0.0654715218981607,-0.1780132170252587,0.40506119263098167,0.28829771066468424,-0.07270128281034297,-0.18580390541495176,0.16813436247565683,0.14454217702543892,0.25924468380753846,0.22566271109220476,0.021483971290172647,-0.1329703889118707,0.318891734588913,0.3998102617364787,0.6992710897478477,0.6374735418870839,0.4161143086073934,0.1800997997291627,0.3605073089779357,0.17756821709568812,0.4233158047729562,-0.10190276850151603,-0.245107893318271,-0.040927444659237866,0.24398371803842064,0.04431942532841549,0.12818101724817943,0.07976886561822573,0.5265365958487151,0.37054887802734365,0.7526739157427438,0.6501297532867255,0.5116945945498864,0.3875416203810639,0.47784441968443886,0.44080757514322444,0.176520036271385,0.014026303637860893,0.7246739888835582,0.7322272184152324,0.7280741689022878,0.7139743961040758,0.7666621565425483,0.7093340718964986,0.8260510290651875,0.8058853453505809,0.7854539978311109,0.7881469366590904,0.5554887887201938,0.5036615228731649,0.6496865459452256,0.5862411881603844,0.7145455036335621,0.7545823864601165,0.9999999999999998,0.9295578129195493,0.6715614287490915,0.34449146144613846,0.5346164434381945,0.2936575865192534,0.696147943046651,0.5426198760660675,0.8549856232384062,0.7604701300731395,0.7602578128061648,0.838587823670824,-0.05024224389174925,-0.024632001623173947,0.19695289900580548,-0.022583320396011606,0.140243926697301,-0.0032729405331718025,0.23785018964569124,0.2422053588006968,0.2522970173814771,0.3171424920350885,0.41714884094785964,0.4589924675579657,0.3269080209167021,0.3324790898459274,0.6122559508219327,0.6100878327864299,0.28734514550660456,0.5042716913132848,0.40248658365060364,0.48412599221623337,0.3461727460916364,0.3591538381648787,0.15210894677172437,0.1988776761914357,0.17074852990510067,0.2161380430812055,0.3519363236582198,0.3795085812822639,0.45172589477749475,0.2605130886503279,0.02504739123402132,0.1593627770953147,0.19689757450759196,0.13321451813992416,0.22646453828788277,0.1693388192653113,-0.27888586532181525,-0.2416515288517983,-0.16136992985815346,0.23430243915169796,0.11845759418946994,0.24542029178959385,0.3785054934538896,0.29034338175904917,0.22387402577376378,-0.1486946971283997
ROI_6102,0.6753579255663571,0.6990285137213837,0.4409587368023234,0.32904989497974174,-0.016029072505516714,-0.16228713806629336,0.38865870375939177,0.35481053140266533,-0.048136693773655884,-0.15177534140566137,0.1390976175025732,0.22131909198034283,0.24277937912262185,0.27124860315739097,0.033414959673929774,-0.08509509354018614,0.3235361941595837,0.3804521808249155,0.6863256578166834,0.6118415791915184,0.43562735302222605,0.16693792695889545,0.305169837219589,0.1884963612334045,0.40159324888854486,-0.038131542361399304,-0.20267482531586678,0.00774499976143774,0.2247390054726746,0.061919357262916544,0.14453432163372665,0.07864108202049569,0.5112954695206617,0.4024018064952892,0.7056910444474592,0.5870885755797182,0.44826408550951985,0.34653541650788905,0.4137029023776118,0.40697954828408306,0.18152887997834932,-0.019184574556911776,0.6851812767761168,0.6911148520165108,0.6932527976362093,0.6915676315777405,0.7165449116810647,0.6631878401350924,0.792138927233436,0.8205233272314769,0.7565810428512436,0.788743547682181,0.5098075444309574,0.4545941747452675,0.6010055948585646,0.5442234194530519,0.6619540814872932,0.7920503786073694,0.9295578129195494,0.9999999999999999,0.6972730965061061,0.48820947702008716,0.5173249344014869,0.34436716581903515,0.633883377215409,0.561648897760694,0.7910945763208574,0.7536920502260777,0.7328913451757847,0.7958530096387193,-0.057732153834226516,0.0003565556702100506,0.1647476505791811,-0.0035647223997919207,0.16541626743664595,0.022913973791309543,0.1579668270194033,0.22298900833065124,0.2616832672809313,0.28344414443431853,0.3930254807014642,0.39645809129236753,0.2691287643613183,0.2663474738414414,0.5633920950467718,0.5637232434979084,0.2710763569605629,0.45898389877397333,0.3582078624767437,0.4649274229106556,0.3104653225675993,0.33049610208751706,0.1667390789643214,0.23327855767704844,0.123358492746498,0.14880608761519795,0.2940111214995656,0.2974184778980631,0.3973965026157024,0.1791313595733641,0.06977742268225581,0.2004894862481719,0.21904002085305121,0.15310311381541405,0.20419191993662675,0.17796711524703665,-0.28994178293787637,-0.2774484243311699,-0.19686342053720432,0.20046049740446784,0.06466912144523189,0.20416905266873306,0.3439535635854468,0.281872261281578,0.22704609259357447,-0.21014093985318366
ROI_6201,0.7835921702095568,0.6009898001858819,0.5614496479595705,0.476125582188744,0.23673284989356105,0.10907908973271357,0.622011532090122,0.39339116302309407,0.17408526577689012,0.15747806879346218,0.45208556893632845,0.4238717695124103,0.50698670100898,0.4028457184898156,0.33263158495128703,0.16161553741131374,0.3969558101404447,0.3882650438661742,0.6072093921415973,0.4763897540163573,0.36136161073038275,0.22182535282876378,0.38984721444376313,0.3111327616176065,0.3952229354601209,0.05753115481386287,0.058965605033823934,0.033373511725093064,0.36813167687700626,0.21362369413985047,0.32269193785731054,0.2380237812869484,0.47453074652048843,0.409268725747837,0.4996776337087922,0.47563409253549693,0.2810942601452698,0.20041367522799136,0.3639363498896938,0.38844001446620163,-0.07297965807339513,-0.05650078519239732,0.4705817874105021,0.44472802659419386,0.5083315238621634,0.46155402025160025,0.44977691369531686,0.4666513465780752,0.5046654666867252,0.5956152554976031,0.5793530517048532,0.5908357040274024,0.5213525362617503,0.48522947399668304,0.5047757466849331,0.4876691059674592,0.6300547597993805,0.6086167221285372,0.6715614287490915,0.697273096506106,1.0,0.7155542153672274,0.6139657285346615,0.39956226055099847,0.6221568759781928,0.5402012288371842,0.5137923984947607,0.5283292419618125,0.5254393874697125,0.47804747358895017,0.24229169496813638,0.21614160141060013,0.1958389918418127,0.24232762356235646,0.12797080062831304,0.13547603891724347,0.22090768697172947,0.2063875401520345,0.08802156340291213,0.25945142181620273,0.3067455057479686,0.31534099825125345,0.08792095702862977,0.08614817232806206,0.536026437668857,0.46156123040367325,0.37944739175540215,0.39197109203333536,0.4785540752761208,0.548756637241313,0.3751216803949939,0.3880202625142217,0.30108746731581343,0.322633942738048,0.0926857572596107,-0.08609230320774117,0.2535200394568554,0.27430808940554136,0.3095027237422517,0.17975977523316639,0.03738847967785067,0.3077830952893522,0.30568996486999744,0.29167784191385093,0.2423419813252334,0.2718446294705226,-0.3812682981255618,-0.39507845130583574,0.09131041728937314,0.3601616447122223,0.16154096588540012,0.20848327238264644,0.3339165166281922,0.30224428582325286,0.2955422286360741,-0.030004638303755105
ROI_6202,0.5023931849921326,0.43961096108963504,0.3613523159559968,0.6046697689853379,0.2711282433421928,0.126892017060264,0.5008045534382547,0.4387987781679784,0.16882494032548076,0.2305505541015185,0.28831056788190873,0.43998550845071754,0.3547681850492875,0.40727502792000403,0.2865500023199629,0.2951959642099554,0.3527605636943613,0.2933844316671654,0.4810947396933441,0.33033901343580696,0.32316565659174207,0.24609058285167298,0.19231456492863205,0.3025188074562287,0.18358514996359868,0.07496687306670016,0.03331775431938113,0.0028938601191103577,0.3038973765888804,0.2816359200965654,0.3304585909421927,0.24250152135185588,0.41641534171440214,0.4976179092313376,0.2731973706428083,0.23245556584239754,0.13420970120087722,0.12304214390215563,0.2898582506394141,0.35458037911893914,-0.0987941465694233,-0.05791722633277312,0.23763927623643472,0.2146644545049521,0.22988551739049667,0.2155878766760103,0.174336539483709,0.23240470161448745,0.23173496562149704,0.4006273153879067,0.34914969775822496,0.44273706610076907,0.33834697721236195,0.3632044030102057,0.30401335011207076,0.3679176975421302,0.3348488244797878,0.344259493934949,0.34449146144613846,0.48820947702008716,0.7155542153672274,0.9999999999999999,0.5307233877468482,0.5639243451989686,0.3869501925534816,0.602612265031738,0.2742712210870375,0.3968488802416615,0.358068619993285,0.19869792725650373,0.2807951339545681,0.33760646537877004,0.19578647142865685,0.3533879723961964,0.17595222880824485,0.23928713978997884,0.19088564208003556,0.2805588477646643,0.1266200873059495,0.1910851840435022,0.21179605480644972,0.14184218963267411,-0.026581477324789864,0.04194855364532538,0.3326068235406028,0.35995926034983283,0.43561947912112375,0.3278207966159861,0.4116288591082547,0.5044825837466903,0.38978205672671945,0.363485669330629,0.3067524883872374,0.29215549198123403,0.08574631970871038,-0.08009769215872915,0.1873640316691225,0.17785412408845652,0.24995348598244194,0.1359296550272197,0.08294755068837972,0.34429635856279167,0.32243236704090755,0.2906327714890937,0.26629283597066367,0.3235338627914477,-0.4479309848126857,-0.43435560889575636,0.049501991588433124,0.33063244416367593,0.09445731578353114,0.17714669352005882,0.30510943104756555,0.2668778026307433,0.3268863784107005,0.03074381285486659
ROI_6211,0.5656270140866497,0.45460235921242315,0.5080775279369952,0.5216399995610717,0.19037891690943945,0.012202660903838213,0.6081627982433068,0.4791669012998019,0.21378003048105682,0.07991788760929297,0.469429278162751,0.4796821219695116,0.5162243422827064,0.5383942554742597,0.25378797758450794,0.22398718292777747,0.6698867205075797,0.5931005445625224,0.5228897425439619,0.42327062764768153,0.4463571725938581,0.17521149614542342,0.42224062388201294,0.4160906904957733,0.3099743156436961,0.03279536606240887,-0.09223917383117793,0.005396475460183035,0.580992916543729,0.4327379619362453,0.5639605842688054,0.5019121179227146,0.651314880658422,0.621827023113001,0.49206108093677287,0.46597526276439843,0.3785112805631784,0.35642381702680415,0.32683839217820787,0.39337357656898664,-0.02829464386604619,0.02569144605010374,0.4381536426648139,0.44648198624065466,0.47249585474514844,0.462429317709236,0.4193467795682042,0.4305625060144768,0.49098173019886643,0.5348876977147159,0.516444351417345,0.5577872596927379,0.37756197426565735,0.3838295232170519,0.4418260864205174,0.4578151915690895,0.5501376233833408,0.5092250451203048,0.5346164434381945,0.5173249344014869,0.6139657285346616,0.5307233877468482,1.0,0.76099371659118,0.6068046739240112,0.6561482398695119,0.559419038615845,0.6073095461147661,0.4760283550936105,0.4348611572294992,0.31205170965067525,0.43396023312796395,0.4012518656925328,0.4116245072641412,0.36420527703931416,0.3475603920847684,0.4143197489607564,0.5099656562269732,0.4060379608305623,0.43989456648646835,0.5642666886066934,0.4759594088736026,0.10738780833466413,0.2628852651434668,0.5245732808603409,0.5660546924351838,0.30796089769730517,0.3974688969740849,0.3788097307115718,0.4697139214338219,0.3466835480403427,0.36536464395552504,0.20578620896316943,0.220801919825614,0.11184168006186859,0.04614838446789242,0.3357465643661354,0.3736677923554954,0.3649660692763742,0.21961742491002798,0.07631048884043083,0.26508544723721056,0.1941620707878871,0.1780086441149223,0.21272896707715025,0.19571612831868568,-0.31746581251818584,-0.3012998773426278,0.10825516793917755,0.4032648311005147,0.29862094605586903,0.2902925896802464,0.2838930859131921,0.23863349907423678,0.23398164675862898,-0.0009384974484661137
ROI_6212,0.309682379945628,0.3342621721920656,0.3556442734239716,0.5282030163614732,0.045051892461036046,-0.029955838115799504,0.485649868686281,0.6267113755196548,0.14859831545475935,0.06077737703946183,0.2878710792276379,0.5839251459116259,0.29202549681287243,0.5518502865291786,0.09815592768129103,0.23335689868194726,0.46667966093687646,0.512621416355852,0.34674956026305553,0.3469469531641273,0.2716424714305259,0.09465548834456872,0.3037209010538669,0.3836515421681715,0.05576122067241803,-0.047434905385111484,-0.18206933921830096,-0.13757297628190435,0.48696113692285753,0.48531699088098884,0.47195474309494656,0.4933435709492241,0.5969036721593373,0.6753088155948254,0.2277349089952763,0.2339579110387797,0.19469075920198745,0.255884371553489,0.1849490422288569,0.24014888548132365,-0.02277427183626252,0.021161968251521276,0.23720528258875245,0.23660350789283466,0.2284052102821455,0.24071217162175354,0.17211714760413854,0.2060613636573938,0.28000746104546204,0.33917202000986607,0.33080754248073274,0.417685146707598,0.22585347165154854,0.24916871345106717,0.21420823582604256,0.25298592693086047,0.30054844058323454,0.33587536118081995,0.2936575865192534,0.34436716581903515,0.39956226055099847,0.5639243451989685,0.76099371659118,1.0,0.335429504083259,0.627923556027257,0.3477215374186944,0.4610137595888703,0.19351886200247082,0.2466054727186587,0.2763787908397492,0.42748101903950325,0.36079980296762315,0.3763922506539111,0.2782121399121857,0.3573087297001446,0.4316319666862786,0.5556705928414986,0.3859356574341234,0.3785537760141735,0.39141468592979894,0.32369051296151724,0.072070715910172,0.19760287636954424,0.22607990546013884,0.39768226974871135,0.18763774325997032,0.24931074793783953,0.20147437005041216,0.3299469725272957,0.2552103855615045,0.22281201315086344,0.11767448204177267,0.10326054784154086,0.13239510122250528,0.05234460010803808,0.2679934730379532,0.2569328127581784,0.30199778254579873,0.18593034062337327,0.08726810088217977,0.15309709169743824,0.08644166629527006,0.07107194107445934,0.16132418164539186,0.12059863075492865,-0.2070774522288613,-0.16332349516893596,0.1168781179002592,0.27460422361671066,0.26867216659645043,0.236392676601234,0.1861547305401209,0.17947806447392692,0.15284072283684336,0.05055809728503318
ROI_6221,0.5781547915281354,0.4275266448940937,0.4157853227260645,0.22551874526535284,-0.004455422640734987,-0.1617750609957115,0.4027354449326253,0.14955097668925174,-0.012833275822195029,-0.12554862437896985,0.29005172610781155,0.1546764381072143,0.40282295945781665,0.2600323604777172,0.14400080466916274,-0.015344211832908607,0.3819699958399678,0.34964822376591825,0.5180667838991039,0.382023410046805,0.4983439741322927,0.19715873505981915,0.27452462803545025,0.19310449018909787,0.33967577809655647,-0.10727470651485638,-0.18428847771150675,-0.13472652192796336,0.24400404404296827,0.062468614699887466,0.15296700268648616,0.08502495820799415,0.5004720408911905,0.32989034267795014,0.6848226963552592,0.5994422572101243,0.5208052184016383,0.428208827110805,0.5157113608513029,0.5097734380681498,0.052078038890503435,0.028524027878493178,0.6506054628396242,0.6575909668715756,0.670992463992767,0.688833055335586,0.6783973092443223,0.6483359817370761,0.6080201646493003,0.6371642327483401,0.6409935158365685,0.6804610184052091,0.5230762326533701,0.49652416408084016,0.6474157152511828,0.6198829515062799,0.6079719462322635,0.5533020999892776,0.696147943046651,0.633883377215409,0.6221568759781928,0.3869501925534816,0.6068046739240112,0.33542950408325906,1.0,0.71872346634536,0.7162560470548445,0.7143090081026631,0.6566633925341308,0.5973861248125114,0.09438438505384965,0.1279952556484313,0.2419910949990964,0.15763467821314628,0.19159467036888359,0.17171666097750882,0.23549409844055377,0.2533845837248784,0.16476988673586465,0.2386600519077237,0.40559183100783014,0.4760553836556132,0.20152159709847747,0.28172346230810774,0.7680408991659423,0.7672729736772992,0.41625388717227607,0.5815200575665583,0.5493057871688573,0.5620173659934855,0.36415457041887783,0.3852895878336973,0.1337087139118714,0.12594248394916557,0.10668644918499261,0.08002503637756185,0.35131851470015274,0.4135883027399798,0.4684752436057533,0.2883439442318167,-0.10904409476895997,0.27026313372826427,0.14707909331142985,0.11969410644618628,0.20283514052290286,0.17050077742234968,-0.3113398764798779,-0.273243937574831,0.03375016625745595,0.28017843839995926,0.20695391156619022,0.3005724140304032,0.3681400337198513,0.214274541389506,0.223878844524917,-0.033496691497978515
ROI_6222,0.4574684826526749,0.42455809610452805,0.3108932456802997,0.3909695222295762,-0.037912169397875534,-0.26229883891324884,0.40751524501857367,0.4782033287681831,0.03485671923445975,-0.18647982677176875,0.1970045222052689,0.3941031118499837,0.3268422886715695,0.43544020136270484,0.01933516951117273,0.038246616272511455,0.4039240653819662,0.37040531990705955,0.46552262567650654,0.36055150547684156,0.47438073368245853,0.10680121417949616,0.2319073606471734,0.33176955452485674,0.20972706128590213,-0.09439582586098932,-0.2822616780516078,-0.16103647773231972,0.32179311580511905,0.22473048399469964,0.3098540376899315,0.27391216867176155,0.510081923688977,0.45156495863924473,0.49697708122031486,0.43949091380884114,0.4154808896926812,0.4307900313980776,0.3166763264703824,0.33764834695370777,0.055361767936301855,-0.03323361915219075,0.44154243210602745,0.478417514878199,0.48125835800746136,0.5014120356415749,0.4081367534566813,0.39428566524083486,0.47298544001693765,0.5479490314483025,0.49821666971699824,0.6059823714562275,0.320574459326479,0.3558599876981755,0.352245789729072,0.3879978351379168,0.42412409925507666,0.447338374170833,0.5426198760660675,0.5616488977606942,0.5402012288371842,0.6026122650317381,0.6561482398695118,0.627923556027257,0.71872346634536,0.9999999999999999,0.5815732426980323,0.6054239798324201,0.49560134917841653,0.4658015937223804,0.024997939286019618,0.25910957001776475,0.32804995633754835,0.22350519741855895,0.20285541411750874,0.1679580287002592,0.21260293522618107,0.38955953607059723,0.3036456520111698,0.25359699957835413,0.3554922634146387,0.3790927694653669,0.034574533533038014,0.2405512424721441,0.52787671613801,0.678541094295206,0.27326309956015615,0.4773381317443873,0.33745206780808334,0.4160199487345334,0.2855244623699472,0.2731938805679891,0.038067252028530264,0.045969896683488345,0.017619920954953325,0.01576189642330571,0.2696533960243159,0.27936784923306907,0.40580025711537404,0.2181895296782548,0.038520205241244325,0.17567860674593225,0.03263243994169496,-0.00936537927697234,0.08911866938057351,0.04856720115367633,-0.23160268940749532,-0.18207303591067306,0.14112842178197263,0.2398972601787501,0.23849728955718966,0.29781684361821137,0.24304171501003688,0.11572342540521306,0.10045190392074492,-0.0912388845900766
ROI_6301,0.5389050527663662,0.539458851861322,0.4509484045375589,0.3268904873738263,0.07350267677236859,-0.09386987266001696,0.3930647710978499,0.2185087228406603,0.0472892967787866,-0.08753141325814255,0.11820244487316042,0.04890595743644018,0.1979444204185184,0.1698779288304081,0.07887056268644747,-0.035743866880983986,0.4244666500495481,0.4465242780209235,0.7128927017935752,0.5713829414990264,0.4361112167444706,0.1834678858464901,0.32263782906977334,0.2099823488407793,0.4614495242112881,0.0346607277380686,-0.16000705289301423,0.03813598838240885,0.24195678883376046,0.04034014556102546,0.2588111073779074,0.16498717669434565,0.6839204387884195,0.52391962458157,0.8570239249985361,0.7732808162624241,0.4813136441128526,0.37838897220892287,0.49018801931540823,0.4683887729963443,0.0834905753634103,-0.03636604451268488,0.8167423126607489,0.8366532360266441,0.8732548247122565,0.8485170909264802,0.8242434381355767,0.8034499553580323,0.882613519560198,0.8265680980461507,0.7932016207914308,0.7801211658764889,0.6067966008257408,0.5871972549368786,0.7045633147658845,0.6701233230112178,0.6392793014960005,0.6602075579960642,0.8549856232384062,0.7910945763208574,0.5137923984947607,0.2742712210870375,0.559419038615845,0.3477215374186943,0.7162560470548444,0.5815732426980322,0.9999999999999999,0.9297521172395146,0.8514184095261924,0.8537340741300743,0.07573922009969847,0.125897630368851,0.19505347985272917,0.057560299306782144,0.33134108161640147,0.2333214136258087,0.32956135253647917,0.3978231441347153,0.3232477807630067,0.39108624488818117,0.5524383245749308,0.5192842121326509,0.22982058333057268,0.2538184569626992,0.6087131823320959,0.6530040471053424,0.337262508403839,0.4650448619580251,0.4509816015721286,0.5138232831139007,0.43810222901071866,0.4396364703411742,0.21052742087960039,0.23201908342727565,0.17111216907233995,0.17347424391124316,0.387046561740683,0.3947149798600535,0.48409945220259604,0.2653814754187514,0.02560913987572463,0.22786022506431658,0.24196069517673638,0.18725967863282114,0.2674807214948431,0.21992237074027499,-0.3499507586152049,-0.3143702491270177,-0.10352191746160261,0.310538811588929,0.12447772421937688,0.22566373423242417,0.4132131157271742,0.3272580040143113,0.28336503394060375,-0.007145386208651939
ROI_6302,0.5007662223280915,0.49606995572869556,0.4461900470375946,0.3943066711561711,0.1267818162490072,0.014767177751635163,0.41159771028649317,0.20906557286410524,0.07066141757900252,0.05565380486158385,0.19741915009979247,0.10768818050369439,0.2299539331269032,0.2255472875954353,0.18157640957971627,0.09871707004560247,0.48772576064974976,0.5244894806649091,0.6680252454806337,0.5122100550556445,0.41240890801317615,0.26001248644140457,0.28401906523131776,0.18755507412888098,0.39737227163181754,0.007297754864978285,-0.12258375944352663,-0.02574687473881276,0.3113801048584686,0.14149471486924922,0.2813946032080314,0.18585514570633105,0.7175773856697553,0.6168767454323304,0.7932530642126534,0.7394681490440198,0.4205166239914924,0.3377768091216767,0.550100010920914,0.5775140748603658,-0.00718182847286639,0.0018978389787006127,0.8208883913853283,0.8506727996882382,0.836410241652678,0.8579360323716047,0.8107152316624162,0.8460392575932899,0.804337496788344,0.8038746561215397,0.7831420069035783,0.7991707239353516,0.6699756133085905,0.6508254437046863,0.7742726605191617,0.7573930066776625,0.6113070488682008,0.5991225863750235,0.7604701300731395,0.7536920502260777,0.5283292419618124,0.39684888024166143,0.6073095461147661,0.4610137595888703,0.7143090081026631,0.6054239798324202,0.9297521172395146,1.0,0.7929964263608369,0.767634110467253,0.22233394655061914,0.19824539502651534,0.22400602986651025,0.1923189081691741,0.39482545976142275,0.36758395726954796,0.4151276347577003,0.4529023450391461,0.3052706680380917,0.4488442374184133,0.6033117981996539,0.554326676704147,0.2569276406082777,0.23217635522818464,0.6533489311399431,0.7024972997988901,0.4606309395854204,0.4919891702519233,0.5604666653960452,0.6236747240931995,0.5244366530617335,0.5273346214325345,0.30728709487089356,0.29452285675084594,0.21070656687711672,0.1497875545817626,0.4459375301379392,0.45017999970774475,0.5347651676072361,0.3088578420695364,-0.009764928255261235,0.35456306050146763,0.3328046664375736,0.2893731352520184,0.36081000276469194,0.329235276260458,-0.4457797272211842,-0.4212227148058094,-0.10532767038153716,0.3765079782837162,0.18725012804858965,0.28823936937091843,0.48504066922182554,0.39615590840605597,0.401558466648756,0.08471199121111975
ROI_6401,0.6205740993844686,0.6498664314275022,0.3871777868097052,0.3286377156132539,0.15416521431295177,-0.07150018507158122,0.3089586806585474,0.10782133363838874,0.06591627726193651,-0.057134909609202186,0.10943862200489013,0.014235270958914277,0.24360702309456284,0.14017438420746228,0.1722952717144038,0.0059790901156283344,0.47152189342137135,0.43320170132606256,0.7641986710907743,0.6079235671262881,0.5008309219906376,0.20187492903767443,0.2524114639127274,0.185087463407857,0.5173953636365598,0.1141071633489245,-0.06770417700059507,0.12554684890618917,0.22968921606788287,0.020743788167047018,0.23286719820345445,0.07877948717775138,0.5995182074179355,0.4688934269773576,0.8001980257634955,0.661549969532289,0.4805459554024046,0.37337076960234306,0.43040190028671166,0.46525562522033753,0.09109470457656205,-0.027851016553805428,0.7414163425965709,0.7768593780536874,0.7642228631311331,0.7614587498542487,0.7291324372768008,0.7168734560609503,0.7323548397196346,0.7483372248575006,0.7350184543230351,0.7282255713734109,0.6248824060316918,0.6034428799812886,0.6470479648738348,0.6433748999668237,0.7003669669977958,0.6897824107925802,0.7602578128061649,0.7328913451757846,0.5254393874697125,0.35806861999328504,0.4760283550936106,0.19351886200247082,0.6566633925341309,0.4956013491784166,0.8514184095261923,0.7929964263608369,1.0,0.8494575725314094,0.019053270700171033,0.06611079243829027,0.16552472726422993,0.09485055167689029,0.3076789629755969,0.2031668773363305,0.1462350897130684,0.2613104113063791,0.2893273782501339,0.30791781415513125,0.5198572591270273,0.40566021088047044,0.19310131922008,0.2533677477854866,0.6471109932068498,0.6019662079973811,0.37011626354789884,0.4374426829880162,0.4701607563764581,0.5071170871093712,0.35261323899094354,0.36363357406202157,0.17893988295674684,0.21062011523903373,0.09568803647426467,0.09252642556554742,0.27828382752714453,0.2960314462856771,0.35465538282336123,0.13032638423001516,0.0479446014484069,0.21999265440455937,0.2496695206756147,0.19616341841112786,0.19943695185155003,0.20693113572258473,-0.3583214217107809,-0.3468758128481928,-0.09603646992076509,0.2778619630777836,0.032671058845090646,0.14420465559590434,0.3559693620033377,0.2533956879324091,0.24954365496325037,-0.13816403939362343
ROI_6402,0.6263235134555969,0.7063074356636989,0.46467394766002534,0.23516993347226983,-0.07270325918997123,-0.1869271223911337,0.34349454513904276,0.3070213675466289,-0.05010288558188701,-0.19002082697255715,0.13035874497531688,0.1754088873719067,0.22650670678010087,0.24308483317996918,0.01861539976124988,-0.11359446362493818,0.3982138198157975,0.4874357116280163,0.7278418627285278,0.7519523726743702,0.3958194706740616,0.1509019071373708,0.401649554658717,0.24802949017761772,0.49091970178556704,-0.017211187479125038,-0.21844361259329362,-0.004939151108877551,0.2855936700955972,0.10272459356244855,0.17211117565724932,0.14658850497532946,0.6191940484999667,0.4627447546955607,0.7464113393532991,0.6571288472946183,0.5364799783521214,0.45151950972979754,0.4356406288375443,0.40934325935395416,0.25265665834009143,0.06601237360755602,0.7849105119750072,0.8166602792720734,0.7785681003496796,0.7919749500307324,0.8053817800607,0.7394316915522979,0.7627761454354528,0.7328867516381707,0.7260972689716617,0.72428314338851,0.539045241044036,0.48748635465807266,0.602058484133287,0.5459039982499516,0.7558190836535363,0.7807696384084728,0.8385878236708241,0.7958530096387194,0.47804747358895017,0.1986979272565037,0.43486115722949925,0.2466054727186587,0.5973861248125113,0.4658015937223804,0.8537340741300743,0.767634110467253,0.8494575725314095,0.9999999999999999,-0.07748571859654295,-0.03392344942214122,0.2098521992992082,-0.0071053373065982734,0.16398037636889784,0.03722680134524133,0.17979238494197997,0.22476788319441546,0.38451095706295024,0.39893753485025796,0.5487075501148716,0.5552696868914703,0.3631397783581806,0.4006681599100577,0.5851473047043413,0.6028375163723222,0.19514948621145975,0.45442493104547976,0.3208318009885482,0.3864615137899816,0.22935312597184573,0.24393993156462312,0.07519894193818331,0.13887684880371443,0.1637174068942857,0.2222631437783162,0.27015778186181794,0.26694968139174746,0.32550754878131666,0.10755752747513705,0.09855426521600855,0.10131350410681104,0.12186255441806432,0.06878278416821865,0.15160381122117672,0.09400264193347758,-0.20265314829813966,-0.16358633199976266,-0.11692746915487236,0.17390006347397605,0.055626414160201434,0.14448826275202617,0.2537020732068529,0.21439061462888923,0.14800480433517493,-0.22983608440009276
ROI_7001,0.14981487030638385,-0.056575928489125384,0.5278524803401883,0.500913047469965,0.6336435188149687,0.7156928527944365,0.5286098702572527,0.17511213190281083,0.5014830581140796,0.8043854401396159,0.6644779654319647,0.33311660077801747,0.5240078702606875,0.42863852058199403,0.7504258576550435,0.7591247312994249,0.4713865856326226,0.4889224181546043,0.13722417248966118,-0.020954957051447523,0.08364538049587071,0.3512748665446649,0.48884901161590694,0.3642208631684362,0.328053578477616,0.3138337219221579,0.5145322527884102,0.2018287992800198,0.5011648784319654,0.4817932443129043,0.5158900723085952,0.5217980203248367,0.39279317996483787,0.4193457027627408,0.15423118707471667,0.2540142568947472,-0.022440578652951106,-0.08832969010545332,0.3316110285350908,0.4108905806362989,-0.3568223110682993,0.06117853817975348,0.16715523557569897,0.16487216390868958,0.08732554526914581,0.08956465810028233,0.11486650440120924,0.31669302955165507,-0.01532410779304025,0.07557570551765344,0.12163556734583651,0.1096781994654195,0.4406667079019997,0.47496897507307845,0.4141345240176606,0.46203322831726784,0.1638577450568824,-0.06740016263546246,-0.05024224389174925,-0.057732153834226516,0.24229169496813638,0.2807951339545681,0.31205170965067525,0.2763787908397492,0.09438438505384965,0.024997939286019618,0.07573922009969847,0.22233394655061914,0.01905327070017103,-0.07748571859654295,1.0,0.7613236881333203,0.3420742746545194,0.687218822947862,0.4487069841507134,0.6812496198185318,0.5935644237328969,0.3578119333688841,0.05061072231346304,0.4549046238116794,0.443673516652027,0.3436141109366719,0.1668838342974607,-0.04992549342306095,0.26705119298892,0.21498205103123275,0.45870319125146625,0.1372859309415422,0.523427034651989,0.5283982363711287,0.5186463710196549,0.521744738378482,0.546558635906824,0.47849414459142514,0.2591030908448393,-0.04498311512264831,0.33541041356794754,0.3058422939503919,0.19791653209724264,0.2515710554471724,-0.07388203863122052,0.46507732422254006,0.47035832656143134,0.4912853615371475,0.43718206498396844,0.47698830968584327,-0.45332308539319777,-0.4993925022793865,0.12860840045358687,0.5549155885666569,0.27809912185185176,0.23452877466592212,0.3743883972769822,0.4041721847546561,0.5059568315106185,0.5025708195064331
ROI_7002,0.19404344316244937,0.0755430675187948,0.4504461857869553,0.5898552411470637,0.5762796210673424,0.305142647254657,0.591658141987001,0.4488847819082671,0.6383759519394039,0.47359742542410804,0.6257172691102773,0.4803681503342681,0.6096257589922834,0.5985686369573571,0.5648578601915283,0.6072494985502322,0.5762379877086132,0.45165433857178017,0.15839892357376378,0.012313415016996244,0.30091840029672867,0.11467480225732475,0.42800351833003625,0.5398877070128123,0.26237619005975205,0.33976373388732944,0.37237006443753473,0.19008163164450093,0.5923423663623895,0.5690207641990073,0.7354237012108013,0.7271036801655139,0.3833998526698083,0.47201395547842195,0.19967388450848056,0.1827240524755989,0.1652889473476968,0.20121884120301076,0.17876418550020035,0.1958563145335451,-0.13726562870076747,0.014616081340882943,0.07909508072677493,0.10766411090441799,0.06294019404110623,0.04295788130744246,0.02036261120104274,0.1425409150525249,0.05603703440538967,0.1561009826724169,0.12723423129002545,0.19546226683186965,0.196583372618899,0.2792998650183519,0.17211507064298306,0.25091607623054946,0.10859391139958298,-0.006774766357164697,-0.024632001623173947,0.0003565556702100506,0.21614160141060013,0.33760646537877004,0.43396023312796395,0.42748101903950325,0.1279952556484313,0.25910957001776475,0.125897630368851,0.19824539502651534,0.06611079243829027,-0.03392344942214122,0.7613236881333203,1.0,0.5825988934628615,0.7680488422558568,0.5552160362003778,0.7004177709746542,0.5160595730452896,0.6011277922793845,0.25818548328872337,0.33213140760730925,0.3733008017367435,0.1866141280543991,-0.06392771907530517,-0.026002237069343362,0.20735339012240764,0.21983362502080014,0.17896096282205062,0.06722349901073806,0.2699624581268288,0.3257483842155073,0.27107227093509173,0.2783610391537911,0.1739357485415651,0.1543025105035308,0.153689319520247,-0.05151699286106973,0.2868708001950761,0.2681072423960925,0.22800383930809967,0.2177245754233719,-0.03452603588463447,0.23779626917758862,0.10466034975394689,0.10956975060490316,0.08769933159630705,0.09309463917792818,-0.18320038361065913,-0.21365800303382987,0.23662108326143313,0.4705790019889618,0.30193064098997974,0.23871113665247756,0.2426630954820298,0.15049512553300914,0.1551084851558219,0.2593007027694076
ROI_7011,0.23407282799221166,0.2048970732292883,0.3226428537894229,0.29923957364863274,0.1560474396213805,-0.032496446254501286,0.39814646399814324,0.4383085758237952,0.34842142075330584,0.08141142438524998,0.4368979967234855,0.390338827422072,0.4210626233737617,0.47206163249506006,0.2744459388114567,0.2501605561362813,0.5180819801036955,0.4494379357526953,0.13239166561794907,0.22027364128326607,0.4696013791916838,0.2189448810582457,0.3413021018455622,0.38932799397795415,0.2855349293827256,0.09302717817028759,-0.03126702308686126,-0.001106535055860564,0.7152679308689682,0.6188776627634919,0.46711561711966426,0.5603691540344437,0.27558142017965676,0.37272539018320694,0.26115970915871584,0.18557209720535875,0.47901078343604503,0.5156616975650287,0.21280310055975984,0.25527713486572023,0.1529794050100285,0.16989361897701782,0.13200457861192508,0.205231859519843,0.08756044352003015,0.12226974874630273,0.1961697316777254,0.22036071808318733,0.17415515597391493,0.20894277507940906,0.18301435559346066,0.31707153253862125,0.08948460784120098,0.15724139782104715,0.21691021949082112,0.21624639624413736,0.22755518039540376,0.12935421426367583,0.19695289900580548,0.1647476505791811,0.19583899184181272,0.19578647142865685,0.4012518656925328,0.36079980296762315,0.24199109499909643,0.3280499563375483,0.19505347985272917,0.22400602986651025,0.16552472726422995,0.2098521992992082,0.3420742746545194,0.5825988934628615,1.0,0.7416928126358925,0.35972000752766686,0.4669849567179962,0.4845984815655655,0.5503778185891076,0.3628032890070193,0.30338486541817045,0.3313179489382831,0.24952626808209927,0.1513609423088455,0.29088668807394774,0.27610187851054535,0.3716215924088067,0.09832134034529037,0.20040789614448537,0.16991588979571406,0.2735447364822011,0.1678720481782144,0.17566868336891853,0.024334552292894548,0.03674618863385144,0.21967329171603286,0.2094087426246781,0.4199197435123077,0.40196757917345094,0.3418803416225658,0.29670790982115947,0.09304933779381783,0.03310964524610804,0.0018383365351289443,-0.019081374542024333,0.10027998460210755,0.020244047649472866,-0.08474390273872276,-0.018109603585511905,0.20793810173664284,0.45094515929774825,0.3658356188944137,0.31445468097292695,0.2212005317464077,0.16402057386051477,0.08909510215680545,0.03984553425352381
ROI_7012,0.17591474081754135,0.07636070295849405,0.3602121201885673,0.44180827746992624,0.4622416764701569,0.30525172564560543,0.47189969525043907,0.2941179069150713,0.5055230390045355,0.46674264230209084,0.5828396086947052,0.41558511006771853,0.5169962977577047,0.511799550065737,0.5768281115161984,0.5871887773384278,0.5985051450681744,0.4991533549047658,0.09189583451360477,0.05029970388199276,0.36414736734346653,0.3126315801299969,0.29446012475875577,0.3535557054933993,0.23716254995252756,0.17682435269630664,0.2521435981287001,0.036030280463204355,0.7135144674267796,0.6855826400603389,0.5712842973890441,0.5821614432936829,0.2892595995094017,0.41017791266334797,0.124581380839736,0.10185090072398897,0.28801371387548835,0.31957375484605466,0.30694080153643444,0.39234244943224444,-0.10083146406394085,0.18481867011599282,0.09309404076816002,0.13584243168686633,0.021542462774928255,0.03057523301959215,0.08123008163569001,0.210458395677826,0.018377706717222456,0.121623202463264,0.12450901538351039,0.23501149559342968,0.2707792265398269,0.3305503446467866,0.2928789097677841,0.36315551171812127,0.15972320841813242,-0.021064370472853935,-0.022583320396011606,-0.0035647223997919207,0.2423276235623565,0.35338797239619635,0.4116245072641412,0.3763922506539111,0.15763467821314625,0.22350519741855895,0.05756029930678214,0.19231890816917413,0.0948505516768903,-0.0071053373065982734,0.687218822947862,0.7680488422558569,0.7416928126358925,1.0,0.4582783552005312,0.696739014460665,0.5049068516041544,0.5107543089990196,0.2359953310349968,0.3420686502179865,0.39971597975550194,0.26537923603415736,0.0973078636390991,0.13688441496843878,0.32884391577920635,0.35936416318723546,0.3404957811507854,0.21086533960790363,0.41122314396540616,0.4712911543431528,0.31702737132248066,0.32570743834156074,0.21621479228449902,0.16727070670551245,0.2399250279610975,0.05426427406547298,0.43216143053667444,0.39046576719802184,0.29753906266496394,0.2729270568822152,-0.013405171320905226,0.30090183265322673,0.18035401787935088,0.18061445060317063,0.20248171980559937,0.21425096620762965,-0.2681562589062151,-0.27708881927569806,0.19362360792181446,0.5633276061810786,0.38308080272986716,0.316550485073487,0.3272662682159982,0.217521877059353,0.25454553984252887,0.27957819707402193
ROI_7021,0.1647361711826351,0.05464260230294104,0.21140771366094863,0.4370886080212423,0.5156806808572079,0.1691928819182521,0.32125208541755235,0.11787712189331778,0.6006012634788409,0.2855591029787113,0.28124177326079536,0.04316054280025325,0.31147526622272104,0.12890868102758926,0.4248372856443672,0.41952884060631807,0.5070746700993518,0.26381342893155413,0.2951459234716766,0.06268980846861817,0.303498620043054,0.03478406649329473,0.16946364112583528,0.27923485336547466,0.2613279395894459,0.382771148964747,0.32806157240846034,0.18614235195274398,0.3265664680752133,0.24148355095522556,0.5659761474700712,0.35436336949515385,0.3988756126640401,0.42837165323555365,0.33392034614903804,0.28771630849483276,0.1358837749885739,0.20479989237404025,0.1414639437011933,0.15068039265696004,-0.11808332596655426,-0.09960570724706604,0.2675171797253781,0.28513589215726426,0.25674648824909135,0.2581170235265793,0.2299957864899178,0.2759494049297355,0.28990723448150796,0.31534173011726185,0.29221380080357073,0.23809151611150764,0.2544286494937944,0.2570797997046477,0.2637802546516549,0.28636110101838785,0.11762475919492217,0.06772767376395235,0.14024392669730099,0.16541626743664595,0.12797080062831304,0.17595222880824485,0.36420527703931416,0.2782121399121857,0.19159467036888356,0.20285541411750874,0.3313410816164015,0.39482545976142275,0.30767896297559694,0.16398037636889784,0.4487069841507134,0.5552160362003778,0.35972000752766686,0.4582783552005311,1.0,0.6938109490687888,0.37791254856598755,0.5579549892459824,0.2686405621561399,0.24110152410009175,0.42234650399981033,0.11126101167742669,-0.08622495357520955,-0.04610525427240878,0.2107816360494291,0.20064203411733303,0.05938491281284141,0.010802434750303295,0.21260783262665162,0.2454338165331482,0.11766979640293353,0.18250736409935372,0.051830115046623965,0.057085977175946344,0.04654850771749799,-0.07088187100523095,0.17243305765485298,0.2172526128844631,0.16467444949161408,0.07426202799734617,0.006226622573438954,0.09484594319049197,0.00284854885976132,0.03094800968238872,-0.05899299428088206,-0.012641399889364214,-0.08655921762014504,-0.12886112814354836,0.1234342887867446,0.33074660935219213,0.20356684932655442,0.15860089430703078,0.14358470669358778,0.08056607139172167,0.04159109811523145,0.1197646894733307
ROI_7022,0.0452744089637995,-0.02880357947231596,0.2605597043875267,0.3907017933503196,0.5533037993682527,0.40595696789555985,0.3273479128155214,0.10738586125644493,0.5141441295317539,0.528893944774712,0.4179018769338273,0.17148385699895474,0.35448239310428076,0.2891938780112702,0.5685201618417487,0.5891516277561596,0.5356918326030482,0.4470225639625048,0.1491079378107267,-0.03388504362560432,0.2397298500718731,0.1931634083695036,0.2153337251305544,0.21435265066690534,0.2675492045976746,0.3195067698802496,0.35594229224871243,0.16875141612521458,0.4809410458220387,0.4308347634074005,0.519165560418278,0.45326830232209975,0.38818301073614075,0.4482856031672372,0.3273555980652713,0.34123132388940225,0.15352582092925274,0.14091978392641116,0.2730065060635064,0.3620932525322224,-0.2595783222645448,-0.008318367476274813,0.22624196487930137,0.2630110719883507,0.19147040421191397,0.19987818331986884,0.1684386153654584,0.33177778976870936,0.1432097756481462,0.21483082266272557,0.1852891061870243,0.22242822611304355,0.3502117603303936,0.39246938431511535,0.38335092795504117,0.4379389493423081,0.10745996456799402,-0.027775306495011788,-0.0032729405331718025,0.022913973791309543,0.13547603891724347,0.23928713978997887,0.34756039208476835,0.3573087297001446,0.17171666097750882,0.16795802870025922,0.23332141362580866,0.36758395726954796,0.2031668773363305,0.03722680134524133,0.6812496198185318,0.7004177709746541,0.46698495671799617,0.696739014460665,0.6938109490687888,0.9999999999999998,0.5997789871143736,0.6065319586672216,0.19530156310881625,0.4270205714497604,0.4654653902117987,0.2500022745387854,-0.027619590523187427,-0.03166418256324062,0.26944447354052187,0.2894700629980853,0.3383127112474875,0.11890425827256935,0.4376879761325738,0.45428022798592743,0.4058288731737425,0.39371602034673675,0.32841956074083745,0.25981719319280633,0.13300140561526497,-0.08182681860160781,0.3762176937262602,0.34343168048618744,0.29065518766953385,0.2189719169394987,-0.03812591029049056,0.3229735403982325,0.26608195625267017,0.29348179926657686,0.2541030743123585,0.276333284316639,-0.33907242176425884,-0.3480599107301776,0.2091589652198692,0.5628088401386622,0.2887084320635003,0.2345655535673152,0.3532822177224386,0.3165644564384585,0.33906136591791025,0.3910297882537586
ROI_7101,0.15089609316541688,-0.0325764245142193,0.4301366351878364,0.32990198812367216,0.07588706346154742,0.20980713331431947,0.4322958985897356,0.28402218497683973,0.13920170829113943,0.28384031133510323,0.3349735915381163,0.18672850377253514,0.23057094969568556,0.26767309791015736,0.2399214677604739,0.2600913678469703,0.41660888230907905,0.5187539121969045,0.27619577455587735,0.2492804389483726,0.0037344067038344456,0.21091695607427516,0.3886622048287603,0.20800680215973907,0.0958118795126868,-0.16539674161721965,-0.09479709739804587,-0.199976328779249,0.4660720648172258,0.3970447351977574,0.35060976313683534,0.3980140986265254,0.50013243443179,0.5191857215199739,0.37062349693961866,0.4210076677692823,0.23643079337978218,0.1779892409846616,0.41905112301834846,0.3868304387440682,-0.11351505616079288,0.053798081906415524,0.23708409358701452,0.2574047034090618,0.18217865371342962,0.18410179646174232,0.27371279658415665,0.39172887267531037,0.23827683009215317,0.23121012304802507,0.24945663798800982,0.2585182013584318,0.2996154337800272,0.3075912920533098,0.44166237665584773,0.4367611323293559,0.2319860615948141,0.04797370656222463,0.23785018964569124,0.1579668270194033,0.2209076869717295,0.19088564208003556,0.41431974896075635,0.4316319666862787,0.23549409844055377,0.2126029352261811,0.3295613525364791,0.4151276347577003,0.1462350897130684,0.17979238494197997,0.5935644237328969,0.5160595730452896,0.48459848156556556,0.5049068516041544,0.37791254856598755,0.5997789871143736,1.0,0.7915490672351728,0.28528038491053437,0.5790694983503021,0.43791589505020123,0.3469582852831916,0.22740622915890074,0.1573180928357409,0.2107436592474466,0.2930301444286731,0.32757501104284753,0.19487258371429989,0.3904808621895717,0.4587451040503192,0.5662390302789672,0.5317415808797946,0.3534336796365131,0.2750822785524699,0.40786944650507295,0.26957969416518873,0.6393976060747236,0.6694833047475632,0.588585732239622,0.6042683900167557,-0.05091090826570219,0.23236193067745664,0.2907618374438902,0.29148358071854774,0.4309767374503291,0.35900613668758363,-0.31008547976004613,-0.24395814690366902,0.12592539207512304,0.5991328508967589,0.42578871013938213,0.43595313253445966,0.513344549894832,0.5077149703926443,0.45624497847330603,0.49972299820870764
ROI_7102,0.18064910260624134,0.10345979081419919,0.26275082803182004,0.4198951666166629,0.0823103077863113,-0.1326920840671866,0.418786945211758,0.3990906309054657,0.2942406222206974,0.0049334202023634454,0.1986279143806786,0.2018135042593991,0.21897507290215323,0.27719521630985,0.08908000223250241,0.12746900866337071,0.5027151365505813,0.38496507780045885,0.32113853869187553,0.2491044954378435,0.22640542109578446,-0.0009812303833647577,0.18961131483139754,0.26763728390296493,0.01045521472293865,-0.09256294115706282,-0.17815187720293896,-0.1979107684900983,0.4599630113067384,0.3789005865096519,0.521620277901973,0.46377333861326164,0.5154982028866018,0.5865848020850455,0.394992341633829,0.31598548469479,0.3270201973145041,0.39421464390320066,0.23215510787399413,0.17476517754612153,0.014127491446898543,-0.08679860734147092,0.21342613023978846,0.2527866196686007,0.21606219754792533,0.20672801097310672,0.21135919309751297,0.26139815527236504,0.3489159948517292,0.36215217755517737,0.3409170130258399,0.35624292022254683,0.17719609257376068,0.19828376412201187,0.2484537571102922,0.2790962932150878,0.1735728685743043,0.10974732941591865,0.24220535880069682,0.22298900833065124,0.2063875401520345,0.2805588477646642,0.5099656562269732,0.5556705928414986,0.2533845837248783,0.3895595360705973,0.39782314413471537,0.4529023450391461,0.2613104113063791,0.22476788319441546,0.3578119333688841,0.6011277922793844,0.5503778185891076,0.5107543089990196,0.5579549892459824,0.6065319586672216,0.7915490672351728,1.0,0.40852182714733654,0.3634275946393908,0.37917183119302356,0.1544013453585217,-0.04199518682897064,0.1273332202267985,0.17223163419955834,0.27087654316909654,0.10108393499015497,0.11646355492179895,0.18785200490901569,0.3023116652188446,0.32382565935332575,0.3260395457415508,0.03400200975221054,0.003537424384914808,0.24571820376016348,0.17588744548962532,0.5389694473899163,0.5676333413557828,0.5601092144778398,0.5040118227168213,0.013840134681810334,0.07758747182760616,-0.005720745053256493,-0.009337738427963725,0.0993514080138277,0.041022833842455766,-0.0966290308430967,-0.05471204635924191,0.18545003473344032,0.5096868810618879,0.3720993004852374,0.35873089050686874,0.3824905011869354,0.260178383050466,0.1485658319135199,0.262606982244743
ROI_8101,0.2871802203191139,0.34060473143351905,0.2962588024445253,0.34622596407724004,0.03191087220542997,-0.18845715715713166,0.3474595841830565,0.500055186674527,0.2006196270787298,-0.11052553544518905,0.18539074947343798,0.36740229059697815,0.30788682979768695,0.4147299206549954,0.0702161703471251,0.1341740990261137,0.6404123055518721,0.5180528291352093,0.3719451357733714,0.4137349038956048,0.2627787797929398,0.10378854003205572,0.3783049246247172,0.48268208426451215,0.2634439954907253,0.12559802449035337,-0.07657326728308146,-0.011548457266948375,0.5139099110775908,0.5651137596116584,0.526847591923902,0.4797126053804393,0.4782266543096872,0.5237082147366102,0.2467556553618707,0.2097091080562714,0.5219143556071669,0.49619733486741413,0.2286481721484674,0.2234967414651748,0.372151945999026,0.40431436274402277,0.31865759380656755,0.347705522956554,0.27630039522779304,0.2839394471475111,0.3486775246242012,0.24474245025847333,0.26436612243510194,0.26911452349720727,0.25192269455881505,0.29012298824900856,0.03378934914220509,0.035436952165061215,0.1475429992937365,0.09746544721200542,0.38120508724238095,0.35329916062035155,0.2522970173814771,0.2616832672809312,0.08802156340291213,0.1266200873059495,0.4060379608305623,0.3859356574341234,0.16476988673586465,0.3036456520111698,0.3232477807630067,0.3052706680380917,0.2893273782501339,0.38451095706295024,0.05061072231346304,0.25818548328872337,0.3628032890070193,0.23599533103499687,0.2686405621561399,0.19530156310881625,0.2852803849105343,0.40852182714733654,0.9999999999999998,0.5715865819446749,0.6277488325773581,0.33942268456960145,0.38124719241239,0.4877148427162436,0.22273532456045356,0.2988597350042057,-0.13021465275416008,0.08711280983697411,-0.044196365444562714,0.03333523898876458,-0.07365319529843961,-0.06819183212653686,-0.12892390523670944,-0.09189060305533762,0.3618607283427131,0.4703837414540999,0.11291189797365303,0.19943597523346274,0.09800653151242256,-0.03761712046893521,0.22129990254419335,-0.16001355996868727,-0.15208495289218452,-0.20351130190649327,-0.07772657108535008,-0.13240640038687526,0.10206070703089445,0.1613066088047265,-0.10519747997926462,0.09884487970575842,0.23626024136887805,0.22944909896192106,-0.05336555836861921,-0.07658013226934106,-0.10807434124845594,-0.362894483698584
ROI_8102,0.29103483338585134,0.2846512751592092,0.5040451350550884,0.3512026873552433,0.24919167392774239,0.37658830853757275,0.4073475581923587,0.3784678528708127,0.18003407386091785,0.38168417000227267,0.39709426895248146,0.41292913754609306,0.3543682804343701,0.4966165331783123,0.4182297297125277,0.4506528715086783,0.630261449644646,0.8213442523769016,0.3935643865622509,0.39715115718790356,0.07024181530426754,0.3429253702977387,0.5899092283573564,0.37859346899401825,0.5286166251939698,0.2168076429746067,0.17754574620437302,0.16206841663131058,0.5942119607961375,0.5812504257536559,0.44652478331639905,0.4998845206301035,0.5745387194017268,0.5278774729470963,0.42400595155318793,0.5172029403043283,0.33667804309672106,0.19059060605694564,0.42228634146949434,0.47162261330783917,0.024493369814345627,0.24498815107534103,0.42843116816522275,0.48415744182834586,0.39132452865073514,0.4221421202257638,0.44428813855814636,0.5214898280003407,0.24843442009779787,0.29312052094654883,0.26755308746816037,0.34531692932015884,0.3710113585411325,0.3750442958480664,0.4971659787361889,0.45185157569528006,0.5078064523908105,0.3795029865688244,0.31714249203508854,0.2834441444343186,0.2594514218162027,0.1910851840435022,0.43989456648646835,0.3785537760141735,0.2386600519077237,0.25359699957835413,0.3910862448881811,0.4488442374184133,0.30791781415513125,0.3989375348502579,0.45490462381167945,0.33213140760730925,0.30338486541817045,0.3420686502179865,0.24110152410009175,0.4270205714497604,0.5790694983503021,0.3634275946393908,0.5715865819446749,1.0,0.7951684184091683,0.7258795158042445,0.46917056152638825,0.38901851890333483,0.3777422163906572,0.4308396849334339,0.25425425334148205,0.2012347445352541,0.3359547273736677,0.39077105962226427,0.3429173215957537,0.27809932930347087,0.37426469020113046,0.34171785962262186,0.3642950490624458,0.24096344236229605,0.2775640114092517,0.2900657234346893,0.15361139362614057,0.04707132499950957,0.10494533975202013,0.1377317061329639,0.31756719632648994,0.3015733103862503,0.3691496703938071,0.3189717434859088,-0.29530344664907,-0.22739065048282506,0.008004396429949885,0.4632423660706238,0.23284459982481873,0.1910515854460038,0.199134497494992,0.31341347460246105,0.34925010735182327,0.05178174089392546
ROI_8111,0.4095498660624665,0.41952162382963437,0.5058502516049567,0.44513959459386593,0.3341308902302388,0.2510499866571861,0.4478601036671314,0.326141226264977,0.32477700310569424,0.3165674397686978,0.4425245555715672,0.3799407237732009,0.47267042522957164,0.5055550326246917,0.4797922178127521,0.46713335740010703,0.7612940859700539,0.7490257239507171,0.5086456677812607,0.45540066634200854,0.34682270569588514,0.3363686181953132,0.5514609429414464,0.4288543634106301,0.577445643853797,0.2689793482720884,0.20363360459904217,0.12061003660401143,0.6024700319743467,0.5504738685359464,0.5327621788453879,0.47376029715586,0.6765724016615503,0.5884057512370319,0.5037159476130691,0.5148091956608897,0.5008905464212657,0.4005570719490189,0.4630406620312234,0.5366008051125991,0.022651865826305847,0.27932004168005353,0.5919878495265638,0.6412889714004991,0.542828638361836,0.5758856231520522,0.590757699898856,0.6301453513527793,0.3933212693245515,0.4299226061217256,0.4452870434194132,0.462097424515414,0.5036148589153913,0.48361420771934194,0.5798279651734037,0.5562478949255111,0.6092618133088266,0.4989263505404907,0.41714884094785964,0.39302548070146415,0.3067455057479686,0.2117960548064497,0.5642666886066934,0.39141468592979894,0.40559183100783014,0.3554922634146387,0.5524383245749308,0.6033117981996539,0.5198572591270274,0.5487075501148716,0.443673516652027,0.3733008017367435,0.3313179489382831,0.399715979755502,0.4223465039998104,0.46546539021179867,0.4379158950502013,0.37917183119302356,0.6277488325773581,0.7951684184091683,1.0,0.7940592690603034,0.4669393975687017,0.4651792789965245,0.6443807580267428,0.6182275549442808,0.2536159532242208,0.3164918643656752,0.4239398556456932,0.4665876097269515,0.29907131174936724,0.29463156342047236,0.27678195662107524,0.26612780419215676,0.3457328486978379,0.272954520947029,0.31851352396652466,0.3248801425356919,0.21556011145801143,0.03461458786564438,0.07778552084720698,0.1939181552344442,0.22580924124317217,0.20359910038136333,0.24469645667635406,0.23058249905401954,-0.26396621418663996,-0.24924640441300208,0.013535334463157628,0.44370218834388037,0.31341704500135886,0.2712757092344766,0.2206563845251983,0.23653751409179744,0.26436360079510496,-0.03459457202611014
ROI_8112,0.37562206053477604,0.40438284603496977,0.5087183541337528,0.24619009675585368,0.12719231997820668,0.25792026977086774,0.365390636540508,0.27803450160213417,0.06031443766829136,0.25064830205542193,0.4128728518445953,0.40121537757753173,0.37095806976698925,0.5140473047199453,0.35640433013175177,0.3279149391801769,0.45589094425357657,0.6900218670524947,0.39742993806914506,0.4521472281600546,0.25974955278135303,0.38863481471369193,0.5554402420156838,0.3117534016822307,0.545987580538697,0.07782361427148544,0.049840179927814615,0.035403124554924684,0.47442140463153937,0.3915270512053135,0.22624215392236052,0.3513981010582839,0.5324749763675581,0.37700524378442707,0.47911511367500964,0.5241287023219574,0.42836740363228537,0.27806420697548667,0.5108297350495072,0.5381313294609439,0.05598628678384423,0.18101252065520687,0.5683066722046566,0.63195919399197,0.5586475291766738,0.613430523312562,0.6027353825574623,0.6453949616623986,0.36706507333932614,0.37403465130999003,0.36657610380281636,0.4320385131661897,0.4983273432066354,0.480569316292174,0.6134583962866372,0.5845096589407828,0.6057305628921047,0.5131251057061433,0.4589924675579657,0.39645809129236753,0.31534099825125345,0.14184218963267411,0.4759594088736026,0.32369051296151724,0.4760553836556132,0.3790927694653669,0.5192842121326507,0.554326676704147,0.40566021088047044,0.5552696868914703,0.3436141109366719,0.18661412805439906,0.24952626808209927,0.26537923603415736,0.11126101167742669,0.25000227453878543,0.3469582852831916,0.15440134535852174,0.3394226845696015,0.7258795158042445,0.7940592690603033,0.9999999999999999,0.5478101056311295,0.5430723566525503,0.6781159293765906,0.7317134973581038,0.36634109580921376,0.5101896237595108,0.4801702641355356,0.5012006669861134,0.33616628073827265,0.320945713753416,0.32116228729704777,0.30521591684681093,0.24632987401777431,0.203288499018314,0.2693049930344393,0.23901037626776342,0.16430707485897064,0.041294527638872654,-0.01919914222778232,0.273182802563253,0.30220286551229514,0.28270079960492994,0.37524662239324935,0.3393398165387022,-0.334948937043309,-0.2914039679778037,-0.053104239922214365,0.3725454272593584,0.1336590665403593,0.10588796735961067,0.19106588126213264,0.26614086715742413,0.33304973246372616,0.03781049204673962
ROI_8121,0.19123401778045626,0.18756524984897138,0.3124011153057808,0.03195908916891332,-0.07784212064331535,0.141076516943686,0.1343044768848124,0.1182144262408779,-0.04267280453738032,0.13116148258777138,0.16764774294973814,0.12605740870080018,0.15975756119141943,0.24215847971096718,0.24139696077689363,0.21412803928427182,0.17148752173034593,0.4144973963005176,0.2145480199519859,0.35767087734888436,0.20261616447169475,0.5496127490225347,0.33968719242477874,0.10891218538994629,0.3381848580140832,-0.06862566160496839,-0.06356619867571892,-0.0514428731040003,0.35452803550543155,0.36064200736485486,-0.054299135367651796,0.06653164675743548,0.19812187500945896,0.15429998456323463,0.190207113835918,0.19760719099892546,0.5155042870706621,0.356259516251548,0.6108022642875888,0.5819387773846953,0.38033617635909256,0.5520415474137357,0.3624571134025647,0.3899654531890454,0.19604311601515742,0.271455342935798,0.45594592341123347,0.4472380935351351,0.12612692432792993,0.13489550463240382,0.20410180608887193,0.23858862789507904,0.316388568640015,0.2997729914622531,0.44332350358471917,0.41134350180347,0.3514123921004533,0.26122534403768916,0.3269080209167021,0.2691287643613183,0.08792095702862977,-0.02658147732478986,0.10738780833466413,0.07207071591017199,0.2015215970984775,0.034574533533038014,0.22982058333057268,0.2569276406082777,0.19310131922008,0.3631397783581806,0.1668838342974607,-0.06392771907530517,0.1513609423088455,0.0973078636390991,-0.08622495357520957,-0.02761959052318743,0.22740622915890074,-0.04199518682897064,0.38124719241238997,0.46917056152638825,0.4669393975687017,0.5478101056311295,1.0,0.7490000346814009,0.42739629085604647,0.4571344301495932,0.2947642577420933,0.42945151146041344,0.33624301213819247,0.3491314020069966,0.20189804544324935,0.2517183605897311,0.2118429074576623,0.22218885343329842,0.6092748704824817,0.6281260208451643,0.28538827051008675,0.2792297097852125,0.20130795379648816,0.1732224431843865,-0.0285452200654503,0.1260257310169838,0.254758507414914,0.19548701884071396,0.3692134877651984,0.32206479892381945,-0.1917288791171515,-0.1346959551028736,-0.40759949017726516,0.14591242257707696,0.10428996267698855,0.20596408166584343,0.20939651428844008,0.2681684288159237,0.3116676988638154,-0.053832333219652986
ROI_8122,0.25158019865298104,0.2947372308872641,0.22648321912265398,0.07100834363087441,-0.1650469517592347,-0.14304851603592494,0.139088871418141,0.21944908661276719,-0.045910964327316735,-0.15731784579108424,0.05986246266574423,0.17367770290711834,0.14702709595786584,0.28512385735756013,0.05172378856115408,0.02982716771559843,0.26819788074697126,0.4094793002965506,0.253668004628009,0.42009669550857337,0.3982732449271923,0.37528058433145356,0.26994467522863036,0.19454457700568653,0.32483312863064345,-0.07401697630371666,-0.24122206383442818,-0.029260529603869767,0.42228272607602557,0.42570878944254864,0.09354315522978486,0.17901363237538584,0.2387743373272748,0.19649076754835534,0.23643918752568488,0.1994901370254536,0.6699725565184314,0.5959768883223464,0.45913795040801497,0.43567247756837507,0.4207321115712699,0.4645159463830698,0.2863512444169747,0.33946886005036475,0.21933546401591766,0.27086412362648343,0.3828093285173438,0.297759601214763,0.17497369035083318,0.17547966738889925,0.1812739176274045,0.2746359443765011,0.1508752830336677,0.14832990648741104,0.2837964915198585,0.25498837359601156,0.3898017541415275,0.3506120849376505,0.3324790898459274,0.2663474738414414,0.08614817232806206,0.04194855364532538,0.2628852651434668,0.19760287636954424,0.28172346230810774,0.2405512424721441,0.2538184569626992,0.23217635522818467,0.2533677477854866,0.4006681599100578,-0.04992549342306094,-0.02600223706934336,0.2908866880739477,0.13688441496843878,-0.04610525427240878,-0.03166418256324062,0.1573180928357409,0.1273332202267985,0.48771484271624355,0.38901851890333483,0.4651792789965245,0.5430723566525503,0.7490000346814009,1.0,0.4091209725526167,0.5084785018243425,0.15343712923957162,0.47849251960422723,0.1655436750795194,0.2229227635458415,0.0001388055002618648,0.07545296926053689,-0.04242301716279655,-0.0005090403518373405,0.4356950432030304,0.5756149055967187,0.26141905382379893,0.26558025113346084,0.12189231284890804,0.09443885296044162,0.11558853683012216,0.0224496160290203,0.01766489217973652,-0.02554777940855015,0.1690183123613573,0.11303113903134777,-0.0607355090470803,0.022424133417768045,-0.2150588880670893,0.18470488321839934,0.09698643690795875,0.12748661665057104,0.05551700131668214,0.060503924843948904,0.08539029704612949,-0.18664150438466617
ROI_8201,0.5488515870827366,0.4500295082616407,0.4160569839727856,0.21782324149963642,0.18575809557118916,0.050428521837967505,0.3395696727739058,0.0654838162166878,0.12149417430982865,0.11584637078564422,0.48008879855240527,0.2217007080797585,0.5365414238711018,0.3860810148092231,0.429883262127822,0.25259613850395407,0.4845458422161771,0.4845930497445413,0.48027626761911674,0.3403416191161469,0.5511844401341296,0.40030310966063776,0.3218827011811233,0.15512228936363104,0.45843329516354697,0.0011981820790253356,0.02919904342642635,-0.054375283549871804,0.39218864663565856,0.23994604441352854,0.16210572372760237,0.09724442439823586,0.4344612083522803,0.26554358101898107,0.5773724975055088,0.47726070626141975,0.6015956256684144,0.4849537175340833,0.6295963763761325,0.6758348163634713,0.06400090970362371,0.19437313703259249,0.684359659405254,0.7176611745211818,0.6158762792953353,0.6634017509231851,0.7082485539235431,0.7355569221785333,0.49590155706414596,0.569872097996866,0.6111321010562535,0.645034613131462,0.6747302885518927,0.6345143257898317,0.7397153570357257,0.7557677615841589,0.6543195530139113,0.5438390302748142,0.6122559508219326,0.5633920950467719,0.536026437668857,0.3326068235406027,0.5245732808603409,0.22607990546013884,0.7680408991659423,0.52787671613801,0.6087131823320958,0.6533489311399431,0.6471109932068498,0.5851473047043414,0.26705119298892,0.20735339012240767,0.27610187851054535,0.32884391577920635,0.2107816360494291,0.26944447354052187,0.2107436592474466,0.1722316341995583,0.22273532456045356,0.37774221639065725,0.6443807580267427,0.6781159293765906,0.42739629085604647,0.40912097255261665,0.9999999999999999,0.8758802529626654,0.5144144599679726,0.6474566969578398,0.7081951977966242,0.6979327342770314,0.4065489695257926,0.4496906288091453,0.23811149580410215,0.22883629724098242,0.22941636665144857,0.17023437424652968,0.41163057447094237,0.4390565703051375,0.4642609098669943,0.26669081600028544,-0.17732448405381515,0.3804684868845999,0.25144314240788546,0.2196221253250518,0.2651952621478278,0.26578663075298375,-0.37582763996978535,-0.3837464559577063,-0.007399325586634526,0.40979024898915195,0.2941462512183409,0.3717175860377785,0.44317371779415266,0.267709918818071,0.3071017268965124,-0.00934165315398211
ROI_8202,0.43205762374257195,0.41997233427545877,0.36167921417364307,0.22063261402865753,0.07633331632063489,-0.024066903558412966,0.2961149653927514,0.18001054904599223,0.08657992623459786,0.05203834261293647,0.36401291362396576,0.2725994616238984,0.3996887247783411,0.4352210882948576,0.30643658089892734,0.23338356982544575,0.48188784768818316,0.5686610222010747,0.449114730693931,0.3722404689009318,0.5627851712810641,0.41452275004091793,0.28955848522112243,0.1620277657097504,0.42433028191046945,-0.06277478988449177,-0.1126594189319122,-0.11820636535037123,0.46460478720133913,0.34950439039902215,0.15667251393855128,0.157556765477532,0.4579077584303861,0.34063769611892925,0.5806686607076298,0.5221816932590531,0.6375323432972387,0.5710481106539957,0.654284915862126,0.7001458414709975,0.09918697862561676,0.2472541881929688,0.6979206658317882,0.73622585145936,0.6484803312152385,0.7030753888844478,0.7142084562649968,0.7302371453448582,0.5590205578952788,0.6094424341541687,0.6025952224554268,0.7050753364698609,0.6114809790784106,0.6264248809456311,0.7295492892019487,0.7483411684000887,0.5860243336124215,0.5162993357908391,0.61008783278643,0.5637232434979084,0.4615612304036732,0.3599592603498328,0.5660546924351838,0.3976822697487114,0.7672729736772993,0.6785410942952059,0.6530040471053424,0.7024972997988901,0.601966207997381,0.6028375163723222,0.21498205103123275,0.21983362502080014,0.37162159240880666,0.35936416318723546,0.200642034117333,0.2894700629980853,0.2930301444286731,0.27087654316909654,0.2988597350042057,0.43083968493343394,0.6182275549442807,0.7317134973581038,0.45713443014959315,0.5084785018243425,0.8758802529626654,1.0,0.5164976375206742,0.7099855193362606,0.6705170621834208,0.714688600036854,0.4395705699828947,0.4550742293088286,0.22159941731128968,0.19796358877355044,0.2774474118982556,0.277189845221544,0.4784043358220909,0.46685382797392044,0.5075459713455073,0.31650208840254,-0.08245122626104091,0.3487810783365556,0.22757301360394921,0.17405339755246346,0.32178114536510294,0.2764657434675509,-0.39122193703235064,-0.34282953462561194,-0.007164259346207242,0.4179317732439378,0.34344381471290636,0.41409108316927423,0.4491424289511652,0.29493863334889636,0.31754857758339083,0.013552249349359816
ROI_8211,0.20018047827866656,0.11239588559573181,0.2959489791459076,0.17334040469126247,0.2649325459688616,0.4574014453247937,0.1860796892901453,-0.1572770038666064,-0.07298939755329165,0.46575311664123614,0.23440823709065692,-0.03521677951516028,0.15550368037642304,0.07438427604373923,0.4311800009475465,0.33022606394992116,0.21927026216121048,0.39458596405574664,0.2856343876895102,0.13305443667681477,0.2148877763907716,0.49221434920952584,0.1113804193495487,-0.12030134052182916,0.2286094582319381,-0.10748684365148001,0.020064872939918876,0.04252764197417102,0.22921008399310863,0.1335600972843546,-0.05076541114506409,-0.04554071422589918,0.283734126733467,0.22193486089254094,0.34334279901320985,0.34363719912907587,0.14512365648794678,-0.06914501486087032,0.6979713606497481,0.8129947928725495,-0.2913717227172835,0.0881041552502234,0.3633802079395729,0.3793186439905216,0.28643954463293375,0.29343087662906053,0.34342627494585043,0.5279085551993884,0.21687344262361222,0.2904244955617336,0.31299978180422156,0.36941589846150125,0.6498936755716964,0.6916477781214635,0.7108618536914834,0.7928008894997738,0.3082991479226741,0.12572972048655237,0.28734514550660456,0.2710763569605629,0.3794473917554021,0.43561947912112375,0.30796089769730517,0.18763774325997032,0.4162538871722761,0.27326309956015615,0.33726250840383903,0.4606309395854204,0.37011626354789884,0.19514948621145978,0.45870319125146625,0.17896096282205062,0.09832134034529039,0.3404957811507854,0.0593849128128414,0.3383127112474875,0.32757501104284753,0.10108393499015499,-0.13021465275416008,0.25425425334148205,0.25361595322422087,0.36634109580921376,0.2947642577420933,0.15343712923957162,0.5144144599679726,0.5164976375206743,0.9999999999999998,0.7631865788475644,0.9107185449848896,0.8438839222993217,0.8247926631537471,0.8128753628516169,0.7072884159763129,0.6258150080929904,0.24718993189852442,0.047499874598796635,0.4637440799329091,0.38974082224153456,0.4499961326721873,0.38495907951800323,-0.06471987167753922,0.7929207640159939,0.7755216991805525,0.7416501243703657,0.8171828446767194,0.8428031803265232,-0.9126497738551542,-0.8804345542073925,-0.07857523005738583,0.47032471793486863,0.1572003954121239,0.27519188667454986,0.636981572416692,0.6697859158210728,0.8351734563205647,0.5353098078881021
ROI_8212,0.35536619769656247,0.33122391312505667,0.3123364835878,0.09183679577433106,-0.023425315148617308,-0.002411153431047266,0.21542277493229994,0.05885001076412371,-0.1450567369470478,0.02615812424572157,0.17333042995921016,0.1001145379358142,0.2258894552159336,0.20687744758936194,0.1708225382250765,0.05850413376632285,0.21339229491606856,0.3829050446739175,0.3618008623214711,0.3434189586851213,0.39947954186578744,0.3359359439965564,0.1673906367100565,-0.005833740522833759,0.21770339658961935,-0.26373363848935805,-0.2660874134721455,-0.12486383981971921,0.26819961462604613,0.1572070881940038,-0.06805389451266142,-0.009563836427155895,0.30215406276751433,0.17941465111652136,0.39411630043405776,0.31717509612326944,0.45578897548301067,0.29662428056018475,0.7465104176440309,0.7473965735046983,0.09410316828537281,0.15935372437205403,0.47286930054109044,0.49937521855349465,0.40068944641769183,0.4159849030209912,0.5040702782195771,0.5334413751317971,0.3789164879822582,0.40074627144985814,0.4209697856264563,0.48322078798745327,0.5319536422735174,0.548045452695006,0.6426000003425517,0.6941931942870719,0.4660986630035734,0.3611608809789775,0.5042716913132848,0.45898389877397333,0.3919710920333353,0.32782079661598607,0.3974688969740849,0.24931074793783953,0.5815200575665584,0.4773381317443873,0.4650448619580251,0.4919891702519233,0.43744268298801625,0.45442493104547976,0.1372859309415422,0.06722349901073806,0.20040789614448537,0.2108653396079036,0.010802434750303295,0.11890425827256935,0.19487258371429989,0.11646355492179895,0.0871128098369741,0.20123474453525408,0.3164918643656752,0.5101896237595108,0.4294515114604134,0.47849251960422734,0.6474566969578399,0.7099855193362606,0.7631865788475645,1.0,0.7529013775604139,0.7161792996064672,0.5357380588934758,0.608276074869668,0.33999322373455226,0.3553844399548367,0.23479555857784534,0.22673312033858556,0.408941414726752,0.36310655884603693,0.4451633695841682,0.3284483878706954,0.0007538735328804628,0.6388847412946638,0.4226824217773547,0.3783362606773817,0.5599098792302327,0.5282421410725948,-0.647386597798562,-0.600987845134656,-0.0967409181896608,0.2828772792975323,0.14335402013908863,0.275058086802871,0.4646793553684372,0.43992560811413867,0.5285451099154617,0.20489064831078274
ROI_8301,0.3045915870312671,0.16208366294694262,0.36227276633001554,0.21570164221368013,0.36432581815767184,0.44366435520716474,0.2696375774743657,-0.1231439488515709,0.11885941304421742,0.49476431204722493,0.37443492149587726,0.02143752244595794,0.31235327733357177,0.1622665089731149,0.5723374765144474,0.4307830947683325,0.3498493092352081,0.4628089296804661,0.35198153289431056,0.16384817957635597,0.29466299248663264,0.491854875536481,0.19606456065046782,-0.06517744238112444,0.35217025162382426,-0.01639609564282345,0.1513120095919632,0.03337775441220263,0.313993072477745,0.18745227574123255,0.049487244921213265,0.0043875829867037796,0.3675022390101418,0.2650149006953021,0.44371938140542305,0.4360559919177399,0.2736815563254194,0.09130004204955088,0.7625001195209875,0.8608067397304046,-0.27449695882123004,0.13414638069823429,0.5153581221167575,0.5251222610437909,0.4111392583115567,0.4243053325227636,0.4981106203776798,0.6721252529068954,0.33393816804386156,0.42913738076230284,0.45249064544996037,0.49046781218631935,0.776808373334181,0.8033961316468322,0.8287543506422234,0.9009240351955184,0.426808624544393,0.23036215667485957,0.4024865836506036,0.35820786247674374,0.4785540752761208,0.41162885910825475,0.3788097307115718,0.2014743700504122,0.5493057871688574,0.33745206780808334,0.45098160157212863,0.5604666653960452,0.4701607563764581,0.3208318009885482,0.523427034651989,0.2699624581268288,0.16991588979571406,0.41122314396540616,0.21260783262665162,0.4376879761325738,0.3904808621895717,0.18785200490901569,-0.04419636544456271,0.33595472737366766,0.4239398556456932,0.48017026413553554,0.3362430121381925,0.1655436750795194,0.7081951977966242,0.6705170621834208,0.9107185449848896,0.7529013775604138,1.0,0.9381645740834241,0.8040117045755024,0.8079261863394862,0.6740555773241466,0.5948981927243832,0.31663207251724956,0.09579887082824577,0.5244046935255151,0.46939590890328914,0.5072847280734962,0.40104267711044767,-0.08795507585687579,0.7274031196618385,0.6847895199332968,0.6576100502299481,0.7187341502907567,0.7367249144006576,-0.8168195742657827,-0.8030472385194611,-0.02277839690311444,0.5496232090216218,0.28764246304384294,0.38349912333840236,0.6901018447675459,0.6478903422777819,0.7604297764151459,0.4883479413519246
ROI_8302,0.35164582481052065,0.23136374801737034,0.38100608668563934,0.28181105905560255,0.3474224242116332,0.40770312588991053,0.31260542398934194,-0.004660066006741537,0.16290852289668586,0.4811005115024623,0.3760062501225345,0.10282524629410429,0.30997027682615097,0.2493919016723589,0.5484470576458735,0.4527339309829567,0.41583824308898,0.5174994261522499,0.40132972480800483,0.22969977840107594,0.340941845150502,0.48891445189663296,0.20895409691227965,-0.026090073575253916,0.37340558309275235,-0.018220031598998595,0.11621823282413192,0.024303288888089365,0.41483207586365556,0.28679140569136885,0.13292743417066932,0.08596315906562182,0.4240812901084104,0.35832901277715135,0.49167558603398437,0.4864709535333818,0.3409245737528499,0.20849763163777207,0.7379045306610797,0.8547695943172008,-0.2060232955743953,0.1555891571224502,0.5595390992024337,0.5739033724790595,0.45186310985135586,0.4690132118184095,0.5488313651898322,0.721033333442621,0.43047141184055965,0.546258696459905,0.5614770837835622,0.6151827777997773,0.8104617415383807,0.841029882620834,0.8500235987248038,0.9291048995841469,0.46097319642303897,0.3090020540151184,0.48412599221623337,0.4649274229106556,0.548756637241313,0.5044825837466903,0.4697139214338219,0.32994697252729577,0.5620173659934854,0.4160199487345334,0.5138232831139007,0.6236747240931996,0.5071170871093712,0.3864615137899816,0.5283982363711288,0.3257483842155073,0.2735447364822011,0.4712911543431528,0.2454338165331482,0.4542802279859275,0.45874510405031926,0.3023116652188446,0.03333523898876458,0.39077105962226427,0.46658760972695146,0.5012006669861134,0.3491314020069966,0.2229227635458415,0.6979327342770315,0.714688600036854,0.8438839222993217,0.7161792996064672,0.9381645740834241,1.0,0.8163485020348009,0.8303797377510737,0.6640374344489739,0.6017265683674917,0.39016055132849664,0.1671209616220163,0.6112267883150525,0.5634548403806203,0.5823372493067546,0.48022046215575004,0.0015656933012381407,0.6901116821022443,0.6626444692043563,0.6306657677484949,0.7041876278401769,0.715620962206891,-0.7738982229926881,-0.7612122240017578,-0.028708740237907218,0.6135730223006822,0.32533980054278233,0.4442956176565801,0.7538137869196996,0.6832025442782453,0.7519017785252732,0.43137780602338277
ROI_9001,0.14035288943431806,0.03676587175002662,0.30501972529773397,0.20414330226386468,0.2345427643094041,0.45982058555370003,0.20871585702995452,-0.05388003539983415,-0.005465435828481982,0.486859583058251,0.21692481729615717,-0.03418983521127124,0.08259988503483731,0.07600706172819598,0.3670202474525603,0.32784210815382164,0.21660789181403192,0.3703294876558039,0.2935704285434044,0.1294736234192489,0.09196192392095655,0.39718731422156645,0.15982487151265137,-0.11202917855925311,0.19627999660050263,-0.10145187196813367,0.004679659167324082,-0.014199912016400583,0.22561151825550477,0.1141270670775788,0.011353709384084554,0.015194143140414241,0.3625829198709173,0.30548978486720213,0.41517800984594905,0.4628047535544936,0.11072800211718002,-0.051973457773267506,0.5968876807979517,0.7140231334673051,-0.3472323253188011,0.02324922179334365,0.4001697577296013,0.41329559997151094,0.3166002819337881,0.3189159169390444,0.385238785983117,0.6028823625436226,0.31685751327181344,0.37642498076906233,0.410935175055196,0.43259269698472985,0.6302565049061339,0.6885599142275446,0.7205700509291422,0.7893062446128188,0.2521490295364327,0.09173295276687378,0.34617274609163634,0.3104653225675993,0.3751216803949939,0.3897820567267195,0.34668354804034274,0.25521038556150444,0.3641545704188778,0.2855244623699472,0.43810222901071866,0.5244366530617335,0.35261323899094354,0.22935312597184573,0.5186463710196549,0.27107227093509173,0.16787204817821444,0.3170273713224807,0.11766979640293353,0.4058288731737425,0.5662390302789672,0.3238256593533257,-0.07365319529843961,0.3429173215957537,0.29907131174936724,0.33616628073827265,0.20189804544324935,0.0001388055002618648,0.4065489695257926,0.43957056998289473,0.8247926631537471,0.5357380588934758,0.8040117045755024,0.8163485020348009,0.9999999999999998,0.9246423941394832,0.8417029725677424,0.7593437782904586,0.31839756304757555,0.11451043818861177,0.6100611729667103,0.5683473001085341,0.6427654254833229,0.6044278602179982,0.05764281239663993,0.6707162077901904,0.8258615525118218,0.7851460913619227,0.8564129775887931,0.8353267940829042,-0.8668102922816072,-0.8170264502325973,-0.023115917346587748,0.5855669809296984,0.3090668760726436,0.44422009277764124,0.8066640459175494,0.8621295099271643,0.893276682936947,0.6455299890595216
ROI_9002,0.21196916953297004,0.06783530269230133,0.3462743081777107,0.25222907477190987,0.2470616858916679,0.41151357700626623,0.2572876609574145,-0.05798596288114672,0.047904320713868215,0.4434189857585883,0.27901279750148855,-0.050486590822377844,0.1526294912696972,0.09667313493699857,0.3920234548991565,0.287701724922867,0.22544948101126736,0.33974001551444566,0.32949187493287474,0.1402973671875051,0.12982963392524155,0.40429811307898617,0.17675370926250714,-0.06772823771786578,0.18768252042213115,-0.11657343040878444,0.0024467952540148585,0.0009075245124974215,0.23161972680000034,0.11019941646901844,0.050563572377440726,0.024060225706961046,0.35634876697084433,0.28549703443140956,0.3941943343187045,0.4291268260223711,0.16641803362255814,0.03432898237454287,0.6302406615401337,0.7251709329849026,-0.2838109628607188,0.07394968322052539,0.43131477632113385,0.43765438403707047,0.3203167027144244,0.3307868849303018,0.41131258212282634,0.6055107923282698,0.34368135745888223,0.40519173524950364,0.46539241727311975,0.44891597617787793,0.6552236663095401,0.7060600933087754,0.7170681665067106,0.8001568920921432,0.2752174627721518,0.09221233338789975,0.3591538381648787,0.330496102087517,0.38802026251422167,0.363485669330629,0.36536464395552504,0.2228120131508634,0.3852895878336974,0.2731938805679891,0.43963647034117426,0.5273346214325345,0.36363357406202157,0.24393993156462315,0.521744738378482,0.2783610391537911,0.17566868336891855,0.32570743834156074,0.1825073640993537,0.39371602034673675,0.5317415808797946,0.32603954574155086,-0.06819183212653686,0.2780993293034708,0.29463156342047236,0.320945713753416,0.2517183605897312,0.07545296926053688,0.4496906288091453,0.4550742293088286,0.8128753628516169,0.608276074869668,0.8079261863394862,0.8303797377510735,0.9246423941394831,1.0,0.7903369249403548,0.7661227347380958,0.32483951174452375,0.12692520474897873,0.5999448464376858,0.6109244765987901,0.6469895005104251,0.6733867998021359,0.04978814840390223,0.7584967965904987,0.7943029365850898,0.7877310817771117,0.8202205127685326,0.8295634636638326,-0.8268450131565115,-0.8429792878423349,-0.04519829861492198,0.5574406440395837,0.31016781523193954,0.452898422526831,0.8045620786119497,0.8526664616924198,0.8779471596968215,0.6334794077940924
ROI_9011,0.08318483040723679,0.030712903357450916,0.2925175306982722,0.2000834980389217,0.4202514339921016,0.7382922902786884,0.14773092974217591,-0.09391737786912739,0.09008165021091727,0.6964500438260847,0.25164459231641206,0.009029313559954538,0.05638996655032148,0.0766497439391552,0.5173553882821681,0.4821755888544843,0.17144158776708607,0.35378222335744347,0.18540375856800434,0.046700252566048844,-0.02364216939407939,0.41702528056718513,0.22991230996848575,-0.06628782333192748,0.34044598668065934,0.19818878945214632,0.3131209009299858,0.2989612025503435,0.18917496443639015,0.13178229233661864,0.020757310118943904,0.04682882837728886,0.25647462556752887,0.21033907134980337,0.2361256131656029,0.3577740140650093,-0.09085905345774857,-0.2886931219321192,0.41961284532722803,0.6056829895421433,-0.4368812403380029,0.050029302527242164,0.26959047943431874,0.26129136389391916,0.19354524713734014,0.19827777131393431,0.24444422317053985,0.46167091239342595,0.11276873526168334,0.19438509170322832,0.2134771983119504,0.23732554479028106,0.5310433278086149,0.593635035642417,0.5951858714239016,0.6325299735988901,0.1973802006659256,0.0593627482365011,0.15210894677172437,0.16673907896432139,0.30108746731581343,0.30675248838723745,0.20578620896316943,0.11767448204177265,0.1337087139118714,0.038067252028530264,0.21052742087960039,0.3072870948708936,0.17893988295674684,0.07519894193818331,0.546558635906824,0.1739357485415651,0.024334552292894548,0.21621479228449902,0.051830115046623965,0.32841956074083745,0.3534336796365131,0.03400200975221054,-0.1289239052367094,0.37426469020113046,0.27678195662107524,0.3211622872970478,0.21184290745766232,-0.042423017162796554,0.23811149580410215,0.22159941731128968,0.7072884159763129,0.33999322373455226,0.6740555773241466,0.6640374344489739,0.8417029725677424,0.7903369249403549,1.0,0.9571659187772614,0.24043696816197146,-0.012684014923824408,0.3374057281090797,0.28640434780829105,0.2608120320237435,0.26708731055352325,0.20945946888177489,0.6296729790853371,0.9595722861408573,0.9499306459687024,0.874728978917446,0.9099561663865183,-0.8728588221432096,-0.8597357112106682,-0.07123265334064534,0.5118770395771771,0.16044426252797567,0.21669580602041705,0.5766058607157687,0.8467429933409598,0.923821478859374,0.5455624532338467
ROI_9012,0.15635577110771665,0.13761228418940413,0.32210406657208995,0.22575161062281612,0.42219838242002383,0.6784244402864464,0.17519413467488112,-0.013465857841493642,0.11875512044091206,0.6271407971440245,0.25357767211560944,0.060782443858238014,0.08691187080262101,0.12254523883627126,0.4892472318546216,0.42961982286455364,0.1692694905497787,0.3432552540761794,0.2311134078035167,0.10660022164990789,0.027814393117499597,0.3749452139752496,0.2735860184455701,0.006517442416084294,0.38973394678588996,0.2541608915126223,0.31319092003623183,0.3932195327176366,0.19798632892282822,0.12914553708027834,0.05635394934398279,0.08487327031272131,0.2617812751064552,0.2067371117932518,0.25449977576472793,0.35948514785654684,-0.045030501844818126,-0.24007640761099663,0.3770813919597196,0.5467624412792562,-0.33533183556492907,0.03311731304618793,0.2902996515353308,0.2787641768514633,0.21702900423958138,0.21824111977440772,0.26789961479778024,0.4447867569304059,0.1527072880277266,0.2242702304707851,0.25585434152774283,0.2585354375667128,0.4975362262217352,0.5499924082784459,0.5447809941254877,0.5848756766369628,0.24061277827483463,0.13658756539136727,0.19887767619143573,0.23327855767704841,0.3226339427380481,0.29215549198123403,0.22080191982561403,0.10326054784154087,0.12594248394916555,0.04596989668348835,0.23201908342727562,0.2945228567508459,0.21062011523903373,0.1388768488037144,0.4784941445914252,0.1543025105035308,0.03674618863385144,0.16727070670551247,0.05708597717594634,0.25981719319280633,0.2750822785524699,0.003537424384914808,-0.09189060305533762,0.3417178596226218,0.2661278041921567,0.30521591684681093,0.22218885343329842,-0.0005090403518373405,0.22883629724098245,0.19796358877355044,0.6258150080929904,0.3553844399548367,0.5948981927243832,0.6017265683674917,0.7593437782904586,0.7661227347380958,0.9571659187772613,1.0,0.19841956274821404,-0.01659642351305164,0.28892540119477444,0.24471916091787846,0.21667428631563052,0.22800714847591175,0.28714349789091126,0.6277955605813141,0.9373968099159133,0.93579794985578,0.819486200410896,0.8650687997981357,-0.8371808747608811,-0.8497199816020145,-0.09016974818552165,0.470094675831213,0.11640687778972933,0.17182085324127824,0.5212721242055055,0.8330096754195273,0.8775149701254165,0.44464228785803384
ROI_9021,0.06267304065376836,0.011839401598454974,0.19186827540268458,0.12918496397543525,0.05530247922679206,0.12823787104988638,0.1536235936489584,0.07636432239902224,0.1050748180277728,0.18944170929062074,0.11994998233209592,0.015769266972600914,0.08528328147880668,0.09291548578796804,0.22919185948696963,0.23431719870643652,0.2103809529572968,0.3097947124501735,0.16776252101534697,0.18440457821787676,0.11132380503595649,0.4456200596800201,0.16493933597898217,0.03618062827645491,0.12028005184813813,-0.09075487098257046,0.010440931821251873,-0.09416749949704609,0.3226194409927218,0.407988636711545,0.111813110756561,0.1065830002570942,0.1977781044373956,0.23267060338010195,0.12283267036757779,0.1468744308060578,0.45652913643215337,0.35257168901100194,0.6075963222486694,0.5148176377117292,0.2402140898075182,0.5784741886953902,0.20643047344681573,0.1890782963851659,0.0717797050992541,0.08989671123197077,0.29103864415275926,0.31908200554729077,0.09460469927518769,0.14050277513915704,0.13257763051831326,0.17373747924328728,0.21016790767741295,0.24198443911646192,0.36050294326626803,0.3692746232590041,0.14722987560400713,0.07357083129813335,0.17074852990510067,0.123358492746498,0.0926857572596107,0.08574631970871037,0.11184168006186859,0.13239510122250528,0.10668644918499262,0.017619920954953322,0.17111216907233992,0.21070656687711672,0.09568803647426467,0.16371740689428568,0.2591030908448393,0.153689319520247,0.2196732917160329,0.2399250279610975,0.04654850771749799,0.13300140561526497,0.407869446505073,0.24571820376016346,0.36186072834271316,0.3642950490624458,0.3457328486978379,0.2463298740177743,0.6092748704824817,0.4356950432030303,0.22941636665144854,0.2774474118982556,0.24718993189852442,0.23479555857784531,0.31663207251724956,0.39016055132849664,0.31839756304757555,0.3248395117445237,0.24043696816197144,0.19841956274821404,0.9999999999999998,0.7804062768033496,0.5137908015599312,0.5356988608410002,0.4221825565939337,0.38868976661319043,0.05417728563505439,0.10917309623597794,0.23276542014010615,0.1781399416630211,0.3415954793740028,0.29673086807117366,-0.2023156511447804,-0.1411553582260403,-0.16090233035054444,0.4097177517294989,0.37684894120884893,0.49419341064539163,0.4228439572112423,0.3545531445346391,0.33863782454226454,0.15659989371976202
ROI_9022,0.006070584818565123,0.02791525561695225,0.0765032633982899,-0.023406366890596463,-0.23153670902635035,-0.17911966061685552,0.03270391447597231,0.08954783159716725,-0.08003486546326091,-0.14053804550070984,-0.07258451583537864,-0.06886358496597603,-0.03275426962513218,0.028793795038187266,-0.0796094964738889,-0.045163038232717584,0.1402886977821991,0.20172222393127753,0.09840692336805429,0.23690319668771465,0.10967397277670789,0.3231080241586138,0.10306742091753408,0.025547809630090533,0.02161490865251772,-0.23931763864355965,-0.2389902806236801,-0.20568196730378477,0.214275090610886,0.3015876616834819,-0.017652966268528855,0.008416081493390638,0.1035157830714013,0.1390855874194689,0.09508974512259233,0.08650842181505662,0.5511720564478166,0.4684916031539927,0.46602815701486305,0.38948864133905386,0.3983695541762486,0.6435327057294752,0.18352720028940356,0.17941770861243717,0.05847603858881815,0.10150661599867795,0.3122630123643998,0.23255765513875284,0.13936641036557743,0.12053122137810296,0.11053354707590492,0.1512044299588907,0.034700927684443016,0.052984471013612124,0.22546878761109973,0.20097564858289954,0.09924379967677556,0.10398996703281965,0.21613804308120552,0.14880608761519792,-0.08609230320774118,-0.08009769215872917,0.04614838446789242,0.05234460010803808,0.08002503637756185,0.01576189642330571,0.17347424391124316,0.14978755458176257,0.09252642556554744,0.2222631437783162,-0.04498311512264832,-0.05151699286106973,0.20940874262467807,0.05426427406547298,-0.07088187100523097,-0.08182681860160783,0.2695796941651888,0.17588744548962532,0.4703837414540999,0.24096344236229605,0.272954520947029,0.203288499018314,0.6281260208451643,0.5756149055967187,0.17023437424652968,0.277189845221544,0.047499874598796635,0.2267331203385856,0.09579887082824577,0.16712096162201634,0.11451043818861179,0.12692520474897873,-0.012684014923824408,-0.01659642351305164,0.7804062768033496,1.0,0.4628444015021365,0.45626410912532184,0.3434314177339692,0.3231775189336226,0.1299982084748296,-0.06392028019166024,0.005457652044419109,-0.0813387045423809,0.19664487352867574,0.09338561991226903,0.009170232577835467,0.105446879999059,-0.3121757157547357,0.13364390936266513,0.3290757348713435,0.43390537200766316,0.25137047628787856,0.1728449515290153,0.11107610718398873,-0.050448315982100006
ROI_9031,0.1252293375278316,0.07019416155602054,0.21920935532952102,0.07984064443806996,-0.04347867772907189,0.047123744209175526,0.18517036534194162,0.06034075328754662,-0.029094379516040495,0.13972521201862395,0.178366151976818,-0.009719791614898405,0.1025926016375824,0.10129509775009811,0.14873384600823097,0.1265511739679763,0.3144911880954344,0.3606729811141575,0.19030186006489294,0.17699504651610137,0.24026808195106197,0.3137025276597088,0.1164017329012814,-0.09242686747584068,0.03662722507225073,-0.3232776416074997,-0.22590639514580543,-0.22185633201259933,0.4024559569223142,0.3165556277194627,0.08346365319503776,0.08317916302569367,0.2976373739568497,0.2752436632933738,0.3594137430796998,0.3253998181736412,0.48501488700078976,0.41181743942797033,0.5106430926622108,0.5690540684423697,-0.09263948206925023,0.22472819792807788,0.354080660254337,0.37782805135635483,0.22605438343543818,0.26438840690294996,0.39764806639682587,0.5146938578470712,0.3205049204532081,0.34665847317336074,0.36254918796083624,0.40016238778009633,0.3939252245272195,0.4182578508206101,0.5499185878568538,0.5840900239617849,0.2131280711151012,0.13289614148776296,0.3519363236582198,0.29401112149956565,0.2535200394568554,0.18736403166912247,0.33574656436613537,0.2679934730379532,0.3513185147001528,0.2696533960243159,0.3870465617406831,0.4459375301379392,0.2782838275271446,0.27015778186181794,0.33541041356794754,0.28687080019507616,0.4199197435123077,0.4321614305366744,0.172433057654853,0.3762176937262601,0.6393976060747235,0.5389694473899164,0.11291189797365302,0.2775640114092517,0.31851352396652466,0.2693049930344393,0.28538827051008675,0.26141905382379893,0.41163057447094237,0.4784043358220909,0.46374407993290917,0.40894141472675194,0.5244046935255151,0.6112267883150525,0.6100611729667103,0.5999448464376858,0.3374057281090797,0.2889254011947745,0.5137908015599312,0.4628444015021365,1.0,0.8466127754752647,0.8220363920687842,0.7298812158115197,-0.05583141511355652,0.3477206595653404,0.33408984552388654,0.2861662156003822,0.49086825812018325,0.3959319446226454,-0.3896801379883541,-0.33678779913785384,0.10458237668920246,0.6394960817554626,0.6351055257446141,0.6891122882289334,0.7543501456019024,0.6060836747756017,0.4847469344916093,0.47860029101731527
ROI_9032,0.21777284719898182,0.05037024498384145,0.2555677612754797,0.12097872936812308,-0.06961263208669281,-0.032287250992486596,0.2142801162515629,0.0573587273632509,-0.002173013694501466,0.06734877233941208,0.23519614831688865,-0.020785444589176843,0.16304894471635778,0.12121426044729353,0.11974888312277088,0.055539569366127625,0.34076570753614444,0.3342365457742968,0.2660199317759434,0.16733442974782453,0.18180573910986095,0.26181762686047066,0.1269916622500943,-0.03511125834476423,0.0044914049561289235,-0.33706347036373724,-0.23958105793979376,-0.296586146794664,0.36321966350431295,0.29074782263894244,0.11413658114891076,0.0748681403565171,0.2965817030514571,0.25642903845765985,0.31894509907868396,0.3100396633183948,0.45899011436790804,0.4478138167412814,0.5218495624009958,0.5182060543183143,-0.0039153234014163,0.23392564586016068,0.3967612922235468,0.4040103378196253,0.2600881195518163,0.29152402415098283,0.4532075224518996,0.5362618554556355,0.34696694823272556,0.36935373589198356,0.44580978362966583,0.45663471731367217,0.39068124198030807,0.3950972671546224,0.560222662055644,0.5760404128654358,0.2962216429338285,0.14368471683032735,0.37950858128226383,0.2974184778980631,0.27430808940554136,0.17785412408845655,0.3736677923554954,0.25693281275817836,0.4135883027399799,0.27936784923306907,0.3947149798600535,0.4501799997077448,0.2960314462856771,0.26694968139174746,0.3058422939503919,0.2681072423960925,0.40196757917345094,0.3904657671980218,0.21725261288446307,0.34343168048618744,0.6694833047475633,0.5676333413557828,0.19943597523346274,0.2900657234346892,0.3248801425356919,0.2390103762677634,0.2792297097852125,0.2655802511334608,0.4390565703051375,0.4668538279739205,0.38974082224153456,0.36310655884603693,0.46939590890328914,0.5634548403806203,0.5683473001085341,0.61092447659879,0.2864043478082911,0.2447191609178785,0.535698860841,0.4562641091253218,0.8466127754752647,0.9999999999999999,0.849734331587214,0.8348725583805741,-0.050880265579099755,0.3028299607316379,0.26842882254868783,0.2552225222710001,0.37868915419431853,0.31430286818096737,-0.31049547120531606,-0.2874813687368216,0.10244540488454969,0.6043825957607397,0.6353025211650105,0.7212386502606023,0.7349131278819341,0.5507947297623972,0.4257781617779562,0.40463657425940963
ROI_9041,0.1850655455910948,0.09846886612647417,0.1902469344518072,0.07490075870141014,-0.18224601030408108,-0.16534433180364105,0.17574448291603628,0.05685981603748326,-0.11012108299234638,-0.0546106198544173,0.16262874690419368,-0.04672565439926796,0.11558664467874293,0.0810628553894682,-0.001213978741337613,-0.04910145900144902,0.20493507998930222,0.2196795976702021,0.2736831050320888,0.18207079515960956,0.22069855573122119,0.22063784358351685,0.015707826363548782,-0.12609447091807166,-0.11285009570692255,-0.45133409454844553,-0.4048642310709043,-0.41219759027056513,0.24289609894511632,0.12723409327821789,-0.004003783939781511,-0.031875153692812526,0.27835406132881474,0.255500207265008,0.39217869001699673,0.30539165659370227,0.4359883672057065,0.42304077164849385,0.5286658825115197,0.5124469552048189,0.013050808172709713,0.12636508438309982,0.412419318850298,0.4275566760958312,0.3044503618952134,0.34690903295051734,0.46019945388155764,0.5474014187125086,0.4262347306768439,0.45288475035469844,0.5066884014399322,0.513150235523484,0.38581098676966874,0.4028253146520474,0.5522985123701067,0.5948737309808962,0.21995814163491964,0.1489192991465207,0.45172589477749475,0.3973965026157025,0.30950272374225174,0.24995348598244194,0.36496606927637426,0.30199778254579873,0.4684752436057533,0.40580025711537404,0.48409945220259604,0.5347651676072362,0.3546553828233612,0.32550754878131666,0.19791653209724266,0.22800383930809967,0.3418803416225658,0.29753906266496394,0.16467444949161408,0.2906551876695339,0.5885857322396221,0.5601092144778398,0.09800653151242256,0.15361139362614057,0.21556011145801143,0.16430707485897064,0.2013079537964882,0.12189231284890803,0.4642609098669943,0.5075459713455074,0.44999613267218724,0.4451633695841682,0.5072847280734962,0.5823372493067546,0.6427654254833229,0.6469895005104251,0.2608120320237434,0.21667428631563052,0.4221825565939338,0.34343141773396924,0.8220363920687842,0.8497343315872139,1.0,0.8739308338888893,-0.14647224340291506,0.31779340471355255,0.26332882552263764,0.21223773299832782,0.3858816831435438,0.2994076898309094,-0.35173136216136247,-0.315209747292153,0.0810394759600649,0.4892245373435209,0.5775642882371267,0.7513140636393635,0.8193821767848009,0.590925201060516,0.4350566223927169,0.3905513541735272
ROI_9042,0.07405771542677846,-0.10726524316658353,0.15842174706059745,0.05303209008098175,-0.20561671661761147,-0.08859797962753234,0.13262218712839802,0.0045151984322853896,-0.12878133223825186,-0.007937066541421598,0.14719619676247647,-0.10997836249686037,0.045848527452564056,0.026389222395916952,-0.029980290796572308,-0.08364393070447071,0.04243522827630547,0.08341804515487686,0.138916208524349,0.06635497337529876,0.03732073048600479,0.21196008010080258,0.0009752266849198085,-0.13723476406746307,-0.22860414291432632,-0.4880385741662253,-0.36947865491002996,-0.42049368921322966,0.1474622526648012,0.06397142830851515,-0.07765758952110126,-0.05862271429100399,0.13542767257867863,0.12479847768274593,0.18783753589287858,0.16452650556379841,0.29421797588837567,0.33262432148260107,0.406719616928819,0.38272865891569646,-0.017839539519488145,0.10867083843373969,0.21277726294561458,0.21773137515113475,0.07939998113738582,0.11071329953136569,0.24764854249636117,0.3545930542393533,0.23023856459341846,0.24335306441169194,0.3431194954035488,0.32308190229286166,0.28254811235829724,0.31267357020963726,0.3849169569476789,0.4492254896499416,0.06263130938870379,-0.08111299373581493,0.26051308865032796,0.1791313595733641,0.17975977523316636,0.1359296550272197,0.219617424910028,0.18593034062337327,0.2883439442318167,0.2181895296782548,0.2653814754187514,0.30885784206953637,0.13032638423001514,0.10755752747513705,0.2515710554471724,0.21772457542337187,0.29670790982115947,0.27292705688221525,0.07426202799734616,0.2189719169394987,0.6042683900167557,0.5040118227168213,-0.03761712046893521,0.04707132499950957,0.03461458786564438,0.041294527638872654,0.17322244318438648,0.09443885296044162,0.26669081600028544,0.31650208840254007,0.38495907951800323,0.3284483878706954,0.40104267711044767,0.48022046215575004,0.6044278602179981,0.673386799802136,0.26708731055352325,0.22800714847591178,0.38868976661319043,0.3231775189336226,0.7298812158115195,0.8348725583805742,0.8739308338888893,1.0,-0.09090346239182123,0.32122245131252086,0.26687055785271185,0.2471367619947964,0.4020040963024344,0.33270516938710404,-0.28518052282403217,-0.2750171286049091,0.05792804213781637,0.4282872369938294,0.4736944383195708,0.6363228706115308,0.7701827520909572,0.5712870938887525,0.4383243512094776,0.5285708328741606
ROI_9051,0.02865384553557654,0.14157612612649068,0.027486082776986012,0.10227805562792669,0.09376093889177169,0.07489733744799335,0.016493560350308054,0.18971804189570232,0.09216897557430671,0.03704978937069072,-0.11486020798788078,0.10993975393499358,-0.061349898662656346,0.06689913980778829,-0.01301742482484314,0.049041026463967026,0.148378286316204,0.13536903713765963,0.0924935134261278,0.15452588186548555,0.0691880371677801,0.005972659203846338,0.07091486362547539,0.09689429005730908,0.167120984778428,0.1947570387560415,0.03095105956427312,0.2124080334467811,0.15045977588280537,0.18544903240317637,0.14271797334119593,0.15142682229175847,0.11441093186465166,0.17584306295044416,-0.004298187175715565,0.07063784314298988,0.046863656837836054,0.06885206653850715,-0.053048919823610485,0.058900916405080064,0.012174986756493988,0.10830447556272575,0.0468880545244363,0.01640393537812907,0.044465392461013685,0.005895081629997442,0.060222477634562045,-0.0002945348429543328,0.0890388300549411,0.11508307384910693,0.08171477926323163,0.10511868925396768,-0.02627043322973144,0.019578498442817362,0.011702376925157161,-0.016176929030213963,0.08315687729991532,0.11205028892486121,0.025047391234021322,0.06977742268225581,0.03738847967785067,0.08294755068837971,0.07631048884043083,0.08726810088217977,-0.10904409476895996,0.038520205241244325,0.02560913987572463,-0.009764928255261235,0.0479446014484069,0.09855426521600855,-0.07388203863122053,-0.03452603588463448,0.09304933779381783,-0.013405171320905225,0.006226622573438954,-0.03812591029049056,-0.05091090826570219,0.013840134681810334,0.22129990254419338,0.10494533975202013,0.07778552084720698,-0.01919914222778232,-0.0285452200654503,0.11558853683012217,-0.17732448405381518,-0.08245122626104091,-0.0647198716775392,0.0007538735328804628,-0.08795507585687579,0.0015656933012381407,0.057642812396639924,0.04978814840390222,0.20945946888177489,0.28714349789091126,0.05417728563505438,0.12999820847482962,-0.05583141511355653,-0.050880265579099755,-0.14647224340291506,-0.09090346239182123,0.9999999999999998,0.015713862430460326,0.19214829206261505,0.15004978176890485,0.16477188393138098,0.1489275144521349,-0.1556042753115416,-0.10389673927432175,-0.10212663554948445,0.03194511281691697,-0.06038782913063874,-0.06149538809557492,-0.03912431399967693,0.14126433221485857,0.1357084409307928,-0.12371940575295458
ROI_9052,0.15490502575241968,0.08775404359654347,0.23955285010747804,0.17802588545355286,0.32972401900313697,0.419400569902386,0.1840036674635058,-0.11003608477862369,0.01675127697523104,0.4456211012124389,0.2456199927938186,0.053734072118030225,0.1784090745189296,0.11266646582779728,0.40349442940822094,0.3051549189526854,0.17451584031411108,0.2972349975062483,0.174325957584091,0.019127174194568615,0.13960412558795807,0.2838410399469407,0.07020170972977328,-0.07683295488468381,0.1433443251918664,-0.04672397818265347,0.11327409198586827,0.11181213083293612,0.1653729193904663,0.11430979059312872,0.02560833607639572,0.0062360196989676,0.21636762871420803,0.15765929704987652,0.2179049688838347,0.2610244778107444,0.025866712862419768,-0.10506242207771205,0.5410431725858961,0.6126716596462716,-0.26567465205081336,0.001065375078025071,0.28463590385077214,0.28433025015886965,0.21253798332781285,0.21457023363324537,0.25277525561240993,0.3979601737625207,0.1745316842987871,0.23937665670199249,0.2819117876025385,0.27779324636311836,0.560257614280387,0.5712565240149251,0.5521952718059692,0.6487335428710853,0.20165207508218067,0.0605182458831659,0.1593627770953147,0.20048948624817192,0.3077830952893522,0.34429635856279167,0.26508544723721056,0.15309709169743826,0.27026313372826427,0.17567860674593228,0.22786022506431658,0.35456306050146763,0.21999265440455937,0.10131350410681104,0.46507732422254006,0.2377962691775886,0.03310964524610803,0.30090183265322673,0.09484594319049197,0.32297354039823245,0.23236193067745664,0.07758747182760616,-0.16001355996868727,0.1377317061329639,0.1939181552344442,0.273182802563253,0.1260257310169838,0.0224496160290203,0.38046848688459983,0.3487810783365556,0.792920764015994,0.6388847412946638,0.7274031196618385,0.6901116821022444,0.6707162077901904,0.7584967965904987,0.6296729790853371,0.6277955605813141,0.10917309623597794,-0.06392028019166024,0.3477206595653404,0.3028299607316379,0.3177934047135525,0.32122245131252086,0.015713862430460326,0.9999999999999999,0.6827083325717097,0.6963768629387667,0.6581055103423887,0.7229320736086535,-0.7744442592806514,-0.8363915459344069,-0.10466598427062407,0.3675617585584297,0.08982917468200888,0.17256871116110134,0.5007258133453039,0.5723319915301449,0.7166897178580239,0.46773745211281603
ROI_9061,0.11758201468361651,0.1051962223226463,0.28371196803318366,0.18084211334205996,0.3734015453505432,0.6838892345638966,0.12251856057176859,-0.12204582156120165,-0.0006158584776095626,0.6270994447587054,0.17856516245444576,-0.03611327037067081,0.015808063777225784,0.044648378794863275,0.4590697629605231,0.4003065471152636,0.13313007686183137,0.34946515183047183,0.230325227034902,0.10406928556391243,0.020639895271441423,0.4352415469942381,0.18837975855875588,-0.0968026205425518,0.3383208196000658,0.1477174862173761,0.22860758844503867,0.3094478117372045,0.156954986963542,0.08602965256004533,-0.03747957675451731,-0.0015459295591790988,0.24820965659876765,0.19743107588601033,0.279163121447804,0.36121768491297684,-0.05416248259612881,-0.28711758573015583,0.45905095171481863,0.6306049984609551,-0.35375145782665646,0.03723310003261445,0.28115350350257984,0.2775346374014016,0.2168988265092383,0.21487081525875718,0.2652969327869084,0.46098382125971565,0.1429760830097673,0.21892858297807558,0.22815918169087496,0.25453481770154535,0.5364304380975022,0.5889517056292068,0.5983160611804427,0.6438373918615937,0.22511618585117102,0.10731447065026158,0.19689757450759196,0.21904002085305124,0.30568996486999744,0.32243236704090755,0.1941620707878871,0.08644166629527006,0.14707909331142988,0.03263243994169496,0.24196069517673638,0.3328046664375736,0.2496695206756147,0.12186255441806433,0.47035832656143134,0.10466034975394689,0.0018383365351289443,0.18035401787935088,0.00284854885976132,0.26608195625267017,0.2907618374438902,-0.005720745053256494,-0.1520849528921845,0.3175671963264899,0.22580924124317214,0.30220286551229514,0.254758507414914,0.01766489217973652,0.25144314240788546,0.2275730136039492,0.7755216991805525,0.4226824217773547,0.6847895199332968,0.6626444692043563,0.8258615525118217,0.7943029365850898,0.9595722861408575,0.9373968099159132,0.23276542014010618,0.005457652044419109,0.3340898455238866,0.26842882254868783,0.26332882552263764,0.26687055785271185,0.19214829206261505,0.6827083325717098,1.0,0.973301091838643,0.8988886682414248,0.9470146715305924,-0.9148409558316696,-0.9069879050889399,-0.15593040593116306,0.479183656701491,0.05541961408652746,0.13800254138898596,0.563867286075069,0.8374192644217845,0.9451989903442701,0.5059161005109849
ROI_9062,0.09984920363095945,0.057046325340906194,0.26657182839407145,0.1731412593463937,0.4001330494959492,0.7119159757053187,0.11192544738182895,-0.15364337985672838,0.029793323229411132,0.6493717634426759,0.21229972035182268,-0.0368364450166391,0.02972172702834274,0.030899891509378778,0.4836132668789727,0.4006250253074588,0.11736631454881624,0.3211044174926383,0.19333985004327167,0.04417248625843343,-0.03198258108432162,0.41129386719982236,0.17996779306344857,-0.10144163887279657,0.3202273388839128,0.16815704261017195,0.27468305860828235,0.3313443992033716,0.12978351323634307,0.06698748534264101,-0.020418706491194566,0.0024239638256128623,0.22833845447239895,0.17175348950627345,0.22718612300320587,0.34026483477075453,-0.12860739569255067,-0.33504488451700914,0.4030816471987099,0.570652915736956,-0.4104872999749424,0.0004106619450026346,0.2448670058900544,0.2371172368446152,0.18056746242415353,0.18127038236801937,0.21295539710395486,0.41935274529167266,0.09593486780229377,0.16679827619182697,0.1959329427280999,0.20117849888100622,0.5283902705988521,0.5674798459172451,0.5560771570376823,0.6016194081131091,0.200737199858397,0.06296594361963073,0.1332145181399242,0.15310311381541405,0.29167784191385093,0.29063277148909367,0.1780086441149223,0.07107194107445934,0.11969410644618629,-0.00936537927697234,0.18725967863282114,0.2893731352520184,0.19616341841112783,0.06878278416821865,0.4912853615371476,0.10956975060490316,-0.019081374542024333,0.18061445060317063,0.03094800968238872,0.29348179926657686,0.2914835807185477,-0.009337738427963725,-0.20351130190649327,0.3015733103862503,0.20359910038136333,0.28270079960493,0.19548701884071396,-0.02554777940855015,0.2196221253250518,0.17405339755246346,0.7416501243703657,0.3783362606773817,0.6576100502299481,0.6306657677484949,0.7851460913619228,0.7877310817771118,0.9499306459687024,0.9357979498557799,0.1781399416630211,-0.0813387045423809,0.28616621560038213,0.2552225222710002,0.2122377329983278,0.24713676199479642,0.15004978176890485,0.6963768629387667,0.973301091838643,1.0,0.8638142345787236,0.9308118792125569,-0.8842554085090244,-0.9051987189945883,-0.07056557705453104,0.47303209558816517,0.06343683641557532,0.11532943478927794,0.5271032315248115,0.818155318938072,0.9262696851814053,0.5507585247448044
ROI_9071,0.07041950001452062,0.043109604518068695,0.2866029807359474,0.11262469197145486,0.1546338950483651,0.5503383469824666,0.11401301003018637,-0.07765777676403554,-0.13245067035920874,0.4981209405020555,0.14609018514112393,-0.03554166155782551,-0.015433124973405403,0.04182931204700439,0.32772881576789925,0.2847810229732329,0.1264594257172437,0.3973243840594108,0.19911625659785853,0.1636756912207963,-0.007637739318222832,0.4803270502630845,0.20530901199187138,-0.1306512823840471,0.2356573125803464,-0.08445835630680562,0.002364393369423257,0.08758658736678127,0.21110310684418496,0.14981928463944558,-0.10255707670047054,-0.00934583417702035,0.27824216562162535,0.2349150141704237,0.2772093455934025,0.35970342366984875,0.06586057111778551,-0.1617702719741522,0.5473087893957277,0.7119738661765984,-0.284005143871887,0.13409173959870693,0.2936218113235679,0.2892017180752184,0.1944343611322363,0.2053665946682286,0.29736773690360024,0.47637020259153806,0.14643559536361367,0.18433377471494158,0.20140086713773495,0.24603841375276417,0.5105564461148067,0.5701413678175661,0.625532887831333,0.6597303431030217,0.22785347345720977,0.08185831041207167,0.22646453828788277,0.20419191993662675,0.2423419813252334,0.2662928359706637,0.21272896707715025,0.16132418164539186,0.20283514052290286,0.08911866938057353,0.26748072149484314,0.36081000276469194,0.19943695185155003,0.15160381122117672,0.43718206498396844,0.08769933159630706,0.10027998460210753,0.20248171980559937,-0.05899299428088206,0.2541030743123585,0.4309767374503291,0.0993514080138277,-0.0777265710853501,0.3691496703938071,0.24469645667635406,0.37524662239324935,0.3692134877651984,0.16901831236135728,0.26519526214782774,0.32178114536510294,0.8171828446767195,0.5599098792302327,0.7187341502907567,0.704187627840177,0.8564129775887931,0.8202205127685325,0.8747289789174459,0.819486200410896,0.3415954793740028,0.19664487352867577,0.49086825812018325,0.3786891541943185,0.3858816831435438,0.40200409630243444,0.16477188393138095,0.6581055103423887,0.8988886682414248,0.8638142345787236,1.0,0.9586188500929508,-0.8846832483028328,-0.813296080304323,-0.15034926261823836,0.469705795114032,0.14955710169873285,0.24115175746569006,0.6282676446503089,0.8562492497427157,0.9453832666639408,0.5792757272180993
ROI_9072,0.08490730738930478,0.040800946127190284,0.2687085899267181,0.16468225329011238,0.2769486993415421,0.6385218370558079,0.11744135500454508,-0.13865645551807892,-0.06993568624586322,0.5883271291087658,0.1577658085023256,-0.06183964545441138,-0.0024473567447316625,0.01972490094729816,0.41754577331331816,0.35585602178353437,0.11966763587801602,0.3534192931290313,0.21018827208660654,0.11246353434468721,-0.0021118769123676983,0.4847269736115579,0.16374383180932778,-0.13111550820210532,0.26228559514522043,0.007927243989867733,0.12144503450881484,0.17433146779124864,0.15990190734088064,0.10432910390183806,-0.07808970152209942,-0.02973826749215564,0.25807633018091136,0.21470852322566794,0.2432933531180027,0.32722881378963115,-0.018416633534168447,-0.24727509119012067,0.5204421975501262,0.6899823621955123,-0.3231715794720689,0.08643412265552303,0.26660965356428684,0.25675431121523723,0.18141020619505907,0.17962037992080307,0.25248642304076846,0.44234916921696965,0.10988621957659307,0.16999679767298598,0.18399134289962493,0.2051490437719401,0.5388343484098622,0.5844132694682873,0.6059856770374795,0.658529906255619,0.210114281193738,0.055949401719113126,0.1693388192653113,0.17796711524703665,0.2718446294705226,0.32353386279144775,0.1957161283186857,0.12059863075492865,0.1705007774223497,0.04856720115367633,0.21992237074027499,0.329235276260458,0.2069311357225847,0.09400264193347757,0.47698830968584327,0.09309463917792818,0.02024404764947287,0.21425096620762965,-0.012641399889364214,0.27633328431663895,0.35900613668758363,0.041022833842455766,-0.1324064003868753,0.31897174348590873,0.23058249905401954,0.3393398165387022,0.3220647989238194,0.11303113903134777,0.26578663075298375,0.2764657434675509,0.8428031803265232,0.5282421410725948,0.7367249144006575,0.7156209622068911,0.8353267940829042,0.8295634636638327,0.9099561663865182,0.8650687997981357,0.2967308680711736,0.09338561991226903,0.3959319446226454,0.31430286818096737,0.29940768983090943,0.332705169387104,0.14892751445213492,0.7229320736086536,0.9470146715305924,0.9308118792125568,0.9586188500929507,1.0,-0.9150845737923595,-0.8881863608661936,-0.17714166872676293,0.4581422973521658,0.06943147554833944,0.16431138562722167,0.5875881030563925,0.834963205302623,0.966253658339227,0.5674858276238723
ROI_9081,-0.17716067644550942,-0.15956341998562643,-0.29218937070381634,-0.21950655752923007,-0.36965202014866333,-0.5609265597611351,-0.18135637831829157,0.08355964943175394,-0.006230058467326751,-0.5431171270121138,-0.1952461314185669,0.0017136659714915225,-0.09447369304477014,-0.07776663330822721,-0.4447072188752587,-0.37181805640977234,-0.22386118735454713,-0.39851025093136444,-0.3019277428154248,-0.14302607015357705,-0.1679115969385532,-0.420425830428198,-0.15616336754346116,0.07742030854588756,-0.3210312870907477,-0.07659888172535381,-0.12656261841510313,-0.22694851404827115,-0.2201301923553208,-0.13048655640100965,-0.017976178818140665,-0.02303956157021309,-0.31921805408516063,-0.2660502727311645,-0.3635431475008361,-0.400337363087247,-0.05457747734444644,0.17518137492869337,-0.5789324180061708,-0.7342501158876684,0.35063071402819884,-0.016809662991056587,-0.3599107660437025,-0.36644195864850637,-0.30105435549552456,-0.2908459193682267,-0.32003331666160606,-0.5066543718552786,-0.23528095928066609,-0.3046618726868226,-0.3173293309383055,-0.36641095038463506,-0.6039105869127396,-0.6650048753357307,-0.6685521088986198,-0.7356467093389882,-0.28661903821090495,-0.15131853384169622,-0.27888586532181525,-0.2899417829378763,-0.38126829812556173,-0.44793098481268573,-0.31746581251818584,-0.20707745222886131,-0.3113398764798779,-0.23160268940749532,-0.3499507586152049,-0.44577972722118425,-0.35832142171078096,-0.20265314829813968,-0.45332308539319777,-0.1832003836106591,-0.08474390273872276,-0.2681562589062151,-0.08655921762014504,-0.33907242176425884,-0.31008547976004613,-0.0966290308430967,0.10206070703089445,-0.29530344664907,-0.26396621418663996,-0.33494893704330897,-0.1917288791171515,-0.0607355090470803,-0.3758276399697854,-0.39122193703235064,-0.9126497738551543,-0.6473865977985619,-0.8168195742657826,-0.7738982229926881,-0.8668102922816072,-0.8268450131565115,-0.8728588221432095,-0.8371808747608812,-0.2023156511447804,0.009170232577835469,-0.38968013798835416,-0.3104954712053161,-0.3517313621613625,-0.28518052282403217,-0.1556042753115416,-0.7744442592806514,-0.9148409558316695,-0.8842554085090243,-0.8846832483028328,-0.9150845737923595,1.0,0.9555979581117635,0.0545365215184404,-0.5093724792176899,-0.1240558453278229,-0.21421622822908393,-0.5976204120545049,-0.7880280551049423,-0.9155289137682141,-0.5126439718203988
ROI_9082,-0.20962652863570821,-0.16339179350483649,-0.29898008579302626,-0.25766207675141234,-0.4460517005001683,-0.5970436701417391,-0.1966321875130876,0.11646943690656464,-0.06158643863014908,-0.5873923313280065,-0.24866964296701027,-0.0032628964792841505,-0.13596564332611172,-0.08823618138457702,-0.49835293055588015,-0.400320705386088,-0.22787975413849326,-0.3593602462904683,-0.30040859108015217,-0.08211826052640171,-0.15374597523172626,-0.39439699872755996,-0.13940569297960403,0.06755985017402281,-0.29921642247893204,-0.11504447014888572,-0.2116023999718166,-0.2704182253189505,-0.18146744992632924,-0.09881433962548801,-0.054497087424491754,-0.017002335732140498,-0.29180239481402725,-0.22787324992965058,-0.3020123714345281,-0.3479342980066229,0.02525995426352653,0.2279861517510175,-0.5230079180729784,-0.6785022804460166,0.4048486291930753,0.0088884703403285,-0.35587993262329803,-0.35315765361426604,-0.2875387508535594,-0.2734887958742617,-0.29346263243259757,-0.4889332998719311,-0.2281239959835903,-0.3112472944963102,-0.3440885078398008,-0.3528383707156846,-0.648911845058564,-0.6918042515965435,-0.6379892733650541,-0.7220696005053301,-0.27505442842399525,-0.13179385108744146,-0.24165152885179828,-0.27744842433116995,-0.39507845130583574,-0.43435560889575636,-0.3012998773426278,-0.16332349516893596,-0.273243937574831,-0.1820730359106731,-0.3143702491270177,-0.42122271480580936,-0.34687581284819285,-0.16358633199976266,-0.49939250227938653,-0.21365800303382987,-0.018109603585511905,-0.27708881927569806,-0.12886112814354836,-0.34805991073017767,-0.24395814690366902,-0.0547120463592419,0.1613066088047265,-0.22739065048282506,-0.2492464044130021,-0.2914039679778037,-0.1346959551028736,0.022424133417768045,-0.3837464559577063,-0.3428295346256119,-0.8804345542073925,-0.6009878451346559,-0.8030472385194612,-0.7612122240017578,-0.8170264502325973,-0.8429792878423349,-0.8597357112106682,-0.8497199816020143,-0.1411553582260403,0.105446879999059,-0.33678779913785384,-0.2874813687368216,-0.315209747292153,-0.2750171286049091,-0.10389673927432175,-0.836391545934407,-0.9069879050889399,-0.9051987189945883,-0.8132960803043231,-0.8881863608661935,0.9555979581117635,1.0,0.054063314605051434,-0.4724833999436976,-0.12206115915443129,-0.2001222793983515,-0.576814961992907,-0.7481453507292748,-0.8876717980209486,-0.5061855025898195
ROI_9100,-0.017157672853917706,-0.07149814964263215,-0.02489269765158516,0.014838509159649724,0.11503281159441928,0.00808658085431878,0.04332673300332085,0.0663868914851873,0.1580541776117328,0.02597130338546051,0.23884416164931888,0.2040776817790856,0.1919033016842078,0.1179204626835386,0.09172810508842258,0.0768914184289196,0.18308995302484105,0.06754233938103968,-0.09030112534969177,-0.15398247731110865,0.04668657056238452,-0.06622864940688865,0.06025909836654347,0.0748193929995869,0.01083507328303254,0.08147682356169662,0.06138058205711024,0.029837002627928468,0.19307997023804976,0.17288815550425363,0.2427345483339805,0.17982955219974386,0.014171927546856155,-0.01339760947298496,-0.050421867356435474,0.01904306346589839,-0.03176015925965253,0.08183518370996906,-0.2277146602330703,-0.15331553161728959,-0.3369767307628993,-0.10480771032819293,-0.12156426808623398,-0.10243883521934145,-0.06738546781393905,-0.07038220689654662,-0.20080886950997143,-0.1328847288425285,-0.09925153988639104,-0.10191546972553249,-0.08330716664842845,-0.0707380051252596,-0.08908637587416729,-0.06166870168499475,-0.1290182028890464,-0.1104865226302423,-0.014349096913506793,-0.09810591813128997,-0.16136992985815346,-0.19686342053720432,0.09131041728937314,0.04950199158843312,0.10825516793917757,0.11687811790025919,0.03375016625745595,0.14112842178197266,-0.1035219174616026,-0.10532767038153716,-0.09603646992076509,-0.11692746915487237,0.12860840045358687,0.23662108326143316,0.2079381017366428,0.19362360792181446,0.1234342887867446,0.2091589652198692,0.12592539207512304,0.18545003473344032,-0.10519747997926462,0.008004396429949885,0.013535334463157628,-0.053104239922214365,-0.4075994901772651,-0.2150588880670893,-0.007399325586634526,-0.007164259346207243,-0.07857523005738584,-0.0967409181896608,-0.02277839690311444,-0.028708740237907218,-0.023115917346587748,-0.04519829861492198,-0.07123265334064534,-0.09016974818552163,-0.16090233035054444,-0.3121757157547357,0.10458237668920245,0.1024454048845497,0.0810394759600649,0.05792804213781637,-0.10212663554948444,-0.10466598427062408,-0.15593040593116306,-0.07056557705453104,-0.1503492626182384,-0.17714166872676293,0.0545365215184404,0.054063314605051434,1.0,0.286703599294465,0.4412988378026094,0.284645974425302,0.017777747060348563,-0.017633487965798212,-0.1235398743320561,0.181416404355222
ROI_9110,0.15810480692914436,0.08616171946805734,0.29214293493155624,0.28386443508169196,0.4128575730191581,0.41121604672346346,0.27885663925538345,0.09627692033032957,0.31437807428912773,0.459545145238343,0.36279405685620836,0.15701870274840732,0.27367776655850756,0.26244096841695647,0.5057005902228369,0.45939852225131633,0.4383383385463307,0.48678938484966316,0.23370337480906941,0.11620197536139663,0.30281332058008253,0.4035537145194727,0.2583941074749769,0.08859560508755192,0.3903596841712744,0.18430151448098436,0.20927443978255852,0.18746280767330892,0.5346249251864331,0.45249645380371806,0.3436611588929052,0.3007453237613503,0.3220856874732682,0.2939600905390515,0.3928301143413321,0.4371552270091863,0.3453548981294008,0.2708392859246915,0.42451329772370516,0.5084530055039256,-0.25023107964850666,0.04175330790304787,0.3043766462435912,0.3304417821030877,0.25525532521369704,0.24538162095155172,0.30161032341179567,0.45057669051696325,0.2266062157194012,0.31215708021874394,0.2883602632840939,0.3615308363211078,0.4319459867935362,0.47712460374968707,0.5080581260196776,0.5528933963504,0.2448048141710057,0.11549453201623913,0.234302439151698,0.20046049740446784,0.36016164471222223,0.33063244416367593,0.4032648311005147,0.27460422361671066,0.28017843839995926,0.23989726017875013,0.310538811588929,0.3765079782837162,0.2778619630777836,0.17390006347397602,0.5549155885666569,0.4705790019889618,0.45094515929774825,0.5633276061810786,0.33074660935219213,0.5628088401386623,0.5991328508967589,0.5096868810618879,0.09884487970575842,0.46324236607062375,0.4437021883438803,0.3725454272593584,0.14591242257707693,0.18470488321839934,0.40979024898915195,0.4179317732439378,0.47032471793486863,0.2828772792975323,0.5496232090216217,0.6135730223006821,0.5855669809296984,0.5574406440395837,0.5118770395771771,0.470094675831213,0.4097177517294989,0.13364390936266513,0.6394960817554626,0.6043825957607397,0.48922453734352095,0.4282872369938294,0.03194511281691697,0.3675617585584297,0.479183656701491,0.47303209558816517,0.469705795114032,0.4581422973521658,-0.5093724792176899,-0.47248339994369765,0.286703599294465,1.0,0.4912731125645977,0.4389369431566652,0.5549361563668174,0.5574783657967476,0.5373333402599403,0.4354223747930628
ROI_9120,0.07258026744071885,-0.03721563517352967,0.14704935802479915,0.112340215689332,0.04839648230076864,0.018506108031398585,0.17798420894179895,0.12220662386632658,0.15366597348653696,0.11814285125045805,0.36893353586950267,0.18229315553407038,0.26572560917853494,0.2178497993256163,0.19694762233414148,0.20025128109421472,0.41369604809369365,0.325010025917329,0.06043992687919586,-0.008046338829816356,0.12130492629464526,0.23985841233834912,0.15350608134831892,0.05032079283067637,-0.02650120575905952,-0.15238185787186304,-0.0559690578295255,-0.17823322087583557,0.44408451646890845,0.480409361387887,0.28054117808490037,0.1695836089541701,0.1671358144395851,0.175270930442908,-0.0037607228708975114,0.09356390531260499,0.3293892131224915,0.3924678832377594,0.22952716800289497,0.3623960931047686,-0.2807377852417794,0.4509955612943936,0.18991358164442548,0.20070537661320856,0.05409841300629154,0.11450361415303631,0.1636529224005472,0.2555611590857121,0.12025713225722237,0.1682060330722248,0.22755775118220053,0.2495839538164605,0.191599552203216,0.23213878252932568,0.254849606473987,0.2699202908678324,0.0999777234528324,-0.017740915521375796,0.11845759418946993,0.06466912144523189,0.16154096588540015,0.09445731578353113,0.298620946055869,0.26867216659645043,0.20695391156619025,0.23849728955718968,0.12447772421937689,0.18725012804858965,0.03267105884509065,0.055626414160201434,0.27809912185185176,0.30193064098997974,0.3658356188944137,0.38308080272986716,0.20356684932655442,0.2887084320635003,0.4257887101393821,0.37209930048523737,0.23626024136887808,0.2328445998248187,0.31341704500135886,0.1336590665403593,0.10428996267698855,0.09698643690795875,0.2941462512183409,0.34344381471290636,0.15720039541212388,0.14335402013908863,0.28764246304384294,0.32533980054278233,0.3090668760726436,0.31016781523193954,0.16044426252797567,0.11640687778972932,0.37684894120884893,0.32907573487134356,0.6351055257446141,0.6353025211650105,0.5775642882371266,0.4736944383195708,-0.06038782913063873,0.08982917468200889,0.05541961408652746,0.06343683641557532,0.14955710169873285,0.06943147554833944,-0.12405584532782289,-0.12206115915443128,0.4412988378026095,0.4912731125645977,1.0,0.880584191660431,0.47714561401278666,0.3256262758332114,0.17869686776540242,0.2817154065792382
ROI_9130,0.10557134988456195,-0.02758214895973402,0.14657256425133317,0.08451081806833047,-0.04761864214878356,-0.0568053081182007,0.1526772915074893,0.06855072897861271,0.0298878140806841,0.04787054464585805,0.2950857840434076,0.07619620229215804,0.221988178964564,0.15022625490180808,0.13112204056654883,0.1259242426251009,0.3124566684973852,0.23997749462307155,0.1275256087875996,0.03530011526430542,0.14130677525687987,0.28229881719318495,0.08592343066156954,-0.022521276281521965,-0.07807162535552481,-0.2820139044422492,-0.18607281113970525,-0.27535655447472546,0.34381084488152464,0.3579977930928603,0.15469222896569956,0.05185883415861419,0.17399567875976363,0.17821191721122567,0.09310570097020693,0.1354761978057952,0.39366215480532474,0.43679044099916675,0.40443335030498356,0.4700002067475197,-0.10201251809785226,0.47160902753247225,0.26931470371624916,0.27977136228398375,0.1048299117618067,0.18445715617058145,0.27440911958223213,0.35982831317122377,0.20828089363169436,0.27507699176497236,0.3447459861254919,0.3578144556651875,0.27706304961604483,0.31178329819930095,0.37675043244109585,0.407330975079314,0.12172469422399512,0.0024734172999524894,0.24542029178959382,0.2041690526687331,0.20848327238264644,0.17714669352005885,0.2902925896802464,0.23639267660123403,0.3005724140304032,0.29781684361821137,0.22566373423242417,0.28823936937091843,0.1442046555959043,0.14448826275202617,0.23452877466592212,0.23871113665247753,0.31445468097292695,0.316550485073487,0.15860089430703078,0.2345655535673152,0.4359531325344596,0.3587308905068687,0.22944909896192106,0.19105158544600379,0.27127570923447664,0.10588796735961066,0.20596408166584346,0.12748661665057104,0.37171758603777844,0.4140910831692743,0.2751918866745498,0.275058086802871,0.3834991233384023,0.4442956176565801,0.44422009277764124,0.45289842252683093,0.21669580602041702,0.17182085324127822,0.49419341064539163,0.43390537200766316,0.6891122882289334,0.7212386502606023,0.7513140636393634,0.6363228706115307,-0.06149538809557492,0.17256871116110134,0.13800254138898596,0.11532943478927794,0.24115175746569006,0.16431138562722164,-0.21421622822908395,-0.2001222793983515,0.284645974425302,0.4389369431566652,0.8805841916604309,0.9999999999999998,0.6443811395724528,0.4318032839781201,0.28410865295613263,0.2602693659758519
ROI_9140,0.1416740601960587,0.027299759083824468,0.19483274907313206,0.10919285682784254,0.08623954346595804,0.20443562082208983,0.1272594447522528,-0.09972391492796845,-0.00798144421107447,0.27462479144733454,0.21687791098552706,-0.09523855778693689,0.10240585595385461,0.0468332290982316,0.25055386686975706,0.18706310350557173,0.18173218162597074,0.24584149049463752,0.24250853161091326,0.12153575064590064,0.14538714859670374,0.3311155579838049,0.018148009635724324,-0.20517515563394143,0.04654827534923726,-0.23224417136766923,-0.10716399296646717,-0.14544917566713617,0.21185695388886272,0.09871747226777387,-0.03910322053557919,-0.07936381764513868,0.238903921749404,0.21716392803805934,0.3521161420165254,0.31214644838821226,0.27251087584837214,0.22111875038415565,0.5574393502097823,0.6383005527043101,-0.19769145783042852,0.11859925044453783,0.3896074728052365,0.4007386647106066,0.2510135021475965,0.2985354127652233,0.40202786639699417,0.5850579227216868,0.34640278349565734,0.42404277206696106,0.4733179153950228,0.4874653508956944,0.5596165916206691,0.6089190348355317,0.6577905118081305,0.7305550143675711,0.20193656951661595,0.08198054556872812,0.3785054934538897,0.3439535635854469,0.3339165166281922,0.30510943104756555,0.2838930859131921,0.18615473054012088,0.3681400337198513,0.24304171501003688,0.41321311572717423,0.4850406692218256,0.3559693620033377,0.2537020732068529,0.3743883972769822,0.2426630954820298,0.2212005317464077,0.3272662682159982,0.14358470669358778,0.3532822177224386,0.5133445498948321,0.3824905011869354,-0.05336555836861922,0.199134497494992,0.22065638452519828,0.19106588126213264,0.20939651428844008,0.055517001316682135,0.44317371779415266,0.44914242895116524,0.6369815724166918,0.46467935536843713,0.6901018447675459,0.7538137869196995,0.8066640459175495,0.8045620786119497,0.5766058607157687,0.5212721242055054,0.4228439572112423,0.25137047628787856,0.7543501456019024,0.7349131278819341,0.8193821767848007,0.7701827520909573,-0.03912431399967693,0.5007258133453039,0.5638672860750689,0.5271032315248114,0.6282676446503089,0.5875881030563925,-0.5976204120545049,-0.5768149619929069,0.017777747060348563,0.5549361563668174,0.47714561401278666,0.6443811395724527,1.0,0.7792911624461004,0.6832671331133521,0.5720556566066701
ROI_9150,0.10964150982836447,0.08465324298545818,0.27141809558354985,0.13302278831817366,0.16370706571007804,0.4417058368314872,0.13645977848116086,-0.02640304478847799,-0.007636681554055016,0.44696288316088584,0.19098846091687488,-0.040639001291613554,0.02708582490787728,0.05721406816104783,0.3217427931884438,0.26590761404112523,0.14884052353926033,0.32770817553336734,0.23711418450670055,0.17122099852587597,0.02786944611726877,0.3699814956145547,0.1746357410158409,-0.13587947467277975,0.20044090241383258,-0.07673777460338413,0.0010307158359081899,0.051881671041438225,0.22824076807317883,0.127999464026372,-0.03233059671766095,-0.0016712836405896566,0.27510901062588333,0.23875208123811695,0.3262111333083615,0.373819899557498,0.12446777060834699,-0.03232144078503699,0.5021796293073268,0.6273107731306851,-0.26010563878604837,0.09452401648762443,0.3384186668591412,0.3405962967651989,0.22245851978243256,0.2479045539125505,0.3405189891081137,0.5203863001274316,0.23259181313195723,0.2835876056507681,0.31495733758017513,0.32979492859144144,0.4796627882434212,0.53996944980114,0.6171281375688882,0.6558589809291103,0.21308035721445612,0.10190918686436684,0.29034338175904917,0.281872261281578,0.30224428582325286,0.26687780263074334,0.2386334990742368,0.17947806447392692,0.214274541389506,0.11572342540521306,0.3272580040143114,0.39615590840605597,0.2533956879324091,0.21439061462888925,0.40417218475465616,0.15049512553300917,0.16402057386051477,0.21752187705935297,0.08056607139172167,0.3165644564384585,0.5077149703926445,0.2601783830504659,-0.07658013226934106,0.31341347460246105,0.23653751409179744,0.2661408671574242,0.2681684288159237,0.0605039248439489,0.267709918818071,0.29493863334889636,0.6697859158210728,0.43992560811413867,0.6478903422777819,0.6832025442782453,0.8621295099271642,0.8526664616924197,0.8467429933409599,0.8330096754195273,0.3545531445346391,0.1728449515290153,0.6060836747756017,0.5507947297623973,0.590925201060516,0.5712870938887525,0.14126433221485857,0.5723319915301449,0.8374192644217845,0.8181553189380721,0.8562492497427157,0.8349632053026231,-0.7880280551049422,-0.7481453507292749,-0.017633487965798212,0.5574783657967476,0.3256262758332114,0.43180328397812007,0.7792911624461004,1.0,0.8991671851060583,0.5704280959327662
ROI_9160,0.10874909484548297,0.054349392061183305,0.30249285306263507,0.18130135614478413,0.26816425918783326,0.5977757411288106,0.15367451911112806,-0.09884955545120785,-0.036969975539527765,0.5743720309876966,0.19838317615251785,-0.04406890394413497,0.036145868227129396,0.05272736892898455,0.42047542662918463,0.35771910916647043,0.16634116649851144,0.3784658913836837,0.2382780062166807,0.13023293769067798,0.016363659820669174,0.4632161231048072,0.18429452251134057,-0.11492367070552172,0.24783186176763836,-0.015200267272347134,0.09539017921108957,0.13467048824857258,0.20994339107437526,0.13201082650666354,-0.039367585239699854,0.003707109915391268,0.2968313218417665,0.25201779866623336,0.30194726078944734,0.37979623359919035,0.03975439182865613,-0.17477795286040254,0.5678463050713276,0.7195180159111229,-0.322668699374062,0.08649388021984923,0.31900030573951005,0.3197465801229139,0.2202389630811029,0.23092406589376432,0.31285154119067177,0.5159471023667622,0.17034807325797782,0.24250579508550324,0.2681936261087349,0.29824901732604314,0.5664128988196057,0.6158943973187542,0.6611908141336327,0.7123020897798942,0.23432663480567772,0.07417855751054221,0.22387402577376378,0.22704609259357447,0.2955422286360741,0.3268863784107005,0.23398164675862895,0.15284072283684333,0.22387884452491696,0.10045190392074492,0.28336503394060375,0.40155846664875605,0.24954365496325037,0.14800480433517493,0.5059568315106185,0.1551084851558219,0.08909510215680544,0.25454553984252887,0.04159109811523145,0.33906136591791025,0.4562449784733061,0.14856583191351994,-0.10807434124845593,0.3492501073518233,0.26436360079510496,0.33304973246372616,0.31166769886381535,0.08539029704612949,0.3071017268965124,0.31754857758339083,0.8351734563205647,0.5285451099154617,0.7604297764151459,0.7519017785252733,0.893276682936947,0.8779471596968216,0.9238214788593739,0.8775149701254165,0.33863782454226454,0.11107610718398873,0.4847469344916093,0.4257781617779562,0.4350566223927169,0.4383243512094776,0.1357084409307928,0.7166897178580239,0.9451989903442701,0.9262696851814053,0.9453832666639408,0.966253658339227,-0.9155289137682141,-0.8876717980209486,-0.1235398743320561,0.5373333402599403,0.17869686776540242,0.28410865295613263,0.6832671331133521,0.8991671851060584,1.0,0.5986684232736579
ROI_9170,-0.22680646807209728,-0.3867006360095747,0.09032289748516846,0.0654108964384095,0.1473387645221102,0.4313878809575342,0.032883416579445976,-0.22677243811150627,0.00882522906055555,0.44076136800842775,0.10787396071830296,-0.21419989947007273,-0.10437538053050754,-0.1594027187466612,0.22061528978371722,0.20128455178477753,-0.09298045525676596,0.029527012572854304,-0.08545610077346205,-0.18988977593686976,-0.2069926785320208,0.1834178354885122,-0.0084442701195543,-0.21602761450053942,-0.15813194454867494,-0.16144997897518107,0.051325723335258304,-0.07316125151665538,-0.03905292160785178,-0.06821135270709681,-0.09868408001689012,-0.06309786004051637,0.08067116716256045,0.06061552657874302,-0.029350107603286185,0.06923560635814074,-0.2061732857739633,-0.26064422079032945,0.26061778397589996,0.3045144470524885,-0.5183919478045032,-0.1078541815415943,-0.06636138513762523,-0.070777787088175,-0.139933757735013,-0.14390643501793604,-0.10393522188704049,0.131904744201195,-0.10987721103790228,-0.10624987077756577,-0.06745030567196665,-0.06976944521676876,0.25219739418751874,0.3125200397571214,0.27162927572622825,0.35360599635049456,-0.1733910246370154,-0.35188659322870364,-0.1486946971283997,-0.21014093985318366,-0.030004638303755105,0.030743812854866593,-0.0009384974484661137,0.05055809728503318,-0.03349669149797852,-0.09123888459007659,-0.00714538620865194,0.08471199121111975,-0.13816403939362343,-0.22983608440009276,0.502570819506433,0.2593007027694076,0.03984553425352381,0.27957819707402193,0.1197646894733307,0.3910297882537586,0.4997229982087077,0.262606982244743,-0.36289448369858407,0.05178174089392546,-0.03459457202611014,0.03781049204673962,-0.053832333219652986,-0.18664150438466617,-0.00934165315398211,0.013552249349359812,0.535309807888102,0.2048906483107827,0.48834794135192466,0.43137780602338277,0.6455299890595216,0.6334794077940925,0.5455624532338467,0.44464228785803384,0.15659989371976202,-0.050448315982100006,0.47860029101731527,0.40463657425940963,0.39055135417352715,0.5285708328741606,-0.12371940575295458,0.46773745211281603,0.5059161005109849,0.5507585247448044,0.5792757272180993,0.5674858276238723,-0.5126439718203987,-0.5061855025898195,0.181416404355222,0.4354223747930627,0.2817154065792382,0.26026936597585193,0.5720556566066702,0.5704280959327663,0.5986684232736579,1.0
