ROI_2001,ROI_2002,ROI_2101,ROI_2102,ROI_2111,ROI_2112,ROI_2201,ROI_2202,ROI_2211,ROI_2212,ROI_2301,ROI_2302,ROI_2311,ROI_2312,ROI_2321,ROI_2322,ROI_2331,ROI_2332,ROI_2401,ROI_2402,ROI_2501,ROI_2502,ROI_2601,ROI_2602,ROI_2611,ROI_2612,ROI_2701,ROI_2702,ROI_3001,ROI_3002,ROI_4001,ROI_4002,ROI_4011,ROI_4012,ROI_4021,ROI_4022,ROI_4101,ROI_4102,ROI_4111,ROI_4112,ROI_4201,ROI_4202,ROI_5001,ROI_5002,ROI_5011,ROI_5012,ROI_5021,ROI_5022,ROI_5101,ROI_5102,ROI_5201,ROI_5202,ROI_5301,ROI_5302,ROI_5401,ROI_5402,ROI_6001,ROI_6002,ROI_6101,ROI_6102,ROI_6201,ROI_6202,ROI_6211,ROI_6212,ROI_6221,ROI_6222,ROI_6301,ROI_6302,ROI_6401,ROI_6402,ROI_7001,ROI_7002,ROI_7011,ROI_7012,ROI_7021,ROI_7022,ROI_7101,ROI_7102,ROI_8101,ROI_8102,ROI_8111,ROI_8112,ROI_8121,ROI_8122,ROI_8201,ROI_8202,ROI_8211,ROI_8212,ROI_8301,ROI_8302,ROI_9001,ROI_9002,ROI_9011,ROI_9012,ROI_9021,ROI_9022,ROI_9031,ROI_9032,ROI_9041,ROI_9042,ROI_9051,ROI_9052,ROI_9061,ROI_9062,ROI_9071,ROI_9072,ROI_9081,ROI_9082,ROI_9100,ROI_9110,ROI_9120,ROI_9130,ROI_9140,ROI_9150,ROI_9160,ROI_9170
679.297793842122,736.5989307249436,727.7674766023434,766.0022058828894,408.6326988220215,412.05822434169903,730.9675422271703,744.5950295046542,572.9969222983535,567.8773031566964,688.8686306340908,686.1517182001992,712.3134324350243,633.5620517885154,546.1319793527992,473.3961216439089,639.7819177708919,695.4112108300294,702.8984686606689,679.4545764160156,220.57386277119318,222.4510731379191,755.8922006598799,785.1498355562725,515.8572783095674,546.5121220808762,405.1314803908543,355.3120911651188,663.0226055181251,683.8509884681231,732.7569961347605,719.1707740783692,709.0340016251904,677.3662565104166,553.7549306454866,575.4188824389354,519.0626314810194,562.4281092749702,384.0740710198879,453.0505880005797,458.3067476866675,529.6943202018738,557.0456749200821,639.660573950311,649.3916721343994,665.0216319881685,539.5244738277325,539.1373425497042,743.7098324683404,669.6862946060046,718.6526775114631,669.9533623325033,576.0387152085924,568.1472923989389,431.1061494795086,423.50214050600454,675.7868120876617,783.3307987335655,874.6868214947101,845.4269986895191,789.6954624341881,875.2973995764279,650.9781941171815,822.3966047184948,744.5592842671408,775.0429812444889,761.6570105434804,702.4540564015778,729.8598776653314,697.3538614346836,619.1767741710216,607.1054528345827,449.2917718799836,560.1926520541633,298.16295115152997,331.59013882489273,596.8888689885374,586.7585527728702,606.5030335771277,700.0208587646484,601.0206881409861,653.8073286764036,513.1728590742747,441.19875955708324,520.9368768849562,562.7346797093593,331.9185262511758,389.64060532917614,302.59122263345245,324.7981145374823,237.01525333336537,361.1482300981879,12.377028593543434,60.667491133274204,579.1506500244141,574.7759828729145,588.2953427946195,581.9954836746147,532.0331508937379,544.5149375896874,25.896650517408393,0.4317778912391751,8.445339014666583,11.106536603771175,61.097908874373374,70.01210733457037,103.69327741530206,264.0102984905243,559.8820134943181,632.427842018821,654.6272480599832,599.5394070782239,468.67909923254274,205.20846795512918,272.8958324591319,518.7545555377828
672.7450410196603,728.0480351303563,721.0143019486834,755.9409820131096,405.765934230006,409.8495069529329,726.1191464787554,735.7663211124501,571.9601900918143,563.3373204020203,685.8969013245126,679.1947777884347,710.191145306386,628.3987116408251,542.5465285327305,469.24731776140464,635.5698845307409,690.3193590031113,692.8774336891613,672.5199239501953,222.78323137180672,223.1906332651774,744.2152104508481,777.6960164630224,509.1371198424494,543.2025243738195,400.7132247587594,353.69531922870215,662.0910406472548,680.4595037766445,728.9914421421962,717.9612320963541,703.0890848192118,673.7099423556857,558.0730213994565,574.5418230539345,516.343670950062,558.3391755421957,385.39629729304994,452.72896794522745,460.4391029232838,525.0971295833588,549.7777433802211,631.1675377434464,638.3201451885999,655.3732637550398,537.1491069754293,534.3550537316115,734.1334323513893,660.9347714175227,711.414651119571,661.7850229236442,571.3674421780847,562.0021405126535,428.4350149855944,420.22059973952423,670.7428508645734,776.0756068168967,862.64405812867,832.2273152764698,782.1274543563179,866.645918861562,648.4080630427836,818.6392516540402,743.2154067309934,771.1124639631241,753.8805025122139,695.7532166705178,720.5287380339993,691.9814058588355,614.2622652998915,605.0333197234107,449.80193780321594,561.4246729070491,298.9952403635219,332.21132477236466,596.5616186173236,588.3655433496499,596.823347375748,690.7102693830218,595.4589981137565,648.4210838863204,502.4704688517253,436.3595011460781,516.57483267385,559.1421519190724,328.7956922306734,386.42529891802513,300.54684491455555,323.43550031091377,239.59980750094044,359.3289124642809,13.33145160547725,59.60700891805546,560.4782582600911,565.5512788416976,586.9157374352217,578.4340042873745,531.3275000885243,542.518547515123,26.06923773578111,0.4068548311375909,8.281532857343986,10.902390827035665,61.52536927105669,69.37110541670793,106.14371209715803,262.8099493419423,547.7730102539062,626.9732865767046,647.9591469988727,595.9737691758554,464.6201478172751,202.53902392742927,268.9426893320951,540.4995748585668
668.5413251604352,723.3321788961238,718.9865146686858,752.2345129522195,405.0388817010924,407.6730104514531,722.6925043624786,730.9762638173205,569.704806232939,563.1139892202909,682.5050171642769,675.8196271987189,706.3927776146917,624.6815056356824,543.6970678241692,470.2204832048629,636.0332190346379,690.4184715296343,689.6998311477603,671.4612614746094,221.81010358201132,221.66831897099811,742.9440318956691,775.8252079676068,510.9728469024778,544.5326834458572,400.3171123272806,352.62183777491254,662.4268094908516,681.6087097167969,729.3045905005588,719.4586221822103,699.1834399336475,671.06806640625,548.6615404211957,572.1330812752965,516.28983283358,559.1979487383807,384.012332573267,451.47331777851235,460.32721422539385,525.5542573928833,545.7983189045436,626.4711023845944,630.0733704075508,650.5823039004678,530.6580783749415,529.3592956516293,729.1028148528068,657.0665648389072,707.5029901531519,661.2923323134302,568.0795201870358,559.2161091449213,426.0617551992037,417.4883812703009,667.8815334023416,772.4729144766375,856.4179579403179,826.1597339136292,776.8462000042459,863.1804459457644,648.1134439170908,816.4281890774951,744.406178033174,770.3343737208565,748.3897625012344,691.2598401256662,717.3031621070425,687.3532657517912,608.8491056631277,602.0801077358058,450.2991870915124,560.7158919825698,296.24917303997535,331.4651300134793,594.2897175022813,584.3793490714552,600.1789031333112,690.9944566999163,593.1173607252567,645.026908010409,502.62369634628294,436.9029092754175,516.9886318883182,558.2764624602887,333.0377433047575,387.43079559811616,299.9488323210583,322.98725848857214,235.92017035247008,357.80313296839597,11.774873468880456,59.31814218745745,565.2578776041667,570.3059785487288,584.0684729162604,574.9178881753085,528.0978443640789,538.9215041069647,25.04405189937863,0.4235098372420503,8.343182354094983,10.840802297049335,60.39465118227284,69.50416887022796,97.05808982253075,255.87621596280266,550.5643421519886,624.8305042613637,640.9029114998427,589.7223966574367,461.73974800109863,203.3530471867375,269.00217029542637,516.3976956071525
669.387731811091,723.1734966894593,718.3546039431614,750.2209066451783,402.9105608119521,406.31782227328847,721.629122292599,729.435495241855,567.5490049367048,560.6349896642029,681.7706015982279,674.0871584332178,705.1047848526446,622.8344741620516,541.0821063970749,466.06559150479274,633.1924013255332,689.5369519965593,689.2850789037244,670.3501058349609,221.10699376795026,222.6276887257894,740.8748637773258,773.2520990220327,511.16296766191255,543.5275858575171,400.42036711972065,351.37782980336084,660.7113004360559,678.4168076503424,726.3638586810255,717.4698806762696,699.0962391222938,671.0500600857205,549.6620306927225,571.8234135271555,517.246505602866,558.2255259619819,381.74722723875726,449.5625493767556,455.9518054899622,523.5080780982971,541.6419243225976,623.5466267373324,626.6288941504231,650.1410933488991,529.8483627532139,529.1481850330646,727.8538901544387,656.3070830571686,706.5856343371221,659.7461091584603,566.8642199392276,560.3335692087809,424.5637390710956,416.4750231797098,666.5392266197247,771.6371717508192,855.7424226764983,825.4496136176876,774.9859186056386,861.389174378034,646.0793861132514,814.3492500085399,740.4768433072674,765.0459745607943,747.4981443983785,689.7110893291956,718.1166166074717,688.383216478548,607.6021774910591,600.8476190410677,447.848399521014,559.7486938212342,297.17722652269447,329.99248665823063,594.9517156882364,585.133177318019,599.5563322026679,686.2534081595285,592.090716044108,644.212021218479,507.10417395591736,435.8762041493257,516.7626997567484,555.0412862137852,330.2536697240437,387.8448505642612,299.6423896555789,321.89244046670757,234.74128937199302,356.239715145727,12.465923278851228,58.51785730171135,566.4113057454427,569.2397740250927,582.726805836428,574.9895201462966,525.4065218918196,537.8159562089916,25.12894182978504,0.37785531737048317,8.209185512821724,10.808492115022714,60.25095003807886,69.50064439348556,100.12416539672348,260.832546710968,541.8172884854404,619.5362493341619,643.563362275194,587.1323889237416,458.31424355974383,201.32136478771767,269.8623912623434,508.2616598195043
669.3073297385764,722.8713525521634,718.6832450658047,750.9621676524797,404.0572266689567,405.63063108175993,723.2027338650729,729.9896499958444,566.9642270925094,559.0576184948936,682.619372732271,675.094210440015,705.1852307066091,622.7036885018291,540.2070800214265,465.70731355564175,634.027049132433,689.0393464604881,690.2896847779723,670.2862314453125,221.86067428853778,218.38003845214843,737.8916253699541,770.8762590620253,508.9408460237593,541.4493378859299,399.43554847675136,352.59376401371424,661.3524623726898,679.7485493977864,725.5111303054128,715.8504535929362,700.5879170046014,671.2336866590712,548.4781272556471,570.6869823042168,513.3267733536103,556.4912155292652,383.993639677763,451.26592218920536,458.2784086133613,523.9574818611145,543.699484813781,624.4282410969666,629.5716514892897,652.3018490306118,533.0696197856556,530.8218912511438,732.0348581621723,657.7662932274977,708.7301624941243,662.3173840175452,568.5814544609309,561.9851966371723,426.4314739610967,418.8138153744212,667.5073216115527,772.9333603426262,855.9749177145907,827.0354746233455,776.7899312691067,859.2861073811849,647.8961463484925,816.0191305812003,739.2964728056495,764.4935598755376,746.7838260093432,688.9087782105087,717.0407813005387,689.4442474196629,609.0924708048502,602.0031944962799,449.434305733497,561.0798931039257,299.50042249154353,331.78328393210825,595.3282827158444,587.5703793600882,593.9708200008312,686.0167857578823,591.4797122122227,643.7458368981082,499.6659869003296,435.11764627218247,514.4444196030958,554.3605902262902,328.63734108980964,385.16588322952765,299.7775011889171,321.82795728503305,235.70776208941723,357.03229043126106,13.206340451761477,59.0348062776254,559.541460164388,563.1009645623676,584.3355571459979,576.1043679077701,528.0830289923205,540.1268240781751,25.471116860299126,0.45812524361708373,8.237040134177157,10.74367621497035,59.78849022838141,69.14040464042655,100.53204206315179,259.67538323121914,555.4836925159801,624.2780351118608,646.4522692789168,591.3900121374975,459.1828089134366,200.30479758821036,266.36250815969527,518.1272372541756
669.2778760241224,722.1337770018914,717.4039962714123,749.5166370384246,404.461253161763,405.47852556620325,721.9921805015102,729.1313315014129,567.5598991926836,558.8547655637147,680.4201725905504,674.0243304661342,705.9038872170817,622.6377816760106,542.0888087761343,465.93548253984665,634.7279057073367,689.9753791961163,688.1861154841281,669.6833568115235,221.64641385277113,222.1004695892334,738.4117474604135,769.8758992089165,508.41401922016246,541.9571401575109,398.97396053925405,351.636396461063,659.3646960888269,677.5769453260634,724.7221937204596,716.321801147461,698.3837415404239,669.5057269965278,546.1875137992528,569.7948652520237,515.2077105686003,559.8283495019983,382.4707764174257,449.9082221127628,460.08736782386654,524.6966769695282,544.6372063387008,624.7707324999768,630.7583012036295,653.1871280670166,532.7542214157168,531.868656321839,731.234363137522,658.9103650207743,710.1425827644966,661.6093172576107,568.5903349393152,561.9737344629624,427.07463155377184,419.5879080978431,668.0011552892144,772.9313134186798,855.5286116466151,824.8783001497136,776.5661942722486,860.2843245225431,647.00074651409,815.9788396937366,741.7617859342205,766.7055127706947,747.0688576087523,689.5414191552429,717.4770365915481,689.1673435611619,607.6272289173023,600.2610673748079,446.46180658602935,558.0833005698728,294.73154814346975,329.9889221191406,593.2096869046571,584.3241806346846,597.5770484437334,686.3689520699637,593.0120855455655,643.9503571730293,504.9213366572062,436.0834949807326,517.8899588152176,556.7442062016565,330.52513726178336,387.0098782756268,299.8131414366265,321.30601903977356,230.28589121261152,354.68892622992394,11.724439341331298,58.88358752874721,565.246538289388,570.7694510767016,581.5899643590674,576.7902227893674,526.4885887359542,540.3113230772881,24.991422726653248,0.40715554504896756,8.268732151822343,10.638227208918709,60.19036291659395,68.97343712647556,99.22168510593474,256.5432348251343,546.4687999378551,622.455771706321,640.3355684216391,586.8798327868498,459.75107133154773,202.165043091957,268.1990787549452,510.7174819420124
669.6660362342735,723.7416629357772,718.4287010582959,751.4008586549189,403.9764786032743,405.32578249914303,722.5719846447411,730.8718881420378,567.0852796179908,560.9406291344127,679.6500509618744,673.8464887104337,706.0321795560075,623.9966781245552,541.3002463478354,465.9074792660791,630.4758935720434,687.467578723185,687.3850487603081,669.7604924316406,221.25436826546988,220.21655928293865,741.5911627600203,774.0473043956454,508.21551986514584,542.449174126426,400.34345034604576,352.6440454059177,658.809229490892,675.3313871407214,724.6822795717735,717.058484547933,698.4990528559281,671.1781094021268,558.2043460348378,572.6706440017884,516.0643737389653,559.4574559529623,380.5402885547706,450.8575312439422,456.4908417248335,524.0349020957947,541.9013102749983,622.4609557960836,629.7336983667443,650.276273069326,532.985293360781,531.2498860192466,731.0818049769248,658.3239124897988,709.2341694236569,660.4487152195552,568.9813155443679,563.7451267242432,427.07996094756186,419.44687455434064,667.5078346946023,771.6654839432902,854.1374391757644,823.5415672889122,776.6915765115489,861.7698675359337,644.4553648222477,813.15931579998,744.669795022082,767.4922205599396,747.294589829177,689.6571201382824,717.2245598082329,687.0993062224836,609.0049192411406,602.7890175678691,448.66846795038344,559.7401433507085,297.3701843040577,332.1066320714816,595.8256687101771,584.6031906951018,593.2096771889544,682.8945018223354,590.0289108451756,644.3082613092101,502.30874227205913,432.1778210373719,516.3746337565557,556.2320900882638,330.07336603052477,387.32097695708705,300.4154630396515,322.1338124007377,233.82689636682613,356.9879605323573,12.589413957370668,58.329722276800716,563.4352793375651,567.9695336293366,584.0767578929663,578.252196091872,527.2981579030743,540.5477492092291,25.141983310024155,0.36862754250566165,8.144873139895813,10.774288132332732,60.55001298597709,69.70991626250188,101.09492507100933,261.74830798541797,535.0378695401279,618.3226018732245,644.487840076421,590.6818812889389,458.41566370047775,200.35892647354487,268.7082754770915,527.3393712537043
668.7526554616593,722.5162390024975,718.9785916649346,751.1374014972216,404.1527548412944,405.52673599123955,722.1666642991478,729.6231800095578,567.8520437649319,562.5539107088183,681.0648981109867,674.223332492889,704.9427601207386,623.3258364673568,542.072408007152,467.4096237953484,633.4398297495187,688.2608246153771,688.6990050100276,669.4822153320313,222.39742066462836,220.746182568868,742.3933022679361,774.4249133306836,511.8886019372191,544.5444397140335,399.4979347524063,352.76720926496716,658.9987950774859,679.5458561650029,728.1587324167486,718.0440924580892,698.1299265845347,669.7685004340278,552.9713081028151,573.6607666015625,513.5795074328452,557.728099822998,384.0233679626669,450.7718129104443,457.0550862296683,522.3873934745789,541.5609516397355,621.5706232441545,629.3502077777406,651.1780068637335,531.7447350596593,530.2506717801928,730.748037006009,656.9181034795699,707.8344471709302,660.3759751367857,568.3270363572467,560.1778970793182,425.68885867760827,417.6906239623524,668.9949427726888,772.8892863130679,856.0316728958559,824.6736986256898,777.4510638162365,861.014494466936,645.6254717625609,813.7375730899136,744.0473411901673,767.6392307487877,746.2471109325966,688.1499523990509,716.7407061339943,689.0944370670213,607.7958767349655,601.2590115343938,447.1776011055763,560.3828472451214,298.1583648902782,332.0184367005254,594.0447787925846,584.7979113313667,595.0516792459691,687.1852569580078,590.438332714797,643.0696269549142,497.8648601849874,434.62576253076395,515.9023370744899,555.9813775644909,329.42591530855964,385.9180766701268,300.2115047712966,321.5819328996365,234.10049470982725,355.04795023014145,12.72290093093438,58.40411143596856,558.9139434814454,562.9221770722987,584.8157158829272,578.6841705805575,526.28087804275,538.9066019781061,25.113274244242348,0.4013770425623214,8.221549237863254,10.715256227130885,59.423595138079534,68.5236780934176,97.96176193075047,255.828671651728,563.5732144442471,624.4727039683949,644.0624471574822,588.4526834608633,458.64108238968197,200.25096345137348,264.91235982288015,503.27866758149247
667.970302325072,721.2997082700633,718.0013628130719,750.1103262920303,402.01295317716375,404.73621405448233,720.6453524408234,728.6287812188331,566.0828267189921,556.2938108268331,680.8137406760115,673.3109587412032,702.2072264996851,621.802451917517,539.9090883530195,464.8127367762715,635.5023854332512,691.3760071561186,687.594984266493,669.434112915039,219.45102137989468,222.18371047973633,737.8741388857622,770.6782836005801,508.4384772415561,542.0575894366253,397.26643552832843,350.6787877877553,660.2261628384861,679.3281217221861,726.8518434459456,717.8085367329916,698.9139267226396,670.4324894205729,544.5752572764521,572.397803616811,516.9428418533392,561.0833960639106,383.1565726963537,449.75490597214144,460.87188170386145,526.045729637146,542.8094554836788,624.6943909703838,629.537643084619,653.1931391933508,531.3825299326053,532.6390273787758,732.1394285140499,658.9528889502249,709.9341341261699,663.3627625010623,569.5520810867105,563.4889205296835,426.49876842363267,418.96283468209,667.3505580939703,771.5757042315823,854.4670593393544,823.6291167239534,773.6891365913723,857.8778304806805,647.3314935060087,814.8595162772348,738.0445941526499,766.2900263542352,745.2330569492298,689.1472273045356,717.3320606013012,687.2088580895525,606.1649936641659,598.6000671386719,447.5167343419626,558.3849984701578,296.4572714100713,330.23445946062117,590.7699027139632,582.3357371729934,597.2878028382646,686.5172882080078,593.982653855364,643.693569615401,505.2578446706136,436.01536958853404,516.4993878278439,556.6031211586873,331.06321278179394,386.56340762251983,299.5259042833738,321.5965573075133,229.6657579278855,354.0849310348183,11.937908505388165,58.54995824963649,567.3589101155599,571.9002933825477,578.3008919218555,575.3553950797378,525.4385236298461,539.0950420071852,25.134316749397456,0.3962341270444018,8.245952887443847,10.736264167386773,59.789930218428765,68.877229230188,100.8120344347424,256.39627535202925,542.0724681507457,619.7379827325994,639.4661758730075,587.3688248260112,458.2853557175281,201.47499413317755,266.61958587530887,510.84215466729523
669.0182839565886,722.9519944142813,718.8316005656892,751.8324816084478,401.75161902849067,403.97474785787716,723.7647874967115,730.7049076940658,564.9907018408484,557.5257897787407,679.8845417053719,672.7117282201374,702.799872318222,622.8487894776379,538.9382044877578,465.3094835038812,630.7162370003795,686.5664064274278,688.8853834598001,670.0780402832031,220.3043617076344,220.61631088256837,736.6329610062196,771.9265844859774,506.247918104002,541.231561597887,397.5486897421147,351.4714194668664,659.6894292831421,675.7442881643036,725.7296877082564,716.8108052062988,700.4203717506538,671.8517961968316,550.4114661838697,572.8153914486069,514.288486161421,557.976736916436,381.044984243278,451.9973784743177,456.2773597592213,523.8173658847809,540.6117671751787,622.3044717074571,627.508674207172,650.4159672162687,530.7286186336486,529.9049516457778,730.9134264053837,656.0795739459153,709.0421341462792,661.8015063955511,569.1764367963167,560.3748238694434,425.0586648724219,418.0658152450711,667.6079823889842,772.4872103289322,855.9371390620781,827.1331834059495,776.1390393597147,859.3458465279884,647.4552071014311,813.6807276015419,739.495461535098,766.804360151907,748.6273763978079,691.7205899521108,717.1269116249813,688.5708162929471,609.280777561772,602.3810103369541,447.9575767867062,558.8785465124881,297.88283052306247,329.0910904575402,593.025860895876,585.025573097324,589.3408365452543,683.20911189488,590.0026645587321,643.5613101259779,501.21242009162904,431.6246501159668,515.5417284536992,556.014078517019,328.37379773364347,385.093957821815,300.23229501008365,322.19666275598723,233.08152435160858,354.36761184846364,12.434333100592657,58.611270473831496,559.9886047363282,561.9530639648438,583.667744141072,574.3998258081497,524.9858382518662,537.8633090068192,25.07715787983953,0.3700439279122899,8.287362961165785,10.782264429285352,59.69899140414065,68.7522245032853,102.61124303936958,260.6318927091711,535.8734075372869,620.7236183860085,643.4021782587039,587.7475207365012,455.64605105156994,200.97824104992966,266.6422073696599,512.6482964877424
669.156365440756,721.6317256291708,719.6920600555457,751.9627898546804,402.5084355110346,403.3041835810457,725.1337944739716,729.4108888277094,567.2567623896258,556.784256688884,682.2648987808848,671.2991863916791,706.3699148187916,622.9208277150204,542.2083108650511,466.96067468877465,633.2474281347194,688.7048962868726,690.5868947113154,670.1728039550782,220.65639724996356,221.33361250559489,740.7975888795839,773.6923027341328,509.5815307756993,543.5754607064383,398.10820951514484,350.2150953743193,660.1680099919157,679.272162995515,728.1958504023514,719.1974403889974,700.5644393532963,671.2751733398437,549.1361790532651,570.4735592761672,515.5410481591582,559.5274372807255,383.2809945259775,453.64319510584914,457.1916869116611,521.4485592842102,541.4537971946928,622.5222919337557,627.5452149797615,651.7337538568597,529.1377954197324,528.7088293162259,730.3941057758947,657.3292103680698,709.3934161923873,663.126955776867,567.3281101175488,559.0496204226624,425.55201053026514,417.05370978559876,667.9230536202873,771.8539243219076,857.2385216995141,824.8707241609441,778.4372411047895,860.6874061757306,648.6926599905031,815.0668089595841,744.7041131773991,771.9315794167285,749.8575413307448,691.5265899228452,716.0907447960726,688.4798897590426,610.5153835056065,602.1840173377366,448.8718383859057,558.5906790200765,297.1600194737531,329.1188956247249,593.5562983028224,584.5093919429542,593.3726157330452,686.243760245187,590.4348690573739,643.4300709323988,499.44415358225507,434.87441934744515,517.2424055914522,557.3872119915112,330.32597892985626,387.33286618669973,299.8919321701712,321.6452774046715,229.80382123065826,354.4281219401956,11.683610003037352,58.47707444966829,563.8930836995443,567.2540319410421,585.8051967071369,578.1282970031463,525.5880146269277,539.0256810456442,24.698848431868676,0.3834786551763062,8.239506335096078,10.650553303241031,59.44398857528891,68.31371795100796,94.91640985177622,256.06301969640396,561.9753861860795,624.171172540838,642.9147891870281,589.5344516416139,458.9131572573793,201.57497244991623,265.1785915403655,500.5470612624596
669.612634327786,721.3960154273293,719.4450959467576,752.0568867527631,402.89344418547876,403.3265026637486,725.5449243465856,729.9389960106383,567.9735810318772,556.459881815754,679.515180510234,671.3985083685981,705.6208329110775,622.5116792285008,542.2167977741109,467.42782748485024,633.3760458417413,688.7667397787404,689.8920447689363,669.7266396484375,218.6526892847485,221.45496203104656,740.6791391303873,774.6325760795957,509.92392313979684,544.8465302016709,399.00248714046586,352.52630331781177,659.1737684573767,676.5274416323061,728.1509731022392,718.8081061299642,700.2004239357124,670.4455756293403,551.4114576920219,572.601274605257,517.1935842908952,560.1504861337168,383.5358060293698,450.4746983988901,459.26082073274205,528.6365032196045,542.8519319352649,624.583797726021,627.5987541761903,651.3734960165638,530.5282709854694,530.8544678888121,730.6801227200416,658.3043343132891,709.8913867071635,662.5597508370996,567.4930136642114,559.8581503512812,425.879758641362,418.17539771723085,666.8003187733177,770.2575668648437,856.7410585473475,824.2591007082368,777.4491912576426,859.4083413923443,644.9344094186018,810.2396434108907,745.4906991987086,769.920357187281,749.2418130938927,691.4359324140906,716.5610845286376,690.0471068324305,608.042930740494,599.6887755159472,447.43611921957876,557.8203905774401,295.46162580407184,328.50144851039835,592.2597227252897,583.0117449621937,598.8716781291556,686.0394723074777,592.8216311575352,644.010480740617,507.531058883667,435.48913205156725,518.3453357604106,558.1596783532036,330.0803828688229,388.05871092627626,300.25211563520133,321.37559083558807,231.12062458524477,355.6911991371711,12.035605307680305,58.34957402031606,570.2421244303385,568.5719656216896,579.4664173796773,573.5929988671212,524.4252430767807,538.2981537536771,25.409355145321523,0.37879688709249926,8.217110517203515,10.798053772180408,59.47266431627351,68.99536501260233,99.5216256769167,258.53928183106814,541.0935336026279,615.9441028941761,639.4023724242345,584.2492484563513,458.6126591177548,199.7201523026615,265.08101891748834,511.0686245622306
669.1379393450344,721.5747927078093,719.6454783109649,752.7839329784135,403.1230407448702,404.3316559685128,725.9147781411095,730.5441597926363,568.3284709514404,557.9338429482257,680.859381326815,672.6672497340611,704.0904771336969,622.6822771543433,540.4734686381781,465.2100805147706,630.0577246498723,686.0556681686858,689.8211161880201,669.7682624511718,221.74003864659204,221.24496879577637,740.9346011576026,774.1699534219409,509.55218793459585,543.6066030565199,398.0214102307736,352.09600439336566,658.8145938189524,674.0485979245033,726.0073266617583,718.0100321451823,698.7860533504163,670.6084402126736,556.9050384521485,573.5221689982586,513.5886273489125,558.2386516288475,382.03900398101126,452.1806855933943,457.3853784780033,524.2054343223572,540.7712036995661,621.870579145531,627.3022552771821,650.8533992098089,531.950543793765,530.9309651434838,729.543984788464,656.8410067250652,708.9091414717941,660.4672204886883,566.5613684205197,560.0072709625842,425.90655073200617,418.37185480571225,666.5488414618168,769.9892558455467,856.5741889574615,824.2780980294463,777.2510348378057,860.1080088692576,644.9259069600237,812.5352555498665,743.2445291547633,768.297010816961,750.1229522147875,692.2414405196698,717.3619773524582,687.5692394952089,608.844066619873,601.6930445999395,446.3222781540057,558.201084747975,296.0198663905047,329.40267020212093,592.8101260075804,583.9076668513761,591.9047916493518,682.3436965942383,589.7333146018543,643.850688437072,501.7922085507711,433.23293868348003,517.2385190167091,556.0414669719743,328.7358485502355,386.7507209158116,300.4165140135835,321.9666018478031,234.98473816625585,356.70059937596324,12.473415722581665,58.91682684953724,559.7517445882162,559.4354656672074,580.7345882300287,574.6141107136308,525.1304485913148,539.781926870929,25.356985193735454,0.37503107532306956,8.21815601995194,10.657059539138677,60.310583122052535,69.4663920616731,102.87041201649441,263.01277550529034,533.8331714976918,618.3735950816762,643.8504851680474,589.4521494032462,458.2268452737846,199.61691437965553,264.63149685570687,520.503992541083
668.0289226653584,721.3210751889932,719.716573563257,752.8815948744694,402.32761613712756,403.9834180985178,724.3773060153919,730.6345670399767,567.9666759383922,559.3986113892227,680.5341298173114,673.0157368856763,704.5994116127184,622.805986798244,540.9485080087956,465.19320886720794,633.1191999245594,688.0973211903113,688.9017031147106,668.7895737304688,222.78939853774176,220.63470300038657,739.1130235239885,773.2711207374693,507.6890483214593,541.3802212725628,396.7309353654556,352.6168459918764,659.2031368399566,677.6969480161314,728.3517053959564,718.1003987630208,699.6857688386561,670.1503001573351,545.8000727777895,571.3792151025979,513.8625554156198,556.1840178171793,381.6955135166645,450.7390696922045,455.140076434026,520.6370422840118,541.3708200421598,623.5007635179854,630.1139835939434,654.7567742665609,531.6632790841347,530.8764016278141,732.9593455160817,660.4059760878163,709.7976151224576,664.4206649619089,567.2924338370696,561.2475050290426,426.33603591732617,417.9261901850786,666.8337049035097,771.1806623196161,857.0289626976327,826.5193512077403,776.8100897482167,864.1526208772628,647.637912575258,815.3127841164546,743.2608230363077,770.2390977153482,748.6502085010657,690.232106122586,717.025024997201,688.7155141250863,608.5485365927757,602.2048598117516,446.0060502498522,560.6333855963372,297.99285921843153,330.1055231228681,591.0829686649511,582.9864822324381,593.9164539093667,685.5863789149693,590.2639188510705,642.5031515534412,497.7043435986837,433.9601033163071,516.0186018838756,555.9554856648812,328.1147035514607,384.6822885571834,299.3890449873482,321.31956557718166,231.11823189759497,353.49767974505824,11.761571174458368,57.588503782178314,556.3648376464844,561.5366128177966,583.4108643876389,575.5461783085474,524.5054103084497,538.6543293139171,24.733221293828375,0.34609631508312844,8.092180737150372,10.54077001193464,58.28383359627277,67.46062608419727,93.22063605135514,253.13845168842988,563.6480990323154,623.911210493608,642.0954872489775,588.9478356083737,456.45650618684056,199.70760519593432,262.72600714365643,500.42747234476025
667.2828397964784,720.8336583243477,718.514663605571,752.4287254895822,403.0021049676939,404.60105174141273,723.7760483009228,731.0417096596576,566.5859062185093,561.37810006298,678.8893046185253,673.6168679494706,701.768828717554,622.0354902213402,541.3782636822752,466.86625281989427,634.6847351942017,689.5049777363622,686.7062681936213,668.214831665039,219.01590827438565,222.26136372884113,739.1025422441667,772.1109339698912,507.73910156969,541.9858380831205,398.9271616224426,350.18923417727154,658.7993575042149,677.5993728826076,725.7065452115116,718.2288980102539,700.1010131189379,671.258454047309,546.2445945408033,567.9510435540992,516.1732870765719,560.0833855381718,381.7601466519492,448.69794452681526,458.4699982189741,525.4552054405212,541.7178227220263,623.212269136691,631.2303180216414,654.6795644369739,532.1777914575309,532.8815306783556,731.8639556392546,659.2830891647701,709.1092638460059,661.2790462524598,566.772664399425,562.1703591253244,426.6448827247213,418.90280006364986,666.9119286093237,769.7404394701675,856.0039207507931,824.9970468946962,778.0034886103091,864.0550396372971,647.0056109413823,814.4745321705508,744.2807104765479,767.6543694066139,745.9502620054095,688.9650982152438,715.5855089904396,686.4357139629553,604.8481003013817,599.2307104829882,444.6291916873477,557.6798455044304,295.66159356158715,330.5507266622194,590.3226703581263,581.5874676842907,597.260565575133,684.9331065586636,591.3580490346155,643.9540290140974,505.21236799875896,436.31498951454955,517.4401117419357,557.1401005493157,330.9518562597387,387.166961484007,299.93113468835753,322.48420703602915,229.90696732324813,353.67929261386394,11.735688398975913,58.781714226188555,563.8548227945963,568.3641285007283,578.1239772154076,573.1922439299018,523.7082845867438,538.0778612729098,24.893243178943138,0.4028558113301794,8.184909962976791,10.673669522772252,59.336526246976455,68.83935003910935,98.87313647195697,260.33306250852695,537.3218217329545,615.8943880948153,639.3193633828387,583.9211549396756,458.77295045291675,200.53449605326904,266.3057704766591,502.61770103717674
667.8124342448878,721.8261126797609,718.9683214022061,752.3896374721451,401.2732183412064,404.16628998092244,723.7518660211198,731.2068430799119,566.2895363350303,559.084936728243,679.4517778846307,672.7003004407126,702.1211482419362,621.7949017165644,539.4159500041411,464.0461136342278,632.0719961735874,687.0966293487041,688.045004190613,669.8504309082032,221.86620836787753,218.89958922068277,737.8596398985231,771.9842967230176,505.4418285675542,539.4605021424346,397.4037886983123,349.42302799224854,659.4411393111607,676.6075379548249,724.6123530670727,717.8314896138509,698.3891983678785,670.7542035590278,548.5277600495712,567.1607636601092,514.0197758611604,558.0498229132759,380.1342514497893,449.7857154103254,456.0703037449571,521.9602122306824,539.930544633714,621.9360090499806,631.7428774289102,654.7578725201345,534.5585518632054,533.2752966247239,733.9377319335938,661.2991675589441,709.425370566173,661.4753682560604,569.8380955238513,564.9678946289362,426.65656419588026,418.80711856255164,667.3321190590665,771.0584739038238,856.1471620893375,826.4385306410226,775.032185377038,860.76123046875,645.6151002656429,814.8009297249248,739.8768704542473,765.1678792481582,746.8854711425438,688.9262438470365,716.4309384291339,687.6439122995619,605.8073484403593,600.325228738003,446.6776313781738,559.354906222521,296.661370097727,329.104609529737,592.6874242063428,583.4094424425814,592.6791518191073,682.7400000435965,591.1194258942002,643.6530044404429,502.4130981477102,433.3547080514828,516.0901016445412,555.3813574936768,328.32720782336065,385.9741452953876,299.74302295564365,322.0296653885665,232.7866763779688,352.7656181290249,12.330713227317945,57.6988294140194,563.2898203531901,564.4506049721928,582.0082767698914,574.4670689440421,524.6603582348229,537.8058718748955,25.023157577998447,0.3587352874585324,8.113230395367829,10.53055835910865,58.77532616395159,68.3759277560598,100.253413618594,256.5863733011133,530.7652504660866,619.7109519264915,643.5268091803429,586.870061367373,454.6386150472304,199.96186878074678,264.24886962139243,508.5355771821121
667.3360152531684,720.2207360845623,719.0887487005535,750.5922091586656,402.4863828171131,405.1208849038397,722.2251203428042,728.3220601832613,567.6150267440446,559.9899136375209,681.8233948994458,673.5067069159613,705.0157655483658,622.6403626507594,540.8697148009912,467.0930082715179,632.3539962406973,688.1242176448784,688.4961541420655,668.8364379882812,220.78865676456027,220.59357013702393,740.2243112822804,772.740186842661,508.9197383551073,541.8881415901603,398.9799550936367,352.28375838862524,660.4161493553305,678.7211658242308,727.4557364155927,717.0416597493489,699.3750922639491,669.9796530490452,548.9740160734757,570.8647207237152,513.2793971662479,557.7873835387053,382.62710290295735,452.10847134536573,459.14837646484375,522.6340236663818,542.9536212777334,623.8559635397382,634.3753100583813,656.7505500191137,535.7720517442247,533.6709556346173,733.8305265365109,662.3976886587059,709.2586709026205,663.0796594178413,569.898173858232,566.0993622798545,427.5343648925768,419.77374575532207,667.5541559660161,772.2470838273013,855.7149623928523,825.033985975312,776.1692799443784,858.3359909798335,647.0018029635835,814.8311034230048,740.6721603621298,765.5096821600152,746.2198561293355,689.0920890946051,715.1728304723266,686.7457728939162,608.0979414587622,598.8736350888112,446.9793694522403,558.3141798539596,297.91054711825603,330.0492068008638,591.8534532140513,584.5447219278802,595.2852140386054,684.5250527518136,590.3340658136711,643.6191661453379,500.6514996782939,435.51676945845287,515.1499090316537,555.4717313854089,329.960139586645,385.36267929214864,300.00006916249794,322.27162303380373,232.2516398532332,353.9372583163778,12.277591560643891,58.45251294244943,563.1644805908203,564.3770622641354,581.8629837296903,576.6116404123436,524.0034083397941,538.2664100255244,25.321993299143,0.4172643109382113,8.07718118034052,10.69260739157887,59.556905627374256,68.20238427589497,98.20930311539107,256.65851346184223,554.9226629083806,622.4601229580966,643.1784426285916,587.5633730345135,458.6475997999603,198.96822051632037,263.5400131398981,515.9218234358162
667.0946263985481,719.500143773628,718.188328837101,750.436157298753,401.89101777187614,403.21670310412134,720.0185885352146,727.573660706865,564.9118034219255,557.3395419492097,678.6933259421248,671.163799721854,704.7201311952253,622.7259029820863,541.9378628813805,467.0819868319679,635.1187519959363,688.8279603216736,686.6525337540784,667.4959953613281,221.18908508618674,222.19771976470946,741.0696764721671,774.0838339972117,510.4397792716301,543.5081967783498,401.36053382494174,353.166857931349,659.5620793576511,679.1537509494358,728.666556010409,719.1974337768555,697.7310777437889,668.7905752224392,545.8518904312797,571.9881492522826,514.8603269602233,560.6054551159895,382.5258071241634,450.76506803991197,454.5495923151735,520.4556775093079,543.7622690834696,625.1428966070239,633.7082508347493,656.4668613679228,533.3265711059255,533.5116861750196,733.5361264628749,662.3924271043095,709.6032488514865,664.1242576537718,568.6308991299617,563.5257419511383,425.75135777813927,419.41130211954226,666.6691287522248,769.7641639345222,853.7060258177393,821.931714027505,773.511807808254,858.8511429573725,644.7441576103187,810.7928201494884,743.3814658549295,767.6219888509706,744.4604443325086,688.3656105683476,715.5230863534721,686.9508953621374,605.2807187260809,597.7191740254887,445.127890385619,555.7693371132855,292.6816156359686,329.0180616781745,589.3256738381308,580.0720161659589,595.852606590758,684.972541809082,590.7154101083105,643.065728506166,502.24044255574546,435.9072051576773,515.8003771666847,555.6733437972417,330.929641420701,385.26821359572426,298.6123101011229,321.2899379585298,227.4421654564213,352.3466270020604,11.136873297272595,58.084138278502756,560.2327473958334,565.6092306880628,578.2208048636094,572.8039134098933,522.3429219097885,536.7867414945495,24.979403281507793,0.3949927793608771,8.144151191645188,10.621096420907998,59.14586982978243,68.61626667054671,97.24789251635472,254.36337661743164,544.2855418812145,620.4276289506392,636.9508724340657,584.2127708724782,456.88837550668154,199.599037297985,265.24251385891074,501.9903048811288
667.0555053134455,720.6054803963864,718.5079521242702,750.6763340657451,400.83758121313053,402.6401478116001,720.3755018359458,727.9964113405917,564.1190575714014,555.4097961519585,676.7609327983081,669.8245913672068,702.6096222290248,621.8639516405731,540.6607765623586,466.15210392220735,633.7472551535656,688.9669135464386,685.4655548329554,668.3378935546875,220.29355010721417,221.22217534383137,741.1701754670466,774.1470882627699,512.4853732473563,544.0352679451744,399.0529742161872,352.9162079228295,657.4381274457248,677.4708705572434,728.4021908016655,719.2863735961914,696.6634487216755,668.4144484456381,550.9630956235139,572.287195780191,517.2973527278144,562.5559837200024,381.7142097417797,451.54718026150476,455.3915500328189,525.9904363155365,544.2402595347828,625.9160624861153,635.6860894041141,658.6324252859193,535.0292476129925,535.1196232242185,734.9748405702652,664.191526481483,711.1887111271056,664.9738976576439,569.8858617945102,567.30664582346,427.18071726541535,420.54066252279205,667.6303585925734,770.893043257572,854.6033177550875,824.1121988207046,772.5977016813858,855.1917426346961,642.3130749810362,808.1189374099544,742.6560409318155,767.3467731574016,744.2522328794672,689.0344186658157,716.405052428033,688.0726620163048,605.8369967830074,598.9614296584833,443.98380017061845,557.6781170337231,294.92411074431044,328.2107208681778,588.9120103179431,580.2743640440628,595.0508085210273,684.3767351422991,592.1217544087962,644.3674406259429,506.5081400458018,436.1640763070186,515.9735598388747,555.4470629424904,330.5500165097854,386.650475447789,299.65956443812075,321.88524881406676,227.72503554874143,352.24850169111045,11.848913846067498,58.11799026166709,564.7713297526042,565.6461140260858,578.4244287363254,573.8492201032682,520.3157788924589,535.8638309021742,24.62861676882312,0.3866983441291032,8.202308478309732,10.645291993375368,59.18953755456277,68.82338291986454,99.32585176535778,257.57823402741377,537.0110307173295,616.5936856356534,639.9974393908609,582.7895446004746,455.87359080595127,200.99424403866655,264.88332983941746,504.5659063931169
668.742792122761,722.0916445279362,718.9105039453676,750.6361619181841,401.59484938244486,403.0931166410446,721.9592029672348,728.1380498877992,564.4732856288248,554.9564428275726,677.4674084050869,671.9160531664652,702.2723234775341,622.1929526464177,539.6316195803495,463.83379086755934,632.6870049209956,689.0842500604268,686.660567009586,669.5768278808594,223.377117117246,222.21888961791993,743.8791138179719,774.8235543114798,514.3399854430353,545.8639079502651,397.60068077803976,353.6316555605994,658.2612047195435,676.8798374505691,727.871484551217,719.4424467468261,697.7201258125951,668.9707141113281,560.8130483212678,574.3527015777955,516.312733116654,559.7254451469139,386.13986742922236,453.0787312082584,457.71020532826907,524.5281271934509,543.4663037071152,626.116599204981,637.2926147322801,660.8454754589594,536.2639528503103,536.3751826719804,735.4178929482737,663.7688463887861,710.6820349110293,663.081135636604,570.872663763072,566.7600179560044,426.8846043121751,420.85330627865955,670.1702201316808,773.9531322011242,856.2908500523083,825.1800193858192,775.6796285347317,858.4132917583181,641.9767718300542,809.7294164351475,745.250480765727,767.1247737190135,747.8888519930036,690.7907711554303,718.9499290126145,690.668127744896,608.3112237603815,600.8517799690121,445.3392863142381,557.9907802565273,296.02101920307547,328.5687298841879,591.1855396208216,582.2743365655796,589.9137125218168,681.5394134521484,591.0231907577806,646.3607694549455,503.2111481157939,435.5691876312097,516.098853576761,556.5792541884289,328.8851012790904,385.5127290767022,298.99824070177664,322.86951637934976,229.48463405507454,351.7566194805006,12.033976430297587,58.03811942498524,559.7688618977865,561.8315527964446,580.3686374127865,575.2770482058978,522.593852627975,536.8817937146772,24.880318772819777,0.4164319453726488,8.170252483395148,10.491013222560287,59.08038890126307,68.56560062775289,100.38563533127308,256.6333551687353,530.5202886408025,622.6660356001421,645.0635736452654,586.5473140281968,455.90065834569,198.82325655744788,264.9216050234708,509.2967539820178
669.1003415086334,722.3439267283738,720.2666075136092,751.5662766604785,402.6049052127572,403.4395342958825,723.3832761434439,729.0807643679356,569.1571462227374,558.242270761826,678.2665973446234,673.5376821245466,705.875728495943,624.6367150665777,543.1521157732058,468.739277901188,637.7710759312056,694.0721476862201,688.5652427234869,669.5397021484375,225.50124229656325,221.14434553782147,745.6178780427742,776.4580637916686,515.8991145089035,546.8277181269049,400.6588375871353,355.4051458173328,660.4707822979622,679.5889964916088,730.5234506762247,719.2742896016439,698.503570298017,668.561614718967,556.9286245594853,574.3490177752024,518.7326014850634,563.1784679977982,384.4184651710093,456.68293590759964,461.85198374263575,523.4411461353302,547.7527830529781,629.4742681132674,640.360966424756,662.5227662471302,536.0198609218124,537.2886146632108,737.7674376456969,665.7980234839699,711.9980430725765,667.5716866199639,569.0841360391523,569.4125321893131,428.5236838867567,422.169739403233,671.4666494012271,774.3015247550276,856.7534239008926,825.3383919606737,778.5830923063859,863.6075078970406,644.4227033609279,811.4441765365286,750.745387746327,773.8261746620947,749.2785646331445,692.7351554265772,717.288886197813,689.1127090032588,609.3269201742636,602.2523072977535,447.33416175842285,558.7715643019903,295.98551498634225,330.6105011416153,591.0159798293818,581.8443713682816,598.9138806931516,692.0713664463589,594.3829029711727,647.7074585942273,502.75340865453086,436.8506325938304,518.5258118906735,560.5301249690658,333.995650212905,387.51454424599876,299.3768738246678,323.32723980040885,226.00844219698868,354.52773120447995,11.19629483955645,58.19708098234305,561.9750742594401,564.0397835424391,581.7837831787765,576.6936018240398,522.3648881208502,538.8509095991736,24.732904199791893,0.38511426630947326,8.144101875859281,10.5347768719042,59.16613935277695,68.38144005192895,91.26062458215489,252.3270897584803,560.5339466441761,624.8467418323863,642.7548250543991,588.3139546068409,459.9169642504524,200.0332430229898,267.127628882726,505.4951866412985
670.9666982963769,725.2649102644486,719.9580463132734,751.805965332396,409.3442082515983,408.7953705686544,724.2780031690411,730.5650446205951,573.2043793688015,566.1555126651389,679.491300381296,675.693832082597,708.7284467379798,623.7216670580721,544.174301257774,470.56021872229377,635.7922586016181,691.6255873493182,688.9830035797937,669.3544581298828,223.94785409503513,223.2596731185913,746.7987195740186,776.7332095191592,523.0305817389363,552.2542587741391,404.57671453149277,358.51500862174566,658.1656504936938,676.2928451726466,727.9981971800796,719.5740913391113,698.9297747854459,670.4962948947483,561.4826349673064,574.6593760295086,517.7112352816544,560.082226647271,386.558561959437,452.42512783664887,452.21660651535285,520.3607652187347,549.9543347935828,630.3857086326274,638.8385430418349,658.8654963175455,534.408166924784,537.1167352382953,736.7678979689075,663.9605971284626,713.2273287141031,667.3162597372259,572.0571943890353,570.2989154329487,428.8369327016029,423.9661341181754,670.7267508198632,774.624590219171,858.9292626267633,827.7133171267626,778.9822805918818,865.0690827601164,644.1995402578185,809.9253299540453,752.954025951784,773.8140556818447,752.1833829043957,694.1613116841323,718.056120271136,687.4579145737116,608.8106383590011,602.0984653410364,446.2055771154001,556.9259712252266,295.85253132253456,329.2607189769476,593.956500819472,583.183447620186,596.2361917698637,688.7464120047433,592.8754617976047,646.821853578173,506.8934683863322,432.36808611323437,518.6698724306627,561.1842272963166,333.26449909490697,389.3149691404849,300.3691581931586,324.79242826474297,234.64606750780536,359.75547622914115,12.34313303963255,59.130990858482086,567.6210784912109,569.9503551418499,580.6462462674826,575.3148976321673,524.8426130260826,539.9596902525512,24.75746939514494,0.4337560528958285,8.373989569746335,10.893183880866646,60.752980528094795,70.46778671323291,101.04706238127417,261.9186647639555,536.2277332652699,617.8204811789773,642.0979802688496,587.7669722158697,461.3597418467204,202.2226079861519,270.3173836939263,509.6520869814116
670.0083713644088,724.328565318175,720.5131079983342,751.949049858458,407.10562220728673,408.35788044759204,723.9753881586178,729.0957144489694,572.5225861553026,563.2414644194431,681.2519490932061,675.2682330903552,709.6781738700016,625.6263895266452,543.0308882264949,468.75805427411353,635.1843397673838,692.7871562286073,690.5086653552293,670.815458618164,223.9345097459025,223.38304608662924,748.6012291405968,778.1109545571463,520.0402057108455,549.0860836741689,402.25873232678157,358.60017917553586,659.1670268796524,676.8741492377387,730.1200372090177,720.8813329060872,700.2291332826776,670.976054280599,559.0567328411599,572.8844137536474,519.1370336053654,562.7373765309652,386.72618772674883,455.8286866748824,460.77936216260565,522.8495383262634,547.9699173825128,627.8970703558899,636.5928615872906,655.8158304426405,532.0835703463594,533.3826814564792,735.2540404289,663.147430056351,713.3310298011417,667.5812493905695,571.9689600991561,566.6729954738242,427.3115944955531,420.484699131424,670.7063192177445,774.354358487659,855.4401523268764,825.5793261214895,777.4309549082881,864.815635212031,645.2791841372803,812.4504919719303,751.4880831134853,774.4303473588416,749.2120791788851,691.7641099550463,717.601408162694,686.9934962151459,611.526581463513,604.6540741216941,448.9951993609787,559.6544152462121,299.13950082530147,331.7594254184777,597.3385831488938,586.9569044944162,593.809927433095,689.3491581508091,592.3127662687923,644.3971375879004,499.15450231552126,432.2099048880736,518.2834714532423,559.3552682560506,332.31923357458675,387.8509257201253,300.8132151160389,323.93578280794463,237.42523572947718,360.4549159557124,12.595797881660811,58.5283951155609,562.5763275146485,565.5093357926709,583.1525071915239,576.8626063420222,529.8310639864312,542.5124795069613,25.26656179631276,0.4624114216012121,8.299013177784202,10.764811690832305,60.421694493868,69.87200771123972,98.97901413589716,255.66109315086814,557.84096735174,627.0248457475142,645.3992952692429,594.5011237422123,462.3217544929654,201.2792412351098,268.9171422322591,511.56260839001885
669.6140655553609,724.0696210668544,719.0463099621422,751.2068892627124,404.90443727803785,406.8699090810759,723.3375349248055,728.856064712849,571.4559210076624,561.8432673157239,680.9717726048415,673.7388482108948,707.5906620712673,624.5527371858295,543.5272103207028,468.61957820591795,638.1662542695683,692.6432411599396,688.6316655769202,669.6780021972656,222.1044759021865,221.5979730606079,745.4811831552745,776.1562886919294,519.2169217813702,548.1460547394805,402.2183638936248,357.86791406737433,661.4201057182169,677.1309758692612,728.7306259435619,720.241002146403,699.7536431652004,670.0611623128256,555.1367234603218,573.8654424828219,522.7357648269721,565.9336421401413,386.74192411292876,453.60444431804984,461.90979454165597,530.6477897167206,546.4366940184245,627.018325661031,632.2296730774691,654.1977969610203,532.4792930626672,533.0165572699967,732.6644911489179,659.7710308567171,710.1265906109313,664.4578800508434,568.9015423556615,562.9580215005313,427.89125127902463,419.7908024157713,671.0055448066236,773.2725968228447,854.6296708372705,824.8653017799135,776.7831561544667,861.4437119567278,643.353694530802,809.5879901838891,749.4865433422488,772.238285178054,748.6379724566856,692.1853890133832,717.4998584917397,689.031722432342,609.2470076277449,603.1879345940762,449.3961672301686,557.4870853836918,296.6421574025914,330.96641454562337,594.3486905957832,583.8215282645957,600.7999345495346,693.1087177821568,593.3858755995944,644.550741234537,506.34139075597125,433.1765901287397,518.6414606884188,558.3027865060261,333.03009983792026,388.3480179163523,300.85760572909686,322.98579582156384,233.85942965349994,360.25356322502097,12.195196198332942,58.73576461181974,571.2863535563151,573.2901440636587,581.7957065477967,575.719221158265,528.2849736881013,541.2975521507357,25.019357803136746,0.42049749121069907,8.280920978892448,10.808030262425225,61.55509174861714,69.99154886034547,98.63599315534036,255.83697520985322,538.9420276988636,624.1060069691051,642.0341133271288,590.1635958514636,461.9128072028067,203.1667775373187,270.68042981985843,527.631764379041
668.9164851345166,722.8336840446549,718.4888431217951,750.386245902316,405.15138720135354,405.1583839612348,722.3596259049646,727.8778033577128,570.0731530481455,559.8452313688935,678.7550136907314,670.92986828032,704.9773343905781,622.8440338088433,539.7047923718075,464.4385561789236,630.2348509874389,687.260918423979,687.1859726010612,668.204244140625,222.92297149366803,220.31977767944335,743.589146078751,773.3920646546379,515.2809140769599,546.01080259386,399.3620192807024,356.8660697539647,657.8647735523728,672.9546192687235,723.7095990518885,715.6791661071777,694.9326992358192,667.4644002278645,560.0144838416059,576.2419591696865,517.5603522078056,561.131738309507,383.5073381236621,452.37014976244296,458.2681494540856,521.4068114757538,543.5797576620465,625.4985998072331,629.7829235430215,650.3290176280061,531.9903740252345,531.3279782708709,730.558550336284,658.2396589070122,707.7724838232289,661.0466519975566,566.9199297438822,561.9853029812084,425.47158074071945,418.2695514441707,667.377700554972,770.1278954749858,852.6201015002785,822.3467608625401,775.3504642917799,860.3072527542855,640.4517659878512,806.4912086847878,745.6620444682108,770.4404664150504,747.035760866658,689.973111928587,715.7214867658676,686.2408003833413,609.453693355526,601.7472768377086,445.471142200155,556.4155495383523,297.593878041143,330.5363025933924,592.2821246287862,582.4707526369214,595.1322794163481,684.064094543457,589.1523796169237,642.1900657942282,502.43899509429934,430.7499585700035,515.869827893547,554.8357796648629,329.5933807246825,387.305740591421,300.74472243338823,321.92517044575476,235.91213491058107,357.8478681703657,12.84244795419336,58.66875986604983,567.5292205810547,566.012415481826,583.4156986307353,576.9295993994804,524.1964204317437,537.0724894330087,25.027494462839584,0.4029111234057281,8.21598148735533,10.676800485467226,61.34831116330187,69.64244556456043,101.72514544862013,259.67510613273174,532.6138943758878,622.2795609907671,645.1886182951447,589.5497975409785,459.1054343429266,201.7880660049748,268.73012177871937,523.8369382660965
667.1230043593657,720.786027628966,717.5797009462409,749.8118601757217,403.9882740819177,404.8240419328213,720.7371367757786,726.0407081117021,568.2072826210333,558.5769621404957,680.203516580225,670.6634188818554,707.1401259355234,623.7999945922419,541.3858886026031,466.57501983627554,631.9282541862597,685.9924021876136,686.0149398745248,667.3073649902344,223.1305688603057,221.4170846939087,742.959637348786,773.1515932840015,514.5918711916938,545.8957571092543,399.4954087905462,357.4032785097758,658.5080652596815,674.1982309600453,724.2344390789042,716.4509975687663,695.2185427132299,665.8310752360026,552.813722361689,573.2160243758236,516.8463485650555,559.5497015493887,385.29488525220324,453.4293769236361,456.89537598656824,516.8694069385529,542.8438439993631,623.8501295478424,628.4930346125016,651.339940467076,529.0544649865017,528.4261007008853,730.1719729515814,658.6998559274981,706.6055856628615,663.0906086390168,564.8676604540359,560.6322973288742,423.3112317927142,416.3194402103143,666.665850602784,769.8360379437605,852.3057119151171,821.6679721567465,775.7978719429348,861.1832130703725,640.2024776913704,806.2495265772313,746.7426313713415,772.9111841704495,744.1240937522288,686.9669827924153,713.9644304020389,686.3808554970757,609.0051790529543,600.3770897349373,446.72138102120215,558.0199328005572,298.13674108532894,331.89066153512874,589.9932327270508,580.8683595776064,595.4536009443567,686.8865618024554,588.1470381930413,640.0384227715803,496.7880260340373,431.5621892460187,515.1863836296855,554.6927228986028,330.13443153044756,385.9398437217685,299.12366976992536,321.03502678702426,230.57015697332722,354.96544155230123,12.46594322929202,57.799391390182365,560.1983703613281,560.3752410371425,582.8917745351791,575.9068638037772,522.3946385080275,536.2183235746724,24.593369399485375,0.40255098044182414,8.046948695518704,10.45473567906052,59.32197859069615,68.30558783888456,92.68507920122809,253.32312693315393,569.8140147816051,627.0089244495739,642.4947921445706,589.5373513909835,457.25375545726104,200.4179640459387,266.8347695668538,507.5776093581627
667.5879979949915,720.6879542716825,716.9294102472584,749.3306599689195,403.6949170489644,404.6835768616625,720.5030758752847,725.9059697057846,569.5027630377789,559.5911778934667,678.7858355762513,670.7981534685407,704.8719628466546,623.0067073574916,541.5751319761893,467.45757537325915,634.1899026445868,687.9187199538728,685.9918164366507,667.5068570556641,223.09945311811236,222.00207742055258,742.873944239871,773.0980183132111,515.8357201121864,546.4608002128182,399.712313235794,356.4267924229304,659.7757606686287,675.7365952479986,724.1882909739737,717.7976129659017,695.0490703259484,666.7653622097439,551.4228063832159,569.2946082425404,519.1393745187096,561.22654999627,385.8636862891061,452.1719059747703,460.7888286152824,524.487185716629,543.4202226059778,624.4826592901871,626.0491595879239,649.9645555395829,529.4186661617815,530.4226798977885,728.693773675734,657.2412540486132,707.0696703372008,661.2016996579391,564.4981995997407,561.5379123313754,425.0109778441502,417.7988045937496,665.7629802992153,767.5781543884012,851.0212722679452,818.9550989949009,775.3455279806386,857.8307040316387,640.1690600100643,805.4413028764136,747.9952545166016,768.6745105726159,743.3717027985648,686.671066942069,714.0684590916725,684.6213051811766,605.7383513579498,598.1761374551742,447.0542855568982,557.935718949223,296.1171020286671,328.9300459740867,590.0073958850297,580.225821720614,597.3389451047208,688.0489959716797,590.8860133671669,642.1700171291499,506.0539868291219,433.77894450863204,516.7756362463409,556.2453557166845,330.375664955027,388.0488426048403,299.04657383449376,321.29220645809914,226.8311409573889,354.53173759231964,11.720574807987928,58.953811180273775,564.844829305013,571.5526738570908,579.8801443930715,573.7655468418587,520.940860699758,535.6133515747368,24.294157062433538,0.40319989405365453,8.251434656881383,10.736122427516966,60.44963121592987,69.71337911597033,98.35460444705353,257.192184195799,538.9385819868608,619.2045021750711,639.5212619448669,584.834302878078,457.8319923176485,200.98670571921556,269.592825347727,511.4829490924704
669.6951041373621,722.814608766575,719.4935413229055,751.6730580158918,405.33482036147007,405.2717631225075,723.3745521747039,729.1246377368683,569.3536744835426,558.6657772064209,681.0276603388593,672.439176214309,706.8004022143513,624.4839583524325,541.2299920516227,464.4137233173285,632.7332399196534,687.053561441922,688.6977549585803,670.1071905517579,224.2712955541081,220.64830576578777,745.4627324664403,775.8687523130386,514.6349596103448,545.350065608601,398.9467764585716,356.2751042842865,658.7017406067758,674.7585531352479,725.6303476248513,718.444613494873,697.1697644379179,669.0204128689236,558.4279099174167,570.0702157997223,519.3689846761426,561.1014100533945,385.0380721262523,454.8238498673457,461.0010463526992,524.236564874649,545.0839789604383,627.1049591353719,629.3329630535625,653.2151696054559,533.2255388941646,533.0839349173166,731.5917538058374,661.2295684555759,709.6756393992302,664.7842186288815,567.4287962293411,564.4295172597848,426.5687409539841,420.1580929897616,667.6355716500591,769.887485642676,855.0635662037662,822.1541661876228,775.9859563412874,860.7200037391441,641.8476338517776,808.9096037311318,747.8305231350571,770.1320570938346,747.0632198505187,688.7160733770761,717.60414181849,686.4632720104239,610.1610898026476,604.0209318692567,449.6897450718311,559.9381420581371,299.04426707392156,331.63321546097876,594.9084931670642,585.2420634036242,594.7289941665974,684.7936630249023,590.8715574476454,644.257651423881,502.0967548751831,431.36802917083105,516.7409501065241,555.845759722582,330.5412803481607,387.1958012219371,300.47866843799903,321.56329500149485,227.36737718834132,355.52241992518304,12.108339095626164,58.18989379425164,562.8452321370443,562.1456366070246,583.4726932011545,576.4507245024944,524.3008190087083,538.0435787751214,24.62132543140385,0.37248757430524737,8.145048533235101,10.54703888409006,59.8484110371,68.78655581634932,100.36453665156539,258.5306334776037,535.6533425071023,622.4799360795455,645.2914440999895,589.6029846577704,456.5820905087041,200.63506325530378,267.721502347426,513.6384666705953
669.4048351301353,723.1708372674807,720.5478600809322,752.3044988928563,405.9653380460517,406.7106681290482,723.8893950609498,730.0901347967919,572.4829700333731,564.1078026236081,681.9497097604643,674.6432260785784,709.3163116612116,626.0469685759139,545.0445080230485,469.7168724105021,635.9090762748538,690.1471029262606,689.3276284754961,669.8086944580078,227.015628112687,222.433606561025,747.293751225327,778.3908660828121,518.9521442033857,547.8842253632598,401.4953027377471,358.45893535349103,659.8635776627739,678.5778674843871,729.3123550214792,720.9999881490072,697.604144985393,669.059606391059,553.7795417453932,573.2993535420981,520.4818124645082,563.0791578646059,387.7475183978677,458.03360839729453,463.4367865890753,524.9535419940948,548.7767039196832,629.8829736935584,633.8704482957845,656.6557525054753,534.720091652279,534.6487367603329,734.7552129437846,662.2518659295225,712.5226343122995,666.5723147804828,569.4414705353468,565.8950909072278,430.0345322624193,420.88008133245177,669.0048669019117,771.7733145143699,857.6318940724976,824.0037034054411,778.4296269425101,864.3248880133274,645.6425339818366,810.9319424727327,751.1833972076871,773.4404716485539,748.3161100409004,690.9864051723348,717.884116689111,687.793542176979,611.2842135042757,604.2999219738069,450.079092918186,560.6482954809676,298.23712788457453,333.4492819342815,594.5277351004179,586.5704406485023,599.14261578499,691.4096429007394,592.7858860702806,644.8220445951704,501.2763422203064,433.2315339803696,517.7984085637568,558.5177656739583,332.7042381847606,388.2590710170002,300.3604503776878,322.79960774139226,226.48061611552538,356.8963299242159,11.4454763010058,58.68014698526382,564.8746215820313,567.9823629088321,586.2771783047356,578.5748254422149,526.9750803784863,540.9725399437044,24.39575002115759,0.39906947393384246,8.18618485972369,10.686009603069605,59.53711297357084,68.33918260759174,89.86670221760869,253.35175357145422,566.7315285422585,627.0356889204545,643.2708514936818,589.4037606927413,460.90267746121276,201.1668452692398,266.99779891967773,508.0589052397629
670.6213529152178,723.7350316288496,720.0936495296737,752.1540454165394,404.7376171466916,405.1794957981578,723.5134670716112,730.7703869369183,570.6609808425515,561.428763701779,681.7637762674472,673.0806829301138,707.3920262959973,625.2971123374908,543.4156193875555,468.63769261476125,634.5395860717194,688.980148720979,689.0615655307112,671.0269265136719,220.58778685331345,221.51215019226075,743.6191642618111,776.7031318119595,516.0856735668881,547.0361996325818,400.87872196429345,356.43071658081476,659.4622832604174,676.751404336058,728.0936674984108,720.0498992411295,698.8638871403064,670.748505452474,551.8318370653235,573.1039480186371,522.4223354524453,566.210345727426,383.95989175992355,451.94809795765394,460.72145080566406,528.504136800766,547.703579252438,630.7042582001167,636.0113357368618,656.8102375275907,534.9799334530003,535.8541185539085,735.6159350979713,663.3513038976452,712.2141674783086,664.4011207634295,568.9236561728165,566.1024525399301,428.83902652564313,420.29037574387223,669.1957056185502,771.8103168573645,856.9352402491395,825.2904062038515,775.3226815132473,861.1432245742155,643.3702434574792,810.3606599250448,743.9836077334276,769.6059375129621,747.627172015758,691.8355519184648,719.863961869744,690.040331592876,611.1479107281109,603.0575852003254,449.3527346094814,560.7858284954385,298.16495712943697,332.30540767186125,592.1223561021148,584.4896789804039,601.2362372215758,685.522463117327,591.9144439697266,643.2406315342497,507.7801125017802,434.0139520234366,518.1540927307196,557.5961181469905,331.86779594982374,389.6295472361981,300.16072953383747,322.5567361828255,227.56497755194485,356.5281093905866,12.004881529829516,57.87079490108089,567.2181274414063,569.0584287481793,580.8870826587081,575.9238696896653,525.3121026308482,540.0592085971226,24.080750883369547,0.316502401318953,8.05497323313345,10.493941943512462,59.31224724032692,68.50641067867838,96.24038651006089,255.9860653176027,542.7630670720881,619.8843572443182,641.2140507026006,587.0777309755736,458.7835071040135,201.7626803883335,267.30996217149675,505.1654642039332
670.4742756993318,723.9646212163598,719.9672983648094,752.1556514724792,402.91068114347235,406.6042895253216,723.2544670918002,731.2449739237035,568.0916913504503,560.2247755996516,681.4781085999032,674.6343680972145,705.6776160212364,625.9097662937303,540.8067911964151,467.7647495766727,631.4684749078976,685.1676803284705,689.1656974704787,670.1049720458984,223.92344955334232,221.91487531661988,741.1282100237121,776.3928251569233,510.20507028589697,543.9708783705156,398.6132083703141,357.3900649282667,659.3487364031234,676.100188530816,727.1526866522361,718.3068556722005,699.1756958395748,672.5346299913194,558.0615656977114,575.6820579436888,519.6713845677313,562.8352484526457,387.7741510655199,454.99965774879024,460.02442456855147,525.298369884491,545.7928432987796,627.3600520997251,636.0867357612652,656.5862320793999,535.7164120595318,534.8360244877689,735.9347653296686,663.1119144808862,711.3509703725769,663.3761099694481,569.187600345355,565.4457980511236,428.36870530231806,420.0149959534553,668.7517316135102,772.1537937190798,858.0076139709604,826.8843699414108,778.5273567000679,860.4132312169738,643.6120781854752,810.3255913973836,742.6543986761748,768.9912365930641,749.1200920790769,693.1533109561459,717.2859473744775,690.2866554892524,612.5144817592861,604.8498943516465,449.9427951147797,560.351203092765,299.18996274644053,331.9109716281085,595.6870040893555,585.6195607798722,592.9075362834525,685.6892100742886,590.6755221721313,643.3331928411242,501.20098065694174,431.6967143982649,517.003416345403,557.66061011203,331.68413345428075,388.1093617587313,301.2852055354354,322.9761188948112,233.19104168968866,356.5649316740036,12.879011506020712,57.915089292909435,562.9918416341146,564.58117365433,584.6684297062457,576.2631054356087,526.3704241687105,539.7812738581799,24.69624347537511,0.35973303685033764,8.051642004781458,10.53715805520603,59.60927172908085,68.29598659917872,101.51078402582142,255.85902881622314,542.7555209073154,625.1460149591619,646.6954431725828,591.9757941523685,458.2240140578326,200.83643335077846,266.77218945821124,526.5194607438713
670.0377733755281,722.402760394896,718.3543109417528,751.2113152386182,403.45593070983887,407.5176195395844,722.1489552841772,730.1718492353723,569.1977749028985,560.7039833029762,682.1471875818764,675.8115745665535,706.8199355058359,625.4817026810125,541.6943815934717,467.9655668034447,634.6589410429317,688.0835281067908,688.7320796338078,669.3520115966796,222.82010559240976,221.5375638326009,742.2938744185807,774.6009135776096,510.92881438869455,543.8510991819612,397.3497918060471,356.140889108181,659.1685692769177,678.1583627583068,727.4713665018558,719.8346105448405,698.0066232842914,670.9202964952257,553.2779399042544,574.6622858621988,520.7673107937044,562.4031775439227,385.3497014641762,453.4266869334246,466.1847911897253,523.633985042572,547.1047785282135,627.7226680375953,633.6625328117094,656.966998262015,531.8343889654175,531.8363012367195,733.2846908077117,661.1010733321965,710.1466771865904,664.1732631679512,568.3976809925028,563.1999749015359,428.28887031514523,419.85482359010535,669.0266351940076,772.1782299252571,859.4687551411903,826.0411912155867,780.852125615659,861.9687128159607,643.4995748070767,811.4825706638917,744.0162426393423,771.4351089487396,749.7382954929652,693.2604362145585,718.5522373466735,690.1554336126338,607.5658238041508,600.1850875166596,446.74023136523886,556.9201960708156,297.1865585990574,331.3909931451502,592.7340227971312,583.664974355104,599.0696982525765,688.982672555106,590.9895369723382,643.2827360103144,501.0394500923157,433.2715446811915,517.8769016610369,558.3564502204586,332.2927233036827,388.2244170753534,300.96951824178296,323.3488503245546,227.3344143468172,354.9091043527797,11.125922364437159,57.83732233102803,564.8075052897135,571.4319809735831,584.0157894827425,576.2053901361664,524.7682774182191,539.7143737681046,23.962115978172637,0.3105119548220601,7.966668615570643,10.373133630256053,59.244629599224204,67.59114065888508,90.86194993389978,249.42937207221985,557.9053677645596,625.0446710759943,641.8465647857461,590.0166761181023,457.89565465964523,199.7918997731125,264.7408138332945,512.5321118584994
669.8769326598473,722.378492528742,717.7038558796668,750.089324328054,402.6419612352238,405.57954502105713,721.4443438465739,729.5651065388132,567.1606529805125,559.4985218438945,680.4851209438913,674.1438463846843,703.8458260851904,623.049615168861,539.9725643675125,465.7924037713271,634.2666800982579,687.9041340089716,688.5330451000696,669.9099759521484,218.88193457656436,219.8840868314107,738.5620560584131,772.0724244193425,508.18322172714153,540.9884776859493,397.215088733652,357.0087656312519,658.74355254983,675.5252202540269,723.5190536619172,716.6672445678711,696.7091831271931,669.498347913954,551.0232525369396,570.376863410674,520.06432675265,562.0417366027832,383.73329171032776,452.2427839143446,458.7479853395556,527.9485003948212,544.1870897414666,625.9110456710744,630.2497749461437,653.0394746211537,531.26471827641,532.0852315075748,732.0360640248945,660.2892807879406,710.6983828010707,664.1389165797704,568.7457245283597,565.0291210997339,427.88358396641104,418.5470679292117,666.7400038385965,770.1423871660674,860.092483157988,826.5502051949277,779.8834903617527,858.307776985045,642.6872059300041,808.9926349341624,738.4291172312267,766.6062853705976,748.1141472419996,692.3054704573291,715.6648983317575,687.0294723932255,606.1964162878088,598.2429396519896,447.6420600261163,557.6915209221117,295.60526474662447,330.8879220452107,593.1061606485335,583.3018240394434,596.5897541451961,689.2039402553013,591.5743350032645,643.030630155163,506.30738753000895,432.97206131279466,516.6068140828137,556.4068763183619,330.8999441287097,388.0924076045517,300.8340511595209,323.5415596529326,228.94533429315064,355.49575501563646,12.058506730003971,57.83151897657625,565.5728719075521,570.2298651226496,580.6122758812271,575.3602346359875,523.1686189471917,538.0385104414886,24.320263230836165,0.3557552555989888,8.040210407099025,10.491297552293068,59.97187320101549,68.62341306553853,95.24068749613232,253.23322596269495,537.9449934525924,618.9613702947444,640.8203972938077,588.4526896416387,459.82692789563947,200.81415012217406,267.40816896611994,524.036474819841
671.0316314877416,722.7907540436947,718.039777721718,750.4975703190047,402.91225612551665,406.31276071710244,722.8738730610281,730.7520343666888,569.2872447359318,561.1020819554564,681.9831799763004,675.084536731054,705.3765768636765,624.2161299130212,540.1612694666753,465.4025130112177,631.1931249247908,685.1382624730716,689.2382401506562,669.8018009033203,222.22095075911946,220.6839172363281,738.5896463380403,770.8380858103434,506.4140102376488,539.9322196625092,396.1094495657399,356.1215223736233,658.0427707456192,675.066913143205,722.2801208496094,715.5317865498861,696.4821166345629,669.5021792941624,547.4006833283797,568.6369889960232,516.6481192836677,558.4479330557364,385.8679896976267,453.63232590464617,460.04387402143635,520.7545719146729,542.977136114287,626.0948954939278,629.4018609915603,654.4713789956611,531.9887123856663,531.3195767169232,730.5020561464371,660.2065640195025,709.1105814041472,661.9123212480449,567.4208164984869,562.5731206781724,426.396049979472,417.88140994242093,668.3957190623289,772.2882862513264,862.6239472424237,828.7924577952773,782.298562277089,860.6603300718042,643.0074275305511,810.4770575315373,737.896562035404,764.6296675778175,747.9065995077069,691.4099039282023,717.6326300748594,689.2942255346815,609.5303523776768,600.7051526366687,446.46215914805003,558.5329550210531,296.82411027991253,331.3980050960057,594.4097485151448,584.2282871863654,593.764317938622,685.1328353881836,588.466612132573,643.0011589780697,499.85253739039103,430.92717976391316,515.0943088670134,553.8651120651368,329.03458170610315,387.09483248447253,301.1249805931002,322.85257505773785,230.5764086380291,352.6231733400126,12.366113816659587,58.229797158500844,563.5107615152995,562.6883736303297,584.3448332175612,576.265861166009,523.6611083518458,538.101201418851,24.346169014593073,0.34058529755997435,8.030245034783043,10.433761182931319,58.69883164334369,68.3804854545542,98.66020306944847,258.13615190281587,542.7380814985795,625.5982388583096,645.2257739585518,589.4589028660255,457.5846103219425,200.37460886961534,265.41248320088243,514.5282287597656
669.5510845161807,722.150134158857,718.6225757576198,751.0757949418755,401.0827618621116,405.164233861225,722.2845206882643,730.1214063019448,567.5524507396075,559.2173182954554,683.574433117378,675.589574262831,705.2492861085241,624.83569870304,539.3407615025839,466.81965077248753,634.836248316471,686.2595717217835,688.878865501433,669.3124888916016,222.90568120777607,219.2716978708903,739.1713274615839,771.3728728218684,505.7824698554752,539.5721365750491,396.2747165827461,357.43658077054556,660.6726325952782,677.1232257230782,726.2979574528891,718.1971986897787,696.1130380145574,669.0962680392795,545.8241471663765,569.8536285032709,517.7183013109384,559.5718048236988,384.3455694360392,452.4366810259301,461.2762683805872,521.4317815303802,544.0615838319211,626.5506356044968,629.4056335412029,654.8155838146545,530.8917994972103,530.7482600979038,732.800018753544,661.3583379532935,710.9817998780554,666.9545652477794,567.9539941693636,565.5426330005421,426.861188344803,417.4400370811675,667.5962576892264,771.2394699081779,861.5109983242356,829.0379421956991,781.823557871943,861.1670370256245,644.9791321360736,813.1724620238253,742.509706867275,769.3398390771191,747.3486595625288,691.5381848278231,714.803026624546,685.6784379653509,606.7149420042296,599.6436535882168,446.96679124044715,557.993450676724,296.6526452769404,330.161606694611,591.4195430317864,583.7400531689656,598.927877223238,686.6621486118862,591.8504285556603,641.4953495481396,501.05229448636373,432.60699885606766,516.1755539831086,555.9394545582285,333.046246342098,387.3395809645257,300.18005505334196,323.5408123464316,224.5166622039013,353.7005666473508,11.017949324011742,57.40724874199396,562.8786529541015,568.8241235765361,582.4353971332312,574.7516613438119,524.3474007623493,539.1122795888439,24.009903060235573,0.2940359970873774,7.932192147448868,10.370203354953057,58.59532600484669,67.19635913980704,90.2757233315044,249.23577540762284,555.1144076260654,624.200917746804,641.7162864736263,590.255056839955,456.40658537546796,199.1586775724825,264.2807586843317,508.4279248467807
671.0034467929088,724.1095622958559,719.0979326318476,752.151153982398,402.1068683269412,405.07947538829677,723.8254200967071,731.3169612803358,568.649655359132,560.4451904795209,682.1754063551988,675.1051129537915,704.9730950645068,624.3833978243684,540.5239660916341,466.5457683650791,632.771916249352,686.8596500003853,687.9920006529125,669.066708984375,223.0265629655785,221.90219182968139,740.7095442795306,773.3647764296759,509.72417336171833,543.3713827447577,394.7092273775385,355.9004812902874,658.0603488886131,675.0916097005208,725.3490630622924,718.0855531819661,697.4354610766395,670.6076913791233,554.6901734725288,575.1231152637895,517.6923559247659,560.880814799556,383.35866845824887,452.1004145761554,458.82862128586066,524.0984976291656,544.8117443966487,628.3005821625768,630.3471494106197,655.7249681684706,534.3241897023414,534.8575433884467,730.6457584011939,660.8430457933208,710.4403525810291,662.6391584868402,567.7793922253254,564.2332096473843,428.007702109657,420.452595117537,668.6713666299609,772.9445724807404,863.3461049287932,830.199879630198,781.8514011548913,860.6063780553133,644.9425218681312,810.6296541975358,745.0815951219246,767.3966303765004,748.759874635332,693.2981140285275,718.4658342106327,690.958459337772,608.2637027706112,601.3513444681637,446.7225714867268,556.900314925553,298.1415711554928,330.0219496606101,593.1098335141041,583.3381304602406,598.1240429168051,685.2588817051479,590.3034014647035,643.1363642116936,503.84973494847617,432.5673041385412,517.4830455639288,556.385596895716,332.592701792717,388.00631468154035,301.10154390893877,323.1115601872659,227.19024297106515,354.2227655190602,12.173433859724794,58.55211744933451,567.3397420247396,566.2740902658236,583.1794546907768,577.5476013804993,523.6459682649025,539.2861817600092,24.300201062137557,0.3256069231502436,8.1164556398751,10.422538671920275,58.9683721842919,68.35204523881917,97.3194790598419,256.83221964275134,539.7971857244319,619.2402621182529,643.863540956638,584.9423831987984,457.74313547097,201.82773524575066,265.16793870925903,510.4403623383621
669.0772105535622,722.2549970077746,721.0747948463975,752.8650219715923,403.07074707386107,404.992769091257,725.1103167261513,731.668097365359,569.8267016362171,560.940788342816,682.3721745188643,673.4315937223888,706.6157228132873,625.691893365219,541.0234647224198,467.2890538727823,632.4035698045486,685.6710316984361,688.7503139452002,668.986855102539,222.16421292142735,217.51559346516927,742.8500854662831,775.9215555342417,508.268038764674,541.2996232378614,396.77687313016605,356.53577003214093,659.1226132590816,676.6359380274644,727.2279603812951,718.7456231689453,699.5480042797024,671.5396959092882,552.5929535575535,574.4123616046217,517.4013026569384,557.4353968302408,384.1104960931199,453.3073536733563,459.82319315925974,521.8527626991272,544.6652496807159,627.9225787122102,634.9201385901831,657.8946360984044,535.4399918564095,534.8970967706267,736.7997954337827,664.4026832688938,710.8962133424776,665.6106377492248,567.9014359546884,567.2956205255845,427.42034019712446,420.2211348944132,668.8044478384062,772.1554618505417,859.1566862102204,828.7367635014804,778.0449349842901,862.7520885282349,643.7982690093714,811.3589458387085,747.1126977721257,771.5933562409355,748.0224135195272,691.3956314957026,716.5864013866254,689.2835794522617,610.588244979446,602.9945795965976,447.13508115995916,560.2337917971921,297.5819183570751,331.22325263224855,592.673511567663,583.590382809461,593.9687318193152,685.9464089529855,589.9559041750385,642.6732030481264,497.59861103057864,431.9660484170914,516.5355100295617,556.3982811979419,330.34654102886424,386.403764060258,300.0654376441768,322.30700186211106,228.24532964380998,354.8600549468398,12.323908392400309,57.07984874344298,559.310117594401,561.4547253624868,582.893361851573,577.0492011022784,524.6595168077308,539.6883974145269,24.15750254407574,0.3206422784285948,7.85119188697747,10.255120105631484,57.50572447814003,66.55598885622076,92.01569201217757,249.97384867948645,559.551230690696,626.009346147017,644.8875859407771,590.1858638328843,458.4131518719243,198.6505582583578,261.28622329596317,505.4303609913793
668.1199121756706,721.2298080993421,719.1749987517186,751.7377439020164,403.1179884710977,405.79456701448987,723.5465888684363,730.1232623940326,571.1287157778837,563.498119174457,680.2243210707254,673.9697836134169,705.6133084174495,625.7959157426347,543.0448440070176,470.67397226707516,635.8272790411637,689.1395700904618,688.7191512301507,669.5825373535156,222.15330746604337,220.89736258188884,742.8232518893816,775.1840964423286,512.3536372833851,544.2675676031427,398.87998966617477,356.8765749401516,659.3645209726297,676.8332168013961,726.9451165787505,719.2881797281901,698.2801472938667,670.8069280327691,548.6915289173955,575.087982545416,519.1116642888948,562.8398960961235,385.9605130473418,452.4616844663013,461.359570862817,526.1934578418732,545.9081747248059,628.6060272506063,636.0236277553696,658.7816807261685,534.0359439928669,536.3290101998335,733.7502191358997,662.0292627776473,710.0132704038878,662.056712854796,566.7499513497802,566.1180761374679,429.1247137156092,421.090624872089,668.1373729225318,770.8763947304752,854.6182701819401,822.5053376274753,776.3498728876529,859.5060479124002,642.5005917797031,808.3905014069483,748.0109227877945,769.6828349169526,744.7194913199778,689.7564984482087,716.1632250160169,688.0695839560493,607.3044378607123,600.317958581643,446.6211790032343,556.4160866345162,296.46926901997,330.4565719819405,589.7983766149302,580.1008247597089,597.9516315866024,686.6387732369559,591.5933482436842,643.6713774876041,505.07755220095316,433.66155410051346,518.1854182197134,558.413021943508,333.64700013329,387.95251819631255,299.6168976907308,322.0422984938514,226.70372936197245,354.80739633878073,11.415136068619582,58.410559421034165,563.3103668212891,571.8237015029131,580.3884209860116,574.7730876870825,522.6103058734923,538.2340995396845,24.13356412741766,0.3494892136504253,8.06693378137689,10.478996908308233,59.165991230708904,67.89460397376529,94.59040924741163,253.29508735151853,540.4938104802912,617.6400113192472,638.494244261876,584.8071781593032,459.44674127242143,200.48720926098656,263.5684792778709,510.7432061557112
668.8893625018447,722.4632340681674,719.928412338783,751.7473713430276,401.8700361340545,404.52922214886974,724.8312376628853,730.7889233917886,569.661602448444,559.289124661049,679.8160534370236,671.7292189946251,703.4784528100879,623.2347169482274,539.8577215505477,465.4934543641885,632.1468063282176,686.5532428830169,689.0536517731531,669.4644815673828,223.13754089011087,220.05181783040365,741.0627579351868,772.9146290582324,509.1638783409957,541.2180046249222,396.6872686733857,356.88042187690735,658.0986427091202,674.0841756938416,724.8346122681626,717.01851369222,698.6737439430366,670.9889552137587,557.2512727820355,572.6566603327371,518.1718154436692,561.038156721327,381.1345997516598,450.67587323135206,455.981596149382,522.4203650951385,543.5991834260169,626.6837213886857,636.0053025786259,657.5030777858711,534.7122173309326,536.1683481623243,735.9734730874338,664.179113449589,710.3383422591357,663.9467562017306,569.2389749090768,568.9915151970059,427.5603215074031,420.7965277322185,667.7716688843442,770.710971498655,855.2832020703969,823.9792075380823,774.9842486837636,858.5411422877636,642.3866557549993,809.3250947332186,742.9606653469712,767.0845443888228,746.2074047645826,690.7474927331874,715.6108409128371,686.9408557533559,609.8305921468649,601.8070998270003,446.7069642828145,557.0742270069205,296.6669911923616,329.0946047071,591.9163892151879,581.1178762348856,594.316372485871,682.2571291242327,590.145910094981,644.2537579743902,501.43047315915425,432.08879886229835,516.4928124196729,556.9625783549641,330.7944350018221,386.5962419062315,300.4645089066277,323.11665914524724,228.50406619096697,354.7665210482478,12.231682122655373,57.27504410010049,563.7736857096354,564.7241609217757,579.7039632536471,575.6125566991745,523.2170745616651,538.4233686451807,24.3372838735752,0.3416049746830982,8.01463431084288,10.295777903844803,58.95282324420959,67.92701310192746,97.39591110911634,254.04277880051558,533.1212074973366,618.0009676846591,644.0381912129037,588.5298774815813,456.0081496145211,199.18547351553775,264.69947169043803,505.34581572433996
668.1862886647266,721.0765303361295,719.302314268423,750.8930471503877,402.02629802615144,404.3610465100833,723.9640574735754,728.9550966692985,570.5812534994009,561.4252169591482,684.3323143439565,672.9224876040504,707.7460099967839,624.4158377241992,541.9416783176251,466.3704222331272,633.60360037998,687.1284545442195,691.1225231652973,670.0077254638671,220.487130740347,219.63145688374837,741.8935620746915,772.2010830773247,511.31747468042124,540.9641518226036,396.5844555849528,355.7749584780799,660.354658882573,677.6987126856675,727.7615132970134,717.3693379720052,699.3555649579581,671.5382051595052,551.5638808540676,571.0844175040004,516.0084764253726,559.1894947334572,385.85116838557377,453.13805929462563,458.3790373254995,521.1823813915253,545.2123049753053,628.5921505028602,635.8220034416007,659.8568748005649,537.1742686141621,536.3696172087342,735.6430975144909,662.942812350259,710.0478173259603,663.3532757212218,567.3978890046945,565.8026921889361,428.7577139700285,420.8802492204938,668.5101781638272,771.6938564471072,857.0453715314103,824.3287966586859,776.919158033288,858.0669920097278,645.5350746831398,811.9471419691549,739.2375114782533,764.176877403136,745.8731937922788,690.5581528527017,715.1485625831945,688.7943777853612,608.4392237963978,601.2903679707011,448.2284539598937,558.4157977744098,298.05367367509484,329.26245181661255,592.3083598652825,583.2360894294201,594.0156094165559,684.8393467494419,589.955334425886,642.2997033316127,499.25897827466326,433.33489732464153,515.9394979082015,556.4039155447472,330.3011550044312,387.1328321002451,300.5223850219821,322.501641652155,227.6189201508976,354.4120074837903,11.714322698464255,58.356913008404824,561.7675628662109,567.2714973061771,583.182112429291,576.1328263088589,523.8736802506386,539.9017191282986,24.53616793707356,0.3625478903590529,7.915780642447899,10.446427035738347,58.51066846163007,67.53063509971784,95.11473274148173,251.46480194260093,557.5480235706676,623.4519464666193,643.499433888685,588.0891717838335,458.7426854675891,198.8184182024316,262.2622856082338,518.3009043726428
667.5491010177234,720.3410873798409,716.9477748712093,749.0459134227251,400.50180731041485,403.364605145795,721.6905725451484,727.918401502244,569.1127279534631,558.6763424521587,682.7353124851134,673.8270536029149,706.2228955748151,624.3129368986678,542.7128681377392,466.577793819437,636.1248422053188,688.2436550812072,689.7698492875958,669.3441004638672,218.97749977227716,219.97474466959636,740.8171797170268,771.7664483085512,505.63161654497316,540.3119422996438,397.48301814801124,357.7990937497881,659.9872674042324,675.3079773702739,723.6478125304375,716.1578693644205,696.742543753931,667.9974139404297,549.4221615335216,567.9921220526638,519.5968722036756,562.1918503090187,381.61962475840534,451.5445003866703,460.80106291223746,525.1580448150635,545.2896277071937,628.6472574387682,635.29501164524,658.3211195929009,534.3092724666122,535.130571882208,735.8177631501229,663.4885770176862,709.7858265271672,665.9975888311743,567.9184657896581,567.8623624502444,428.52143569187416,421.26739538554864,667.1535937673813,768.2923357740597,855.1043143550469,821.5178586519681,776.5792055876359,857.8110995493274,644.5052270918446,809.4991894317752,735.57757613908,764.1974466087282,745.4382554000683,691.7464291183938,713.1616238150627,684.8471937653768,605.2760685413807,599.0948245564446,446.5351378589595,556.8240810245662,295.6081950975501,329.6514385384573,591.2517002293321,581.0415413884207,600.0097149788065,685.961555480957,590.8488165318281,642.0976620438349,504.4751277414958,433.71710346976914,515.3810128627895,556.8302538453797,332.9434534213122,387.36537858295094,299.633179232711,322.8680570438167,224.9282950956425,354.4031771969919,11.362002420600792,57.94399555682596,565.3439290364583,569.3245554778536,578.071664178744,573.152040990769,522.8165474908649,539.0857275330933,24.03328484245331,0.39145561157967207,7.972037908699091,10.403037958492185,59.872106653804806,68.03543383479919,94.79610152873728,251.45948700343862,532.9262084960938,618.7736871892756,640.0812767080013,586.4246358750742,460.8761645298378,199.17533293314148,263.996389056697,521.5422258048222
670.4692724378782,722.44994517047,717.4134982513899,750.6207266233831,400.72582681345386,403.43210124117985,722.0727486248618,730.7501351604055,567.8776301315853,561.0596297178112,683.5499268198402,673.2528221978082,707.4102123646549,625.9339023003212,542.0598621320962,465.9717984010209,632.73000259761,685.1807610648019,689.1795481247007,669.6832197265625,221.2732527256012,220.31118024190266,737.5415946057692,770.4425350976369,505.7307441321967,539.494733286428,396.48960754225925,357.4112885461913,658.4828553109799,673.0952206835335,720.0154044083723,713.9365230814616,695.2218940864175,668.3453245035807,549.2629738185717,570.4889849927052,517.55936307529,559.598423216078,384.6905097067356,451.34673572211676,457.0359379502593,519.4553644657135,543.2270023981257,626.6650039166636,633.2203322094463,656.990847793936,534.055787082546,534.8434712936828,732.9888487292874,662.6080872065161,708.4080420325929,662.1797826256551,567.827397470517,568.5039426205205,427.55599945053115,420.619845078249,669.1575089754436,771.5404966341125,856.5375635134736,823.5977496492483,778.2567922044836,859.3443501296553,641.8152529281942,807.7156613746298,735.109918167342,763.4886153049247,744.9442746280284,690.4168619731537,717.6528126904919,687.6589343666371,606.6586937775483,600.3544339039287,445.47239685058594,556.3005351937694,297.1685127590014,329.0118711229781,591.1860321545211,581.4712320541445,593.0624597427693,680.4881243024554,589.000052178043,643.1490058148105,504.5052436860402,432.0605326741934,515.5647294888937,556.2100085024593,330.0418482042411,387.079385752282,300.3795589376241,322.8458073964172,226.27202514959706,352.2476810625568,11.838886421343853,57.562019673766386,564.0827707926433,567.0704231908766,582.3611043486744,575.4930894256178,521.7774420391208,537.5079399052926,24.38898325287492,0.3150799215633284,8.043577007968189,10.356459589578611,58.52635314794543,67.5322211454372,95.64850485821565,253.31844355078306,530.1478798606179,618.5687333540483,642.7919956693713,585.6444671244561,458.19177571464985,199.5392333091351,263.31732326565367,506.46690526501885
669.0570261120937,722.5609190969756,718.365007144234,751.136254196623,400.2737137905387,402.931466330375,722.3141038249114,730.3315827065326,568.3791203596154,560.452593095967,682.0347027042047,674.6498946174743,706.314029647801,626.1614873978773,541.0284150856644,466.1954283465819,631.596574828523,687.041657888216,688.8394917455213,669.411039428711,221.9632350007693,219.14857851664226,738.7608959286072,772.1503738524422,504.38568693680287,538.256633255508,395.1435391336515,355.9275294144948,657.8005788911064,673.1697614504967,721.2767348402128,714.3278247070313,696.8610376261048,668.8042272949219,547.098551343835,567.6047973632812,515.1159837361474,557.2746709894251,386.6342896223068,453.6692689331283,459.3669316026031,519.2423386573792,542.0390672134974,625.7886273714039,634.4170447883499,659.6031320471512,534.2847695114199,533.6629066467285,733.2546314854776,663.6400875931611,708.2602903005239,663.8671040640511,567.574518178076,568.6394102059159,427.63492650079473,419.3903040396211,670.0326764711546,772.803724275695,855.5614975997232,823.8183314053248,777.7307772163723,863.048006767594,643.6741123024477,810.0573062190304,736.7266977794135,766.3132878236993,743.1148023326746,688.2290330974382,716.3171110699891,686.9494075880525,609.6248069969383,602.760594790099,447.1775868967039,556.9458275997277,296.40195033861244,330.8818559243646,589.9395801981941,581.271203891865,589.5753167335023,683.1013575962612,589.6994148926717,643.1361769859303,498.3151976585388,432.8146865884463,514.7989453000645,557.1546259221867,329.8502967792399,385.92085703357463,299.1849102472576,322.70892772245463,226.42204013287528,350.84563108642897,12.15370503533416,57.1080454441581,559.7001566569011,562.1664289054224,579.9791199667379,576.3142109521374,521.1727386066932,536.9468662103405,24.206139595786993,0.32964324474817625,7.9150915846427425,10.231019948901874,57.94539347636046,67.17710095923394,96.14631711443265,251.34971814997056,542.4222412109375,623.0023770419034,643.6118874773883,586.3495458289037,455.068673844431,197.34179258947833,260.8967804186272,496.78371560984647
667.4348118229206,722.8779196642867,718.1632479419322,750.7182778666219,402.34331243648086,404.24901237658094,720.7666594496367,730.1514979325964,569.4059707875155,561.9049490612061,682.5638637387656,674.0137831551688,706.2086893542962,627.9412082255128,542.5853441153,470.74361632302146,636.1018734611041,690.2652159782739,688.3770096585212,669.294208984375,220.90582542949252,220.3009133974711,738.3397459798045,771.6509159481715,507.26384958047515,542.1605947305868,396.5785303273912,357.03633601135675,660.4963853224268,678.3720994360652,723.8954658408178,717.0701127115885,695.6342988095041,668.9995098198784,542.450659113345,569.9139349144625,516.1328437569908,559.2851179617422,385.19464087912013,452.0626555596398,461.4394693843654,521.8482050895691,544.0217137473916,628.3472800593805,636.0142571149098,660.9667528498243,534.1674371947927,535.9915896395703,732.8915592316658,663.5303951036021,707.890018747887,664.8394286579769,565.9037602172305,569.2079851580601,427.7890474297649,420.9874464837307,670.1949682496855,774.0295442122,853.9513197830893,824.0395658253282,776.5915869140625,862.576644403649,646.3389083442338,812.9175964167089,740.6412102998192,768.365113475218,743.6117871445216,689.1980847927725,715.5599654859798,685.6411846013359,606.0019155622603,600.5750878443483,446.7982849331077,556.9056527934549,296.5187342546988,329.11323869732064,589.4816867015401,581.0661051263453,598.7947426653923,689.9278204781668,591.1334773973487,644.2339156714593,502.30974077860515,434.31283617973327,516.7615774751234,558.7658507866963,333.36469282262465,386.8540900192536,298.62557200187194,322.963496431211,222.9520015357116,350.7389296032985,10.810762830978126,57.21007601845208,558.640067545573,565.887760485633,580.4967193696648,574.1795609418084,523.0574512044892,537.6311269167875,24.46808553690483,0.31370638130007406,7.964664677626471,10.28419077566775,57.94347221390962,67.23367137292661,93.06849819752905,248.84413623809814,557.6949962269176,619.3825761274858,639.3790223806496,585.9777463116224,456.4068674573711,199.46669836211623,263.0090133493597,502.51872200801455
668.4819873508062,724.4508064587911,718.1608382416679,751.3980772428779,400.1462937998217,404.1348311038954,721.6943151501641,731.1497962204953,568.7557553077231,559.9249559132779,679.5240436957134,671.9949767460898,703.8614916531545,625.1855533692518,541.0471065566314,468.0869119566664,634.2669852740391,690.2351605741685,688.783545132341,670.3202274169922,218.369906882445,219.2454448699951,736.1471368506185,772.5724229055737,505.9707128414933,538.9773100968246,396.17270302113906,358.34343585703107,658.0273691393295,674.8436107870973,723.1948022717253,717.3632107543946,695.1797915959762,669.9057509358724,541.849842171047,568.6960008000754,517.9358246925119,560.3989753723145,382.2883863193648,449.4152444418003,456.8796619352747,526.0115101337433,540.8641174027607,626.995201146998,632.9558581907437,659.7556740721764,533.403683595421,535.8267004239809,731.8703428206906,663.8128082046061,707.1929432219673,663.8284101582149,564.8141640633211,566.5002230475931,427.37339136486156,420.4874052146843,669.9068007537073,774.6989260647032,852.5230811759668,823.9758171095857,774.3101245117188,860.3186875130366,643.633869509449,809.6139955481384,737.4495678802035,766.8055297324207,742.0245638600896,688.2640675079176,717.6464656173803,686.109371627892,605.876404839593,601.0860933397637,447.01482905816596,557.2448589770825,296.15663146972656,327.4088777354066,589.0611139516361,578.4124805244668,595.8763401761968,684.3091877528599,591.628235798686,643.6664684879187,506.63509583791097,433.8668561416864,517.5923207488879,558.5066749377129,329.929157111224,387.29898636521847,299.37672100557637,322.9694227798619,225.19780731701343,350.7184497768432,11.504791660362605,56.74526368753171,565.9534138997395,566.9215910313493,578.6206755805761,573.5692185621995,523.9554207682913,538.6295809197834,24.394473080682616,0.3040228786562457,8.02418188179053,10.183907839745682,58.58058449709501,67.44771352083853,96.35296646257241,250.27561419150408,535.842959317294,614.9161576704546,639.4779351765677,582.2350355703619,455.63750044504803,198.44766826875377,261.8973059365244,501.6964111328125
670.6414128723504,726.2539141298545,717.0996870750763,750.7274966144942,399.28739156944806,404.9977570090975,721.3351976113348,730.6881232858211,567.8035195992917,560.7176629954674,682.074990187234,675.7069154043046,704.7229689635707,626.6307176211585,541.0831467452927,468.7653247239276,634.6631732958753,691.6927754601767,688.698377411941,670.7621457519531,221.57802095429764,220.21318613688152,735.7333259610043,771.5301642947727,504.9420525940301,539.9606986412635,397.11906538483845,358.55511752764386,659.4872422848108,675.5707003746504,717.4082291170055,713.1277742004395,695.7983927322647,669.2606667751736,546.5402537470278,569.1354230398155,516.7163065771699,560.3417198039867,386.3140108776944,453.9804350463639,462.6862275170498,522.1492810249329,543.9924134299869,629.2756792402945,634.0095983693859,663.0402310466209,536.912476216466,537.8323178824845,734.2184740128056,665.0923211511629,709.7817313907383,664.3567899439176,568.0373343908199,567.2096524519079,428.23265294113975,421.76897633485436,673.2021241370845,778.2673624731876,856.1211952555515,827.0237862048408,776.9571324091372,861.4501254381099,644.5717080025862,812.5898909078213,735.655387081317,766.1324725385168,744.5727231357874,690.3873481644378,718.6673077625834,688.7944008843016,608.1061225409981,601.4415283203125,445.79775836489614,555.8379862071116,296.1665871661642,331.1352897966412,589.2666881123528,580.6535243117463,595.0769315679023,684.9668611798968,593.0989644426952,647.1481072929024,503.4523724683126,432.89697316509984,517.0369766764704,559.5166310661765,331.9744066371637,387.2521143803097,299.52597056049854,323.4564983128649,228.5028131935233,351.2433317315579,12.1084847583595,57.41301290894778,558.4149586995443,560.0067402467889,581.293909933418,575.3707762498123,525.3254880249955,537.7213462885551,24.764193536211295,0.3504511337986009,8.084310121106224,10.334511860975596,58.37312404555241,67.35755693887471,99.49520500087075,255.4130673829247,537.1222062544389,621.1916526100853,643.8532890985476,587.131377208082,456.6910935196222,199.84037063388448,262.8431672038454,512.0872655408136
668.1708881328632,722.8391697045529,716.6771712059357,750.4255943830269,400.7154091014418,404.46500282974114,720.7123167228211,729.1497148749169,567.8587848410315,559.5104583804114,682.396917761826,673.345977286687,705.8649045967115,625.8688635652364,542.2374788611683,467.9273583303314,635.1098994395179,692.8184526766654,687.9000724704787,669.7362386474609,221.12569332785077,219.83376220067342,736.8392831106034,770.2713400825621,507.33585478997355,541.8835139431797,396.4016153746547,357.56449448400076,659.1612884773398,677.9513139512803,721.5270155458626,714.9221815490723,697.135291859255,668.9636096191406,541.4994561900263,571.7258598603398,516.7358984590102,559.3741698088469,384.7962172797748,454.7386069994294,457.6225268254515,517.9842629432678,545.1138172390915,629.6934301728886,636.852384120973,664.007656208953,536.9715623697958,537.3535415876162,734.5867281513829,665.8602607159321,711.1944895649815,667.6408019727864,567.4674606323242,568.2612057199665,428.82643897664695,421.44958678243984,671.4452311420754,776.6064895192782,856.036151663531,826.3048114311405,776.0755521824049,863.3106322550851,646.1618252908783,815.1783335885884,737.5674008042065,769.2992079153233,745.3985584259033,691.8879766464233,715.8317387088848,687.1776576595412,605.1948882781708,598.659508220485,443.1987015610441,554.9941110982523,295.219086356785,328.44971734705103,589.444438496574,579.2594709594221,599.2537724921044,690.1485388619559,592.9870098888646,647.0320956720172,501.86654476165774,434.86463262399036,516.8713422968524,559.7215286661983,332.24598213293973,385.57636354115897,299.7674200516194,323.18635943276234,225.432213175188,349.58315035209057,11.274902582373384,56.7472839140084,560.7387491861979,569.3481998766883,581.739197704941,576.8039848016938,523.6421555574917,537.0319383056939,24.54208559899493,0.3265669806261064,7.9067280655582906,10.201827063059733,57.63938909297438,66.89373060940734,92.80961230562792,247.8943476256202,558.098466352983,623.0450650301847,640.5959151095192,586.025087380711,453.90344355153104,197.19849577049413,261.72811873753864,504.07709792564657
667.9708102067499,721.5054630414404,716.5519212502787,749.8877902277912,399.75704579464224,404.2224461638502,720.2915369734638,728.1813724858711,566.801772964244,559.9594649755564,679.9148995624325,670.8318813384525,703.1375715671231,624.1970641950846,542.0055712028523,467.2544224220825,634.1851222323015,687.9979077969674,687.433158085264,668.2097501220703,217.87152613533868,219.47058048248292,735.4503589564072,770.3949758136083,506.157036229578,541.5911805289132,396.48370361328125,357.2113059891595,658.7030276172566,675.905480542595,720.8486885611467,715.2633780415853,696.204324689962,669.8841488308377,542.4441689532736,572.3401901061276,518.2949320251196,561.5609496787743,383.4032837801746,450.934112877435,456.3413163482166,523.4715175628662,544.1775890267085,628.7285454194127,635.0453271573632,661.5803402013946,534.0905553250274,536.9703470643584,732.5347849692067,664.3634133775912,710.1133196743606,665.3111306925415,568.6851260266496,569.8420734405518,429.5096212720786,422.05329418650626,668.0351496317301,771.2153636857315,853.9568067513584,825.7172253234748,773.5489346446162,859.5763133521219,643.1915190810457,809.549409403232,734.6109421004111,765.8536252236181,742.6347957439637,690.2030510405009,714.7914587130213,685.520049543012,603.8000449790611,598.6202954776952,444.4613899790913,556.0316726882736,294.7508017498514,329.48885764538403,587.2484773729668,578.9694731779613,598.1336423184009,688.5428423200335,592.8660324213605,646.7795429055203,505.9811847813924,434.2501736630003,517.7619386874632,559.9643629337647,330.772992998011,388.53184173942043,299.53022371108335,322.5325036499299,225.49131877858235,350.8761275311311,11.50110941673241,57.096850274074484,564.7098032633463,570.2097917977026,580.4294577166438,573.7103308423073,521.2219397469635,536.1705240375546,24.548658012737224,0.35584870215539854,8.002412865350934,10.323381110265785,58.420000821859325,67.78244886935879,95.86237187021308,252.96912919773774,538.7143998579545,616.134209650213,637.9426490732487,582.7573771416387,457.3392182331459,199.49276883351175,262.34872211109507,505.8407424400593
669.0042716682731,722.0079198991409,717.5332115164268,749.9636670070815,399.4026286413503,403.1566347086004,720.296209857287,729.1094811232547,565.3036103929792,558.1320229553786,679.3534794008829,672.5521396697513,704.212916379114,624.6859908046027,540.4926806083366,466.27185573708033,629.5067318016884,684.8045700681566,688.5524203128741,669.5289240722657,220.8101431528727,219.45496400197348,735.0807505438338,770.9254123899672,505.21620466322173,539.9065380725232,395.64684114403485,356.58680877420636,657.531472170128,674.5935991452064,719.5138666348195,715.9998096211751,696.4059501260014,670.0949338107639,546.5812346748684,572.2901887089373,517.7476298462452,557.4386351550066,382.88402757314697,451.58938242880146,455.0705253726146,518.1975345611572,543.1669826398767,628.044814051045,637.1061361549956,659.8776150195919,535.090270669007,535.883426762961,735.3753514443674,664.9980945139687,709.4529185644908,664.4823511630236,567.9324809531995,569.4181372137631,427.67156473781455,421.5439593620269,667.6083601317557,769.6001017601402,854.3803010944671,825.2710776123276,773.6651375679348,857.9251617135353,640.790192490324,809.6999846328923,734.050559883687,765.3237284591339,743.7272629384245,690.8268389270767,716.0690913109263,685.7747500930702,607.0597259590218,600.7790596133373,442.9072327220112,554.9304711808373,297.5720550979393,328.738344649194,590.970549411461,579.7386063065271,591.2842199447307,684.365841456822,591.7266389693337,646.5527641474378,504.1817692947388,432.3498936112722,516.370234907041,558.2617798658744,329.4915526376051,387.24534163965643,299.5355886798352,322.7361380383994,226.27465951960795,348.2139855932941,11.704837064316962,56.200684856833284,564.2845662434896,565.6767810886189,580.7222496401519,575.0264013644257,520.7527160644531,536.0868913981617,24.24404999559843,0.29538209929165465,7.844432554174649,10.090902420621465,57.95791498365507,67.23448884623846,96.57794356842835,253.29221869216246,527.1579034978694,619.1604336825284,643.3182782678796,584.1978850545762,453.7493240786534,197.82531926977006,260.33531004009825,508.7891950936153
667.3689922166124,719.9410505776453,716.0102702082976,749.0761730604438,399.6529534583868,403.46516042522023,720.105987132561,726.9533321039727,567.2748439847206,559.592716965519,681.8552090404479,673.242967538985,705.0098959659426,625.3881702114213,542.0479733920216,467.77153925593973,632.1789654917062,686.3657793824459,689.4953814977887,668.2812061767578,220.46291728814444,220.4945868174235,737.596822573509,769.988142437405,505.84583975257675,541.0416234194578,395.31819452106623,356.0216490957472,658.9878960015639,676.7397211522232,722.6072883505834,714.9319412740072,697.1246880353507,669.2535485839844,546.3299218882685,570.7405616116811,515.0012600264361,556.4973030796757,385.5256407175745,452.6477939877171,455.1300268954918,516.9014196395874,540.622923875612,624.9594714268688,633.394903281273,656.5737910912051,533.2523095509238,534.4565653534203,731.4729397189233,662.0216628519321,708.6357425778068,664.5871276586828,566.719329423434,564.8976646311143,427.7497182545082,420.2824226245162,666.7898788201456,770.122880567831,855.0991540500979,824.450632463924,775.9197723123301,857.6581577930635,643.2797269208716,810.159306773433,734.1749181035739,763.1353428074248,744.0567053076926,689.285422262794,714.1593321782009,684.5896817202067,604.4596524281545,598.2653518113933,444.12295423735173,554.3754207066128,297.17858333864075,329.31901808187996,591.7554316286181,582.6618919530845,594.3258069626828,686.5879135131836,589.2430185486073,642.8113902925786,499.31201152801515,432.5936510201295,513.4299570545751,555.0620674222057,328.88652287932,385.20605942746795,299.31503999295336,321.97002922280893,226.9534502272227,349.90084823958574,12.154954950626738,56.96032340359973,560.2103047688802,567.6735808808925,582.5996826849878,576.6306175128367,521.0158819921751,535.2171053524996,24.646013154685008,0.3269804714092364,7.807105906011557,10.2233504076559,59.09288165517156,67.09442833876138,96.36825483126773,251.30373859405518,558.7896894975142,623.3323197798295,642.6483613084627,586.0482674127893,455.9654144960291,198.65551100213798,259.50144376176775,518.7547733701508
667.1804945404161,719.4367568083484,715.5452667036748,748.2534807592749,399.54448544701864,401.98710836257254,720.9969480860874,727.4841641040558,567.0688680532028,557.7093230388203,679.7861185461525,672.6156140705896,704.3397538199841,623.3915763113663,541.6870361999493,466.14606223449516,632.9232245711919,688.1297344068356,688.236485974542,668.8170880126953,217.96815526485443,221.5034382502238,734.9782089547161,767.2219558291965,503.312858939795,538.9377241449042,395.1633862658759,356.45441524187726,658.73834206923,676.7685690797406,722.8631642659506,714.5299962361654,696.1190565723484,667.4886942545573,539.4752862018088,567.3019206954772,518.0883323904701,559.2971959290682,383.5730376562902,449.48398795824374,457.184549300397,521.94953083992,541.9885734187233,625.3618400537572,632.2081393637696,655.430394100167,531.4941270528747,533.9990421575266,733.3648698376071,663.6134593997183,709.8821743740539,665.290743714607,567.4148906827508,566.1146728571723,427.20681587078644,418.84935566758566,664.751030912535,768.1550764386301,854.5566792498397,822.0761447069121,774.9926173997962,858.0581597386827,641.4787208487135,809.254601655183,733.9292156162546,766.1539259258783,741.8513110514438,687.4321515079333,714.8997523799824,685.0110955844268,603.363899230957,597.6375091427662,444.08724275641487,554.1147315615699,297.07854528012484,328.6547866606376,589.9704433503698,580.0534180447273,594.9110354159741,687.2830363682339,590.9586749314349,641.9110549579668,503.9552657063802,433.98705615242324,515.4935718460755,555.1541441549659,330.44812606362734,386.9088676604123,299.1779612406778,321.61229414168713,220.66553499023405,347.77493022809426,10.859836052557782,56.32143338459358,565.4928629557292,570.6240782656912,578.7311730459332,573.2378382618072,519.682092157029,535.7647723731901,24.29107858000421,0.26416572218553885,7.785430070770161,9.996192622074782,57.73688179541212,66.75906061048254,95.47632837957806,248.231030478197,544.9459783380681,619.6507535067472,638.3764042182256,583.7015550830696,456.33118320913877,198.52879880434065,260.93638631069297,505.28326836947736
668.9907329608868,721.3557223840194,716.5734489704,749.03897182495,400.1888461423475,403.7007410654,722.2589174288516,729.6307269157247,568.3651327600285,560.41111012365,681.2868402992807,673.9598546951536,705.0603020538802,624.5329877644898,541.1688288432449,465.74268506360113,628.6785632671338,684.798717764921,689.8266327371999,670.0507770996094,222.00401986969842,218.29290682474772,736.1579344833397,768.4855869686793,505.0198034790798,540.2005556965922,394.92524769819903,356.8231892983119,658.3368279259159,673.9862851743345,720.3598304808609,714.0274784851074,696.5770208067813,668.57249742296,546.7994035140327,570.5940890024943,516.0017435351132,557.8377650225603,383.7764511991824,451.1596764839544,456.07245048147735,519.0975358486176,540.2452636857828,624.5828679523197,629.3175532731506,651.0736989026879,530.1840486408265,530.8544086909794,728.9856364588584,659.0978004296154,706.9227162192994,661.3283583988366,566.0946606007392,564.3299968756882,425.4101457273981,417.978779478276,666.1781089089134,769.4316899621928,855.553249944106,824.4371977872294,777.6005167289402,859.2340791078833,640.8369642718487,807.9720292660435,736.2102187427122,765.3234577413061,743.1995964178878,688.0856896720112,714.9984042416712,683.9685149640668,606.8938449825253,600.439652177154,446.0713825050844,554.6141979663403,298.72597437319547,330.3302249102525,592.6338628550045,583.450293576569,590.226630028258,682.4719892229352,589.0749683307048,642.9787335086264,502.18758684158325,431.2407560968399,514.9068024639516,554.7830734155569,331.02141835268804,386.2663052710385,299.43202557461336,321.9206462576009,222.77993209919646,347.8967769347628,11.43021701002942,56.34206110491629,559.7322184244791,561.0764175673662,580.8641379997134,573.7083074647377,518.7954392081302,535.6094543158571,24.25519150015163,0.3035135228117859,7.772234285028986,10.05661772093902,58.135818411397494,66.90344740847947,97.75366674198045,252.84341443286223,533.5621809525924,617.3460338245739,643.9376634431366,584.492720591871,454.19644769032794,197.63785804612073,259.81954352060956,514.206497718548
668.486128085338,721.1469311955,718.5216649312894,750.9286303349226,399.7473431387613,404.13470856632506,722.1718186218313,729.1825682035405,569.1048816466819,559.7824110984802,683.0563684479008,673.6589358496287,707.8042795171459,625.8655870221404,544.5907935265878,469.5186270425101,632.9244721760682,688.1269526941039,689.9902149068898,670.5974523925781,222.33332282967038,221.0515895207723,739.7358995467897,772.0915245782761,505.83722652814777,540.359254522638,396.8268419128755,357.65117953883276,660.0796703302635,678.0793409936222,725.4440447389297,717.4013960266113,698.1659875643455,670.2627611626519,547.032155509617,571.9008340490869,518.0538920263887,558.8893247533728,384.5930840075016,453.073669333583,458.8324214747695,521.3715968132019,540.12092997252,623.9180548789942,627.8248085909236,651.8867002230638,528.4158028374034,530.1367885616276,729.3207546111076,659.8618625182211,705.9182077699953,663.1755480468872,563.9078060201465,562.7953836777631,425.1382352251354,416.9737679193531,666.6489816354374,769.9138784452721,854.8233969505096,822.6804316021488,777.1173950195313,861.4293986200129,642.3936174958488,810.5710194199173,740.0217294265975,769.879242657999,744.1743154590049,687.837048273259,715.7770465437774,685.3929389405646,608.2550204509014,602.1660055254326,447.8505279820993,557.519947663014,297.45887789518935,330.7617707588303,591.7729472175973,583.5203230608548,594.8598905522773,687.9791608537946,588.8404284363962,641.1451854362507,500.09478587468465,433.1331057671706,514.8666092725578,555.8296536692867,331.65262946100796,387.0713189706906,298.8899809359573,321.8378078722449,220.1337973313542,348.2552502472202,10.827247759445864,56.170399392660805,560.8848225911458,563.4058574094611,582.5655535943806,574.939371997954,519.9987869262695,536.4446175815424,24.064850609093952,0.2877773700161251,7.733956250595191,9.942037602630444,57.530478157897555,66.15182305465174,89.41950760616197,246.7929644724902,563.5239202325994,622.3598455255682,643.3768636204252,586.2018820847137,454.1186857831244,197.8205008606116,261.05946738792187,500.2420612203664
669.1502107982793,721.9917628741024,718.7535029353484,751.0987604604775,400.53079074149906,404.08981927377835,722.5165489047181,729.4024779234542,569.1526438849313,561.0282876882396,681.0179445840479,673.872768026685,706.8128867828212,625.5091298524185,543.0503345425449,469.7701996106368,632.0736237295431,689.2176791219616,690.3863634716049,670.4524802246094,220.0588321685791,221.12678724924723,740.1536932941123,773.0250851161896,509.9131673842825,542.4244188581195,396.90810002279545,358.1737816333771,659.0640366032438,675.1214149004147,725.3324121590362,718.3338138834636,697.9626351049391,670.235390625,549.9939331054687,571.9964787127024,519.503701634344,558.9261389131899,385.012787135584,450.3350537332256,457.4582231865555,522.9990434646606,539.5124293395451,623.9316206656362,627.9443969646868,652.5101365987321,531.8163543850923,531.3777507768644,729.674238463371,659.5157478911436,707.6301085062162,661.9258044912542,564.836511517854,563.308004023982,426.611861811438,419.4823325259791,666.4016436172602,770.0797594035113,855.9403462420272,823.113364758232,776.7767918860394,859.3740770654771,640.9792781911494,808.6879905653589,738.9064718217992,765.5119935560596,743.9578001215217,687.4431674384275,715.9851917825687,685.4262673393797,608.3886033822824,601.988691204884,445.5789638834262,556.3767088522643,296.28396683844966,329.27960226569377,591.1880381849945,581.6122328888825,597.0995392495013,686.9484776088169,589.5335427061351,642.6454200869766,509.86942107518513,433.9594556295872,515.465252998957,555.0159695014881,331.8870634541792,388.11883891446496,299.66639099797857,322.61473058844354,222.9174042472502,348.27868431314823,11.488245586862494,57.054209185370674,570.4825541178385,571.0879909709348,580.768395351246,574.9825445667111,520.7606629233323,535.5686787369782,24.21415356837066,0.3624125999562373,7.8939108501685515,10.100567949556197,58.52336349739733,67.69417755034883,96.90381883747048,253.47923608387217,536.0403886274858,616.1394031871449,641.6118327915268,582.4435702939577,456.8145493152095,198.79758368125349,262.8057584762573,512.3831934435614
668.3646347964668,722.797222378278,718.8869033523179,752.0565847723608,401.00375328507533,404.00523448841915,722.6809165804993,731.1098449447308,568.6790881156921,559.089171199525,682.8004262040301,675.898215956915,706.5913908812848,626.1621865029277,541.9002470105738,467.8577478760229,629.3836983775641,685.3927831047794,690.3055042836858,670.3597506103515,219.97084089782504,221.17098960876464,739.6076469916802,772.7180901784745,506.2768789461146,539.3743788750617,395.12039829485985,356.5365160836114,658.1753961275209,676.1658580261984,722.9659233193385,716.4653512064616,696.9766360137422,670.1701472303603,548.8625453783118,570.9165546463197,515.0535051791153,557.3496511247423,385.1244837812015,452.4940226837044,456.26557121902215,520.0316038131714,539.596973072087,623.2098420491151,628.5443493994497,651.5560614379526,531.299568385132,530.0721546586577,729.4597408663842,660.1655734235591,706.7389151476218,662.8941231004189,566.1984541683454,563.246356197432,426.3534431288128,417.5616832458446,666.2983327575215,770.038099485415,856.278730816769,824.2760129144895,777.2311432150136,864.0834383177526,640.6515867834062,811.7951851440555,738.3869073213036,768.991677080322,744.2920606120249,687.8299273940552,717.0509360732547,685.9849802934003,608.6424616908168,602.6475326975838,444.5724802279691,556.8664061311003,296.58957815861356,331.0611213361713,590.9621348146533,582.3786181691277,590.1363479938913,683.7028677804129,586.5972560429482,641.3954922088026,498.55594504992166,432.4259354511897,513.9934317382947,554.5857016340619,330.8526557080886,385.76712759651434,299.4687653624763,322.39575258781855,224.24529269307294,348.2177134580414,11.876971812306524,56.12024114543096,560.0034942626953,563.5249225163864,582.7534358911216,575.841246661018,520.8371966218828,535.4943300540989,24.366333578841907,0.29785132962796423,7.720563917435978,10.092495103601998,57.529205069848516,65.79466411174226,94.90187414156065,250.32483785643296,547.2208196466619,625.4552778764205,645.7302244045591,586.2483018319818,452.979711004332,196.68017096307716,258.73677685766506,509.0313836459456
667.2608142118668,720.8609880052431,716.0875578799797,750.0147602111695,399.3118528410446,404.0444357842207,720.947424404863,728.8153419527094,567.1916806259934,559.8445546451162,680.6958429600165,674.393875667027,704.7453295019029,623.0543735133491,542.0840346587831,468.0990219116211,633.9074375821516,690.0509753306443,690.9321991200648,670.5244545898438,219.3166979816225,220.42828127543132,737.2842656165834,768.7996812245202,505.1412579451556,540.727352310013,396.13218688964844,357.7590406470829,658.519448838144,677.448994728371,720.2881018370781,715.2911063130697,696.1837106478416,667.9392139350043,538.5106079101563,566.991253588573,518.2223264719421,559.0143326653374,386.075165606503,449.6229270192121,458.4194726162269,523.9627001285553,541.2508822225388,625.4004607720398,625.9298849158964,651.7657827633864,528.9790152321177,531.1655718996808,727.7618395405431,659.1460621923295,707.4466312284482,661.760788036784,565.2246534407407,564.0869121738509,426.1777134650977,417.3216452516018,664.926323981562,768.3256770626263,854.2972400245089,823.4578174354882,775.6917583963145,860.0394477226973,642.2603207276137,811.2440522590292,736.8191990638846,765.848353787602,741.9124321155334,686.1032819363272,716.1853207144768,685.036057277279,604.8279047098246,598.3169990602087,445.5842160216165,554.9392095128179,296.9184837894163,329.8952540008115,587.6915069329934,580.6041035632375,597.506945021609,688.7818276541574,590.296299843039,642.6501588867515,505.640785519282,433.6651689910889,515.301417628889,555.2962625259914,332.7796213262221,386.5949487892729,299.96496716762584,321.6770623939398,221.32120130368602,347.08216694658,10.898990439639116,56.34535527665176,566.836094156901,574.5634450104277,580.5690627917647,573.6591629442586,519.7530968935436,535.4363066060035,24.19849111851746,0.2850019112367321,7.775249203267046,10.058838948508907,58.25840571232281,67.10712901891868,93.29404505756166,247.34013270630555,550.3411892977628,619.4988003817472,638.1239253306549,583.0860674894309,456.4700743450838,198.13919480213602,260.6600120573333,511.7014118063039
670.0503251437173,722.6442742203221,716.3042759481423,749.1216310143946,396.6033690519111,401.69549067744185,721.8662857615022,729.3963785634143,564.4129154438875,555.4940031076796,681.3251926453133,675.2523434109158,704.2444737010713,624.6699208942985,539.0919063719944,464.4152484129439,630.2189109766088,688.3926675739478,691.8262296947026,671.7563856201172,221.5979667769538,218.85977509816487,734.5700644345854,767.3217157484993,501.49243476128703,537.4352615901402,392.7516860540401,354.11314046382904,658.7993622725864,676.1159585835021,718.2420059965038,713.485394337972,698.3010284294517,670.2637509494358,547.1047660495924,570.0909339261342,515.2515196275081,557.8195651725487,383.95921760371755,450.4059276366502,458.00784401815446,519.4981081485748,539.5432374288165,623.866571941647,624.7927861459408,650.4599576916611,529.3606816973568,528.5044136014018,725.6308000626102,657.6853022980899,705.34696870605,660.5299017386177,564.0274595252067,560.4189031638351,423.9930248751734,415.8122293711099,666.1317410087794,769.7945052319103,856.6863970169496,824.355466173469,777.478814007303,860.9123216153735,642.3722426854871,812.7353699217117,733.072089579568,763.8435560049013,744.7789475301678,688.2125421081033,717.8624774908563,688.000942335603,606.3367659422728,600.7401967283155,445.6657541257526,556.4179601628027,297.42301200092703,330.06437360736686,591.6820399800285,583.5569284526144,593.2320530668218,683.5106222970145,588.9093646637781,642.660732710559,500.374110177358,431.71187479138376,513.3134623162022,553.557123935517,328.2753083769013,385.5929289699031,299.5509328706733,321.8527025841132,223.37479075492186,347.2759028500691,11.517804498032934,56.53564066816893,562.1716939290365,562.6728365623345,582.6589383808896,574.9637066595155,518.602542090962,534.761148727902,24.306565701538744,0.2938970213169577,7.744145413516142,10.058418799918478,57.68967356539654,66.92244674640168,97.16030251317554,253.9026220265557,526.0694968483665,620.3086958451704,645.4502348419804,585.1027438006823,454.4134607922797,198.41819192848186,260.1797719146266,505.7356693662446
668.4154230363254,721.7508233484596,717.1230736912785,750.0314092712098,399.00578129125194,404.67858872243335,722.3976942551817,729.6415133082613,568.9406359049739,560.7606296666333,684.1382695640006,676.1828605530754,707.2208072930625,625.6272829341502,543.4119708905765,469.36546859966023,634.1835577363652,689.956704440703,691.2621923570889,671.2772416992187,221.6784705850813,219.93286507924398,737.7597457535167,770.248715582348,505.45630528914364,540.6159697312576,395.0825665300064,358.01304394669,661.3191866064972,680.6268419430579,724.9572200024222,717.627920328776,697.5963796841896,669.980992702908,543.2367105235224,571.6664384589138,517.8709093001446,558.8956837830721,385.27187717812404,452.4003361905559,459.5110763799949,521.8956091403961,541.3568233809774,625.9371651021225,625.6430441476508,652.1589988240024,527.9257612720994,528.5230254059904,727.9715251553444,656.8642181049694,706.4703993508867,661.7887572896792,564.0994198033628,561.4183606166465,424.9884911769237,415.83304859729526,666.3611197163476,770.491938939801,855.9623013655001,823.3167140881966,779.3373434315557,862.4022814309327,644.4890225378381,812.9538086078785,739.957383113121,769.61614586771,743.6785484914029,686.5863419399806,715.0137804359388,684.9092550541156,607.7391263429109,601.6600076331467,448.13774595348116,558.0356267623571,297.71815291694975,332.5961140377421,591.8312495497406,583.8976665829227,600.8922443795711,690.3897868565151,590.5217123506626,641.9796910807902,501.6835156440735,433.8435995054245,515.5566651995487,556.4290772263254,333.5655115323908,385.5997247979959,299.75243630244705,322.1653636401259,218.69807946057088,347.29338223457336,10.410596958029567,56.83058933373278,564.1972564697265,570.4553082999537,583.8361982870847,574.5286555225493,518.6094037121488,534.642584635168,24.200449082700192,0.31523041604776625,7.707311362142968,9.98377543485133,57.6397636660741,66.51405378336197,89.34240940213203,248.69643514997819,565.4462946111506,624.8842751242897,642.0345983313234,585.2712896805775,455.6008906177446,198.53340767990602,259.95013536106455,507.33639105435077
669.6328907575911,722.2218039878691,717.917871409449,750.5069564462183,399.23090241454366,403.13774514198303,721.9372456087989,731.097277052859,566.7077575167831,557.9652576094768,681.8924422225332,674.9325942387657,705.6350831543806,624.8947139693657,541.2686546225453,465.88264104568634,631.9381991562685,688.7018229462379,689.8854073710826,670.7367082519531,219.4105694161521,218.9147996266683,737.6319464150961,770.8379928346665,504.5079431583744,539.9698749584156,393.4734604134744,355.19731770621405,659.0024073618763,677.3319247775607,722.0976670232658,716.2063973999024,696.5831304000595,670.2489541286892,549.7047480707583,573.2722888624812,516.1359793373141,557.8080962852196,382.2267521172762,448.65141816442826,453.77992698794503,523.1348826885223,539.5472920631605,624.074253028038,625.4939923233309,652.2245612283896,531.3197988320974,531.3497496384841,727.1284270748015,659.1284919302484,705.3570997650559,659.612488261171,563.6034231143148,561.7556792240517,425.40896764720526,417.3383207313363,665.7354422795943,769.0593893064392,855.8966950319756,824.4671275298099,776.4666086744226,862.6589236460071,642.2373978267751,810.1820392687134,737.1073653947061,767.0593204689272,743.8233436112994,687.6874789276442,717.0001294567327,686.9564834510423,606.864979099583,600.9294593685963,446.12322420592704,556.7567975593336,297.72875125166297,329.24614704830543,591.0887867661773,581.2686019201002,597.1186133851396,685.3857955932617,589.068132627056,641.9353209776773,506.36981949488325,434.319852943023,514.8373541962208,553.9269920873959,331.9278479351717,387.8754245133176,299.25578963787603,321.97308768376405,220.62694939884636,347.0379696165522,11.309865095758276,56.44498692707569,567.7472432454427,565.4882202148438,579.4333033878356,574.76258180368,519.679647004028,535.4134286353524,24.01024337837742,0.2970020989128561,7.776490489203677,10.041211942455682,58.150582441602175,67.12471719416514,95.05031455556552,252.6809617912068,537.4330555308949,615.9932916814631,642.358107598836,582.6981962179835,454.26335577403796,198.90984146970143,261.1014247229605,506.41656073208514
669.7319211273013,722.1616127611411,717.7330791822653,750.9949222883855,400.1677974079931,404.0586530651365,722.306533566318,731.0429651658078,567.4044068784129,561.1687911143068,683.5576188622451,675.2840020315988,706.2643073525273,625.050050916942,541.5329771872183,467.3793226720086,633.2194950049523,687.7190903318285,691.0232232923252,670.0336030273437,222.40083181858063,217.97033952077228,737.000465578159,770.2278368056767,505.17458950661864,539.7580148675939,394.92004166913955,356.41858239968616,659.6754419758635,678.1776120032794,723.0585597881808,715.8123267110188,699.0745472019001,669.7908087158203,544.8094252876614,569.8419542427523,515.0390678775468,556.6861151942501,383.0551798854555,452.31348870666733,456.82142038814357,520.2098231315613,542.4853036507727,626.9421380210262,628.9007380978311,654.3062593448929,532.920719777257,532.0833507451144,731.7342888862856,661.2800934209852,707.6688563771536,663.5887580541538,565.0675838795478,565.0636397997538,426.8184301688023,418.1046773279162,667.1910297105503,771.1256509411184,857.0904958902116,825.480803870797,777.424084154212,861.8855671311659,643.0291035970052,810.6654757903927,737.7366608576988,768.6942440853562,742.5598331451416,687.2566924711925,716.5906523686306,687.7062010369907,609.2542398469942,600.9838092053523,447.7950216520817,558.8487737085912,297.03013997838116,329.6394453451667,590.3795092223121,581.2243585230403,595.4485058074301,686.2618811471121,589.218776454414,642.3656551137525,499.84714710235596,433.4948875081539,514.6732724244374,554.5348675845355,331.1981553442338,385.9630906409735,300.11310611168545,322.0350791118568,221.19353579665915,347.24043127248683,11.223916713769237,55.87530541287686,557.6948282877604,562.4256333173331,583.3563853912055,576.0842771918526,520.9291567814563,536.4621383368532,24.022923330537434,0.3005358720888142,7.654026997043343,9.934231850508098,57.339743315529994,65.95860351134662,92.53578523132536,246.131169953767,569.7718172940341,623.6901289506392,644.112725379483,585.983210117002,455.2385662163005,197.5749162593693,258.621744444876,511.55866636078935
670.3906379708715,722.2565529515044,717.0623990579394,750.012095253781,398.3106158456137,402.3555281183549,721.7449188882839,729.8428924430685,565.3943039981687,557.6571359986165,682.235750089816,674.7670969039675,704.6930154633563,624.529984848702,541.3122971364811,465.60070083040756,632.8802504697683,688.965377554149,690.5171165612466,670.7547677001953,216.35145340363184,220.33202940622965,735.6544426894635,768.623408211602,502.2894894564963,539.1516454088819,392.34436562048137,353.68279778957367,657.4512987496718,676.4294299843871,719.83196224503,713.9730961100261,696.283478429762,668.6533966742621,541.307687178902,566.4684334260871,518.6996082860468,560.7044390925655,384.80065367264405,451.2760851427857,457.7611906958408,529.9028215408325,543.4010227582314,629.0883854870548,629.6228412452847,654.4463897504305,532.1262676932595,534.1871481675369,729.3153457149383,660.6628929401073,707.5704035393827,662.1618010829872,565.5459578988798,566.0415743846519,428.1827979843739,419.62125629820724,666.9165227248661,770.484149924031,856.347619207065,822.9777794242129,776.8272272524626,858.6092178196583,642.3846005314351,809.1212324370082,733.9057232301626,764.8531034183749,742.0717657196387,686.9095897488866,716.9062510690871,686.7215493555227,606.3712765118023,599.3458279468974,446.5179537151932,556.1160849038656,295.6817793915237,328.9886448819872,587.7971137625273,579.0755619033243,597.133785166639,684.7869556971958,589.7172736098483,642.6539789052958,507.39340613047284,435.07618383407595,515.5222879124108,554.729615117976,330.5925649923437,387.8347519001375,299.96800853168435,322.0605094944337,220.29947680742157,346.96177909533185,10.99634544635019,56.695577419656225,566.17080078125,570.3683450989804,580.1767335353652,574.8096114628995,520.3608637608341,536.7497098591625,24.093795121678053,0.3024733631733667,7.722885511551586,10.005815413589257,57.830500419836454,66.99396704564683,93.7181080016825,251.49686714130289,534.7630975896662,617.0490145596591,640.7617404604919,581.4277936718132,455.836620146153,198.32700797150792,260.0496034188704,510.5468539533944
671.7460747260552,723.4396919626179,718.4331114742901,751.2813810371308,398.52072276625523,402.7745908839362,723.7298207262694,731.612752815409,566.7232816900525,557.4463205054158,685.6105052668873,676.3436403062608,708.5592282853037,626.5942813703406,540.6860336391487,466.16355970065587,630.4849996702366,686.8101178546284,691.4472502492854,670.5254024658203,221.01782766977945,217.5725092569987,735.9252019004216,769.3881658523802,503.4765215082318,538.960271688608,392.6845832951161,355.99036780993146,658.5059928534166,675.0227990044488,720.9019716117639,714.4739358520508,696.2413498829987,668.9167352973091,545.2209207949431,568.927185793957,515.9316858636125,557.2473598762795,384.72995819364274,452.78139097235174,456.3377467921523,520.6498503684998,543.377969640588,627.7851008555335,629.6157362361472,652.3848612378215,531.0084608901631,531.5658720323256,729.965755216537,660.274017444454,707.8321078827022,662.6756157942222,566.1636429175134,566.2964414194519,426.81826433957576,418.7989629996291,667.6495329239543,771.5628411306275,857.0026790874308,824.8032814440986,779.1651012652853,862.6424018835173,642.1925602250872,810.4388923958986,735.9023200647155,768.6087295251299,743.8585769096118,688.0506616759533,718.3585537467034,687.6037712307925,610.0922620103166,601.9061594165739,445.81835080068043,558.3350612095425,298.1113670459692,330.86474158058707,593.8569145827997,582.89937771999,589.2801013703042,682.4379435947964,587.763096191874,641.8493152922688,498.0299222183228,432.615564588507,514.7230690523392,554.8529867953838,330.856135634815,385.9535139385974,299.7476963507167,322.60864270740456,220.68628360533452,346.44587155034145,11.651763389427085,55.87397761907151,561.6758473714193,559.1876293117717,582.2832084130496,574.9482024870307,519.0631883150445,536.2962371807519,23.782710295599443,0.26204045979582047,7.5814032307425725,9.85791285716758,56.59334171184486,65.68210339123604,93.71728777885437,248.0651070422986,546.562461159446,625.2993474786932,645.5291240103293,586.2324805923655,455.0337147315343,197.07657935597786,257.76069554415614,508.2155530206088
670.3543474902228,722.5893156022737,717.8384313050406,751.2863385059919,399.9918508041737,404.49148277725493,722.3730227575278,730.6896766954787,568.2089850951214,560.0771932092297,683.962583402308,678.2330393533858,706.7663880964905,625.595247809221,543.5458813449044,469.5535104623799,635.0643262817962,689.5120595634181,691.357882152572,671.9292933349609,220.88465070062213,221.70518601735432,738.9143639078732,770.6648321454487,504.1984987908009,540.3826826745337,395.0953264183761,355.4792023764716,660.4793700272182,678.6179172845534,721.6887900685388,715.6758658854167,697.2140284392793,669.083386569553,543.4309821750807,570.4457945306617,517.6366530094903,559.642652158384,385.53870368003845,451.2134784598476,458.9127244793001,523.8138751983643,544.5769085321161,628.8429572661341,628.051919994912,652.3300588953565,529.4103400332868,530.9208445115523,727.6996525918283,658.7865462855509,706.9166912056764,663.0749727744212,564.9316040518038,564.8666728057113,426.4350047407946,417.88605639197044,666.2791318193584,770.6962707462134,856.7952828129219,824.5978200887427,780.5433839482846,864.5076262835161,643.9454130120233,812.3650101398734,740.2795341833314,769.9669167736704,745.0157614332907,688.2494959665439,719.9911848906498,688.3213543127913,607.049194095371,601.2154991900335,447.0037337836869,557.7654265696868,296.0721128159675,331.1286530830491,592.0761883845095,583.426567109294,599.7897624563664,687.3013643537249,589.9687547647177,643.1975768893464,505.52049245198566,434.6962373061975,516.5442447855609,556.7819981430105,333.09853699908535,388.1092600013375,300.2773596313782,323.14492077111345,219.00359683652553,348.2297313659638,10.93785331730787,56.88051159248895,566.590630086263,576.0704423290188,580.8861455041915,574.7381504801064,518.8364325661696,536.6867445686919,24.15941717356174,0.31143214404798564,7.737992256244101,9.992401403488891,58.29711452760994,67.18422424545892,94.9277305437459,251.30104094042497,544.4211869673295,620.2248812588779,640.5454175296246,583.7268883427487,455.97627193320034,198.62176133698802,260.66830146673954,508.46432074185077
671.0589347397986,723.1942596869035,718.7709483578712,753.0835938966607,399.3713753456293,404.9987090336425,724.6499616618047,733.4608525702293,568.3217920965078,561.4510687267194,682.8242581375246,679.7471515473866,706.5298211177872,627.0713806538447,541.6889945179669,468.6700369678715,631.3725935949534,687.9616151600582,690.3418611840726,672.9298839111328,222.24654165903726,219.06071764628092,738.4546655232429,771.5179914141459,504.13399549554157,539.9245688469855,394.324858101692,356.76317499743567,659.1794615871502,677.2027383309824,721.948066050612,716.9765664672851,698.9865253254519,671.8376059299045,551.3616131989852,572.6479786332832,515.1229883269591,555.543256830286,384.9574550049646,450.2743631998698,457.73526951524076,521.7854256629944,540.7383684984276,624.2535327350923,627.0830656678563,651.3805061697262,532.2245579908702,529.9721518096391,727.75900509742,658.7160136357081,706.6697116045418,661.634172969181,565.1472099543687,563.0079946237452,426.43631942996336,416.408958524807,666.9720678590605,771.9042218802152,858.9533187833255,828.7617533613995,782.0879179581352,868.6023074153172,642.7534314076835,814.1624814806652,741.6451832785535,771.2377336696753,747.5984671089086,690.1865426472729,720.617216170973,691.8598229845585,610.5798928200661,602.3546109121354,447.31854961990217,558.5192524963643,297.7196550231049,331.69795377489544,594.6914672851562,585.6327029659541,590.5074229138962,684.9740458897182,588.9882945795168,642.9050565865817,501.68677665074665,431.9841165939967,515.1916567445327,555.6540702673105,331.82663671269137,386.87152570507584,300.1328043894221,323.32849035141226,222.9218747799875,349.3042871326705,11.790190117425043,56.64464860943182,564.9612579345703,567.9150633731131,583.3633345663548,575.3933909489558,521.2274086056775,535.5457227002729,24.515166820020806,0.3036161154111916,7.715074531586443,10.020067276184065,57.53949330522904,66.80806019228085,99.89744823508792,254.881279167007,531.3464882590554,621.497420987216,647.1551495238439,586.7584666964374,454.14636314616484,197.39504667632934,260.1143648696668,518.085681783742
668.5903257619955,722.0201774125147,718.5337327011417,752.4967493839948,401.68807152814645,404.3360062497003,723.8010087919764,732.5067506960605,569.8375537492791,562.3751947782079,682.647683492521,678.9653978256952,705.6977805502419,627.0802323731334,543.6271080259066,469.5812614987565,633.5325667394847,690.2423281748826,690.3409395181357,670.5427604980468,219.99016413754887,220.35472310384114,739.5344267951118,772.5712457384382,504.87697868946333,541.7123557709076,395.0600893642362,355.5601081517008,660.0772378669595,679.2902900978371,723.4085399397402,717.7976738993327,696.5926661733854,670.0815642632379,545.5912484873896,572.0242434582078,516.0046982282058,559.1936768425835,384.89729753136635,451.92857070808554,459.78748359054816,520.4758043289185,543.0154467139926,625.6363153683631,629.9632110011279,655.1358611569767,532.7366359647641,532.6247665632021,730.1138358823715,660.5900384044368,708.2849873747758,664.0765970218589,565.6657978964494,563.6613922119141,427.9172691466753,417.9667801521414,666.3018869356154,770.947452308955,858.1206537168433,827.1391722373176,782.3085265582541,869.9903007433253,641.9533108119207,813.9746693191214,743.3217634514197,773.6254958958589,745.6980902768253,688.7446380450762,717.5430270638435,687.4816422436119,607.495818456014,600.6764605787934,445.30701075562644,557.370594041172,296.55871327718097,330.3539349193304,591.7660454922035,581.931738635811,597.9889967898105,688.711672101702,588.8848194400013,642.6015704176209,501.952183157603,434.5222070837021,515.4508298894907,557.3392828898778,334.67262505924,387.5666831185241,300.2007295579339,323.64216839503473,223.52466174694655,349.9778496817748,10.996407884177406,57.02455522158976,561.3347513834635,570.182849431442,583.1511992281303,576.3570791046004,521.7577291008171,537.1165883593571,24.205633380560595,0.3102645642503544,7.714053162010884,10.021013434270364,57.64920405374831,67.11056021906896,91.7331028216415,248.12866301396315,559.0448608398438,621.7596746271307,642.0254854547898,584.4474079759815,457.0303246273714,197.4920424799386,258.9111534176451,502.8122758536503
669.1911504716209,721.9414450134894,718.7014423510974,751.4678301184301,400.1998644185621,401.7601790108851,723.1345743763071,731.2422944024269,566.9119500238069,559.8304940462112,679.9478330534648,675.333704400441,705.1408531751682,625.5104253359651,541.4590977495583,467.1678510688375,631.296967709799,689.8872146099509,688.8300960146148,670.2368970947266,220.35600724485187,219.55960947672526,739.0421141917572,771.7741229042174,506.1824119328204,540.842884021801,393.5069251719101,355.21628544065686,659.051356045705,677.2223455358435,722.8261877345288,716.5853512573242,695.305449404959,668.8625495741103,547.6011501809825,571.044189453125,516.1323202528092,557.0751172524912,384.60651980553354,448.73093107130643,453.7257460297131,523.2131226062775,543.6280003842853,627.8018170397429,631.5587405185513,655.612114376492,535.7900924367353,534.9339121038264,731.8182678714875,662.0794758782708,708.8850737000064,662.9912085235718,567.1320519212115,565.715516239989,427.79150186931685,419.14923139952987,666.7699157781695,769.990888023818,856.3481353034726,826.6512578280737,777.21609375,863.0467473989937,641.0335868812118,809.189329838066,738.9531482297983,767.8681484895159,743.9950495944934,688.643699465607,715.8829203806106,686.5237632456406,607.2605525180027,598.9390619934583,444.7370486828165,556.3241101549818,295.8850514508676,329.573935925121,589.1859544847832,579.6943282131338,595.4772546646443,684.0804617745536,590.1961803217043,642.2750265597782,506.4448188463847,433.3642970530192,515.3379292021764,554.9162241820908,331.1379542890717,386.50840268281394,300.0999867382149,322.34354082134433,224.6270137421711,348.20894041111075,11.76871591449836,56.54460441591349,570.5687204996744,572.3066478664592,581.9174800682813,575.4216253703536,520.1806209554502,535.5701418179463,24.430957491117482,0.3205349719263958,7.736823188514302,10.078124804783979,57.29574868513571,67.40414932573225,96.13554921911822,252.44700157642365,535.102744362571,616.3582386363636,641.5388253231176,582.5070999724956,454.6071480816486,199.28911524828067,261.0055365273447,502.1139400087554
669.3731243399268,722.4006027549204,718.1746889039538,751.197120195366,400.6664198720178,401.96306945170676,723.3208451657242,731.4390012570645,566.9269451803091,557.5867554398834,681.0648523346196,676.1360635908824,703.849619425386,625.0883628212006,539.5112127783286,466.46263113152,630.1209038467769,687.1590761203703,688.2833227398752,669.5379912109375,220.81198223431906,221.48420651753744,738.0318042815678,770.3283653562031,504.5046514141622,539.7902732681442,393.29971372488455,353.23233310381573,657.7493943268398,676.8956834957924,720.8099788555636,714.6139086914062,696.3020629236254,668.9315096706814,544.9500730431598,570.2060774837631,513.6471347220669,556.7475315376564,385.4648708360536,452.9332675719529,456.30905351482454,520.6915469169617,543.6053923846238,628.4763108384552,633.2920319177314,658.1727614096034,536.0500169588514,535.2820408360941,732.3662375173261,663.4069994733044,709.7393323267443,663.8656053216885,567.1336797534617,566.9299789503509,428.14785129260633,419.9345858165363,667.5903036194851,772.1063150277844,857.6075447362648,826.0654030490324,779.0526874044667,863.4764668980076,641.9629464339043,811.1873017456306,736.7619679009737,768.2240624353867,744.2881745627757,688.8409113923764,716.2486542136805,686.407030811626,608.6029733022054,599.8804603639196,444.55976444209387,556.2889224626285,295.0517857869466,327.79749889105136,588.6377803614882,581.5312518994343,587.6809971586187,682.5399169921875,587.2630363844364,642.8910839173182,499.4580871327718,434.34080178936324,514.0409529454907,554.7420924069875,330.63436888947206,387.5199570018892,299.35524002291885,321.7674481321717,224.67791413928023,347.20798701792955,11.702538115371242,56.39619743467498,558.2316640218099,560.3128641419491,582.1645230045542,575.7890550777383,520.784643799294,536.7544084469672,24.48429547813966,0.2965522556324248,7.73493612696537,10.000874940930226,57.43126559603995,66.14446553760472,97.15566189918253,250.08354550249436,544.8219743208451,625.4432284268466,645.1246448491244,585.1179085260706,455.6100209741031,197.50107202822701,258.5316272359906,504.42521193931844
669.1621642489923,722.3380271930887,717.4584338248272,750.6527787166763,401.19271150633347,402.9355325613703,722.1087669118896,730.0386957696144,568.1486314462155,558.5990491030647,681.5497964378295,675.7320161728632,706.7586744252854,625.0401058351463,541.8858413209963,469.2239312983624,635.8129087330606,690.7923483357476,687.9461243728111,669.7528371582031,220.39146320025125,219.77835687001547,736.6188821572418,770.4308425206987,504.56925808072714,541.46655692635,394.6046245848935,355.5979702870051,658.7450349195948,678.5816598397714,721.5643947731479,715.8543885803223,694.4752927230576,668.2837774658203,538.2148471334706,570.5482409373824,517.6602012197352,559.8519773836489,384.47691119302596,452.0917983180128,460.0821195508613,523.0678913593292,547.3298942751828,631.4913795073451,638.2884393920474,661.7283686810766,536.6424184515456,536.8955873476042,736.2030831367739,666.2812196537196,712.6362304871607,668.8517580109103,569.2365542014084,569.8518034430111,429.8393835254927,421.13558338765426,669.6284873603078,772.7974479529593,857.3511150846214,825.9795195702987,778.504468357252,861.8782170860512,643.4290046341922,811.4633942513799,739.940376623353,768.8973017736923,744.3013225726867,689.2393854364069,716.9151207990707,685.9240331491712,607.4236042263271,600.0567489999239,446.5131243084549,556.1759851629084,294.12605230359065,327.73359744649537,587.3907609533092,578.3879982089601,596.5563653174867,684.8791220528739,591.5969190049445,642.9922094104699,502.8071785926819,434.02599464098614,517.3127687462626,558.5154053723371,332.7562251750161,386.90144664899105,299.78135721664876,322.5210026643984,218.89130584284953,345.75097691737113,10.321438051754537,55.83004447494744,565.9654001871745,569.5592961715439,580.0677199456841,574.8751776509695,519.5814911160456,536.9827759050215,24.128375633852556,0.267892242933589,7.688986571492847,9.882072106167158,57.240927842147734,65.93638520943682,93.55082583096292,246.51825201970198,552.1990633877841,620.353554465554,639.5482970372143,584.3267598212519,454.1995066006978,197.51081255831951,259.352186275251,504.0172276990167
670.1657367152335,724.2417794911548,717.6439383707489,750.2908851292979,400.3611227576816,402.65658341561044,721.626658017678,729.799552443484,565.780528834888,557.7982333136387,679.3874604760147,674.2890554518926,703.9608483551706,624.0432831073097,539.7975427979853,466.2513642802132,633.4603392976155,690.3829589793056,688.5280769318913,670.190039428711,219.1390037669076,219.60078881581623,735.9754515533667,769.5097599786426,506.34895234831964,541.3781987703763,392.99809669789687,353.69118807050916,658.3005394125885,675.5057335747613,719.793226227047,715.7591605122884,697.8847819182832,670.8392007107204,546.1737438699473,573.1887059958584,517.1516216799026,559.7753514183892,383.1512787746532,451.7956993588794,456.1084924916752,524.2695677280426,545.9206013849804,631.3067945145883,637.0963928144954,660.7528793212266,537.0368974721137,537.5301984240125,733.2596194851783,665.7039805814526,711.5483451153474,666.7918908332196,568.9683435551254,568.2236844231101,429.2923362161931,422.7807855520233,669.8512248011043,775.070171839661,858.4642422307387,826.7925427921717,779.3622818656589,861.0348686539239,644.1095950625358,811.8573179833683,739.3093949502974,766.4541100681367,746.7907225148061,691.8914219984922,717.9906363517615,686.2169086603828,606.81614118009,599.4470454669389,446.4634954470013,554.9024360293433,296.4850258205248,327.4558096872249,590.1093361025951,580.1395637227292,598.2637575839428,685.5903854370117,592.5293853584377,645.1207865294255,506.8491724586487,435.64944600224493,516.7987163266422,557.8134088430196,329.6506124330137,388.06267831471854,299.9589034700766,323.14797599881854,220.94134580171928,345.8658299817145,11.058083023057812,56.02914393492703,564.7536448160807,566.0955645027807,580.2996417870745,575.7264827883621,519.5710168309491,538.1023251409927,24.04097037082293,0.2531040306168574,7.694205489197845,9.862885834701435,57.52275821604541,66.75770188651738,96.62297834290399,250.90547344154294,534.7566167658025,615.024385209517,643.2149465676122,582.6910348240333,454.90480339278776,198.7709331062802,257.7667490641276,506.23278492894667
670.791129444397,723.2239958686058,717.3985039963875,751.0499532251245,400.87738940216775,404.91474655270576,723.4869067101832,730.8148204267786,568.2632674003135,560.5544984262498,685.0693349450585,677.1910521492125,708.0663691892019,626.1171880366832,541.3712487457997,467.50741483437514,633.9363691140126,689.2430136797832,689.7775120059192,669.9478679199219,222.15533811433448,219.57519766489665,737.3622017952615,770.8973939986456,505.52117552432713,540.2470309079348,394.7607853926348,356.5299592481719,660.7495233247865,676.9764286747685,719.7995004729023,714.8914460245768,697.2152530217575,670.1106418863932,551.2017128985862,573.0457054046263,517.5866730139644,557.9804135781748,387.2490771668298,455.27718551864336,460.5605381199571,520.5241870880127,547.3935173362021,629.321739015986,637.2279600393141,659.9890503799706,536.5201229970318,535.8070900857032,735.4161254882813,665.3867428966981,712.993896064611,669.2106696959712,569.0878102255509,570.201187545178,430.03092710078295,422.28700107872584,670.5793090352354,774.1249089483862,859.7908512387369,829.07819817348,781.2842979895551,867.3040710745506,645.0667899128858,814.5165300879459,739.6908200392082,772.863138992349,748.7783908372514,695.4082293397694,713.5766514091735,684.0563801296508,609.1923443905943,602.1041013061023,449.4759925352324,560.0584233932165,298.53279180112094,330.209384971941,593.6759203301101,583.8570108374124,595.3719846035572,685.9290542602539,591.3406277945215,644.6154380183852,499.4878962898254,432.40011733710764,516.364629427872,559.1489485445638,330.30593151204727,385.5887883475541,300.0842874528219,323.7576655381058,225.4043783666566,349.73931629508735,12.101098468631486,56.76796541996375,560.164252726237,564.9841660321769,582.8307027183473,577.3826971960284,522.7405946454929,539.6376294833233,24.68703272677713,0.312337878173976,7.793349207590434,10.060041166592523,58.28349918551231,66.58176731903066,97.36806601285934,249.6768136445214,554.7609807794744,624.8469671075994,645.7982923264472,588.2311550092094,457.2340303215326,196.49905131835686,259.32375461404973,521.2973601242592
672.2653171219539,726.0155361637925,717.7440858947537,751.9947803124963,400.7160398749418,405.248075148889,724.2339783495345,731.8370856362201,570.3950849747171,562.3151526834632,685.8867284263052,679.8913468739343,709.1547986614561,627.2508867317848,542.943755235245,468.6576486710579,639.9886244642792,696.1910401657966,690.9594808410411,671.840025756836,221.19018356833192,219.83128617604572,738.4350443340484,772.8836532168918,506.7912557861568,542.544005551181,394.5364432572001,356.29996309015485,663.5216329682548,682.130630304784,721.8842521527308,717.7967063903809,698.6073296110509,671.6806492106119,550.7025122601053,573.7314578136766,522.0372583330466,563.985057760168,386.2504009315744,453.1746047373568,466.41234300957353,528.7851371765137,548.3583333038148,631.3365026537276,637.1551537261367,658.5159436053003,534.4537580151203,535.5864240739729,734.6824492915985,664.2434721853027,714.0830727519523,668.610712032203,570.7622368645775,570.6035144469317,431.1632492927633,422.0930954329121,672.5272566094455,776.6731783438612,861.5628080759399,830.8503313189823,783.1225849184783,866.9238854071855,648.0001755460687,817.4376317797374,744.0072991670067,772.9069884644883,750.8725472953882,696.6203510830896,717.2499998056205,687.7349398281034,606.0166867230389,601.870041706523,450.1152235608582,559.3766005875228,296.3238227954809,329.98384824940854,593.4860181964812,586.2834120627756,602.144527354139,692.0657686505999,594.8545212435083,646.1595744414883,506.71394640604655,436.322996528397,518.7094812107506,561.4736526616957,334.25782172820146,388.49310461967,301.4064673169826,324.30112704645325,223.18539353171545,350.8013637685776,10.853617294126673,57.24589525755322,565.1797719319661,573.0481944973186,582.487869810313,576.3980514043058,525.050321331461,540.7352931015649,24.447831503213628,0.32449006099184907,7.827006574495816,10.12394218688756,58.45635618601806,67.13731008722016,95.96800135076046,250.55597784939934,541.5116105513139,623.2599454012784,642.1507408602926,587.3697899927067,459.89125846414004,200.70899974045,262.03558416077584,506.603601916083
673.1629446630917,725.9846685968264,719.6331349938719,753.7826848543023,401.2746572538864,405.3346548676491,726.1665358287294,735.0485291306516,570.6666464902917,563.2408979447162,685.1647070287689,679.7150597648015,708.3958218347148,628.4507359879219,542.4995104400673,468.39460563824207,633.1402916207697,692.578335404,692.8091494388507,672.5023732910156,220.38663503858777,219.71292476654054,740.1859337337434,774.0010223388672,507.8847206125709,541.8026409777966,394.5269984461326,358.02400336000653,661.6875287541803,680.1827335310571,722.25258642482,717.0970878092448,700.0397245762712,672.4797633192275,556.0105622664742,574.0946074336408,518.7271563156061,559.6735962055347,383.6209583761437,451.4254504000203,459.4611378654105,523.3378071784973,543.5886742936241,627.2712534683011,636.3757865289459,657.5349486947757,536.4658795703541,536.7903631317032,733.847909742786,663.9264748987914,712.2309461316547,665.8644704741971,569.2306482973655,567.2358266512553,430.13442900930374,421.9857794461976,671.0540234669145,776.9093964828385,861.7119910485286,832.4983372357281,784.0212918223506,870.694192929561,645.5579222699553,816.3789137381094,744.5814643973735,773.4159768748962,751.3712124428052,695.3534788097228,717.3016310770801,689.5891404968598,609.6435658566587,603.8205011711746,447.44427784211047,559.0261659828616,297.1827747510827,329.51898666166926,596.0999390649014,587.0890357306389,596.4478396151928,685.756462097168,592.6551054446634,645.7234107008131,504.67525222142535,432.61874191443127,517.8160069217766,559.1502338309347,329.6150722503662,387.2753092149535,301.05567152022076,324.32566791843885,227.07425544906806,351.67543829277156,11.731608221575799,56.26225845879356,568.095083618164,568.6246534444518,583.7529613506049,577.3169462799486,525.4615472788726,540.2748662673465,24.374935046273382,0.28689599225159595,7.711149526934638,9.918968857866588,57.46456834315698,66.81340584173668,96.32264107796881,254.09539432034774,536.172041459517,618.9530428799716,646.7764179818582,588.861145598979,455.7171095539542,197.14205181193455,259.41449361858946,506.49512034449083
670.6342964397552,723.3667983816127,719.2586769348943,752.8935201804477,401.15854013132497,405.726324404989,725.3916186034323,733.7248767869016,570.4465729946993,563.9179664869778,685.5409572570304,679.2626867869544,708.9083894235602,627.8527165463096,543.4267865555796,469.0022318132462,633.6545291557131,689.5387837356111,690.9183620876736,670.703638671875,220.52214315864774,220.5949738184611,740.195865150826,773.002874162462,507.70842118787516,541.7081864744753,393.91857598236254,356.1662449836731,660.393715660527,678.1100847032335,721.5398798664723,716.1099333699544,697.4940295461881,669.3622781032986,548.1512004686439,571.4499684529133,516.4031614732112,558.7491023452194,384.6014345208449,453.92139979158895,459.55292048219775,523.6484446525574,543.8678402948001,628.5392511015255,635.1463657488066,660.3081743898448,535.0237744347123,535.1548905072513,733.6982805805821,664.1712056295263,710.8847160486641,667.2182225854824,568.9011888717856,568.3561533946616,429.49253251883954,421.7191392068192,668.4118572122296,774.2903219019926,860.0575425743284,830.4790380452856,783.4641478430707,869.2191590738142,644.2583319521096,813.5770127253277,744.1839870623688,773.2760535617207,747.7417121544313,691.8782648423451,716.8387492963462,689.5228340612591,608.9461483482842,602.1522077341549,445.15497848090774,556.5646857719917,297.449638698412,328.8275146484375,591.9076536835217,582.6874156651161,597.1329280772107,684.5848279680524,589.5529985683631,643.1772545431612,499.2212929503123,434.90903506239255,516.5097015758968,559.03557033009,331.2612035975737,386.7799644384143,301.2659791548892,324.15568568006034,229.1759289296238,352.53058374827106,11.948117179498594,57.076993713496435,560.9698130289713,566.0556966490665,584.366600561887,577.9522121308615,524.2885730345437,539.700664156515,24.46116497112732,0.3071776940763273,7.782090353178779,10.042468329821817,57.67453016914975,66.61040796810681,92.89264882604282,247.96088295123155,564.4091852361506,624.9724631569602,645.6364051767644,589.2422717130637,458.4983297703313,199.11305758409333,258.12458203055644,512.8088820884967
671.5458432392359,722.921415459026,718.5994035174249,752.0792323982573,401.01381629677707,404.13196625879834,725.4876094209975,732.4959017619681,570.4923633604634,560.8297046696554,684.4766609998253,676.8407975938585,709.3482579645121,625.7136682904201,544.1696260485483,467.61538681853796,634.5821356750778,689.0528517308029,690.407923322071,670.4586888427734,216.46699576907687,219.20950832366944,738.0672967561223,770.9668352793134,504.73355929389675,540.3526485988071,394.7203438690354,356.4003849029541,660.46609164184,677.2409232433931,721.9856751609663,716.431446126302,697.4751767950543,669.5856320529514,542.737764706819,570.305474706443,520.4223360574193,562.0294481913248,384.6720278433391,450.55854634488566,460.3446217521292,524.0715384483337,546.3380952657216,631.3222431345573,634.8924036145543,660.3204985947636,535.9180967354578,536.0296121343866,733.8227567118984,665.3177125796544,713.2065469902608,668.3872485247176,568.9497673821556,568.1343039905323,430.3252884762537,422.0997414956702,668.2667475321207,771.4249858298788,859.9572616807843,829.0924493957863,781.9270111349355,866.4009036956096,642.1535680928362,810.9837062741503,743.107404794266,770.8324956598208,747.6602308337608,693.2519654047175,718.6140472023351,687.9429242044523,606.0623108631855,597.674852746432,444.5457081576006,554.9347445004946,294.1377724910128,329.36158752441406,586.9641960018971,579.8686200533665,598.9821322826629,685.0530166625977,592.9314832431603,643.7708867442542,508.17763867696124,434.94137930870056,518.3247621048914,558.5051422875379,329.86548994499094,386.6388894447028,300.86638113701093,323.1149303265209,223.64770521091359,348.59365444473923,11.223140447677535,56.08955674832668,566.6814015706381,572.8672371557203,580.4142519656016,576.2714332131778,521.660039926,538.0171744013182,24.125867244658846,0.24126895730280215,7.5758283605874945,9.895881361548007,56.9690502513581,66.1082752620531,93.09941365983751,247.33318179144578,545.3650318492543,619.227988503196,640.1848541874214,582.4657884428773,456.51035679555406,198.1347487844096,259.66569199706566,506.34162534516435
669.1241153145062,722.4983329580288,719.4438859665153,751.5622554034351,399.92265065215355,403.20419465644017,724.3656544404871,731.7716178212268,568.7974257663805,559.6931858414509,684.1203394323829,676.6998226226323,706.6901406865586,626.3286685248618,543.5120478198303,465.77645246740013,630.7016617472137,685.9991573954737,690.6794189219274,671.1171010742188,220.58025444547334,218.13193136850992,739.2225393609051,771.7013168486338,504.84948770413223,539.8606883038532,393.5723115699726,355.097096297476,659.7149614478058,673.3202134874132,722.813712693262,715.9550691223144,697.5087712821314,670.4034691026476,551.3567445837933,573.6923897984516,517.2044238119923,559.0603299317537,382.6243750591363,453.64342454488803,460.8412140392866,521.6589250564575,543.1818708753775,627.2099615883488,632.2266457804731,657.1204999009071,535.4081097476738,534.1096634764772,730.7662618821668,663.481966177739,709.298398640165,664.6445743553115,568.5004681642814,566.2962087275935,428.9556488417499,420.51454989531624,665.7991844085326,771.126045687331,859.0999018955437,829.2683922658495,779.2770703655741,865.8641806296932,643.0586725170824,811.3636422333894,740.865332760028,769.0150598284503,747.3507710746165,692.4686279137708,714.6184343471649,687.0934367311594,606.9833357183783,599.8787989381884,445.7872233609541,557.9278399975269,296.6757100423177,329.23460882482397,590.9852823976611,582.1905370688537,591.6775824364196,682.8370917184012,590.0917234457315,642.9390770180449,502.56186460494996,430.86149593869845,515.8201852378342,556.0979051936386,330.03498820136576,387.2206942639196,301.3501730284964,323.355181214494,226.1975934625001,350.00650696312385,11.738915547107657,56.61489497698746,560.1702006022135,561.5401435464115,580.8269678801298,573.8929445085482,521.4706677055844,537.3653353105839,24.140005971127387,0.23998412543355865,7.722058398666363,9.957583990038334,58.46845045148492,67.12023838282492,98.85242703888152,252.12156076992258,527.5122708407315,617.8264215642756,645.77273068012,585.3296862252151,455.7473363245235,197.99341813710174,259.206928730011,516.7007519952182
669.5116237023364,721.9390426260052,719.4830799624413,751.5395936889953,399.2688818643259,403.14379431307316,723.586894966249,730.8700966692985,568.3663500279796,560.8902020630289,686.0458202206992,676.3790886773004,710.0529715012932,626.7030979419044,545.3958969021318,468.5724634399485,633.3438117583216,687.6806525930614,689.6909169164197,669.4761713867188,220.8560252322091,219.75268001556395,741.225207495311,772.9291289344667,507.2965482192514,540.6631547697298,396.01523973665184,355.08869184388055,660.5717764980388,678.1758892294802,726.999437867813,717.4250325520833,698.0587207341598,670.1367919243706,545.360797052798,570.7527487881213,517.3461308416291,557.1671371459961,384.9364188340093,452.67685806617305,458.2805200795658,520.7797825336456,542.8352782466109,628.6933916281749,632.8971390857006,660.3238753882068,533.5680578030831,533.8139148892222,732.5785539196384,664.5813828213824,709.7588905864701,667.1724986013032,567.8127692868356,566.2482816565271,428.1713095998679,419.09481680568814,667.1468841118201,771.3778309664792,857.4202878222867,826.8557149947919,778.8987826936142,864.5370674009848,642.8467236440116,811.3178608584305,740.8772630833868,768.3583595915974,744.2086491102583,690.4976501139878,716.1807563927523,687.624336031919,607.6534063665716,600.3200807415071,446.33993869746496,556.5914263044085,296.99837692924166,329.71670876086597,590.1547052352155,582.1294223896201,597.3919729679188,686.3299887520926,590.3415658885035,642.293622746405,501.0631701723735,433.6833178029458,516.5266869532379,556.5326953235401,331.85359450508565,386.54967397214705,299.7818392602106,322.33058013727043,222.0970420862322,347.0051040430367,10.953897492959017,55.82982753055316,561.2424062093099,565.2912070064222,583.1135652139783,575.8487971379207,520.2293712237409,536.4872518786591,24.050851771117824,0.24467474664388983,7.626309041779363,9.866969570914184,56.6448102962613,65.13160930912422,88.49676900108655,247.15643016380423,561.6434603604404,623.3413829456676,642.6541033239173,583.8430411423309,455.4411108295123,198.48375478195712,257.01091062661374,494.55493479761583
667.4562999090309,722.4438290451512,718.9899328370157,751.101565353424,397.9738506383674,400.43226331472397,722.440307825321,729.0881502451796,564.737535593461,558.459538156869,680.535501867775,672.4186256893097,703.376984532456,624.1908941307531,543.0129837364107,467.4122874861024,633.04241784263,688.6823435685167,688.5676844220509,669.9250521240234,216.60833970043393,219.9699373881022,739.3750547461997,772.1772246890598,506.32523163201296,542.6570188082181,394.9440901529723,354.37356735600366,659.9285352454996,676.0180425950039,724.9463202609165,717.698338470459,697.3970291654942,669.861315782335,545.6699006453804,570.7606811523438,517.4344259925875,560.1768758561876,382.6828517147473,449.8320528809051,456.84558030425524,524.4619584083557,542.4169230215133,627.8748402527723,632.4327269902136,659.6538403828939,531.8037707628297,533.9320137584126,731.0958383375598,662.488848697405,707.914478495928,664.8943056993081,566.2276886739004,566.4664878938712,427.6106812687157,419.3866821186047,666.1144148459962,770.7968031758511,857.0245769986839,824.6848180030121,777.1720891007133,856.9953812781275,644.443405384682,809.3254595705511,741.0699310302734,767.6202631723665,744.3435038320134,690.8144702619571,715.048882162495,682.2739760256604,604.242111652821,600.1308752591493,445.1577246079751,554.8091422076865,294.51820959561115,329.61849094444597,588.7634735107422,578.8505665632699,600.617179708278,686.8900560651507,591.6569337515996,644.4130327675224,507.58605059941607,435.3429954449336,516.8361846768383,557.607203812341,330.8292070213486,387.80201635119715,299.6524474318139,322.29966821531286,222.67188950839923,348.043166791508,11.203148092186355,56.3870694923343,568.3276234944661,568.4291433560646,579.7494159545749,573.8792152232174,519.6086934407552,534.7001301362054,23.908872331272025,0.28420544833082845,7.791200393121795,9.97877846622458,57.70278493876975,66.97108651709902,94.18333010541068,249.36034452038652,539.2738619717685,612.8235606800426,640.1879919679373,581.1369563235512,456.0002649905635,198.42121363731852,258.29209582010907,503.1210306101832
668.7659910307865,726.2228876749674,720.7821737282625,752.1157247687715,398.4801297653553,402.6452451007707,724.284721875333,732.247231860871,564.5651171110114,557.1996996539538,681.9959732303774,674.2855642772856,704.4016392807608,627.1954782115303,541.049696312615,465.61239570660274,631.6939227208142,687.1838923102597,687.7801534133853,671.7414896240234,221.41547453403473,220.84501139322916,738.4564263865374,772.1948065076556,505.9592079442209,541.2918741834033,395.57491922115094,353.13264784548016,660.2390510451119,675.8091369628906,724.8901679171665,716.248690032959,698.3567215224443,672.5280215115017,552.3388263868248,574.674853956843,516.7249259780682,559.035520694874,386.2442260640008,451.2865987770566,457.0128836709945,520.9518690109253,544.0266094841654,628.2248516353951,633.2219699737421,659.8253157041227,537.553099484483,535.3415694403482,733.0263026083669,665.0247659263723,709.5631705140515,664.7419638029287,566.394918535857,564.1081313619427,426.7732124337083,418.619545640805,668.7355777201491,776.0723092257977,858.8866056438142,828.1339476193541,775.8258175526495,860.6295544275574,643.7751387383231,813.0192502339681,741.8847328299906,767.3417277373085,748.0180877942718,692.1193610862498,717.6114370746977,685.7602045048666,608.2482155292957,601.8162298046175,445.86028265296864,557.3031406815434,296.6283455447874,329.35148405692945,590.5394948740475,580.8504020722576,589.5541024715343,684.1099766322544,590.5671121589983,645.055482756367,501.2305940882365,434.86100045720735,516.6529400401179,557.0935945538034,330.28217489579146,385.53283968901377,298.8391214471,321.6510263358879,224.25722908363355,344.4412857418445,11.54028152883553,54.76427156295275,560.2294901529948,561.7202236369504,582.5657056663185,576.3600019912375,520.1590916970911,534.964571255635,24.535441282523895,0.19520778918155918,7.600908875378539,9.791210422565928,57.04535007124085,65.51568546515117,96.27768158912659,246.6890160967322,542.0934059836648,621.8995783025568,645.8361783635696,586.0931512373912,453.107155437563,197.86203585829782,257.42712460142195,502.16008995319237
669.6917857200506,726.3375041364419,721.1965106505985,752.2422542951971,399.96843078080997,403.46134622927224,724.4963123942682,731.1716198470745,565.6372864951893,559.4991914874217,683.3152653763934,675.7298163398864,707.8386195920548,626.1191516173513,542.7095208256992,468.74152461707445,637.9854504915211,694.815794073466,690.0414642100134,672.9656784667969,224.14698232420616,219.68130321502684,740.0856852006775,773.6560304883926,508.43122462826875,541.7663147056496,396.4902766738807,355.556813120842,662.7104571180523,681.5450252203294,727.6270707898879,718.6043031311035,698.9982841621011,672.4190104844835,546.0429547517195,572.1585737481174,519.3898191746111,562.7310468179209,386.6949457451701,456.8244713058186,467.2759979748335,522.4127140045166,550.1443913839166,632.340658901992,638.5579733038347,662.3647843578406,540.0576690524077,537.8090034498201,737.246118410172,667.3146381853612,713.5726419814612,671.1538740077489,568.9212968424297,568.4102968608631,430.1150409485053,421.9887400906527,672.3625561149071,778.7981327165056,859.6196257424406,828.5325074330057,777.1113412873641,863.2764191858977,648.0368110120114,817.4673573686263,744.4737642202805,770.1653032771069,748.2792396759719,693.1181239166579,718.5586453577515,686.0910760868978,606.60316683795,601.9668901474749,447.6301041699331,558.8576904561096,296.1914090142734,329.37032328860863,587.7624117741819,578.344695665035,598.1489114964262,692.5714710780552,594.1893429518659,648.3711218741718,502.6935432211558,436.9558849604924,519.4833923886001,561.6014418063114,332.15550067004034,387.4246211774943,299.53159406393144,323.3847704472573,218.69040796567717,345.92779234615466,10.294426490345764,55.9016304549272,560.8091552734375,567.9269905736891,581.8523442540318,575.7449959802411,521.4352764877048,535.7428190049449,23.983007107983884,0.24882148936459864,7.683835750669398,9.849581432296379,57.21158189287573,65.97986722716522,89.23909630378087,242.57954652169173,561.2941173206676,622.2734252929688,642.7078048398831,584.4811781871168,455.2819120907316,198.04963453179388,258.3781071431709,497.39357889109647
670.6764384768508,727.5804499423865,720.4363114745948,752.3218738624299,398.68428932456084,403.8654972104622,723.6917092924126,730.4201831574136,566.5038111939722,560.7614571027091,683.7054590985058,677.1770808023119,706.9372966890678,626.9547081843078,543.8081064077826,469.75950965692033,636.9709808204976,696.0148109613463,691.7526516969176,673.4344604492187,217.846391359965,220.70340785980224,741.2238044848862,774.9374430822947,509.88394532528224,543.1700177454686,397.5045167701679,355.3821206357744,663.5294077891224,680.4822632589457,725.8904727725533,719.0847686258952,701.4796420598434,674.7117651367188,553.1872335019319,573.480903349727,520.5654979151251,564.1356917487251,383.8285252638161,454.0686670653383,459.5239700567527,530.1328046321869,551.5266450619887,635.9392086951088,641.2222466880564,663.9458928470723,541.5317087390206,541.0237701089233,737.4347695135301,667.1755472991473,714.3879080469237,669.0360227120474,571.2084448775903,570.9006678824331,432.366271447119,424.8066488155171,673.3063169314331,779.2243011947031,861.1957053396666,831.2368722454021,778.5071905782949,862.2914377354496,648.2148683880447,818.4027112560508,744.2203293985395,768.9113310461513,751.6481956053316,696.7863623840586,723.0608496210377,691.5573770934047,603.5202640155414,599.9093284919613,447.5207181108107,557.5864699062331,295.83214292664456,331.3006660568882,589.9231280967838,581.5879348185052,599.782166825964,693.2803333827427,596.4271498347607,650.9508375785628,511.55647461891175,439.3886548101902,520.2886548945557,563.4220264405153,333.64656688465794,390.1717938757115,301.2235928659017,324.96070220836253,224.4234141177025,349.0591305246949,10.971567547955567,57.20061604673571,570.6265655517578,569.0839678230932,582.519747370854,577.7514626688547,523.3193055364012,538.4325570663788,24.666710309990634,0.3129703721479961,7.9041820799999245,10.246475598272601,58.51737665763054,67.55783090802531,98.51498527576526,253.2716740510043,539.9448380903764,615.6714821555398,642.3327476962301,584.5268566276453,457.9915333542169,200.4455657146152,262.8422755328092,516.2911261196795
671.1192112802192,726.1093199662488,720.0864025120503,752.6043172319572,398.4903257325638,403.5047987404146,725.1314831511748,732.1545183676861,567.056872241351,560.4712399928296,684.3863020485978,676.1246163746667,707.225257572547,626.3715408649522,540.7169868367821,467.3931627597466,633.8371456200477,691.9846193433996,692.5186236151334,673.4658166503906,222.0223372015688,219.86820100148518,739.8115983009338,772.9762373878842,504.5441393877199,539.5331635527558,395.3280120343793,354.83679019742544,662.5341067943933,680.1835392704717,725.0971483445855,717.2810171508789,701.7582068362478,674.9990939670139,552.9044435584027,575.9580545080713,517.1529680831842,559.1087378749141,386.57242402860095,453.7148483219218,456.0607502421395,522.6467914581299,545.7669886969333,629.669727126569,641.175271422086,660.9532322855721,537.1755832128289,536.421644944411,736.2338604834772,665.3392785819045,711.8414989088493,665.8496325126356,570.3524784378941,568.9523543376548,430.218196857886,421.80842598311835,670.7532694253576,777.6644444951305,861.1223180124106,830.9828312285175,778.7544374150815,863.1214000121676,646.7179298517536,818.0865063294461,739.5117952716885,768.305134630442,751.7636232611839,695.9140530530368,721.265667083157,691.8236851138963,608.4200325012207,601.0897293716181,444.96578745010794,557.5905539772727,296.8556066319562,330.26323689205543,595.853690475714,587.720731363257,593.6821834483045,690.5890175955636,592.6678414764989,648.4027640516587,503.00743321736655,435.5678392266234,515.5111991436996,559.3063200491446,329.86922973464516,387.02338498949143,300.8286532110845,324.83560029691677,231.11414655292617,349.99317125509185,12.147203146762438,56.55679732139861,566.2676584879557,569.0087440620034,587.1409380175173,579.2531715496633,525.0824881400771,539.1846474085577,24.70302826985962,0.28858975477654625,7.833376763101793,10.075851210237099,58.15927577620125,67.29490631287517,97.29339606894388,253.2948380568448,539.4237199263139,625.2035478071733,647.6739622794541,588.9186059493053,457.45449036242917,199.32500751146623,260.3815305594242,517.8290941961881
668.1160196531762,722.1864223769217,717.7458907319023,751.1475955195635,398.80417731085487,403.6434917066778,722.7027304568863,729.7578969103225,567.0277437093307,560.291210529257,683.8752457533426,675.899169758388,707.3347234971322,626.3969111963805,542.6320234080453,468.35104106141085,635.4855990296857,691.0570712929152,690.8374757145557,671.7991090087891,220.31636419561175,218.81858005523682,738.2085118692846,771.4220888046991,502.7853971551226,539.9735773107508,395.3194771445259,356.76079947418634,661.4098923161345,679.5388544530044,724.5619959393198,716.6644918314615,698.0063881308346,671.0669589572483,541.1185495127802,570.894878341491,515.9578087760489,557.5518248522723,383.75427646722113,450.4165608409639,456.2964292432441,519.3211476802826,541.2256683584244,625.9775576478497,634.503998254335,657.160345512524,531.7671096502257,532.6376649349719,732.462594702936,662.2456263517005,708.5302047938147,665.1999590430461,567.4018996029157,565.2443415230396,427.510910527956,419.5950225745793,666.2710393464839,772.100595197192,857.8112128568777,827.7831816539084,778.4082523777174,862.0456008170415,646.5358159709779,817.2313669934684,738.1452103799849,769.9274967412924,746.3963366476338,691.8328976588057,716.112469035349,686.4475937311162,604.7820807104712,599.9836623395075,444.9323638076082,555.6369844246736,294.1092052736144,330.8558096012599,592.2864695064357,584.687847849739,598.3977232588098,691.1868253435407,591.40596850165,644.9958039291656,501.3573511727651,434.263279709816,514.8335897529703,557.0613412617053,333.7075797810274,386.44922899941673,299.9668055193809,323.70675164439825,227.37014743121236,349.4851760764668,11.30398178110934,56.701985596726,563.0590667724609,571.4467638953257,583.744384098798,576.4568401353931,521.7200058022224,537.0252450322755,24.65256160280765,0.289104382003899,7.852338601839781,10.085513895091053,57.99935554051816,66.7325407112498,90.9565613857574,246.37872622994814,558.5565684925426,623.1624844637784,643.8261952240196,587.3157366016243,457.6896777153015,197.6710427207382,260.8228444186124,505.1545178643588
668.919562653921,722.1566649783741,717.9986818656059,750.3968567639233,397.63472482104635,402.2288119409765,722.3704526987425,730.2430567964594,564.4560058408854,556.4204472956843,682.1071048519476,674.8059063018314,705.6755135537829,625.2234002549638,540.6982918604097,465.8447040198163,633.2366494996853,690.2495742240221,689.5191942704591,671.2936921386719,216.16606982549033,221.01354166666667,735.5474722271874,769.403483496772,501.4932595697373,538.8885779747596,393.0658512853127,352.7144501076804,660.1788300028387,678.6150484815056,722.5737675544158,717.0133753967285,697.5670949644962,670.4651805284288,542.8659771463145,572.1344402267272,516.812757181176,558.8827931439436,381.72611856886317,447.11605230610024,452.6380560202677,522.5590319633484,537.6368183630799,623.9749586638682,627.0961499732185,653.2775145859746,530.4916111418038,531.3709122250964,729.3565723050025,660.0265601485356,706.675065249243,663.2611127273897,565.3245094538804,563.9437952976601,425.96691517952706,418.1002089974338,665.5023706442424,769.6828773198305,856.2761217286211,825.1043529403142,775.9426359757133,860.8234429714363,643.8185839171804,814.3191462544257,734.9925348082585,766.6234783411642,745.5993529759096,689.3838552069101,716.8678805600306,684.93600177238,605.1825881133209,599.6833408856002,443.75691492623145,555.8869531144311,295.42001276430875,330.27924830477,590.80363864586,581.9278537861045,597.6512399227062,689.4581091744559,591.1409945725482,644.0740401537379,506.2881716664632,434.4347627882163,514.8913064049204,555.6751352330106,328.9674545905169,386.5124113619973,299.59109306465933,322.59625767898683,225.33506949402783,346.6911109247804,11.431284013065225,56.23692623019346,566.7320871988933,568.7747549283303,581.197019604966,576.1618574668919,519.743027859365,535.5392129986677,24.830289798776473,0.2686839303174229,7.79488159195622,10.015103745148215,57.65795031421646,67.09491427357106,95.86648040513198,249.97236327038092,535.8747530850497,618.3916037819603,642.3522244651846,584.2423087977156,456.8639962860182,199.3964109984145,260.5809481794184,504.1343688964844
669.6548367514943,722.6012922585612,718.8987785094416,751.5929748147607,397.2677359691886,402.54770037744726,724.192583973552,731.1399311731217,565.013410665551,557.7692921630671,683.6955258129088,675.236538696289,707.5853718517166,625.9948309037367,540.4143004619067,466.70345005444796,630.7542387614318,686.8933230175132,690.6620157176051,671.8517263183594,220.3540847433938,218.92984046936036,736.0145016342702,771.2886263832213,501.8390676488427,538.4492046230442,393.18681708488674,354.7024664349026,660.3710498989753,677.1143591610002,723.2897629224722,715.9896881612142,699.7122011346332,672.0224958631727,548.0463605797809,573.6174566429781,514.6065185815752,555.3297404536495,383.8585375888007,451.8011368883683,454.7420294089396,518.2278828620911,539.5500688836688,624.7097404443822,628.1121449988533,654.183516190066,530.5564827170253,530.5607935632025,731.5576007966073,660.3180786864149,707.5816994192057,663.0193042870259,566.7393605527321,564.919746539172,425.66020621118497,417.4459420642564,666.9505102485582,770.7655442754427,856.987030886162,825.9536158005247,778.2268086574388,862.4277959533493,644.0579421483777,815.360735869702,737.2768224459976,768.9071171160508,745.0366503426199,688.6266445815148,715.2453835845753,685.9632086147919,606.6125268334741,600.9341686749068,446.1873973531461,557.977087640143,297.7862190578295,329.6737589231679,592.7295066958568,583.6242197123801,591.0648823190243,686.1667088099888,588.8575299434735,643.186171128605,499.50434591929115,433.23880684455236,513.5779668253424,555.4996398860573,330.0443969109479,384.9030019884075,299.6716088705386,322.0132609126963,223.55526431859707,346.25070057826736,11.765084329764013,55.83007052539749,558.606489054362,560.3581594693459,583.7283105254173,575.6579201469594,520.3818077689212,534.9906857031191,24.82950265716614,0.2867716786882806,7.8003306204336695,10.010363174939839,57.18598764929788,65.86204137286123,97.88830035759344,250.70020549437578,545.5630437677556,623.9400024414062,646.1646714178507,585.8875960337965,455.47961091527753,198.9846756397971,258.67385263154,511.8925991716056
669.533473964002,721.9249540964762,719.0109861466888,751.5687234506189,398.55029768389323,403.48472901327267,723.9524553824162,731.466441416639,567.3548651082175,558.2723863828378,684.7577633121149,675.2551831926618,709.5315058137295,626.3875372419473,544.7796686715748,469.2537079993312,635.0150288224785,689.1575784778278,692.261766280251,671.3866027832031,219.14769993888007,221.3372833251953,738.1348257319407,771.7972190645006,502.15017957088213,539.2219203487857,394.75840059564916,354.2387728558646,661.8783640231726,679.17374723458,724.2974488666364,717.5395121256511,698.2113013186697,671.553901163737,543.3127656356148,573.4404892519296,518.3027096382847,558.7024374361391,384.47864076708044,447.76568307769435,458.3174393450628,522.5548164844513,539.8858872879119,625.147146215936,628.1084998005944,653.6548496324416,529.0451055518852,529.381723310564,730.0947494014617,659.1303462010325,706.83068450967,662.1613649256992,565.6639564411522,562.9597073536294,426.0912297834935,416.62851894701754,666.6683468270276,769.7519225952802,856.419005556704,823.1155522330394,778.9065086829144,864.5845612461127,642.7787109748303,812.5860543427644,740.5508513948811,770.5114999747708,743.6499626974041,687.5602024818495,716.1311190659833,684.1418753776761,606.5803589691986,600.9694726975238,445.67666352998225,557.1046745003043,295.67198092695594,331.80763115681395,591.3728151165071,581.3912600442087,598.8231434923538,690.4601789202009,591.0723337341542,643.2346803541012,506.03545516967773,434.69407935063043,515.8617730741458,555.8119983482904,331.1086940148297,386.9484786797947,299.6968202916905,321.6563856870966,219.68498631796115,345.65331030587356,10.62039645241263,55.96747171377362,565.5263071695964,573.7788215249271,581.4413858652115,576.0027532448056,520.3641403916531,535.9000404003489,24.150805910963467,0.2421097544470319,7.681975898421317,10.004831620820914,58.05212767274335,66.29154390035077,94.19413200683064,245.93790817961974,545.7241627086293,619.5824196555398,641.0833539514733,584.594893829732,456.53800427095564,198.36230732010384,259.15570036570233,508.2221100905846
669.0031598123778,722.7202753683533,720.6607880836151,752.6782967160898,399.7815417622411,403.89533491003596,724.8749596741295,732.5130923786569,567.6892523424966,559.7836898663005,682.2222221188429,674.433532569522,706.6233918335589,626.282897331454,541.7958784103394,469.62623603764007,629.8029066329884,685.5473408619827,690.367410126317,671.2798984375,220.38482313685947,219.12226702372234,739.8373198006921,775.0671600311522,504.8937531441294,540.2605832697271,395.4379035570345,355.3062366512087,659.937241716205,675.925841795368,724.6083151349245,718.9333638000488,699.494572203038,673.1388288031684,553.4183066326639,576.036971494376,516.3943962063559,556.6233716187654,383.85446204457963,450.94371924239596,456.6387396640465,520.4112362861633,539.1052844575237,622.3942150097888,627.3599062762885,651.5558570281804,531.1187994223981,528.7434351594299,729.5405299278998,657.5061179368028,705.8839006190748,660.639866001889,564.1983194051836,560.9735899439045,425.1735304159974,416.1056558416635,666.3416659469019,769.6573078764809,856.1269595844442,825.1066951787494,777.7642188030741,864.0694021083004,641.5078524434967,810.7428477291218,743.9619117850688,771.5604190087133,745.5697267510918,689.0444820345028,715.6446983191618,685.064883405991,609.5265149296941,604.261073909822,445.11849583617044,557.8140518386642,296.5801436935646,331.34418498294457,593.3600597694272,583.440289255989,589.8702834109042,683.6375568934849,588.513144979075,642.4399562069724,500.41781573613486,430.2872182703018,514.7552767455315,554.8148174104754,329.7091969265657,386.363885829595,300.11395509013283,321.7907397130391,224.71139441582204,348.17201787831885,11.588041584742584,55.90597259703372,563.2633310953776,563.948349774894,583.3763860519975,575.5949133963607,520.7679248838934,534.3873285139686,24.36335217472362,0.2444165289781436,7.770717218772932,10.004445724279556,58.057231393739826,66.93269583167037,99.46961727241676,251.5998418493306,535.4818781072444,618.9471413352272,646.1976181132682,587.0058340724511,453.9558152684978,197.3861415604489,260.97274365569604,510.09099920864764
668.5422443268291,721.6095699830489,720.8550892942159,752.2457427712551,400.37695088940995,404.2105670321201,724.0171465861523,731.0907710168717,567.6962174980008,560.8556373197524,683.5933742368125,675.0765867566306,708.6292663888294,627.2434442535586,544.4129020420473,471.222072501928,634.610262757794,689.1912021573596,690.4408654106987,671.2859122314453,221.65830180380078,223.16689942677814,741.8786540657583,775.9646318375118,507.3713716936361,542.0853069850376,396.04136788384034,355.13103234767914,660.9830597211729,679.9295478349851,728.9419370636226,720.6804825337728,698.8307868828208,672.0302953423394,549.8950745292332,574.7981196024332,516.4318112276724,558.8773641233091,384.44927805662155,450.6962691746401,458.20763159579917,521.498782157898,541.720022774878,625.4275218367012,629.1096822903348,653.3773519727919,529.7577858562312,530.9792298537034,730.035751096664,660.1613368837715,705.9226269998145,662.3407908157563,564.4495569750867,561.8951186572804,426.01817598224324,416.54674575303466,666.8920427136458,770.6886224305189,855.7038653313984,823.8854313147225,778.7951875106148,862.3355084021115,644.1041718929185,811.8982754931038,745.8994356980965,772.9408363125428,744.9961689981182,687.3360801532305,715.9027863520726,685.0715082495252,608.6115520580395,602.5279753325416,446.18180217217963,557.2388145810082,294.70480844248897,330.8203602105799,592.1592205860576,583.3551501515495,596.3606580369016,688.184686933245,589.9783079943894,642.2577635895317,501.93272504170733,434.60786668519177,516.8819936075924,556.210703227991,333.8102131198434,387.10532596395336,300.15547401768464,321.5721582722749,222.20734773368017,347.43430786222217,10.78870252403215,56.20015361169035,560.4738016764323,568.410465563758,583.3115734318271,576.0148920602928,520.4655923139654,535.4494431735834,24.187417351653014,0.2641762366759832,7.775056940801128,9.979381781759523,57.86549185675467,66.4972514731757,90.83712293207645,243.2254711727009,557.0016424005681,622.6665183327415,641.9865382661756,585.3884547752671,455.38018323860916,199.38239416074856,260.6064401106401,502.8241271972656
669.9845440897216,722.6370505323314,719.9899457280616,752.9785249337732,399.6951559199843,403.33873497162546,724.7208894565384,732.5428937416889,565.7474101660202,559.2335227070773,682.389912302901,672.9768342396569,706.5994499821605,625.064465897286,541.5935811166147,468.12270780650914,631.2946741185482,688.3204759363321,691.2886377093436,671.435803100586,220.20336414708032,219.79156894683837,738.5620415055906,773.6349774466621,506.0580963214655,541.0294952392578,395.19232502299775,355.67099565929834,660.13098871483,677.2517697181231,724.4694572709051,718.4206525675455,697.2511448617709,670.9843416341146,548.5181560350501,571.0816999688205,517.4562675039149,557.8907921402542,381.3941353282758,448.8872084171138,455.1335276619333,522.1630561351776,540.7609322998259,626.0782109120446,628.9297245910241,654.030159777368,532.2496146249377,532.9788525454647,731.4640942235147,661.2948447266632,707.3000357442535,663.1540632458999,567.1087004315158,564.2576169500164,425.77564513069274,418.4492724460783,666.8925754175259,770.6313336822722,857.2348317749814,825.0164611845034,777.0598490574049,860.7221389326077,642.5289384101144,809.3769484547431,740.4584803794747,768.4413690357553,743.5274297049876,687.6319500919177,716.7561871959905,686.6249844883029,605.8800216193672,600.8339592667877,446.771183328891,557.798318243646,295.9022219008294,332.2768150651959,590.5759653810595,581.3522488289354,595.613213721742,685.708139692034,590.8956487955262,643.1441840325272,505.8391963926951,432.4718287499746,515.945848038123,556.0657128884695,331.25977756836835,387.05939971238695,300.2123178982486,322.6887211406046,223.78355465310108,347.9103675757845,11.59169359026149,55.7450122091848,567.8735677083333,572.2526550292969,581.7566062994301,577.0858745316035,520.5406529666814,535.7462460953915,24.40308508691133,0.25799573947572046,7.793719598220522,9.973834554720783,57.92314719576036,66.57151954294864,96.71045394076242,249.96551656547715,533.6812438964844,615.7169866388494,643.5256519701657,584.1001048027715,455.54205132231994,199.24039613213716,260.9977618564259,511.89704947636045
669.8146562992894,723.198344707489,719.4298048801853,752.1437371128584,398.52504788775775,402.9107742213777,724.8869502465134,731.0539328457447,566.5900922259506,560.0392771250889,685.5854273850356,675.9363075377449,708.3604810135647,626.7815122256877,542.6994930167511,468.24700277851474,632.7087172377167,689.5281668121237,692.6252338511733,671.6422745361328,220.18863417373763,220.03475481669108,739.2898822591075,771.9861883435931,503.4547289503806,539.1480792118953,393.36030005354905,353.6362115012275,661.5561233376557,680.2584751082055,724.1911883416764,716.9379875691732,699.4661067380744,671.0253652615017,545.6159265932829,570.4442870358387,517.1364724583563,558.3377958933512,384.72749289444516,452.42435426747755,457.0149278484407,522.1506090164185,543.8685732417637,627.2480585902788,631.5338472483218,656.3591044241922,532.8752999029869,532.131552302754,732.2985840335969,661.663600646156,708.9473754386951,664.3918011778557,567.7354409256324,565.7357042537016,427.4425381301351,418.54183111184943,668.4018773625219,772.3464861920586,859.0564161263584,824.7701556436564,779.7301332158628,863.0016530107912,643.5534751962084,813.0431897434188,741.04412705151,769.657060497491,744.8743253772178,688.5724160588335,717.0997531186243,686.0533170752763,608.8495422913147,600.909872930558,447.8568020741874,558.9262101474778,297.21251833266103,331.49073060801334,591.2233757894547,583.4392923062273,595.3350914488448,688.8988909040179,590.3934776627698,644.096606465993,499.67132625579836,435.2721318542957,514.9697210258062,556.6517168445351,330.70571536877577,387.2951332756759,299.9662422409262,323.3898614181807,225.11554198164544,348.1934846948584,11.622710693267571,56.85615565101251,562.1991800944011,565.3795440156581,585.5744159612805,578.5962745355805,521.5324845059228,537.6738065425808,24.71796294370372,0.2739305614079866,7.8009423842773975,10.126401469370883,57.92336918089442,66.64457308190313,95.54897131522496,248.87615851093742,560.9958995472301,624.2131192294034,645.5925542844221,587.6142556878585,456.6823748513764,199.60776492744162,259.90167104836667,510.7914986445986
669.7298712972486,723.0508106019762,720.6333273979486,752.7945282848708,398.9867906259936,402.43228175810407,725.7341727462469,732.4294404764378,566.8091923995894,558.8716225751111,683.2865724641133,673.7678747146848,707.2715185567813,625.3253215218363,543.2404365515828,469.5544438184639,635.3709771757442,688.7594255719866,692.7896053854989,672.3860200195312,218.11476176314883,220.72019710540772,739.4514968068397,772.3164384629991,504.39778166166775,540.9625212700812,396.0747498570226,353.5316761069828,662.368742690896,679.8159784387659,726.0577018117028,719.6104135640462,699.6631277052022,671.9069139946831,546.5468453448751,573.1191215055535,520.1725225910741,560.9167443028202,383.53202416534936,449.72886473409244,458.7467894006948,526.6722104549408,543.3177128613942,626.9432327487457,633.6034079116035,656.9677627295779,532.620613188783,533.7836743668242,733.2345868018366,662.7442662625019,708.8288991417511,664.7673222697236,566.4238039709527,566.7246378356335,427.21625798252506,418.2897612084124,667.8964542251035,770.8681329378376,858.6511164556055,826.5307072251196,778.3738257897419,863.0307527807538,643.4483529653753,810.7383155430296,745.0967846770785,771.4481819064118,746.2526925762048,689.4027313018873,719.9190522212132,688.5509915009388,605.2680391191362,598.8669059941026,447.2578023858027,557.1092393883379,294.9343548097472,330.69167231170223,590.0497737947057,581.3996549107721,599.4180674451462,686.4859455653599,591.8124263953432,643.8862944090564,506.5991158994039,434.72663362900414,516.7941960179334,557.409251852635,333.06787780172687,387.81992680501423,299.7022279308488,322.2980881103884,221.66057607346232,347.3706500567558,10.98091587152858,55.988140189042035,568.4872314453125,573.1110467425848,580.1526994528249,575.3188815569986,521.1642044397407,536.1402133857708,24.550150370985072,0.23891717742576643,7.739016056977464,9.953122550173429,57.38100752354847,66.5993656251249,95.81132862302992,249.10786143120598,538.1168906471946,616.1109663529829,640.7487477552171,581.1210153314132,454.6807018821584,198.48562124864966,261.0696985504844,507.1963574639682
671.435655614139,724.792602929202,721.4429253159749,753.9058740243494,399.4334980188414,402.5830156739269,727.1429205306656,733.416412950881,565.709093852919,558.2254131680629,683.3711248878541,676.1174396151588,707.2215636892956,627.0308708700574,542.8842023569553,468.06984094887156,632.9285217574422,687.7321594086201,692.4535511937635,671.9772750244141,222.49946657651,220.24862988789877,741.5181948619144,774.9740654930235,506.8865260678436,541.1747255849315,394.2332192521069,354.752223889033,659.218036075808,676.7459120008681,726.950862413942,719.8489967346192,699.5388997611353,672.4412984890408,555.5456406303074,575.3452435229198,516.0623281873795,558.5508051978218,383.10832434999094,451.6094784683056,459.34737633877114,521.3034825325012,542.7515313204319,626.840285748667,633.9647525306532,659.0595087307936,534.8871243827599,533.479920900785,733.0210825027958,662.2313828461331,707.5062940246504,662.1428597582658,566.4580478753744,564.7796454336129,426.37502080297384,419.2870184341156,670.2702864347126,773.1799694012713,860.1937748886339,828.4942296012034,779.3834033733865,863.205980516946,644.0399557224472,811.6140938197634,747.0856097776499,771.4775409273399,747.4346486209483,689.7359730782861,719.7832662983305,688.6570036661559,609.3367574880789,602.3439937966768,449.2890100216647,558.541419487495,295.64605016293734,329.44346747599855,591.9161145569848,581.316729027206,591.4576454974235,682.8044771466937,589.6081125544406,645.0320189641326,502.38336824099224,433.1144391155243,516.6337210285604,556.355397835756,331.3258954188403,387.6227976423739,300.12445483899984,323.23232365198015,226.15113194324138,350.4147860797743,11.571772560690684,57.06041327883045,558.5203969319662,561.3683994099246,581.1956426052493,575.3250035764944,519.4452337891091,535.1887334063467,24.887109577845735,0.30387431522486386,7.934861377093109,10.250428536183401,58.69747210136572,67.8907323181429,99.69887528527114,255.53108752475066,530.3814225630326,618.8097889293324,644.6286143872562,582.0196434697018,456.1472968307196,199.23227221829197,263.6253382364909,508.96435336408945
670.7611633805204,725.2571557122047,721.3782561638976,752.0177562493252,400.5092420134433,404.0871595983127,724.5055189726196,730.6826760409741,566.2501119594185,559.6236054115608,685.6804603018412,676.706702931722,708.6566144835274,628.0978141352233,544.2076895367447,470.5102458674618,639.6782000934908,695.0741555857104,690.5894078514128,672.9548770751953,221.26355192396375,220.48816941579182,742.1502580913631,774.9113248340667,509.02639431978395,542.1725756467043,397.177357415468,356.60720541742114,664.7974808351049,683.1119180938344,729.368575328917,720.1974546813965,699.8401361239158,672.6077567545573,548.202770797066,572.7672733169004,518.6063574568291,560.9075722871004,384.82325601152013,454.3134615751688,463.2698661929271,522.3018398284912,547.3471712053769,631.5010109851711,636.2037296587379,661.5495196559973,535.5594357321085,535.276418749269,735.9776713463568,664.598020106117,710.5550783180669,667.2545701224559,567.5845740621935,567.5336407399645,427.67322300848275,419.94174865341813,672.3917295825703,775.8272962415659,858.796446962954,826.0590004411021,777.7648725161345,863.4502695818163,649.2519430457999,817.2405457869479,744.4920850155959,771.6292404586338,747.4647968549407,690.9339704672717,720.0559255028986,688.1523870815888,607.6872006321812,601.8060951858271,450.84101472207163,560.1432893431032,296.7621316218722,333.7819940271512,589.908462399342,582.0084912311981,602.1613068276263,693.7466092790876,596.7108936236735,649.0353551154637,503.23408470789593,437.5489939145247,519.2585575187784,561.498365394297,333.96119549695186,388.7660378385537,299.72092626802623,323.68097493304685,223.10484461081555,349.81601913119357,10.655643926172397,57.387396685168206,565.0320882161458,566.3338524769929,584.0138074434362,578.9466678740213,521.7136903719138,537.9830523260065,24.48933317333362,0.3502326071555554,7.92552820802712,10.243446857205189,58.02490532824712,67.45077137160365,90.59130854366555,250.1402703734005,561.115556196733,625.7035988547585,645.196928088297,588.5885533200035,459.51121378879924,200.92151551275398,262.3748331358938,500.8753872575431
670.7249244590859,725.8053255129342,720.2762105535809,752.477757351332,399.79805996917014,402.60962421979224,723.0016535428073,731.3715372028756,563.8194882675093,559.215034467275,683.8823982176742,677.2224522484673,706.1936956441627,627.3756368691139,543.1378396134174,469.852761816446,636.8032991671449,694.6892217591751,690.1234538929673,673.9081959228515,217.65736654400826,220.65783767700196,739.4602185547953,773.8474544343494,508.210497591508,542.8210729661879,395.8962073563212,354.33161091804504,662.9836134640676,682.8363059338228,727.1317525948753,720.0075278727213,702.5340325307038,676.0087901475695,550.0653930000636,575.0902092255742,520.2520089170481,561.7041615380181,384.3545876954283,451.1187974594059,458.398654625064,527.695502281189,547.0476528491292,631.853722522609,634.7419164067855,657.644294671845,534.5126872772028,534.9409309133783,733.9927364718529,660.9931082389921,711.4199784032166,664.9067070306667,569.0091182554784,567.1393974341598,429.4397473953545,421.02473771708685,671.3439326375103,775.4546914078571,859.3139048631969,828.0781410890046,777.4757893172555,861.8855418479944,648.8721315343081,819.6867112367732,742.837629403641,769.0214206845877,750.2059669666075,693.7725351251382,722.0184664392168,691.9339215189054,606.5057487144127,600.5033498044874,449.03964632366774,559.3105935761423,296.2356850444407,331.51000331824935,595.0237614365875,584.9673986157935,601.0121083361038,692.5404652186802,597.2100393653373,648.9605140267814,509.7775136693319,438.8107148941358,519.6386227124588,560.5632292584703,332.1718762706308,388.482820511725,300.4389166352339,324.08553282701644,225.39567053940382,349.70938451559596,11.279963735777427,57.80066309170516,572.1916239420573,573.3214949268406,583.9092488945462,577.660151347855,522.7814904909401,537.8140734740166,24.900869282808056,0.30052601572264126,7.909078027241539,10.311427796301723,58.85967292239938,67.96135464063295,98.42034416687157,256.4512795981239,548.0590126731179,620.6453635475852,642.5746845014943,585.3393531509593,457.1673217474246,200.23561501287315,264.5253298643864,505.8390208277209
669.0759917600377,724.8912415070968,720.689416112004,753.2307299123818,398.4569282842237,403.23784315798963,722.9177024171379,732.2206147668717,564.726055140398,558.8072883926454,682.9416885996253,677.4520571511889,705.1655453506914,626.4424028280775,540.8364549157632,467.7028839827767,632.0775628112503,689.8783837505354,688.490385442858,672.8532824707031,222.23500074280633,220.30340461730958,739.3729863848005,774.3092923694187,506.466601356786,541.3421445154881,395.09900500892934,354.6351761023204,660.8091302727753,679.6637210798852,725.8646212199855,719.2303026835124,701.7819538439735,674.8069855414496,554.1356112272844,575.8249721297299,515.4709701201989,556.6966840249521,385.17270040512085,452.70115020123313,454.5617988461354,522.459760427475,542.9644831892044,625.2018711759016,633.4231868866094,655.0397020752667,535.3275997146102,532.406842045017,732.4283347345167,661.0747492586063,709.2230546526621,665.1588143976162,567.610113853831,567.8288745880127,428.8053479262398,420.05967095030894,667.624356022278,773.0844213278206,857.6371809298225,829.6510988704259,776.5596117102582,864.16782776669,647.5739395188265,820.2729436458384,742.3461303710938,769.5556963223204,750.4742640720325,693.5096478303052,718.2975749605021,688.9285096226477,608.8302580000044,602.0122003398958,445.33890442454486,558.7984117780413,297.23046952399653,330.1185625103158,595.3903953677318,588.2264018078563,593.4990623961104,685.6678423200335,591.3485535369522,646.1651788047664,501.58822304089864,434.1881593378385,515.9205203253792,558.1740595363823,331.9700415807612,387.09861761912543,300.23622515331954,323.5467828415574,229.92343749002205,351.52026235446334,12.423872736983295,57.18184220392099,563.7637685139974,567.8297005346266,584.9773095101118,578.3720703470221,523.8053873756156,538.4718207193762,25.048687793620815,0.3035855192794568,7.808242258555643,10.214366885176528,58.56415289954251,67.48192720397086,99.96754245128896,255.6693220980027,539.5942521528764,623.4424682617188,648.3702806306366,589.3033033926275,456.4445131713269,199.62504984307708,261.94193990302807,514.5558240167026
667.1628943649346,722.759167916847,719.692337607657,751.9775163528928,399.88283031596694,403.40097860034024,722.5534275637056,730.1632284740691,564.6871506754233,558.1417327337577,682.9635183442899,676.9289795224629,705.5464605786175,626.1019934449602,541.2056443916624,468.7236636045849,634.6337307753721,691.2839031789786,689.3463938629034,671.8369310302735,220.6544424229198,220.04949321746827,740.0074272701063,773.1715698544941,507.8380011413734,542.2239617986993,395.09089934628315,353.30282465616864,661.2670453449465,681.6953169457706,726.907838876479,718.682848256429,702.1192771135751,672.5055259874132,547.1728693423064,572.954701618976,514.6986871122789,556.9854048269766,384.87349638768603,450.8710616322492,457.1705629942847,519.7227458953857,542.3568381814966,625.554962809052,630.9485549382181,654.2194232996444,531.6170247172521,531.4073444113031,730.8911854897776,659.1878758595486,708.3703945594405,663.575734190298,567.4991076003275,564.3634909461526,427.33008537834536,418.3174364867265,667.2599736993963,772.1412506522955,857.6584756080841,826.5772769920821,777.3215919030231,862.4093696075736,648.8347721391497,819.2799280818107,744.4669506016062,769.4071129295561,748.2147286747279,690.4605530737504,716.8800051743817,689.0798343215858,606.1273725011328,599.8046938161381,444.5113550238653,557.1001397995722,294.41965926902884,330.6205382011306,593.3888003239866,585.6049576755381,596.8572186409159,689.6490936279297,590.6003515893929,644.4910915921447,500.5904307047526,435.02844444910687,516.4232874028622,557.0339199030615,332.53037913827336,387.3494439383276,300.74395823820186,322.3873479474287,227.8938616252568,349.9880338882903,11.979632520646124,57.51005457770417,565.9265767415365,571.606778419624,585.6972336624749,578.2879002773924,522.1700040899767,537.0393038145779,24.509037243447413,0.32788538453341637,7.889090806495312,10.205277524915957,58.4218054402805,67.4909249086694,93.02302157630523,253.49362547257368,563.7312067205256,625.7932728160512,644.0559004201185,587.2885894775391,457.41402337130376,200.1025729800264,261.73803361256915,508.4870815934806
667.6030704718976,722.8745062760632,720.3551885307756,751.7012284875391,398.4813839180525,402.27430007926057,722.6045325393872,729.9784006191821,563.7010799232794,557.030517476504,682.3579290746674,674.2440376645043,705.1883924428636,624.8258473709045,542.0700051410874,468.116562608158,635.6063611360523,692.1446399625354,688.3657613001564,671.7803741455078,217.23117180665335,219.98934389750164,737.7929240360232,771.9742386227563,504.4082751049421,540.8712180001395,394.4791868431133,354.4121022224426,662.8253115528034,682.2442122471185,725.7845820229197,717.706306406657,700.7574696944931,672.0362381998698,544.2075568821119,568.727728418557,516.8448003021106,558.6320918754295,383.74295198385204,448.71447721045564,454.8757706939197,526.1820871829987,541.1688077128123,625.6029060689194,627.8386046773544,653.9173430615698,529.8660676183779,531.4276644099842,729.9129470332977,659.210747834874,708.2859560182196,664.2270551716058,564.9022882230613,565.805375585369,426.68603683830787,418.3152792340605,665.9295099431819,771.5290883473224,856.5876172191381,826.291207233021,776.1735289996603,858.5016965896953,647.658249134682,817.3804831485198,740.6424735909078,767.3118808201733,747.5478039430768,691.01029366346,716.2259294060385,686.442258044501,605.6414519301405,598.3696033290175,447.5219490331247,557.9724963960193,295.84648088095844,331.3659218801579,591.0516503756163,583.2743447964617,601.6890012051197,689.4080603463309,592.8390982616907,644.5282318068473,507.50802183151245,435.53397565424444,516.6125569431792,556.6842721905577,331.25356014055365,387.95766841891873,299.8022554082175,322.5884320160132,223.58177723124757,348.419568057855,11.311238558354994,56.74905192335202,566.9902872721354,572.4232126009666,581.4860718939453,576.860357431265,521.9156763596086,537.2717591637795,24.9256536201819,0.3061670485702861,7.8228617409620895,10.135328197019408,58.240267371659506,67.8066977998317,95.98865421944194,252.66284225968752,533.8360179554332,619.3869828657671,641.9070102768457,583.6771317494066,455.8783075949725,199.45211591414716,262.4126140565583,511.52816351528827
669.1114155342616,723.8002966437676,721.1701640561134,752.9279823873147,398.61867306731466,402.99139382530535,724.8027765220388,730.7014070291722,564.54237668125,557.2313896456703,682.9424752956484,674.6240846664186,703.8467347552396,625.3140047745184,540.2293026927691,467.15204279298524,633.2037535753295,689.1614716995595,689.501769493366,672.4795299072266,221.33195314059654,220.3695863087972,737.7993130880001,772.5098607350909,505.3054639906159,542.2805171589275,394.27249162368355,353.30275482601587,661.2209342740616,679.3132289180049,725.4324180623051,717.8530856831868,702.6369514465332,673.5886709255642,550.6000396728516,574.21971773814,515.2836776935056,556.713892336245,386.4611461418016,451.87095747815533,460.1029302878458,518.2842934131622,538.2516292343064,622.1049043194378,626.2598704863392,652.4651806368465,530.1338046996061,529.0495484558852,728.9221923335906,657.4289006057722,706.120879913389,662.7761345869098,564.0456435541402,562.1600803767933,426.00127861427796,418.36593249542625,667.3753946227024,773.0171248427143,860.8417653687314,828.9781426864538,779.364236105214,860.4361786580008,649.9340456341384,817.9370989308926,741.565986291686,769.6740953497184,750.301289907734,692.8277091399685,715.5394890657656,686.4280725974404,607.9551179387548,601.1467303291696,446.20401963400184,557.0385639801686,296.8181070521258,331.6079187527509,594.535005788334,584.9734278002221,595.314197946102,684.3995840890067,589.7233232520092,644.5959444912099,502.20120109558104,433.6005047257741,515.768283613768,556.6403565180381,331.03712567161114,387.02475722860345,300.2295960468861,322.9528371096368,226.33678937444847,349.89023208891354,11.827157438827204,57.82184896073951,561.3797485351563,563.2270202636719,584.1183486301452,576.4254566382499,522.4284815703336,537.8428877198609,25.265234225282544,0.33007979285213407,7.954461956909123,10.374371639217328,58.47640231350532,68.16108253910657,101.52836078736517,260.539180839763,538.5339771617543,620.8158014470881,646.1348250216286,585.1963209321227,455.0216232748593,198.35402794208443,262.08517987800366,510.50274658203125
667.1995089372186,722.6809443512349,721.126322933383,752.0485946989629,399.60276213357616,403.53205470102176,723.7147311757795,730.7052762944647,563.8197063961808,558.077269116386,683.4400418909585,675.0988787333171,707.493754889094,627.3877495136338,542.1069399079873,468.9680163844514,636.0608436620631,692.9366011255207,688.9004758637527,672.0334870605469,221.74612118138208,220.33314170837403,738.7908210974579,774.2735095705305,507.8011926381376,544.1402251065432,395.55849494723327,353.7568834490246,662.9348250515056,682.509701613438,729.4347531376235,720.7416038513184,701.0605646553686,672.9034464518229,546.4603433360224,575.7022844797158,516.0732958957487,559.4267568235044,383.1892121561936,451.46103153871684,455.93852559074026,521.412300825119,543.1320006861573,627.8951685033138,630.391190693571,656.3890107249656,532.8431130834847,532.7008765227312,733.8489178073022,661.5834818473659,709.0005297568774,665.8755740236709,566.8473156984611,565.6350188348807,427.20465533305656,418.956151989595,667.939574727354,771.6564139480944,858.6831829820802,828.6708264950292,776.7218821119226,863.0023441252971,650.017295720745,819.1971461606124,743.5698401607684,773.8176036490951,749.2393011628911,692.668845830607,715.4012324825214,686.5065454303889,606.4399630228678,600.6671445877826,446.1224644162239,559.6403000076095,294.71021149123925,331.01047118280974,590.3853703483206,583.4437249527928,598.6187964906084,690.0533490862165,593.0604206830606,645.7784595842272,502.98416799227397,436.4521760325879,516.4911862999332,559.3356145152792,334.3558140979094,387.4150553834137,299.91174225726473,322.7924272488709,222.94336086193792,349.1004006468753,10.513368398738008,57.4992357736802,567.5705800374349,573.014356710143,584.7002395875752,576.6243218124182,523.4466529244381,537.5907947568264,25.089832049279817,0.33453278428771427,7.922143718541149,10.234065079938695,58.64029357531572,68.07987117803386,93.33991428506043,253.25445538408616,554.0796952681108,625.921464399858,642.3938053822358,588.6953092164631,457.5747609044991,200.02778025317872,262.19247927810204,505.88231685243807
668.1237189823228,723.1313739015599,719.9300743130243,751.8439753008079,399.5460291441097,402.80044092663695,722.3312712764496,730.5086624729887,563.8094959745601,557.3625620779444,680.2192610453784,675.191643051874,704.5951434964791,625.2705906624736,541.9071258454774,468.82897668855065,633.9812902658472,691.7476678892624,687.1530601530696,671.5151707763672,217.8108097910881,221.97296555836996,739.388721551386,774.513918634445,507.29323497492607,542.8431389358018,394.5065200552756,353.26456852753955,661.3248847205684,680.2152537027995,725.6796691173644,719.1639896647135,698.9016806392347,672.4062947591145,548.2170369687287,575.0817235004471,516.4794743743762,559.5760913425022,384.6043976843357,448.8649343997798,454.87367123463116,529.4376399517059,544.4446750585995,629.6411347592611,631.5145486125043,656.0272548854002,534.0613993100884,534.5354248193594,731.6937080137192,659.8765108564382,709.0333008980966,662.3611275924284,566.3697200142215,564.3944852585886,428.3773902013077,419.1772656581211,667.0444022739573,771.2777517945678,856.7024317302663,825.9619626444231,774.4692559549082,858.4696605645337,645.7426487167312,815.4712249418345,742.0101746516441,767.5546306950794,746.5810378685426,690.9451409460606,717.4388650298878,686.5477834459168,607.2357243030995,601.3408795966477,446.8903543664775,559.9826544559363,294.4381044913029,331.14800058284277,590.3481760494044,581.5050324879246,598.463871083361,686.53088923863,592.3697306607418,644.6555359049685,508.98181453386945,436.56979158222674,516.6938431281875,557.4399320698872,332.0993850427515,388.16944651612306,300.1739793807889,322.8698084672671,224.4707477481566,348.3131320728113,11.417478577073242,57.566396960463955,567.3679768880208,569.4244865805416,582.557965825079,575.9080345188331,522.4962719439247,536.3104730526801,24.971247506962083,0.3546415243815217,7.9061733982892015,10.201451024606026,58.692960141080995,68.38587714672609,97.16791295238848,257.2528305754942,534.9502591219815,617.886865234375,641.7709919974308,581.7683246467687,456.10691096735934,200.21724569403747,262.28697794133967,507.4210741766568
668.1640046715314,723.7207759365891,720.6767372829877,752.3402173091691,398.7973449795745,402.6791883355805,722.5045350473962,731.1358669589429,563.4316499917483,556.4522805096673,681.9449148410704,675.4871943761432,704.6937116619653,626.1433998524901,540.0682872373667,466.7485195433827,630.7207310391829,687.9983450804042,688.5339271282328,672.1877109375,220.2587745057212,218.5111793835958,738.2279019864951,773.294230052403,506.1554568425523,541.1979611994146,394.35536472046573,353.5715409517288,659.872224465856,678.0780064712336,722.9033664893603,716.8913457234701,698.3514702360509,670.6919707573785,548.9980699622113,571.5419219603021,513.472358333907,555.9586613972982,383.9760053211025,451.3855696688877,454.06281893370584,520.8929777145386,543.4962191506038,627.2679877981756,630.8450454058421,654.837560586762,534.7085646085503,533.855808564833,732.9870026126985,661.2604550913283,708.0223313016168,663.8852191249609,567.0888475837195,566.5454609814813,425.7920916779215,417.1852085898629,667.1724264890706,771.9421671695179,856.1824624244904,826.5421048248463,774.0373913574218,859.9682290283994,645.771530291356,815.319443188577,739.1381542148874,768.1561706059971,746.4277562687906,689.613819627669,717.2779678053157,686.228290705391,607.9603522017195,602.7337272206291,448.1745366087747,560.426925725235,297.05502971704453,333.2523655421297,591.9834098190557,583.1059201822242,591.1926048765791,683.1836395263672,589.359585612213,644.1844701292765,501.66057513872784,434.22481090010456,514.3647754156642,555.6381967228475,330.9816797424765,386.53561638580766,300.33079369482584,322.1196702322318,225.83450760788494,348.7086778265238,11.98686770421746,56.49964567273574,563.0727681477864,565.1930697166314,583.5900904452428,575.756533419924,521.1997965455965,535.6963955102748,24.93911685649992,0.31302327885706394,7.787484070833176,10.099711826570898,58.244234431881495,67.4012012384877,97.7717067607575,255.27764308452606,532.0287447842685,621.135673384233,646.5754105740746,587.8589827139166,455.22430154389025,199.07296106768283,261.17217727140945,516.5386436725485
667.5803418300228,722.8561825896754,720.2314164459918,751.6651391717068,399.9215461509172,403.63492492692814,721.6173494278826,730.2607431744515,564.0327757840254,559.3080577459492,682.9760833368068,675.6896741291833,705.1811122468978,626.1701435135444,541.5017161037198,468.7652672129884,633.1982499976858,689.7571018257014,688.8941407770033,671.2308778076172,220.74929551242127,220.5345319112142,737.0772617334583,772.1338710179405,507.02613218417343,542.7535854800717,394.94391033530894,353.7233211464352,661.1142317933857,680.9535928608459,724.516284091579,716.4953583780924,698.9795852919756,670.1401025390625,543.2092256628948,569.5634666350951,513.988758305621,557.2027093392832,385.6719519836562,450.43213150653054,458.9824904144787,521.0490508079529,543.2396575392239,628.0226389084947,630.2319971140381,655.4904313226889,532.9633568219903,531.6503445351874,730.0363359020603,658.8083009037935,706.4837040109524,662.9993159487933,565.9253138383942,563.947574484582,425.4087920908818,417.0228818282363,667.3557146287565,773.1590969341772,857.1380789243892,825.2651734486307,775.5695557702106,860.9720545895277,647.3158123238006,816.6520117692986,740.7406395300111,768.0247988392832,745.0471178976337,687.8680818687725,716.9259099292148,685.7436115412422,607.5921251107981,600.3138778248772,447.9595712084289,559.2220246286104,294.9652775197789,331.0216120330381,591.5505119698946,583.6293871867706,595.2645971419963,686.3066678728376,590.306997511122,643.571945487465,501.1330848534902,436.1968501669169,515.2678526735516,555.7756364366494,332.3339871673023,386.95879895205104,299.6181734254739,322.74180444602604,223.78155482654319,347.1461647292475,11.711865033305473,57.09589989624273,560.1837890625,567.2022306797868,584.2447529062629,578.6421206029831,520.5836151550137,535.4197098188704,24.62473497132918,0.31608735158418616,7.779169686778914,10.143504243071325,57.951708571318875,67.03975280655688,93.08640253254109,252.70199765878564,558.8110018643466,624.4056984641335,644.587231117607,585.5217905165274,456.07086918400785,199.3962976192696,260.52907997189146,505.9837330785291
667.9034277185217,722.9007816411028,719.9220158489649,751.1941493193942,398.39067551147104,402.9824664337294,721.1219777451147,730.0790334628491,563.0923596279962,558.6109819724911,682.7453706942923,676.3285206143818,706.5859202258991,625.690286435579,541.8387430615686,469.57757817545246,635.9727788988448,693.223100630548,688.4334271895018,671.6772514648437,218.77667219109006,220.7231123606364,738.3424481299704,772.8074715326703,506.0381509471314,541.4435541341593,396.85274143113617,353.596058872011,662.3731113469826,682.4614471812307,726.9841137583174,718.1475751749674,699.3183442455227,671.4451585557725,541.2162062935207,569.2386908473738,517.0423955707298,560.0614169791893,384.44172199283327,451.0408271618104,458.45488001088626,525.7942860126495,545.6808942289107,629.6962022103404,631.8704072612242,656.0722948821665,532.8830439177426,533.2394669139302,732.4871918216828,661.521180688155,708.9022256122132,666.6327706112469,566.2110043512866,567.2123540055518,426.7425616390963,418.60603470497944,667.0331795599479,771.8371076109232,855.710517899779,825.0387401759737,774.7470723293138,860.253882102596,648.8104324574135,818.099491221424,739.8680032758571,768.8077579345506,745.2455881825994,688.8554400528919,715.2093560285629,684.4314777521797,605.3465171676498,600.5263124372138,447.6017504350855,559.9826173328217,295.21982419663584,330.83733443139306,590.9131628568056,583.8837135916428,600.4666397419381,687.3794937133789,592.2375844319662,644.3717529358785,505.37908243497213,436.8203527724743,516.3775663426269,557.1474027857821,334.39349263135125,388.2814986242069,299.3277695795987,322.50299060985856,219.40614295479918,347.0367752858003,10.67665491161191,56.83006136767169,565.7152913411459,570.0310824119439,580.1635270547122,574.5998908685883,520.1528003877053,535.8564782177615,24.89429362065551,0.31354970780063285,7.7698446067573315,10.162300081119923,58.054740928378294,67.70565369459851,98.12922892802291,251.43329931006713,544.8916709206321,619.6774869051847,638.5755254758284,584.1552603033524,454.63646357199724,198.7701693666086,261.64575771851975,505.66239455650594
669.9690509242179,724.6957580489342,719.4337168907864,750.8903858576163,399.23255982953447,402.98252818839893,723.4005686311974,731.0057976645612,564.1759741792873,557.9653585543398,683.7065465043231,677.3710663326203,705.2641502105556,624.8175550761976,541.6891495629923,467.71742583977675,635.580657235819,693.5063347293689,689.9178997054411,673.6612553710937,221.0741968419817,221.15902264912924,737.6697123859179,771.2084629422143,508.9200092934813,543.5264235905239,393.3666954672798,352.48101740413244,662.5062806651277,681.958831108941,723.3774698012144,716.150989634196,700.4062833624371,672.1521430121528,547.8967483520507,570.270786882883,517.187102397633,559.6809138545284,383.1862467314516,450.8423779519756,455.51908299180326,524.6166710853577,545.6638956384527,630.3129119149881,633.3360404835438,656.8905512714944,536.0001188526469,535.9075505750162,731.5185461721113,661.2150350805601,709.819802230236,664.0365665289958,568.5707539100817,567.4468914106781,428.83319749586536,421.372986118454,668.0837602228872,773.9965693796122,859.495994090004,827.6562403666369,777.2086936353601,859.9688449106555,648.973056431575,818.9977337166115,740.4347957781891,765.2634567425848,747.7478366594636,690.0917264198229,719.1704029642093,690.298735897844,606.7362655089782,600.8297266100274,450.87669946513046,560.5887193555956,298.42027691827303,333.35672469877863,595.5606266709625,586.1820232977017,599.4259383830619,685.2275118146624,593.5615697108009,647.2292652624088,507.9755392773946,436.7982561282317,517.5180764454577,557.884170732522,333.6906434192377,388.9822019454805,300.7613003702524,322.9698718246317,223.40154084173292,348.8094974871849,11.348355395808607,57.93253863249461,566.097733561198,570.1679413359044,583.8195635993034,577.7064119226792,522.7322289464431,538.7086218481834,25.118184316915606,0.3736627237526355,7.921884063326328,10.30826776600448,58.89400254645009,68.78048215824509,99.9092525192019,260.2356444386875,541.1533314098011,620.5610262784091,644.6442178815803,584.1620591562006,456.57499399372176,199.91347099376614,264.998940410036,508.73412875471445
669.9574850143198,726.0222624287461,720.6482430275498,752.3236151672454,399.8164037438326,402.61544445582797,724.4286840102252,732.8561072037068,563.8905284964309,557.076384485745,685.4927668997911,679.2457272363088,705.997219550262,627.0457254015965,540.7587299999313,467.4936819058235,636.3379834794321,694.6117723788138,690.8629471351361,673.6506126708985,221.97477900981903,219.41344776153565,737.3931731819935,770.5978824070522,506.0262061713254,541.5946373363117,392.8605103887906,352.89215003119574,662.6322957164837,682.7430066520785,722.4640132874016,714.5708678181966,702.3314945414915,673.008316921658,547.8978682808254,572.4407826618976,515.4528424099153,557.829881173593,386.15280678868294,453.0078430175781,456.0849862020524,523.1053647994995,544.1586532687384,628.4355393540802,634.3481621968049,657.4164900026823,535.113199029087,534.3822615830214,734.2209650839528,663.1715086855846,710.0001006022077,666.5390109593719,568.076903783687,569.2535658443676,427.44535906911955,420.33130669788915,669.042157543972,776.192818555567,860.9094210597917,830.9696273517429,779.3354847783628,865.4601476477959,650.0646403368096,822.697428079299,740.6471393642141,769.2617184937154,751.4729496473676,693.531539310003,720.4784454540082,693.4075511279027,608.0346183433189,601.7593973503738,449.736451840182,561.3364367464404,295.75561700350994,331.7080030844245,594.511396439349,586.5894842503972,594.5380761978474,686.8914489746094,592.8592329061808,647.2428622685414,502.60462677319845,437.03572220802306,516.6445097246884,558.5676850781255,332.81051673017004,387.0824563546301,299.34776427420246,323.6225422370704,226.42625952173336,349.93610392590364,11.795857516254829,57.39494512541973,564.3707143147786,567.7786229020459,584.496072370559,577.7913835275227,524.8827425444703,540.0344658271025,25.477921963418147,0.35551782217031963,7.960195099776238,10.329414010934748,58.59053924739233,68.02287442686777,99.78637142810557,257.0242803657756,549.7305020419034,625.4435025301847,646.6621364107068,588.1638726343083,455.9131838293637,198.80545496505997,262.6624308788415,512.1809271450701
671.1869880108794,726.046720866001,719.63932895547,752.4622054005049,400.7344357745592,404.760238136564,724.951658387115,733.5770096409575,565.1259476627622,561.123228781536,684.6736281480246,678.9026872483511,708.0079372399463,628.0868698305446,542.4550956045811,470.5873432964013,638.8933747639588,696.5007848391106,691.4980821280644,675.0906080322266,220.00318410661487,222.1037291208903,735.5137207298224,770.9654157880752,505.79235806889557,542.1776923085307,396.0249002361825,353.99099328782825,663.3077367926544,684.1165951575762,724.6532668466643,717.2403369140625,701.0426575612214,673.205689561632,542.4518792857294,572.0441732751318,516.0518562888259,560.3515401769567,385.2283701556984,451.027650868848,460.7320419061379,523.3800504207611,546.399776895841,631.1015371168959,633.7405941340253,657.2183703372353,532.246377491754,534.1758889084929,731.8711724558184,660.828663758868,710.9993803007109,667.7736059914173,568.7551414934509,567.401483152427,428.4798279530625,420.20234325240364,670.1128948165709,777.7494420067028,861.5763029094392,831.7813386040378,780.896730638587,865.5023084720748,650.9249975921911,823.6913582758648,743.174636157591,771.4290367035287,751.5817258384791,693.9771664184059,723.6090560232758,696.716535199413,608.9355818946083,603.5673222463639,450.2405862720735,559.5416947401964,294.33387269835544,331.5668616496341,592.8367917420434,585.1303752725055,599.8747714428191,692.6760820661273,596.0087438415294,646.7885641729799,506.472947918574,437.9449490938584,519.476086056495,560.6542086315404,335.4109467948184,387.3479776244732,300.27065179912216,324.0395529156504,224.1186724511214,349.2958903112014,10.445598659010203,57.4112445772916,567.7911743164062,574.6205030538268,586.0947054922581,578.0299273184522,523.6410207384415,538.2304310880255,25.000546059706004,0.31076063998043535,7.924904790033817,10.176399615483492,58.722585557037476,67.07032091211607,93.64561620328783,251.2994576622458,555.7413884943181,624.3626775568182,643.0009106117607,584.7559157745748,456.47837760401706,201.19198091164753,263.5108588392084,504.6706258839574
671.1317157047276,725.8654988462275,720.3158860450409,753.2582640533903,400.11306972060095,402.778109810182,724.661293023281,733.4571596575798,565.5716500914826,558.0283673381219,683.3231448661991,677.0539468916636,706.2472081912321,626.2472645686223,542.3720777197857,468.8283437487505,636.6703473854969,694.886584107662,691.5028174973995,675.6750550537109,217.0084386136797,221.63714230855305,737.8531969574107,773.2079647609165,504.87044688918826,542.0823957841475,395.9228814056565,354.7381955517663,663.1931111857576,683.1445157274787,725.2526153804749,719.074353129069,703.5279813863464,675.0926829698351,547.7691854725713,573.6197936276355,518.461823786933,560.7873282962375,383.6621693628175,450.3003417454409,456.3611470206839,526.9167137145996,543.1440762851446,628.0718977507822,631.5611531286187,654.3712752604345,531.9654806074033,532.5671584656188,731.770723355201,661.1482880276319,710.4245702137205,666.7201837735397,567.9584607179924,566.6683501823276,427.6601489941138,419.44679705327934,668.2816803546751,775.0957833175306,860.6569308781469,831.9412635674396,779.9666569718071,866.4307845032331,649.6653273462884,822.3507212101186,743.774754766208,771.3920472931184,752.0759367482046,694.1693810912598,724.1707352559278,694.515365010467,607.420543120788,602.0540021052126,448.3017338044053,558.9126526143127,296.6034045012101,331.42880635865976,594.7149381793913,585.2289302081982,601.0084085667387,690.481220790318,595.5220845248051,646.6393707094107,509.46125834147136,437.1770475228628,518.5997232054824,560.4379655468045,331.7381141802844,387.08597140880266,300.29618616526324,324.93333961200125,225.7029294070704,349.5680914614598,11.220985879483461,56.78060109148018,570.2101470947266,573.0388949119439,584.3326483805431,577.564752604627,522.6465938364277,537.2517082195702,24.755684950744342,0.30693542507252897,7.816028155615419,10.105924798363205,58.25632875209224,67.20479198792069,95.42031238973141,251.9164557702401,538.8337624289773,620.6447531960227,644.3882827246749,584.7233963978441,454.86639677309523,199.82678776966375,262.1574650099783,504.5408304148707
670.2749556324136,726.2182151428377,720.1328289653402,752.3092653000972,401.61361429081404,405.1117625513247,724.7438466624125,731.7512271442819,566.8249311009232,561.387009757464,684.5993211947806,678.3089263007754,706.8703431118005,626.377676156851,541.9165784968666,468.6641333830859,633.9614373518957,693.3623477010632,691.1141374376085,674.5754407958984,221.82857898871103,221.588183371226,739.6306024100013,773.4516986665271,507.4849477837847,542.4773385184152,396.2909010154766,355.75337829854755,663.0075900779581,681.8150227487823,723.9256569769751,716.7743212890625,701.3509923643985,674.4682470703125,551.9602198725162,573.4533268572336,515.6468388897732,556.0207097795275,385.6462173121316,452.5127115856842,455.3519887455174,519.5296611785889,543.1444626802963,626.8862094969546,631.0738715036334,654.5650381121719,534.8240564795565,532.5320033493575,730.8131927490234,659.6017462151491,708.664496221751,663.4780877725459,568.0971233213963,564.8855998375836,428.10387887666747,419.69334757406074,669.1442729703438,776.6233576779013,861.1578826574734,831.8954890610801,781.5491966181216,865.5319637064023,648.7117825662689,822.5767238718983,743.2935542775624,769.1976158354017,751.1739506453611,692.3267882589836,723.2228161271211,693.7658688034142,610.1773403958157,603.271785517208,449.35932887366056,560.0701808516598,297.13371298969656,331.9979015941351,595.9810674698626,586.8965485758802,594.3271042844083,688.7098236083984,592.5188713512201,647.2552867403347,503.7017650318146,435.4723353083928,517.6265381867665,558.6918771759397,332.01824708686155,387.4030101204607,300.5678625773483,324.37454229003623,229.85614757206812,351.57476751476526,11.994462835715645,57.65771010321691,568.8056518554688,567.575862043995,586.7680301677028,577.867549119492,524.414670628749,538.0883872817956,25.245911557521474,0.3171471870918241,7.872941974820007,10.274511572921515,59.20147717798596,68.42756387637428,102.13139199775954,260.3610449398265,545.749189897017,626.5781283291903,649.0241639822121,585.6018332952185,457.3052090757033,200.1979305763778,263.4706202131329,513.4903690732758
668.935402574055,725.1154493514938,719.5472162180934,751.0325563818335,400.22046505684074,403.65799386799335,722.657379124374,730.7414501953125,565.8889474771461,559.0829468867818,684.4394954898493,678.8457498338487,705.0443564360996,626.4802696135363,541.8573451636739,468.8002079828797,639.2541616720046,697.3941178179263,690.9040896828604,674.4264038085937,219.7267899049653,222.11273422241212,738.1968374541311,771.0692561316112,505.9907434972793,540.6795257316841,394.645619134218,354.6643094089296,664.4659916679814,685.602517248083,725.1976893868033,717.1974803161621,701.3167701979814,672.4561909993489,543.1659995037577,571.6464869487717,515.7842514777499,559.4932951044153,384.2357664597886,450.18636440605707,458.9170069460009,521.5654253959656,543.8635644744786,626.8278507033796,631.1650106488496,654.4608632472523,531.7831419676788,531.4300748518297,731.6408157840851,660.7973130833019,708.2323986848809,665.9513559322243,566.284148143546,564.7747566279243,428.3339143542053,418.851597543629,668.5002718170266,775.1530700127283,859.8484494433804,829.8698152180684,778.2918935759171,865.5865170376973,650.7006774342389,824.1166709852807,741.4151857290695,770.9778572742945,749.6354074456718,691.3732688967475,722.1196042200562,691.8617132197428,607.0830000112722,601.197711725704,449.05447223208364,558.8563520423262,296.7030305724213,331.39289039289446,594.3688788492171,586.5194150046194,601.0369262695312,692.9675881522043,594.0727585248106,646.4514888728407,503.9961209233602,436.75787893990673,516.7454562855187,558.8036055891489,335.0124480864581,386.5567857917627,299.2979649176511,324.12937781449153,223.70122043980075,349.3271841068069,10.430964967783506,57.0821600552757,568.4678548177084,574.9475687317929,585.3057950772345,578.7430850758273,524.2667399593286,538.9460647881468,24.598078118294087,0.304649927072158,7.737353569027455,10.126539017367758,58.276691134809404,67.77807907544837,93.21103266378243,250.16809952960296,556.814453125,625.4255837180398,645.2891739198825,587.6428195615358,457.32203789785797,199.86520840855022,260.9915164456223,506.01535139412715
668.7435571519655,725.197848416338,720.0069634781156,751.3603322496452,399.5901547387589,404.26578864348784,721.5679457096188,730.324545482879,563.2532646947977,559.4582280096461,681.7792306295255,676.830315084306,704.2477473525609,625.6022645819043,540.9150490090622,468.01844497294934,636.4619872468343,695.5127925175765,689.9855653609353,673.9209929199219,220.96256597836813,221.74902362823485,736.9972684978578,771.9003023722815,507.8251362645813,543.5796959845575,394.13859296767095,354.3582802746031,662.6301229944769,683.6951820656105,725.8029131551427,717.6940729268392,701.1353847051071,673.7134387207032,547.7261335289996,572.630701639566,516.2433056936391,558.3625053123192,384.3249813062804,450.24218632844503,452.5392771236232,522.1977427005768,543.2620925349848,627.5857193933278,630.2057706705375,654.0948929256863,534.2309530904471,532.3062145793355,730.0550982321462,659.3597919136897,707.7572044068169,663.4181634952845,567.0050054986381,565.4596119674982,428.2671346093791,419.6037697362822,668.7051426364193,775.3536728708832,857.9597411845724,829.8398458827951,776.4560852581521,862.4887863702373,649.0468355231329,820.1631830317493,741.0708852739476,768.1830213593574,747.681395172805,691.734218454162,722.3440959954718,691.9601096474663,606.5165022772711,600.0474390123711,445.63021878583714,557.3321253788936,294.88593756634253,330.7747130058181,593.6685777257701,585.9467735448814,600.9586441364694,690.1202109200614,593.6131725968986,646.908796918491,508.86717785517374,436.8319413053989,516.6648020030118,557.7926289272218,333.9201778748456,387.8218504737,301.03991004553,323.89538460820734,226.9285974255091,350.31994857226806,11.689372069407169,57.59014335161513,568.143398030599,573.1203944319385,585.2792574353516,579.1181271238025,521.789835592566,537.466537550201,25.333037706861337,0.349375863518152,7.925725738484977,10.243775434651512,59.43882350677291,68.78234963131047,100.07157874852419,259.8785830666037,538.3625654740767,621.1889371004971,646.4357729918205,586.3586385219912,456.53770473891615,200.6743864387666,265.47170433853614,511.26003396922147
668.7870106882863,724.5376294887427,720.1013208904108,752.0703598151644,399.72052203777224,404.5096350110003,723.0437704803388,730.8934758872174,564.1676048113376,558.5586267494765,682.9101035265419,677.9219312032063,705.486274889362,627.0781428302348,541.5871772511089,468.59616753836127,633.1031042885442,692.2805075914757,689.2051590959687,671.9168052978515,222.38530083497366,220.86973145802816,740.1883964538574,773.5207170153421,509.2529389346457,544.0776233463497,394.8507216648502,354.0299010806614,661.9749635300547,682.102364057376,726.9556903588804,718.0515305074056,701.0300023353706,673.424378390842,549.0446748816448,574.876609342644,515.336488564109,556.2200638806379,387.63510923726216,452.2115980855535,455.5567036613089,522.7604594230652,546.039436986049,629.6650366037378,632.9081832598843,657.6320378320258,536.0439514049814,534.7153765538355,733.551003683767,662.5577321192386,709.2598147263398,664.6480356596365,567.689356577236,564.9930788021462,427.2357139371428,419.5182918979376,668.7558026517469,775.286478848369,858.1494277723407,830.2006568264559,776.7401764712126,864.553544029063,647.2557068804354,821.8985660615772,742.3053948701317,770.563224402509,748.4355765610599,692.0680686807433,718.1135395803269,688.5713222777646,609.089413067242,600.7418918609619,445.0315990622984,559.5163616494183,297.7456785561382,332.243593457719,592.2134067973152,585.0197203070296,594.6657305778341,688.9024908883231,592.071573951692,646.9871153344106,501.9001252110799,436.07150081396105,516.6299627951063,557.6855982647322,332.44105545071994,386.6822170660384,299.80927787919063,323.5112566140184,225.8845859473454,349.2818286882838,11.937287826789543,57.32252741908988,565.5277303059896,565.2876959331965,585.9182604253292,579.4983584028563,522.6026987362151,537.4757647339464,25.363274911406304,0.3548829604574065,7.830795546129131,10.151570383552047,58.05990967409844,67.62408935960121,96.09621051264305,258.1872797012329,556.658408425071,627.3285389293324,647.1629124583814,588.7286967989764,454.6771442095439,199.3020775114235,261.48897442673194,509.9445179906385
668.0265447082879,723.3475929992368,719.2241749168151,751.7110509568477,401.12328791507457,404.02363179836954,722.1509712655018,731.2507787047041,565.2830545710666,559.9232035230418,682.9396679885988,677.1420888931033,704.8836942119827,627.1346897557679,542.0644157235303,469.9757388442681,637.1076567591084,694.2043114342167,689.4790933543238,673.0981805419922,219.92661367522345,221.31008237202963,740.0372726914686,772.8136947571285,510.76563632425837,543.5462047031948,395.9212720670753,353.5254470507304,662.3122356882635,682.9437004183545,726.4651029491674,718.4524282328288,698.6024734367759,671.9722001139323,545.9885340815005,574.382435993976,517.9858387682407,561.819456383034,386.3120739779302,452.09286866205906,459.1555453441182,523.9670696258545,549.5684912687257,632.7776274477701,636.4106063577126,660.1661456481755,537.0622818213849,538.3942296021468,735.537010734312,664.7722065247748,711.388092549151,667.6445271935262,568.1338091110434,569.0326570997051,430.43169147337306,421.9757969804754,668.2431283973785,774.3197698151624,857.8500422895855,829.1213696392124,778.470322265625,865.5912916313098,647.660236790275,821.2169450281089,744.3946111878353,772.5422079433766,747.7135417038136,691.9879232812491,716.0212841641371,686.1702455973757,607.3293438473263,601.749557119901,446.09369578930216,558.3721248081753,292.8773562666299,329.80245262468367,589.1995658249151,581.3804642926608,597.33443499626,689.2732260567801,593.8272702447299,647.0712965170322,505.5750124677022,438.83489110728107,518.8675339829028,560.0897513944709,336.10455015827625,388.5517369642154,300.61442122631706,323.1078052463918,223.73481744696687,350.1634236039221,10.678761676900818,57.871564759732316,565.5327209472656,571.3067797644663,582.0113702192903,575.9336334849914,522.974702723457,537.8875664988474,24.974935892286197,0.3537278848251811,7.916831605741493,10.309403310523235,58.95430857521069,68.31273696736824,96.04485952357452,254.3615803297828,549.1752319335938,622.0845991654829,642.0592020534029,585.458063632627,457.94760906930065,199.8255351100836,264.6077372377569,506.2221132475754
669.8816325470295,723.9294119170218,719.77905646289,752.0599798187317,401.32798396265787,403.5553230904043,723.503574563211,732.1158519988364,565.6577114012777,559.5469269127142,682.2709021839669,676.2221560584175,706.6744083254047,626.6593189934488,544.0015463433159,470.2990340334606,634.9302622718269,693.0351037060303,688.1472847306409,672.2062098388672,220.31987398200565,221.71889527638754,740.345221768554,773.8414679330493,509.78938766799047,543.1607746082348,396.5804821878507,353.9649113814036,662.1191108811577,681.5551081527898,723.7170936003757,718.5987568664551,699.8665899503029,672.1190875922309,547.8616187717604,573.0951413074172,520.4463761115389,562.0674415164524,384.3274338884013,450.6631474441357,455.3115452000352,527.4637341499329,548.2342242371468,632.7932190375305,637.7864278139842,658.7987998270848,535.915412544219,537.6221308074631,734.4738100113407,663.543323858043,712.3720855651521,666.7413815818802,569.5707959914956,568.0818965201285,429.99874365435613,422.0082002232391,668.7510120604934,773.5107261052838,858.353398432227,829.4100827043544,778.4171385657269,865.7694328826608,647.2860029961356,818.1618360197593,745.5813899253732,771.0159708095151,749.524412922377,692.5354769578066,717.3833379077304,686.4726476511244,607.017902717934,600.6265225644971,447.84106235329165,556.3635827927362,294.17675913935125,328.26659640459945,589.4974845511015,582.791630155318,599.0038971596575,687.9055524553571,595.2406393760009,648.3347293006781,509.54962018330895,438.6828076759974,520.370641964372,561.0437057450739,335.68104716399137,389.11392231882695,300.8531796000898,323.2802854061695,224.29586942316823,349.80211328029634,11.098067847159351,57.647463238391445,564.020219930013,567.7669879460739,581.2317437184975,576.0745913820568,521.4890848698507,538.7020549074654,25.193714243212813,0.3363842243328691,7.820396901278893,10.156240578553739,58.401032930165,68.34313091973684,98.3429106929236,258.3463891253752,536.5691999955611,616.9602594549006,642.3245415399539,583.4061912826345,454.3913669352438,199.7661196052244,262.58424517602634,507.38818359375
670.4142833651167,725.4337348889823,719.8658561751902,752.5535991676301,401.2939254472422,404.58445234383856,723.6785600667109,731.0496802796708,566.7391955803852,560.0880440571269,682.9921257205126,676.0834739927261,706.741093997072,626.3969163083838,543.8606310953845,470.2516421680119,633.2546059848008,691.3472188398291,688.9317059864029,672.142539428711,222.55508881145053,221.18592116038005,742.0663242408896,774.7956688290551,512.2694216024189,545.2381090855861,397.65655311036505,355.50022195445166,661.605121828475,678.3153811984592,723.6095119286084,717.995395304362,699.1803212569931,671.6720707194011,556.9684443598209,574.6054301434252,518.7336846574287,562.495651739615,386.18233310750554,455.0762477260404,461.5721640665023,524.4114735126495,545.5172600354704,630.2823074847036,635.9578420059927,658.3338790915863,535.7330552704078,536.603431618297,734.6904510005828,663.3066193811005,712.1304814180352,666.0370328469536,569.9913097775036,571.4832953471763,431.034729178803,422.2006679615295,671.1330560055385,776.0042180838408,860.142174739302,830.4431127437284,781.0831927755604,865.4226038170478,646.3186289002772,816.2070247665845,747.1172911231198,772.0095042409207,750.1118449950486,692.7893578074406,716.8639656601438,684.6218602301666,608.9948583035856,603.0730922573903,448.87926238173736,557.5257019439301,294.75496651469797,330.48690452038403,589.6300502839636,581.9453955685944,595.7463658109624,685.0949543544224,594.2915300975815,649.1327355592949,507.10573678970337,436.43966410815716,519.9641806173955,560.2190206723335,336.22526198134705,389.96322124701544,302.1972114279245,323.86807146970364,228.60877225967994,353.7240774001181,11.707303622966046,58.43877629668525,564.4448750813802,564.5824807377185,581.6477413643152,575.4661044297715,521.9058338582668,538.1001054815092,25.306958474269393,0.39853157811125534,8.062377666864608,10.545584349603658,59.724725892395995,69.15958315127038,101.14714789777321,262.15263313405654,532.4688554243608,622.4656627308239,645.6267704291631,586.9492177842538,457.48907998028926,200.09932134156688,265.2938333713647,513.8699845938847
671.3823840649097,726.4631076196227,720.6243489341418,753.3470227632864,403.032142829895,405.73556648620536,723.7394504660942,731.9184186959774,569.1143401155666,563.4318617562778,686.7132318388155,678.1050143892803,709.4896662664659,628.46097582458,544.8226106748059,471.4261051919265,638.1967679426003,697.4707686592178,689.7105295466281,673.0056187744141,224.1383217242029,222.63603808085125,743.5312268861272,777.1041383894664,515.5170084269259,548.2046041803046,397.1603445400849,355.75891564952,665.3995239689665,685.073523325979,727.7967368298628,721.0404867553711,701.3495905601372,673.8193065049913,554.9998917289403,575.9667516501553,517.6741829086506,561.4506484844067,387.83658557491646,456.143510597029,459.5319501532883,523.544294834137,549.233122694114,633.0564346675059,641.0815569590725,663.3761029382895,540.1174225255478,538.294069466891,738.6958045221144,667.9842303323605,714.5585907355545,670.6196310400243,571.308367434104,571.8717068690879,432.4031618570985,423.1474848394503,674.3266535714057,778.7759838898977,862.6366730065891,832.0776384650654,781.0828464673913,869.979168543152,649.376953031674,820.9192243348424,748.8194238463444,777.849542260478,752.330523763078,695.4382707704589,718.0428996480954,688.7620242629921,608.2073339170164,601.7096197722389,448.6677603415393,558.2436393968986,297.2298141700634,331.22009642695036,590.8180350631964,583.8185874337478,601.7296655533162,693.6897375924246,596.5265819213399,650.4441642952229,504.82000282923383,438.1657176887989,520.9686126885435,562.3479701755507,337.82026237039,390.8552156243514,302.3409261411677,323.45707492436213,228.00947366558736,352.55145315105716,11.445982600574132,58.285802846610025,562.214018758138,562.4207582635395,584.0336205209605,579.6057441331682,523.9120124350977,540.0073792846978,25.086319977270538,0.38786994119571455,8.023819104064252,10.432933598625823,58.79787853253609,68.86906097745724,94.06918870057497,257.8671146000133,562.9622386585582,628.217529296875,646.4433474956743,589.0200879060769,459.36214847190706,202.11070383196338,264.9950597936457,512.4900175949623
672.5511460197296,726.7355631818675,721.1599031645676,754.1910267750105,404.3198842248251,408.0585788296802,724.9656699360281,733.3665252555685,569.9146958971206,565.4100033435665,686.4257814981104,678.4865601796953,710.36023069614,628.4026690494676,545.6399072592532,472.93683972962145,638.6408311021271,697.7055810313684,690.1784034816698,672.2485532226563,222.1045413547092,223.15317681630452,742.3515291819497,777.0792723761665,515.8298294606633,548.0370668474135,399.19015865431305,357.9756925635868,664.9770700886564,683.346041493357,728.3205546381593,720.2282692464192,703.1277071419408,674.6045052083333,548.916640704611,575.6437627953219,521.3028834674852,563.881696206552,387.9590882786683,453.98903691723996,461.9969820116387,528.7965307235718,550.0188150313638,633.0294227780889,641.1016017440966,662.9862646136368,539.5966750570565,539.0904527010617,738.5441478113975,667.1298128272082,715.4518672668182,669.170806282243,571.2706296775373,572.6174763511209,434.3847467497018,424.9752953138367,674.9671543618543,778.5383192764389,863.2374544411447,832.2045584387001,782.465814845873,867.9880948359912,650.3128114286184,819.1109284373467,747.9079211790171,775.5984204178941,750.9942022259315,695.1438534223321,719.1662235138523,688.9509904555853,608.1501426696777,599.6665145999095,448.6178301889962,558.1678932487191,295.5294903741367,330.84597971741584,591.6790301213499,585.4282551998914,602.1427534387467,692.5691768101284,598.1296413027007,650.7812817615369,511.57000587304435,440.83726073384287,522.0112332764176,563.2454293727421,338.3117134543026,391.9635655062293,302.40862681095797,324.4788653182756,226.48017568475328,353.140062961181,10.930487834503529,58.80423211235594,569.0520517985026,573.7165092856197,582.2950647622347,577.525008568397,525.6493748380938,540.877302193117,25.244597459377378,0.4177822651514025,8.047656110756941,10.482635486153386,59.2786994789599,68.87081057790627,95.99796165401737,259.3541361023398,544.8446932705966,622.0560535777698,642.4187802308358,586.3186297839201,459.6346087362252,201.96693119981833,266.13533664472175,506.9138657142376
672.2421623509215,725.8630196927774,719.9126841287692,752.768962514353,401.48869099284326,406.15322198399474,724.1959977275982,732.7116413522274,567.6402434776633,561.3975814014185,685.9653457393491,677.0556779649522,708.8452423776198,627.7041725282245,543.3070109187074,469.417959500779,634.1539879387589,692.7899799283557,692.2412637878651,673.0179661865234,222.75736722018985,222.93848368326823,741.2228327003909,775.743216923305,511.8800984727151,545.6891533359067,396.93146076518525,356.91638865735797,662.7230338330539,680.4876154393326,724.04811997301,719.2276082865397,700.5093221502789,673.6773009575738,555.1813158781632,577.078227950866,520.2154789054971,562.7456378230343,384.7705602337207,452.90952225302937,457.22733544521645,523.1465511322021,551.3887826327293,634.5508945700117,642.94301305043,664.1100539213036,544.2727817937363,542.3008620555585,740.5266057168284,670.6321569202233,715.6329525416115,672.072014541933,573.9716972043161,576.626459720088,434.20169574117574,426.5307251263757,670.7805225251146,775.3215459231977,862.7735355780912,832.1285824373113,780.9265478515625,867.3416737923731,646.3850515756403,817.0187407128604,740.6033092897329,773.5841131972712,751.2595104431838,696.1766421513033,720.3189728366342,691.7936328866864,607.9141190846761,600.5633294777792,448.6093341932384,556.6914925183053,297.2808191050654,330.5320000447018,595.1023273155338,585.2478465479934,598.7785664010555,688.4094292776925,594.2216069890164,650.8095750472822,507.5125780550639,437.19389998247226,518.7175592783789,562.6825771229899,336.5094606357462,390.4560431632539,303.13022444552433,326.04699417149493,231.61759841529786,355.23411777267853,12.060136347130067,58.54480380493346,567.8406840006511,571.9086381298,584.4756013136357,579.5746268708242,526.1287301138764,543.3996002271881,25.282374146860093,0.4161069792285734,8.085461689549986,10.430307429517676,59.46593813362843,68.81885895544102,100.72930567587416,264.7485761081471,535.8397521972656,621.2570068359375,646.2632995195837,590.5045757052264,461.1471795474782,202.06574090504856,266.92864785049903,517.5482388200431
672.9765769841398,725.1729382938809,719.1410777560312,752.2719536701521,401.0819858684096,405.81754181108306,725.3624366701716,733.1985614922706,568.717085047644,562.5791564144072,687.1105589207594,676.8767463926285,711.376285507176,628.1006105322587,543.6434106067638,470.21749372931924,632.171098175772,688.9043625232786,693.9601129992254,672.6563172607422,224.4611368444231,220.47966130574545,738.52352334445,773.343367531186,511.15626802494387,543.7039469415015,396.91461527281706,358.3516292042202,661.7981374488687,679.3602578999083,723.1284500883007,716.477628326416,699.8767224974551,672.216044514974,548.3384096891983,575.6570114687265,518.6838994635359,561.9858943797924,391.0694297552109,454.4547874650705,454.73741750248143,522.3356552124023,547.6975175974861,632.627318323506,642.0121123252804,664.6532711564449,541.7069002419464,541.4478303335763,739.0869914393271,668.895940201723,715.8149737704215,669.1519834414814,573.3629940015853,570.347018550424,433.099776104966,424.5799411720613,670.2469601751288,775.7463715606266,865.0828378895704,833.000905249848,782.4220038637908,867.2251822956172,644.4269311187464,813.4601299026866,739.6884512830136,771.4352316745492,750.9423090859746,695.655457768553,720.3380540009517,691.7774317620209,609.1879494469445,600.3491484219911,447.3398056380246,557.9274327001531,296.3100771696671,329.5096663354148,592.3146543659147,584.0849011686333,594.4449462890625,685.9099644252232,593.0512729805548,648.3034338733768,505.36901787757876,437.84768206119537,517.4513237436437,561.6434180624465,334.4256398977602,389.3439902252239,301.89007981773466,325.2761133186013,231.86048321240284,351.2419124699632,12.187629215509299,58.0062362964994,570.9151601155598,571.5457479185977,588.5642881421372,581.0172778168416,524.7525357156612,541.8330923327607,25.123971916048934,0.39952893986763366,7.9117603939785255,10.269456996653545,58.92177898517062,67.95807840321613,96.98749988621825,259.03744940196765,551.2234719016335,630.1189109108665,649.0229742062971,586.65381612657,459.22566821528414,201.17774776036018,263.133428255717,516.3834754680765
670.3566840846254,724.9594039579835,719.1683546921303,751.9494529435359,400.12147762609084,404.90295577475,722.3234094748209,731.8975331407912,567.0921413643019,560.902048408008,685.3799890037475,676.8429959796724,708.1185847653737,628.9359349007549,544.723548412323,470.7625069405246,635.2788440288525,691.2933342765732,691.8318270979256,671.6750172119141,221.08153429296283,222.7722625096639,739.1905918699322,773.7312721070789,508.2331480855093,544.8511282533079,397.37047227048083,358.0242082675298,662.3971096434683,679.1626030815972,723.4645335680543,717.1143979390462,698.5935898473707,670.3028495279948,546.959126016368,572.8642607539533,519.3516190986801,563.0365399961119,388.01217339720046,456.87890430693324,459.9332995805584,523.172420501709,547.0758259977613,633.5795311950394,641.3734544366183,665.7475943202861,538.2670799365713,540.2011602308366,738.4870226952337,671.3969134368505,714.8724976886961,673.097470300778,571.099022869572,571.0192539551679,432.4695798906086,423.8381311475938,669.6680739069559,775.0075866646237,863.387439703066,832.1222446863915,780.2433695652173,867.9077291642964,647.4280151927143,814.1345956904407,740.0508318089727,772.968556226686,749.5911416471674,695.3908412148127,718.5799486682673,684.920099247885,607.1063510448009,601.2470607444889,448.3828697904534,557.236476617458,295.26251419730806,329.4322709634271,589.4432905853772,579.2670460301316,597.9875345433012,687.8758326939175,593.0570670233833,647.5673816928547,503.3978337446849,437.62532552465797,516.9950677283535,562.2197728757052,336.9381263312172,389.78218413604293,301.9154117309178,326.09062919820104,229.2392739525226,352.4340884677072,11.838360961595619,57.35808494740674,564.2096750895182,568.7906856213585,584.4215922430158,580.3775397598474,524.9760686956896,540.5257142120586,24.757570186531858,0.3187647653743625,7.832789034116228,10.229248126887146,59.02546680363125,67.74047471871299,93.28411731713761,253.4047445269192,564.7230557528409,626.3548217773438,645.0161222931523,589.2476974680454,460.2396141875024,199.22976375031368,262.8137741377859,507.2565707502694
672.4217426971111,727.2154535958261,719.1136201275657,751.5087009179165,402.4146055709484,406.65894486648693,722.7712964824601,731.7361426820146,567.128905014116,562.9072283682276,684.6870208368068,679.18154740712,710.2507571814195,628.9792700084115,546.580747614749,472.72403627397404,638.367962299365,695.9732034119261,691.9772904787027,672.9784985351563,222.5114970472124,224.79071591695148,739.5201709686763,773.6373877146888,512.5336929740706,547.3385501903492,399.52634227605154,357.0913341972563,663.3714901186386,683.2074393566744,726.1908159230951,718.9958326721191,699.4095897351281,672.1167929416233,543.9255601302438,572.7480340061418,520.8488688868048,564.4427967071533,386.76588572428693,453.08134731907074,459.4048939689261,526.1949796676636,547.4564584313877,632.9743796976821,639.3162247888889,665.1623047276547,538.3234443349287,538.9882952350002,736.6486116470829,667.6373197410113,715.3174992123165,669.0120932024489,571.8047600305669,567.7114524934806,431.5049651444064,423.05236705664527,672.9823086958986,778.884369009071,863.3119261640709,831.72416423633,780.7744818911345,867.3427085012294,646.194119981305,815.182819774612,742.7979014382433,771.7303448129994,749.0951451247997,695.424568399103,720.8301577233965,686.6034569503194,606.0804601789595,599.5997044922875,446.95416088279234,555.3656706046232,295.5602411463641,329.62357362559146,586.8066438768731,579.4665353862082,600.0204922290559,692.2539269583566,596.6050344883711,650.2280820930861,511.52190119425455,440.48588373303414,520.3294784466076,563.7022959633543,335.95800206415794,391.23304206799946,301.90485707189265,324.5661261223781,224.4966725553299,349.3007457742095,10.817273598080241,57.31481193152483,566.8186767578125,575.8375911389367,583.484477603808,578.6304199080662,522.227921735846,538.5771696375168,24.97403549073313,0.3320937770367083,7.8267981873741475,10.201474685283861,58.51463773812198,67.93131368146628,97.99333070792879,254.2879185255836,545.7901417125355,622.140214399858,642.0700339502936,583.4287101649031,457.00725699873533,201.15670883629406,264.74213575594354,506.65105148841593
673.3722237290851,728.5938716079249,719.5060245001358,752.3736211237205,401.55852572862494,406.6704334808247,724.5052506624891,732.7875411402925,568.8048048019409,560.7690096488985,684.511589980707,678.8719655839224,706.4689505889526,627.1953448940385,543.1862150329855,470.0472575630207,634.3910440020087,694.6357641125043,694.0312446798858,674.3660413818359,220.70708149671555,224.1740390141805,738.458227545668,773.3565891205318,510.43334169038303,545.7447208781819,398.17950199190426,357.8924028608534,662.3034713673142,679.7484226933232,723.0849393509192,717.0827516682942,699.7329536696611,672.6421028645833,551.8196657263715,573.8878162797675,519.9719786791024,563.7566190648962,385.8480273144586,455.1586038253727,462.21578704333695,527.2458024024963,547.661278531676,631.4245716836215,639.5330139122966,663.0707995152613,540.4799650956777,538.6239602615783,738.0195118565713,667.4411886626325,712.6961317418318,668.5189812926939,571.4671183017338,569.0901654187371,431.52889897090716,422.56245286413963,672.7326872743104,779.6754837036133,864.1692612979633,835.1855907189689,782.1314675505265,868.1492998931786,646.322164553021,816.7474156407172,739.8061250145755,773.7706541805612,751.6532770821218,696.763353159431,720.5741748202379,688.31465966662,608.1815073167955,601.6017800315482,449.7487089174603,559.0468962698271,297.7324096016262,331.20860612896126,592.0159267988362,583.5552103509547,596.7308492457613,689.7321221487863,595.3163522596103,650.6540196310749,507.7930003039042,436.59049654841425,517.8132729085006,562.7372104856703,335.78275020262777,391.0896067636538,302.10338365410763,326.608879406831,228.78615150665502,352.80523990362883,11.698963925634787,57.76628320521002,567.275033569336,567.0660426252979,584.8344593904912,580.3931077983045,527.0209436295294,541.3884394023121,25.197704611570913,0.27676566430815946,7.92464526545157,10.314221281231896,59.48775482215804,68.7816533420976,101.01448578677244,258.7553450219771,535.8058416193181,621.7823785955255,648.3803842019714,591.8627663141565,459.90358287212894,201.61227404747746,264.5873386787646,519.1345604205953
673.4274438995398,727.012526521779,718.4518429714208,751.8591469312569,403.0298490613006,407.29890870196476,725.5577175078591,732.6916112242353,570.1315132744459,563.2909817851958,688.5546724272938,681.5371646820553,711.3335546163098,628.7028201562673,545.0955647325042,470.7418520249445,637.205047752055,693.503357617958,695.759962235374,674.4192818603516,223.47928558455573,222.8341977437337,739.9966285424831,772.3904113466778,510.88968880139095,544.414725628528,397.7917598071019,356.64255897204083,664.500930894096,683.3763729519314,724.2065764499774,718.0003706359863,701.8588133989755,673.9447446017795,550.9571381942086,575.545272275626,518.8355204712452,560.1008753599943,387.59805337871825,456.08998610821556,455.933687053743,524.4961442947388,550.641489292421,633.1207671685241,639.9988612730191,661.7260227091829,540.4170704636692,537.2608768156358,736.6209585128292,665.8032590636759,712.3524150958852,667.8426786457269,568.93242730795,564.9328156359055,430.8639356162578,422.26721885015064,673.3949716992081,779.3841441339916,866.3894826011575,835.7281891069538,786.577340565557,871.3034858580161,646.3614437558235,816.9427932849146,743.339987455909,774.9297904909736,753.0201750423131,697.8948516006761,721.6912282955874,693.5669761362656,608.1793236603608,602.2670875611852,448.9477082698717,560.0904739842271,299.1402301511903,331.46026331941846,594.8468531624216,588.260787267408,598.4930880932097,692.5376532418387,593.8981751482148,647.0607802393687,503.852102355957,437.0480447634061,516.8511690660721,560.3620964497017,335.6925183688893,388.65811125724326,301.78868276874226,324.72767832148844,229.70413215570184,351.9718157237023,11.520449538686888,57.742742919893395,568.7737660725911,569.3921415684587,590.5922990981489,580.7183191981251,527.2620854850944,542.1575213574547,25.450728987931814,0.36090901419132326,7.916537497342555,10.22726330863435,59.24872638359644,67.7786362707034,95.31614449268415,258.18087326779084,572.2216963334517,629.0717606977983,647.9654368970218,590.5539270714869,462.16119790544695,201.12441892562467,262.07366358150136,517.1223512846848
671.6801567573052,723.8946011620338,718.1907830981097,751.9152491672105,401.20034370422366,407.06061230812753,724.3377874688216,732.6235406104555,568.0390170774593,561.8717910930759,685.2207657108462,679.1884016248915,709.8541712556449,628.5236953781684,544.5794580558046,470.9884310091104,635.088362851979,691.5395317204371,692.0385812342852,671.5955772705078,218.99060860607358,225.05310204823812,738.6873972398722,771.795784723191,506.6283501430332,542.9002872508961,395.66067058078494,357.4197115831905,662.5716616792499,681.6584889729818,723.9976414958323,717.3857325744628,698.6351791640459,671.1162194824219,543.2289323226265,572.3483493299369,521.0656064743513,563.6165819521303,385.2104015478066,452.3948255817542,461.24997998847334,526.8137431144714,547.3611414990728,630.5282534197044,635.846279983733,659.0302739394339,534.2061747440622,535.8914493614143,733.299319851783,666.2997556250116,710.8621150425503,669.5596895275461,567.7282906433927,568.2126118903067,430.01003601623046,422.1909049325996,668.806378000015,773.3087949774883,861.4143455291155,831.6738237162692,781.627193019701,869.4534715572221,643.7134759652141,813.0421536998984,741.0070964756296,774.5875914595848,748.9413926156719,693.5659865092833,719.6242178169786,687.5469080466592,606.2616275409321,601.2066475289766,445.8989081426498,556.6553377754244,294.4076634282651,330.8566120846171,593.1935717473265,584.1842101797523,599.1537995034075,687.7101298740932,591.8472534705853,645.7016123506904,507.26017358779904,437.2413633020719,516.9463001200807,559.5931341614139,335.44225713540527,390.1522347970129,301.3866683318823,325.08482068024034,227.69471045108023,351.2946811085443,11.115626783790368,57.03352286936472,568.2443583170573,573.6455398818193,583.3368187602609,578.6404131030605,524.9752305494313,539.723673682924,24.69765695608466,0.33201651415546185,7.883020243459195,10.12499811294339,59.13452685404772,67.63673347999813,96.18319867468543,254.53170007817886,544.9281227805398,623.989003684304,644.2131482834784,588.0380938566184,460.73881774790146,200.28200520575047,264.61909558556295,516.148952089507
670.6155893445156,723.1170936064286,718.5964510687467,751.8513367907459,400.5699407178302,405.28778954701767,723.7010997567336,732.6339736743683,565.0692797558648,561.0710008730654,683.5123436160204,674.8380524771554,708.0395103179775,627.2298464138015,542.227995794804,468.50690578497375,631.7790229399623,687.1811410390658,690.4617357509803,670.67126953125,221.41138949659137,223.33052209218343,735.843213558885,771.8726375822037,508.1103892900557,543.1664287860577,396.5128637492986,357.0321180290646,660.6097590788355,677.7341283350816,720.5324301331688,715.1907854715984,695.5775700585317,668.5714609103733,543.1780757074771,569.0588147266801,519.646870751738,561.3110203919588,386.17253376862834,452.6372340913122,457.7571451155866,522.1128497123718,541.2265296379725,627.8284833284351,632.2711558521293,657.2415322643972,533.9546592491718,533.0065976189567,730.4491220535771,662.7840430715567,707.4657956139308,663.6216901456806,566.5319718159902,566.6161717807545,428.57783703439827,421.2470542725096,667.8012269804537,771.9821381635136,857.990480888482,828.7990338609992,778.0068714971128,864.920589261842,640.5063152721533,808.7866278754341,738.7198324630509,770.4813642156832,746.2942062206482,689.7853818735592,718.5692783039847,685.8953501664472,607.7534423346992,601.4663669398574,445.16778564453125,555.7899990329495,297.80378590459406,330.9007598447128,590.8499260574091,579.8253746191001,598.9625776574967,684.0111410958426,591.6635937745543,646.7127369991324,508.0443541208903,435.65585996945697,517.2233623907955,558.4863217232461,333.8742434981991,389.44437481780346,301.2506649379308,324.0522032584096,227.82767846958367,347.78986645273864,11.696383006119975,55.97224487628136,567.1353810628256,571.5127387612553,583.8073649168946,578.2213826934676,522.3095553352026,538.0039402558343,24.437928483012673,0.25924624503348714,7.686732679126873,9.882261229559248,57.81520270638061,66.76141266747608,96.1828434103065,253.1084642874844,535.2470619895241,621.2138549804688,646.8012232428429,587.0925955470605,457.2262121684411,199.29228750506434,259.114678960858,504.2142649683459
670.1026157707926,724.1548932875046,719.5913026335691,752.5326661759639,401.4091663138811,405.4148744525654,724.0237357553416,731.5743890770445,566.5544409703235,560.171527509547,684.8496007531639,675.060234457349,707.5571962228975,628.3372744934761,542.1942307035721,470.3979235417198,633.2749311257313,689.0968806624809,690.5331681642496,671.8584252929687,222.06918696562448,223.8030080795288,738.8346639690977,774.4661566416422,508.17497092641463,543.1878156557187,396.62820190092475,357.35470186339484,660.9455286781742,679.1230373052903,723.0919080118495,716.7206699117024,696.7979422100519,669.903794555664,547.3069170744523,569.7866313888366,519.7867691779452,561.1924486513491,388.22375610045026,455.7822800111235,463.87790392265947,521.656539440155,542.5942214547641,627.199331708429,632.312808584038,658.8136924442492,533.2379035555626,533.0191718081494,731.6127323765909,662.5272177503256,707.5574978984307,664.7982801901743,567.6078710513265,568.0079383289112,427.99394432488384,419.3706873404609,669.5796138099093,774.5910852794294,858.7743470952012,827.360390740085,780.3304862644361,865.6999062843693,643.2438652201895,811.5741574558211,742.4160513806698,773.669687718384,746.0212523042486,689.8126393067489,717.2934364270253,683.5192431033646,608.9248507044337,603.143823092101,448.5317283420388,558.517726617458,295.92431386311847,330.1942106434997,589.6087900380619,580.9466612249984,591.6433222344581,686.0448423113141,591.3387992245027,647.1803147041995,503.4735098266602,437.6164728960395,517.6022072493768,561.3015629921431,333.63342485147365,390.6492253727001,301.0459132557735,324.6883077994788,226.01741551296402,347.89668988923233,11.77640794111088,56.3892776852275,562.8499928792318,566.913770772643,583.7552322959527,578.7275955407329,521.7079986979943,537.5155981012545,24.566844028249186,0.2906862756228764,7.698701907907027,10.020407006231991,57.77565353432829,66.27879178419869,95.20990458296404,248.56146232520834,547.6107593883168,627.4254416725852,648.6870002490562,588.6900393329089,458.9693537529777,199.90531107443468,261.1110553741455,508.76922186489764
670.8239125653732,724.8615651949488,719.3757119558654,752.8319097116174,402.7362358536831,406.6827842486756,724.1442782376835,732.5149468085107,569.4944141415917,563.3944115755988,685.1598639139315,676.6356360299246,709.255486934917,627.968147138835,545.9838368691022,472.85025051154804,638.5303921812518,693.6263248278849,690.4471009353111,671.596310913086,221.09949825869666,224.31618372599283,740.2815469959254,774.3188811408149,511.1515385492934,545.4197483901139,398.7411230097818,357.9325713581509,662.9835941026796,680.4986998381438,725.9353690159916,718.2429115804036,697.6476485688808,669.7551834445529,541.4813869310462,571.2890091861588,520.5367179568118,563.6593302973995,386.18190529516767,452.4527490880159,461.4062662593654,524.1475591659546,543.5611055131469,629.5038284374074,632.4413333935325,660.4461558046397,533.8364131352133,535.2269750041562,731.4668740795505,663.5389052639958,709.6544616354325,664.8053341736976,566.7739657756994,566.4996252901414,428.89033288430574,420.2502295436328,672.2371058385709,778.0590112540457,860.3804657443811,829.4473613860683,781.6547581946331,868.1679172454143,645.0481907089187,813.533805572447,745.1301786508133,774.6952246307403,746.4461065485236,689.999569119598,717.8202231826297,684.7762457916091,606.1400395986196,601.223964441018,450.0901516905618,558.1637674306894,294.96713599605835,330.55706099389306,586.5701537835794,579.4407096641193,599.2452210771277,689.136837550572,594.4951154628476,648.1757169658966,507.4330561415354,439.4919638989369,519.7119292015547,561.8089649113494,336.55685263381287,390.9392248465266,301.1417043861002,324.08934327303757,220.04712219320393,346.29556093042095,10.152801897564334,56.28403884955022,567.3496612548828,573.6403322381489,583.4988051094115,578.6275117278639,522.3895724250464,538.4569775551048,24.495326853277604,0.2690188929300617,7.756390972773209,9.97996960040473,57.68647376963675,66.89657027728015,96.1835902184248,249.43788217796998,553.3805236816406,623.986952903054,642.3873602335885,586.3188076743596,458.0765701520677,200.0349438699093,262.0266143625433,506.47443047885236
671.8066078735495,726.9359553173335,720.2452241260288,752.7379050577779,401.61462405448736,404.00439316460063,724.1947861563316,732.4793337558178,566.5851243041,558.9444958069286,683.4363148386885,677.1253440130324,708.0381135760613,628.5695762479836,543.8572723628276,469.8446154393274,635.0294549589473,694.9604053433948,690.6245341099999,672.2368344726563,219.11283237404294,221.50421409606935,738.7281472830889,774.5573628440736,508.5432801271608,543.038585620922,395.70993320191104,356.0084829794036,661.0453584778984,679.581906730746,721.5676618761278,716.7716587320964,696.4488723884194,669.862561984592,545.7057846069335,569.600287012307,519.2000509253683,562.705970622875,382.3086402969701,452.937135774991,458.0252162745742,523.1073575019836,543.8015761697103,628.2925885096546,632.5262477258453,659.5229119641042,535.8162223563706,534.7780629004632,732.423794555664,665.3438810337324,710.3196397643906,666.7323168863953,568.346784412059,566.3857818678314,428.93594841063555,420.77660389890843,672.6372917317352,779.4401888295456,861.85501078859,832.6578355685408,780.7323217773437,867.3645251622863,645.1257407278825,814.5823228859607,743.6574688811801,772.9710380471184,747.8867597558525,691.1672773109192,718.4247766968551,684.6869031368698,606.8774193772325,600.9474234033803,446.6249360600743,556.9106730011118,296.00757598876953,330.39952108893596,589.9460115276399,580.2113826007763,598.6644728640292,687.600715637207,594.8503934779843,649.6674914330408,509.52693939526876,438.65839914580187,520.0227285431345,562.4989427673398,335.3323301034815,391.3677116275264,301.75761928517994,325.38846392938433,224.17753277923944,348.13650110845765,11.132881044753487,56.183563832231094,564.2420888264974,568.228509418035,582.3570384364575,578.6682810373436,523.2342517163614,538.0916881421376,24.86250633066275,0.25254184844455235,7.778654175362137,9.944832855313559,58.072417604578085,67.49542536764025,96.78793057964907,252.37912717286278,534.6891562721946,617.6454046075994,645.5311336645344,585.3035556455202,457.5523456229883,199.13893674039528,260.4362445744601,507.431073418979
672.5884328074269,728.6338445586388,720.6846360559271,753.6160484082195,402.1231716156006,405.42703273040905,725.091419606969,733.2718107962102,568.1738411802419,561.0568842418859,686.8189129092829,680.1443145388648,711.0996866896876,630.4507630228513,546.5543278319326,473.28343145900567,637.5510291510849,694.1076512384257,691.6293270651864,673.4005943603515,222.862020333608,224.0211763381958,740.1416448783049,774.178750234937,511.78596498579253,546.2071090949761,399.0177567202742,355.733505487442,663.3421330361996,681.3581251733098,724.6286412036325,717.2644886779785,699.3477926092633,671.6845095486111,549.9849235202955,573.5150786250471,517.1718352061537,560.596586227417,388.88069333348955,456.00308999050867,457.0652460817431,525.1669435501099,548.5149076845911,633.4970030581217,636.4235443550896,661.5549840648272,540.7663117519095,538.5784423734758,734.8898488198557,664.8494284957036,711.6092609052032,667.5199170237336,569.3267517089844,566.5801331856671,430.2774238023199,422.4335418621569,674.7152614029449,782.9928603459288,865.8535878653146,837.6610134046028,785.0034041694972,870.9595336667156,648.3598451760201,817.8621534889127,748.0708458743878,774.2424424076573,751.4979621930069,694.2915969651001,719.3530766189479,688.2827996522682,610.3749435356071,601.733401720641,444.581989428319,558.2921554763595,298.4223850637242,331.19572706625496,590.2646404328893,582.7876358981944,595.6939288200216,691.6924285888672,593.2032269298802,649.0792632425688,505.929135316213,438.7632592991988,519.0519152439639,562.3207745293946,335.33857086686527,390.629893146267,301.4776778540884,326.0145428462023,227.52764814939977,348.82262842120605,11.709309402384356,57.020825320387246,561.9391123453776,563.5003118999933,586.6749306037091,580.1862848894629,525.2636120434632,540.2094634226307,25.446684886162217,0.2970164307220666,7.816573973922739,10.226249575447582,57.48930427624504,66.54272358031864,97.1413417307453,252.81854057312012,560.2005781693892,627.5711847478693,646.8077322940699,588.3910825705226,459.1781609525868,199.52366938272067,261.6039167317477,507.19662054653827
669.7008483238175,725.6061358307347,721.7348784583927,752.5331495938548,402.2922510812449,404.852194832904,725.5510732873524,732.5736636157746,568.9758193809159,561.4084348190027,685.509786900466,680.1931095183842,709.3425021817712,629.5193352486923,546.8148760249959,473.756333133423,638.5980318620872,690.9280674576363,692.7070379732212,672.5150666503906,221.0788499424234,225.09059092203776,741.9605106695046,776.345527588375,512.6103115680954,545.631760251391,398.160232628248,356.90026932292517,664.3190913470286,681.9118269178603,728.0898890858247,720.3644285583496,699.9087492732679,672.4888028293186,549.3170147439708,572.5837075107069,517.3024592462615,562.1774830288357,384.5630780990635,452.66172190462606,457.686674274382,525.0034987926483,552.0043007400301,637.5040898616845,641.7939242732226,665.3328617609035,539.7976982928504,540.0972327852583,738.0762235087733,668.2557973637959,714.1403147465473,670.4459882482917,571.0915400415258,570.4224172012479,429.85079272475167,421.9164155596797,669.6969968162779,777.5456523453748,865.137773748608,838.4325392760658,783.1834005604619,872.4408215272774,648.3299522283245,817.722956900734,752.3332863423361,774.3737696492394,752.0162333156286,695.1181763382383,716.216039864121,685.9878135386093,606.8459354091335,603.8554391079261,448.1126070985007,559.4764484223865,296.2483434262483,332.0999813885756,592.5130082427478,581.943620483905,599.7456002742687,689.8029937744141,593.4957402839515,647.2943570182468,507.0802708307902,438.93674603859586,519.2980842329857,563.5834222039153,336.3574294847601,389.2583844820945,300.9175206304062,326.34931673089994,225.34952645870288,349.4868370966117,10.634985609759395,56.24844921280591,561.7186360677083,572.0616610252251,580.9442197829485,576.6180765143347,525.0165414980046,540.2834113571055,25.160745460815775,0.27212264432261385,7.749090287715113,10.098680793850274,59.02320431726345,67.93311859047296,96.35860239207331,249.18293285019257,542.4377746582031,616.6312056107954,641.917111800021,585.6132352804835,456.36297414349576,200.48183224663921,262.9518868272955,508.7794147359914
671.2606989512618,726.7012181811863,722.2225990068615,753.3592002154346,399.6829280964164,405.1031068004668,726.7266410704058,732.608460667387,570.945409949945,561.7947577492135,682.0370193729556,676.1265941680424,705.9268320911335,628.4973700519515,545.5929957877344,472.697127804271,634.4007614641957,692.6622141841242,692.1066205254916,673.1363442382813,222.10133714973927,222.38849411010742,742.3101317418086,776.4268599616157,510.49941316574655,544.0680592924684,397.37603304531035,358.4928805298275,662.794573226065,682.1294730857567,726.3855092606832,719.5946235656738,700.9770519450559,672.786399061415,551.065575574792,573.8069347703313,517.7908267386684,561.5762035228588,383.91993686450377,452.7466230928228,453.9122609623143,524.8805637359619,548.3251622423293,634.8384956974554,641.4058245271029,662.8112980468928,540.2368933780134,540.5911844493626,735.5521805547899,667.0721836062121,712.2018844157726,666.922252589788,569.4951239273687,566.9771275052838,429.9792748799756,424.8123996472398,669.7196669646448,777.4100857906872,863.4674722164805,835.4142155459406,781.1448998492697,866.672007218148,645.6945536668877,815.7607243502581,745.5363002036935,769.3049803214479,751.1587731950739,694.8868921277254,722.421075128446,690.2551325171033,606.4257057464874,602.8356780380499,449.9495187461923,557.8635218236353,294.4256352963655,329.9133143895109,593.5581887667296,584.6083154955346,596.6323060380652,685.8737901960101,592.7237946082806,649.422775815205,506.88594088872276,436.84531315247216,518.7568795704107,562.1535578498587,335.15075622867136,388.41847004184655,301.6501749594075,326.99318025471626,232.61501331879094,354.007837094826,11.805732807506704,58.34912013677764,567.4816680908203,573.2694319385594,584.3258659741841,580.0290968536791,525.7614715614998,541.2571362726263,26.107219915602688,0.40358073127938915,8.163167378833789,10.589701189746847,60.05998791851351,69.50428915038825,105.00902804442578,265.8535261154175,539.5599476207386,621.5417025479403,646.0529822023123,586.0108507373665,460.2665520462335,203.11439702333067,268.87650684876877,513.1943369898303
670.2667539342094,726.1277993664597,721.0680940516922,752.5153485731299,400.2308782533158,402.71280233136247,725.3538867270753,731.6917037379488,568.3914498747612,559.1667667138772,683.4744000938849,677.7349646129305,708.1452430476455,628.4108783474818,544.462648943289,469.51223989751736,635.4091801213992,692.8873714561082,692.5607709044241,673.1115233154297,222.5432993438509,221.8773696263631,741.8839852827108,774.9181516738165,509.82218861205416,543.3395898001535,395.6131029497853,355.87685957219867,663.1762983574057,682.0824849446615,726.3591551693092,719.0728565979003,703.4466204885709,674.6537497287327,550.7696860935378,575.1089672410344,515.6840849889007,561.5335191090902,386.53757567916597,455.99397715022053,454.22618678358737,522.4996664524078,548.5635507530163,632.7715026710836,638.0835605637277,658.6668325279192,536.550849449536,535.1151551466721,734.3858763664,662.889673900045,710.7287256358674,667.0478704364247,567.9338444252185,565.2532054489734,428.67014103206816,420.90322672657413,669.2086910653088,776.4848117453081,861.9618556638516,833.0608205455329,780.3819092858356,866.8778856888558,646.8630394425231,818.9814544646338,746.782372318097,772.0719335787672,752.257420349121,695.989952229326,723.0400829922621,690.3667086606526,608.570338618648,604.0952547417312,448.2014283696446,558.5771075492297,297.0498659437981,331.1199826522612,594.8742541954166,586.0302248119814,594.8451213430851,690.6194218226841,592.352649089477,646.44302044389,502.48661509195966,437.2887956901391,515.975227839096,560.1907247387559,332.83067107340867,387.9004146596585,300.50610864333186,325.39425549202366,231.7899723219067,351.40272472888233,12.127561039698776,57.387200681661334,567.994580078125,571.951624466201,587.7527204342186,581.0660047919503,525.9571975630355,540.7885218296191,25.794609095190506,0.320947844028059,7.99236842018076,10.29611607277267,58.89101656637225,67.75816754424964,99.45837210863829,255.31525116808274,553.7697476473721,631.5796231356534,648.8631419751468,589.9274616482892,457.37820345747707,201.28680806976269,263.55944147976965,515.9005905677533
669.9345635388227,723.9240538375547,719.98421220632,751.2195170277143,398.0092629934466,403.66788822838237,724.189333370173,730.8007383435838,567.9505267082428,558.1278233489052,682.2274206518158,677.1385757809594,706.178790136635,626.3686204825335,544.4395782894163,470.82514651152985,636.0627831915543,693.7537012955675,693.1629315372628,673.3870577392578,221.06807491514417,223.02050336201987,741.0462739887348,772.2654744405595,509.2887132954223,542.9532869988745,397.6012829943915,356.56440352069006,664.230874115566,684.0879179401162,727.1990241904272,719.9805876668295,702.6030909651416,675.1956880696615,547.7219980654509,575.0208243864129,518.7265797753691,563.0089223649767,385.6498241211687,452.27569812960394,455.26564025878906,526.2746796607971,544.7318839521872,630.8246672571553,630.8860828590924,653.0813709504423,531.5341573549696,533.2305918940298,729.8934107380528,659.4645941306419,707.8279600143433,665.5088568981025,566.5268822913747,563.5079974567188,428.0559464069497,420.580751742942,666.4630412073543,771.5711302337824,859.2122568085179,828.5523765377882,778.7777357549253,863.4344790066716,645.2025596315343,818.1922240826328,742.2453804585471,769.3241232143816,751.2906974878204,695.164124227366,722.0310799179563,690.2355095457635,605.2631773562044,600.0549881731878,445.74107938294014,557.0207869624679,294.51736837193585,332.13957149881713,595.2499086974098,586.5749628217388,600.1373615670711,691.9231360299246,592.7133994559218,646.4439145751421,508.4237929789225,437.45957038760184,515.9870571165883,557.6754109644369,334.2266063662136,389.37375734859427,300.59543486436206,324.2772904757468,227.12506792113243,350.6278055275977,10.982310932531956,57.362899405446086,572.5992319742838,577.2144951254635,583.9235082827508,578.201140425324,523.5779403705936,540.0188497249538,25.53310219607757,0.3302803841298791,7.916916314156247,10.17950734753353,59.59395517768245,68.55404015884343,98.44099974818528,256.8581451107474,547.5989268909801,625.451493696733,643.7360237684826,585.7055872663667,460.1195836955426,202.18780420668293,264.864623373205,517.4996232657597
670.6733404922936,723.5167303759642,720.2964552200082,751.3917325084428,397.91929701649866,403.7798004001379,725.7396500661448,731.809113561752,566.9653295375863,556.6617231056339,683.0442261114354,676.3405004107763,705.9241085935824,625.6820001795224,540.6199825790095,465.8784653797339,632.2709217523511,688.6293725555521,694.4043104968308,673.7093002929688,222.88864403300815,220.98175239562988,738.3547738338102,770.570411530752,506.6709603714069,541.0615258269257,394.08338043044284,354.9653660323885,661.9929649964819,678.9176588647159,725.2584210893926,717.684625193278,701.0610961267504,673.2797345648871,553.2585034577743,575.5276029655732,515.4867897873933,558.9249656112106,384.2163123829024,451.10604569795873,459.85216184522284,521.5724198818207,540.7734483461531,624.9383997623389,628.9968279304611,652.0403751295213,530.5488397503688,530.1854101661202,728.7874485631143,658.8157627771327,706.3967801146832,662.1134291136528,565.3740602501839,562.6831625863617,425.39682265835586,418.2016569311607,665.9352092429555,770.0712901883655,859.1010071196257,826.4562691550765,779.6060964567765,863.1960186510796,643.8567333163107,814.3069143099059,740.3501256686538,770.3781991121997,749.6018764067232,692.7382738858835,717.935318381923,687.9778417092002,606.9380183176951,601.6549754220931,446.6866530672126,558.4945748069069,295.4704976842023,330.4661837295747,596.4834954934042,587.4823907242771,592.7335458309093,684.9346171787807,589.0975657203645,643.6081998417391,502.7637181886037,434.1703115959962,513.7916540881085,554.5874963725961,331.9261965263416,388.2103796573322,300.42221543689567,323.11632902190286,229.9076487841058,350.8774185014268,11.592162739759564,56.955448453163754,563.0833719889323,567.3510069766287,584.3788803317584,578.5106487360475,522.4625501559891,539.1255438881574,25.701466822187957,0.28730641887437003,7.907702239182663,10.166653108466667,59.84068188631479,68.53864910500624,102.82091191162665,260.0380300353555,531.0722600763494,622.9684869939631,647.8888709561137,588.9077380216575,457.1118704664941,199.26269469031115,263.9295385245121,521.5176423171471
669.1714411603799,722.4995703938032,719.9060677472817,751.5683847404571,397.174567036296,401.8097583694117,723.7656273154855,731.7062480780419,565.5485717106839,556.8515841921821,682.8153083615186,676.1123786018009,707.0609715038057,626.9643777082806,542.3026878792255,468.4126186571997,634.6547397414655,691.9096562331697,693.2581422301545,672.0192595214844,220.78475519021353,220.47673155466717,738.5325786940119,771.4912813731602,505.3152411096383,540.44464299967,394.683783726139,354.9496013588375,663.2180029131332,681.3404168776524,725.9201680981894,718.1228157043457,698.3582843845173,670.1364097086589,545.3966475113579,571.8448688553041,516.4218170569332,559.6124485863579,385.35964615004406,450.14343853211136,456.16471037317496,524.482568025589,540.2816960385868,625.7352723035767,628.3755495661148,653.7223188835278,530.4712739818352,531.3314430263492,729.8591352155132,658.4600048009252,705.7981423263844,662.7547069373026,564.3685348921292,562.4983731157639,425.76486396281376,417.8692905696051,666.2686242127602,769.331573649689,857.7124007618453,824.2321964285387,778.6914595363451,863.6228427331424,642.5364673859483,810.6784277511722,740.1335337624621,772.6090077953437,744.7129027377354,689.0304365383568,716.0244374852272,685.8944885928328,604.0492761285456,600.1261813054319,445.9655409296718,558.4003421403629,292.3564630038496,331.65260594327685,590.7673213520989,583.6038604356442,598.7080532642121,687.8007659912109,589.1406363417819,642.0744292955043,502.53327167510986,435.76281064157683,514.6679870302981,555.2053222867385,335.3163073427537,388.1392800026852,300.08496669338393,322.24270823359916,222.76194902405726,347.7497462920348,10.579383537974165,56.85731687596521,562.9661356608073,571.6523959919558,585.4140925332904,577.7135174436268,521.5132749911786,538.8085088659907,25.2297681545177,0.31997021023804945,7.9165564991463615,10.148370416149971,59.21975565433361,67.88557105032247,92.01402646965451,252.57290625572205,557.9280284534801,627.9659978693181,643.9110590787542,586.4933475542672,458.1701165648068,200.76198535255696,263.55150972713125,518.4880560513201
670.0755219262494,721.9566152457035,718.1584545956497,750.5150411309475,402.0576112259266,407.8772103637457,722.57683735593,730.457631420379,567.2145199203978,563.1907575404058,683.4611541003716,673.8278615073552,707.4929889659326,625.9218145015269,541.0712525476864,466.537493911038,631.6281814936777,687.8363195020099,691.5031383996723,670.9517830810547,221.5148006214036,224.04434719085694,737.1547511102145,771.3952886793348,510.029501071151,544.6169732691168,397.8143123394876,358.07538866334494,658.9171067363811,676.7175853211203,720.7728768496376,716.2077703348796,695.9235680790271,668.4182510036892,547.8216377590013,571.8207724697619,517.8766444538134,561.845860445941,384.9415089998926,453.843037080229,455.3022113237225,523.5868678092957,542.204737017552,626.3717551570368,628.7432053095783,653.8948978847927,533.3824032121454,533.2372763240254,731.7154464229461,659.5605434015,707.6121441290031,663.771341135804,565.5911847785984,565.1994889764225,427.5319148498996,421.08626534700784,664.597247588543,766.5561470919185,857.811043593075,824.4488038569409,776.596060207201,861.5351591881811,642.0750710023652,809.1630544191526,738.880533702338,770.3161347965862,744.3412285279692,689.3000237603512,716.6457470936381,683.3824204924357,606.2946851575697,600.886565224069,447.0406660377432,556.9226064310445,294.7267876224241,330.1880028953015,589.0340977653128,580.949592052159,593.5026913906665,681.6982149396624,587.3204311210077,640.3289793433405,504.4367290878296,434.51273663679757,514.1255432863002,553.4586650675406,334.1622966247446,390.79692511265887,300.80149388002854,323.93503777517606,227.74978989413316,349.9694697363178,11.423726540134306,57.643573704155976,566.750634765625,566.9181808213057,580.6883574388921,576.2416847194481,522.0080995244227,538.2635113685814,25.139964794605284,0.39955768094837874,8.03796434690875,10.390462814921088,59.87503878276528,69.42603715804596,99.667917093676,256.83495776793535,540.4806490811435,618.9578091708097,644.627026039482,585.7651417406299,457.5236853244258,199.90663156017922,264.3916041345307,509.3906986631196
671.9858411048069,722.5365345213148,717.3789319504456,749.8185094020281,403.3202524395876,408.9864141174725,722.3059246716901,728.2024516913232,569.8705005524109,564.1055485400997,687.7378149885473,675.3708272479829,712.156225345147,625.9207243668405,541.8708273071554,467.89499381990646,633.861899136367,690.127142896684,692.0145235609734,671.31112109375,226.15570180945926,223.42819296518962,738.7674111810769,771.5502834925576,510.7102773975952,546.6637026818244,400.7807337724043,361.50167882442474,661.4719056183437,678.1646225163965,722.5930880649196,716.2216144816081,697.8811338392354,669.8937914360894,545.2791702270508,572.1589002494352,518.2248634640866,561.1151933316831,389.4672325508935,454.32909990517834,459.63732885141843,520.6839089393616,545.4735746622558,628.0017295945877,632.0182417202793,655.2107216015197,534.0122602833204,533.7905225487023,735.2241396504064,661.3191784777599,711.064050014108,667.4015320983211,570.4093361414067,566.7216147628485,428.7519429208542,420.6659983444331,668.5257456383596,769.775475381977,861.4793434884584,826.970557479429,780.0291584578804,865.7903288807298,644.4885289370102,814.4704466572514,741.2751872503935,773.5200607659589,746.3620733282539,690.7678537451674,717.4893955303605,686.6207990277538,607.3325293601097,601.2667604665287,449.9188600242685,557.1215333484467,297.1629551320836,330.72142501616145,590.4857091434667,583.6493085805806,597.0249854554521,685.4434106009347,589.4488497620798,641.609589775417,499.80888142903643,432.88301973819733,515.3233080540459,554.4882913926388,336.0656041446854,388.90298728047725,301.38323439339484,322.93293480466747,227.54136997370242,354.2158579785439,11.421425367817628,58.72566015634618,560.4417002360026,563.280285334183,584.5298795197159,579.3489148584426,525.5242159894404,540.1625830316893,24.979866047410678,0.4825865637580002,8.164254154804885,10.668175126563957,60.00912309659952,69.68421710957523,93.35870552808046,257.82853412628174,572.0896661931819,628.6374755859375,645.3924439705459,589.6968528650984,460.0366632424149,201.33292474297056,268.1625919558785,517.5128584236934
670.5579789667231,724.2132579148417,717.7955056642948,750.2213777146966,400.5999701394591,405.82385987469127,721.5196224905341,729.3622289519615,568.0836751850284,561.327223824673,685.6297549115933,675.7878630925738,709.5227077477588,626.0743970755141,542.4273718642951,466.36756857216506,636.3177349940296,691.9374512453808,692.473156399197,671.1416068115234,222.27403369877072,223.9054100672404,737.7240009335385,769.5719219994924,507.45012240384887,543.4724336561266,397.22041835047264,358.1326131489542,662.5049978472152,677.1141720995491,721.1426899827371,714.6872439575195,697.4968734353275,668.8104983859592,545.8371231079102,572.2800116481551,519.828653209535,561.4217672701235,390.6353418656758,453.05980840961587,457.8013683381628,524.6241655349731,545.5664283069117,629.589639817369,632.0487509437922,655.4429050133242,533.2203698434121,534.7895957239858,733.923778312437,661.8986402522784,710.4020932589106,668.1912193989131,568.1860040912713,568.2454453636618,430.0362928076705,422.61090133779373,668.8547087185746,770.7559800655754,858.2692479572337,825.1053025923795,778.5117288871434,866.0796483110842,644.5631005523402,812.1866905149609,738.8168182373047,771.6452930386369,745.288231016009,690.5533399661492,716.1994755252911,686.4605798879381,607.3120467727249,600.4918398622607,450.76816719825115,559.6485130673364,294.6059404456097,332.1048313194597,591.2470484248927,583.9967049879651,599.4398193359375,686.6228713989258,591.2468045114101,641.7814349219285,508.8066047795614,434.39644919276236,515.5197231023848,555.4202983150682,338.04569797796364,391.1185504107699,302.2275824627529,323.6753162311854,224.039627520124,352.10624079604946,11.60113324256532,58.635352450385,574.7654490152995,574.7452051195048,583.9188920427114,580.1241134367377,525.5652100463557,541.9827489876222,25.013563581938413,0.44401247482574374,8.097583252560215,10.425201404617733,60.29529314164748,70.03253133726176,99.10504667916231,260.39437235102935,546.5697021484375,622.9712546608665,647.0411927908059,589.04114580758,460.51856461693257,200.51552873797584,268.46591815081507,520.193148908944
670.6365721431223,723.7245418086196,718.7114728730301,750.3751458057844,402.5641886511514,406.3819078606154,721.9748025749448,729.8012072494182,568.9339502660596,563.2695502765844,686.7364423798351,678.0169565715487,710.8981722116879,627.9522023143073,543.4357091324839,468.23305462430193,632.3997723186186,688.5711088465694,691.801012645736,670.8614829101563,226.00599870416852,223.5905968348185,739.8227119941216,771.314766838437,510.261898929536,543.7758842300583,398.05010056890836,358.64173448085785,661.0236999403755,677.1815661395037,723.1063795515246,715.5630071512858,697.8993691913153,669.9858539496528,548.8150805266007,572.0617466202701,515.2635856998124,558.84642290186,387.943285793066,454.3029082366143,455.8450812668097,521.7352991104126,544.4119723912861,626.812763304507,632.0629962040189,654.6348733176962,532.2491803878595,532.278833355937,734.6350827124811,662.4599787524718,708.8945481019284,667.2130720687344,566.3737916818114,567.378779037326,428.5311229478826,420.07118240628034,668.9029650317356,771.586326389401,859.9269653056662,827.2537291278088,779.7794536026664,869.2626263269715,643.6452339942302,811.7101755573916,741.3949755768277,774.1556656243573,745.666027583433,689.2279296571256,715.8595454708027,686.9835316357692,610.7236823004645,602.5844021781546,450.22942530780756,558.057302433691,298.0204692232436,332.5867148385921,592.7077619208665,585.6171430532369,591.778722235497,681.8258492606027,586.6497922290787,639.7423834957141,497.74292664845785,432.0037162150939,513.6410147343438,554.1284787641291,334.4400201425833,389.2748198926664,301.5952240104477,323.58275742937184,227.24762952932218,352.85560415372873,12.134304854639023,58.15388865578804,560.5944366455078,560.6487323308395,585.8400264820084,578.472010133493,525.6535792071704,541.3346874078503,24.880326629052625,0.41236984597225845,8.001656831322457,10.360389434205302,60.0466714112951,68.84619836997922,97.39357905833296,260.0515533615561,563.6051025390625,628.7243341619318,647.7790758785785,591.3940464454361,459.1174578573189,200.97870974216545,264.34769198388767,521.7224036907328
669.5551679626969,722.7902912756409,717.4508299674488,749.2237646665232,401.7695338138314,404.97546898573637,719.8249959726163,727.854333703873,567.6125113732961,560.5061391611569,684.9514863549209,676.20839924888,708.1300491673255,625.1733754810534,543.7073535017706,468.04979241441555,635.5922737302374,690.8349792632549,690.9575879327182,670.7155930175782,221.21718588140277,224.9768938700358,739.4925566779243,770.8142980242533,509.4375208510154,543.4249418070028,398.41111797522444,357.042148815261,661.4894331086357,678.1922130066672,723.7072713456441,718.0707763671875,696.5879281900696,668.919838663737,541.980135577658,570.66577258742,519.7819158075139,562.3245895527027,390.40292724328384,452.04214371813373,462.1811278296299,526.8611915111542,545.0218176841736,628.4307371022012,630.2570269685601,654.1834138624849,529.8315032021073,532.3536458782382,731.6905269991967,660.567155310835,707.8185022862261,666.3961037879499,566.336723532912,569.0053622488882,428.8984279619864,420.18160678751144,667.0877383045142,769.229441371229,857.4066068513347,823.3134874555004,779.0666672681725,863.2172835266706,643.4434009983635,810.8247625955338,739.675590173522,770.8725171200065,743.0113293765636,687.9783573714351,715.7671482547833,683.6888904887668,606.6712081153114,599.7641398007753,449.49244598948627,558.426891772778,296.3390773828479,331.0805694150253,591.238950447958,583.034524751402,600.0827065325798,686.6252234322684,591.0051976346422,641.3015437290813,507.9146406173706,435.9402003510793,516.5137375347415,555.8376097421021,337.5737294365378,391.31018709792124,301.66752184787765,323.16954246237964,221.85003151470622,351.2177908314268,10.838045843060913,58.091438636409194,568.9837412516276,575.9510849774894,582.8688370594755,577.4927929148954,522.6008435314848,539.7531115338388,24.617907083201175,0.3943408827034377,8.070084859240731,10.533362268529475,59.92978218080469,69.73031355460645,98.22740477737453,256.37967782862046,546.3961320356889,623.0311745383523,642.6369616617293,586.2710351098942,459.0958449793797,201.35978715749164,266.9696732434359,517.8690238163389
671.3710937860302,723.885130145333,717.7429582865711,750.350377838925,400.03084691291633,407.1179479701178,721.7263971899476,730.5515409429023,567.4979622145088,562.06263717667,686.6761750632186,676.1601059323266,708.4367164363174,625.9490813475388,542.8808482751917,465.60883191679017,631.3588115095528,687.0019587519953,692.6461455246498,671.5686853027344,225.81781561010413,224.6857012430827,738.4062339210235,771.1743314531114,510.04123518978736,543.6133529537327,398.2747343706163,357.36891747845544,661.5828641675553,675.5607216917439,721.709639021105,716.5175422159831,698.1890121072025,670.4206604682074,549.9763412475586,572.4666402426111,518.4456484622367,559.958565182156,388.05332731774877,454.3238295365809,460.9504864802126,523.8782739639282,543.9366111603994,628.0962768120788,630.1334719538356,655.8862700211374,534.4026175254633,534.9061862705471,731.9583733343309,662.0680688091737,708.1880566328189,664.0679798951331,566.5778001862257,567.6150685759152,428.5143871984939,420.85466507843006,667.8766280944088,770.7445713229201,860.3796236437804,826.2821732569367,780.136287894871,865.1606108532754,642.742701352554,811.373203646499,737.1532312649399,769.2870120407691,745.881055754758,689.7549736987235,717.9118021582342,687.7273422999936,608.3454505989143,601.7359980598825,449.8052133332699,559.5445501814673,297.7645798835201,330.16995948469133,594.3833480584817,584.2705323785173,589.1573077262716,683.3480693272182,588.6231126164112,643.3283015100995,502.60284645080566,433.6142261771361,514.8698522382896,554.9763238799085,336.2607575907427,389.91203408809344,302.46365693521994,322.983126179041,224.91538956349973,351.53390012443066,11.589586866932223,58.15402989160697,565.771098836263,565.8932852017678,586.5682921893895,577.8710724498352,522.6578948625172,539.8687265391454,25.067868658182164,0.4111906082011518,8.108359546489815,10.442727654385713,59.93605947848608,69.37281476857481,103.10074511615352,263.4458041752086,533.4785073020241,625.3961969549006,647.5157384680422,588.1211650220654,459.5773677451938,202.24581892945264,267.7343766039068,521.2554636988147
670.6924322819625,723.5198929719251,719.2350608018293,751.7541114951509,400.5408547201822,406.4524312551533,723.3642618971204,730.5985232608876,567.4286949926493,562.5489356517792,687.6533249025423,676.9680359976633,710.4628930852507,627.9974624541125,544.1598015851642,468.8880406325272,636.9031273719824,690.0124381436066,694.1716078250345,672.6243660888672,225.1510814362102,225.14161281585694,740.561911953132,773.0081278785826,510.77613499027274,544.694396176181,398.1852972546994,356.7578288051817,663.7206998321245,680.3416894983362,726.0759158397284,717.9797628275553,699.0515114089189,669.6348819308811,545.7697963548743,573.6190347326807,520.1193838245543,563.8049841986763,389.992075247424,456.272105370568,462.37516984783235,524.7402496337891,547.1203008043387,630.3328244900816,635.1473114576844,658.7984430636578,535.1305045864799,535.8120212888384,735.361510147587,664.7857204370223,711.0012473888225,668.7916825292576,566.3278391542991,569.1693727829877,430.94412909350217,422.0422988718348,668.8902950892705,772.1803295993143,861.0065494809244,826.2281770402003,781.6030999490489,867.1716209090644,645.0874940831362,813.8479380901949,742.1406115631559,774.3366626300862,746.4409259367525,690.8569083316602,718.3052323456783,686.2809510626187,610.2777553592716,602.5338666947162,451.59923521969296,559.5783707259537,295.97582167473394,332.48980884820645,593.3843881575788,584.5025636031914,598.0268230032414,688.1537824358259,591.3582156243452,643.3613780287419,504.2859803835551,436.21448153237503,516.5393105857698,557.4949591786999,338.6161516813671,391.23593589975513,301.97007551851374,323.42350858911715,220.98526917303104,351.35005455616863,10.753741772666991,57.87054405733943,567.2860412597656,571.9436769647114,586.1052840650082,580.0758695300348,524.3065802304799,541.7504988113068,24.803279373647744,0.389565265395989,7.875532484783142,10.310114505218683,59.19878851775559,68.66690606748064,92.67492714648445,253.9479087941787,570.2808726917614,630.0898481889204,645.8626393567796,588.5195374307754,462.3907597953198,201.9351279891766,266.37429280714554,510.4338694605334
672.6736687274018,724.6021473961647,720.8829204727155,752.581898947636,400.98101690869,406.9412856386708,724.794896820927,732.5979056370512,568.6408855039247,562.4069633483887,686.9896080203173,676.8674427093022,710.7412608753551,627.6794267916969,544.4083854357401,469.2412674858907,634.2016060634812,689.8144734278073,694.067701083947,672.8365618896485,222.8173008147213,224.4497334162394,741.5625309689565,773.5963519565643,512.8281725339241,544.008495582329,398.0664060813946,357.6826128297382,662.3322940862404,678.3611839011863,726.088383351724,718.4411148071289,699.6829647775423,671.7968494330512,552.6156707100246,574.3582179058029,520.4389074384378,563.08203958582,388.8535085107599,454.41889900750436,460.2825097256019,525.1625826358795,548.1005184877487,632.8593819423875,637.8384007909503,660.618819443106,537.2818202144844,538.1966876450118,737.5624495967742,665.8181292020505,712.1411373550827,668.3302946186641,570.1782516684767,571.0775140500537,431.9205206681314,423.38946887982456,668.6352061744849,772.2398281494776,863.555771500194,829.8493990871293,780.827140847911,867.2332697501074,645.0078881873268,812.0765388316088,742.9882643970091,772.7086600850719,749.8336504046837,692.9024649502007,720.8713613133522,688.4401917852749,608.6263052106978,602.6073471444552,451.9443783191366,558.5338510620645,296.0886519058891,329.50100471604037,590.8970366931352,582.8085061227632,597.3003137466756,683.522350856236,591.0215157402886,644.4620363623397,509.16442307154335,436.2999134461085,517.4639053168275,557.530307774983,337.4584183342317,392.45576998473075,302.23278831504285,324.6621139362117,225.17818166442052,352.5067908505102,11.483423353377644,58.19248147856002,573.8865580240886,575.6346492444054,584.0098683685064,579.4690004581779,524.7722877715987,541.0395121865868,25.319712283541634,0.3905288823466334,8.040648358669118,10.359823899996263,59.56537487347041,69.30713843777951,98.65352657892637,260.9635604970595,544.0901017622514,621.504043856534,645.3063358588506,588.7737538784365,459.9547175613104,202.17089047420183,267.1938599673185,514.5408967116783
672.6203349179895,724.354289685837,720.5768531409228,752.2261779716765,402.5031838372696,406.5091188432915,724.4544843720861,732.0466435858544,569.3133835561422,561.8980709490229,688.2687303496571,678.8312333364336,711.1137818848493,628.0987120292448,544.2661301431372,469.6085933372933,633.1234349255313,688.3344404024143,693.0790353241551,672.1734758300781,223.9697806040446,224.0887311299642,741.9865813757606,773.6427325899639,512.8889160755417,544.2507542830247,397.81094322415345,355.78322690063055,662.8065151898367,679.1751603491513,726.2607392238507,718.3170305379232,700.4644995220636,671.2937036132812,551.5057864645253,574.1294551987246,519.5304092205569,561.0209475623237,392.03807673283984,456.1729087543845,461.7760977823226,524.7786765098572,549.8022805688873,632.8331957631766,640.2745334856357,662.526442918164,538.0676565209696,538.2246338904321,737.3282175863943,665.7750664092928,712.717030284641,668.1550607355068,570.4237573050598,570.9216861444361,432.4138137451497,422.6883410488525,670.2888351390292,773.7840728483818,862.835773509213,829.7306267486057,781.9211007557744,866.6559276889443,645.936951710179,814.9353003639253,742.6491184519298,771.9538156647399,750.705594180675,694.2725551430141,719.0299381328996,689.2142750439723,611.4189427350018,604.9194183349609,450.68174992132623,559.5434687230494,296.3935113436934,330.935107593805,593.5557916359824,584.1967217536388,591.3986446299451,684.4792469569614,591.976233179085,645.8705951193584,503.90618117014566,437.3064582403501,516.8991551090442,557.765479852671,338.0118870707119,391.6036174512512,302.36192883706343,324.80325669185197,227.02622923754623,352.18027915641665,12.029071156610303,58.0216833416455,566.923026529948,569.8338136834614,587.3756265286356,580.3577011591708,525.8908209181924,541.7436784870175,25.182052951673732,0.41779307561443635,7.913200988045768,10.23220405843427,59.03052651572485,68.28845569412775,98.52489782517983,259.87023193695967,549.4964433149858,631.3299471768466,648.860491656617,590.836321094368,461.01888397628187,200.24015579552372,263.80530750390255,515.4832458496094
672.2012024286083,724.5303391543301,718.667405326925,751.3913974799958,400.16603323027147,406.0578101256064,723.1404927571615,731.6780018388464,568.6291270645297,561.3524034492305,688.536075436972,679.4194324311756,710.4599576920629,628.2627205636337,545.1544616750224,469.77386093435456,638.0181297555354,691.4576201328011,694.948936959336,673.5758602294922,223.04894147316614,224.02600739796955,740.6020349499811,772.0247936854287,513.5136813418403,545.3514264704107,398.2894437168185,358.4366530974706,664.2986851458279,680.6446425826462,725.3540313800802,717.7001988728841,700.3782147553007,671.3055042860243,545.8555693916652,574.313566276826,521.4534210339517,565.7051317426893,389.5443863826139,455.4161938585146,463.75039897981236,529.4359602928162,548.7836520011936,631.3681835879647,638.8821159126367,660.9493353548106,536.5961812350375,537.3940849704343,735.9368099089592,664.8888219136996,711.9860605475525,669.7780978012853,569.1313309605346,570.7525976966409,431.5887975167635,422.5053427863238,670.0891987695098,774.1871172167637,862.2811693228604,831.1271931574895,782.9403208856997,867.2095462836108,647.6000830974054,816.2369746847899,742.588278471534,774.1868623110059,750.7771092447002,694.6617586960879,719.6721500469621,688.9073390223044,605.6112340635008,600.8223775019411,450.4437446244266,559.0247873413614,294.99065377055734,331.67928948200927,591.2216936955687,583.8011984924063,599.8605853141622,690.4350553240095,593.5824237691945,645.8674055268751,508.23853196461994,437.73712382396064,518.0664905258212,559.2850735201116,339.7276410215041,391.35349888577787,302.50899105829495,324.0586604441164,223.96400800368832,351.36807202234866,10.649314772755908,57.178379072399224,570.7896799723308,575.204131045584,583.5767497979105,578.1749883453231,524.9617930405012,541.618395024232,24.667841554251744,0.3486945922986639,7.9385460487895205,10.165406174911602,59.48724372255709,68.52881142174104,96.32776934084379,254.03767139771406,549.0882734818892,624.2621748490767,643.1803199716862,589.4335302039037,460.4670517210867,201.04985256192455,265.51888567028624,518.1560195396686
673.359260099697,726.0412902687535,719.6072821600117,751.6106127096838,399.5332285509553,405.50753241564547,723.8925376170126,731.2390458776596,566.4138224465506,559.9939122825373,686.308300111352,677.4576582893493,709.5541019603278,626.4449411925034,544.1306124890028,468.04371905031036,636.1054454640755,690.69073199909,695.0377159264809,673.5855712890625,222.28530629475912,223.1532061258952,739.6973879815524,772.2791484651111,511.7004475119226,544.3389340495015,397.40261107386806,357.59797761175366,662.3228785676777,678.9168830023872,722.9302181934747,717.2281986490885,697.8058720604848,669.4210209147135,546.0284045675527,572.3299387736492,521.3148866897112,563.0119455832022,386.4570204530443,455.3896994858645,460.04003956278814,528.1173980236053,549.0093228012796,632.6808051520615,636.4814566025162,658.9211228465476,538.6801103560392,538.8625690553572,734.2576400264617,664.6621282946679,711.6602471289027,667.7870946074396,570.2894009645744,572.5763347850126,432.0962376027082,423.80880672295626,671.3612506778713,774.7124299870597,862.3633801190437,830.0043108512492,781.1397170091712,864.0634497978926,646.5646203650612,813.3167266610228,739.1978374879751,768.4613950887084,747.9505584373903,692.202188470599,722.42320193151,689.4005585559823,610.7073803807164,603.2181167289859,450.69440624692027,558.3247018789316,295.23031350840694,330.72067110303425,593.673701802238,582.357362992536,599.4647502493351,686.2309810093471,594.1391899430432,646.1142699362823,509.8226420847575,436.46436333854996,518.368841968654,559.5248009646833,336.9201972516144,391.36243801512876,302.77954271575436,325.82481040829555,226.80899201740522,351.26853100041546,11.479168734047562,57.509553675065696,569.2296498616537,571.7853165965969,582.8998027765192,578.5968493293313,524.0104658597602,540.0186871106583,25.000862707261387,0.39088013881118966,7.977700484222785,10.332950478952261,59.65798379183566,68.97832353535279,98.52131250273023,257.73218436802136,540.1102128462358,625.0991344105114,646.9508142663328,586.5096866269655,459.6910884894577,201.7448273564509,265.02423679467404,515.120545485924
673.2658643125784,726.1472136083275,718.7917790906183,751.7168370585042,399.8940937469172,405.6363018325397,723.7832070535203,731.6077841381317,564.9448561011528,560.377109848085,687.0505301002564,677.8842467414008,709.4133526391475,629.0921474371844,542.4529123169866,468.41330515066386,635.9712161385053,691.1624909968075,693.1552684096998,672.3680924072265,223.49376927481757,224.4602289835612,739.6012505755624,772.7049684070405,512.8875075734722,545.8886452140389,397.05756675340854,356.2137623363071,662.7945704370175,680.5642390498408,723.2280476888021,716.6360592651367,701.0782709929903,671.9715201822917,550.8163139011549,571.6168120970209,518.7445863564109,561.9331632543493,390.2581424202238,458.3295536398441,461.0934000484279,524.1297192573547,553.0934563451816,636.2459750785647,642.5981703601508,665.200453005339,542.5130657834455,541.5950328986961,739.5101679648122,670.7592220166562,713.5985220905436,672.3424369689204,571.1629719755575,574.8972337947172,432.68812164743673,425.54633499050294,673.5170979327467,776.6096124030926,866.2633685447743,833.077005611799,783.1504590905231,869.5126301787046,647.165347131385,816.5925910227584,740.3429262531338,773.6501885396874,752.2623272670788,696.196084046397,721.4087187165667,689.5109893630223,607.7319734590548,600.9155929753038,451.06504419309283,558.8526365602171,296.38424328790194,330.0005675839706,592.1862627873655,583.6239079518931,597.6020111733294,687.5522003173828,592.5311674213044,646.9587999858909,503.64708280563354,436.67218120733895,518.0549202461075,561.4535303016221,337.7699788780773,392.0444519228238,302.12362075907487,325.434256465202,226.37941191300547,351.24466120913627,11.68728000350745,57.23076590538396,562.6198333740234,562.590748415155,585.462613735348,579.5867193575898,525.8201284044571,541.2101839993577,24.864302201870533,0.33840066857023715,7.846877608689272,10.174480594371563,59.14276137627701,67.75967370724726,95.44929098710418,256.29837522787204,558.4748202237216,628.8366222034801,648.367816080183,591.056331393085,459.55194391923794,199.49933558323403,263.0973000237436,522.1612180512527
672.8126267542383,725.3123846583896,718.8686045080813,752.3290716452427,401.8787534514139,406.9573880194553,723.7326811833557,732.0960231050532,568.6592345517508,562.7780312319271,688.2944530704157,679.713320638263,710.915677000278,628.157053588373,545.0597331125048,471.2746071413196,638.4471327072072,693.4936197477322,692.1637604227468,673.2409030761719,222.8761555055777,224.32421417236327,739.8377804391484,772.8387785109263,514.3721844438483,546.703988316295,400.5129464080979,358.37124099996356,663.4048893406706,681.3751711621696,725.8116293679385,718.0063573710123,698.5352931911663,670.6513036431206,544.9250401372495,572.3107432170086,521.6463623046875,564.7046604156494,390.49100332813606,458.0080179935984,465.60777032570763,527.5078468322754,553.5480107419074,637.1830130482172,644.1681638627331,667.306969871298,541.2469231156279,541.6753387384481,739.0799468501922,669.5125402117754,715.4696868150237,672.826690397512,571.0046484224465,573.8780993573806,434.1952080375136,426.16537575323724,672.100024721578,775.5543962154123,863.8314615006581,830.8368016398647,784.3412645422894,868.867953451706,648.2491459744422,818.2449816009145,744.3391407069876,775.9811590574201,751.407324973117,696.5238291882341,720.750680230985,687.8125011802379,608.6990259531382,601.3548744701949,451.4315653809714,559.1104249500092,294.24488941137344,331.6301475847271,590.6635493294137,581.7577612152733,597.5321979928524,689.0245688302176,596.2705312560802,647.9055745720204,508.70854455312093,439.7029803212484,521.0658953809528,563.7614529049068,340.92389876702254,392.54008161117883,302.9549143606176,326.36640248317116,221.99544084090454,350.1712433395535,10.105797052292878,57.023072548341794,568.1557230631511,577.5993864415055,582.0659465752542,577.2996504770684,523.9990305039112,540.7368792601494,24.736147094922337,0.30663996938685023,7.837003756032241,10.120757230987614,59.086275744273976,67.94028724854942,94.72656176653173,249.99418429767385,550.3274591619319,623.879872824929,642.9934143476038,585.5720377089102,459.1400607613956,200.693165815599,263.6319788441514,512.3540428424703
672.1561759219119,726.6261609154518,720.4490465760656,753.0277645103484,402.85118481319313,407.1102818633829,724.3067465129309,732.0272305622507,569.758540686296,562.7081169222222,686.1559688288991,678.3846944294279,708.6655315314108,627.4791817684405,543.5120346076967,469.84047062491663,636.2958719696479,692.0345015921862,692.3394295411092,672.8332982177734,222.5995294186804,224.9282138824463,742.4092378272295,775.470521775503,515.2203998365951,548.1806719014933,398.75188829622215,358.91445643372003,664.0997154847631,678.6491609173056,723.8530007510047,718.4562305196126,698.7678665549068,672.093193766276,555.4521127452022,573.5919115916793,521.5279984663237,563.0757418738472,387.8422547812973,457.23052472746775,465.98908921538805,526.6288056373596,550.7845628791385,635.0751079541247,644.5705661468187,667.8017026499698,543.1874622746933,541.5430804832832,739.2363589379095,669.0402606589354,713.7689292967857,671.7672154677946,570.4776925057039,575.1907133962594,434.42789895962227,427.07428033457256,671.7857943113897,775.342475467258,862.3435046729464,832.9111964528154,782.3686161472486,869.9455637762076,648.1229537357249,816.7840244544386,746.3736585930212,777.5258936524699,753.6680257647225,699.333317556368,721.5467014191257,689.6967362040314,606.7841893445265,600.507984255181,450.59800398240395,558.6689196169634,297.8349588366522,331.48618692747306,592.6408084806849,585.0187584334884,598.8150349069149,686.1766520908901,595.0523637501216,649.9401504782682,509.1558005078634,437.6660087633133,521.5848546813763,564.8686207151368,341.11994184606215,394.399034092734,303.3971128510311,326.8453890917483,228.3839874034289,353.4763309731086,11.402938675086867,58.2652437967104,568.1811513264973,569.2164482504635,585.970261903014,580.1598355047304,527.2812537370444,542.8901630392285,25.577858912403155,0.37286240424426204,8.004652116958475,10.325041569096669,59.77743277974759,69.2926687250735,103.22696038045817,260.23924035184524,539.2415910200639,623.2961181640625,648.1290377418467,589.477912419959,461.5368722373364,201.97610976509424,266.4963202043013,521.898238609577
672.905240397808,726.1244783834977,721.5130620768181,754.4420690840459,404.1130155164142,409.1596699271883,726.5213303301747,734.345074800532,571.1470779253513,566.505937771719,688.0562034544906,679.3382337055509,712.5643570181845,630.2101871088931,546.9261932082437,471.74476552808255,636.6028895084327,693.8690131558136,694.2933050864501,673.9101962890625,225.83947361840143,223.84620087941488,743.8284216931715,776.3801372164771,517.0600877232577,548.1833457737179,399.77791793570333,359.551037006908,664.8700799402201,682.6909176296658,729.371463445228,720.733484802246,702.957421512927,674.9937875705295,554.5470059602156,576.4002167115729,520.0747280036826,563.1326332092285,389.8486292447363,457.66951213079443,462.1113088639056,526.1037812232971,549.6946637490912,633.7458441133183,643.8844123378105,667.9000643233807,539.366580998602,537.7292490272255,737.9168544154013,667.9859132067548,712.9332252414837,670.1801171331579,570.6710369982527,572.9661730784995,433.23639383366856,424.3005279844014,672.4333890850155,776.4668630538164,864.2714755426988,833.1431729028641,785.5255993121604,872.5388907028248,648.0632816979645,817.8603692545322,748.1775997788159,778.0738603449607,754.7161269241504,699.351573152237,721.2368092142093,692.2916006857519,610.2659627209913,601.6640268232002,446.118859702294,558.4212836723823,296.53043995732844,331.75289422693385,595.3151529030722,587.6002154211781,599.0637642069066,690.5601479666574,596.0118811304085,648.0912977061878,505.4433338165283,438.35255751927696,520.8375012929218,563.7611039995808,340.4501003688311,392.5765634448089,303.6417790520936,326.3077813928261,228.97132482931195,352.09652448723716,11.590131297554763,57.35613277441704,571.3059763590495,574.792045981197,589.4356861913111,582.8085004366361,527.6315578528639,542.9625212056129,25.474320939411164,0.3454399582343521,7.882080674945283,10.11119521820344,58.76162020910986,68.03686331342205,94.73524026821057,255.03701310999253,572.6883156516335,634.0928688742898,649.9706572462248,591.5125915913642,462.56423180711033,201.32864043717845,263.5536993778113,508.07351579337285
668.7781828212626,724.7318269893376,720.9985339134116,753.455382225523,401.70478546342184,406.5300079137087,723.9272409684619,731.7721115566821,569.733927303431,564.5285514495412,684.1637772971053,675.4476369827513,708.5940650691299,627.7447095477147,547.1084843438063,472.58773360063066,636.0112462337548,690.0303639003208,692.3894704182943,672.652844116211,221.54001317421594,226.9687161763509,745.3973724453308,776.5620316702222,515.9007058268443,547.7403644310249,401.3083120525213,359.8468467791875,663.3654812326971,678.9964467743297,727.363403640707,720.243646443685,700.6986398211981,672.4671483696832,553.801767034116,575.3658796563205,523.52302705874,566.4848110764115,390.46392640897204,455.6784199632509,461.73947468741994,530.042610168457,547.2829531982895,632.3037156380748,639.6500938224261,663.5076968321326,536.8231638088699,537.9990029635129,735.99332388601,668.232001898925,712.4337452884806,671.6750249344578,567.9798038636623,573.169862055311,432.7457270064585,424.5763304190628,667.7456347830063,773.0493306517601,860.6401932718429,832.0687771738135,779.7208948284647,869.2186536572898,646.2731384837299,815.2150435428069,747.8051448081857,775.4917354990346,752.0201775154371,696.3398784695812,718.6986528141483,687.8240191212017,607.5323504198778,603.5993340914366,446.91750916647254,557.1192825119217,294.23355854421425,329.77254776215887,592.3353414066503,583.5204613396736,597.7952608149102,685.7126214163644,591.969969592332,644.3778289526865,510.8242903137207,437.28961986104645,519.1622101876179,562.8201378695985,338.79547851786896,392.0872723780814,302.94606623612344,326.5937075373385,229.44754619925823,354.6334588265419,11.537436630743523,57.73192402967805,575.1767466227213,577.8552101264565,584.4554447662085,579.1142704476059,526.9050683950953,541.6646589731529,25.411068031797186,0.34156565189154614,7.893759500622433,10.311338002192288,59.83901621779412,68.66973231593647,99.12655218395714,257.1790396886713,539.977519642223,623.9223455255682,644.2918467681679,588.5467241504524,460.47751544503603,201.27927769537558,265.562831474073,520.6593596359779
672.8043207846397,725.1242821144335,721.1053639977781,752.3338578630728,401.80825129220653,406.3422331166054,724.6851569628574,731.5089126911569,567.8240652376292,560.703902416542,684.4222253939,676.0270634726872,708.7324459540496,626.9325166231225,543.1172770837053,468.7138794645778,631.13094412998,687.21151928569,690.9374312477551,673.398401977539,226.42687309119435,223.41719589233398,741.9484141626399,775.3831408061678,515.4581120975355,546.214570747627,398.5661225714078,358.67850161923303,660.6419088255684,676.8109978569878,725.8253545085277,719.4466017150879,697.928791369422,670.253095703125,553.2238913494608,575.1684923286898,519.5700242634912,564.4919045059769,387.6085517619337,454.40051648143526,458.9506410692559,524.6634240150452,542.104106865232,629.3582343512802,633.9235220128115,659.4074614563881,537.0006575939084,536.4303693704671,733.2728527438256,664.5367315074216,709.8363514965258,666.2872818806761,567.5779225302384,566.213812566271,429.9148457426558,422.5205930196322,670.4034067511167,773.2842475065479,860.8718761336984,830.5377868308806,779.487098547894,863.3884147471209,643.9001070075079,812.4399393340688,744.4104470779647,770.6105540876857,750.7909889864118,694.7258535167604,722.1686169083711,689.9777346447687,611.1192707371067,601.6327447734895,447.56984854181974,557.1248925939783,296.7751342110012,328.5682100107972,592.5567742019404,580.6352870830361,591.5868815969914,680.7803431919643,590.5638418380328,643.8344703629531,506.21699818929034,434.46723765214284,518.1337764513125,557.9620124662024,335.4755807568045,391.4923014107164,302.7201774927477,324.66624505130557,228.98945945906112,349.57768757462503,11.53714124278243,56.52184557673752,569.8152618408203,571.0175838147179,586.260630145669,579.2217313326322,522.3150576234774,538.1733134766371,25.07158376562017,0.27645104159083633,7.807025802330496,9.98494085442466,59.088024112380495,68.09133350515928,97.28854472438495,258.3603394101648,536.0506425337358,625.2948319868608,648.6018131947358,588.2686014296133,457.8386671677524,201.02515619333116,263.38142162380797,511.15721709152746
670.6052334728038,724.6577596808925,720.376670465458,752.0827637402659,401.1532787034678,407.0418762500797,723.1841994966082,730.3218217565658,568.0016424850542,561.001848265773,685.8260615279034,677.452575701759,709.0122942392862,627.6999522452412,542.0479845718958,469.777393965804,635.0439428537378,690.2264082138721,691.9976331922743,671.7999317626953,222.7980109916793,224.69341049194335,740.6207281831023,774.9551354362851,512.7634266758464,546.2726643740476,398.0744150488416,360.06420279211466,661.634818994774,679.4122917269483,724.7826156015471,718.295108235677,698.0263726185945,669.3701802571615,545.9145924443784,570.3421869852457,519.2316094621162,564.6666662428114,390.4969078728131,458.64952536022173,460.7868827444608,522.0642385482788,546.3348789579338,630.0950608095286,633.8237810533359,660.6082908005742,537.17880251782,536.6250906524125,734.8278716548797,666.6093309673746,710.4853475538766,670.2972784215056,568.3363384708696,570.9173195876327,430.57584832870725,422.63559993628394,670.7480752867649,775.4837943006445,862.3355900082681,829.8778497864113,780.9139171832541,866.5125932909524,647.3940193572905,816.4041721202709,741.7148979528627,774.3609122811054,749.7377690304531,693.6422119591598,718.1305883128173,687.6879827172717,608.4775198171805,602.4745072224101,447.7822398614446,556.8149225144159,295.7250074303669,331.49758244903995,591.0894441448274,580.8521362557946,596.9819180103059,687.0237317766462,592.8013039366039,646.2747398181845,503.7481721496582,437.6586450608571,517.6604536814837,561.5524054257392,338.0731799167745,392.09837985899475,301.8469395330564,325.44867955345364,227.64049074649242,351.1324971704682,11.954244749461024,57.24870317506508,564.3869160970052,570.2030727580442,585.1149194370955,580.3437332912807,522.8905087439462,539.1493060944424,24.933861354065716,0.31097581507638095,7.8963640420575985,10.145405937507583,58.924222098236406,67.838497139158,95.15070987347927,249.50746938761543,561.0706010298295,628.6459117542614,648.7295462589136,589.8024444580078,460.43547439575195,199.72300843397775,262.6814161936442,516.6953524885506
670.4503749950999,725.3480274364201,719.2365031837709,751.3023430835678,402.4271322294723,407.6738140721406,722.7515803318398,730.167945582613,566.6343228622359,560.8785865033259,685.2529593366918,676.9334758153037,708.9929913738375,628.52052866206,544.8347807274529,471.50303446862006,639.4332279729617,696.9458897993018,690.3499099906834,672.5253619384765,222.73803214232126,224.81898409525553,740.3177206526587,773.5825175633506,513.0704034835256,548.0926592690604,400.3309022682148,361.0724674330817,664.0064046787766,682.9178949049962,725.4271239032895,718.2182473754883,698.320979748742,671.3844989013672,541.8214975108272,571.9787152761436,522.9494475646165,565.5394234127468,389.7607879330005,455.6715437928389,463.8017433041432,528.4398770332336,546.9672633844708,632.419473006262,634.5466911294666,662.0121393315276,536.1096358141623,538.1255207928745,734.2718172134892,664.92090624868,711.5710723341815,668.6842357167296,568.059870253764,571.4603729622037,432.0601435730343,424.87890665191674,672.5716883313617,775.4425413144959,861.0664902227744,828.957914456194,778.9492172639266,862.2898914621101,648.625732421875,817.0676616857081,744.1423786220266,772.5023316422174,748.9372610327903,693.9185915629953,720.1708035803144,688.9349852503992,605.3416677938925,599.4873713508981,446.6861795197933,555.2624678178267,295.0456005594005,329.7882314332774,587.7808507700436,580.0254253213336,602.643171594498,692.392703465053,597.4733366984517,649.5061352898402,511.8640934117635,439.84078574856125,520.627477298014,562.9581248416067,339.09313675542086,393.34214764994834,301.8227812498808,324.6418037158798,222.56846031537106,348.3222037591537,10.596040831460549,57.00970433726982,571.0704274495442,576.539759231826,582.4490030193701,578.501752137059,521.660361059446,539.3251589935975,24.920633353905654,0.293485798769527,7.893542947176729,10.120209136563686,58.756122604347944,67.87804846966424,97.23844986988439,254.08426793883828,544.0146428888494,624.8209284002131,642.7015999403576,586.2444094887263,456.9855108027365,201.33713776382962,263.13505097591514,509.1190732758621
669.7247403087413,725.9849223560757,719.3606303302344,752.0228648204727,401.24146676396214,406.2927099189588,722.8906167787258,731.0836163979388,566.8966263362339,558.9744692317774,683.7012637999,677.0795256538996,705.236129368149,626.6767859748501,541.0234808613412,469.1056693339762,634.5076950579457,692.6517227020771,692.7178756889256,673.4712935791016,222.60158707035913,223.50008494059244,739.6128957453916,773.6702052827866,511.39000338409585,545.030151115669,398.6268772525682,358.17648663123447,662.9682396582838,680.2568251621576,724.9313960438325,718.3287424214681,701.657896656101,674.4832987467448,551.3004185552182,575.8188781738281,520.0887709294121,561.2825398621736,388.7654738511358,454.9516867162583,461.8975434850474,524.6171770095825,542.0682286061938,628.8364547078644,631.3546452243348,658.0572032370762,534.903744752742,535.3891912807118,733.1346691500756,664.773994689201,710.5165963596359,667.0225179315333,567.8839049403443,570.090625407649,431.92778402577494,423.4395406632494,669.8789740705542,774.749697095818,861.2202104935121,830.4198468979483,779.5391325577446,864.1287488227523,647.6923488418626,818.9241751015431,739.53420815539,771.4073321788502,750.9357965062173,695.8162233779759,719.4784092022355,689.1692971919781,606.7014357077109,601.0761570539631,447.99064170767406,558.3222026742382,297.8726615352907,331.6280992534799,594.474805487961,586.4059510290375,596.659239424036,687.1227798461914,594.4249716572377,647.7878707765874,507.9585120042165,436.3810688050588,516.8546245644271,559.2854625103254,338.11465621836044,392.18442977292443,302.6667795687293,325.41369918518046,226.4739248200489,350.6254755001267,11.518695309913406,56.938419739757215,568.8102874755859,570.2371443409031,584.684355138801,579.5180987189798,523.6385262661611,540.4440134323605,25.307639619801193,0.3299796341607968,7.904358317011842,10.100620590991458,59.846654951910075,68.61350273166693,101.68369743372831,256.159634884666,529.8787342418324,624.2163307883523,647.9966787043834,588.4702679597879,458.5356299035689,199.63193009349337,264.7978334137888,522.8681419635641
670.8563177295671,723.8773313387476,717.8872905191429,751.5676476337995,399.3451007931732,405.5751318889005,722.6422553359192,730.8652019094914,566.9461294059851,561.8108623926756,687.2448433356557,677.4875279502263,710.1958343348822,626.8470300836601,543.4332106860716,468.32073383547237,635.1890342676244,691.5348564477458,692.4469151405539,671.720916015625,224.20896559291415,223.90566476186117,738.7292125366123,771.5372605702233,509.60034764874047,543.9513996459625,397.4014608056506,358.77652125888403,662.6251311032278,680.8628992528091,725.885385187905,717.2500499471029,699.8351700346349,670.877809109158,544.8421723075535,573.7107308629047,517.1495614072825,561.5237733346445,387.8102583140135,453.705767242203,456.37878568055197,523.2796502113342,540.7635810308986,626.7568893071035,629.9786771944306,656.6122891331277,533.181129203355,533.0244123418848,733.9387446741904,664.3686633739304,710.001689639024,668.3616050532166,565.8238245874243,566.7353673635745,429.33320705166506,420.1595229074334,668.8099646677977,773.5884074303839,860.9349738300233,829.6081866180248,782.0739923361074,867.9363896638445,645.2782152275062,817.0115010532332,740.0758869683565,773.7332952053356,748.5457725353456,692.1322462270257,716.9930558903202,687.1266774551644,607.9233783172058,600.7762186644508,449.4177619864088,558.6182754318436,297.20439955117047,330.8562931544344,593.8121700599545,585.0890795442573,596.2869860060672,687.7324632917132,591.0370139929527,643.8420203384115,503.5530339177449,435.52319698174796,516.2141810211316,557.8744642494524,336.9962253149818,389.55833873228045,301.6595879442369,324.53436101264407,224.65141641071574,347.7158449568351,10.974757061426148,56.565120453228594,565.0864491780599,567.8413272146452,586.4312987264711,580.8442368658419,524.2087396713916,539.0813892709597,25.06876058973323,0.2875293530109856,7.915241362011123,9.977265373878566,58.70376299482757,67.15291187604664,90.77997509121067,251.69708857115577,561.4772394353694,629.1250610351562,646.5280354134989,588.2402013464819,459.1467655242658,199.20226519430676,261.8311311259414,510.516297439049
670.9779142449569,723.8992250760397,719.1560560174278,751.670888437218,399.1808272694432,405.8143149316311,723.9012884349775,731.7112465196975,566.3530705607667,561.800898794268,686.4810735811063,674.9414028712681,709.6622204003571,626.8936940011708,542.3656038665653,469.27394265039976,635.9738295134775,690.2961712453848,692.945339100571,672.24863671875,220.02077492078146,223.86286214192708,737.6747094494268,771.500273356362,507.9603767095436,543.0491182096712,396.6674967391715,358.6606233384874,661.8153948873844,678.3742482880016,722.9833360807163,716.8639407348633,698.0820269180557,669.6458524576823,542.9692362246305,569.003605118717,521.3025618229668,564.2900060724329,387.46013050739253,450.63914196857354,462.04664586802,527.6345820426941,540.7199358999256,626.9196249433038,626.8936450992786,654.0159369351571,531.1088904467496,533.4886789788733,728.9162732032038,662.134723939504,707.3263547613814,665.7671369249432,565.6257730663625,567.8490526348937,428.3603979771556,420.2655292571859,667.4394194319893,771.9102828745489,859.8349281129775,828.866522640493,781.0003857421875,864.7068940196608,644.7610444701775,813.1218749387765,740.5683876151469,771.4122178030876,746.3485016212035,689.7256110208589,717.4039018958997,686.3574673984591,607.0135307312012,600.898500630113,449.70312405507497,556.8234587169829,294.96078325354534,329.72141470036036,592.0000621608046,581.1520908719771,598.8754116626496,686.135368347168,593.0703675134886,644.8310949713485,510.6020251750946,436.96987456912797,517.0552400009223,558.840094699932,337.1647412321147,391.4381140592081,301.1243580843632,324.5126919607156,222.8223308594439,347.3712461516758,11.081049361774975,56.277076128517955,571.143857828776,575.5865359548795,581.7033298499882,578.2149705153245,522.1170297967266,538.7733714749586,24.560351424476767,0.259241679917883,7.770884507822051,9.93834024770601,58.48008155313175,67.52664320940973,93.57937922245927,250.24149894714355,545.6961004083806,621.2502630060369,642.9885856065174,585.0955845313736,456.61238337965574,199.91766828896576,259.8816132545471,508.8823820969154
672.1796082335633,726.8234686321682,720.4676722414287,753.5430262326245,400.05300878036854,405.06705136384284,724.6282504472789,734.1205507189162,565.4395974120315,560.601517153568,686.1083481951458,678.7530852726528,708.4292036157939,629.30300875907,540.8176231574063,468.4586688040504,632.4955860879184,687.2192806611425,691.5146606562238,674.2906501464844,223.03706144624286,222.63518714904785,737.0919199911891,773.7371814213102,506.7844631384805,543.4856434078007,396.4630589774959,358.217545721266,660.6811708234391,677.8540604579596,722.8854228342612,718.2480669148763,697.7712614415055,671.8132215033637,550.1897161069123,569.9786071777344,517.1894317492514,560.5479905870226,386.900629984481,453.08341299907096,459.6431589595607,524.2913074493408,542.9488826971206,628.9410837905667,630.7206971054289,657.89829243554,535.387603712476,534.6191088669783,731.9747427171277,664.4477886692171,709.0420067331812,666.7507933534127,567.259579543041,570.1294956207275,429.07723356267275,421.6595180264862,669.7966244416587,774.6192347274887,861.3419909219763,829.9684362500961,780.5598320206352,867.1243245640233,645.2625863078173,814.9467695926933,742.4077150714932,774.2999297642276,747.6497683621525,690.7658821259819,720.2959379937239,685.5622442256022,608.8681783246565,603.3475116354521,449.9046746700182,559.1550374877402,296.22670900648916,329.4053768104231,590.1937702366563,580.2657045229837,591.4447242249834,682.3444017682757,591.3340047785149,646.4610918780058,504.734666150411,436.5098336013158,518.4526906294969,561.624110806928,334.56635429718915,390.940821960945,301.3862440455705,325.9654408506117,223.8677473389757,346.6565491001246,11.08089871726999,56.45314387322762,566.1753926595052,564.0424427097126,585.9332260098308,579.111858143526,521.9704672155793,538.1579159780936,24.776819329929392,0.27357329582726514,7.783738415833599,10.027879778267275,57.81170711919701,66.93436532672895,98.02876842021942,255.86466995056938,538.0226828835227,625.187558815696,649.6094044934983,587.4699759181542,457.316926901247,199.98924723993005,261.7150185324929,505.94330360149513
672.8075184287259,727.0764658956816,721.3118579696674,754.2170842729241,402.015808682109,405.4487070377384,725.2167601914662,733.0364158078457,567.0917562367965,561.7594530308833,689.1279205074155,680.7290486593095,712.387627263012,630.1929928590412,544.2198792678207,471.98697813568873,638.1509073989652,695.1198534791256,694.0881612492703,674.0216472167969,222.60199763915605,222.3034121831258,740.3150276222615,776.6373863522969,510.66856960975684,545.0166815873031,397.37919051871114,359.1568166414897,664.1214613104767,684.5866175898799,727.2260400967335,720.3243584187826,699.8724994336144,671.8326068793402,547.2335705301036,571.8778583572572,518.722114999914,562.9988329145643,387.74870391402925,455.5356965225734,461.7291752549468,523.0935394763947,547.7027138126275,634.1277219220925,637.8216847357312,663.2360879886917,536.1995571763063,535.448810173915,735.7680104901714,665.921442026267,712.2067398859267,669.3359308645759,570.3324682808777,567.4237272318671,430.5852223865516,420.98903720000374,672.6021509243651,777.6475643051995,865.842598637031,832.6209783214118,783.9480276091202,870.2035424192361,649.3432485597943,820.0548543154948,750.3284433848822,777.8326433166977,750.9172920398498,693.7733464022174,720.9620890040306,687.7820980851822,608.3898854985968,602.3877045678311,447.5870582860544,560.0598565964472,294.29333042752916,330.4846322502888,589.6120415359247,581.6128902197873,600.3037888547208,690.9499762398856,596.144060946059,649.9760161170643,505.53677751541136,439.351924460729,521.4503249105378,565.0004212288549,338.8750360615113,391.5025285073566,301.5841776924208,325.6206714011489,221.47832882855917,348.1369876607011,10.695978450110285,56.68388513610951,568.2671274820964,573.50176846779,584.6994769881712,580.1139461810773,522.823747688274,539.0502263094802,24.775038791317982,0.318133400708299,7.8223597475930555,10.08005356045656,58.726969905272654,68.02707271024545,92.32409170766671,251.04865899506737,571.3369251598011,627.105263449929,644.8427570522232,587.7711432734623,457.46532067130596,199.47516471820703,263.63448603947955,506.8794418861126
672.5741478785995,729.4518518977695,721.1476304806087,754.1880965327837,399.7005510485449,406.07117695254937,724.8230490656053,733.8985194169715,569.1441869346463,562.1376352388351,686.0339533487955,679.8250237661695,708.648590663694,630.6019423249279,543.7131255865097,472.39265375279314,638.6436753114817,697.6372376502154,694.7747041548806,675.8659285888672,220.0148786968655,222.03755334218343,741.2579252124693,777.0393246998863,512.0878454378138,545.2772828615629,397.9208925784622,361.3398244248496,663.877028213357,682.6218621901523,725.2308047237046,720.4543024190267,701.7023416292869,674.9567428927951,549.7338118179985,571.6479892960514,519.5630907907359,563.5357940108688,385.763196268252,452.57574059990014,457.29220330910607,528.7405178546906,548.1523970334775,634.7416019530093,637.5373268871255,662.4492245612786,537.7205331108787,538.2404794092779,735.8659931798135,666.119452462518,712.556914107373,667.6177847610873,571.5415531038703,572.6599739486096,431.5642556729156,423.9761047051113,672.2722428354219,779.7344929553844,865.5889978264629,835.6514410051127,781.6644539741848,869.0670208236546,649.4645514531967,820.1059440251731,744.0315802275245,774.504974837759,752.2133777832717,696.0217891051143,722.4021461632601,690.7424340011006,605.3096912487133,601.382776479252,450.8672733481871,558.914576741008,295.2064560599949,330.27362834231957,590.9811714047291,583.8052114906153,599.9020048100898,693.167355128697,596.5208877329626,651.6276258394863,511.13373925844826,440.0501862790187,520.5799221274086,565.4429488246031,336.776177278687,391.0359395178647,302.625013387762,327.38415434493,228.05403722515283,354.40154634450874,11.099968573410512,58.70330405562097,568.2362386067708,574.5270690917969,583.93989719823,579.7143650659069,525.8876713080564,541.9063882338097,25.90000249247226,0.40620394391180187,8.228929307770372,10.72141932103758,60.16919173304239,70.45144121747424,102.37471806340747,263.45157031451953,543.1713756214489,622.7914672851563,643.8891277953282,585.8647713962989,462.6577739715576,202.0137004656227,270.0939054489136,512.7664605502424
673.0311892170552,730.6093538939351,721.7501873964362,754.3742392072639,398.24921939345296,405.65942638260975,725.6482183874314,734.3116460272606,569.3092220948666,562.3370841213914,687.2950311676274,682.1439982762413,710.4918942067063,631.0026318631192,543.2449308909587,471.87316332029053,637.6034641356265,696.3756613493758,694.8014214760499,676.8114622802734,221.00441203514734,222.24118639628094,740.3878403453084,776.5532107731652,510.78443470300806,545.0836020039989,396.3140452263764,358.1520763105816,665.8221854083943,684.5559895833334,727.3647947536679,721.3906568908692,704.1100143173994,677.1548795572917,552.1365838755733,576.6268920898438,517.4808162739623,562.3847047311289,389.54234561749865,454.65896569298445,457.30568482445887,523.1949920654297,549.9180950212573,635.1553132115947,638.368917151746,660.6506128032305,537.5251601077308,536.4944690224174,735.4462342293032,663.9718256807747,711.46727932374,667.0636184891945,568.9993408955801,567.9115541495529,430.83277801933764,423.68435403992424,672.503187398921,781.4147975069505,865.1585777727626,836.3631712178128,781.4677621858016,867.8558725153358,649.795337362027,824.8204328591931,742.0554638762973,771.5451770765221,754.6722756117917,697.8536056444277,725.2326378306007,694.8927949515496,608.4714829384743,604.1368715567667,449.830577255389,560.5302508465655,297.1240601470505,333.1568530445368,598.4173053678919,591.5577750938068,597.9367221264129,694.6675567626953,595.5393368951205,652.0198530861028,505.7752974319458,438.89148353099824,518.6517176430656,564.2458446743594,335.3001541318262,390.55318846513217,301.62891351400566,326.6678035480899,232.38444536286826,353.28216297696036,12.014896217574089,58.73916793466964,571.2276041666667,570.9507684222723,590.162489250084,583.3787811072164,529.2967955611134,543.0032759295699,26.07024366586886,0.3614451930314923,8.114609495819849,10.510364507177812,59.9818778978989,69.08912992411824,104.21301123665438,262.61023914112764,551.7500027743253,633.0486150568182,650.0000772156171,591.0786324030237,462.32978439331055,202.27467242484553,268.8529039440733,517.6848302380793
669.9321250149885,727.2888599501716,722.7318866108317,753.621389875374,398.4778908729553,405.0607962012291,724.1691234487809,732.5565662919714,567.1139919903814,559.0038631704987,684.135196530722,678.9251068175785,707.5068153656163,629.2021218195617,543.5136812035718,472.6540359350351,638.7922236004147,696.6149610855255,693.5582450194377,675.9956556396485,220.9748786687851,223.30904324849448,740.8636983125584,776.3161692089504,509.5007242732023,545.1226336720225,395.3100989747443,357.4488745133082,666.6380469844026,687.4880711684992,732.3803888355966,724.1786899820963,705.7861227261818,678.4549835883247,549.257399053159,578.2804591167404,520.4954976489365,563.6762773019296,387.58052209445407,452.10217953799815,458.22885932297004,527.1776854991913,547.2283607787556,631.01565443283,634.1567703502092,655.5589729610242,533.4710543451231,534.4244830124861,732.3980580729823,663.0318929149477,710.0842141233662,668.9086999336719,566.8634655871199,567.3014853327882,430.3433394967769,422.7385720652566,669.1829155110321,776.0514634626883,861.0961364350618,832.0700804118144,777.8674356742528,865.9678921005101,649.8459590246918,824.2080771834762,745.2943584385202,774.00197329016,753.6777681843619,697.0130751666837,721.742987760313,693.7969984191558,608.0525213018194,603.4927550456563,448.4932594649289,559.4048029911983,293.9188819553541,331.0669991936482,598.4717818713578,590.6678731451391,601.121480738863,696.1112877982004,594.94095333874,648.6426695275702,507.9708101654053,437.7155434771379,517.7230050133188,561.7478420741198,337.16366631634094,390.1464078228396,301.27104143456864,325.3251900514843,229.57816786019222,355.0679382379353,11.342337526678522,58.67117425581624,573.205712890625,579.6241387836004,587.3675055336207,581.1572163094223,528.0788631876006,542.0210233189366,25.989445301881794,0.3902785387641483,8.095461472507901,10.576953385546638,60.52245075552457,69.87529853999774,99.11802146418228,259.6148833106546,549.2124772505326,629.1767067649148,645.8999826316066,590.5752634941778,462.64671159258074,202.37302358448505,267.9344192129193,516.9534470130658
670.3566403079343,726.8689345494665,722.9791933619877,753.4627945128665,398.45171750201735,403.75055558128014,724.0247225163843,732.2780269541639,565.0077266303861,557.5365548329275,682.114218797141,676.9793157486688,704.9613378403731,627.0708625268358,541.5217758328167,469.38457422990064,632.9064987688832,691.3396457405978,691.0170644708977,674.1984267578125,221.3740443388621,221.50178057352701,739.6981430383988,775.5817350660052,510.5698192556491,543.2864795517136,395.3029396520794,357.05873669518365,663.1287762443974,682.2471343994141,729.4107618757433,721.5709906005859,703.4376476740433,675.7865121799045,554.1945883709451,578.7897592567535,516.9184194556417,561.3226745746754,385.4686593003571,452.4765996325775,455.2095364429912,525.6587436199188,541.6416264895408,626.6522323825347,629.377848792541,654.0133526673791,532.9574993346348,532.5063936593649,729.2742995723602,658.5854750057119,707.831435724575,664.081702257306,563.8570500189948,562.6736116502799,427.98326131675003,420.4813015191723,668.5625237656058,774.9904695881737,861.3973378125844,831.6236987230254,777.9930424167799,861.918876598568,647.6384561987827,818.363795209814,743.2431421991605,769.3672645064288,752.6955102127589,695.7763297023959,719.7751224785094,692.5661418767265,607.6935036117966,602.2659076002777,446.62354828020847,557.8943006507246,296.42902418495953,330.8887206601425,595.3618069007748,587.297191952274,595.7028893004073,690.2050181797573,591.8291711332241,647.5724054397141,505.46004419326783,435.62935716032985,516.8250072731321,557.5167162445535,333.81265491597793,389.0547163615588,301.7103442279622,324.2822879706471,232.35265146005514,353.58143253698944,12.055696811328676,58.62357072173515,569.1079345703125,568.2767783989341,585.803084552288,581.1700858206771,525.7210762276297,539.9444084820362,26.163625788495043,0.3720932194272151,8.108670629034593,10.566259731728184,60.418091611769235,69.418721651368,102.98346795224481,263.98936392279234,536.1429276899858,624.9923040216619,646.7080667994967,587.6000860672963,459.6684586020077,201.24056078415168,267.5983006881945,516.339513318292
667.644091429367,724.8815350099044,722.3700585835895,753.2612419698343,397.3611464722212,402.2601899547236,724.1398497026188,731.0429756326878,565.2441449359972,554.6800299785176,683.4268376420184,675.9059294867137,705.4462542002237,627.7935806459743,540.9256467777698,467.74714016736885,634.6441839859949,692.2051946950513,691.2860341273048,672.9398273925781,220.24293984307184,220.62269147237143,740.7481540154241,774.1721893340822,507.6564471060069,541.0846421168401,392.8639462297134,355.17654082510205,662.6468669423517,682.7164418538412,730.031082994356,721.3340399678548,703.7953112327447,674.6136690266927,548.0226833841075,575.6081951095397,514.63810978692,559.3521855672201,385.0553174487182,452.72217456946214,453.96362154601053,519.2186119556427,544.5468408272617,628.5437117300893,629.8615953849219,655.1651592589261,530.8211240374352,531.0183051582817,732.7158961142263,660.0267970131989,707.7323132457267,666.2572956085205,564.4026754747057,561.547877779194,426.41460770612076,417.99007358869045,666.4785010848615,772.3766902861772,859.2905721643831,829.1856299108681,777.6760397206182,864.2117783135967,648.6546325683594,820.1699822979209,743.3327001315445,773.5409630349133,751.121552679512,694.3113377402655,715.9463180250423,686.8739994955326,605.9855924554773,601.7749155701184,446.3684795624619,558.7360477199802,294.6939998018569,329.9980309714734,593.1973384169281,586.073690960516,598.6442546438664,690.5116097586496,590.1152234132262,644.7149309927587,499.9840961488088,436.51188058773675,515.367039319177,557.6908139494608,334.4045978433946,387.9007282842368,300.52940441668034,323.13074719007165,229.11112877644965,352.57868684930105,11.769239146907003,58.278899118873916,567.1880259195964,569.6130883168366,586.4736597252777,580.7131547884703,524.8533855758551,538.6109814352394,25.958044402797608,0.3684188956101597,8.031534233514554,10.403872779169719,59.589127340099125,68.73207019684102,94.68141283301844,259.2095994107863,562.2303744229404,629.2504339044744,646.3700768387557,589.6836269716673,461.41385252335493,201.80029489622828,266.60234118952894,517.4735475737473
667.9637712030512,724.9249760743344,720.6487976963257,751.6464150873313,397.081115029579,402.75508467640196,721.966061175022,730.3039757261885,565.1109366757529,557.4015477719854,681.1581486647691,675.888229358007,704.5819995284694,626.7584138862517,541.4125683509295,468.6602369892982,633.6463893510719,692.0019339881466,689.4160070894321,672.7145980224609,216.32982536156973,220.43214257558188,737.5632770656679,771.8703221820649,507.2861034333394,541.9148935800071,394.0208531585188,354.9669129318661,662.9726032221092,681.3754850787881,727.4953395813469,720.1031567891439,701.7020035436598,673.0278571912977,545.912885317595,573.1170555022826,517.3790611905673,560.9287990993923,385.4030023089477,449.26801784386794,452.66478816798474,526.4594347476959,542.0194859003263,626.7715123614994,627.4663776859932,651.573533777605,530.3626305919048,531.5492505493697,729.156765427128,657.9042638194177,706.2338440537912,662.3881194653885,562.6322110779082,562.4417267406689,426.36122346644294,418.3518952496118,666.2077897104219,770.7084085830936,857.3305230356962,826.6897765655232,774.7053859544837,859.6661283869573,647.0873428018086,817.2666023552663,739.8985474999271,767.9814593674909,748.0203780527864,691.9510204198464,718.7116307544101,688.7488543262798,603.3667952047812,599.4759935785512,447.82555728877355,557.457762945266,292.6386510876642,330.20083768602825,590.0051958052838,583.6394810340216,599.6163602788398,689.3873421805246,591.54760940961,644.9800746381612,508.9370082918803,436.25669701139134,516.0360492769317,557.1421968356157,333.8851993609877,388.626043219859,300.01689863142866,322.767975616654,226.64314217653586,350.5992466126879,11.381245089457716,58.743120000785744,573.2708424886067,573.4498022047139,583.1295920014381,578.4022163632768,522.6673120785002,537.4039285002244,25.8435496673521,0.3804458961964378,8.106136378380628,10.47013242258607,60.14520621449608,69.94337751112018,99.94795560422871,262.72163783802705,537.3491876775569,618.1449829101563,642.4889813109532,584.2894657955894,460.6085800657085,201.5582828427616,267.63756671096337,519.5682920258621
667.9559989848132,725.3243419618318,720.8627148513704,752.7881592602369,395.4391538761383,401.1672359686345,722.1815770922415,732.2432910415974,563.4689199048646,554.7942384442345,682.7198687917818,675.7571319216773,705.179742253665,627.5216478818824,539.6861085120719,467.8968297340734,631.5399599482098,688.450002499197,689.2928230022562,672.4083758544922,220.72836348745557,220.88632729848226,738.0164652875319,773.8101793470837,503.4075362619929,538.8002470666236,393.18896585538243,355.0356372065014,661.1650741505173,679.8039027461299,725.8388983458672,719.8498929341634,699.797897403523,672.3646997070313,549.8555694580078,572.8140784573842,512.9053105425729,555.6661348696108,386.31196641921997,451.13988679178647,454.8837055143763,519.2170298099518,540.0932534185666,624.8947215871224,627.411594312638,653.1081943679275,531.0942894387837,530.4255184226936,730.9637118677939,660.1589187408123,706.497695630735,662.8979416085441,562.8785027474031,561.9488090907826,425.7445858173853,417.75484283387954,665.9326577327598,770.8147418521069,855.9793602302832,825.6711529701333,774.3777282714843,862.5007580507149,645.5477841811808,817.6082957585653,740.0006001031221,770.0031158388123,745.8145970805307,689.8863133044501,717.1764434036935,687.2181885440046,606.2668351525659,601.962733753392,447.5506887173434,561.1451883687602,296.7035041477369,331.95453654544457,592.8019786897253,584.9332357699445,589.2588176321476,685.437258039202,587.9164451219112,643.179483095256,499.4816301472982,433.59693596839907,513.8434331288947,555.5350001711904,332.50795816954445,388.4268297340035,299.2474307299902,322.41378426459465,226.95231136353607,349.8880700843036,11.909942130782131,57.83494005491301,562.9736175537109,565.1214992717161,585.3223688760772,578.5189366750587,523.327299006416,536.9144818275657,25.39969599659181,0.38362222224456705,7.943672103937349,10.388368043048208,59.59289191934086,68.53263114792325,98.83507938476072,263.32305767956905,540.0928844105114,625.875664728338,648.7094136692533,588.0954752089102,455.8483052721211,199.71034339645453,265.59694414427787,516.7289649700297
667.9151634747755,724.553790116551,721.2492753254531,752.4732020860649,399.26257396077,402.7736632454076,722.8619465157199,731.6018672342503,568.1550872836794,559.4289210194447,683.358693626838,676.8792897118462,709.3227074755608,628.8466377721625,543.6187948124918,472.0602306822689,636.042331062787,692.4491696531986,689.6659169982677,672.5534222412109,220.7936735815472,220.91537342071533,740.3712579354235,775.2334660121372,509.99946255708863,543.3781291626312,395.2033249238578,356.8593544827567,662.9172345467333,682.1820370144314,728.8393346831555,721.0443216959635,700.3718010853913,671.821322564019,545.7560314676036,572.7079916345068,515.4283711437612,559.5350109382912,386.4776121654681,450.3812292291877,457.6194395471792,522.5159785747528,544.6713683292979,629.7416188027621,628.7030142011084,654.389216328225,531.3847276179258,531.3928701494124,730.9443426070675,659.7152552978733,707.1169547727823,664.2089126441081,562.2151762615939,560.7730668666316,426.3732207621817,418.5757183698898,666.7535357940105,771.6982565875406,856.6107314832782,824.9608264228864,777.6941771399456,865.0812395953824,647.8754210865826,818.5244249336023,746.109691107451,772.4137223564878,745.188406509228,689.6094261989806,716.4373837610718,686.1874996627892,607.7726637350546,602.2672275167997,449.1899908923228,559.1091161290288,293.83240475861925,330.5345976923553,590.800063961842,585.7145478181325,597.5981198574634,690.0629152570452,589.6371523100754,643.06475347581,503.3035232925415,436.78896383603416,516.4226926559919,557.1381822356358,335.0024948232314,388.33584558748595,299.50533478536335,322.30876272582896,220.9888783562976,348.40282162509857,10.249341448633695,58.207294611859936,568.2086751302083,572.7199396682998,586.0729401931167,577.9413094844214,523.0859597669606,537.6119466748972,25.146159098097613,0.3937500260235673,7.946732726501808,10.39539833875107,58.95065507209036,68.72254766331565,92.66154008151756,255.3997091405532,559.2841963334517,626.7921242453835,642.720261541789,584.9352882481828,458.38488952786315,200.35763253350007,264.67498597231776,506.1235867204337
669.7783281310531,726.3187997606066,722.2509552618836,753.7940540180738,398.59864238472875,402.2928762989385,724.2561214931583,733.8356440118018,568.2028775263806,557.8601859710255,683.7324394288102,678.1969871581547,709.829298591941,629.833531947271,544.9148023899514,471.2899364916326,633.6617451889255,691.6701264238833,690.5262717177585,674.3926502685547,219.6201972828971,222.47044989267985,742.6965323664238,776.9407297921559,510.06117927591214,543.8686186402708,394.01133407677077,355.44439215130274,663.6109472310768,683.5641251929012,729.8295072220129,722.3430701700846,701.56074284699,674.5086580403646,554.6965656446374,574.3159701795463,515.8481802247169,559.7216040293375,384.23519404911036,452.08055220471783,452.3292076235912,524.1266176700592,548.6862220570208,633.8947617227997,633.0049135691609,656.7587299235383,536.6811979191363,536.463836283117,733.4018958799301,662.7992556773323,708.4649155861009,664.9285904425731,565.0432205884446,564.2993021665835,428.0274733235103,419.855498642461,667.3844212744087,771.1571373520075,857.7926977169951,826.4376992946718,777.558488451087,867.0029617852764,646.6231204158305,818.0005836369079,747.0372052548537,772.0400128672597,747.2259716762586,691.2409568708364,717.9965464598055,687.160755136395,609.2047490987692,605.6162549941266,450.6963740007593,562.4628834249653,296.8482706926871,331.51609673298583,596.9069306420498,587.354278817711,598.7469404504654,686.7261853899274,590.8013194584755,644.0850025731555,506.5258788394928,435.8487658764919,516.6950863098783,558.1614982364072,335.68390887909953,389.7556981558404,300.30356837374467,322.9448605979015,222.54444474894206,350.827755976667,11.09931147704871,58.59868715430649,568.8758168538411,568.8899768894001,583.7191282585263,579.2367592030521,524.4573488599472,539.1031111924748,25.48522836982432,0.3977302787989309,7.9762017878491545,10.432197384448124,59.96178165472458,69.42216315000664,99.33353630784485,260.8300333864549,542.1778730912642,618.9500754616478,644.494073445365,585.2108204515674,457.1513083401848,201.3838695809245,268.12887154203474,508.157279179014
671.0840913126291,727.9497748914391,723.5894284696273,755.0735689938306,400.87170249695004,405.145824692079,726.663867895154,735.3725877347906,570.7432817968787,561.6585637467806,687.2568979030702,681.302313323248,712.3582649558118,632.0394593906789,546.6595437479257,474.18478824127993,635.8921260020179,694.4180058070591,693.0940219104518,675.51728125,222.63764185375638,221.1928757985433,745.6310644558325,779.1657279635233,513.9749502311827,546.9784657614572,396.258221157348,357.44193451934393,665.6301631567613,687.0448626859688,732.2449531855546,723.9182718404135,704.8671729524257,677.442642686632,554.8993796970533,577.7458735086832,517.3949367170292,560.3228980170356,388.5692460813693,455.8746742219961,460.2952965908363,525.8809146881104,554.9537176272225,639.6165632636627,640.732305680809,664.8061682717841,541.2002711177857,539.964874907807,739.1386371981713,666.9503518612154,712.7562783424152,668.8130461886615,568.1149392919156,566.970505695717,430.6720343754092,423.3880698770626,670.7164535271769,775.4677349086161,864.4300120541138,832.4295458766801,780.1067410411006,869.3412540769114,649.1927651688229,822.2973002524043,750.6535407678405,774.6569500388409,752.5916731630819,695.8944264068391,719.1718581861751,690.441177958283,612.8520457980869,607.0188823137127,452.9130390762189,563.355465315121,296.6814931233724,334.06879543250716,598.7323600894115,591.9087697895731,596.2071052713598,693.1293847220285,592.2578162708502,647.2823106452246,501.87111490567526,437.1606931143999,517.2741032890286,559.8699154776839,335.13251728029815,389.57983741002823,301.26379401485127,324.327187556618,224.3690310044954,353.1090757548064,10.957953668453868,58.52332713130029,563.9820546468098,564.604879088321,587.8798523694277,580.2693158318015,527.2624678381223,542.288435341385,25.788220990547224,0.4259682514877231,7.995821461730683,10.441854776972573,59.32906084019201,68.73896810766409,97.62429827844932,260.44452030518477,569.0763993696733,629.0971346768466,647.4794762118551,589.8516366693038,463.10448808296053,202.92991022556498,266.5855451786157,504.3444876835264
670.7242596298632,728.3912193751095,724.3572550262197,755.8320732439656,400.42721079781995,403.8709286701466,726.9154477326766,735.1582023977726,569.9959334487818,560.1417922387358,683.816598411498,679.9912333776081,709.5157499493293,630.3492442992052,546.02883406065,473.5614543954285,637.5041911771513,696.0071125474087,693.37403390234,676.0146857910156,218.14524298244052,222.1455457051595,745.5994738059986,779.6474602714418,513.8856878030987,545.6234376928309,396.71602546312533,356.09407373269397,664.1922361445877,685.2487349521966,730.9138253279558,724.3452925109864,704.1281248836194,676.5775588650174,554.893800486689,577.9378136324596,519.2436202129078,564.257634975292,387.3185966014862,455.1728865377019,457.5303214651639,531.6961650848389,558.7954696324609,643.2441177006582,645.4294959363167,668.0139569845813,543.6547329090844,543.8029982293402,740.8505432128907,669.6629718755347,714.7817173752852,671.4725166528037,569.8074779767092,570.6725974176444,432.49803227641445,425.7675750571655,669.5666761283414,774.6183627049128,862.9577291336225,832.3274106710982,777.9264318316916,867.6349451997133,649.1949896856186,822.5205516422727,749.7341160560721,773.9215255214879,752.9164327428582,698.9313499652295,719.4192685655728,690.1408983093598,608.2742214890213,604.4443549171823,451.9853272744275,562.2582522966129,294.03111654088116,332.1066668873102,596.6607274540136,590.7171905644207,601.789122236536,693.3307353428432,594.3164068638594,647.7764245377061,509.94725250879924,439.96140749037266,518.5020707390908,561.3825714785149,338.38689478057273,390.5021138681832,301.312956080772,326.6501819604699,227.17532658498538,357.00271875843407,11.124836724979643,59.55212882070819,572.4487457275391,575.6452471199682,585.7382878642529,581.3958083968357,530.2030637707115,545.4441092381559,25.813568676846398,0.4426957634087928,8.07354973355711,10.57430516464379,60.72895932260082,70.20613461268205,100.70727513709829,264.7152217977187,544.9778747558594,622.8682284268466,644.6912419875996,589.3285653802413,465.80390748790666,203.33394406160764,268.5458922819658,516.2529907226562
672.6793116329693,730.6107542490719,725.417299123213,756.9298361972034,398.2194081787453,402.806388639978,728.9959492533002,736.7060067943817,567.5509818719357,557.9395876966539,685.8740566222648,681.5855769989982,709.0461695885372,630.319947138489,541.6797551388171,469.6832483696287,633.8201966489096,693.4682387545259,695.1427172664481,677.116896484375,221.6240940093994,221.05472469329834,743.7389304366119,777.7812563729665,512.8293619006092,544.5927070156558,393.7980861769197,355.3775308794445,663.7986988931332,682.4237387574749,730.7636943827151,722.2058280436198,705.7026025157863,677.6840709092882,558.5183553944463,580.142282508942,517.3979915669311,560.9865268424705,388.27000156470706,454.8575614900625,457.71375187107776,527.3080546855927,559.7150680995177,643.6020980762645,648.3426004146799,669.6008090526738,544.9690329141853,544.6262808846427,742.4880275603264,670.5361048916568,715.3369343633664,670.4116846368586,571.8533552708648,572.425011401083,432.0220598081924,424.95158650480977,671.723199817202,777.9966221650442,866.5910346605865,836.4627047282894,781.028257366678,869.3987981802437,648.9056246229633,822.291138315397,747.4083641393861,774.3567517114856,756.1583875248941,701.0907915457565,722.3197051613195,693.1670611471102,610.9699546195366,605.5491644124515,452.7694406071934,564.22230503363,295.84821551779044,333.7002421634298,599.5397897939213,591.8940094120769,592.4514244566573,689.4709178379604,592.6107541665264,647.680953451283,505.2976129945119,436.55168105602263,517.2450245138832,559.8008575575304,335.77061482036817,391.13869804552746,301.56173505509895,326.19317926240905,233.17472521803248,357.60699327014385,12.054692311417226,59.724684204006756,567.6790079752604,566.4679260253906,587.5088101398433,580.3831857534556,532.4631135275649,546.3117868847835,26.213521609474952,0.4677960636059719,8.112725814442893,10.621838087947774,60.18555050266667,69.60298937523076,104.23693949273891,270.21112430796904,546.6576649058949,625.85751953125,649.3643088116742,593.4758721846569,465.91219597236784,202.81759684807375,268.5843870856545,517.9302662816541
671.4061558170612,729.5586057239109,724.5781413836938,756.2827079742553,400.1289239262426,405.32238930330743,728.1213602129455,736.1948098819814,570.5826159172824,560.8304712225179,687.5211298872784,682.6107057541136,711.6387626948938,631.7263139346351,545.3516018734642,473.0458688073359,640.1274829159415,697.7420744531574,695.594703937399,677.0182344970704,220.7614891131719,222.29500274658204,744.2943903329913,778.2023611371479,512.5287663324965,545.6170375949733,394.58184209581236,356.931839439604,666.8495173544254,687.4878195303457,731.5158010567893,722.449868927002,703.9511699353234,676.6465995279948,552.0720305069633,577.355904452772,518.8155590175007,563.3998574150933,389.18025926181247,456.1018313147155,463.32576213899205,527.596043586731,561.9441446988355,645.0103530522207,652.1747314830344,671.2925221682989,543.7742876651859,543.4235881191868,743.4643737792969,671.3252782325242,714.1807511033852,672.1211139863166,569.9121992513203,571.7919008404601,432.38379830704275,425.33007903497077,671.3049694115596,776.7892276821314,865.3965020396024,834.4054030083805,781.9441429602582,871.2940636298417,650.8986753877879,825.2587924925879,749.9982486554046,776.7075206746734,756.6958641652311,701.19871328139,722.1077237463301,691.5515677942096,609.0762140085031,606.0615389464332,452.55416625136627,562.4887458834297,296.4249931003736,333.5617202973702,597.301103560651,590.7781218849277,601.9625568795711,696.1850956508091,594.50518000811,648.6093918677851,505.3958053461711,439.4139922030767,518.2839731712173,562.5165325841333,337.0903696004082,390.9301495052847,301.3123898077756,326.8160035126044,229.18947287093917,358.1585697443783,10.747317222827675,59.111528752687185,567.5150095621744,574.5414889060845,588.2087114863098,580.8334456223708,532.1255875992714,546.5204864352723,25.483269758130376,0.3808651948261454,8.018972459828397,10.560184637905124,60.40552388391925,68.8891604457311,96.69542130533631,259.93776209214155,560.3003595525569,629.4975308504971,646.0804549863675,591.3000436130958,465.69316317988375,202.21455021516272,268.0621332544269,513.6198520002694
673.0358954095221,729.976646307743,724.0712402107882,756.1845531425628,401.065547481803,404.69160353711675,727.9670867529671,736.2086280855219,571.0506199184729,561.3895663355217,685.8825510536752,681.6220416901604,712.1271640260674,631.045544550969,546.8398063713638,472.9954033087264,637.166616864679,695.4748726524784,694.9673221631982,676.3055943603515,221.76525311337576,221.91454270680745,746.1829994925516,779.9485324375213,514.149778376075,545.4806708870353,395.4497259572066,357.3276472886403,665.3664114610204,685.470869728371,731.2895196629321,724.048167368571,704.2110997216176,676.6897177463107,558.6501803854237,578.6580795839609,520.5339837431383,564.0583816104465,385.4156252401216,453.59579596358736,455.47493631331645,528.7599902153015,560.2689947438619,644.0260753902779,650.4943090906382,668.6163900609602,544.087803545077,542.3554397996489,741.2566273350869,668.2651347247037,712.6664080945068,668.0535998507524,568.979590343253,568.6816567533157,431.2669236130655,424.948398115592,671.2463056683409,777.2091616657045,864.585585262554,835.3603820228219,781.6548787788723,869.7577517611309,648.6005823911148,821.2520686805003,750.8442583226446,773.3949406140842,756.3008949365509,700.5092393506386,723.819575996156,694.0210316694903,608.730787294405,605.3515005268034,451.74482471571054,562.1601958832183,295.56273993892944,331.3966008575869,597.0198695698723,589.8526951960014,602.1401730801197,693.2778418404715,593.8738837114239,648.8680200682161,510.9260313256582,439.29552623430885,519.1136783154525,561.4480026398147,337.1320635388879,390.5226512143543,302.79960822841775,326.158645376865,232.91065075367385,359.102615664651,11.733063949764645,59.451403218319626,574.0145965576172,573.5062447240797,586.4568268284202,580.7592070566583,530.5441991403206,546.0145155946317,26.13486879530951,0.45990202657843904,8.188874851492118,10.5966364424077,60.299346374226424,70.11450011569566,103.16659829268853,267.50900429837844,538.7689014781605,621.7666259765625,646.1179744029205,589.9625759849065,464.19022477841844,203.91543926011053,270.68167435039175,518.3269432330953
672.1545596792678,728.4556077995686,724.5500516494587,755.6920619333882,401.8743113883706,404.90981002151966,727.7810934835891,735.4132527322972,571.8220976566781,562.0195149867261,686.7086024710802,680.3395567091685,712.9155911532315,631.7581050888247,546.346993841342,474.1225438892989,635.2646195108856,694.9833849783356,693.5688757768536,674.891779296875,221.68578683005438,222.030575243632,747.9472961563397,780.133141472226,513.3928366456356,545.7501332838457,396.10208859101186,357.0461276637183,665.9462222513163,686.1951931423611,731.2576640772381,722.7166782633464,703.8823686373436,675.4940616861979,560.1762569261634,579.1183456972421,517.5197123388887,561.9061739179823,389.5646017619542,455.92113463441086,458.2731195668705,525.7826483249664,558.2999955827281,641.5418244131369,647.9985390825192,666.8644282134653,542.7231874781206,540.1205430664382,739.7641155612084,666.2018014426804,710.7610868333696,666.8949063145659,566.8827119835823,565.4246081183938,430.6361644619523,422.568699323214,670.187858957581,776.4457774316824,862.9278441855511,832.925071802193,782.2721368673573,869.5076773683616,648.5195956448896,821.5541660873978,750.4528977123659,775.0339925765068,755.6619194202209,700.0603366528168,722.0179289799587,692.658514876392,611.2370679185198,604.9386215209961,451.1979842229721,562.3993638604235,296.6231265966443,332.07955610248405,599.722457510526,592.1835896978735,595.0948609697058,691.8254470825195,592.4030855551533,649.5509286967018,504.2606489690145,438.5130395849546,517.8137717083163,562.0868267573749,335.45534543149614,391.1064116154337,301.7030277410522,326.0671462995645,233.73247549938375,357.43814170579117,12.271653926109947,59.236441450159795,565.4934051513671,567.0617603366658,589.0121243400499,582.1987221489126,529.5975859935654,544.9916512878716,26.187841899895208,0.42632806295770465,8.108469203733472,10.64391115908511,60.96790190884663,69.84068229415965,103.77219945513126,265.30175653625935,550.5449301979759,630.5119839754972,650.4896346738675,593.5641800119907,463.3742376589308,201.57639234055551,268.3695141474406,529.9913435311153
672.5749892197646,727.8089115451081,722.9115391208499,754.6886266503201,399.7931113767069,403.1064970610397,727.5359202561374,734.8421243351064,569.0327403010155,559.6714407029699,688.2958890713327,681.4977671910846,710.8816187025957,630.8529096595671,545.2690478929907,472.94738039366956,639.633415764542,697.0204075911513,694.1714516124506,676.0483834228515,221.01174536678525,219.99970925649006,742.6502912474573,775.4600472525944,512.2568631297007,543.9359687344058,395.99922858812533,356.9627039962345,666.9954286971182,687.4048376766252,730.2081783825331,721.7496831258138,704.4625446513547,675.0157908799913,547.8289530878482,577.1847758465502,519.2566079295154,562.8007813912851,386.8029620482453,453.2465871460875,459.5609320968878,527.9070463180542,554.0775506108527,639.6232558697886,644.6262334993622,665.1313106804563,538.1877349624949,538.1622116115543,737.7695560332268,664.2342859503111,710.7651614805293,667.0264514408841,566.7128962358552,566.3072675630158,429.8985431240888,421.99459844408176,670.8675374995187,776.3200297907547,863.6491908821123,833.7930098456692,781.0557874065897,866.837645743657,651.1866215230492,823.077197141608,745.2539768503673,773.8642484574971,754.7970151322611,699.4542080556898,723.8303074927846,693.123833587815,606.8950585202053,603.0239695564645,453.034109728052,561.9378362878576,295.5431733062302,330.9213613590724,595.4677953251073,589.4157982030845,602.0648543986869,693.5538177490234,595.3780630119002,649.3436819426921,509.2101325798035,439.4340694673856,518.8687378097736,562.2695892955277,336.2609960075687,390.1311003684137,301.3753203471036,324.97374768947674,228.45557287746507,355.9959790427983,11.225486952934363,58.846461164407145,569.8179951985677,575.7488299870895,586.8649240471423,579.3823809041157,527.3766730116827,543.656892510673,25.559350253290752,0.4305274872969474,8.047203571007593,10.576664854914583,59.86519660662873,69.1411655760941,99.17949918533365,262.89182772355923,555.8029147061435,627.2635908647017,645.1243015775744,592.6207910851588,464.4580973924375,202.8399305600477,267.22563821619207,513.2610115840517
671.8407250846853,728.2274385510069,722.9484145973015,755.1544773208193,396.95783410307973,402.74442559906413,727.955864453458,735.6471883830618,567.660898412977,558.118741398952,685.2875015134733,680.058624340239,707.1620817887845,629.1642215589762,542.0530327786854,470.1999065923336,635.7270345823459,694.3874365721034,694.5091424700857,676.4304815673828,220.47983878188663,220.76367734273273,738.3872049009645,773.4704393810696,507.2875050449871,541.540830716982,392.7555177804515,355.84488268693286,665.2593175060344,684.4439711582513,727.8526524821605,719.6937431844076,704.592020002462,676.3974074978298,549.9417277460512,574.6222493734705,516.4075180255369,560.9640790444834,384.35741543556964,452.3010491789057,456.30113095142804,525.623274564743,548.3584190947669,634.6222631807011,636.8928908929852,659.6906360603913,537.4122005454765,538.4445785242361,733.4054232689642,661.8549085194763,709.5826406785727,666.4921481901971,567.0594090346264,566.765947042727,430.64504037149,423.44951024656405,669.4269548230208,777.2481628965448,864.325112130678,833.8414865747849,781.5066106381623,866.3230873774556,651.6348314197785,822.4175022855217,741.0425226012272,771.3264488989068,754.5667435378172,699.3381595213656,722.1319209785219,690.5571724064442,610.3694286861935,605.31459802096,450.9853689736183,562.3965407862808,297.5674446216528,331.74072781415055,597.2318296588835,589.6367371111985,602.2236886531749,688.8775656563895,593.9768945102034,649.5142059161107,506.5709438387553,437.7998813311259,516.8597697489062,560.4217783084736,335.0993044418447,389.69138546885137,301.23615423884866,325.94331023162755,230.74069327258005,354.9266360968848,11.817091242518034,59.47572630318631,569.2511413574218,569.5873113082627,587.0599714666605,581.9304029369786,527.456362522892,543.5326445563206,25.90827071495771,0.4771190615974505,8.089821578610396,10.457289427974944,59.83139907913884,69.4591977458287,102.29164172046714,267.8711731854607,539.3144087357955,623.6973377574574,648.0445552544306,588.3892909182778,460.3237736271877,201.08597650810293,267.50245841344196,512.0264976764547
672.9875545569265,727.9130399684714,723.1102370127203,755.5580811956489,397.35190648450407,401.6200267023274,728.650357401686,735.269440294631,567.5179878059698,558.4230209569462,688.1892419210294,681.6700828431144,710.2818622883556,630.1144011648078,542.7006674370363,469.27176200426544,636.5272464119428,694.7633243700199,694.316219812152,674.767254272461,223.75084810952345,219.8376158396403,740.0640954751129,774.8621818905785,506.8257790910012,542.693089055491,391.70534570177614,354.9077124065823,665.0961735203581,686.0911841121721,729.6502180124518,720.7320039367676,706.8225051104013,676.0186328125,549.9810838118843,573.9071408926723,515.6084052938721,560.1907600826687,385.6171590260097,453.82568647977564,453.83849722440124,523.5730953216553,546.0174931581058,629.2518071179142,634.4440800393193,658.2242593709489,537.2728684677566,536.2315576193216,733.7476937816989,662.7258576312023,710.7686328329481,667.4337538329648,567.9446766601015,564.9554580800674,429.91361242755056,422.35173187084166,671.7653862074719,779.2458676386763,867.745184550275,838.6920942839718,784.7336792522927,870.744554982602,653.1566828456494,825.778070905081,743.7048253301364,775.1202473461782,756.5898415126157,700.6933344872837,721.6023439055036,693.4147866602102,609.2812573200947,603.6271358865206,452.0761937132669,562.3688145096684,294.4875708317411,331.7548632554605,596.6316707173332,590.0710038940936,596.8188294755652,691.7966657366071,592.2939656575521,648.2453505617478,502.71820297876997,438.1266908456882,517.3323072929214,559.6524604136957,333.726041431988,388.548607056752,300.21390365436673,325.06350172773733,228.41595611674475,353.40594657508035,11.478681634332773,58.63976620842649,565.4046295166015,566.346417960474,587.4724657665938,581.567087544575,527.633486138652,544.5815252942969,25.873281264689897,0.4164912462286237,7.875195491929497,10.299479425847052,58.53425359902006,68.09416636384483,97.34549055248499,262.2832276119905,562.3603793057529,628.9263272372159,647.3141925990982,591.5339243442197,460.8421299130309,201.2379931955876,263.83467391042996,509.7552385001347
670.8535912884169,726.457633254504,722.9935351450009,755.3814893357783,398.7786684396655,402.87089328254973,727.0772347608796,734.6239005360704,568.5033276129742,559.9638502167874,686.4116825630995,680.2886967916337,708.4758572979202,628.498305880589,544.3010991436629,471.3555288128462,638.6749526471324,697.2961263308098,692.899780156512,674.3837380371094,220.11747103267246,221.93431231180827,741.8643649918864,774.2368047502306,508.5270893436452,542.7081429617746,393.53943558160773,356.03783138593036,665.8240120006058,686.2128173828125,729.5788592641435,721.7726800537109,703.6499592409295,674.8175737847222,545.6594394849694,572.2961558146649,517.6519307544053,563.9898770650228,385.5943724172456,451.6566440567988,457.04774925357003,527.4891538619995,543.4140742298157,627.9608906388847,633.1450202392004,656.6268262807389,534.9695096725275,536.694041232129,732.0069081214167,660.8795990741148,711.0280332933521,667.8023114501831,567.5536334461161,566.1831424563538,430.51854294337346,422.7376129213605,669.3795617929816,776.4389995557291,863.8824371931105,834.7410280038,782.7365974757982,868.809199904161,652.9773174134234,825.0528924887072,745.3138238707585,774.4188806819669,753.4564248331477,696.6816765648599,721.0480705309825,689.5460350078772,606.5514850444622,603.5991703721344,449.2923030153327,560.651379341687,294.86685744575834,329.9228534967127,593.3767838399918,585.9269219236255,600.4028930664062,691.943249293736,595.8006599981666,649.5558369067493,508.8125693702698,440.2990111188094,519.7941187879587,561.7970734127114,337.05702145660626,390.4728168046862,301.96979023159173,325.59749462039025,227.72578591076066,353.5232843311255,11.003903662791277,59.469719894924644,570.1994496663411,578.3423063633805,585.2865804061294,579.2426331118761,526.5074018716206,543.5425935292885,25.892701880418155,0.44438177719022387,8.06167000720403,10.513987862864242,59.65493067035284,69.91373713124263,100.3625449443029,265.5233895077425,547.3535100763494,624.2343206232244,645.3784151013266,586.9499019188218,460.99025851604983,201.52600371733047,265.7647138508883,511.3337297110722
672.0800048395763,727.2559098137749,722.2050408942804,754.9114465162573,398.1006867209146,401.43401914834976,727.1788800199724,734.807425511137,566.4540439187264,558.4583738670974,684.8003309296398,679.9547171880329,708.1665233788727,629.3218583558735,542.5241824263957,467.96407948534187,635.413037485421,693.0282988183918,691.9631207930174,674.7500412597657,224.0664123694102,220.3299466451009,740.4010666163281,774.8000425459846,508.8055318662633,541.9476053636153,392.20289700334246,354.508067395952,663.360312209939,681.6862823109568,725.9610064248714,719.8689533996582,702.8062654915502,674.7421535915798,553.7110578454059,574.6170580760543,516.7127151153161,562.8172490861681,383.2050741213773,451.0080093212342,450.74885183865905,526.0368695259094,541.1691239444273,626.2867647867067,630.6428266063042,655.3338857896147,536.7045696510756,536.1641746667715,731.5238933932396,660.7403828125895,709.2496068583492,663.5438309598496,567.3567131624094,565.620093719632,429.6594097549708,422.0014667344263,669.3289989458901,775.7646453689646,863.5200948035485,834.4162475414169,781.4773275093411,868.9866836449089,648.9526416650241,822.0160820180006,743.980397010917,770.729701631137,752.5157348889983,694.5916901722405,720.9038648666091,691.9835887930011,605.220527339626,601.5732021957148,447.848818787741,560.2011900402251,294.72156303516334,330.0451875068772,593.3335592551309,585.3548028083263,596.3369238021526,686.4293725149972,593.1119030188784,649.00936101023,508.2475360171,438.042012826403,519.0218663076997,559.5743432989148,335.0517835659139,389.79010987540016,301.6606785922001,324.4809089752005,229.45011033161413,353.7288437727839,11.65333258089312,58.80876572852883,565.4076588948568,570.4018280546544,584.4863947629929,579.1664580608385,526.6213593616437,542.4015950153976,26.003995187347755,0.42678320906814876,8.024960075067932,10.487479677931073,59.474233918160124,69.52879471636267,103.19118536512057,265.676360466901,529.3835421475497,618.5493441495029,645.2946175184826,587.9474025678031,459.2518280721178,201.0700230151415,263.8081770232229,516.2255901468211
671.0252679782043,725.9077171556877,722.6368931193131,754.5017400984746,396.69335316059204,401.55297826336965,726.3221751649667,735.5803625748006,568.3561562421371,559.0938908311188,685.424253014045,681.0109023563446,708.8577575683594,630.2890909403442,541.6499180942033,469.4314624109576,635.325639046764,693.3797351418935,692.0232518221684,673.9318881835937,222.30013416541948,220.66381092071532,739.778243823829,774.2595523198446,509.06275583436974,541.0572201236264,392.8747701697587,354.9170019096798,663.1499928528408,684.1574239095052,726.9672474297952,719.2735389709472,701.1183043011164,673.3914987521702,549.319667915676,574.3424153155592,515.142708127194,560.5075256206371,385.8916592001915,453.3235880962472,454.409182689229,522.9195671081543,540.8639165617171,623.8004132311492,629.7061884516129,654.2399114251834,535.5895586801954,534.9112224412131,731.1208959025721,661.051006446486,708.8822220208715,664.0901521878463,566.1473339063705,564.9115494466296,429.1289103145498,420.8525107616586,669.3406399813565,775.9348713071258,861.319849792876,831.5242942824373,779.3377447775135,867.8610894656875,649.6360907598373,821.6733509189307,742.7692759499621,770.6863399377473,749.0043283826849,691.2747650292388,720.403114561822,691.5041755128302,608.5215773024,603.8452255374095,448.3259853398034,561.355752457788,295.6166186125382,329.9047651693854,594.2957546046523,585.4088823627139,593.3860402208694,688.2733786446707,592.9086781644273,649.0877204059896,504.8680225753784,438.77470612684886,516.7304551271615,559.3811148415264,334.3571599567638,389.1329288103951,301.25486200147617,324.3925106562363,230.71510632101885,352.57929714043934,12.128064319381439,58.36235337058304,564.5808746337891,568.1191530389301,585.1035821605474,580.7787591925573,524.6412938047608,541.2587523705218,25.63388726929521,0.40485979923633514,7.996241433938751,10.434600603143085,59.01869514811799,69.14717344434992,100.26243318948481,263.9766106325037,542.6286843039773,626.6636341441762,648.793316937133,585.7035118779049,458.554600500593,199.8714628920874,265.07640730250966,507.6393674653152
671.3455343955804,725.5022402484008,720.9962200296336,753.0320780685698,396.3493400972943,400.2198157102269,724.997174509346,733.88462750374,564.5034035176647,556.5572804232113,685.7094797894238,679.991047426254,707.9191245967282,629.728966230323,542.4532431630946,469.7598984489961,634.576797268402,692.748169883145,691.8352917784475,673.3530612792969,221.73635303974152,220.73458887736004,737.9347645225376,772.9901866610088,508.5742308731479,540.7616897834527,392.43848967157015,356.3932167689006,662.7288558887985,682.3983758620274,723.89226878409,718.1963641357422,699.6896266613976,671.7778998480903,544.1823311847189,572.9498364551957,515.4573357535879,561.4875022746899,386.86956000540937,453.6710587833705,455.71520070560643,523.8270635604858,542.1264798712162,624.4705448964196,629.2934687648975,654.9516986713074,534.9340301584606,535.2338702395245,733.3604833295268,662.656302794683,710.2571548574833,664.6175406204623,568.1333499446578,564.8882044062894,428.4926733450822,421.0885182995648,670.695705718827,776.0106922520531,861.1453038786194,830.3787361703268,779.5794963272758,868.1905594365883,647.2630001149776,821.9853363704289,741.4851937365177,770.5831315141623,748.1684720628717,691.6852732034652,718.6683632431516,689.6597315329873,604.7846647726523,601.1282029386426,447.18190940366975,558.784065147499,295.4357640363168,328.64496150486906,587.4023082295403,581.5609829851206,592.4581948138298,685.9311904907227,592.6392534044054,649.5231012489585,503.1845259666443,439.43542697985964,517.5568138870374,559.4373589218625,334.2291656662436,387.93553705335955,300.22359050872427,322.6687669805179,228.68767406248784,351.3904887655874,11.934465943358965,58.97634203002322,562.7138997395833,564.3224052817135,583.274172110483,579.0972001088691,523.3646699745236,539.3195429104755,25.911298676614503,0.47318670333846025,8.032786485143307,10.499921563691377,58.69002078075439,68.62862373636135,97.28770351741049,262.81003730437334,558.2626065340909,626.3496348987926,644.5644066317769,586.1198639688613,458.5989865321739,200.96899734568177,264.16592092225045,500.92139618972254
671.7905032395472,726.4335880761195,722.0575202188934,753.9042676150561,397.6301204126935,401.78257697820663,726.0200050139366,734.2779462059508,566.415679089877,559.4495145688292,687.8027744448282,682.6618719070676,711.6712062305693,631.3000624652816,544.5171345258826,471.7881142306269,640.615008313509,698.6820586448492,692.7410103516561,674.600105102539,221.62791936265097,220.49525718688966,738.6456532657232,773.5022176560901,509.6408037515211,541.7194049122569,393.868010589431,356.56202507019043,665.464529973156,688.4462519516179,727.1527949856335,719.1282719930012,700.7519254522808,671.9702537706163,541.3483426964801,570.1399411121047,517.3654603664045,562.2640057316532,387.52603865095546,453.03729205185107,459.29527557873337,525.0439896583557,543.0947890414132,627.7869692978701,632.0237437915005,657.9892169439305,535.1959952953433,535.9037641345204,733.7017353673135,663.1734160454042,712.7788689955781,665.8362990365902,568.790260417579,564.9531287772983,430.6024926674302,420.7326856556969,672.7531510652874,778.7458424457798,860.6319963690014,829.3542880117334,780.7054623811141,867.3148733095829,651.3113514378166,824.3703178201683,746.8082762760903,771.1495006358592,747.7958871519968,690.6595596729964,720.1673654932885,690.1546209345865,606.930100415204,601.5643086355241,448.7115097745843,560.9004619647931,294.9310233074686,329.4378103336818,588.7709149219951,581.308324410213,602.4291200029089,695.6665747506278,597.3781493029832,651.8735488404556,509.1128610356649,442.2386444079876,520.7476079024932,561.3092630559336,337.0144162619815,390.439336184345,300.70778148372966,322.20914779672745,220.9828176066368,349.6293964075049,10.184450725977378,58.60312990252101,564.7696400960286,570.7939463469942,581.1150865852833,577.5018866353445,522.4723213719958,538.8843997778112,25.11625139066018,0.4368200655461772,7.960599588029861,10.415371135777761,58.4222112682703,68.65670212692461,96.18862236684396,259.31841566983394,549.8820634321733,622.2338745117188,639.8543303828911,582.1117997954163,456.22311248031315,200.36610588657246,264.3027089147857,505.4215845568427
672.8413351840364,728.6880515705456,722.5365082948301,754.6256825268506,398.00081432032033,402.9208141756909,726.2065481720881,736.5485059632646,566.713838090702,560.2404582461372,686.4705507852198,683.566623596918,710.4837380044456,632.4715791308446,544.6548011718105,472.9048189412867,638.3157002959771,697.3942822681313,693.4043459252836,676.5112142333984,219.2678940958447,222.69737790425617,739.5485023492342,775.0638408055381,510.6033458410133,544.2169433845269,394.216878775075,357.55701390902203,664.399815721332,684.6133575062693,725.6316481863107,719.9939766438802,702.0898092884129,673.9186759440104,547.0487165368122,573.8750511077513,518.4037809666033,563.6164215935601,383.374824068376,451.3608635320199,455.4749395651896,527.9892809391022,546.7107176194115,630.5920776077921,633.5593118986379,658.8368842532063,539.5988968797951,540.0813767093044,735.3631198513892,665.6100986164686,713.378849823656,668.8631249126535,569.8159363408794,569.360267012727,432.6029958055879,423.66754064154117,672.8759795708045,780.7105430629518,862.9928022018004,834.2510906741945,780.8654015582541,870.2255753205432,650.4675865056682,823.3650898560575,746.7313082111416,774.0546154396786,751.7116934787022,694.8184011642393,722.867855776647,689.3368796669976,604.8619221180409,600.7195374535733,447.80837211258915,558.4487206925561,293.62462704423547,328.1708640514965,588.5244387016921,582.8111460832145,598.3268094975898,691.5375736781529,596.5798348320855,652.74304996011,512.8148018932343,442.342017985185,522.7297565241743,564.7753530578849,338.0112680126639,391.6112009007148,300.68599345550564,324.7140446512009,224.68631077481905,350.88159602344035,10.853746904913956,58.878747728924964,568.9373504638672,570.6699342889301,582.5517636500299,578.4015839865845,525.2895765231766,540.2337054040438,25.469984736085234,0.41459359165660487,8.072315415218107,10.482566503076981,58.768898933703824,68.96250835097125,100.15983861726191,265.20297793781054,538.112548828125,619.2287764115767,644.8784917024958,585.3465871690195,458.08301401138306,201.33802095852923,264.74622343525743,501.37986387055497
674.1037008202203,728.3007943365309,723.3212906772827,755.2633021153301,398.8949770162272,402.95159380350793,728.3331092515768,736.6734978598737,568.5062531646417,558.4371991196617,688.0664832882765,683.8407881782168,712.7067756456536,634.1962692245298,544.8689323752674,473.45166567992186,636.3143770480043,695.9152603149414,693.4205739105341,675.2280350341797,221.276390482982,219.4964080174764,741.210792686,777.6043133054461,512.5975598340259,544.7931836515993,394.9130821860298,358.1634162134594,663.5257253646851,683.3282096203462,726.1905437479495,719.4404299926758,701.9611767914336,673.676357421875,551.3551935610564,574.2882866916887,518.161058602354,560.9016092794913,387.0581960592951,453.3771154853735,455.53357909155676,522.3638925552368,551.2252839434715,633.1644637844574,638.3871589357807,662.7479120890299,543.1224446375508,542.6072238875436,737.2192983319683,667.492957309544,717.0573845348456,670.6867712047738,573.1104836570843,570.7819025376264,434.48644552984626,425.8073712987322,673.8290195026377,780.9057813617918,863.9754315699666,834.2237461369212,783.69818359375,871.4097631756928,650.0023175627449,820.7712063181057,750.7507157966272,776.0426044316255,753.5274062038808,696.1110625300189,721.4048559103802,689.7374974034768,609.0199938937351,602.3238564788318,448.2833764662436,558.6434128005783,295.65478935794556,328.6132507324219,590.8205211201653,583.0634531361434,594.6326761448637,689.2844336373465,596.154693632747,654.0300321552635,508.8422835890452,440.654422416687,523.4748360562429,566.3192466038641,336.0048540143406,390.6019039377839,301.81976257093874,325.45144014364206,227.43296960535093,352.1319003185133,11.395622277675473,58.22776373219817,566.0729370117188,567.2805124056541,584.2436936851591,579.3541774145618,525.9047882720714,542.5350918012027,25.25684896892084,0.3428897547121677,7.913548914975686,10.256958453489434,57.99078240363651,68.11209975777855,97.99007822438661,262.4435492964352,538.0932644930753,623.8346912730824,648.4324488287804,585.5556184792821,457.45390941582474,200.25767179826894,262.27060296318746,505.85087006667567
673.4945078087528,727.713699239673,721.3815671669033,753.995257882958,399.09499363122984,404.20282387307714,727.8048742738222,734.6230960667388,570.4294432912554,559.7421869958033,687.8381669579483,682.7420733133952,712.5816367200063,631.6362314417295,546.7595060417308,473.87428829155255,639.9335920144032,700.2360401850602,695.1959876283375,675.7166257324219,220.9634815586938,220.84658171335857,741.6419292260042,776.1692832008241,513.5247323800132,547.0088108188503,396.7678917732028,359.68413689401416,666.3976451945755,687.0092603518639,726.3926670745288,718.8308354695638,702.0873120841334,673.6232221137153,547.9442323767621,575.7225738893072,518.2647592149642,564.167190975613,387.502988755703,456.644353159358,457.25994022556995,522.8579144477844,555.7353926991659,635.804864169297,646.672821606102,666.5913888139335,544.0047026311071,542.9321628517205,741.212471402076,669.9343684411818,718.548835206983,673.2315496793935,575.0632250319682,572.986063078338,436.32535010756226,427.61747092076877,674.5563535324715,782.4893530827982,867.1471595846551,838.1791824283564,786.293345257303,871.6890581742074,650.3433670837215,821.9352692615839,748.8065773124125,776.0528400492607,757.278412851055,700.1538338412496,723.0637410157805,693.327299507942,605.7857624775654,600.2769690654317,447.3426612364043,559.104816915669,295.39075558427453,330.12108450876156,591.6824040647413,585.342734055895,601.6124683136636,696.1595415387835,597.4529349959216,653.6391997982784,507.3893564414978,443.3184243730704,522.7149289580694,566.251535007417,338.21636382832247,390.97827762731146,302.6583526751492,326.0545322655637,227.13738491395029,354.1495846078793,10.632403288810353,58.95238704531186,570.273627726237,571.880180229575,585.9189517684281,580.8585233041064,527.8345756045431,545.4364021133385,25.414466834274783,0.40986969043604204,7.970614145363137,10.400295198228143,58.99812237954681,68.56860885184298,94.17195277743869,260.7361240947948,558.7253251509233,628.914140181108,645.7310094641359,587.8963352637954,460.4846952008266,200.5705735517764,264.59002685546875,506.6994681522764
673.5930882333442,726.8609089706883,721.077559925855,753.4444252466301,396.86548087985017,402.2603890874556,728.1638762985451,735.553369971742,569.1095381366963,558.780077777925,687.9351873010155,681.8788990989564,711.6012822408005,630.7680219426329,544.2417306561969,470.26708185876123,638.3629043362153,698.7394859339312,697.1313551394876,675.7920278320313,219.19508480363422,222.8604190826416,738.8936824798584,772.2238986000182,508.2998416760829,541.7386540423382,393.1862255960538,357.0951354768541,665.0450287225111,685.9970479329427,725.0404706339198,719.2300944010417,703.3290311522403,675.9032218424479,551.2691049327021,576.6632800734187,520.160720153002,564.3277452256945,384.3260938056878,451.74314851796584,453.1405269435195,521.3437042236328,550.3928432511905,631.7456211614383,645.9218608436478,661.5265316991081,539.0749814608865,539.6455990784651,738.1398275067729,666.1715816799497,715.9103291718963,668.9717632155543,574.0446811898407,573.5313269297282,434.07845914490906,426.4747315951533,672.3078249276402,778.0684137565119,863.974149040733,833.7855484123302,783.8362429411515,868.5621370976025,646.2647527758863,819.9060168168181,743.1455585992159,771.6218803557315,755.214558033461,698.2507552225169,723.7695465087891,693.4498569214542,605.7420528686798,600.0629368141049,448.41267489512035,559.8331292883142,296.3160407024881,331.490610686826,596.3185628672115,589.4284389385049,598.9901110060672,692.4666660853794,595.5265229323815,652.2245906953654,511.8989829349518,441.1573099517822,519.6552843018251,562.9520336515204,335.16307741052964,390.16681955781655,301.8570425452199,326.00524370017195,230.87792994641717,355.24310362736384,11.584381652282362,58.99684199833234,570.293398030599,575.0635908741062,584.1774331405759,581.3776234760543,528.8580766828309,547.4614853147773,25.37880267955265,0.4130350908087739,7.933107371011937,10.53106377917242,59.161188965624696,69.13624257200037,100.51107796178096,263.87974478216734,542.9513133655895,619.3572920365767,645.4560333866401,587.0504913330078,460.8428944606407,200.07129702477087,264.429645205989,511.16679750639815
673.8992928569122,727.280118003036,721.926181979185,754.2515228241089,397.0909037789633,402.40171897198474,728.7510490970335,736.0764149247839,570.2442778129966,559.1393126816046,688.6746340495785,682.557685706729,713.4048430506607,632.0598253180624,545.0023827979813,470.7040025619952,634.1820389444794,693.2203738950811,699.5710008409288,675.8113000488281,222.06588841809167,220.23673292795817,740.9094717884476,772.9997366496494,506.68095309072766,539.8427014822488,392.2728133649457,357.7108008464177,663.6062409922762,682.2336000418958,726.5732903267768,718.9830226135253,704.9577043177718,675.6132238769532,553.2590015577233,578.7360659679734,516.0924001013129,563.1290916866726,385.39275236640657,453.7638249486573,452.2864077208472,520.729140996933,544.1745229051227,626.8727408314203,640.9156501738141,658.9927484612716,534.5599609564158,535.7068007142394,736.4439507761309,664.8724738929278,711.7843083905744,666.4249071009922,571.4209767841973,570.3273874638128,430.4127897123672,422.5103387820935,670.8985637150877,778.4360461124668,867.5279985267194,837.1291889956476,786.8321970533289,872.7315186682642,645.0518365795824,818.1592466409314,742.491292469537,774.7116724121786,755.5131032150783,697.226219660052,723.2831642491043,694.7092942717326,609.2830404676832,604.0102629114369,448.424632396173,560.8453282608099,296.45603135703266,332.12603072045556,599.3743846455559,589.6686330454972,589.8061990940824,685.425798688616,589.355569042922,647.1268332910142,502.3603266652425,436.8585455744465,515.6620412960976,559.7628880554681,334.0975676676806,388.4014125421159,300.97509380367893,325.4727336719579,233.8308129405859,355.3175432918966,12.282943242405223,58.614445168959726,564.720751953125,569.7863935050318,586.159899355378,580.6952706591576,528.2030399118671,545.5948572601841,25.899396338616498,0.4139814554023798,7.890334133099949,10.392886731251824,59.595334940066095,68.18690470996643,101.18782950151298,262.3648766629836,554.1763583096591,628.3429554332387,650.1074911027947,592.0355749975276,460.3323547325882,201.4391888143462,263.48611974716187,524.8260445430361
671.6271307178483,722.9649913479583,721.0366259018108,753.0341893002332,397.54751428781555,402.0598925948143,726.9451701106522,733.898502794631,569.8835659075756,558.7451379455504,688.9702320253946,679.8777959308927,714.1028166520657,631.6544908531282,546.7367898540117,472.5991220359619,636.6321084262071,692.5743101506534,694.546738372452,672.5151032714843,218.49543447626962,221.95461756388346,740.2382427638055,773.0774192053174,505.99286649614106,540.8462617895105,393.6587868369087,357.7769997384813,663.4763941854801,682.2273113862968,727.4942194020028,719.6532366434733,699.5649219448284,670.706449517144,544.903645789105,574.0183682728963,517.0723098553225,564.0937119236698,384.7667179022516,449.47088645906484,455.3688579621862,522.856981754303,539.4611773117194,624.2100857558409,632.1600868496058,657.2988473156042,532.489412792458,533.9641190708934,731.7004843927199,663.6160970922789,708.9516016237217,665.1793023729228,568.4762602664964,565.8112163543701,429.19802996616806,420.4154655149057,668.588877449161,772.0915153423945,861.2817858702164,827.8280939671157,782.1426590098505,866.2265714626868,644.3220899856054,812.7078985520351,742.8284064904967,770.6180180591514,745.7400697300943,690.050307710247,718.6024616994675,687.8206008152408,607.6116625639769,602.558361647559,447.77916339559295,558.3899841308594,293.53334830463797,330.03211373342594,591.059172333264,583.5707270831982,594.7639718562999,687.2158791678293,589.645171563744,643.7635386069177,505.4397495015462,437.643615886569,517.0647392155315,557.6198281155013,334.79820811222584,388.50921860670786,300.087721104268,323.60462580736686,227.14386277079126,351.90193881422283,10.707290161866695,58.121755249993186,570.2746815999349,574.8255956617452,580.8368938155472,576.5722043827109,523.2566206643296,541.275142818908,25.096948138903826,0.356280460835815,7.845912544647483,10.237265243746307,58.877346079960965,68.096248540807,95.83522604799106,256.7077510637396,549.0728815252131,622.8240467418324,640.7750100769453,584.4953582377374,457.7012156458462,198.6088617242742,263.4231935992385,508.75769674366916
671.4697541256019,725.094298964799,720.1254024346858,752.4318090833991,396.73201096889585,401.1054133432252,725.9714763670626,733.0682876392121,567.3001054987616,557.1030410313216,686.3739870893277,677.2647974650065,710.5019756336768,630.3180294191307,543.8589667372443,469.7846324035607,633.5103969483579,690.5790899790006,694.5613141991627,674.4050875244141,221.53440782758923,220.47015851338705,738.143702811751,770.8623961342705,505.31131921139064,537.7462856166966,391.2313432640792,357.36868649058874,662.7627609180954,679.2646808765553,722.0031669396428,716.5552365112304,698.4026114900233,670.4564493136936,542.4255906478219,569.4038295516049,515.358807063838,559.7803528397171,382.248862441097,449.86384853977387,452.18282855925014,522.3333287239075,540.6034731616577,626.7017806355988,628.2439774723106,656.0252113230745,533.7620240243014,533.9172071443571,730.8036105002126,662.4961349509679,707.6260494427945,663.9043660845075,567.0619311482383,565.1519117729337,427.74569030165617,421.3528189854224,668.9799569705491,773.9768185041569,861.6079213614083,830.6773226167203,780.583810769786,865.8116395573786,642.7172969153168,811.0641873756064,738.9475068049644,768.3214358082114,746.9733793537268,690.5717375069567,721.0354620089197,687.7469696550738,607.2387324496433,602.644729989474,447.4729692651591,557.8851641370104,294.1022602026013,329.96102389483383,591.105580314261,580.9221957511427,594.7657847303025,683.7941534859793,589.9913781118576,645.6209813445313,503.5878507677714,436.37946983446676,515.5285189473157,556.9182029078376,333.486949504123,387.6494088999201,300.0801508318012,322.7460219415351,228.64260918359906,350.9693706656992,11.600005521600703,58.26638101896935,565.8966990152995,567.3898118875794,582.7539325476391,579.1716587187478,522.5461674270435,539.9932084211802,25.093490121647175,0.3893135445019989,7.993196646790308,10.445656385472892,59.16350330954871,68.8977061529038,101.39024779200554,263.61948302212886,537.6445589932529,621.827392578125,645.5229860856228,584.6841909674149,456.1912220506107,200.98664174130872,264.6472958073472,508.69961968783673
671.031380321228,723.968341095279,721.3655145035062,753.2993643445323,397.670908238167,402.3007560287203,726.9526345853814,733.8489029774768,570.6090351708082,559.02163962458,688.129338086136,678.7300485156832,713.4529942926371,631.180106823261,546.1590750591079,472.0139227635216,636.4847721624149,693.0557918865419,694.1638035682882,673.6724873046875,219.9084802865982,220.62691287994386,738.6758336793808,771.1609789076306,505.532903281806,538.4293353950584,392.7393083941212,356.7044055196974,664.0756463464701,683.0098118534795,725.0366991899145,717.5862088012695,700.0718431634418,671.7383515082465,543.604487344493,572.2072246505553,516.4373162895572,560.9813562322546,385.36909461021423,452.4613584597013,455.02325189309045,521.0631537437439,543.6077171925988,627.6522681069035,631.1607353053054,657.2791552459985,534.244694386632,534.0203807870824,730.2215169106761,660.2637797828294,709.6628305546873,665.2790475534481,568.9657397077757,563.8590321447335,429.06154590389866,420.2731196408186,669.4298084338419,773.7921349097181,858.6284691170019,824.5897790790723,780.6863455332881,866.5500906786872,644.4163904219228,814.5689860292913,741.8643928641703,770.5629615537264,745.6380768079437,688.8958988786572,720.6740466075338,688.6861503137409,609.2132894155142,602.741575585037,449.14659216644566,559.6950776731813,296.7457099582838,330.8324024039255,592.6874402155642,585.0921287694907,595.581005989237,691.1727948869977,592.9595433085358,647.913093375073,502.47884077707926,438.36956758817036,516.2874959357509,558.7182414340048,332.5577509206884,387.89723170793445,300.4831228499922,323.13361969018297,224.67027081862244,349.9798396759232,11.458357086863273,57.820485402869295,568.7547302246094,570.199206853317,585.8510208055377,581.7688351454239,522.5586859142508,540.231496358559,25.230550754594763,0.3602034442592412,7.79768025697277,10.20677407521476,57.95508669521902,67.75452431709435,96.61533461940579,257.20480171371906,563.848593971946,629.8149036754261,647.6798028113858,585.5070163388796,459.028178210352,201.52842354669906,264.94729297811335,507.5166299754176
671.0106068941046,725.183059783897,720.7394553693665,752.8160005926611,395.707557378536,401.9954028491463,726.0812563168524,733.2929710875167,567.8120291087092,557.8361380061165,685.6964512646683,678.0653422098311,709.8887676153952,628.4994504905422,544.8633848517688,470.31415537273324,633.7494680395623,692.7202007255681,696.7211089737114,674.1293966064453,218.72110820478864,221.51898136138917,739.8787788233544,772.0144561888679,503.8006364213235,538.9294394817981,393.37577668079354,357.0716988775465,663.5789197166011,680.2835253303433,724.7175916136093,719.3638711547851,701.8354340892727,673.1048585340711,546.8011730028236,573.1090768101703,518.0213547761219,561.1371452896683,384.1108215578965,450.1566904618052,450.8565698842533,526.1028242111206,538.4541645314958,623.5864289631776,628.9253157463578,654.5135259237903,530.7937463255953,532.4432806001677,729.4051523516255,659.8128753897032,708.852044138669,663.9868665480278,567.4873304837488,563.932302830266,427.6157580569625,420.4725155182634,669.2606140337273,774.0864762266477,861.7140696713013,831.9488995034967,782.5393886931046,869.3296177441248,643.1518527622981,813.5351855784287,739.9772436796729,772.9029740005809,749.9809445841928,692.9601811659684,721.0048926286637,689.4677344896517,605.9517046610514,601.245328121498,447.6979520780231,558.8590970390287,293.95564822874206,329.7894921101315,592.7812129786757,584.3077081070896,597.5669854346742,688.6951588221958,591.9201326918328,645.2034695645722,507.90383673350016,437.59267460982005,515.6277941245864,556.6926089520128,333.7064537931891,388.5727955201903,299.6766536597861,322.975261067481,224.45007355063396,352.46815401514374,11.071481489309075,58.80607226234626,573.3717956542969,575.9562760692531,583.7024075761437,580.0264183493222,523.7040734715741,541.9166579025008,25.27594745308651,0.3959201972560819,8.022141268435249,10.419905802233552,59.09940461283714,69.31071445092644,98.76614401924114,263.841468222001,533.8422574129971,621.4132002397017,644.5656312264052,584.458775773833,459.16246834923237,201.61201429483071,264.9091668562456,510.1918997929014
670.6392971790949,723.9611521730519,721.7008713621306,753.3253610390591,395.4252554405567,401.9543590332781,726.4337131145767,734.1869264773105,568.5127373617522,558.1969571504436,686.2597961425781,677.8501215556312,711.1803706645147,629.8614951685855,543.765804440228,468.83312023129713,631.4229144778861,688.4133211053487,692.370201198534,672.1066955566406,218.38963199986352,221.9825330734253,737.8888824677571,771.8942684597439,502.4848003786896,538.0655563270652,392.00158075996524,356.37220927079517,661.8555044678022,679.3548920431255,724.1530618342202,718.3281089274088,697.7461004095562,671.142204928928,548.331119835895,572.784774228751,515.3744417434222,559.0020807054308,385.07018572943554,452.4663985177372,453.4226722091925,521.8789162635803,536.9563967573737,620.9100105321803,626.8835344473964,652.9582492984526,531.9253088186595,530.8510869232924,726.4960752425656,658.6372393163418,707.0158628863564,662.3018229828034,567.1471182989967,565.0852007398419,427.5106018576275,419.299775132571,667.8402166460587,771.6744004532143,856.3333807465325,822.4888945073169,779.9552234417459,864.0580147061147,641.4339384026483,811.7622310732618,738.534325443097,768.6496681464735,743.9405429540055,687.1400902818407,717.0421095927051,683.3276579630309,610.8470254502855,603.9365367264044,447.8230708760953,560.2413967512387,296.2609219758407,330.8331614749532,595.1902265705046,586.2915821629441,589.3417884339677,682.3776822771345,587.9808788080325,645.6068054444223,503.00778934796654,437.07524401982624,515.1275729040742,556.6107909428089,331.9127385125441,387.27582849578306,300.27537171853083,323.25731822652955,226.51824690054008,349.83152997066577,11.635677657547165,58.01511760084877,565.5183186848958,567.2115307824087,585.0061949118972,579.5115668180301,522.2702447051614,540.0647413818061,25.392179656075314,0.36650706139065464,7.921901727376213,10.160377019112431,58.47698030611765,67.84279147813457,100.61682787516878,261.23372895577376,543.2412525523793,625.6511041814631,646.9042008163145,585.3133869412579,458.21564735150804,200.39736692751185,262.65916152433914,516.6125141012258
670.9968279013245,725.9247425108244,720.763363533156,752.5503928157913,394.94204065744265,401.24694957158397,725.2914969858103,733.4458313767453,565.6290479387555,557.0568024916727,686.4574284127089,680.1955786326575,709.8239158250865,628.936514186473,543.7474354345408,470.295499613504,636.4347380868631,691.2579718301463,694.6257696626743,674.3718239746094,221.95868606037564,221.38633556365966,738.9120299929664,772.06513995216,504.5607639033133,539.4350833892822,392.4987622677292,356.1807571252187,663.3227156333204,680.9290014196325,724.9591805765948,718.6451735432943,700.7095379586947,671.9736728244358,538.3475258868674,571.4662990340267,516.199272525468,562.7557405542444,383.5667418781668,451.85953008816034,456.47388195600666,522.9915480613708,540.7981025496173,626.8970192280991,628.623653130279,657.2606704834609,532.3312520823202,534.3241719365953,734.9181869999055,664.2538251191639,709.8806085083322,667.1590716882012,567.9074489781675,565.0040440278894,427.2155407300851,419.9659711912689,669.9850532389679,775.4936258814953,866.3405997686201,835.4969962229201,783.6004132345448,871.0141632919558,644.1889161276162,814.8547390831841,740.2978167178026,773.7014287522289,749.5446553262432,692.1854523189874,718.8758507017876,686.2673275773697,605.3818035469399,602.327968284732,446.9770277705761,558.167079842968,294.6135532545007,328.02888682190803,587.7497583608158,580.5954864628582,596.7943271068816,683.8619613647461,589.807513211422,643.617983934629,503.14994313716886,437.96684772809346,516.1649428111341,557.8881482416862,334.57127913306743,388.46823697227865,299.7517117166426,322.774937135244,222.45373360240905,348.6953022420406,10.451681448749257,58.032543531905716,566.0778004964193,569.507169561871,583.3141751475632,576.6719616851116,522.41875067558,539.1322819399659,25.15132106914136,0.36894561640435347,7.940500610817245,10.28002074871526,58.490443087477566,68.42574787394254,95.30761104111379,254.880892459084,549.2800847833806,623.9476540305398,642.0173401288538,584.0262991989715,457.83405550788433,199.7393066945829,264.0180946985881,504.42446794181035
669.1420614879838,719.2434265782134,718.3447200307949,751.0412954733191,392.47988742118656,401.09643903693984,723.4418136973921,731.7711522918052,564.0486375580028,555.0726852397449,685.0146878250246,671.821787516276,709.3828917514808,628.3670704258599,542.3032806939747,466.95182737819016,634.1957371426985,691.4018253060275,689.6551777923701,669.8803914794922,218.62037784523434,221.40256640116374,733.9817498894824,769.2729465242417,506.0534740967276,539.8767174940842,390.564697265625,353.0847072866228,661.6121191528608,680.3377130579065,721.5160147198854,716.3842759195963,690.9144906512762,665.1098413764106,538.5019352788511,568.0460914703737,517.8274995240871,563.6027561470314,381.97276614180635,450.23184325543235,453.2491657694832,524.9174356460571,541.6816922648559,629.6371968346184,630.4115838984593,656.3130305775425,535.8403662295381,536.3037927400816,729.1333986836095,661.1686914169893,710.5514242940582,663.9926087937845,567.0845524740861,562.5534442639819,427.9799627097419,420.154665764342,665.5892851078497,766.6174253755146,850.3783496831973,812.6683879086493,773.5825080672554,850.6665444975918,643.2902210480577,805.2477464165707,736.3795885683885,759.6950745348474,735.577914308698,681.9428794977562,715.6679802183892,680.0035378471922,604.7941099458986,599.8804851907198,446.8457320327059,558.1647100407324,292.75280120407325,328.5558895057356,589.7851721341493,579.8839608979918,595.15012765438,684.4458803449359,592.8289638533903,646.8633177708525,510.09870288213097,437.77558606346446,515.4367733892365,556.1126487115283,332.59089198673473,389.1739875091112,299.80715920651954,321.63504568989146,217.27618876228613,341.5519312914212,10.245574396230815,54.52166574931248,569.631679280599,572.1487080202264,581.9837356954813,578.4855148867784,520.0277141541925,539.818741562897,23.161099114709558,0.1792376434913388,7.345621585393301,9.339939474615052,56.585021025646846,65.7453388313948,91.23033954037561,248.74355547568376,532.2402870871804,618.6882335316051,642.0264040543728,583.2192927493325,452.26644437453325,196.01373171897833,255.24032855756354,509.74757648336475
664.8856872054171,718.2861254335654,717.6866237626773,750.7286609900425,393.462827001616,401.6231446596129,723.4823497567336,733.3337838680186,567.6273556339497,559.1136664562538,685.8039386408116,681.5677110036214,708.8681579380461,630.4123474306423,541.7836375948209,470.3263166891434,635.2890380570109,690.9727032430148,687.1354153220224,666.0937821044922,225.83290583557553,218.94563058217366,734.5685390012089,771.9383407774426,502.89583448839437,538.8657546829392,394.2066418136681,362.0435155232747,661.8399177047442,678.264951578776,721.7505118302473,718.4610139973959,690.1678962060961,664.9689750840929,540.9095758852751,569.6965162897684,510.17986529514127,558.7370136402271,382.8760630052005,453.035290250171,447.5337480638848,517.788507938385,540.2580566652238,625.5813984803113,633.3551339073765,658.8044369457758,533.4646603568526,532.3019106838253,734.2414456275202,661.3629694348556,708.222240602648,664.7557320170239,571.0598134609615,561.5999828600416,424.30824359229786,420.3832307743753,664.2698179079956,766.0855544540617,847.6596525451791,813.2816168980124,778.1063986073369,852.9343794541837,646.3196476460961,811.957793149438,739.7138685539587,768.7954977394999,738.1673384591435,684.3860179015095,706.1514160739389,674.0777960508568,601.960901689959,602.00189874993,446.85708252443084,558.8692825779771,292.86006396749747,329.70019595723755,587.1722981187164,581.4717053931778,588.3225591131982,684.3881247384207,587.1610383658574,646.2864688404358,497.7977797381083,433.46335052251817,516.1239551645018,558.564651255877,331.3644222483915,384.484514735666,298.7915825340897,322.9613286965794,235.7519618277335,356.6844551421702,12.743430225506287,61.12955742879533,553.3380676269531,557.9677713685116,576.8925588056445,570.4499777884505,518.3043399839911,532.7109281451311,28.228635041217785,0.5754323775789494,8.933938423443712,11.582881603091456,64.0709224096036,72.71476965440658,115.44796988699171,273.07550191002736,552.2070922851562,618.5730557528409,635.6996931037647,579.3648577340042,459.16330028982725,201.88453578112419,277.4410922744057,534.3576249747441
676.3109103476424,731.0679201742615,722.2976568360391,754.9739081508135,394.9530128301576,402.97718074917793,728.3071878080376,736.9876586394614,567.2063324889358,557.0308199827788,687.1983875801893,682.5768291594491,712.4588899955946,633.7523400156122,544.7526580946362,472.5362582573524,639.5154256956272,694.8659421597604,698.0533033933676,678.033842163086,222.4204612043169,223.63487230936687,736.9654806802455,774.7205547756619,501.43718703504635,539.4789080777011,395.04275567492067,363.07123923301697,664.7235500407669,685.1254746048538,723.7626249859027,720.1009441630046,702.6610519279868,675.3134025065104,544.0062071427055,573.9400447247976,517.5749568855185,565.1935241840504,384.4697756596974,451.25080300091804,461.5838730608831,523.8008391857147,546.3100387633793,633.8302605796199,633.0685465003787,662.497704723425,536.3120226406854,537.2286771010686,734.2506616407825,663.7800442144668,709.8396398870794,662.0118465692225,569.2942834349491,557.6672150106991,426.5432983583921,419.7115912620838,674.9801317196163,780.141517886409,868.3738210855241,838.5234668724532,784.0406396484375,867.269803587287,646.5776091876015,816.9574393401912,741.927359737567,771.4107076462541,754.91124822638,698.4349659016467,726.8497348469534,696.9176659346944,601.8261266141325,600.6751458527611,450.3636915399394,560.0558742506679,292.46963677890056,330.6042697530397,590.3794450603548,583.9498158055222,595.8636864195479,689.0778089250837,594.558676504084,647.3914464310388,508.82235111872353,439.386997591493,518.5446702814312,560.4929638746684,330.22682155230467,387.08786258112224,298.2702215295285,321.9279409936131,225.32038513880937,350.38957827645044,10.655621070544132,58.173029974695126,567.2398254394532,575.9912445585607,583.5327545665205,581.4195506928733,526.5979830326925,541.2083837607088,25.04489659178963,0.3592628737877089,8.219866458214087,10.629373445707772,60.22960050750228,68.85070347228158,99.20114668003387,252.0211264666389,550.0065612792969,622.2582996715199,640.9190296966758,582.2456066276453,456.9588015500237,204.17445071355291,270.81759935436827,509.6395421521417
671.6136255906071,727.6716922124227,723.3975918619018,755.3458300434736,396.28048006102097,404.76937190549717,727.3350993723109,735.5690448907081,568.4182038404504,558.1025152714526,688.8003443896285,680.1611168937078,711.4030009510178,631.9970766291444,543.3484089505021,473.91903917813124,638.462513132683,696.0979921968276,693.0340340566818,676.5901517333984,226.3684061633216,220.67804412841798,738.4245190386476,776.4201217984396,501.973527723582,538.6381598671715,397.1311883030675,362.99501317077215,666.4699392858541,687.4836192943432,728.806809272666,721.5904570007324,701.7789143707793,677.0892329915365,551.6109116927437,577.4192100432982,517.9819172594516,562.1720449659559,387.45892938545774,453.7190562901872,465.3589437516009,523.4716200828552,552.4948460033962,639.5590806572358,639.9294285535149,665.553830988923,538.7384621998496,537.8997586823843,736.0435678297473,664.228575650548,713.1148417606623,666.1397936742311,570.4579246418358,561.5508262035894,428.77098895093263,420.75741330730546,670.0217327272513,775.4697671598858,858.1966477593902,824.1927034331532,779.2566443401835,862.3665537170608,649.9179466317553,821.5923875879358,744.1331875929192,769.2140525909049,748.9814855211237,693.8605194231068,722.4957110168068,688.8684656975678,612.7567183348509,609.2675653051158,451.0277291394155,565.4779873141995,297.52220949919325,331.7330197616362,600.8602383723024,592.196976531096,597.6571850066489,696.2598233904157,595.4573997409865,649.8791781861479,504.20943290074666,435.83011623303094,517.0465635913059,561.615680991641,333.45200094230034,387.3929778281532,300.4218567898497,325.72882634323173,228.98756371883766,353.02821843735876,11.862668602628185,58.2155978308777,568.4326436360677,572.7064933130297,588.5935228895396,581.9226227151862,529.5059449678765,543.8153567045999,25.473085111099,0.36477961443640566,8.187642452374018,10.533450968952716,60.021756526432206,69.20290497254821,100.6529858128892,257.9515636948978,548.0963689630681,630.4912708629262,651.0268745166343,590.300237148623,460.99473738202863,201.5937045901491,269.12069348132974,520.3474899818158
672.4623421012582,729.1600825473515,721.5256540885862,754.5819340968037,395.72504297744393,403.8024191898959,727.5424318955886,735.199699499252,567.7011285606695,557.982752411092,687.5735019590796,682.0027432093544,709.8005728615291,630.7084014985243,543.7413369245197,471.5329214787069,638.8062106308779,696.871454942266,698.2964512616738,678.0778602294922,220.62230507118835,222.5851146697998,738.9872667689688,774.097275431194,501.85038796270084,538.0631953228961,392.50148010253906,358.92640592654544,666.9395746914846,686.7917212968991,726.4487062789636,721.2676992289225,705.8393279899985,678.5981167263454,545.7113849142323,579.0731204848692,518.7637784848654,563.460578000104,384.93017714364186,449.378950897674,458.97507614385887,528.2549149990082,549.5670925586943,636.5098060499436,636.2732499675167,661.8662525980096,533.2618841730858,534.659517034784,732.3259801310878,659.9891248105907,708.0449749788262,660.2218420980442,568.85816787925,558.0106471753588,426.0307034040217,418.28188424336736,671.2401039148605,777.775588825897,867.1042525289383,836.6363671823469,786.0380771272079,871.2553910931338,648.2313035504169,822.4823616169117,743.7064969646397,773.4240665583648,757.5478848746653,699.5773327208029,726.0111325014929,696.590771079722,604.1395228274233,602.6083157023445,444.68065671308324,559.8276270746669,293.84223783188975,329.83212538168465,597.2439490146324,589.3610851240356,598.6702828914562,692.2140284946987,592.6086526337255,646.8327158274572,507.1748180707296,437.8206781519701,517.3022561321175,558.546213444708,333.0488878558664,386.28952801184533,299.72701382962987,323.4960491923666,230.1796772212726,353.72116187651955,10.973608996287954,58.6588691901453,570.2929260253907,579.6544194625595,587.7663029879332,581.3374829529637,528.5838685751568,543.4886466121907,25.717807383088115,0.3306497634716194,8.241608963012068,10.581053873500787,60.15491542020637,69.26072767732404,97.07477187717126,258.2202140443465,558.9171420010654,626.3706986860795,646.427459102349,589.1289968369882,460.80404577068254,203.01971161077944,269.3499789237976,504.64725152377423
671.8885689727531,726.3127522998386,722.0025111412747,754.7286879018958,395.19107707267585,404.500531741551,726.9919264745428,735.658637279754,568.3122836327066,558.9168520970422,686.3809480124373,679.7985034882076,710.367821302463,631.8810336309889,543.8028710754356,471.6140313609954,631.8395628725748,690.5041736843579,695.561612827111,674.6223171386719,221.82163072625795,221.17944412231446,737.068063799953,773.368921537248,500.5104863830886,537.186610169463,392.8220785994556,360.61287599139746,662.9840956813885,680.7281735267168,722.9013136015163,718.7335691833496,700.9297995486502,673.7236025661892,547.6168363488239,576.8546598503389,515.3130462243168,559.3047990445738,383.18909623367443,450.5104606857014,457.70793552086,519.5333943367004,543.5328473174383,629.5521264098832,628.7462377946689,653.7547982979936,532.7039106778863,531.9773549433355,727.2268238190682,658.3281490152532,707.1391309617876,661.1541156212329,567.5791273929613,561.0903004665,424.896399754614,417.53107827931103,667.4920220432512,772.5682143944281,858.9854509588451,827.1266165012266,782.2626164444633,867.413018754385,644.1373198622957,815.9113492377011,741.1996730975251,771.855741730032,748.454094503167,691.0227515468677,718.2009153912782,688.7737005244303,606.0206192291535,603.3515319824219,444.9193017942096,558.4844715068866,295.44284079731375,331.1137362198091,596.6369695194433,586.3583774170935,591.9518887134309,687.8804670061384,589.719246904512,646.1358683698744,503.044561624527,433.57639294544856,515.611344322339,556.9907339767174,332.1917565275641,386.38828671107655,300.8098264171276,324.09525068312064,233.0475690494875,354.29226453166456,12.080777978214124,57.542880242177,565.271538289388,570.2856822902874,584.667549691163,580.111686464888,527.5733334490361,541.5759613111725,25.33192830676164,0.3206554694842823,8.022001239443668,10.308084842948093,59.029932646299336,68.04087633953019,100.8817520524996,256.2323210590026,537.7492148659446,621.0928821910511,646.8089923218593,590.0154888297938,459.18620378830855,200.06474354497175,264.69531803420097,517.6332039668642
672.2314021843524,726.6975311173333,721.3050661302492,753.5791498503362,395.63076843882715,401.4160499572754,726.1765270704707,734.1871998628657,566.995370125284,556.8151421351511,688.7297659152891,679.2166735936725,711.3612307095405,630.3999719812803,544.6904899777464,471.436737217915,633.9606444733968,691.3019111607954,695.6022426561377,674.0494445800781,219.267796198527,221.87763938903808,738.2353251431067,772.5871173010933,499.4859232328325,536.4684808332842,392.8510392963557,358.0756631029977,664.2756052736966,682.5725747567636,723.4283231399817,717.2298148600261,698.7550977286646,670.7047642008464,540.7173950195313,571.5838196536145,515.6939146739271,560.3232871867992,383.2895875307066,449.2104200584612,454.2945336513832,523.1294600963593,543.6468706528345,629.3114579187185,626.4796825836628,654.4501968740719,530.5406281199337,531.1448373561138,728.1576301574707,658.1040876953483,705.6849701401503,660.0725602700677,566.7625218549651,559.6417904367634,424.9828220209898,416.82945360879853,668.3542433338646,774.6213928990894,862.9193805999427,831.41106901473,784.1561739979619,869.3209096174024,644.8528632767703,813.5613645388756,742.8102136868149,774.7061323651355,747.5966066853384,690.5107542045922,715.6661666578548,686.0491607834621,605.8066236822455,601.1124155638648,446.1601374914887,560.0540080545269,293.9378532741381,330.8200126970318,591.808292201308,584.3375681010519,594.2825921241273,688.155759538923,588.2808613685812,642.8805446272397,502.6559003384908,435.3843373711904,515.9034804894535,556.4416871883703,333.1618964223301,385.1919258148662,299.71096474677324,323.1500392725982,228.31934566485913,350.7491946952542,11.16792332334444,57.44772263851871,565.5181060791016,572.2400062690347,586.1444039344788,579.1897413849291,524.7570317586263,540.5863815158388,25.070054808080098,0.31093998577238785,8.01051954271107,10.325891033135122,58.43946200374722,67.92460085303392,90.50892064347055,251.64596042212318,559.8380182439631,627.776397150213,645.5907072540898,585.0108936164953,457.1245732774922,201.36635774779216,264.44646224108607,509.4785619275323
671.9633429841421,726.762709135961,719.8992581180387,752.5700262457251,401.4415581148724,409.73161387017797,724.9745752411019,732.7208664394947,571.4576246008581,565.7821267042003,685.868278503418,678.1570733993773,711.3389211036329,627.76789852096,544.0619719502938,472.0159757533677,632.2420271019236,688.2151832200364,693.8035766484637,673.909662109375,221.90768486923642,223.79204365412394,739.306498627986,772.2527107511248,508.53256692436975,544.1941050435161,399.80283250334514,366.4679652187559,661.1338403629807,676.3077200430411,721.3837080827848,717.2481712341308,696.9336949364614,670.003090209961,548.9249160103176,571.3027549651732,515.9141715969809,558.9541441599528,386.02570783666204,451.1762390279591,456.1309146568423,519.6682772636414,542.7613046490957,627.2800070233819,624.8464366493118,651.623409371627,531.0667947895271,529.523124738173,728.960278098814,658.2918917895499,707.3911044563873,661.9616816806601,568.0552554280234,560.9900207519531,424.4475208173637,415.84630497153574,666.4344962747831,771.1352381949072,859.1052776031823,826.4163538948903,782.0623316491168,868.5364347785036,643.3528811953483,813.5417268148666,743.3447944299498,774.4417130645239,746.0379907586602,690.2365783988517,714.5141121445188,683.5892374449672,606.4712043968407,602.6452160194272,449.9357731670415,558.4906072575293,294.63741888516194,330.7775595221721,590.2974954823978,583.7405004224341,596.5617623836437,684.0553425380161,586.9015131398636,642.6480791278966,501.698975944519,428.7028975355625,516.3833020214468,555.6115151121859,334.3516587145188,385.5634670928928,301.70689422109473,323.6453877359238,232.131035113489,355.54598296577734,12.227325960152989,58.090638653238415,568.4252095540364,563.2440645896783,582.4968647658825,575.9743443484759,527.3879008984748,539.8279031786184,25.13987046459653,0.34188518034363236,8.339591660854678,10.585148416023834,62.08282148837161,69.7133474547456,104.4942284354733,255.70476867170896,546.9876792214134,616.7129671963778,641.238556317835,590.1989191755464,460.6936247208539,201.66371334723215,271.02427128589517,536.0653212974811
672.7096167049835,729.3826962576973,721.4106512897505,752.3694745021987,401.28076640284337,408.2056687091078,725.3500680752727,731.5367330348238,571.4539727483477,564.1487016873282,688.2799519484605,679.1000225067139,712.8889041854832,629.4349575428828,544.31912529172,471.6815062906251,637.2727444183205,694.4818133103887,694.0902824548012,674.4315993652343,228.68421492311688,224.63506739934286,742.0844103990695,775.0025435099526,510.2102155685425,544.5173188513452,398.44135524686527,366.21693069405023,663.8199667300818,681.0118422520013,726.0838578191642,720.0721573893229,701.375212459241,673.569284532335,552.1163332068402,574.3634665615588,519.2703530063714,562.1047631016484,391.1877958998084,456.1318595400464,460.8872450531506,524.0324859619141,545.8266452342745,629.1741956376352,630.9300922736484,657.6917933636938,534.8920064997081,533.6024640290053,734.5185266556279,662.7504354124545,709.9235853197645,663.9708395330479,568.8163408014271,563.4837313820334,429.83601085500226,420.87414313552813,671.3672166471283,776.4331789502392,863.9452825756362,833.5661021907155,783.2896561863112,869.795746244659,647.6355335107272,817.9151288962659,748.6229441628527,776.8455422420526,751.0452698911174,693.6181955370685,718.2966336778775,688.9621040807904,607.4430740631378,604.4388631914483,452.20401700921013,559.1891239050663,295.0650393720986,331.49977821027727,592.253637907935,585.6792948236109,598.6163343064328,691.2783126831055,589.5276159819972,643.1021617698735,502.03527693430584,432.98147868673004,517.808028230373,557.7779126482019,338.13001529188716,389.28472885887544,301.21389975522953,324.508316338453,230.94299138279817,356.71494118963676,11.053990720337929,59.33122176356554,570.0778533935547,569.9667084257482,590.435133844614,583.0099657844095,530.227892878098,541.5656155537276,25.23902676058443,0.38736123377802195,8.399498506232028,10.853521061315718,62.36669930342311,70.86747713857055,91.56435852923379,261.3697802880231,563.5304454456676,627.4826327237216,646.4243782606701,590.9809427382071,462.61643196554746,202.6554558779064,271.11578973134357,527.9739979711072
