ROI_2001,ROI_2002,ROI_2101,ROI_2102,ROI_2111,ROI_2112,ROI_2201,ROI_2202,ROI_2211,ROI_2212,ROI_2301,ROI_2302,ROI_2311,ROI_2312,ROI_2321,ROI_2322,ROI_2331,ROI_2332,ROI_2401,ROI_2402,ROI_2501,ROI_2502,ROI_2601,ROI_2602,ROI_2611,ROI_2612,ROI_2701,ROI_2702,ROI_3001,ROI_3002,ROI_4001,ROI_4002,ROI_4011,ROI_4012,ROI_4021,ROI_4022,ROI_4101,ROI_4102,ROI_4111,ROI_4112,ROI_4201,ROI_4202,ROI_5001,ROI_5002,ROI_5011,ROI_5012,ROI_5021,ROI_5022,ROI_5101,ROI_5102,ROI_5201,ROI_5202,ROI_5301,ROI_5302,ROI_5401,ROI_5402,ROI_6001,ROI_6002,ROI_6101,ROI_6102,ROI_6201,ROI_6202,ROI_6211,ROI_6212,ROI_6221,ROI_6222,ROI_6301,ROI_6302,ROI_6401,ROI_6402,ROI_7001,ROI_7002,ROI_7011,ROI_7012,ROI_7021,ROI_7022,ROI_7101,ROI_7102,ROI_8101,ROI_8102,ROI_8111,ROI_8112,ROI_8121,ROI_8122,ROI_8201,ROI_8202,ROI_8211,ROI_8212,ROI_8301,ROI_8302,ROI_9001,ROI_9002,ROI_9011,ROI_9012,ROI_9021,ROI_9022,ROI_9031,ROI_9032,ROI_9041,ROI_9042,ROI_9051,ROI_9052,ROI_9061,ROI_9062,ROI_9071,ROI_9072,ROI_9081,ROI_9082,ROI_9100,ROI_9110,ROI_9120,ROI_9130,ROI_9140,ROI_9150,ROI_9160,ROI_9170
833.0480579074468,756.2082438002143,867.1261252359034,843.8244455706076,416.48309351455333,460.6389431687338,905.3809720020669,782.5505314019385,693.07795935261,648.1631309673435,850.2400148283175,679.6537550956484,889.7018486925914,609.2768796296255,655.1599452483713,489.4882068243571,764.3108795310649,703.9724648117623,825.6142191101308,836.760921508789,437.27221308814154,351.05142714182534,889.9258410521228,903.2531879970005,584.1908751245569,730.2405521476662,413.3375302414868,334.5013344552782,857.2510900677376,792.4196421682099,917.3220213241777,895.71816599528,842.7060969724494,820.730494656033,729.1520523734715,711.2139135153897,622.0660508613754,618.6345539093018,445.3970808855125,427.00359224469474,558.2601781125928,612.4204525947571,681.4695472244232,747.2720845660892,742.5712646973167,804.0145185147113,660.6824072412223,629.0856075553627,836.0372190598519,741.0373997506508,872.5423924312322,715.6155625828795,715.7081010245422,586.8816677916284,535.0817196396697,484.16482447499925,834.6090141037338,817.3269815511173,887.7165262704276,805.8049727702901,903.5011969790252,825.2569310641983,800.8813841350217,789.1496281329496,893.6743768151126,741.2095041076342,787.9117618239328,811.8663659818646,847.7694506797062,865.6645546591743,774.3390792296814,726.9540441857009,640.5675716575132,685.2768120043205,405.76873093757075,418.464418867944,716.8006962010118,700.4162787599682,749.5267074260306,726.3274579729352,718.0666913913127,660.271730227365,425.97941634496055,452.16097584247586,648.9287624476765,621.5157722695487,371.0723482580746,419.48949816080636,429.6520906307463,410.62278653258795,136.69248174197128,450.23750140527886,-0.8786733906416446,-8.941459143343167,721.9874226888021,686.692067291777,753.0217006653547,720.5360583827506,637.4716704328551,709.5145568987559,-1.5962280072562862,0.6273349834675038,-0.29489814702184675,14.675371409003855,6.809577846951974,9.355790432645207,-4.850534756978353,29.38739301176632,699.3369473544034,766.3838545365767,806.9329557482828,752.7096376056912,507.6443214136011,144.30581100415765,55.85862815921957,356.4347887368038
830.0541613217368,751.0257578754064,862.5684931025919,836.9088364637705,412.4740187963774,455.88851968518327,903.9916964837454,777.880730842428,680.233460017613,644.5243610847192,846.1366248402169,674.2463255700611,887.4521140986814,603.9968929319729,650.2741750460953,485.3028622608327,758.7743086973073,699.5645595579052,817.5223947283865,831.1220476074219,440.9079918861389,345.9642225265503,881.7862097229621,895.648852575393,578.4194718980041,727.1355671935029,404.2185549130097,326.5350453058879,855.8424030519882,788.1406855830439,913.8954744914698,895.1357215372722,836.3635486667439,817.0609814453124,728.0006833283798,712.2292679016849,620.6415855642982,614.9717962476942,445.2365374479975,424.2936932460199,554.8563682681224,609.3245053291321,678.1380486606605,744.6589382225868,739.3380560011585,800.7122503804882,656.1619339166595,624.2941083174485,833.0967295492849,738.7056256682991,870.2520084651127,715.3591889644292,712.3705773289428,582.4683707555135,529.8117557078018,476.46155889948096,830.5523063768301,811.392190846856,882.2409543043594,797.9594870839289,900.4999405570652,819.2171449506939,798.1805566385252,784.919970551636,891.6933848822295,737.3750879240898,784.3715010926965,808.0389544894201,842.1694670270203,864.8042322654092,768.1621631931614,721.9493040804003,640.5118660183127,684.3364914402817,405.11063484523606,415.55179155376595,716.0002842887503,699.568033685328,746.5967524102393,722.9814137050083,717.0424363878038,658.1074189099159,422.5770983695984,449.99176358819005,647.2413132085674,618.3026221692845,369.4632881388945,416.6910073800207,426.99943010609906,405.5163583755493,131.9092302561116,438.69546270539365,-0.8972261903680326,-9.325241404152672,713.6939717610677,670.5784247446868,739.286398075521,705.5769842329069,628.7446517301273,701.3514747268413,-1.4110453594797658,0.5567064013780543,-0.3388921842275297,13.763305800393988,6.326673235300646,8.739196094335057,-4.274257136715783,24.802683002808514,689.6392045454545,740.2125810102983,786.649476531368,735.0224149679835,495.9188477572273,139.86226683332208,52.448657628261685,343.7898060699989
825.9229197766733,747.7261520274961,859.8289240180525,833.8585809378985,412.91288378515907,454.61575274808064,902.1041590567846,777.5298787770373,682.0909829626278,643.3290763448497,841.9844300494931,672.9499032262772,883.783508470905,603.1575544213476,647.9433370419403,484.246377978668,754.6711263792209,695.3920565491103,810.2076447585533,827.1144011230468,443.2768536673652,351.9209728240967,876.9392423203153,894.3424180651468,577.6936192793372,727.5656755677946,406.00832320576876,328.05510029527875,852.2717971082004,785.9294386121962,911.8195467570948,896.0638685099284,834.9627143730552,817.9632755533854,728.4739255158797,710.8392863445971,621.598529093066,615.3414132859972,451.5100785919598,423.3347263479054,555.2875191110079,606.9340963363647,679.9179036636201,744.1871486862689,738.1044476065463,799.4280560588279,654.728567176614,623.6556007878763,831.1146400420896,736.9644134401226,869.931225633069,713.9969886684082,712.1959426777245,580.3438329322665,530.2991717719269,477.0747240297923,827.2404876073898,809.5922365641153,878.3325535174837,790.7011537640225,898.245441629161,818.6597984585561,795.9023167204784,783.0833407939707,892.31070014612,740.5845451016143,780.9206054205305,807.481106361527,837.4084619412756,858.8936357866993,764.4923105669451,719.8303156368067,640.6834908581654,683.209883256392,404.4226779661317,416.3185547304825,714.8100868600313,699.248484504668,747.2984917823304,719.5920083182199,715.0479223244035,657.0815569709019,425.7188711420695,450.3185462745031,645.4041128461056,618.6682453680809,367.70450552772076,416.3546907686585,425.3841400979242,405.141739646499,131.31297020979562,437.5524509338786,-0.8883138351181211,-9.340474377336614,712.0554504394531,672.1810331182965,745.1875143498182,708.8166750394381,625.8034387923985,702.0039919676,-1.4264339380315505,0.5450870091302528,-0.33571289838631796,13.870507777083965,6.326940792518937,8.881789834108403,-4.457190599706438,24.70893614432391,701.1494140625,744.367909934304,789.2796976998349,733.6802240685572,493.280688715916,140.0782916292287,52.90125677982966,347.4784948085916
825.8703584569686,747.93428794558,858.9876498790474,835.0364305004181,411.3974078244941,453.4421669138329,902.2300253800622,779.414095215493,682.9929554997658,640.2189285637902,842.6180101720298,674.416505615768,884.1534421996023,604.8567332676065,644.3935317091681,484.045626486164,753.0082195697803,691.4900753458473,808.170068675074,826.4145163574219,437.5209143956502,352.5642897288005,876.0957059213438,894.9263163975307,574.975396156311,723.7675097538875,408.2789239619977,326.910303817855,849.0595787336241,782.8412277410059,909.645152975568,893.7265251668294,835.4664357072216,817.2965176052518,728.2275908096977,713.8341064453125,617.690018439608,613.4532162701643,442.269769855908,421.23061148682785,554.5199154713115,608.6865925788879,676.1417497178865,743.7113867303207,738.2913002024786,800.7312319571512,654.3397274372006,623.1531292275115,831.3246347365841,736.7829618621781,869.3850447803237,712.711483654122,714.3406920497193,579.1606858571371,529.6202243885181,476.2868976858361,826.9006851213002,808.7503025335157,879.460903019421,792.1790104923284,899.5089218006964,821.2322954869193,793.1681865377163,783.092053385919,893.6354558005262,743.9432226952348,783.0738847486089,808.7667471046076,837.5238885575799,858.9277758519294,762.2088196213181,718.4486297232206,637.2100013942893,683.9726851822494,402.07213117074275,415.4867429061675,713.2727134579518,697.8931920221733,746.2042197369515,722.1718161446707,711.1581898831773,656.4355693074222,422.3342150648435,448.4974519753456,643.6475713811782,618.068867648995,364.4326306623571,416.83530610563093,421.8874911223538,402.4933609826062,131.07270100923589,432.3412322799365,-0.902785021982035,-9.379442965797798,702.0790832519531,667.3034507622153,738.193638086319,707.472082306357,623.6279410624322,699.1928780935796,-1.2737528095757098,0.5134534159054359,-0.3502121142114335,13.543251650970861,6.189474138606116,8.368384259363431,-3.7677411569489374,19.68726066982045,685.2301524769176,738.7380848277699,787.7655334472656,730.3818647167351,491.74973951601515,138.51437835761328,52.612660821640134,335.9998090328841
824.3776913567445,747.9964415208258,858.4893838381229,836.1496445667221,412.93511804979903,456.1731788090297,900.0732129943341,778.4670919215425,686.3977122404137,646.6366356552625,842.5517522920438,674.0016213946873,883.1331411528546,605.3265346573432,648.2435566252144,486.8796477705314,755.3100779022651,692.8596232895835,806.4425875492022,827.8482041015625,437.7199052704705,348.10486761728924,875.8341395170314,897.3296920534165,576.3550929473956,724.7934531431931,412.48585231001204,332.3962907526228,851.7547128065577,784.7725769796489,909.3393583523007,895.6584796142578,835.2352935015145,817.8949618869358,727.2474065365999,713.5545213078879,616.2962543638793,614.1779833899604,443.1970695427486,421.87747903888146,554.8836830014088,605.0992922782898,677.6687703880053,743.8422309550064,738.7868211156479,799.3367576376039,654.6674156228373,622.9637415158999,831.9848892088859,738.742091211056,870.7747672926658,714.7501849634067,713.5362505463742,582.2159434299843,527.9602346539921,475.4454491189186,825.7438900666587,807.9760473384349,878.4159884051164,793.6431756100109,897.9479280422045,822.0504623524193,791.4585880547853,782.0294117750944,892.6901281556087,744.8669944561113,780.0383219033145,808.1419704474395,834.9771344616155,856.8345635345628,765.5415438746547,719.0929882174632,637.5813919207371,682.3041941985423,402.2370614314425,416.8834024348729,713.4598568775615,698.731683881451,743.504462059508,719.1878149850028,711.116894616021,657.1228220202646,420.21388226826986,447.7296283343931,645.3307362968176,620.2823696056662,366.59170884525076,416.4200160477566,424.6874159024107,405.03257607859564,132.7714300169499,435.54058874875307,-0.8528176139936678,-9.318367416923818,708.8707946777344,675.0705881926973,738.599042661488,706.6239232369677,625.0815182839337,699.7754497947786,-1.393424356400302,0.5402790146707385,-0.31552788604252313,13.840089517107948,6.317058667474343,8.522897705061471,-4.058424009217156,22.239063192816342,680.0185047496449,740.3700428355824,786.0848192048553,734.1451543494115,495.04222613689944,139.47133977528205,52.64561560659698,341.5607741618979
825.4805225115599,748.079390886456,858.6779518989264,833.3917231398275,414.77538775954133,457.1478188814196,900.9628429266498,777.0614454163896,683.5051440803372,649.4412157770063,840.9739613416718,673.0271875593397,883.2576581192671,604.4400283648417,647.0876060908114,486.8014027072537,752.6730537233759,693.3878558050359,809.3538509675826,828.4072987060547,442.5567792256673,351.93108425140383,876.2032921200707,895.546989198715,579.6403550352726,728.9053731436258,409.68866737112813,332.5698124302758,851.4855462560114,784.5753912278163,910.0361067003465,893.8907147216797,833.9553324812549,816.9694285753038,727.0026871390965,712.2770837990635,620.20505184224,614.2331037874575,447.4669564302479,422.0992835130584,554.3982909155674,606.035927772522,680.3868886700699,747.0872393422782,737.4051953902816,800.7795930382802,655.4819953914516,624.5387431358124,832.0017186626311,738.0829618040068,870.8167810820552,713.5635907395745,712.2225721898101,578.7768467641345,528.1520497804213,475.9477097071134,826.9280975274945,809.1831788194401,876.698451883592,791.092765457411,896.9212214992357,820.4296640007241,792.0769671927169,781.2758340521605,893.4062838767892,744.0451714988673,778.542194289036,806.3810854077504,836.0979946646721,858.9510906071953,759.4198258546022,717.8026761852327,637.2671326803505,682.4713754364939,403.3379925714023,416.55979081274756,714.6732167728612,698.2906370044249,744.4001036299036,721.0519354684012,711.0416932306983,657.0251845444105,423.74147994677224,449.1683624903361,645.2861830732371,619.9183731908925,367.0118351655848,415.82983324071563,424.4598365585941,404.61618109262315,135.79692463199828,439.1852087345223,-0.8469234539235778,-9.185300580857385,705.1431844075521,667.4858734648107,743.218596547842,705.5309446861302,626.7319045224566,699.9693001942996,-1.4636222766880804,0.5719226714206377,-0.3078038735553266,14.252285779948371,6.746042146473258,9.355430458380681,-4.610295679834154,24.71041032146005,691.1945856267756,743.3002175071023,786.8181697154205,727.852695320226,498.65939434836895,140.82741395031152,54.03845582225106,350.7124230286171
826.8541671951095,749.3498003591191,858.9923175807231,834.1359117523845,412.2212805947592,454.93418742077694,900.3051389107212,778.0979644548132,683.0275596696504,641.0793578741981,840.8132407645869,674.5263806418767,883.5435601654838,606.3433291948276,644.809716229415,485.3458005961946,756.3325241595082,694.540330638125,811.5270088751197,827.5605040283203,437.85053475697833,351.126007270813,875.8463849484663,895.8994850279793,576.3378201529617,724.4745129595746,411.9096670203446,329.7968453301324,852.7388014883365,784.9586362485533,908.6041568946338,893.2113858032227,835.9495981507382,816.8770313856337,726.4861352008322,710.3982948395143,615.9504385456639,614.7442250428377,439.57655445166995,420.74132858233503,556.638879994877,606.2900438308716,677.8423181147803,746.0338869140046,738.8704790630712,801.9540305332831,654.831566438202,625.1457748112979,833.8100208897745,739.2164920474078,870.5954954326536,715.142060986707,711.9646495254585,580.5287459784863,528.7049026662884,476.119229404899,827.0792067863072,809.8891111027311,876.8794764854481,791.0590885477263,896.0212697435462,819.5789932647183,793.9894242738729,783.2701358049495,891.3468482743448,745.0403180572106,778.2886877574277,804.8701735405,835.4955404002196,857.680372375151,760.1004111143919,718.1224045987989,638.8625674466474,682.7821688301119,402.25289894878,417.72327111472543,714.4016796174596,697.5606588149961,746.6771460999834,720.4883542742048,712.0142896659529,657.0929784853814,424.192789182663,448.9979348508517,644.7748156135827,618.6154404968051,364.3220454159905,415.32618700984585,420.4868344879748,402.44350153214884,134.74197629915238,434.92530686284107,-0.8169779675151437,-9.26503701994132,698.9808858235677,670.371248406879,737.27943970263,706.7383624806124,623.3736171858911,698.6914183085006,-1.28394468424468,0.5165658099990752,-0.32285731600229944,13.875999863773124,6.283146126937315,8.414585852811504,-3.642112765047285,18.311389530406277,677.2972412109375,741.6621759588069,786.4677117878958,728.1025718978689,495.9275502130097,139.1027156396916,52.8734275897344,334.8925695069905
824.4287489043217,749.080641099901,857.2815082745093,833.9210544739111,415.1290879670964,462.5190325975418,897.0449587341465,776.0199824653788,684.8291652640518,656.4373643359199,840.9422902983379,674.054997940669,882.5150619951775,605.4223745657924,646.0869069621338,489.2661694249799,755.6202122837446,694.3082413958552,808.0317644725815,827.5307509765624,438.7103320757548,348.83570823669436,871.4251802122438,894.3774793110197,581.4014220911795,727.6070765138983,417.460482441918,337.58413814173804,851.918375123222,785.1394292384018,906.9371015894131,893.2264388020833,834.450394711252,817.0945754665798,724.6051633088485,713.8870250288262,620.060329017135,615.4066481413664,439.66163019623076,421.5003678200397,557.2405022793129,608.2589521408081,678.1862712833616,746.085704026064,737.5712910176652,800.2277772245351,655.6541786410592,623.624803832361,833.5394756440194,740.094530086014,871.7115993818875,715.8457182307599,710.9271025721803,579.5615583027111,526.9144121547151,475.35733275717877,826.1404389697907,809.4637253858425,874.8359320446946,792.5637435877301,893.3527392578125,820.6137200451205,791.3355198052316,782.7204385647558,885.1155373302859,741.5772643132419,774.6201722049981,805.3936030874663,834.271692361042,855.8343515975699,764.2539457716383,719.2659557530137,639.124054095067,682.5415000750389,401.7691584048064,417.62867715325154,713.2378086027552,698.9222933820669,744.0283566738697,720.7827562604632,713.2677369757174,658.1364426403744,418.84466405550637,447.0604187901815,645.2227070291661,620.1477352607171,365.11476476332723,414.62356144254386,423.0527553188925,404.811052476692,139.00575168792167,440.920617078493,-0.8110035734070051,-9.331503488320175,705.159267171224,672.6270974369372,734.9950972646475,704.7621710936947,626.4821517190709,697.6611940015499,-1.4220402009584512,0.5531460218890397,-0.29411171358680416,14.238639728529181,6.633042032937453,8.903966889113955,-3.859472738371955,19.236913386513205,669.9110828746449,736.6560225053267,786.0271131272284,728.7339574113677,501.5192380839703,141.44785485377437,53.65075887333263,341.7399577930056
825.0828349035775,749.0854626869915,855.2798154107455,832.440532974038,414.37285112780194,461.6438158920833,896.1815393192587,776.8005182306817,680.1017952354587,653.2188094717558,839.7924489277165,673.3754133315314,881.5838543481319,605.5545399951549,643.165152559233,488.0859599172625,753.8080904992271,694.8220945497684,806.3630602606412,826.8912835693359,441.20393625895184,352.19804655710857,871.6574186735166,894.2320445227244,579.7796770764895,729.6187058071514,414.5198266809158,336.51942398813037,851.4105569371637,786.3082752369069,907.6361625451116,893.8007212320964,833.3656567072464,818.619755452474,726.491694972826,714.4831726809582,621.0859985351562,616.6989996874773,447.03257212894306,421.6082423523571,556.6485305535989,602.7692346572876,681.0119290787076,747.3777285390555,739.1876169486299,802.3041864584761,654.4131674431572,624.7147512235841,833.9512206600558,739.558398897522,871.7424937362376,714.703875272087,709.371682120011,577.3099440967335,526.1542058926916,474.56436366691526,826.7530403429681,810.1102558109495,875.9458030531782,791.8194880923903,895.3260779339334,819.1317799916931,792.6697993154555,784.7346778602757,885.5915636660447,740.6997781745531,774.1526253796695,806.3144142458601,833.8798273171589,856.8789696456319,758.3782846605455,716.3128855971039,637.6859749610271,681.6099183714235,400.86871028292006,415.91467521560025,711.9700097256019,697.8174833558902,745.8526637300532,725.2666789463589,711.4560226864285,658.4225525763812,423.01025131225583,449.942889696757,643.5075837618454,617.91510107918,361.341717562956,412.7180098471659,421.40586668788455,402.94006248509356,139.6687022038579,438.68407601579713,-0.8005695444821699,-9.193713652249238,706.4431823730469,668.1014776714777,740.4671836420894,706.7326805149269,626.9018200744351,698.881415992028,-1.422052631241968,0.5461457091445078,-0.28982374205887107,14.374223597941194,6.6523196664854,9.046254703848277,-4.325831572214763,21.014499369789572,684.4157548384233,738.5299272017046,785.0073416281067,726.6626109835468,505.2018208994585,139.42182287443103,54.657405427007966,347.7334910590073
825.3543086226463,750.6446331269814,857.5690081366178,832.7999739751398,414.6129928766295,460.39047357439995,895.5696239487696,775.9986239948679,683.4124340719106,648.3711205466849,839.7875481272132,672.788859317227,882.3028813684375,605.7558682669512,644.7052750207891,488.24235426285134,757.4836012311456,695.5688351776909,808.2636577854668,827.825255493164,434.90166817771063,351.9214453379313,872.5099707048864,894.7758814493815,577.1246316220747,728.3507447583335,414.53260244717256,333.3915266195933,851.2138801430756,785.3458034185716,907.9916963351993,894.3234529622396,835.1686622490317,815.7645587836372,729.9194500467052,713.4177863798946,616.8485529559299,613.6385530542444,436.69947876461913,421.07986866847403,559.133114173764,607.2971510887146,680.2074535687765,748.5868957302582,741.4908301531439,805.3524121736225,655.6954060822479,625.883500402624,833.8648722987022,741.6577585316822,872.1585727726017,715.5633511394562,709.196824591256,576.1581776282367,527.2174758790705,475.0752389130538,827.4907565331015,812.289904785653,876.5008771671847,792.5677193360749,893.7664238705843,816.8270709460608,793.9218250582342,782.7689993352066,886.3554044125685,739.5931103006197,775.631520565976,804.8110562390511,834.761837272887,856.0612502967455,756.9671110892081,717.2972008439361,638.5441162389353,683.530964112385,400.9279617088429,417.4392865677954,714.1998746277856,699.3053500226919,747.0132952750997,725.3869062151227,714.0240392100309,658.7904474317039,422.81049244483313,448.68789019584653,642.686018618613,617.9631533002355,361.56232396294087,415.0849476342597,418.0032634398279,401.50644329676896,137.67988392781845,433.5689707681537,-0.7799519170614615,-9.150408961890749,695.2928141276042,666.6149488546081,736.1657387390733,706.3809128325449,625.3656990364308,698.5196457591209,-1.3232218196534105,0.5114085236857069,-0.29315902253225695,14.151676771796545,6.263244457253789,8.269126871337873,-3.674356162548065,17.215006477692548,666.0037897283381,739.2802623401989,786.3325097000838,726.4548390062549,498.890296496597,140.56495451587335,53.188752777648695,335.0903043788055
826.1806412486287,750.4487281965487,857.9887947871767,832.7063984016023,413.92305528507677,460.13000636441365,897.4327101386315,775.3650742908234,679.6589478278647,650.7255471886182,841.2889176035316,671.9127156091115,883.8206043930446,603.9530320788926,646.6077121810533,487.7294545806667,753.7953683753714,697.484954534575,809.9930699958655,828.7442740478516,442.93844593895807,352.1114983240763,874.540956439394,896.6023790874178,579.1282342840864,729.2208435142434,416.0207254063359,335.2280143764284,852.6298255200657,787.0233053325135,910.932075400365,893.9643534342448,835.9070241895772,817.8633643934462,725.5682773755944,713.2674012701195,621.7905756744519,613.405831442939,440.3630331499236,421.36496956785965,559.2314448122119,607.854737997055,680.0118048796578,749.5137626684108,741.3525196702367,804.0774342497887,656.9564333474341,624.9194562485168,836.6006427580311,743.6282567505963,874.4530670087463,718.3896704881004,712.0229523689758,579.4921179285236,526.0095463526397,476.56745179077996,827.2410194422042,810.6610660486751,874.8338760505742,791.6995214977586,895.1809710958729,816.8308990441479,792.7685442102065,782.1427179540626,888.1188670485767,739.6805055106025,773.9103150282014,802.4521293507498,834.6023306391041,858.5659110559284,761.5904074316626,718.4755008885118,641.5331412499104,684.118052428935,402.8259129178697,415.2557968354561,714.7096768988938,697.841746223418,745.7520635077294,723.4479827880859,711.6652763995174,660.5855945559497,420.0744908428192,446.7381019409498,646.2151119845554,619.369139004297,366.2963386535645,413.5450717658342,423.6842685708155,403.8246997069829,145.82306909932737,445.268084617597,-0.7210332523186311,-8.930891954608006,706.2819539388021,676.7381258172504,736.3340338915586,704.3790339474225,628.2446690350391,696.3010877210528,-1.7293865692121664,0.6126648172460221,-0.22148989870532132,15.318113451060942,7.420696393229725,9.590468991272433,-4.673614250289069,21.22325112539179,676.1937810724431,735.0651145241477,781.8676567333657,725.6020075158228,514.5054628147799,143.62681780847018,57.30285157872872,350.02316974771435
827.5215275087774,751.8442621495989,857.2684588347264,831.9866179158963,415.9439355584078,462.21151649951935,899.2656862790627,776.8650856537514,682.3797356352514,649.8709859613513,840.1249651404901,673.3793846584501,883.4655836769483,604.5345750347323,646.2333648430174,488.3228024312344,752.3713018227528,696.0744464025149,812.8708080423289,830.8146572265625,441.47699578603107,353.073051071167,874.3426032348457,894.690857841855,577.749458792322,727.5920610218258,416.12039661934364,337.58785074286993,852.3457852489544,785.9350297339168,908.2672692646818,892.5705493164063,836.1209268085028,818.9758672417535,726.5210966690727,710.9789061029273,621.9882530178793,616.1641951666938,443.2951837820666,418.84687952334514,560.3184549300397,607.921772480011,681.9912140218038,749.1532288682404,741.982543371514,806.069553486785,658.256704047076,628.4333536774963,836.6228284343597,744.2175523631515,872.2488796081935,717.2424281915909,712.2455383437631,579.1727272856469,528.4607097782049,476.6713931962433,828.9855012757886,813.4363158819853,881.3769963287123,794.0480215276607,897.2345689856488,821.051550014891,792.7286372913862,785.5117784154759,889.0389368427334,739.4135136927745,775.3871401352828,802.7951181412407,839.8846921009623,860.8247346825362,759.6023601841282,717.6098064985432,640.3971444226186,682.754529944746,402.94614067630494,416.354882898465,713.118944637111,698.433568424209,742.2938180477062,725.1353846958706,712.182520672736,661.3759149622728,424.5667339277268,451.8118317246437,644.9224817385233,618.4083967906231,365.2956616794362,415.82442042070176,420.6100597075808,402.22835850175716,139.8642060292785,434.5255383437872,-0.7738505466709116,-9.20482038711015,707.0919108072917,664.3550037448689,741.1299014240503,705.7182166673479,626.4763080870529,698.4229266392864,-1.4230118931338533,0.5209266210440546,-0.29824310892334815,14.212797771432504,6.408751587415449,8.669289390011677,-4.307608591185676,19.915125496247235,685.3018854314631,744.1484119762074,786.8163040468356,727.9365386962891,504.4979791313994,138.63628029156672,53.09345000079184,337.3643817572758
828.0557102104286,753.0142493753722,858.4403839837073,833.5583350881637,417.1460582156514,464.1015357715743,899.8978190913937,777.4961831567642,685.8338025346094,652.6451449394226,843.084774482541,674.2450750880771,887.6077565083577,606.8790097149761,648.0899490598422,490.49305495553216,756.9667384070808,696.3262434718616,812.9635971478575,830.911178100586,435.97783051596747,354.8183859507243,876.565732529325,896.5335781763471,578.0984079251115,727.7221726532821,418.17459986354766,337.9767748249902,853.8053100873839,785.7590197151089,910.5939621011729,894.799223429362,837.5428377571752,818.0570403374566,730.9923745860224,716.0136681981834,620.0681990568859,615.820035510593,438.37590636525834,421.0312157784508,558.0827701756211,607.1210370063782,684.0186947413853,748.9046900961637,744.8059804167256,807.3614713434588,659.8625798491407,628.3262443775898,837.4378856412826,744.0184396383,873.2189731082401,716.7398102221115,712.0092271539662,581.2858278237137,529.8257276713451,476.0100996408447,829.6931440639601,814.4192112397265,881.0944374797153,794.9848826553316,897.823083814538,819.2470586670255,795.0881360864056,784.8820390034115,889.9515993488369,738.1718776848273,775.9487731676423,803.7357677398703,838.9501986169512,861.3939971080802,764.3969885336386,722.8355018115434,642.1312400047932,685.4519094491934,403.1961919812189,420.77192021759464,714.8888005741308,700.0785841565904,747.7170942590592,726.2355510166714,715.8174370111634,662.0553651040431,427.96416198571524,452.73621563196184,646.1745135325167,620.4039455593368,363.5159020704382,415.388702739447,420.2289341238017,402.8413046410172,139.9222966341542,434.4665202319622,-0.7654920362455649,-9.05735998691605,695.5746683756511,666.9592631711798,737.3354223147035,706.4889912670014,624.7899393404409,697.6824275042434,-1.3769694752332533,0.503662895300874,-0.28501292990803134,14.144673754262165,6.417054879653457,8.266406600240252,-3.766522917482588,17.064477920532227,696.0855435458096,738.2993996360085,786.4871863038748,727.9474974040744,501.33037604070176,140.10733778408746,53.36968501408895,337.2552691739181
830.3565083000426,754.7296215500495,861.2330447728796,835.1029478330536,418.37849866733995,465.6731584625585,901.3307252088777,779.591871516451,690.2239616355117,653.0371864584625,844.2343815439116,675.5759555816651,885.6808217802751,607.3944984775806,651.3353345168764,493.27411778925665,758.9136661511462,697.3234942569289,816.3248112704106,832.6941998291015,437.7624126010471,352.95421473185223,877.195439920797,897.659550621396,577.0964082048826,727.5889016691145,423.83586540011413,341.234482632743,854.5012296280771,787.8605312017747,908.968684158926,894.1916158040365,838.1732807482704,818.7290848795573,728.7411400836447,713.3907599391707,620.4766248459333,617.5830696953667,440.2730622445898,422.57007395283557,559.3936167232325,611.5391519069672,684.0441473362938,750.2803531664807,746.1461496060937,808.5337322748195,662.8006364254912,630.0159035062456,838.6883324038598,743.7742137798815,874.7624300412997,718.0257363535269,713.7070002534464,583.5535720843894,530.338815756473,478.47789460118196,830.824100707473,816.7500899784543,885.6825888038454,800.9951761829026,899.45463336447,823.4490087811615,794.199254493101,784.9424999770804,891.5336973275711,740.7526942925859,780.5485434157125,806.1047942966678,840.1517556548878,860.5586576514481,761.6463726146801,721.4752805741107,643.7563510159833,685.567104190975,401.6209340855695,420.5406133087588,717.1756466724834,700.7571238917434,750.0329797623006,724.630012512207,715.980270879022,663.0680074494188,425.81693312009173,451.7325795630614,648.1511068902877,622.6034877687438,362.22667797313017,417.187415813496,421.4819688969292,405.62457065502707,142.2343204142178,439.7782053127388,-0.7028534447799083,-8.959687521909803,708.8682922363281,681.0917285983845,736.6763282716274,707.444657252385,629.3394261616787,700.6354948121935,-1.504437857290644,0.5536221869496836,-0.25321989563612424,14.79781520356233,6.671935084200866,8.718684337436102,-3.978485325972239,19.189409494400024,695.964921431108,741.3164972478693,786.2706638822619,730.7721453316605,508.85404335283766,142.62070271452856,56.66204752705314,342.54464047530604
829.9402062777505,754.9069713606979,861.2866621437028,835.1379768399603,422.5810461443524,467.21371930411885,902.2155753165763,781.0426062823357,690.6903625799686,665.2168977768695,844.0454713464752,676.7725125176567,886.9976013929521,609.0660948193507,651.499250541279,496.3953324937939,757.3837600274109,700.4761286985835,815.9848394868931,833.3309211425782,439.4750597741869,351.5206541697184,878.6953212633449,899.830682058183,581.7048395915805,732.2197313308716,422.196470787512,344.7808749741978,854.9147297121444,789.1578097873264,909.9822845859478,896.5399768066407,839.4883896132646,821.5980395507812,734.3465976880944,719.0037051281297,625.416669198595,618.7239355864348,443.23546053682054,422.9780854571625,562.165253185835,609.130597114563,686.2865243828486,751.720042766553,746.2138267559593,807.5757746110883,661.5271890833358,628.6824569602113,838.5894115694108,744.5634725198718,875.4066062740684,718.6964897831201,713.3339205627484,583.5876573207331,528.0738164446917,477.5367882684873,831.1198712586051,816.7606413518942,887.8999255120625,800.60474583624,903.3166077721637,826.491822072989,797.033370362327,789.5555223967312,894.9625717276957,743.6179099504953,780.8005825254354,808.2464793918859,840.5499318116789,862.4370137420149,765.7812654649889,725.3407325431949,643.8450425174258,685.5788324529475,404.52160401275194,418.9817199707031,719.1928608378425,703.3092077738022,747.1380991834275,729.7955136980329,715.9904993795344,662.6868355221511,423.4590673359235,450.8947906621297,650.724442782171,624.4703370164036,366.11847756329706,415.18363501448925,424.792372775885,408.63616743701573,146.46784343968636,447.4023731262485,-0.7303834925136201,-9.033522273310773,709.4080485026042,671.8858637405655,740.2038163840771,707.493007400996,632.2625441997105,700.0618943631795,-1.5706724105134766,0.5831369129319985,-0.24709713692813484,14.956006629435121,6.912909597899959,9.437034449086935,-4.442957725789812,21.116457609569323,692.2848177823154,744.0458862304688,788.2920407288826,726.8729655591748,514.6121990727444,143.75273179269414,56.10852977723786,343.0216286429044
831.6183801828901,756.5875378040353,862.6718388941853,836.5286018296898,419.3691791711852,467.07590598103707,905.864210162931,784.0266584031125,687.8903088472327,661.4004275212523,843.7723566380943,678.5968118122646,887.6564771740556,609.5685388047685,649.4438463087698,495.7505061241888,760.7619293719106,700.865144476146,819.6844410512639,834.4306666259765,438.164941045973,355.30042572021483,880.8567607488811,900.5880983140734,580.580244568318,731.5534333265745,419.78054766134665,341.5918462011549,857.0316038311653,790.4002570258247,911.7806502214567,897.9545576985677,841.855096590721,824.4771520996094,732.5082652216372,716.5050960678652,623.6304463794053,617.505409805863,443.8718757373946,420.6752402916383,560.5608805672067,608.1208696365356,686.7748536164798,750.9096388613443,746.4113687924356,805.9951050518549,658.9198820201818,628.4432660199545,837.827187655049,744.2600080148915,873.727251128954,717.9688267736608,712.903360546437,580.7819807669696,529.1959372032732,477.68735347383347,832.0888034281569,817.5905775107719,892.0558495222879,803.3676802830222,904.0589341138757,829.4947098111643,797.7236157732273,791.2863727577429,894.0546976915047,744.7195997720233,783.4057467996405,809.5614250366148,840.7140244404981,862.109826525272,763.1694150357633,723.1277310418301,643.4022190198986,685.8821999025552,406.0200637596241,420.6171271095813,721.6794107155722,703.9964503371369,748.5195624168883,728.4468340192523,717.6471178924444,663.8665179942852,428.27806618372597,453.2987110273043,649.3968583732975,622.1004462140238,363.79491664662083,415.6269272346359,421.9141084103224,407.4256217807922,148.11191787354014,449.32390906602143,-0.7411665249663336,-8.971465604211124,699.4347310384114,669.4947044243247,743.0007164776325,709.5621265221505,632.6020065048572,703.1399586124933,-1.4763458165647247,0.5437567305613171,-0.25816125913786053,14.816858260117337,6.791384233722366,9.045721953370645,-4.301968369219038,18.2740633207209,709.787392356179,743.3455200195312,789.6333616115903,728.3774242159686,516.2632471159393,142.5714651788013,55.32093640529748,344.11037001116523
830.374202737279,755.5901402391569,862.4234605714342,837.796942539899,421.74536321773087,470.50496634521653,903.4791748749326,784.495531669779,697.6956603186471,663.6880386696487,846.5862994000195,680.2638292346682,888.8554227397127,611.3389294022008,653.014143317493,499.3934745090475,762.0961576344278,700.3555679479707,818.1864619346414,833.0500322265625,434.50800993707446,355.63653093973795,878.5079434877866,901.4935859801277,582.0614118538601,732.1532470577366,427.7799635974083,347.37324855062695,857.127318904085,789.3506004804447,910.7014837790662,897.1810371907552,840.9915749501374,821.872756890191,735.3546476944633,718.2093344079443,622.4436059355211,619.2902451974375,439.02810047779764,423.66495359613657,563.5234385005763,606.6058540344238,686.1104936107756,751.8701209841181,746.8461463949475,805.1582049096537,660.8358528466264,627.4168348904257,837.5176906247293,742.219222070185,873.3523493389979,716.8553503293626,714.133448955724,583.4025114938324,529.3657294367812,478.6054093947972,831.8405268691064,816.7823049395724,889.9945350836472,802.395139493817,903.0097791588825,831.2945656946176,794.8535920188332,790.7634465331404,893.0984368964807,745.9922332395571,785.9232290964449,808.9631731831812,841.0223300229212,859.73165185412,766.0915359978203,726.697238765779,644.6078081043488,685.9403954708215,401.9743263134058,422.0091533392248,720.4472252267306,705.0840297081659,754.6935333901263,729.138669695173,717.6569950900315,663.1772650750303,425.1613147989909,452.78720766981445,648.1475844239349,624.76433235288,362.9699501822976,416.5392979559916,421.7610001815483,409.5738354476615,147.96968102097475,449.5134906945626,-0.7186458098256951,-8.7572365995118,703.275048828125,673.0410864878509,739.6769158989191,708.5280864249527,633.5125040868463,702.5003943373347,-1.4882215076240275,0.5531442848758565,-0.25445007207833514,15.027597142132748,6.751424293030468,8.700639193491092,-3.898488846090105,18.382088170332068,681.3815585049716,743.1537753018466,788.1866618930893,734.3406781546677,518.4562475915048,142.64840743278987,56.04496196905772,341.17739386394106
830.8569188078573,755.1530882577704,861.4650769500188,837.3971374418987,421.4643599798513,471.19801019877195,905.04393807986,783.9974788381699,690.6026432854788,670.6404483982774,844.5099239504434,678.3267598197574,887.7674869386859,610.2234677501656,650.2150550363076,498.1588410597581,757.1545827061079,700.7242251868264,817.4809696592133,833.2467655029296,441.04592418670654,350.5145133336385,877.1393532140603,900.3692767430865,584.5038497410519,737.1932206297969,424.85182245791947,346.7278312643369,854.1251469018324,788.5528279622396,908.6073473832739,896.0487481689453,838.8383071382167,822.3009680175782,734.1183177118716,720.1102225062359,622.7793020508888,617.1949662809019,439.23650401830673,422.8654745741283,559.5932251977139,609.5670337677002,686.3408330735706,751.220732413197,747.2597235995747,805.8392642729464,659.727648894649,627.3268310640242,838.1052818421394,743.3649204944935,874.9800752814059,717.7244346295324,714.5018660947346,579.0433364101485,527.7745019562053,476.77304436339585,831.7324206382526,815.5968531414314,889.9094607103978,802.4968042856757,906.2811142365829,830.6610380530743,794.3162833266302,791.1553064275671,892.1826593199772,745.5384500870717,783.148473711496,810.3475680689487,842.6633156940436,864.221106260521,764.7416406236254,724.7173268052398,643.7983243049831,685.0492816611286,402.24997788581294,420.9187785403829,718.0901564301038,702.0380878369343,747.4159753677693,729.5210930960519,714.4029141276276,661.9371651802933,420.08647793134054,448.4710017871857,649.075189729304,623.5764672323736,361.16255775900447,414.19411286378164,423.74819642243284,409.2047380804305,153.0746642700784,457.6245612290005,-0.6610090760708166,-8.788031311491617,708.2490580240885,676.0305757684223,740.2569980025291,707.5833078444813,637.7866317503932,704.9527532523884,-1.6741552417998289,0.5872717807690303,-0.20664901610351366,15.338839265528181,7.133174711980711,9.519801239151338,-4.473367247316572,19.53544374073253,679.570107199929,741.1652377041903,787.4874124206953,732.6269500346124,522.5362389882406,144.34706192032286,57.70419466676134,346.00945722645724
831.8607214001022,755.7881118853887,861.2122760006137,837.4928295949541,420.8307842476423,470.1410109187876,906.1958033373899,785.9846241183991,694.3670381818499,668.0888490813677,844.8359455635878,680.5628461292812,887.973968374995,611.3494789793424,650.9238039083149,497.48472595969145,759.0503149168186,699.1688231059483,817.5891282823351,832.5513262939453,434.5687534544203,355.91602160135903,877.6460832648119,900.7402681017679,579.2202588875256,733.3738324484982,420.80909874426067,345.8924773070547,855.1099460529831,790.6007819281684,909.0481737191909,896.8962770589193,839.5853296053612,823.3534187825521,733.071485436481,717.0854992234563,621.6913949571517,616.2856183935095,444.7414630566324,420.7126154524557,560.3691446273053,605.3405175209045,686.9428319912108,750.2805601725646,745.5153932810493,805.0088956063254,659.3146314029851,626.9621471758489,837.2385180457945,741.6952329840827,874.794223093158,716.8382604222902,712.4121554336206,575.8772298962463,527.7769924199166,476.3924291044132,831.1351918683256,816.9465334321613,891.0001748746208,802.4983011571372,907.0298954441237,831.5266858641673,794.5275472501003,791.1467793625569,892.6429979694424,746.1016806413345,783.9882444478153,810.0221547403986,842.002021352197,863.6170924065522,763.0485895861376,724.8835865395968,642.8678027511737,684.2127896924039,404.3247348951257,419.1544535462285,719.3803013035508,702.4650607920287,750.1247571579953,726.3866282871792,717.3122717393312,663.1732525983568,426.24870905230443,451.91949233373003,648.1038472524299,623.0952043626156,360.1105282166425,412.95243740426076,421.15575581292313,407.7264279718905,152.43588018131084,454.4363241993884,-0.6985588780414589,-8.719030730657737,704.0492919921875,669.3971588652013,744.9259373918176,709.7503482076378,637.579349417192,706.7643430192196,-1.5419273791163792,0.5533319070107408,-0.23354933192336075,15.17879200214676,6.92017232823424,9.235131888327398,-4.30644076400333,18.09560190930086,716.1372236772017,744.5369251598012,792.3182006426306,730.6613398684731,522.0655585644292,142.97454239297332,56.69834914351954,349.79258994398447
831.1425972547835,755.9475106976249,860.7874493411832,837.3132392476755,420.6784174054168,468.7835315295628,903.2427413237979,784.5792649382734,696.2690277878119,664.9289832349683,842.5765833350702,678.1831870548309,887.314156906887,610.5892943522105,651.3711367388863,498.4379756693213,758.2479613245381,699.7435473381879,817.4531619484854,833.2767232666016,431.8554349475437,353.49548581441246,877.1339551477033,901.2942487928602,575.1011911636872,729.4218798888909,422.6007274711988,343.78387063576116,852.870157781637,789.7177428445698,906.2730890709585,894.9234761555989,839.7516364404711,819.5639394802517,731.24369586447,715.1025489899049,619.920268121795,617.6547306908501,434.93765082529615,422.26802918794897,560.9842594334336,611.4149060249329,682.105972074327,750.1287308824005,743.934584126167,804.3382595129181,658.2525667277249,625.9080642053298,835.7952674773431,740.1069315297863,873.6939691963344,714.48361183604,712.1998886142611,575.2724560756309,529.0331221024769,476.8616596943228,831.7229240225283,818.3593972123883,887.4836863214974,800.8777178393967,902.8026827870244,827.9701198181289,793.0399348057738,788.5901419400187,890.1583584458081,745.1712091345657,783.1756800533681,807.415843830984,840.9574225844851,862.6902954775984,760.8897772093077,724.5778149151412,642.3465794554544,685.4093740223806,402.68154066887456,420.7173885291731,718.1415662921843,701.8047202968993,748.7766775577626,730.4313953944614,715.6632727188169,663.2183254328222,424.1742477329572,449.0172220524152,647.1157145227105,623.3560652153218,358.68234523324406,413.3948531718891,419.6978055602328,407.5900901195119,152.770001045648,453.389521496892,-0.6425793218605341,-8.505565409464255,701.1489583333333,676.255407301046,741.8887019008398,707.9660830778234,639.2094750052494,707.6476686292654,-1.5923359896668874,0.578118522208253,-0.20733376057855157,15.511528381597705,6.894352764415365,9.058802281742945,-4.088131003909641,19.17506244603325,680.0490445223721,741.8584184126421,789.1341102139262,735.6543550129178,521.4394572762882,144.9397342340988,57.861385396032624,342.6368657145007
830.0694560351591,756.1842690296847,860.377851778772,836.299266394391,419.0485522957735,469.57284662766114,903.0845296653233,783.6174345422298,696.7603921501004,673.0138079142961,843.1841186895604,678.4668813039386,886.7519911083922,610.7562489366906,653.0729252639694,502.9752527833281,755.5505277082253,701.7723718719229,817.2453340844633,834.0820825195312,436.79681608412,348.2647536595662,876.6987277824985,901.879772973439,576.1916266935658,729.8224744953952,416.9639557685641,343.2594150635931,854.6320469694317,789.518955485026,907.1745603866777,896.57365041097,836.9540197081485,822.4109758843316,731.336743694803,715.4618993552334,622.1560794309372,615.7659884558784,434.6660309519087,418.3706286641096,559.0353751260726,604.0157880783081,682.5752029627089,750.6315620024623,742.4932613425932,804.233871995357,659.2628830050634,624.8129307244208,836.1451431981978,740.4800341541816,872.9953218752199,714.1991699917215,711.2027773921266,577.1806818223467,526.6159170378086,475.6696409678693,830.2786527970012,818.3913077632034,883.1586166509542,797.1311045571896,901.4496295962126,827.435099938155,793.7772456002891,791.3502904711437,888.3058635654734,744.165286065072,779.3255320323987,807.0622830264923,839.6984107874001,861.2803852228828,764.5501485257536,726.9748557356537,642.2366222416589,684.9123514018534,404.8846119314,421.366508591343,716.4233353411565,702.4622886309485,743.5076177069482,729.7211445399693,714.1309771994521,663.7125312834155,421.25818529129026,448.95664244433243,648.3311680949207,625.2349996424128,361.06755616805134,411.5009379645117,421.11401858056587,408.5993373871418,155.79958797671716,455.99293213702737,-0.6653025214111915,-8.487318492052285,707.1958964029948,676.5385457701602,739.1429044604301,707.7956339805913,640.965165180256,705.4797541308228,-1.7550915800958664,0.5941153546967716,-0.19637826968218577,15.675103016491006,7.262241352145276,9.231148098837034,-4.350570281346639,18.97186461616965,669.0042835582386,739.5838722922585,788.9688704317848,735.4734226661392,525.2035528444776,146.02064058655188,58.27545426785946,346.4139247105039
830.8130962756828,756.7799063981181,860.7237749950214,836.4296499286514,418.7887311225714,468.5884907330786,904.4441037271537,783.6624866863007,694.2289043737918,664.4103573883166,842.9480958023692,679.1168451869298,886.5999508133066,610.5936532216034,647.7171350782784,497.4783102016591,756.1815915943887,700.3627492137922,817.9937472873264,832.0870335083008,432.76014396879407,352.9281779607137,876.2981169509337,900.9464857313368,575.9603641594891,728.965875840449,417.42269403763237,341.40514063835144,855.8538313091926,789.7553178952064,908.0032206057251,895.7973567708333,837.5984163445942,822.3485523817275,727.1102586829144,712.5982346132578,620.0348414618538,617.357806664926,444.39350032806396,419.90971912248307,559.3186660516458,605.2844409942627,682.2844894500006,748.9752359616248,742.940833439734,804.5263560334145,656.1133017362641,626.7909349528226,834.9367729099287,738.8649651977149,870.3329374492552,712.7738778461633,709.2711971436916,571.2328489340988,526.753340800215,475.3341270179873,833.1183477863425,818.3254241358351,885.6517891276218,798.197734874364,901.6696691363791,827.7283391582156,793.8334568764457,791.5293037037791,888.8305800708372,745.6776473303482,780.0668995171451,807.111124765558,842.0573811622182,864.0784750248188,759.5365311562477,721.5712169584681,642.3671758809221,684.3940346457741,401.65193021470225,419.62552804006657,717.254620786573,701.4875470553196,746.8345466776098,728.6424211774554,717.2007392064821,663.7225226183623,425.3237140605847,451.8293446922302,646.5666327947037,622.5106782211311,357.11978647568645,412.1605716526293,417.45529271025833,404.9211465934462,149.55440795169915,445.9984639654557,-0.7211521204657468,-8.828521793247228,707.3757975260417,672.0263053764731,744.9788499698043,708.6529680139878,636.6885316032945,705.628614302078,-1.4282658173148153,0.5144944696618176,-0.2534833932126378,14.666288958982944,6.587494667253117,8.939987692273451,-4.043795201513502,16.774468730477725,712.0482677112926,743.1516279740767,791.2049599461908,732.161082979999,516.9379589791391,142.12398828592217,55.4694121353554,340.78155996470616
828.2462628194545,755.8185491682303,860.4223908323454,836.5958974890381,419.72934419498887,470.61602672083035,900.0759312775231,781.6141304119598,694.5191763469151,670.1165789854331,842.6352084710346,677.0080670311337,884.8343032719137,610.7476813503605,649.1667607577879,499.30649864703196,758.3098396283191,702.4394111664984,815.782922795906,833.56084375,431.26124562157526,353.9070604960124,874.7805450791749,901.474973527212,579.002582984445,732.5758375440325,422.52522275724465,344.80757885426283,855.5209297324127,789.899654812283,907.7253895356587,895.276601155599,838.0056173033634,820.0463205295139,729.6785875403363,715.3789764771979,620.7521637567864,619.2520583117449,435.7882675847837,422.11573718817493,559.6618392193903,609.2779235839844,683.5762360247355,750.002723332265,743.0932985374855,804.2630330582111,657.3011453841343,627.2500365113879,833.7396049499512,739.0244570760947,870.1950150419847,713.8321806938355,709.0215638934764,575.8539095672907,526.2850019782913,475.8137544789603,831.9459415364762,818.4034183254397,879.2675234483592,796.6916494342668,899.0549267578125,826.0718221571839,792.8685965297419,791.1475280400657,887.3846292638067,744.3136493039993,778.648515496897,805.0409961615551,841.0011940245415,861.7528528034358,764.0205112147976,726.3752074007128,643.2816580676158,685.6019206521831,402.8408278313236,419.9494899696028,719.0102213875192,703.9339103223872,748.9491875831117,729.5912584577288,716.5457970959017,662.9188042711157,423.59254134933155,451.049083652695,645.7094706665576,624.4031413586391,359.83748420266545,412.96634234762365,418.7741163672181,407.9886541861033,149.28702106144883,447.0324664907965,-0.6922972601519346,-8.688904272418627,696.3744750976563,675.4120240292307,740.4870673269033,707.6417181437911,636.4249778623496,704.3107540216889,-1.4713633261256434,0.5338508691914655,-0.24374298208015133,14.877268747824461,6.83287469046058,8.647662820338311,-3.801676803165012,17.340895638746375,694.4833762428977,741.3712857333096,790.5241453439597,733.5963928608954,518.0279867882822,142.69862438633777,56.40756448109945,340.1842163020167
829.7991822241611,757.4206811033114,860.2973828400783,836.0411493635747,416.120956877775,469.0459350262369,901.3550747337243,782.2483554369338,690.3650100279827,668.1921443001169,840.8382442443351,677.4740603068518,882.9202808295065,609.5114752044562,646.9573638356147,499.05819509490846,757.1107478209582,702.3265658660584,815.8298438061242,832.295513305664,435.1113789876302,351.04402449925743,875.2927676554538,900.596803816538,578.3072488362565,732.6935121200897,417.4408671869099,343.0528054866526,855.2235216104759,789.71642983519,907.1337132891958,896.160590616862,835.6910905999653,822.3461314561632,729.7941541588825,715.0168736469315,622.2474123244768,618.1981828477648,436.127264218671,419.81565957658745,561.411418977331,608.0706915855408,683.352586299654,750.9367866335322,742.1134920890617,804.3792162443463,659.2941339311521,627.5077069931097,834.3804936162887,739.2892319212211,871.0410239122702,713.9321143977359,708.6764548092145,573.6321613134122,525.4065202435356,475.65063474455366,832.6621615356579,818.8817039325281,879.3087586635647,797.448364796379,898.4156416121773,826.6862041502709,792.5340789859083,791.3956201576892,884.5095060547786,741.6203191636145,778.8440912353858,805.8784438598802,840.417435372711,862.1318344200514,762.640157544935,724.8087861107998,643.781529977781,684.7980790571733,401.91390924868375,418.76805136237346,715.4641034485863,701.3341277189769,747.477118309508,729.95607648577,716.3995433675832,664.2034340159998,420.97186084275444,449.34715580165386,645.8375775291006,624.6550341605687,359.2233600392061,410.9713475884944,419.2150437030941,406.5149287137517,152.0728895535348,450.4351434295376,-0.6292643203158621,-8.812342985268959,709.6103841145833,679.0428515935348,737.8419352471828,707.7495309130638,638.0093837457758,703.0320919323667,-1.5840116854371062,0.5538011937160735,-0.22680000318371263,15.15951457883431,7.059252460311185,9.079270776709848,-4.122203714317745,17.21900158769944,673.8524391867898,738.1472301136364,788.097204425991,730.7241237978392,521.3505112143124,143.2249218573173,56.72565306316722,343.4672953013716
829.4313175332026,756.706369773306,859.606142304882,836.2110398670592,417.39033295387446,469.3643424425806,901.9901142380528,782.0106396914543,691.423836922159,665.7415928918807,841.0704227540551,678.0321305895609,884.8910023802141,610.2162379171201,647.4262207171217,498.1931551514429,757.4493207343946,704.5534111415825,816.1759576322476,831.3331839599609,434.13999032974243,349.9499588648478,875.4350746452035,900.8131885831318,580.5615425786267,733.6093474534841,418.48289911259604,343.3641535308626,855.2489084207787,790.6702530472367,907.4857164918594,896.6175211588542,838.223494060969,822.2588336859809,728.3811244798743,716.7067797557418,622.8029372429532,618.810386940285,443.52549038614546,422.09229854340856,563.488890100698,606.3121809959412,683.3673651294102,750.0938234736004,742.6444687697217,805.3977281001576,657.7272398767393,627.191196775103,835.3795370963312,740.3361516991669,871.9959792010726,714.9725069230951,710.1246608191007,576.4123418845383,526.319111985831,475.4154820044185,831.6256711360267,817.887988569284,879.7062332738295,795.8411733813402,898.435412332286,823.1972209643392,791.6215080631617,791.0783918325793,885.4040435107786,745.5624399139746,778.3100117034122,807.3753636006022,842.6282769464383,863.1562518546594,764.1163808805449,723.5007455231713,641.8224896072247,684.1367464932529,402.134644439255,420.372915133624,717.59751779525,701.4712944822193,750.9109613946143,732.5905576433454,716.8267684147276,665.4569392252034,425.1169539197286,452.23651087443034,646.7501576772345,624.845689988657,360.1609962126788,412.81356510616814,420.06728579383343,406.9460750637805,152.58107805176653,448.9229522562027,-0.6927927757421491,-8.854511335273827,709.4123494466146,675.2344008623544,743.4517933800817,709.414930473086,636.5286450420931,702.7457953385444,-1.5777331341270933,0.5483843699580542,-0.21833846191064654,15.199985345053157,6.90726899826332,9.063636449417249,-4.292588750521342,16.965320194468777,695.3759987571023,743.9467007723722,790.3067006360765,731.5079600660107,521.731767504823,142.49791091811238,55.46558799526908,344.7484154207953
830.7294203607363,754.9495956416082,861.5023639420408,836.9417294007374,419.2154789991157,467.8403436488339,900.3403736042956,783.2384615004823,691.8937506383779,660.3715349259924,842.5944170137731,677.997153625791,886.5798505403575,610.4934516599786,646.6704663874498,496.66684188085515,762.8825029309892,701.3436509382685,815.1744505783607,831.7612989501953,435.43408319685193,356.6465960184733,877.5785312184696,902.1280024695018,580.6350294432715,733.8209972433991,421.43768320030927,343.64721654521094,856.0955528403229,791.4113437982253,906.0338794778338,895.491547648112,840.22798428293,821.643651936849,729.3371348505435,713.6518341432135,619.4231222211527,618.181289460924,437.2542046521391,422.7680015563965,558.2796720911244,605.03147315979,684.749287662052,749.8948662563523,745.4334469532236,804.8149410493193,656.3916210773563,627.6900931304986,837.069551071044,740.5207659380177,872.1091415228531,715.1686833168659,708.5647600456203,571.7960791400834,528.6000764988806,478.31437691143805,832.0723771996722,818.1644119200884,882.0867910117362,798.4960657033866,898.1781186311141,820.5892419074346,792.9800777668618,786.892628241959,887.589768936385,746.0938520105002,781.0526068741016,808.9543208014816,842.7721613015339,863.5620456084362,758.4629158157486,721.5556094685539,643.017174257051,685.498231830019,402.8906909002774,420.8511646969218,718.9353365038262,700.6290979662377,750.4497550802027,731.0669958932059,717.898039865311,664.3774693591819,428.534356388251,450.0988607168198,645.7369853166757,623.7431788707447,358.6887898950016,414.1504240414726,418.0599889839068,405.3344741498472,152.48343419458192,450.1318139816324,-0.6339449346409377,-8.441136290954512,700.3112040201823,675.9002944170419,743.6063174754381,708.9532298955443,638.6441496504475,705.8685957038898,-1.6161323936493748,0.567663226928562,-0.19950528928560068,15.410168432657104,7.160157714774821,9.055841740799107,-4.3024766776296826,18.40981071135577,684.3576937588779,745.2249045632102,790.1148255623427,731.2017710239072,522.3269360860189,144.02909703892573,57.64406254616651,344.0403835033548
827.5090770271058,755.6130330562592,860.7473033310825,835.2232618863839,422.6578731137653,473.4820217575346,898.2987254046012,780.7925643102159,694.729448123854,676.599585032854,839.9520836806879,676.6287647126213,883.8726350251029,610.7254308119476,652.0870146751404,502.56337931966664,753.900826675632,700.3805746034134,815.7046416417849,832.8358626708985,436.5153046713935,353.4171874364217,875.9604531600534,903.2745276557075,589.3491847003318,738.6564685669574,427.0580341381263,349.80143882168665,852.8260818337494,789.0751135555314,906.3398706631398,895.6218697102864,838.3637673329499,821.9831876627604,733.2397015115489,718.2319398443383,626.0308182838205,617.9187015957302,440.36281614644184,425.2413773233078,565.4683407642802,608.8750982284546,684.5540595224926,752.5340847720468,744.3087835922879,806.0589168615509,659.9923426494125,627.555123402939,835.3888240045117,740.3250788887225,873.8096119845083,716.1219729541293,710.7618592245162,576.7774577842039,525.5257474070391,477.6317564487067,829.8661785146624,816.2285589861373,878.8143476914638,794.2414855930192,900.4483677076257,822.7199959955555,792.8978183701498,789.4312701598117,887.769545483945,745.1318665772908,780.0211214129845,808.5083120635222,840.0372474816195,861.5135745896819,763.628663449674,724.2141090455602,642.8589926903401,683.0644537855536,400.6427174443784,418.9437444982394,715.2244416533923,702.4492668690028,749.5412311959774,731.8596572875977,717.2530575090898,663.6321850968988,421.40466245303554,447.63163988113405,648.2783695237752,625.8542134560298,363.1339272106395,411.88221478031863,422.4864219967276,409.06532209266214,156.3074838879545,452.0073777326445,-0.5976786892731778,-8.60905842185845,709.2920064290364,678.1957169872219,739.596772775054,705.7129458431745,636.5491713136814,699.2128783881227,-1.8240428961392976,0.5844878685384712,-0.18021529724368868,15.66850519548586,7.700746908460598,9.788533332800212,-4.639661186271244,18.297642469406128,697.5225108753551,740.4971457741477,787.1464751582818,731.1356572018394,529.7474173003552,145.4308861216955,59.68216917460615,352.4078794676682
830.1416618916895,755.7924518561123,859.7833159057762,836.0587374090674,414.371171689588,466.11308343069896,900.7291301229726,782.5486394452034,687.1439115563218,656.2960727332069,841.282192323266,675.9222323724201,884.4882096868027,609.4679414135242,645.6584694207604,496.8870304654313,757.6554892888001,699.2941172717021,815.9303795825476,830.0272109375,434.9981872770521,351.1402090708415,877.2796808328119,900.8809044247582,578.4647051451718,730.2044945915977,416.6292405629026,338.5940229627821,856.8732941825435,790.6851145803192,906.1647814653052,893.2628346761068,838.3448839349262,821.014273546007,728.5547546386719,716.573928649167,622.3611142330758,619.0205348685936,443.12638332162584,420.0375320706028,562.7146696497182,605.9735741615295,681.6317297399991,750.0012162194997,744.0974662376977,806.2302341572722,655.6972344020181,628.1676278281045,837.6180367700515,740.5295648267193,872.9250261461412,715.414670401176,710.0925839000753,570.7222217578513,527.2689265177897,476.17393281377866,832.6669081388142,818.0647151135598,881.700778660455,797.43043872742,895.3820440939198,821.196200917068,790.6706073349769,786.5038344065348,888.4335073784216,745.5792113790525,778.9506348285782,806.7140204624606,844.178177560211,865.3689111530451,753.9641604380564,718.5972547062108,639.6977698649836,682.6655121510163,400.8819100200266,417.6164151043959,712.6977746682089,698.8136525767472,747.9740587599734,731.85349382673,716.659162294819,664.7477407779812,427.1443093926708,452.92440315723417,647.0605774413121,622.0243799973983,359.02613703222835,414.7403825043771,416.7102407041627,403.1834383499642,151.66774668087567,446.2903338916103,-0.6652439534383895,-8.735343622066216,713.5894816080729,677.5967221017611,743.6299375593662,709.623531168942,635.6863267461156,704.3383902151019,-1.507105136015238,0.5316402074432484,-0.22352599684270674,15.000195338698228,6.701713693009301,8.631571056800695,-3.956954691145155,15.874634925056906,675.3162508877841,742.5817815607244,789.8729405755165,728.5384471265576,519.7407855613559,142.00730591228134,55.35753113573248,338.2042743255352
827.1477325804259,754.7159963111685,859.6553889579637,837.1342983765907,419.91103302268095,470.04446526084627,896.3709891206265,780.6204400748395,689.7665314771691,672.2413598435824,842.3152435736928,675.5027409265912,885.7994388364395,610.3924473958459,649.982072374714,499.33178191992545,757.5100474606193,700.7812970880655,812.7722388958109,831.9350737304687,438.01234012179907,355.35369974772135,875.4854994054136,902.257331727043,582.9575923625088,735.6447136218732,422.77304636707623,348.1292862759696,853.6725816546746,788.3397852014613,907.9996296239337,897.1390616861979,840.0868497945495,820.3617392306858,727.722604237432,713.8675595938441,623.7677816651466,615.5620421656856,439.12603802340374,420.3453641098537,559.2293070808786,606.6479654312134,684.8734159772358,751.4752472430043,745.0282315756285,805.4035772133989,659.4974663237895,627.1879357049515,837.7679928410438,743.0721846787461,875.8066341247951,718.2257730716191,708.9300402162321,576.3383468564818,525.112577093431,476.03681552273554,829.6762156658862,818.0104556260286,875.3289705321804,796.1675435244255,898.1648583984374,822.8743649424086,793.5162776646629,788.8323690940323,888.610646205162,742.8831588538118,775.2439956847202,805.2884100514758,842.2963299113474,863.0279898459081,763.2225454175795,724.4567710376176,642.5923285528061,683.1987456614837,403.1441511071247,418.3718061850104,715.4787428808994,700.9785523473969,751.3058471679688,726.8735264369419,716.896471388952,663.1450802596564,422.6149902375539,447.59080100854237,647.9021301277934,622.983707686888,362.0564341264612,410.9301462268141,421.7665084406423,406.9945707175885,158.58957206664357,455.8426650173465,-0.5781761405426854,-8.310942133442618,687.5918151855469,665.0519877288301,739.5179324746132,702.6753761671248,636.841034851153,698.0423578259997,-1.9264802168365445,0.6153616593184846,-0.1617926445709845,16.013637351137213,7.997575941364837,10.646341315067563,-5.238613433308071,23.0233314037323,694.4505892666904,738.2778431285511,788.123960968632,728.5353706456438,530.4468886805515,147.31375554824868,60.21615477854555,352.9404631976424
829.5929468868756,756.007366064823,860.1811009700743,835.2629332789387,414.5830157790073,466.6163817899568,900.0443115917313,780.3553869921096,684.7663831516188,660.0669869360377,839.3208014325397,675.7506190557328,883.675863871239,608.4731354341816,642.3734301382036,494.04006229145057,752.1596847281072,696.7202163872331,813.3988397240182,829.1663063964844,435.77449247572156,355.2027100880941,874.3967379395236,898.9767965286497,575.9403962077895,727.8688819277418,414.42787541342045,339.5960792236858,849.985842578816,786.7336669921875,904.7953878888308,893.7572243245443,836.0639242398537,822.4010982259115,728.4967890200408,711.6377026661332,618.4632933360365,614.6705184512668,438.0806255383151,418.545169077116,557.0006446213018,603.0589714050293,681.7511165369125,750.2741190110338,742.2525421928895,807.173846506933,655.3134243980912,627.754607774161,840.0566057235964,743.9211764978874,874.2114496611567,716.2448216424862,709.6655485897321,571.0020914451749,527.6471344177771,477.3192175250202,831.568995714971,819.8013651282699,883.8039498174679,797.5192285004521,897.3255652386209,821.6212600967259,790.7253243369065,787.4032651406748,884.9415167623491,741.2894932398192,776.7549962831347,805.2196401773806,839.5273878741416,864.5928450947968,754.1370008657644,717.7601506280117,637.0567722145571,681.9281026997091,401.40035524230075,416.4638738497882,711.4954796462763,696.2123523253128,748.8152102206616,727.3743111746652,713.2879541258245,663.8041693261973,422.4324204238256,449.03632375558215,644.024776200786,620.7659365372327,358.9662863450892,412.8486288256594,416.640298372445,402.3477776712684,154.6308901569915,448.7966269477705,-0.6770380851669836,-8.633068792536944,708.1153625488281,675.3399580616062,739.3210519254208,704.8019743526684,638.1505845657741,701.1481971216085,-1.6819053150714975,0.5637141113341958,-0.20435140551266712,15.433407663997787,7.0852268468896185,8.892359482535031,-4.222936126920912,15.922408412484561,675.2395185990767,736.3949351917614,787.7464282144637,725.5046993207328,524.2815537172205,142.41144508175682,57.55023678505059,346.0754384007947
825.4683821023988,753.6567658992728,856.3235022945155,834.2040571240315,421.6366502362628,470.83133428437367,893.2930594734523,778.0588494897903,694.1619854362643,667.8223746018332,841.8615227365882,676.7154882219103,883.6483853456291,609.7134645733273,651.0580326372118,499.4452044212493,759.4358866180854,700.0412850554203,810.0137885082727,829.2481008300781,436.5759467018975,355.6237324396769,870.9683294585257,898.5021428910512,579.7722549048394,732.3461283903855,427.4736269429244,348.4406855834855,856.490733956391,792.3528743037471,907.1639993822794,894.7257250976562,837.3494856236345,818.0826411946615,723.8530828061312,712.3498468973551,618.5995702197373,616.551131354438,441.16317964451656,422.5845852735337,555.7471073338243,603.1248736381531,683.7825101320706,751.1675084552494,743.8934818788491,807.4599153395982,660.6809116710316,628.9439379918825,839.2703013266287,744.3183519721381,875.7413629755243,719.8251917021615,711.5446343956506,581.6512801834182,526.3091543808076,478.8947289313895,829.6361679127286,818.5408762643734,877.0739893408625,797.6259536206387,896.373824887483,820.2946993417339,793.3161917111925,787.964597270322,881.6720772928267,739.0058848403529,773.6447946902072,802.5958189241412,838.262150369632,856.6828009673903,761.6177711486816,724.9068791123688,642.2307792453591,683.6852253174885,403.69258294589275,418.53631419866855,715.5373759035205,699.1858753505089,751.8258108585438,727.871471949986,719.4102520412869,666.3781609601078,423.44927336434523,449.71281336863836,646.5610830643103,625.1495632049817,361.6490146861357,411.63068847793966,420.5661001301681,408.19228009266845,156.15443099890354,450.6421210119625,-0.5560134459044127,-8.414295520393601,709.2009318033854,672.2465647034726,740.8926648497581,707.105259787443,637.2387362433451,700.9906526626177,-1.874346089239177,0.6187305590482773,-0.15480028020291264,15.950964586421366,7.647007081519715,9.834904472501348,-4.748580051792993,21.049256296718823,682.9601052024148,740.6758445046165,789.2026492125236,734.713846906831,529.4300364326028,146.00997470632979,60.52720461289088,346.99356125141014
827.7474252885601,755.4120997648047,856.336805001167,831.3012265493552,414.46928117441576,469.2845419017332,897.9725167777735,779.2133016870376,682.2162039425908,666.36684093319,840.1043351026085,676.9330918145558,884.132691960801,608.2271539904328,643.7398652342422,494.9185816490325,755.4888659020736,702.0864314874541,811.0925772363655,828.3160781860352,439.26124996609155,355.67391713460285,872.44425002149,896.9114867316353,576.578205987421,730.9836802220607,414.4294012607132,338.9133167134391,853.5992899480856,792.2053055374711,906.6104281367906,896.2535721842448,836.4782593290685,821.4081887478299,724.270934262483,711.2601035244494,622.7749026126273,614.9709818804705,440.491438473974,419.0418345544222,558.2595062255859,602.1182479858398,685.4512834530028,752.5580989241035,743.6203572265285,808.5131475437454,658.6927241648524,628.8858353141304,840.6654606696098,742.2818000715149,874.2560789483855,716.8757692721767,708.4321391026535,574.3235403416204,526.2866553666324,477.3471240575887,831.2378476363283,818.8070909485773,881.593792970958,795.1636245022571,895.6097089949898,817.8549255969841,795.286455288575,790.8288978608057,877.1558023708969,734.2750470907805,771.5684384415658,803.2195167806782,834.6544071853541,858.9733568054536,759.1631458041904,722.6444631795414,641.8756880453967,684.253827644117,406.03661777662194,417.8508141745984,712.7286823460313,698.346906859845,746.7004381545047,731.5356815883091,718.3346889101226,666.2779295062492,424.80834292093914,450.07786870141825,645.3979736563392,620.1886378817635,359.10776073231415,410.4457945496597,418.75482206807163,403.7111629250507,159.38550653389112,455.8619327618678,-0.5503245430666505,-8.146716912810165,697.201708984375,666.8895162808693,742.250987753272,704.9420589084539,640.009466673885,699.796041651868,-1.9217362158523381,0.6384602578149902,-0.14526297552851186,16.34621687379175,7.93968087645199,10.176470586615714,-5.185414281156328,20.500412702560425,681.8209284002131,736.906464177912,788.0657031168074,726.9111911435671,533.9669820000144,146.3916353311455,61.212914104714535,355.76971961712013
829.3224096590964,755.5530125613165,858.5541370224017,834.6282392574021,415.09135254261105,463.7836129867605,896.6430340057138,780.8030626142786,686.7367065585389,649.541178390628,842.6798041739115,679.700121720632,885.5483211792149,610.4674930121251,644.4621715854056,493.695063172144,763.6962399505326,700.8078644731116,812.2321476260364,829.8470549316406,432.92754554748535,355.82808055877683,873.3156024663135,900.6770955645849,569.2339406188246,724.7965854694555,417.6875140363999,336.6639626555973,854.8718674857662,790.8878195680218,907.7586158892614,896.2740006510417,840.1516920186706,820.1053762478299,722.5318224036175,712.1198895925498,615.9749417746119,615.8380944993761,433.76401321589947,419.3269762260637,558.538492671779,602.7962441444397,683.7779974672529,750.1579941302114,745.7321092717162,810.6696079544157,659.0947297506096,628.473505663705,841.3637357034991,744.8763388304417,874.4235232241518,718.910910498928,711.7108107767832,575.9652830946679,526.9407794333425,475.80927143881246,833.1962678372403,821.5890926546244,879.3613730650999,796.5889162578904,896.4506117845618,821.7222864077363,797.1215471040218,793.688016271395,880.3288642541686,736.15391103365,776.0146413294117,804.4088909138559,838.8472189447682,858.3714604667537,758.1775234669178,722.4271244611897,639.9221177407361,684.3739474738315,400.85398179206294,417.19582291723975,713.3850222728291,696.9649564497698,751.1385472074468,728.8080825805664,718.7285233950706,665.1586272044735,425.77702687899273,451.58108824094137,642.4708189321509,620.280416414835,357.55953578948976,410.5592755272931,414.50739009235986,402.0920696946236,147.97011416109757,436.6003479604547,-0.5902326906340292,-8.34285491639542,696.3809305826823,672.1502152782375,735.388786226511,704.3278746453885,630.9701467157927,698.3663859145857,-1.5812659139597887,0.5580755466457319,-0.20656020578959686,15.05510135380282,6.68037626186388,8.416328942977763,-3.8928824133343167,16.717229758991916,672.0845447887074,742.1010675603693,784.6124996722945,724.7236712491965,513.6146488937677,141.43996939638205,56.547072701381914,336.97168284449083
828.8262691092463,755.6682834721574,855.9458222723745,832.5167021016438,417.8398017794587,470.89820525050163,896.2832403548844,776.9407046119203,686.1435613632202,671.0485620615913,839.4124772296689,676.4997533132159,883.0315274717877,605.7493550743576,647.3387564521524,497.5471136433907,756.9263362432544,703.5956353539249,813.1678172729024,829.8984869384766,443.4596309661865,351.75788097381593,870.6730326422709,895.8280594840883,580.0730663519255,729.6036026713613,418.4330723272503,342.27999256716834,853.2008053041855,789.6829688554928,904.3138956385335,892.4512660725911,833.2306046566721,817.0663041178385,720.2811573857847,713.4181540615588,624.1107197900176,612.9814963164152,437.8922976170267,419.48443552438687,559.9036094790599,605.8295273780823,687.2294706427862,755.0237418079828,744.9179329832284,809.4906303004215,663.3840650526945,629.3665080459436,841.0353492413798,742.1659722228553,875.2520463862475,718.3104590897109,711.9195427659381,575.8232169946035,527.4547684296409,479.1339498229581,832.0381737799921,818.0109663567057,880.0774664909742,795.8942182824491,896.3283411706012,815.8196572995108,793.1028778181163,787.850416332606,878.3393717523832,731.7031330366159,773.3574489103274,803.6216256906989,838.9710798810243,861.9792114595024,761.4010391922684,721.9787280598625,641.1461275433181,682.979186879608,403.86613796068275,419.0280342639332,709.0787083360016,696.3018659536275,739.7029042345413,726.2821851457868,715.9250930698439,667.0458058902983,420.92343790133793,447.7384410579999,646.6879825480709,621.8804209582147,360.9167480132159,412.59754370438066,420.58597695278394,405.80474231240294,161.77826373737642,462.03553661803403,-0.5796608406601956,-7.874350838929085,699.5622395833333,670.110098370051,734.9690969288349,703.9935780520892,639.7285994376997,701.4418635858009,-2.1493080647242575,0.6956395399963691,-0.09893936640079384,16.90247469830855,8.431703736500205,10.773675132467115,-5.407050834761725,24.51314029272865,671.0439397638494,733.5461115056818,781.3284041641542,723.9925848079633,535.3556940041336,150.65613932567732,63.2341475071329,355.2379402579932
831.2485011167199,757.1994223016682,857.9306308596653,833.7454420361386,414.5453233763229,470.71091823918476,896.390567135628,780.2462905039686,686.8618271691458,657.3885528220505,845.3337888950255,680.0737224215553,887.3545307859548,610.0713698673646,648.8297838786644,498.05782974801645,762.2981397438954,704.5594494524984,815.803353905221,834.0418944091797,436.5767349667019,356.2721420923869,873.3080434427633,897.7651700216626,578.1236778943951,730.4981587430933,421.53900259239236,341.9227026436064,857.4850109748121,796.1296060444396,909.9260361238414,895.4497998046875,839.3509871919276,819.4842532009549,720.363037109375,708.2511504759271,622.6100057862403,618.1871474937157,447.80268751723423,422.4450708069605,556.0168196881403,604.7061629295349,695.617353681534,757.4296970457827,753.0024972028386,815.0099357024968,668.1203309972424,635.7518926100297,846.3105268201521,751.3715978633624,879.3318917017953,724.6098835041346,716.1720141423657,583.626710433586,527.8317942382705,476.5699255800091,833.9657931541952,819.4588703281349,884.2935559421086,799.8273647766399,899.4713247282609,823.9677825699347,799.9724248206579,793.2349232135977,890.6228965076048,740.5874991034968,778.6763123372967,807.0842691933495,846.536252841828,864.113635152743,764.4348812618771,719.690519989514,642.6780524297592,684.9134961413099,399.20890741762906,419.6496382162604,710.2959014392289,697.2107546477891,754.3844799285239,731.5235148838589,724.9146621821027,668.2334527020955,430.30347326278684,454.38350129445394,651.2558360034674,622.9117052072813,359.1363951514749,411.6166254931839,418.1516436773042,403.67641070502873,139.89076834416107,427.21123750095563,-0.7871987275828831,-9.268039503605133,708.0154073079427,671.1339892371226,739.4347170703113,709.15066828663,623.4136983974441,698.1730643729418,-1.087292464943235,0.46002492085961555,-0.3214888775343824,13.585788589139701,5.688324866638296,7.470609881239192,-2.994649635420905,12.469086731181426,718.3569224964489,752.863466574929,794.4631783914245,732.147824251199,507.7147166775722,136.1285886401147,50.95816174420443,330.94468448902
831.2459601320089,761.0817041391074,859.3019518948622,836.2437262516098,421.77149310001107,474.6304804342134,897.1788256515932,783.3524981243053,692.6532078567816,671.6495438403771,846.3875729320495,681.5933634319002,888.10417866257,613.6191797517089,652.3085542104731,503.02409640849373,769.1407746952292,707.9761226058403,819.4137927526715,838.7353937988281,433.122909810808,357.0505771636963,876.4093870132689,903.9874446808345,582.9201086154159,740.6318379732279,428.757054618709,347.7786001827982,859.5418286593455,793.4729783046392,907.37054523458,894.7905857340495,842.3245337534759,822.9422738986545,729.0121834132982,714.3291736281062,624.6528014464525,622.3023445694535,441.37720619780674,430.1806806339307,568.3680620037142,610.846197605133,694.4982727368673,759.1494590795436,756.1398469823981,818.0423126220703,667.6253687724594,632.5624125253904,845.0335379769725,754.3721974532276,878.4302233250445,727.9969869643389,713.6987617646632,592.4855075630487,529.7019938790366,478.7159200108773,836.181756962821,823.8997387433493,882.2112750183171,803.050628111018,900.7489098590353,830.3439643653079,803.7363728930097,802.3700450614647,894.1560349535587,749.3482527129102,783.7609466975995,808.6244683882458,848.5648939290624,863.646054937036,761.4489521679577,725.514271970655,646.4256629593875,687.2727461645613,405.6156193829965,420.9724168374505,713.5247421264648,701.8991020487551,753.944437229887,734.945305960519,725.5009439402613,671.907395453712,432.4197828801473,452.64101052363714,655.031445030809,629.3817940750014,368.32830301172595,417.74355144707306,425.5213965463142,410.77385315121427,155.23372341345217,440.21379761889614,-0.7811244643978879,-9.204760533793111,693.6438273111979,662.32287287308,730.3135832846165,698.093691623049,632.1060936462712,692.6760666784272,-1.5463164505436955,0.49382538071454124,-0.24306338193584062,14.627307242114226,6.763889666498855,8.514778909081612,-4.000309301747216,13.09832532265607,683.0877130681819,733.3232943448154,781.9466769839294,725.9426547666139,533.3684465370926,141.83643006077526,55.64823979319948,347.59236676323
835.7565544729672,763.8157692328848,861.9876519202052,835.6815642854607,422.53336214464764,476.33138478653774,901.7958833250548,783.4376470630727,696.0492526268472,675.5035578618284,846.2402784145944,683.7136750024463,888.9068191096468,613.5287225878673,652.0131118499224,505.9953287351812,770.4212579953162,711.8927012725526,823.0853705278302,837.3801354980469,434.1056300269233,353.3235014597575,880.1136754243748,903.5224003867497,593.2041147217077,741.7525231392829,430.4302428545873,351.1283340603113,864.1050494212025,796.5502860363619,909.6918378214198,895.8981644694011,843.4320024393372,825.3898687065972,730.6049409285836,715.2320677975574,627.2982178406569,622.417971222489,439.57473716352666,426.14784070704314,569.8807343029586,615.204448223114,695.2218124166368,757.0459281957545,751.7222979341045,816.1069085193657,671.2684185918698,635.8562760686541,842.6638792330219,745.8909968532774,876.2525755147062,720.6078868871723,715.6360762044453,582.5776385653253,535.1458510383037,481.1587735371582,841.2783664899745,828.8472429051719,888.744204053611,806.5456888188118,901.3147239618716,830.5824255233443,803.6052222645611,799.8295849772637,886.830666328544,744.0278225474888,786.3273913222753,810.6226630761329,850.6247110549052,870.6781509989532,762.9942095301172,724.8975133114174,647.504289679571,689.180479107481,403.57968957873356,423.2467025971749,719.4282247824747,703.9929196686171,755.2914337807513,734.4372711181641,726.9317868258305,673.8228383416629,429.75272669911385,457.60201026201247,653.94789001322,629.1034269246846,361.07032415726604,416.71967646189114,420.57974055419373,408.70034625248917,156.73914302499406,447.81362220654887,-0.6235171112305209,-8.875404308102201,717.6884460449219,688.4072891493975,741.0565375685692,710.8466393656321,641.9632467811041,707.8636237962904,-1.5469635479630117,0.49826976388382416,-0.22721865864122665,14.789299337296935,6.601889987952866,8.285928242546957,-3.7827182610829673,14.406169961480533,682.3310102982955,741.4792058771307,792.3845925555133,739.2147481411318,528.867837157904,143.4295926049613,55.31344612078233,337.1268873173615
831.8855128659831,760.9734975412639,861.3027355089766,835.566924207239,424.33383357912993,480.57556332860673,899.0688818462467,782.0223116448585,697.5529414001776,677.4337855792436,842.6509272257487,679.7820562907627,883.5403528295291,610.0403609053809,653.2390179272314,506.67262679353246,767.5010758531037,710.8461679731097,822.2522999262901,836.909127319336,433.53720913992987,356.5221599578857,878.292031270257,902.9595428951203,591.1535004920361,740.0281802586147,435.74039225288516,355.7286192443636,856.9892211050358,792.5571243851273,906.8190719324147,894.2613669840495,843.7266629752467,825.6111555989584,727.9657072647758,717.5402184911521,625.9365660545584,620.033521299009,439.6428690297263,424.4892120289892,563.7779868704374,610.9149851799011,691.3892305502816,753.999561653318,748.4687598502071,809.105344538103,662.6746410574794,629.2148118798549,840.7230109060964,745.00968275654,877.149033712144,719.9238203032396,714.042274817223,581.6574964990803,528.2814052048045,478.944742421862,837.1366858759167,824.6968138549063,887.1027163305756,805.5182733101872,898.9431620987602,827.5719109229672,800.3803715020509,798.6560200035817,885.6371375695983,742.9721536101913,785.5897545032287,809.7597411451486,848.422080580596,866.2729571432039,761.5265691602552,723.2958014128639,641.6556756255824,680.9020964387175,402.48740154763925,418.89618629133196,714.4269337888624,701.8827669135762,756.9546963306184,735.1487840924945,724.8064496416698,669.4021855072422,428.44476669311524,452.12275757630664,654.1707367094602,630.6418436393212,357.0053190119126,412.83732619440514,422.4213245154048,412.46507345393957,162.7095540270608,455.2644177952409,-0.5807538163110925,-8.597831699898807,707.7195373535156,674.3974588685116,744.4449026584625,707.4273348847126,639.846469156918,701.7460393882322,-1.700349751422197,0.562118850329339,-0.18309587817115897,15.676019401913384,7.409891441171593,9.842119179828773,-4.561751584211986,18.51703423612258,663.0493441495029,739.453583318537,791.3005334226877,734.8656264679341,535.972214829688,145.52641347991792,57.9449609391617,349.4198312101693
827.8282786665447,755.9335494354518,858.2932600549796,832.2697054323447,421.7153637287229,480.6130028963089,897.1614076593241,779.6342085233648,698.4582644482048,673.7963379406539,838.1728849023339,677.32645476205,882.8494235802679,610.1022086944657,648.6169910502078,502.80129572298034,759.0841942014288,703.1733418968429,815.8533539169136,831.8329467773438,428.295047601064,360.1961336135864,873.9989710776149,900.1996669466533,585.3188005816874,740.7684225774074,428.88361658970956,352.74242087867526,854.6682639931732,787.7523115746769,904.3394927578022,894.0486627197265,838.7691020642296,822.6538218858507,730.9312982973845,714.6157726609563,616.371940310306,618.5006235617178,438.5668955871037,419.0175746460532,557.2018147452933,605.447726726532,682.2124128975565,748.2020125908874,743.4312689470381,804.5391881396199,653.9002601134875,625.5232621673103,836.7400521586018,738.92412103446,871.4670568242803,713.9048889935376,709.914517432585,571.2935045560201,525.6436975306929,473.85143749842666,833.3577984980137,820.2281445132362,886.4746418781981,801.5817119131392,897.716906472911,827.1480135068924,797.4820694296367,799.5422197349768,882.94267329885,740.1651536592833,783.6701686130481,807.5436465272652,842.0186327065632,862.5552501362332,759.9228193265898,719.5539614567991,635.2861561906448,676.7145167759487,402.6490277276523,420.31559108680403,717.6679292272349,704.1470382500486,744.8231227144282,727.2920913696289,718.0858358112788,665.4858200879387,422.5791114552816,451.3798090648651,648.5153596474736,624.5407497212644,357.61323105307184,410.38408130687066,416.7486318452284,407.2107387404618,160.5836505116705,455.3854494629117,-0.6962379572710402,-8.496603149583402,701.2977986653646,668.3013305664062,740.8899896666408,708.8226648218491,640.1331290965165,706.8202229338928,-1.5160575638112372,0.5024889854852248,-0.20194089643113064,15.069930607198954,6.925423741055116,8.884254371021969,-3.849510954485999,14.471790972877951,683.2454612038352,743.2956143465909,793.0410066130977,736.29233522053,533.373644136915,144.3576505110975,56.59489268245119,337.92480687437387
828.1435544116438,754.691299405965,861.7996284584653,837.3449001711203,424.8562343397806,482.88751317773546,901.916468269888,783.4111888917963,700.6187351771763,678.8237645039793,841.9517764890097,679.7363096025255,886.1443972055948,611.9737455972172,650.0188332956228,503.00190332824036,759.9258220003679,704.3350817784915,816.5127226730873,834.6587559814453,432.5198073387146,357.79626671473187,879.2763768536016,905.6590911623032,588.4063555894722,745.3524023464748,435.3231093159038,354.29090004497107,854.348439054669,788.8079195752556,916.0373139469017,901.4812186686198,844.2886918924622,825.6640801323784,738.0476825216542,720.0388974109328,620.1974098440834,617.7083677362513,434.6993584121977,421.8871160348256,560.7193300841285,611.0951447486877,683.6076369853247,751.1509231278117,746.609980936502,807.5459211918346,656.0108569121558,624.9829997282761,839.801263883037,742.1928975784883,874.9799385218087,718.8444982716735,710.0301363136737,575.3021861338148,525.4853004586369,474.7577777798554,830.9617359875849,819.4613499878733,884.104442349263,801.5417998727222,901.907649721892,830.9354381252647,801.3265942098168,800.7381755844556,888.1234362018643,746.4153514964944,785.7547286596191,810.2058700513774,841.6713951256625,860.4418471531314,759.2042153504518,721.7682030161873,638.3960883464289,679.5519225545776,404.68344536380494,422.0385570257482,720.261860331551,704.3845784674047,746.9926887674535,729.6542107718332,720.3043581498537,665.3978569784217,422.45928998152414,448.4966109196345,649.5367892966922,626.508392181152,357.10395737816305,410.23153660357644,420.7037134999603,407.50611980751387,162.4969328164308,451.60249882315594,-0.6100164899274845,-8.549506387750148,699.4083964029948,675.2546578100172,745.1560181677341,709.9871817541339,642.5591631966996,706.6488767602916,-1.6880521924530942,0.5417912468452144,-0.1766669324444858,15.50129332679787,7.303369429949585,9.320383264378536,-4.284408542844984,16.708084190593045,660.5957863547585,742.8162819602272,796.1997936684013,742.7705450903011,534.9035242118088,146.11131626576707,58.22557753866369,344.7591747086624
821.5066767543941,750.4580643827265,856.4474469161062,832.3180310640677,424.16979310235314,483.81971893991744,896.1909113507543,776.8214838133467,700.7264464436745,678.5921865213113,833.8136757331166,671.693552383544,878.6989013645702,606.5204419776013,649.1927078422623,503.23893025613603,748.9914733922877,696.2663588856542,812.5641400567416,828.1357722167969,428.9350425137414,357.5792596181234,875.4892453060178,900.9805387466673,589.943977912059,742.4513430438199,433.41839328786943,356.237979106812,847.3304927034198,780.9243512942468,905.0520660320292,893.5898587036132,834.4724626702778,818.7206051974827,733.0899103579313,714.2208251953125,617.1323587022689,615.9366432472511,434.473907828331,419.5525044644817,555.168514564389,606.3827886581421,680.6504115131166,748.0444026061144,742.1336876329938,802.2433252167283,653.7628783667383,624.977343412546,836.6651925486904,738.7160840579841,871.6495221112225,715.092032732858,706.7976908961754,574.1759573010837,526.3189187930437,475.3164027802488,825.4605304763978,813.5310140699148,881.2395392432326,797.4633342445903,894.455113896909,825.5920352195074,790.7148955108922,793.371870111536,883.5717334462636,741.7161566293208,782.5539570626248,806.3249442905643,837.0454285251108,856.3171336137128,757.7220499193346,719.3252035359867,637.5886133876415,677.36333752917,402.6851872983186,417.6623537305375,711.0048317831071,697.5022805874773,742.6997758581283,723.4339403424945,713.1851247882478,662.0709254103635,419.6947044340769,446.9369740209977,645.7044193729955,624.3219788590727,354.60529810961555,407.36278804544935,418.0097438011241,405.6473152424354,162.68532157985015,453.18050537586214,-0.6037100146716478,-8.76680917908593,712.2525329589844,684.9540575964976,744.8762122765183,707.4397912349096,648.7494548319557,709.5115872700231,-1.592602147862444,0.5144317767479354,-0.19537840687481456,15.29725546946138,6.982071830867072,8.840911346351257,-3.8860568006833396,14.244343000299791,660.444169477983,739.6414661754261,798.1712976238072,742.3908928979802,532.8391913245706,143.48802446587044,56.48241332805518,342.2430122967424
824.2290485848221,749.9840007550789,855.7656866338959,830.1164201018345,420.4746862455856,478.15762766769956,894.4996107740475,773.2273275383483,691.68127602947,666.0922493700122,836.0578547221859,669.4035928483993,880.1624067120036,605.0371260498217,644.3063643245555,498.08727621044915,750.944095304227,689.9896411959119,810.1413581818913,827.7511893310547,428.54375150468616,353.5990219116211,873.1435101551755,899.3115119328575,584.5376272975462,738.1010039926886,428.6777452921999,348.5089014106327,850.3644105443415,782.4841761459539,902.9349531839526,892.6477675374349,833.2539024999586,817.0409940592448,724.6486710258152,709.5135453925076,615.8656947602259,615.7318068610298,439.3447723558971,416.8981139079462,554.5074708031826,601.113787651062,680.51312901056,747.0236415411059,740.511693670225,801.1262416728059,650.8098590433106,623.3213570784856,835.0953110787176,739.3684491467965,870.2486523170422,713.2610740105151,705.672967098219,570.8603879797693,523.1973217708286,471.6882317335438,826.1987376051169,813.7182676940466,874.0591659545898,793.0511850067196,891.2497447138247,817.2485015801242,787.4654969031658,784.2649984398987,879.9599413515916,738.3207416349603,777.1981489213665,800.1101457147505,838.1206167913547,857.0311655286926,761.738950505987,721.8562037358519,637.2522699198591,678.7350290802134,398.8196782651155,418.5214370942452,713.1145127093206,697.3998729658325,747.017788501496,723.9483163016183,711.1036677013412,660.252947744085,420.5095644950867,445.6523597566287,642.0106549037185,620.0357692385444,354.9508812736062,406.93058311379775,415.2695039170794,401.7125782456529,159.0749816394732,449.30617956558865,-0.672079778905889,-8.823405631042087,701.2747151692708,665.2024603374933,745.086236640811,707.6805056748886,645.3481211489393,706.9839744801043,-1.4987197955579177,0.49371527103120805,-0.2211446958583887,14.927414757665455,6.854935181667031,8.942673353276776,-3.8704938756095038,14.25885827401105,710.2367720170455,741.4993152965199,793.4102914285339,737.5970812447464,527.3687802109064,142.87397230821745,54.989259629538566,344.300078782542
823.1462614978218,748.8773081712048,855.2497386773616,829.3414598081216,422.52822623141975,476.4693123272487,894.2190788542218,772.9403353638345,691.5423868724278,664.1965038893653,838.3315671284994,672.6864418029785,881.8928796398496,607.520320546244,643.393936811988,496.58482793236044,752.0846742024354,690.4144511111947,806.8951171641149,827.6035520019532,429.56523593266803,353.85546175638837,869.3924815300395,897.5943586561415,582.6085372245749,737.2086350053221,430.24127601918593,346.2394890917672,850.1977305862139,780.709061836902,900.5992284259146,890.3023301188151,832.7245674779859,816.4810267469618,727.9513125212296,708.6303810211549,616.4933847099674,616.1392421015987,434.4176735622542,419.42078961861716,557.3733267862289,603.9739694595337,677.9277044761749,746.912372679507,738.8139176753903,802.01924838239,652.6881247433749,623.5150194293135,835.3053372721519,739.0692906477584,870.9686518685085,713.1763488665913,702.9022417966561,569.7912215812534,524.3431951595473,473.15689388624776,823.4970996601819,812.1315113427462,869.8510869110635,787.9510694471578,893.3485473632812,816.1688011410167,787.5794178673981,785.0113339286772,881.02153510478,737.897896644681,772.9967446637958,797.8892456526883,835.0608478230276,853.0453336093966,758.9996083233807,723.359531652732,637.7881408131451,680.3418324127858,398.90747026084125,418.33997978962645,711.0355129554623,695.5447656148697,745.281944761885,722.6346566336496,710.986182625723,660.1601745380058,419.82368034998575,444.06629454602796,641.9734105030345,621.06912142961,354.36171910903033,406.77916297499456,414.6991488796969,400.938229387686,158.05025998509927,445.9249227395654,-0.6698418924201245,-8.682290152569772,705.9589680989583,671.6168337029926,742.7177942916751,708.3225630850814,644.907968719497,705.4460212126338,-1.56959677514686,0.519292985468551,-0.19595521558128465,15.316869872510454,7.27038917237044,8.93900513028731,-3.8070724076694913,14.295043959337121,670.1792547052556,739.9461714311079,792.7138888979919,737.5225204274624,527.2242856867173,144.08120611205436,56.868657039873526,341.3521156311035
824.5766155024487,750.6032610288775,855.3475881116144,829.6926274983531,420.85579360473986,475.84835685150966,894.7422914009062,774.6769387541426,691.5284625267495,669.7291068405401,837.4590593663658,674.5191677517361,881.4384263040271,607.266472558261,646.4929595373163,500.06158446555696,747.4215478671106,694.9133214158473,808.3551623757315,828.5038881225586,436.4812068939209,352.20247710545857,871.541366213844,899.5978305150592,583.8846310196122,735.8842010838645,430.3976753403469,348.4752645558781,849.458095694488,783.817034233941,899.5628370550361,892.2982059733073,831.5898022409212,816.8274213324653,723.3979553222656,710.3856513701289,618.0970053315688,612.5139013219763,437.79548866408214,418.6029926900114,556.7258831086706,597.7634749412537,678.7833753313337,747.2348915208572,738.9401547689624,800.2843253152412,650.3963939256904,620.8764947594462,835.4198395690611,738.742622138468,870.473784045363,714.1504862571746,702.0995133297325,569.565988052125,520.9777293674529,470.23790760477317,824.0107440426211,812.2873428888895,870.9174194953869,789.5440037496542,892.0736309549083,818.0675330393523,786.8408743336296,785.168235935792,879.7756651693315,739.4558322802186,770.2831904079137,797.1610969416124,834.1791229248047,852.0103245519143,760.8207073383503,722.4644930792637,637.0995606588662,678.9810135746415,399.8738427645918,417.0132304446798,708.4076899544137,694.7380067184258,739.2571878636137,723.7787301199777,708.24774057381,660.5317400660963,416.1420859845479,444.13611546645564,641.6556505102418,620.5811837723678,355.17007169162525,408.30272521697225,416.57467798748985,401.68432579492355,158.9110144877993,443.72781723214933,-0.6487299821725443,-8.669843571532285,704.621171061198,670.6636657714844,741.1197744011879,705.3101360959705,639.7852158410897,699.3690186438758,-1.7187543131696752,0.5640282740971695,-0.16893449925370854,15.67304122470419,7.533553645221662,9.459809933621337,-4.345504668023851,16.082492491778204,676.2118474786931,742.7632557262074,787.2423878100094,727.0332533437994,530.071278254191,143.8321410945633,57.88800226377718,350.10959181292304
824.1387019467044,749.3505560123559,850.972560270221,826.5402068901822,417.9211072788682,470.13646960258484,891.1775094119281,772.8588859729564,684.3917287709762,664.7777489208785,835.7551170907369,672.3532286386642,879.3301125292508,606.0677139686669,642.8850078713242,496.83354459270356,745.2279487627942,690.7874665244473,808.0115971473898,827.3938688354492,435.01809310913086,355.0011452992757,864.9826409586236,894.5974836803618,578.3084963803516,732.3759127003806,422.4538489283778,342.3319693952799,845.0716249717856,779.0561943148389,894.9486614237308,888.7443426513672,828.1929038096282,814.3293524848091,722.2673170006793,707.8648736792875,615.7720446481578,608.3708939022488,434.8027611374855,415.4451697203104,552.8198172147157,596.7643280029297,678.3384172821802,746.6042429847175,735.828584931355,801.057529204073,648.1588737669069,621.4789365613377,833.5710207154674,738.1871191539373,870.3051696345306,712.2735721465327,702.7188507954636,566.4481357406167,519.9159980025374,469.7850874863358,823.7751666065897,811.1952195840508,868.1712382915983,786.9007475836863,889.1859644085428,814.0389850054744,785.2246784638921,783.6627463744992,876.9576358510487,734.4711444857662,765.0813692125042,795.4943133023916,833.3947199924736,854.7020093380416,756.1173387819582,718.2048637827888,635.5661983664976,676.0378234334838,401.13902769226956,415.97329045685245,704.0442541153704,691.6799873573651,739.5062307804188,727.1428080967495,707.244202887875,658.811913707803,416.9107312424978,439.71469080289205,640.9587767159886,616.8353596675543,351.3319450154024,405.4035434447471,413.0876788588939,397.25353526855963,155.42354437009968,441.7516004446149,-0.6593034624373239,-8.601271500439951,691.3418436686198,661.7837348550053,737.3913787901402,704.0262298583984,637.2182910854883,699.0324974817868,-1.6532539610983037,0.5560407157711409,-0.19617521380385144,15.494210096967318,7.232118005082381,9.037490209689745,-4.167254573769039,15.975866738487692,668.116377397017,732.7954512162642,788.6235904565593,725.801237468478,528.6749504313749,143.41330466615526,57.75749988086296,343.7362685039126
829.7751804961787,754.0722804623421,855.3197211811007,830.5851574722989,417.51518898010255,469.8449273620333,894.760840881816,776.2268119941874,684.8456155621276,654.1896066685192,843.3988938990648,677.2795092052884,885.6005738521726,609.2798805207859,641.8292322944645,497.76142711260775,751.7189579733175,692.8162944958456,812.5281000831575,830.2502707519532,434.41937234666614,356.2710892359416,870.2734080668307,899.9373531038799,573.0791007236661,730.242827648645,420.7851156579197,340.4790137575732,852.0181369421617,783.7275891716098,899.7532902915334,890.4624951171875,832.43482066009,816.6825872124566,720.1777850607167,709.1077259477363,612.9398670952751,613.0729536833586,433.9817698768207,416.0351147080182,554.770794227475,594.4102435112,679.9578344443488,747.201184024178,740.5114862978625,802.8572492097553,651.7454060601794,623.4937009377913,837.1731877565384,739.3526655627835,870.9022252930945,713.4021386390241,706.8254186861184,567.5732190001245,522.575635329577,469.86045420345425,828.7719771352812,817.742931102713,871.2670016937585,789.1991106215829,892.4052576214334,816.72061365322,789.1893460462582,785.2622595893013,880.9338734185518,737.2982798140179,769.075965499878,798.0153480484688,838.8682230809692,857.739187672652,760.0064939550451,719.7312041736039,637.2980490868244,682.086591315992,396.9933078047158,418.524794457664,707.2902188535596,692.48660316309,744.4439995948304,723.7017092023577,714.1268664831402,663.7515888461091,419.2561012013753,446.2355791870753,640.8981066077816,620.3937104968717,350.9457295305589,406.1812631076854,409.3595443228599,396.2056622049273,150.12738995685507,432.1205376599729,-0.654892181510082,-8.46101633460735,702.4554951985677,673.3138867394399,732.4796880409122,703.2608817950633,632.5682679991079,699.8184295085357,-1.4039732181933544,0.49718258984524893,-0.20896447691091943,14.811297882149068,6.4917038359642865,7.996958269846566,-3.116325034035577,11.966073316686293,684.3633977716619,737.2355047052557,788.9590527835309,725.6350609501706,518.2680243323831,140.7303937487958,54.45231386025747,330.8415606718125
829.6938145917873,756.5363437479192,855.7965931024903,831.464964541781,423.55118071090345,475.86622083187103,890.3569253334507,775.8753212738037,694.3253471608065,671.9407383731154,843.855499453661,677.5752313220312,882.8384186759412,610.068759337128,650.0267880615311,502.5324524623289,755.2739894921181,699.1267677129701,813.0790407027322,834.4713203125,437.02373684777154,355.3202244758606,870.6618854638302,900.7014776562887,588.7990410920837,736.2413750068172,434.7848985050265,355.66174375348623,850.4905273149599,786.7398784872927,902.0594831651903,892.6968511962891,835.6254657810017,819.3209099663628,722.5085051163384,709.8896340979151,619.2544153020245,613.5810192249439,441.16700398921967,419.1155742679196,556.6369583880315,600.1675682067871,682.183884087063,749.4238133362684,741.7370206997587,804.9734089276944,656.3793139260663,623.9010135844037,836.229473541629,740.6283697515639,873.2940675202791,716.2636634195354,707.7216699882473,572.0125305886362,519.7068484048649,470.5839813844272,830.3576880598121,818.2313346487505,869.4874614278905,792.7788401660955,894.2152654233187,820.860176117289,791.3856029583409,789.100100725276,881.2911210700647,738.9506691829217,768.253017689137,799.8969424649638,840.6310889614615,859.3728167286235,763.9532698553961,723.9129844415384,641.3197400854268,680.0789576939175,402.4038859934047,418.2388759129484,705.8277288968446,694.4476875526776,745.5150977601396,726.4674486432757,714.8693854123696,664.8588754900253,421.080150086085,448.11361144423483,646.7372417449951,623.9382690605614,353.21763567083025,406.51166331294644,416.93808822721866,402.3270725781926,153.5674961641453,442.10048456966877,-0.6838356299084369,-8.703547741250853,696.5306864420573,667.3616061453092,739.5491769835353,705.0186245258038,631.984208601425,696.1992377069002,-1.6074830998735898,0.5709490778200604,-0.1965937054165367,15.376056160328984,7.600827953254752,10.022773629120145,-4.349029931757185,19.512937798219568,692.6217151988636,741.1092107599432,786.6061524256763,728.5719467356236,525.0166546690698,143.9096909468634,57.62000261472933,346.57155323028564
833.6963782057148,758.7618342746388,859.308373930905,834.6978332302959,422.7505823978158,473.66974879162655,898.4110348742942,780.808501810926,694.0123234184421,669.4540000587214,846.0354250155814,680.9185389564151,887.893064593778,611.6706733428515,649.8107947638972,501.91564059671634,758.3411882228761,701.4705273479323,817.5424950259855,833.2132379760742,435.43982950846356,359.4062162399292,876.8279977333322,903.0195814465719,586.6435660167514,740.3857318569015,428.844693831976,349.3096784684393,853.2281235029112,789.2884053548177,906.1502097622929,896.5652400716145,837.206032575187,821.726385904948,726.643138056216,711.1174926757812,620.2764670082125,615.0107822418213,438.1443130373955,420.55708776431135,558.2575120769563,604.5579605102539,683.868883378922,750.3240911113143,744.3629945951584,808.0768272890682,654.9943427566654,624.6626882319683,839.4037697361362,742.5034711486783,874.4475191526278,716.1683332296444,711.4080382462574,571.0925655645483,523.8144206978765,472.9444659255238,834.9341811548841,822.4402295306877,879.7833948114778,796.6537262127503,899.5713387398098,821.9353679615317,794.8348131063152,791.0610137908056,885.807686819959,742.8362715586211,773.3928254316864,802.6352794047689,841.6807809331615,865.2957325297824,762.7398750030243,723.0603205571409,640.9686486480433,682.5455223182579,402.48521334883094,420.75091531243123,709.8598944241884,697.2247367637286,748.5994652281416,729.6271841866629,717.3479360602367,666.4144298141174,428.1370684623718,450.4605206680298,647.957021609487,622.485470787186,356.0169314440559,409.2831679733221,417.1716887897807,401.19649692833497,153.68414630576436,443.6234037407239,-0.6416629407332645,-8.723775884837393,698.6641377766927,669.5830631579383,738.8699955791235,706.0736480126014,635.1286853674713,700.6329390565458,-1.5119033499810797,0.5493388942753276,-0.21808015655782112,15.385743521879911,6.758764615065586,8.628506673765319,-3.6447533435291715,13.516092987621532,685.0128451260654,739.0760309392756,788.2516452866113,727.1174693047246,529.3333693859624,141.95284086884115,56.708735978964604,343.23585798822603
832.052283734048,759.8052903811137,857.9366793910332,834.6939164738791,425.32977168504584,474.6642793331827,895.684593363288,780.9557459616154,694.1028459315397,669.1712275567602,844.2834173373091,681.9124013416351,886.0207059935476,613.864961074914,651.9838430063048,505.12843053216676,765.1664344642965,705.4749385288784,816.7723064788,833.8894150390626,436.3253917694092,356.4847070058187,872.7948468801435,900.9697780306377,583.4436177907814,737.8828624840621,434.03789256817726,355.22995730903415,857.5320044463535,791.5176517439477,901.5519151262098,892.8459663899739,836.5606361001225,819.5995060221354,722.0101299783458,708.9318866040334,619.7517468288606,615.7088382155807,436.0637908939804,419.8509586022588,554.4330279240843,602.9203734397888,685.1520868142446,751.7636761055173,747.0190133649991,807.5684531585515,659.005325214922,627.0272017050456,839.7336453345514,745.132424049713,876.7734797022364,721.1775717791658,714.3526044683072,578.5230296359342,527.4266833517382,476.5428051886114,834.5021486815069,822.8662667809813,881.1788682999415,802.4565729039248,899.1636139712126,825.9769094688606,794.6938971014927,792.7757386023125,885.7084039716578,746.1496868381513,776.6934867690119,803.1037049008344,843.5094590885624,863.3785358239275,757.1000049350498,723.1690656943399,642.4892813306336,682.765934667546,402.50701594698256,419.2854481012049,711.1771670482198,698.8702422969075,747.6204197660405,728.8096346173968,719.6765953809365,668.9957153138535,424.50207916418714,449.79300954283525,648.2963922870317,627.2412130680972,354.63589001823874,410.6943516232046,419.8107530974473,406.9099065876689,157.33142692628925,451.5099789308508,-0.6364373896768333,-8.254707247580981,708.5040649414062,676.7765502929688,737.1329170316458,705.252164193408,637.9202296224428,701.9839666408548,-1.7391046353686281,0.6021112854626995,-0.16128615535405894,16.077973191411367,7.497098673517392,9.316525665242025,-4.0589342845810785,17.57645612604478,679.4723455255681,737.0258633700284,787.4579070430474,731.5461338864097,532.9320624482398,145.80298181688576,60.44229610399766,343.31626444849474
833.4076986827282,757.1130610475636,859.3632892694825,834.0264929328781,426.2920450188393,477.6886592017753,900.5688434935795,781.1136249590935,700.0293656563272,680.0477085582545,847.1528470419287,681.8753414880662,890.6308006037979,612.873411062758,657.1224441901961,505.2839700308982,761.7085380011825,707.1399702661457,817.0965246441721,832.5307833251953,443.43308130900067,358.8724530537923,877.7913938139768,902.1675528268966,589.78902558132,740.2968393112277,435.92933565213536,354.70012807514934,853.6147308349609,791.1265774197049,908.6469177085896,896.5248299153645,835.3278959888523,821.4840509711372,725.8408282736074,709.4374224191689,620.9688255545326,611.9388249008744,442.39241673265184,418.8080684281467,553.1262984979348,600.6684608459473,685.5684445699056,748.2153486640533,745.5184271767279,805.202729520742,657.7861333169228,625.3418444595137,841.2316079754984,743.0142688137695,876.1585490105235,716.3590285566971,715.6184219394564,571.7767377273709,525.6195889803222,475.010848239869,836.0480361554082,820.9764936795734,885.2980104203358,798.1165522527068,902.9753032120415,823.5295699746092,798.2218907499167,793.8222689138028,885.7783810629774,740.1123111118642,774.9056177750062,802.0523799052656,841.197525413173,865.3932076975785,766.6652452279856,725.2717954917032,641.8320047920997,682.5137066201214,404.44315636676293,421.1840044478296,711.9523199112689,700.040853033422,751.0715773562167,732.2919257027762,719.3208369441417,665.851716752869,424.44615511576336,451.5855280367533,651.1034194858064,621.9681437058553,354.97582306581387,408.4384370642018,422.55470956341986,407.1130228264255,166.86645313823226,471.36608549331623,-0.44603221111443686,-7.28047014901066,700.5523986816406,667.5475443177304,742.2552640736103,702.4256050144386,640.9249421330809,697.4501360337134,-2.064603193481808,0.7189621098236078,-0.07013057425138776,17.551569359547493,8.635647703279957,11.486907944776698,-5.380779405434926,26.94537510240779,686.0026023171165,742.6109341708096,785.2824012705144,728.759646451926,551.6222077537985,152.94333395937034,63.85778976299546,360.82272744384306
837.5838158217906,759.3248322828852,863.2192059311657,837.3954379910017,423.90114532736845,471.1653670029981,906.4299201233613,784.541923274588,692.9343059890124,659.2649099084198,848.2125357961266,684.1949388609992,894.1555159946657,612.9563589266196,649.4768970795532,498.4923625980358,769.3742442515224,707.4153433764892,818.5706005461828,832.5931197509766,439.3201282819112,358.3799002965291,880.0623236982337,902.7614410642593,578.1877972817546,733.2086049174214,427.3273115000014,342.8961454563671,856.3330517175062,791.3992684069975,907.3349583743438,895.6547143554687,838.4955018900208,821.1006214735243,724.8013778023097,708.856580987034,616.0281239648223,613.812814924452,434.18560915307273,417.1716977987397,552.8397526975538,602.3770976066589,683.9609870721423,749.3482066873125,748.5256296226905,808.4742956328811,656.5982258694231,627.4847602444095,845.4713963585515,746.3588084727089,877.1781468336186,719.1190778027238,716.0551725994845,570.0095750116834,529.962167328994,476.9051307008622,839.4090986805443,826.2755397370568,893.4674471902538,806.5486397966882,903.8896592115319,827.4727498551403,796.2208522146266,792.2461597065867,889.2068886258709,742.6231926627246,782.2249974277582,804.3523020737691,842.9567280666084,869.2377960036473,759.7632129772289,721.6105558676798,640.0749324133636,683.994482791785,399.00993457738906,420.4710190464074,714.2521863218213,700.029880507853,752.8787556100399,732.4846322195871,722.941586226339,667.5688775665852,424.3139709019661,453.21639380852383,647.5872604454141,620.209281634741,353.961142206192,411.76141440050696,413.7145426160035,400.91091655278234,155.59670182926888,449.36989705090724,-0.510094250341084,-7.453560572958475,695.1091349283854,671.7341634459415,737.5288655608892,704.1977896884556,636.1652156255249,701.1914479271999,-1.6511239972421543,0.5938903212719769,-0.14336225787031182,15.823068881913787,7.071828767095066,8.540418489672174,-4.004857699076335,16.379718261606552,676.4003406871449,743.2521451083096,787.6283268256475,729.7223582207403,523.3316394207525,143.78164836398344,58.94564672943318,335.34479861423887
833.646823856034,759.0904175368222,863.3952433600863,839.3578857794938,427.37688879412275,477.83242371252607,903.0934105325945,784.4773033401814,698.6182092744477,679.0448326751834,850.8847231050817,684.0330987143138,892.6496592631266,613.9194624732863,656.6887337675142,503.7391611796159,768.6263354333091,711.9157735818249,818.6411721532829,836.6449245605469,447.4046099980672,356.070827738444,879.9204983401609,903.7690447852725,590.4469635449154,739.517012826689,436.5353066460204,357.3396494322353,856.3638741835108,792.2606179319782,910.7577146194739,897.2678334554037,840.2948286412126,821.5617666286893,729.5568311608356,715.7348923281015,625.5502135827153,614.0621205082646,438.9628093114921,421.37967103965275,554.386830564405,606.5394983291626,687.4596472127097,753.8937318630128,750.7356540180515,811.1134192037304,664.1638536768511,627.410916701897,844.389235087364,749.8367826945621,881.1099794405001,723.9016456911022,717.5767406754429,580.3208697075937,526.2697508503446,478.1903464150312,837.7282578801535,822.9967225646532,890.0059650248122,806.4724759304054,908.1543586001189,830.5776100343871,799.9183203386605,796.390403535631,892.4195987075123,743.5104250035535,783.2202830223806,806.9786305328072,843.9864033498582,867.1580910024063,768.1575156890594,728.3598254469574,642.2413225086457,681.727140088102,405.3180068748585,418.15201600840396,713.9601406660237,700.2528083769612,751.483634786403,731.4703837803432,721.459952606552,666.5390440110343,420.7445984766384,450.25474568367,652.568275221434,624.4409204176915,360.78794121461755,411.49597306888455,425.36721465270966,410.447594801206,165.724385127731,469.49860229223964,-0.5093566289535914,-7.288032904851964,694.3171508789062,673.2206376932435,733.6279928386211,698.4975521208474,638.2169678775409,697.7779097644508,-2.1941217812221256,0.7553374014035971,-0.06329189331605611,17.637748593462,8.838454072436503,11.801250750910283,-5.687924928135342,27.92348533518174,692.7537175958806,738.0282259854404,780.4446697875157,726.0416580393345,539.6511061425302,152.05733811227898,66.55753179120295,355.4467812571032
832.3548324262941,756.8060334114114,861.0250497879227,834.6621209590054,423.0147837882818,473.68494875090465,905.9405136596212,783.0055767497611,691.2917175292969,674.8173366609167,844.3707851937147,679.2904856394208,890.2042012615433,609.2832120188817,651.3967315616892,499.70330831371524,761.3794689449654,707.2020007605569,816.9849220948201,832.0912651367188,448.36945120493573,358.23388989766437,880.8392522902716,899.6808011493986,587.0505239876153,736.1401301373493,428.99043219129027,349.05428873168097,852.8494826982607,789.8490215536989,907.7942892560183,896.2044838460287,833.925885475288,821.4833257378472,727.174510657269,711.2505165927381,624.6108393732146,613.3205784691704,441.53375357176577,418.2089317269093,555.9743607317815,603.5350050926208,689.7053599262995,750.097973394168,746.6041836008056,807.7164533291644,660.7665772319825,629.2513912190924,844.392675255191,747.5980267468785,876.9560596362965,720.8404848762681,716.1609893422491,577.3456982257319,528.8573573282515,478.6083919163031,836.803109610851,822.1173265719855,896.8438811415473,806.4361496705276,902.9765043308424,824.9456951024077,795.4388535875793,794.2968138000111,885.4575507320575,740.2047363448821,782.7668546213193,805.5042582844826,842.6520964021136,867.6285965218729,762.638821060593,721.4391240604589,637.3897553890123,680.4614113811807,401.95947022368944,416.9933551197321,712.4374165769483,698.1868782518316,748.7711532268119,735.1275939941406,720.2748343003664,666.9364669935479,425.899369746844,450.7705273116628,648.5748859884455,619.8950634364955,357.3778721584993,410.733089798194,420.5161468264026,405.45494528890936,164.55235622629542,469.37481085096795,-0.48085811155895636,-7.094528276720637,702.4693623860677,666.5592423778469,739.9202830940485,703.7829389097463,642.0717068826045,701.8203210014585,-2.1150704219594205,0.7281825050539165,-0.0863925455021999,17.635783154344452,8.168612796111447,10.412394751385305,-5.477871722645229,25.334018752855414,682.022050337358,742.4354669744318,783.3421956516752,729.2818068492262,544.7181411443972,149.2288594162255,65.70022158279563,358.25522514047293
834.1335860953843,756.4041917781637,862.2089733799629,837.3842258956803,423.25397695053454,467.49279525876045,906.0993228984357,785.6844141598965,693.9560246954159,653.7200513355067,847.5579175561425,683.0020311673483,893.9725044734687,612.2331144896596,650.6895489301254,497.09387829640957,769.7132396268619,704.244742117847,815.5139677551971,831.4386462402343,439.9664281739129,360.4901593526204,881.0450390572156,900.8023133050827,578.9344017867643,732.5843430246625,428.90094913040076,343.3133833275901,857.0345411480598,790.7058785897714,910.4966579647514,896.0977278645834,838.5533536490748,820.1919957139756,724.7458567743716,710.8254140830902,618.9782819705913,617.1367618419506,433.39379390648435,419.53463695826156,550.3503768170466,602.7237901687622,686.725980794619,750.3646002674554,752.6364225212246,813.3641506440458,661.1606454336938,630.505407986941,848.5986837402467,751.5944490418756,880.0065208248496,724.2121914948975,720.5192111917676,578.0422577016494,532.4915431004752,478.14314351241836,838.254450753119,822.5070687935308,897.2746293745597,808.290796041936,902.8285136081861,827.2382690852514,797.1080870599193,793.0772542600279,888.1202069182895,741.9169184428468,785.7694246238538,808.2376181346485,845.5137180401262,867.7366778126079,762.1943172076801,722.3075845436972,638.3448413533902,684.2184855143229,400.21776923580444,418.470591155576,715.0547646069136,697.8309993506467,751.5679905668218,731.5644291469029,723.7923548920401,665.7902771469967,426.6930943552653,455.00002049128216,646.2656971515538,619.8328453255967,355.0356193893096,411.2559213294019,413.89567297681543,402.31484977792644,152.69129215823472,448.3027454114457,-0.4911669311027422,-7.437038358321537,697.2350463867188,673.8567365226099,736.5592209845781,704.2733739965103,635.9309654936536,702.7015634550734,-1.6416132074132053,0.5987580373503819,-0.149549476617131,15.681736500627968,6.871690379436375,8.377201934247427,-4.051263749599457,18.149269286323996,682.8902809836648,746.1427257191051,788.4871088834417,729.5551000667524,520.2680334577374,143.9834096778119,58.90014686909589,334.7318249735339
833.4098673328458,757.8065766794513,863.2954302412435,839.4831853009077,427.6911505854407,477.60434278845787,905.4676577225772,784.4436812023406,696.9987395734203,676.3480193263194,850.4227078445558,682.038922712538,892.9035211042924,612.5805200813753,655.4791661234044,500.45327377792626,766.2143475500893,708.7843344678911,818.6772976579338,834.7607989501953,449.96876409318713,354.6020427068075,880.1201847841558,901.0070160154312,589.3156402947391,741.3045325436435,433.9477755088174,355.1451577146848,856.623946855653,791.0072667251399,910.4790511644419,897.2674017333984,839.6262426861261,820.6804683430989,725.047226615574,713.7218661021037,628.3135856594809,615.8329063698097,440.11705535650253,421.877462771055,558.3970341916944,607.7326984405518,688.1589311985742,754.8925277203746,750.4327615403199,813.6283781709727,664.2322516401937,629.8451872122038,847.4103491137105,751.2936699229601,883.6162538074311,727.0018624813264,717.517006553342,582.3483471449683,528.2551198850516,479.44639260405995,835.894829239276,820.5985201602733,894.9431652456329,809.4123087054569,906.5400929326596,826.2024194492105,798.0561758119396,793.3166638911997,885.6929281434017,742.6535333954856,787.3405065870687,810.5838537919174,846.7860621555595,866.2749463497604,770.6569813221424,728.2385530940821,642.6902833991095,682.7623907972724,405.5898242895154,418.18918985716056,712.4319186601482,698.9765348948879,749.8877407642121,733.5416052682059,722.4877461473603,666.5137196324807,421.91910301367443,450.11033341983955,648.7178097934975,622.7190166439256,361.4627997678869,411.51353198440495,424.9096950034145,410.55403185032833,168.72956459670712,476.2212158350274,-0.551197919774697,-7.205068072550078,693.4088724772135,675.0277234093618,735.4765595793724,699.0769339341384,640.4961952477618,701.1618963523853,-2.313230386644902,0.7688741105712122,-0.05500603201877577,17.921563950653816,9.161495821495315,12.424101000488047,-5.902560763888889,29.56954100903343,685.7637772993608,738.5741665926846,780.5206313165243,727.8307236297221,541.4295738444608,152.46158237624587,67.072848944953,359.99979720033446
832.9475430486616,756.1336561983281,860.5355346897411,835.9371329161276,424.6814521966979,474.20613987105236,907.2603347579943,785.2434749684435,690.9664860160983,672.64223155819,847.6675629654551,680.1481275830951,890.8679844511107,609.787253355811,650.6165424152393,497.9218604464093,760.8386271327593,705.3486240171515,816.9992215094438,831.6337138671875,447.75340085559424,360.62887446085614,880.0164347506877,900.5644708663698,585.229777201308,738.7443892195985,429.0097617997649,348.4343785047531,855.9061850781711,792.2127824948158,908.8400987840387,897.7146018473308,836.4665541568045,823.5325151909723,726.4514383067255,711.8152929099209,624.7084772051169,615.304162979126,442.52197902117456,419.93959446614156,555.42003644099,605.6216492652893,689.9071601231893,751.8713677935126,751.411558369076,813.1800821761639,663.3324837408775,632.1173094769458,849.1291038113255,751.3601075484256,881.7168281781014,725.3885498387923,716.2933210706497,581.7036726615008,528.6320605501401,478.81210280011015,835.6018161000715,818.6098113435286,898.8205196059291,807.4774577038653,904.3916757600203,825.0328852705971,799.5547009651814,795.0627063154684,886.2190773237998,742.6206973929737,785.9182964544618,810.4876864065878,842.466830065296,867.059141717563,766.9277126552822,725.404872831751,639.5439444725666,682.4544824377283,403.3757879284845,418.51682485661036,714.0788484166881,698.7218876122439,751.0307435380652,735.4142379760742,721.7873415380602,667.3409477274721,428.11028814315796,451.9297781117757,648.6159814809388,621.320873105175,360.7111672120936,409.99252915984886,421.9154270604874,406.0146140070439,167.8138598336258,471.9528345627586,-0.44479033266220036,-6.846144885814166,703.4563842773438,666.6396732653602,742.3271792829037,705.0611292463622,645.3588880121556,701.9876055029611,-2.1765060648020538,0.7371257821304931,-0.06225189464022876,17.8978378337941,8.344810569122593,10.538072174222766,-5.7732765674591064,25.733455096974094,691.109824440696,741.050811212713,787.1343545593671,731.9865006072612,549.3997131983439,150.17020939734945,66.2834821524042,360.33263226213126
836.2903792123445,758.1275933390916,864.5655547424388,840.3328970763313,423.7888106900592,469.9248648924487,910.7256859228943,787.8657685332603,694.6320820049364,654.3434876770269,852.4722511167448,683.6139657974243,897.7745544538285,613.5593215733887,652.9954930632862,495.1501141765869,770.2110324606512,704.9412010167524,818.7882349591603,833.4659567871093,440.622722307841,359.44770806630453,882.7173236004718,902.0071586729988,577.9158470543267,732.7932172836838,428.64650986602953,343.11080245176953,858.0123658090267,790.9771632065008,912.2077468511626,897.1828830973308,840.5360578116724,822.3926805284289,727.2467208198879,713.5891425810664,619.1026114577239,617.5706361841272,433.50522269947186,419.0709536155958,551.6075309378202,604.489743232727,687.4281675096543,750.7636869168394,755.4584978470231,814.7331954331426,661.348850632502,629.2767651731318,849.2000894208109,751.1174762829307,878.9366043071183,722.9515495986286,717.6206791967554,572.815223310508,532.8781564369083,478.6403184319479,839.3269674879829,822.4969056502537,900.3294354401706,809.895822202958,904.844838283373,825.6234427732943,799.0843860811415,791.1835115848745,889.8330697016929,743.943653623263,789.8438952885317,812.9330730623927,845.7356674777475,870.0859474477188,762.1236698391201,722.0281652857045,637.8153676724215,684.695607635366,402.6980354198511,419.15015400631324,715.1953866051846,698.7587032080686,749.9661436689661,733.3639853341239,722.021869747118,667.2832089214694,424.9830643749237,451.6199268023173,646.797222355914,620.1987658217196,357.03856129365806,412.6224031500007,416.98593959740055,404.39291976433117,156.6587418883431,456.7403308039904,-0.48731227539462485,-7.178752028921121,697.1272928873698,675.023693537308,738.7379340231419,704.6811977576347,640.6347199745154,705.7899796082513,-1.8125938440506089,0.6401825691202517,-0.12421522780185502,16.199311563730173,7.167432927654811,8.962846099620595,-4.548090941376156,21.046743701486026,670.3790394176136,741.7408491654829,788.4637520809301,731.9417732335344,524.44205271029,145.8834922564657,60.82891824299639,339.44016690089785
833.4082840127957,756.247079569884,864.7969926795552,839.6443562548,428.7961401163146,478.9298090530293,905.9502380758092,783.6020061363058,693.711910909536,675.7835650444031,846.8547963088121,676.639696950761,891.0966300310033,609.0843008230572,654.351882317766,499.6174299675537,765.069466179581,707.9741893337415,818.4368556230918,835.666476928711,448.75154129664105,353.17359250386556,882.5817330100319,903.6546925136021,593.6710125538691,746.5477439125816,437.79616633041127,358.9769596788618,856.7089915005666,789.9577854486159,910.0297774667815,895.0831166585286,841.3426121857207,822.1810763888889,731.9888847019362,719.5821878823889,628.8011438983127,616.3229883688467,439.49926904269626,424.7777711952224,560.7097835853451,613.3871517181396,693.1034400463104,758.0723556952454,757.04779279066,817.171152482953,666.720249444,629.1046360255955,848.2412839858763,750.2023713903343,881.5922719398213,723.0234161723907,714.3325547530512,578.0887097003413,528.7182019108354,479.0902928104182,836.6502486998776,817.7694849203582,893.6512790169108,806.0010791916337,905.4230174189029,825.9829444298853,798.6956210880105,791.7853742057895,892.9797079741065,745.7239759590583,791.8299872384144,814.7412326955995,844.806909354629,866.6444245227792,768.4249185098184,726.3164796047523,642.8188494761056,683.0821667956068,406.8917028454767,419.32511686942945,716.8061679777552,702.4000132707145,748.5239725315824,733.6269258771624,722.2049099640828,668.1727737833781,423.5499525197347,450.33224799434345,654.0055327822984,626.3467677130885,365.04835772794837,414.85160810078094,428.11596699012443,412.52338346963273,172.15523213038065,478.2415384164453,-0.41603216391242176,-6.750732065274022,701.1458475748698,678.9526087874073,739.3258135020733,702.8987411568068,645.016024122408,704.017072959022,-2.310569030674646,0.7790102653619316,-0.02701256444947166,18.233489166395884,9.198209164743599,11.939308823993391,-5.924689531326294,27.363571955274573,688.7152654474431,743.1401644620029,782.2720732208867,730.208190338521,546.6847573261635,154.128472036437,67.98791389031844,363.15686648467494
834.1361269818568,754.4240318356138,864.7558759219864,837.9214464829737,424.1115862646768,472.22881815582514,908.9575636953954,783.242419293992,689.081503761058,660.0632576942444,843.2630961038233,674.365117557465,890.7588536833408,608.3072410175192,647.4275866693525,495.9132028915746,761.7922450784258,702.8145679841406,820.4212479865414,834.8408957519531,447.20511648390027,356.58704312642413,882.9056344961191,900.5052241976299,587.2547221658117,739.1915642455384,429.0003400770999,350.4097336265776,852.2109932089752,787.487545437283,909.5764421277785,895.7501393636068,839.0976385342873,821.4527810329861,730.6306948454484,715.7156552234328,622.6639201966676,614.3344223587601,443.69154390266965,419.11355836828994,555.2098488729508,601.7737989425659,690.8956696457333,753.3334589230506,755.4141729987099,811.9912770589193,661.3499312597858,629.109466112577,846.1183696162316,743.3302267211274,875.4259793589628,715.2419835098792,712.5885537664986,571.3760430018107,528.1943743120661,477.11728340166025,838.0063275006097,818.2684556963267,897.1192369275681,802.9039426528435,903.9371285347316,823.6415934763294,796.2115417445472,789.1155661359245,894.8528746989236,745.7504243129907,791.2756791457701,813.9850235303685,843.9005405887676,869.0933232597224,761.1429308985805,719.4982943925701,638.0337580409619,679.7955985461479,402.352612481601,418.0401237380337,716.0859186141217,700.0585395528074,750.2538841734541,731.2465144566128,720.1484612578176,666.7388534320735,425.8945869143804,451.0171439305941,651.0879514106044,621.8522338650957,362.7327369914335,412.59581991309295,421.222558866255,405.45146437829385,164.84087430112734,467.70738568062586,-0.4801272888187129,-7.458937947031193,707.7799580891927,674.6085986121226,745.5599566400051,708.0156209609088,645.3205410381613,707.2202172500871,-1.919750509872086,0.6907215613673475,-0.1078100738126073,17.176129927543265,7.819580586234293,10.09936889012592,-5.2372000681029425,22.800391113056858,698.3199185458096,747.1906949129972,788.5655251317377,733.128793064552,541.2440773833032,148.68019068868537,63.64550589521726,358.25586147966055
832.1447232143938,753.4150904501328,864.3959961209655,837.8818579408752,427.11090352258014,470.91686625140056,903.6130038738658,781.3742074390168,696.7974567024075,658.0277399704105,843.5586610189298,676.0062707991827,889.2197590103281,609.3696995534395,652.4228820397486,498.05134784761196,765.0604624623936,699.7078313954249,817.1347481446248,834.2307683105469,438.2976418071323,361.02849260965985,881.5716785469441,903.8196351793077,581.6225075497053,738.6946724744944,435.6234701694046,349.9100903007719,853.077558265542,785.7304762852045,910.3584557881193,895.1552406819661,840.6821758464231,818.8321275499131,732.4208535899287,716.9230291527438,619.7716694298294,616.1401613729971,434.214497421469,419.8123335856177,551.0362176113441,603.2080130577087,690.4950374081021,752.6499207844666,755.8763965192279,812.6982803790889,662.1746316231972,628.6097997068525,843.6576154739626,743.3647796396723,876.5419071546086,718.8842380416226,713.7185509685978,572.9254639288959,530.5429048118699,478.61971706225125,835.519198581658,818.3966221511364,889.1532420329347,802.1503957243842,901.5244495690388,823.0545995366612,796.0196253896124,786.8354376176748,892.9062605331193,746.4825783167082,790.5595733805403,812.535428260729,844.5931492216268,865.6351623535156,762.8228084461109,723.3715074257773,637.5098493383565,682.8476884850176,401.7248309591542,420.013169194611,719.9973970006724,701.8967547278187,749.7354918134973,728.8508791242327,720.8479135611962,667.0479686168018,424.9845763111114,451.2078560177485,650.6852576302011,624.0276590623067,357.53767625023335,414.27944572307575,419.11451826880995,406.31664506447225,160.16885496049935,460.76575085639956,-0.4969074574053391,-7.430119112583713,697.952549235026,673.0912754899365,741.642376050353,708.058581770815,644.19627787988,710.4521684343482,-1.8126037722260757,0.6528880367993325,-0.13403974703952587,16.437898538155633,7.539404218042627,9.32029243426833,-4.504236843850878,20.768027600120096,668.4334994229404,744.0578801935369,793.0509901622797,738.160651291473,532.3764506134332,147.02605538619193,61.25035580360528,347.2830544997906
829.1575954531835,753.503494026685,861.5054912725896,834.9673143440034,427.69979110540345,476.18440531619956,900.5768975422917,776.8132858893212,693.507104815269,672.1693983937873,837.9904181317585,670.5843928957743,882.5497650355867,604.919780568314,654.480545539761,500.4610351380284,755.6429639337188,702.8743025567444,815.8765110878195,834.3041450195312,445.8471426433987,351.92040729522705,879.6044625506601,901.2395704965743,591.3555629190975,743.4528569860772,434.9519324645153,355.0816585885154,850.0777563418982,784.8729708447869,908.1705714748913,893.8765793863932,835.7915301565397,818.7037151421441,730.324655018682,716.5269400355328,624.547930814096,612.1864109039307,437.5429889474596,420.45522761791386,557.5465903360335,604.3521869182587,690.0746852027046,754.4292601454315,749.8846294966248,810.4613485057451,663.4526091094845,628.6658336090875,842.8748954096149,742.7647967953836,876.0273867966739,718.37554947855,713.027064947804,575.7821563505659,527.4744512443009,478.56266222921016,832.4284876544531,815.3201181858226,883.7491246794007,796.7514994139966,895.3461454971977,816.5778270770817,792.8228154167851,785.006603295911,890.2147215658159,739.6000982348925,788.2419669762087,809.4148289039834,843.2836703160766,865.8304124695161,762.2262185930132,722.9574127197266,635.6454394979214,678.5780000232514,403.3326858299366,417.66537002778387,713.2982032650807,698.3864814473386,743.8576166680518,727.831672668457,715.3752011997033,665.3809873349759,419.86722531636553,447.0925936746597,650.5019360672535,623.7652298470168,360.5898171593161,412.83699299368186,424.15489324337494,408.92636983428724,168.20304447694258,475.52704815814894,-0.4241742306513953,-6.900153648640428,703.6840209960938,680.8724235922604,739.317587852478,704.4996354116034,646.1263725122119,705.9076396946803,-2.179068549944005,0.7521807819535887,-0.05096764803845749,17.879507128884143,8.895993937813275,11.159522953371251,-5.532096650865343,26.029509944074295,687.4030706232244,738.2827314897017,785.0588509988464,734.8964652532263,545.4508077584061,152.92030181173692,67.06346717386535,364.76951278489213
828.2951588005777,752.1513553484522,859.9158833035391,833.0136635146768,418.5562601399976,464.38663532265593,902.5760667334229,777.0775221512165,684.0494938091356,650.3373832409499,839.5615611812933,670.9538472584316,885.4977803303897,604.1366621579236,646.0659646015262,491.71298177277777,754.9569671775492,695.894296303936,813.6315124044016,830.0664499511719,445.0433948304918,354.77739632924397,878.7215007655376,896.3477708725702,577.5045918869098,729.9099983383011,420.4368474101493,338.30947143501703,851.0883492523769,783.6693778332369,906.1286731629859,892.9375498453776,832.508826433602,814.6458520507813,724.4375130031419,708.7755057093609,619.9203797731105,611.7535071902805,441.7713737083333,415.9570522951276,549.857783833488,595.8076572418213,688.4760478129463,752.4311076521309,749.5476102483638,810.5769124170492,659.8263284982728,629.9249624272327,843.9098265063378,742.8920460624779,874.9595249131839,715.8826745808484,711.0142482877312,571.2704676085827,528.7484430516037,476.8266681137383,829.9742901103259,812.6338108789038,882.7772927047367,794.2610060206945,890.9053088378906,814.0043523257605,791.0391007402986,781.1809415228573,889.9508686919711,736.8843784661872,781.0915925111664,804.4461606175578,839.3011108690007,866.9533377800199,757.7264638677374,716.0812603684723,636.212975038301,681.0174405977324,400.845445273579,417.27968973509024,712.1725598944993,697.38906201881,744.3506443754155,726.9880785260882,715.8365906682508,664.6574966245594,422.00693676312767,449.2204665923119,646.8575124505332,618.9009726975831,356.1847240335801,410.7483482335018,417.0463168383576,401.90695697786697,159.49706699214053,460.8423220948378,-0.5706749001703294,-7.729151578170343,706.578281656901,667.9357227390095,744.9289730191231,709.8005674198203,643.9334863165711,708.2560407853068,-1.7777344344352681,0.6704102125289931,-0.1655768652340617,16.600412877660503,7.655516077755505,9.887560033538598,-4.88548082113266,22.785289764404297,692.8901256214489,745.8207441850142,792.80185161821,735.6274290446994,536.537815654979,146.57725395654379,61.64740531372301,354.22431041454445
832.3809432037606,754.0231989995398,860.8671671428522,836.5464716071626,425.0767957598664,466.75803082649196,900.1214678326124,776.7021721779032,692.3076992618794,652.7348458024322,842.656659320118,673.7040152595157,888.727863534237,607.6164908442903,652.6257318193046,495.1643290152916,761.5576284236818,694.3539327323634,816.1595916163419,834.3811038818359,444.4905407163832,358.91235300699867,876.2451714409722,899.5160189431812,579.0992674602888,735.8258062142593,432.5871399094387,347.1171255906423,850.9048426646107,784.6305710027248,907.8400923761483,892.5892799886068,840.2552194110418,815.4960127766927,726.8771402110224,712.8258810388037,618.3999435492024,613.9747990502251,434.366348732795,418.69275746475,552.0890355344678,602.2794466018677,689.4126365563226,753.7694148565356,752.839728374003,812.5787212527983,662.2699236436324,628.4638207461034,843.9053816580004,745.6091011430511,875.7203566110579,718.2881000104325,710.4774980416747,573.1576704511456,527.7411529194186,478.6760461287491,832.9784545229926,815.9307238078779,882.9649094567186,800.0950927966978,898.3045771059783,820.0113511316985,793.2665950471837,783.7072835616124,891.3963669734214,741.137769756083,783.9511539255635,809.5507686201156,844.8191480697341,865.8251543413868,763.5343278077272,721.5643763933025,637.9124897248155,681.9967351475835,402.8696746826172,418.61438203193774,713.6703279839187,696.5480541688278,748.0176962994515,727.0089438302176,716.2007586088217,664.8593862672537,420.9546293067932,447.8512288872401,646.6289468017444,621.1709299141864,358.3131288079654,411.12910193914973,420.6613640827127,404.66689810124853,164.6264305682489,464.91668560519815,-0.46115671670392017,-6.844638713018995,697.7051167805989,679.1011502540717,742.2687743157148,707.0432664517364,645.7478780726743,707.1557873408777,-2.0981836836290313,0.7271892953698558,-0.06796115176919638,17.537754535852997,8.453256057665829,10.61271875406464,-5.26318840848075,27.110209906802456,673.667929909446,741.2564652876421,788.3351512115273,737.8761606337149,537.2442671270932,151.0507543181118,65.05139152118655,354.8862200852098
829.7675028190703,754.8362248642276,859.9971551294134,832.9722079100362,427.62877642831137,471.45097896882464,901.0036499335638,776.7055898560869,691.4506762562966,671.4269545430043,844.4675648076748,674.8134157604642,887.2955375396572,606.1209660700941,654.6671090315823,500.2112183192232,758.4054955938981,699.3936268562494,817.7251463557568,833.5888420410156,447.90415477752686,355.5150857925415,876.7594467097031,898.9460106501504,589.0419285259945,740.8637424091717,432.10011949064983,352.5296739074919,854.8227721160313,788.0498764979986,905.9044125374221,895.2180141194661,834.9168015819484,818.5406275770399,724.6031950577445,712.5017854621611,625.2818187427941,613.0744815402561,438.4452972156661,419.31472476502034,558.1399366034836,605.0927968025208,692.4378702924365,756.7017646536443,750.5338070478944,811.1771024291278,664.6853674226556,629.3915521183826,841.7833358518538,743.1594584344768,876.3737440857955,716.7764277707643,712.3918991088867,573.6654517229865,528.7868687534841,478.72114900734925,832.0757739264498,815.1347538548763,883.7461778092847,793.0317446012434,898.6547654127038,815.461292877938,793.6122139192867,786.0973132058916,888.9712653088925,740.1493328310722,782.4034895714749,807.6702489388668,845.3203767910126,868.1217717123295,766.3615207500286,724.9423732444889,638.48066809418,682.0048016965131,404.6879458220109,417.8558076670472,713.0033297929607,698.6380767189121,749.5507319024268,728.6467372349331,717.2088361389335,667.1572252325919,420.3814071941376,447.9621453526616,651.5017536885938,623.8774931184021,358.0380681851331,411.07900858441843,425.1887498567812,407.6975479357575,166.9661342989371,471.02217961827915,-0.4774238360157512,-6.942161415536819,708.9080525716146,682.3731989456436,741.2917038500309,709.942511562848,647.7882825651848,705.5528639487941,-2.1846567256329523,0.7552464982425725,-0.05017923399324665,17.878970112212535,8.708062566307007,10.837534975805802,-5.4326603809992475,24.025845702956705,690.7618075284091,742.4908114346591,788.4673392276636,737.3588224000569,546.8203901029101,152.07505327672288,66.04843221108119,361.66699698464623
832.0821552919807,754.2953620631286,860.3239727950124,832.919087903908,420.32074016970256,465.23698333757267,904.0770318225623,778.2438232292013,684.5594546843548,651.0779175934244,843.9846601408672,675.2660199422685,889.2984273266015,605.9839656338518,647.3806177893681,495.2534512645258,758.8268902878061,698.2516692152055,817.2245596231629,831.1183017578124,442.6451227929857,357.59656079610187,877.4961445245564,896.7558071197026,575.089731326278,730.6002176410549,424.74532072583617,340.7102728353606,853.2279383821308,786.2718224796248,906.2838467975927,892.7123286946614,836.6570938886222,817.8621698676216,719.7040203592052,708.5193595426629,617.4009375215102,613.8412131556759,441.1526844756944,414.55689725849066,546.7466280577613,598.3490943908691,691.3479782399677,753.6244644598938,751.8813019542641,811.4749123199641,658.839984231744,629.6179482753461,843.4240438130594,743.8996718594057,873.4317566075074,716.4188587243408,711.0052082763125,567.741727361492,528.0969283725689,474.3122534352902,833.9317667565236,816.8450183272362,887.0280829608827,796.9884817166355,897.8204377547554,818.4206124123632,793.6108218493447,786.6178545775236,889.2592674369242,741.3463766120509,782.7901340034571,807.0182366192092,845.5040561651728,868.943898575082,758.7563256615991,717.1921470517018,637.7956103403634,682.2069640056395,401.13311988719994,416.86124387929135,711.2631149291992,694.2924008191374,746.628136168135,727.9624622889927,719.939666353423,666.8894217379844,422.57481083750724,450.75862831513086,647.0539470638997,620.6765990900292,355.2046987982357,409.66874346061735,415.3735616984777,400.4572963549781,156.11534106584838,451.59941200196744,-0.5231405209070309,-7.855420385837795,709.1024210611979,672.9838241318525,742.1509675830603,707.6516884678629,639.0394038552698,705.5745773408698,-1.681093567772462,0.6222874068206659,-0.15838579384850734,16.056147893229667,7.017016465109177,8.919586640554831,-4.453960650497013,19.41235127168543,682.9845081676136,743.252792080966,790.8582077538407,732.2686676797988,526.5393033121146,143.29441655361862,59.29796260595322,345.1063621784079
828.652424491423,754.992281802977,860.5216142833588,837.0148429590392,426.72137047634567,471.4793811823641,899.994241449026,778.0302484309419,694.9392502551176,659.4167122958137,845.1814395935555,675.0511832555135,889.5473427747985,607.8509107524084,653.7234592580083,498.6812010923627,763.3381616131389,699.9582153760714,813.6979221037064,834.0644377441406,444.0143399768406,358.0075723648071,875.7738096559202,901.0632161942739,583.1270731781166,739.3949229062258,435.92523102207076,350.3618343141344,852.4288457474619,788.8543025264033,911.1695704022104,894.9621136474609,839.1462146306442,817.905946451823,723.5301882536515,712.6703395613705,618.9656672876837,615.4137508957474,435.39925648910656,421.1296316309926,552.5736023949795,602.519289970398,691.5639159603725,753.3710815646637,753.0065350333297,811.9195872524328,664.4185277765447,628.6309180309722,843.7756263425273,745.2656498994471,876.6630892956118,718.9660268430139,711.1239606403984,573.1004652603,526.5146641273905,477.9313226276841,832.4843081989268,818.2168190026724,881.2158499979304,800.8426630403043,896.0589656929347,819.7532115707892,794.0154662001023,786.7992815245326,886.2178426714086,741.3141155979122,783.7651833539599,810.201319520762,845.6416200285505,867.2334451411969,765.6526807492918,726.1653454890017,638.3824140916176,682.8906355688582,404.222296009893,420.2174981345593,714.657868557289,697.7231620060458,750.5661880817819,729.1427001953125,718.5180777188006,665.6038552390936,422.83309248606366,447.7748600093524,648.9418077334433,623.5787009155874,357.7382359224207,409.41567885746593,421.97149271098897,407.0304001159833,166.52140001405397,465.9534793783476,-0.45772533973461205,-7.07182504843838,697.1139343261718,675.6085117146121,741.5495823025703,705.9525726629058,643.321297732625,704.5476769386702,-2.1699413749738596,0.7381219801389509,-0.059235887947816694,17.627447705861414,8.760069775220748,11.173993154653594,-5.478698432445526,26.987609312814826,695.2975796786221,738.1934725674716,789.1417787283059,734.5311582541163,539.1368662142286,153.41535941655175,65.25406262188247,359.63106958619477
827.7115717632289,755.0580876788707,858.5163252169397,834.9394516246728,426.2827828252038,473.9617805566107,899.6887411018365,776.8981527320375,687.3789562887075,670.0064931697533,839.9784512713672,673.3576793988545,884.2894084138691,604.2074228032881,651.3630245461393,498.97207583742164,756.5288971091899,701.829224786093,814.3029611521754,831.798634765625,446.7821002006531,356.2123528798421,877.1900704343942,899.7952422490196,590.2195317433143,743.5509091995575,431.3593638088163,351.6289662652546,852.2071418762207,788.2866414388021,909.141357421875,896.9768467203776,834.7779453083621,821.6505824110243,726.7871770444124,716.9677602009601,624.4228485712396,612.8465995082149,437.0627166373389,418.6994004321009,555.4309794941887,601.6674196720123,693.0324297575723,757.1500744932636,752.6759410953788,812.3246824030291,664.6547769357351,630.1111080423518,847.9909154768912,746.3869903877684,877.9134597090988,719.2084495227342,712.1979174720867,573.944926813537,527.6736568685747,477.35259738803495,829.9089898300589,817.9294426783367,886.9245114995903,799.3580686554005,893.2480871051291,815.9359331655656,792.5878457293962,786.4984732733833,883.3592907919813,741.42604083281,784.4641438971745,811.6859539228288,843.7252675439142,866.5660331262409,763.9412065110765,726.0926872003274,636.1152234558665,681.7701647209399,403.15903417614925,419.46926793917805,712.2895163864385,699.3193607567752,745.5482099817154,728.83203125,715.9129600744138,664.0485807787318,419.64016675631206,446.03368014176687,648.3521036471565,621.6959369112396,357.67322682773363,409.7188355208304,423.06430659334484,406.95451919967144,167.6324898697885,469.9739522033433,-0.4608014983998685,-7.044734314623733,707.0412556966146,678.8866877151748,740.0842374563217,704.9557349088504,647.2942301086493,702.9703796428689,-2.210692909148508,0.7450539487448555,-0.05531969422309691,17.779366145575686,8.623744244821882,10.76041682264583,-5.499807662434048,23.27601214016185,677.0015702681108,740.3875909978693,787.6497358283741,733.092929695226,547.2832624772016,152.6513504856511,65.08629765113194,360.90710061994093
830.8230675221052,757.2389808664418,861.1957417691079,837.9770021790052,422.8834086218546,472.9528078522001,902.9801807045835,780.6023394937719,685.0196933649024,653.6491111223814,841.1990397073389,674.3420425153914,886.682794888269,605.8512758233769,643.1542895563799,492.5279750540002,760.2602016439935,700.6743687411083,816.6180759006077,832.4133576660156,441.253291659885,360.2888371785482,875.9072501662833,896.6028911651127,580.3278479850729,738.1026941655756,426.1929901607787,343.5390793747372,856.3738155724867,789.0640799063224,912.0901072744936,897.4448720296224,839.0012532896915,822.7104654947917,724.8848558508831,716.6750319147684,619.9653654392596,617.6407015765154,441.91461228472843,419.56196316351156,550.1169588683082,598.6117825508118,688.6365100277794,752.2173312580416,753.598354812452,811.5525960643389,657.2090432703003,628.7489959043222,848.9347047974986,746.7195246492313,875.834542096505,719.0471495018159,710.4995589149372,568.2314793362337,527.9180505751082,475.63981017933736,833.8484402810104,822.9826859114347,891.7961878807447,805.0526487787042,893.4928795855978,821.9395075261015,791.6713969087747,788.2642916377189,882.526153849132,743.556254584968,786.472368276789,812.6232602566439,842.1762914961311,868.1962577018949,759.2527812923397,721.2339806478532,637.6350418230809,681.4512093944467,402.0753483426744,416.6021597418987,717.7278347328061,701.7096039704762,748.771375290891,730.4776022774832,719.4035913679335,662.6415226834914,422.5526443974177,450.4946195316315,643.391274631181,617.8622277174693,355.1347113637363,409.98365840756935,414.22918305173516,401.2441795865458,161.7658101241002,456.7697015597423,-0.5450221439306107,-7.8048316706684036,710.2408915201823,672.7988027798928,745.4135600328445,707.5697888508101,643.6809279108776,705.7449157535301,-1.8341955496283557,0.6374154802567015,-0.1340318843036932,16.45309011525616,7.346958384612439,9.357808004005722,-4.903088410695394,20.06147345374612,704.7336703213779,745.7410167347301,795.3348443972185,735.6550412721272,534.9932928833307,145.66123374407752,60.35778106523283,348.85897843591096
826.3305563403133,754.6557274057408,857.8373582819554,837.7605833594067,429.2233350620713,481.4773938911302,897.2053242428935,778.8624024541327,692.4016602185308,670.6668886903857,843.1301290310495,676.2082619833568,886.7801853068697,607.5363160897846,650.7332681162441,498.23586042702345,766.8878580247057,702.4999489261462,813.3425737870607,833.5518477783203,440.8523324860467,361.87415466308596,872.5374092993799,899.525138733879,588.9333129203757,745.8470093653752,442.0724276442554,354.56062751346167,856.8549978868017,790.5649574562356,913.2249773481074,897.4960982259115,841.5808128744869,822.3393511284722,730.835789954144,718.4829759712679,622.2879155364856,617.46851850439,437.86124841656004,424.4208884245894,557.7726675565126,607.8451108932495,686.4879720475939,749.3592571602048,747.6350157267536,806.8227711281581,657.5635103588262,625.178019023025,842.0232646572974,743.6621334769509,875.9975368543942,717.9655325139313,708.0929870669618,572.2456228499319,526.8345533356362,477.69394873792334,832.5597941972079,818.9372099861503,881.6917748997073,801.6638456777605,894.9899823263418,824.2433042896604,796.1452810902844,790.6575338889542,882.8554585584953,743.9730207744688,784.3274731632029,811.7213375505387,837.938449009209,860.2602857726714,766.53457964648,725.5268323929583,639.4970089973659,683.4294951467803,406.17237654976225,418.34692597725024,721.8166937906234,705.7659033304428,753.4108419215426,731.6233509608677,720.9032838536405,663.5672798367495,420.7755416838328,446.6128608763218,645.6522747409501,620.7887322934378,359.03574720270495,412.3601230387223,421.25682757267106,407.5123325280836,167.41833365889477,466.4926794012636,-0.4441686118327737,-7.136479038314171,701.8748596191406,678.4613264698094,748.2571144998074,707.8720741099362,649.0795987971867,707.3339497839034,-2.137766743146418,0.7109512208391808,-0.07004629523621538,17.46354228783748,8.840667758321265,10.96253878490058,-5.4339735640419855,24.663908152019275,688.6155950372869,745.926094193892,798.0670878775168,740.9599002886422,543.2893100626328,153.14742251550942,65.9075279353243,363.9635957520584
827.2830256624796,754.0961610801293,857.7324209133878,836.1033366085048,423.3372042367625,475.10020253913746,902.810265442701,780.4994236885233,686.7535827403166,664.4640127088203,842.6775051520123,675.3814587502252,888.3892389955079,606.5251085864387,649.0838291395957,497.4598765314069,762.7883133910843,706.0310609887208,817.1102496618512,831.0419525146484,446.5718468560113,357.5253533045451,878.5770664187564,901.2233181908017,586.4808520971169,741.231930743207,431.95638657669997,347.8877116839091,858.3960793693111,790.1522426275559,911.8775203834995,898.5448732503255,838.7030018951933,823.2224156358507,730.5616181746773,720.479690367917,623.7895716192439,615.7159870995415,437.82272558552876,418.48123092329905,554.3530188388512,607.6432814598083,683.6684278836326,750.3152556577566,744.7554938653717,804.3700337549399,653.6015411093215,623.3676191902088,840.5946334592758,739.9974296603384,873.2661450949415,715.0093659798144,708.4888754147585,568.8794997813654,524.9632287983572,476.1415672325659,831.1311047356596,815.8714399415034,882.3653996634432,797.6611720974405,894.706868418818,820.6767992649263,796.1028759610763,791.6819850230904,884.728168715292,741.2945293911976,783.2479268374068,809.9281466169715,836.6054084437668,864.0529414224361,762.859593021977,724.2625180854172,640.4213671203054,682.8773485324083,405.4202341273211,419.16022007901904,719.4745692268747,704.4897701532515,752.7328257459275,733.3551210675921,718.940520436371,664.401334129809,423.3050360107422,447.5123002646367,647.1828715068128,620.0987517668424,360.16549425686105,410.7157041785519,420.5663249519421,403.6889380105772,169.9658599167229,468.1016703860586,-0.4403190826000085,-7.184759945629288,707.322509765625,677.8908996582031,744.9047397077084,708.8515625517832,650.7504568834038,704.6219835491227,-2.225799978884688,0.7204210669561116,-0.04288482481242273,17.640245726832653,8.644334769361956,10.815107163340066,-5.568532890743679,21.51876387175392,678.0327869762074,745.9530772816051,794.9965023578413,734.7995555249951,548.2994479572071,151.02486697597462,65.9990904006091,365.5675953832166
829.8911734471777,751.9257704091794,858.7460073500553,833.5996447362273,421.1711957399235,465.73964384623935,900.4555638688097,776.0125381339865,685.3385428019932,641.8126274015083,840.4285650485899,673.2271340324766,885.9917236380471,606.2961019282399,645.6502996843252,490.4993369123776,760.065806221623,696.8289304587532,816.3201839403174,831.4751796875,443.3636138174269,357.7955141703288,875.0231527133077,898.2625846257286,574.2551175811528,731.3403708931509,427.7188562635559,341.1757935682933,850.6346347017109,781.7662566761911,905.1672561925853,891.0594980875651,839.6878157793466,818.9970844184028,724.7489998195482,711.4187919892461,615.2735513695536,614.4031580465811,442.9261466264725,417.44105052233635,545.9382741959369,598.910795211792,680.531464620242,746.6770635306552,742.2226758175906,803.4959829230057,650.5166817834555,621.0930201123645,838.3599062827326,739.9444780028984,871.223787442751,713.0043484459461,707.9731604742897,564.795716566198,524.4759286287411,473.8066058908079,831.2100667963937,815.0141236588911,877.9057183399572,793.8571660912282,894.8403704037873,816.7539876425536,793.1595432156817,784.2940236472299,885.7314889253075,737.9441961667642,779.7861123952973,803.9123410051158,839.5683317245192,866.2097427621072,751.061047253308,715.6783275291568,633.0861099663131,679.5577278962899,401.8930409749349,417.85320486149317,718.1246795654297,697.294254160521,746.8084470059009,724.8229555402484,715.7377813638856,661.5976458965744,424.3659354154269,448.3206006081899,643.1196827170082,615.2370960404504,359.50843213095385,410.4973275698049,416.1566313455114,398.5658826414536,161.69005066838199,455.3380005539457,-0.4616965388445856,-7.1381772523521025,700.734043375651,672.0652220127946,743.78194257617,704.0671723654907,645.8338957836913,705.1485144444957,-2.070228287163206,0.6824133314317333,-0.07439834843141163,16.984137618548786,8.039215820274311,10.078399907432681,-5.439303696155548,24.765064323649685,687.4445301402699,738.0204756303267,788.9363327538407,732.6894710878782,532.3269724004409,148.53660717345122,62.990033678033136,352.0194969423886
828.1122520653951,752.7199392403015,857.4220845316593,829.3411250290168,422.78068254160326,469.01550883054733,897.2481215136334,773.4732379507511,685.456252740354,660.1157595681362,843.1098440216808,674.5958863869546,887.9876454060524,605.8211211688847,649.373185107957,494.3996075495301,758.0001821291955,701.0772606383922,813.81960299554,832.3929237060547,444.82444699605304,354.8469835917155,871.8676406618149,897.5023069835845,585.1558224443365,733.131994514675,428.1399440660002,346.5177770720588,851.6821558250571,788.6601645387249,903.0162526528667,889.484853108724,834.4528707730568,814.5013334147135,724.64737416143,708.7524134624435,621.7232455955203,612.2381201850044,435.605351958956,420.06005454063416,556.9490156330046,608.9608426094055,680.0585226955868,748.9846402208952,740.2146689327315,801.8887839512519,654.4291168638497,622.4096197865226,837.7082904477273,740.135581760812,874.1539227106397,715.475192325216,707.9933328051203,569.4256908846836,524.025481991086,475.1784981768182,829.2474964722616,812.6307394234119,872.1073731160833,788.011889432653,897.301907534392,813.478224312989,795.4424163494999,784.8287215880406,886.1326511439993,732.9870471807452,772.8958925611518,797.1479014368813,836.7100454439783,862.4013727514783,763.1563135095545,722.5674455361288,639.0372042874677,682.5221372662169,403.4482421875,416.25586302851286,714.5837723778897,698.9306692542872,746.3465472282247,733.2412011282785,715.928066450974,660.803027794506,417.39068171819054,444.889883146286,647.5281958508597,617.8451056158044,360.11200217078715,409.47214658165666,422.3813374209373,403.1986119752845,168.68155286184168,464.86905053772034,-0.4453066740059984,-7.038211050969914,699.3215169270833,676.460758532508,743.8131752610207,705.882100946763,647.1776986510396,702.953624296305,-2.276272777921373,0.7397326315408228,-0.03738158145920096,17.860730280056927,9.137837294762253,11.609523968563618,-5.778951399856144,26.110430135446435,691.4995450106534,743.3996182528409,788.8767491283032,734.0057187623615,542.8717137505026,153.51823950049123,65.43237870028524,361.32858577267876
831.8366187363335,755.5060057254752,860.1924208506109,831.3077155612855,423.5311386197112,470.64116906268254,906.177280108947,778.1676786349682,685.4563816031631,653.5159233867145,845.7229772428187,676.3859819552255,891.5876870915984,606.3629451628155,646.339435733966,492.05689605353194,760.1898729586488,702.4002488950558,817.7261924305182,830.9206408691406,442.52367024951513,356.0605693817139,877.9001569871779,897.6397369626968,585.3802869607017,734.9226408528758,427.62426488043855,342.4515308274163,857.887322335873,789.0792505334924,908.2666034848671,892.9850533040365,838.4929615602655,820.7332276746962,724.4804419476053,712.0224135065653,623.5603652819663,614.2048459229646,437.3234920501709,417.97303932882875,560.2200815169538,608.389720916748,680.1253247544879,747.931856562176,740.6861907512697,802.0948158844172,652.0489126158154,622.0196649653095,838.1525782692817,740.456754235578,871.5767574825802,714.2761458705369,707.8162829736958,565.4891825189777,526.1244042643989,473.692889031602,832.8104716172485,815.3347619220062,882.7447613124971,792.6514420677081,898.8763337508492,817.0581025423355,795.8219516240857,788.8236612547572,886.6638790529165,736.8600431720723,776.4677131802848,799.1119894178919,838.2267243695107,861.4435703003604,759.5468492250185,720.2219772964228,641.502810836932,683.6165587850463,403.4754700591599,419.19021370041537,714.9001626186683,701.0212490984019,750.0732227081949,733.1079635620117,719.2324053446451,663.10933407252,424.1558168916218,449.64959484875203,646.9303563206206,616.8691281434591,360.5335303474875,410.7997350124676,418.23905112128705,398.7047497721764,162.81303101493415,456.10503072842954,-0.5442959281542614,-7.690677230383159,706.6658345540365,673.3020174705376,742.8103244751692,707.6072674574356,644.0084185025468,705.0832646353612,-1.8723790031261542,0.6496368941816467,-0.12392219625402953,16.768991572400825,7.769486364189611,9.754360428649521,-4.794244097338782,18.163938774782068,674.7063210227273,739.8021850585938,793.3697698196308,733.3451665564428,534.8731363707898,146.89358772311294,61.50377696571928,352.14887392109836
831.0000421147982,754.814158697321,860.357752597006,832.4880777763656,427.51351996133496,473.38082481707846,901.2745439215593,777.1258713352934,694.7733108754061,654.6547613026665,844.4555856348053,674.8160170085846,890.6707892442445,606.7127199076448,651.8012518408286,495.06625972492225,765.6647692585443,700.9178335104274,817.232043094562,833.3679576416016,435.2011461787754,357.3028191248576,877.0746072766412,900.0450818500822,583.5391947661395,735.5219309356187,436.70207483070334,346.7972633308834,857.599972419019,790.3760482976465,907.5985320484232,892.3563958740234,841.229181192689,819.5586153157552,726.4388321586277,711.356936902885,619.8799403522509,618.086573989303,442.2792886836188,420.6306181967482,554.2734142366003,603.9749507904053,685.0017488324453,749.288952506549,741.9553804583536,804.4760703817445,652.3464677117088,623.2871688996162,834.4039894503932,738.8777310995063,872.0406844091232,712.2462861648268,708.5928486537506,566.4504368258457,524.9854834559861,473.0783109588826,833.1628861359411,816.2192503680234,877.8543071788022,789.3828365762506,899.7259126082711,818.0185069327987,797.6934689760938,788.2637698405074,889.8507213877208,738.629958197128,777.2366908644022,800.8753428266841,839.7421172804134,860.8097591505525,760.4870262145996,721.6911630474153,641.206420338482,682.6505704277006,404.9566066576087,420.0596478959204,720.5445676709785,701.2288245996499,754.3263601749501,728.2975932529995,722.4239351594128,663.2220487910739,425.5823322423299,451.08053560813266,648.2707531126586,620.338759042174,359.8983549230239,413.3076506384013,418.8310077614151,400.15510696293484,160.1467248221989,451.35620645818614,-0.5186023196308978,-7.53619727865611,702.6540812174479,671.972837545104,746.7140660583973,708.4409594298488,644.8038447321826,707.1955317518239,-1.8476199582410597,0.6535507532131979,-0.11797274232507171,16.523705111057904,7.843245164084059,9.719803920622805,-4.713570045100318,21.315131187438965,697.3134932084517,746.8018787730824,795.9637848514839,738.861965131156,531.6928882037892,148.28974040767602,62.09567714956674,345.98642360753024
831.1371078085871,755.3272179136372,861.4840178518034,832.8334921079565,427.7124419434126,475.58208199909757,903.7499255207189,778.0526987148853,691.0190906719286,670.0067440799025,843.2284403855239,675.249752854544,889.6372214655934,607.0224757377918,653.3307189490665,497.4670985472705,760.2093451983555,704.7230939675011,815.9118408553902,833.9186865234375,445.66274150212604,356.890157254537,879.5258330418089,900.7930273631263,593.381277543712,740.6669449858613,436.003846173787,348.87396629651386,855.2339703541882,790.9173547815393,910.378170143588,896.3190220133464,840.0897347401765,821.6151658799913,730.8152837338655,715.2555236816406,624.7909478006909,611.7018975858335,438.88091685090745,421.1048626542538,559.5610896876601,607.2591733932495,685.9115848124974,753.0817201081045,745.1017098812008,805.1760463603059,656.0656420376675,623.5111016310178,839.3323325095638,739.7855306809598,873.4711256579543,715.1625585997368,710.3834648046793,568.006630635729,524.5376297779659,475.66058960600884,833.0567580324405,815.5261100177412,877.6745285956957,789.8336755545009,901.2198864215353,817.3786956692976,793.5536676021891,788.9490679399466,888.7994268047275,740.8523532392443,780.6091606643763,801.669537893091,837.8371795362727,861.6848072030926,763.4894320857418,724.4935764875569,639.8891411177609,682.1683165975463,404.3517046942227,416.5093190367793,716.8403001378795,701.8999084219398,754.5197624044215,735.3764157976423,717.3072411255819,664.1761490419425,420.76827143033347,447.04973932027815,648.9991305473093,621.8605290543206,362.4048309887157,412.50193175253884,424.31919654645026,404.31170508794764,169.7216878156976,464.9365737812873,-0.45013764883252505,-7.184422050462895,704.7455322265625,678.9735239319882,744.1850598752499,707.878066636858,648.4619435402576,704.6143904583379,-2.279407640416282,0.7301450444040475,-0.036793437564728866,17.74561486247029,9.080599181949916,11.587715148043747,-5.849742425812615,24.670094241114224,709.3526389382102,742.4168900923296,789.2763456818242,734.7289724229257,544.0977115818099,153.9111170661554,66.7859295498241,364.6153306796633
830.8097049990117,755.5205744661466,859.2774091849855,832.2524269308702,422.91403586254563,467.5536788574287,904.2660424882088,778.5222794796558,688.8452716165659,653.218073285994,841.2103668150863,675.4209497027927,888.5365925653108,605.5677442723199,648.310905368767,493.8438683621049,761.1507888360046,700.3062453539269,818.8906872044121,832.9406176757813,443.2737840016683,356.1646418889364,877.4958863801943,896.6717874436151,582.6582139000219,732.311250775725,425.5987269680803,338.27741275893317,857.8136973830889,790.3513356903453,908.3881962493335,894.8021543375651,838.3327684564106,818.9858962673611,726.3071440323539,711.9982604980469,620.6586453273958,615.2696448432075,439.01664370298386,419.03337949626007,555.7205920610271,601.8942584991455,686.1982932885488,751.2947811470212,742.3163248662497,804.8212920964113,654.9794260135367,625.211078206976,839.9264990991162,740.875853721697,873.6832800512915,715.4902074025191,712.3077909358414,567.9600462446026,527.736820164201,475.7905125304105,832.3016020658896,814.7051431095159,882.4690905379425,792.3475426303513,896.5152406908118,816.471492177846,790.7645897384084,786.6308046662758,888.2484384792954,741.4002410715557,780.0839909291,800.9089413697266,842.2293323589738,865.6066494936442,758.1480446892816,718.4965930375896,638.3903012056963,681.8238237389238,404.33799809994906,417.3542433187995,717.5151269631308,700.6073086687144,751.909701732879,731.508074079241,721.1448380773552,665.5977524076048,424.94145623207095,450.0747595993678,647.9121055619833,620.0744367508468,359.4380547551548,412.17877432069196,418.10001176906127,399.10313211685144,162.85836569560732,456.373109566172,-0.5185373890282655,-7.696449564082147,713.5731140136719,677.8229344254834,746.2094476222992,710.6319739052612,647.2567343793539,710.0025535294362,-1.8906949084381555,0.6529452536257125,-0.12618472814361115,16.682536569580954,7.612831337625708,9.589546407862086,-4.826663964324528,19.161474340102252,680.7695756392045,744.0639670632103,794.7811142070182,739.2686537730543,537.1465005126654,146.0263931991761,61.5308173623952,351.18650270330494
832.0669257829434,754.2171064001141,862.78710326967,836.0774012827185,424.751366823773,469.07570706946507,904.1691816607197,780.0081622720272,690.5143961225237,661.5533386214835,848.1873101645369,677.3399636586507,893.2157226287685,610.2771454204915,651.7676071100567,496.86513327783155,766.3606155901723,702.2957933939176,815.2612685280285,832.4515615234375,448.61756727430554,359.130225499471,880.1353113303796,901.3977573939732,585.0181788399582,736.0456581849319,428.6085537810352,343.8530694511202,858.5302915753059,790.8484214500145,915.3410801524566,897.9588055419922,842.8351179219909,819.5445822482639,729.0302904211957,715.2314111181053,624.2563362961823,614.7377325693766,441.88616243430545,419.2436490411616,552.2049740650615,602.7426171302795,686.9583084658971,752.1760925726868,746.9331990616568,807.6309917070712,658.4986253572889,627.3066952211874,840.4235846519471,744.3303383983824,876.1461192637951,718.6892609949443,709.2528331269064,570.03053280419,523.3978142685407,475.9220613410937,832.8667125889923,814.3966831926394,875.560699314587,793.2034225164167,899.7299969747792,818.7993517068597,795.6682725608896,787.5152801937527,892.7616540140181,743.7479034451243,779.5171771617418,803.6745419429307,840.4287824691481,862.3845130541048,765.6888191291878,724.7226952724769,642.8784809637507,685.4587461793577,405.6289986873019,420.7297148368728,721.6378108790664,701.5772282137416,757.7917571372175,731.1633268083845,721.2076764088481,667.1263892723052,422.51049164136253,450.3155741339922,649.0968518925133,622.6083702959565,364.74703851587634,412.4730801978266,421.41904282647494,403.81648837269705,170.13068757380609,468.9819274864594,-0.37815508375987755,-6.636801569469618,690.4496215820312,668.5923177428165,744.3000365495682,706.3931982290691,647.0005060904506,703.227021927647,-2.3117424212166378,0.7781620690530097,-0.02805778645227527,18.09826529260515,9.247388775828979,12.089026800977843,-6.231331355041927,29.711134687942618,682.995078346946,743.5187233664773,794.4165915674811,731.9791615160206,543.9809180521497,154.51259533041403,67.48982274532318,361.8303954108008
831.8616927131711,754.2164715335826,861.5679017746207,833.5576831838524,424.82707104350243,470.8877758298601,906.0494528572882,779.5120038523572,686.3961829166024,668.1899014613667,845.6971626902015,676.022201341296,889.775977198501,607.2817669134391,652.1710158153553,497.1537334117345,757.3503583212034,698.85890424608,817.4423897695724,831.8112701416015,446.6705431673262,358.60750681559244,881.0037729502757,901.4486831180633,590.9432608968924,738.7857067611192,433.58357148144125,347.2667284806569,853.185693704857,787.9489337685667,911.0516333392286,895.4367069498697,837.313593201718,820.516885172526,729.1592932659647,713.2982052722609,623.9774516437548,609.8424172578035,437.5581322865827,418.3421151164766,558.1805660060195,600.3467106819153,686.1734519156199,751.3936336571571,746.8655789409839,807.8761172824436,658.5330585605842,624.7503289086419,841.5939297799141,741.1299858448093,874.6334745389921,716.5286044784235,711.3673949391318,570.7886341038873,524.313155162398,474.76028007532295,832.8767451174549,814.3682608184992,880.5397733210488,792.1816569823933,898.883685992697,817.4383903552799,793.7258660406877,786.0978350227261,888.9792639319577,739.9747703638053,778.3027519290367,803.6166627523133,838.9377210580619,865.6606524557039,765.6157933484327,726.648247640641,637.9142152278795,681.5552105263714,402.91754548445994,414.81967807823503,712.7355473002449,697.1271106514199,751.7956127410239,728.9200395856585,715.8483436920634,663.9084801525701,419.8565324846904,447.25243358453116,647.9144864748228,620.316418983771,360.6166632483987,409.40415417502504,421.07659171754494,403.0852269965787,168.3109815526526,465.77733658632883,-0.4073712056420778,-6.726324248092036,699.5674194335937,673.5211098881091,740.0122133791447,703.5850842160877,646.5663433041585,701.072177131485,-2.2586687184997047,0.7535476960103821,-0.04485703244431891,17.9452724666185,8.570882296414773,10.53167746655329,-5.611705389287737,23.513124767471762,683.2858276367188,737.8042436079545,786.5882482336672,729.6116253816629,547.5264805438471,151.40916520631626,66.85239932753824,361.6794361192091
838.2747798593717,757.5505460139477,866.6204540783386,838.3848311446934,420.8664448405421,462.13963532447815,908.8589470400733,781.700454517121,685.3367186955044,640.8102925097356,849.7601089477539,680.3383482327537,894.274541799241,609.073241115099,647.0316216637246,491.0809111961952,766.0199136598416,697.8451833376457,822.882499899444,835.4147174072266,443.7349184354146,356.5170359929403,882.8274250333271,900.4588957287017,572.4155932621183,726.874796799251,425.8377526636282,338.0213603708479,858.1276371793927,789.4210276662568,909.162036164852,893.9457051595052,842.4994365886106,821.7780479600694,725.8869700556216,714.2440656179405,616.6857571370801,616.7311391477232,439.7976491195815,416.192994632078,548.8132982097688,599.0606198310852,686.3421479614955,751.3748502686126,749.491626112574,811.522348058154,657.7012749112342,626.2118646081511,844.1846896325388,744.6563569667402,875.5852216919417,717.6284091242362,713.1226437145284,570.2204975707858,527.599856715431,476.9045495549903,837.6258219356474,818.7819953654651,889.7595891643549,801.5320206905171,901.027149445907,822.7376275295965,797.6409312300726,785.0774880789926,891.4117822220077,742.6561699123807,781.9646166897892,808.1119581601881,845.2404576198311,871.2202327159229,762.4708894952997,721.1437309765425,636.6119279773957,683.7072946787913,400.45211416051006,419.79227608694157,713.6299678614882,694.2283789923576,750.193982712766,726.4965874808175,719.7422025614771,665.2534810673466,426.792970909675,452.6570523182551,645.860338647145,619.6232286522984,358.2671948965858,413.77061516111075,416.9614563023594,401.29985135218243,164.03807489473076,463.2929731847843,-0.3576163551899501,-6.678217212667677,704.803525797526,672.4266644494008,739.9994736760855,703.9492025936352,644.6245651317917,705.8591835353077,-2.120242361643537,0.7428930755428694,-0.049292875392286606,17.667948523822997,7.985976645722985,9.79272078283717,-5.167878250281016,25.081109110046835,677.2443403764205,738.831259987571,792.4650432407456,730.5461253878436,535.3588379411136,150.83981519630342,64.14545845985413,347.62044325470924
836.2297839488583,757.7627789348063,863.5094254320215,835.54692582887,424.6982860742613,469.96164407048906,903.4685654432877,778.7178010688945,684.5059328857733,666.095196802108,848.6893577575684,678.7765790742541,892.9121267668788,609.1914204011562,654.4067400806579,496.0228126895043,765.483135006439,706.3050119710523,821.1911799989898,839.4823209228516,454.7551472451952,356.99893321990965,878.1853676007423,900.1142684694321,589.6208461641642,738.205380659837,430.26472884120204,349.95570010609094,858.1097865554522,792.030328971957,910.3285272553211,893.7510361735026,842.1908652095472,821.8706214735244,730.9943611476732,719.5743029491011,630.122907663757,614.4192653232151,444.0973578180586,424.3178000646584,557.1557987400743,605.7124450206757,691.4604979299363,755.4570648771892,750.7139350126049,809.3466546131157,664.3002032839562,628.4607343039886,842.7332096099854,743.3432921141473,878.5483098956762,719.3611620842091,716.277740400201,574.7138831755694,529.8658105569029,479.89629137301404,837.27995288594,816.8233933172844,888.3641505890222,801.0161986520993,905.3495418648098,825.8336988344162,797.9657491748121,789.9587044892488,891.4911776870044,741.9836124098579,783.5088215018926,808.8168765082645,847.9806020943223,870.08107559457,769.2561712522764,725.7959869259694,641.0973454746631,684.38889514213,403.8032255310943,417.0803998490454,711.4103358534516,696.4718614000502,753.3269887071975,731.8783972603934,721.4824214146055,667.639673490386,424.28372404416405,449.6487964614232,652.5721081225357,622.6186329052631,364.1607831506168,411.66790717775643,427.1656190594658,409.697812238737,171.11080163939013,474.31236640910305,-0.25776408496225217,-5.833831182274625,694.1874348958333,673.6127107264632,745.9569179415703,705.5352658923395,646.655097076911,702.5633275590491,-2.5525219254593954,0.8329924110737111,0.04014507302277002,18.967687597979552,9.591373904319083,12.525023867936945,-6.813685768180424,32.901011533596936,690.0077181729404,746.9897316672585,789.5068017332346,731.2219867947736,550.0355566903656,157.4455855990711,70.9590054109241,367.0948157639339
840.5402940099326,760.710152486358,865.277341572765,838.2995249403425,420.70702637073606,467.3707019346101,910.7877473727516,785.5858853311742,683.1458775851191,652.7849531408216,849.4717191370522,683.2838282002343,893.6064208015979,611.0110278670122,648.5418348834289,492.9869797141025,767.9163590743078,703.759846589098,826.6722707931109,837.8843345947265,446.9250659942627,359.4639170328776,884.1036478238017,901.827894664946,580.2115844506868,731.927904349107,425.4867720419531,341.0156222979228,863.228252482864,795.9118038224585,911.0391550940166,896.4400659179687,841.9780067831783,824.436175265842,728.8519528596297,718.4947759789156,627.9789510718526,620.8341428968641,441.1826009899378,422.4186310607396,561.4731825531507,613.2809700965881,689.5914536544254,754.6397087856492,752.0879734219947,812.880360921224,662.2972277727994,630.336354152306,845.5886178216626,745.3829576318914,878.8841158008944,720.4024103014042,715.7468003927324,570.2531312867707,533.7602441502506,481.66988793605674,840.7985712826447,821.9685323972393,897.2393549279054,808.1414109340975,904.9882090692935,831.2722904427537,798.6805401810813,792.8070138452475,890.3166332529552,745.374934419027,788.6084707185124,811.1973375896088,849.9199761554694,874.7469979807817,764.1849965275945,722.392653480905,642.243056551032,687.3801406926407,404.23594156901044,417.61860807177044,715.1910171508789,699.3902874072063,757.5808949571975,736.1364277430943,724.3981688196175,669.5373632800843,430.8210836346944,455.8548849042257,652.350885382833,621.9559953921428,364.7993426154641,418.6135800112886,421.62048476951895,404.7092880027655,167.09940827168612,464.58143703058363,-0.40092844125400817,-7.035372130359173,706.5484008789062,682.66253196587,745.7108029723167,712.4536287989552,646.3266027594037,707.26235074927,-2.104525986764393,0.7129331416726389,-0.06374557318723122,17.456734083406626,8.233885381061814,9.990057387458716,-5.308828605545892,21.77805391479941,686.407792524858,744.9401234019887,795.359177967046,735.0534231451493,539.3367657941931,149.6751317998819,64.51825217857505,356.5680741770514
836.5981763279002,759.1039324336582,863.1513390558086,838.1759704679132,428.70524802097054,474.1422817281314,903.4557262924321,782.937984721407,694.2608376911709,668.3792898215231,848.8269332637632,680.5087364227053,892.0551304890811,611.7047625669101,655.1569320764114,499.64418725695265,771.3197942435459,705.8954891984249,822.0394174276183,838.626767578125,443.64369826846655,357.8337177276611,877.4517800907724,900.8438892667256,585.3325014763477,735.6700884012075,440.8464512904046,354.2321265803443,862.0469753337356,794.5872033389998,910.0735968642348,895.6736195882162,844.1424259250447,822.2267403157553,726.9301266877548,715.7453639018967,623.8607831106312,619.8268188900417,442.3001204133034,424.66903624731054,557.1941951063812,608.97101354599,691.9267189654093,754.0085123432756,750.9039262330632,812.0200643260576,666.2375576634053,631.7529442835521,844.2326703567659,747.4508893804466,881.527082917006,723.0696479722528,718.8576566039713,581.9645285606384,532.8103593983828,482.0340244976862,838.5600191849608,820.1770846247673,890.8838887801695,808.0212144075595,906.0509603749151,832.0791208458564,798.5780852123503,794.5224684177603,889.4584972894014,746.7241510105841,786.9138163928906,811.5477470323672,850.2742848973365,871.2112214315003,771.4987751041447,729.5356155145364,644.7165961309311,687.3435365090638,406.9355970742046,424.11557393678476,718.6337297783523,702.5420325821366,758.9597739361702,733.7908652169364,727.8939292220778,671.1453282655274,425.4724907843272,452.7181783103943,653.3503093349776,627.304646017771,365.8146788092221,416.26112500683064,427.0275953656771,412.04748142248684,173.7516682325271,475.1979992662929,-0.24707918368814583,-6.132035603686807,711.9111368815104,681.9080851926642,748.6259688735008,710.2135828976178,651.1691296592013,706.6546861046975,-2.48233137740049,0.789179880834288,0.028079988022110546,18.83927175767562,8.97092226605368,11.521448898364499,-6.082821634080675,29.363847199608298,696.7835804332386,751.277197265625,798.226863579462,738.2073333353936,549.1052048790689,156.60011705285623,70.27115026748541,360.04278219157254
836.7970269044428,759.3086642207521,865.5240057492795,838.5668400920244,424.0672637451527,472.81207942962646,911.3148202627821,787.1385718000696,687.2864010479985,669.7422234640746,850.6051458343258,682.0897744209047,896.7419384257871,612.9454171329375,652.0901721864197,495.6734824050449,769.6788683344403,710.9520237659696,823.6487703286825,836.5800419921875,449.56349261601764,358.6074701944987,883.928593006657,902.6802898588635,585.2646807925239,738.7432756109552,428.62928487451035,347.90948294268713,861.9847769107458,798.1783585159867,915.4586216884022,900.2861755371093,842.8126559499967,827.3162584092881,733.7693197499151,721.065958413733,628.8322547542891,618.3603693644205,444.17301566260204,421.96395511662917,556.9017969350346,610.3199067115784,692.3438708895728,755.2149472711211,750.7697058972542,809.6734414797777,663.977123142274,631.8589831840742,846.00799745129,748.087748015731,881.3331653688251,722.5127122493337,718.8725460634104,575.1499398736393,532.1418731780078,482.51221512499495,839.6127076331783,821.662776414443,897.9026541246451,808.3032710019911,907.0755625318444,830.9595838441818,801.2758820603747,797.0145497341706,891.2814385713036,744.537012398397,788.0087988797198,812.5306478985825,846.7225558529993,872.7005750118698,771.7802007176855,727.9465243855461,645.0359711253315,689.7508577949557,408.93621229088825,419.85686954981844,721.9333292226322,706.5705471434534,755.4271486972241,738.2496621268136,726.0955657885905,671.5010807132194,430.6617134984334,454.2459317859014,653.2748932103228,624.1405003553102,366.1991877611946,416.5582159985704,425.5854957078894,410.76219479894183,174.7643474090057,477.25940908382336,-0.2759422873822149,-6.2089038903654465,702.3432739257812,679.2563005867651,750.8587404489517,713.2631513673256,654.2465789178552,708.2937352068558,-2.436874036848741,0.7923270596812169,0.002249624315332726,18.63039521492028,9.207869831865468,11.513182038689779,-6.446635623772939,27.79758260530584,699.2020208185369,748.1650368430397,798.2368493816197,737.7195353447637,552.5673359936359,154.7936880483962,68.67015715801355,368.7399325699642
835.1337925743184,756.4609935668984,865.9302140189408,840.5988902252509,423.23789145891055,466.9754527764661,910.2360591864037,786.4326111489154,690.7867538296447,649.7120606782006,846.3422921033409,679.0694823068286,891.6782288526794,611.0585698289909,651.6646968642277,494.4904143425726,765.9839921291406,701.3902001048243,822.2152106040282,834.5023327636719,441.05476956897314,360.1352389017741,883.9097141634678,900.7211181398422,574.158337548141,730.206123980847,428.72159122235206,342.9097205268012,855.9208807315466,787.73434478383,912.430084148417,897.8603810628255,843.1730924703307,824.4519098578559,732.402151621943,717.4336128694465,620.2758754780639,618.8669897008825,436.6498975583485,417.70951230427744,549.9201620133197,599.522976398468,687.7649935162257,750.7754378838562,748.8933838655689,810.5230652212399,660.7725903534692,627.9223352412243,844.7037149429322,748.2371888255094,879.3806047672778,721.307514493854,717.8437011102925,574.6296244696075,531.5389014288756,479.64004854992055,836.9946162379454,822.1695578357687,898.7738359422457,809.1982200606456,908.0514321501358,830.6952930152609,798.8792298284875,792.9306854671902,892.7188293115416,743.2036066597439,789.8662127505528,810.5498082554888,845.5514282420942,872.5362282431587,760.8657482937649,720.4809063145372,637.5983755129193,684.7911506421639,402.9595907460088,421.62622134786255,720.6864372628634,703.3392455548171,749.8975570354056,727.8370535714286,722.5797045477506,667.2800117907171,426.5909401845932,453.12788641293844,647.6225551008653,620.9502606912669,359.332477238599,413.72375774727834,418.7329844170502,403.8961309983847,166.13758125664677,462.1476368566478,-0.3528197979418716,-6.9351405784397775,703.2489217122396,679.3825274968551,742.9841572642326,708.3110351044668,648.4250849667396,707.8197710776387,-2.1511073478037646,0.7172906955497133,-0.05487382403114455,17.373516022137483,7.887899810401944,9.782673568310534,-5.203162345621321,23.308275797787836,672.2431474165483,742.5575628107244,793.3566009726301,736.1129405347607,534.1902930315803,149.40579640865326,64.74426791523442,352.72771242569235
831.6681286407614,754.1856650126101,864.2799968742162,838.4400669658089,426.7116223290909,472.39760508707593,907.5126545845903,782.2539218951287,690.5775688716343,670.9684083657187,847.7109523866235,676.6941882542202,893.9573185627906,608.0210260692154,654.9877334376473,496.79257185938343,759.211603390662,703.2073014978555,815.5845877694901,835.253851196289,450.54262235429553,353.28362204233804,880.1782444104832,901.1874350895957,586.713016699746,737.3773867324159,429.6372033430068,348.93088926209344,854.6549566017007,786.8222093370225,911.048305401339,895.9440104166666,838.3648113961947,820.4502526855468,735.2761376422385,719.617716226233,626.9572801631978,612.6244305504692,442.21017506718636,419.42424395021874,551.1135031278017,603.0141544342041,687.8663225647003,754.2464741349785,748.4723211463779,809.0609069288822,663.57638163606,627.2186367019907,845.0144104434598,746.9859026240464,880.7123660918522,721.9107458342909,717.5526959628802,576.4636075356427,527.3104562170764,478.91471207941805,833.1630014709941,818.6002042414965,889.9754261239301,802.6435314602521,906.8212502122961,824.5201491939212,797.5952043007113,788.5028967759246,891.9107228179477,739.2951480355836,786.2145311046182,809.0534070615809,846.0114135742188,869.6367113313622,767.9657008540523,724.8554189713275,637.8709564208984,680.8716533710431,402.782060927239,416.56684939962037,717.2274380042904,700.5243734146055,746.2234834711602,727.1760548182896,717.952326010927,664.1462050796544,419.78674784024554,450.1073531961441,649.9074097032588,621.2100190439696,360.7602211447323,410.667031573905,425.05875534533214,409.48653471945863,174.1733149828637,481.75795384168623,-0.3507470662077173,-6.249231258474695,706.7734375,676.0073578398107,744.5931989252567,706.0444625405704,650.4353116984282,706.3719997837375,-2.530956200973474,0.8183711580518219,0.022005636523399416,18.975896120364528,9.520581318107455,12.70739144520078,-6.487363080183665,33.841743143165814,688.2293867631392,749.101816628196,788.3204038479184,733.1471294934237,549.449426389208,156.86108477073805,70.21741810892567,366.69172179698944
834.0503740209334,754.8002865627559,864.2189319170612,837.838965081005,421.7255647348803,466.5658990570477,910.5026485795967,781.7249107328374,683.1162921165933,659.1771987461653,845.1987527366576,677.0121509642828,893.2829892140514,606.5947436593805,647.1464691257003,490.89987315847617,755.8610166034427,698.6361808650121,817.4963384167902,834.0186982421875,448.4575799836053,359.4915778477987,883.1463616441339,900.1030263749379,582.1730755611239,736.3232338664296,422.62163035777394,340.1870727009243,851.9077644348145,785.4410259482302,910.6839594803457,896.0177311197916,838.9672744233729,821.7233243815105,736.8473054305367,718.4706178228539,622.811574692243,610.9487000218144,437.96886193326543,418.03749176268275,550.2952132928567,602.1209998130798,690.8602183546338,754.3169485517022,752.1812644204057,812.1120384171692,661.4134083267086,628.857466914437,848.1314261959445,747.5656054883409,877.9808900653933,720.1825304616625,713.9300320971707,572.7260428316453,528.416648812023,478.13951319836553,835.5207999188693,819.4751215731657,895.928032658785,804.5548613084861,905.9944830056895,824.3210489803919,795.2124949755654,788.5846271043943,891.8277919826223,742.9481648333004,788.7571117979757,810.478156682679,846.0374878804395,872.6785404774365,764.2485253273903,720.9206740582575,635.87997996479,681.316458697959,403.36267134072125,414.3581022880447,714.3199319057777,697.9452992039597,745.8806048454122,731.5915036882673,716.8491861774547,664.7039684323975,425.138651638031,449.05524796009064,647.5474570497017,618.031377579978,361.18379710702334,410.77742283955376,420.40126034850255,402.9398221992338,167.680280684922,470.4484678090612,-0.4038333377630571,-6.802328981818928,698.7101440429688,670.6124919309455,744.5805677771568,707.6326962811914,647.2083931463669,705.3181058911648,-2.170875024716033,0.7601902002951613,-0.06331769536639134,17.88223249578275,8.270444687762655,10.418153418671785,-5.604615933365292,24.391171791974237,691.9028042879971,742.7011674360796,789.1830311205563,732.84848756428,544.2698416990393,150.11889107603776,65.85420855608854,360.5191040367916
836.3184198697032,756.0066644109861,863.757733239572,839.0521145873811,425.2140011188596,463.8739318225001,904.752684491573,781.4622649383545,691.2945484239228,648.0833931594599,848.707031870276,679.0193243601966,895.5166836341086,609.9082136752635,653.5942555885409,493.61442912127774,767.2906897305312,698.6521012886022,820.2350157522151,836.1265203857422,447.02775536643134,358.18419615427655,880.8505495409945,901.4888744051494,578.5629035490346,733.0228968432972,431.7956072559673,343.3471433586544,856.7984336996979,786.572065339265,908.8360206423782,893.8951021321615,840.6689255277989,819.8090900336372,726.7939081606658,714.7866788197713,620.5078545793037,617.1977373052526,436.60433945911274,419.20735341332824,552.790165385262,602.3655562400818,693.0910699537823,754.7936820441513,754.1420672212139,814.0670283802768,666.3524572277857,630.7125142937773,846.9591171633813,746.9455269312929,879.911356627711,721.2136838112319,717.5232444728971,575.3754968923681,532.5772198509577,479.6644927452512,837.5181184833439,821.4408186723789,891.3895035572752,804.8533583760933,902.9804782502548,824.8442786688944,798.1737534088461,787.5611908053174,890.7208409095878,741.9451092207463,788.3346601132597,810.9227673659238,849.3613312350717,874.186801805022,761.8641717584284,720.2549318407403,636.2866266933056,683.6658462590469,400.0821957795516,419.9145430443992,714.3972009127257,695.7557585783519,747.5202493870512,727.9309583391462,721.2001398532327,667.091937681094,424.35233356952665,450.95898816585543,649.3816875936701,621.7960228145066,358.2906271317426,413.5336454370822,419.3954448780666,404.01461824768523,162.54834090215937,462.10447869944073,-0.3557251697864861,-6.87569056148875,706.9726521809896,678.6648528535487,742.0095114707947,708.2661391728604,646.6774457959652,708.1860571443889,-2.043926736998497,0.7114347626800063,-0.07237083779731661,17.236833823743343,7.973284253457747,9.684297717158227,-4.839930064148373,23.077804895008313,684.7340309836648,744.4277654474432,794.2106130715184,736.5445293957674,534.1467862596699,148.58301438155928,65.39500866875504,349.1773254789155
832.8702890324058,756.4106977720453,862.5347061247945,836.8048707840452,429.84980704728946,474.77963678325926,903.0242483036598,779.7374298874876,693.2563309377554,673.0710765807355,847.2119076116298,676.9609772701112,890.3570818238561,608.2766067450829,656.7710733105295,499.8681883896255,761.439763399097,704.3204287025223,815.6983490574862,835.9082961425781,453.90143134858874,356.5770531972249,878.4666615495778,902.6158004034133,594.0179612923667,743.6110327374804,435.7582986209933,353.5188265244166,854.6129605995035,788.9339987672405,910.2991063876415,895.6305415852864,838.6629840398239,822.0482687717014,729.6835597826087,719.1878698877541,628.7684852499268,615.7331677189579,443.91139751672745,422.2262249850155,559.5984604632268,604.750467300415,697.1587607330746,759.4539072118099,754.7719112916909,815.6628384952656,669.9082471201242,632.4912709239479,847.1618262813937,746.6328866656575,881.3266914986275,721.803010366812,717.7650696792945,576.9313357297112,531.5954161439865,480.3597726142933,835.3235733516898,820.6682385138184,888.947684928614,801.7258015439389,903.6219677734375,822.0565468439393,797.0522927712957,790.2678623160217,888.8112418900674,743.0179841781771,785.9459073548907,811.6895793867045,849.4125095051565,872.430217089574,769.1796490780943,724.5371372035293,638.3303561429365,682.1310426125794,405.3670654296875,416.2019831697706,713.0102021264248,697.8647277325515,749.349744431516,730.2990537370954,720.5451073847511,668.4027854668501,423.71897488911947,451.44994897882145,653.674764578563,625.0001781224526,363.98545698278093,414.68413443169436,426.88408748526126,410.5070873957851,169.93589563122262,475.87865679055454,-0.3936621365002658,-6.552115459635973,706.1948567708333,675.729051492982,747.8483818769455,706.9367821809933,649.2844325040132,704.3952939422906,-2.3857121744321805,0.8051135103873632,-0.0068954277429803075,18.476831608182902,8.906831295860675,11.780655821854179,-6.357089036040836,31.88781262846554,692.141279740767,750.4317760120739,789.363987865064,733.7511836184731,547.0900930236368,155.33188614301514,67.72726756876165,365.15817548488747
834.9858441178322,757.0873641148962,863.6647184102062,837.8769824305379,423.4794391454652,466.26559668779373,908.7996816968471,783.339800258393,685.7631011787726,653.086460351944,849.4313856295454,679.3378801572891,897.0630747171863,610.1341417366676,647.8654182894313,493.12951196097856,767.7821450798432,704.4950108829131,817.5980292426216,833.2140007324218,448.53627533382837,358.7321132024129,881.8709773164119,901.6774922931005,579.5268111303839,734.0030599950434,427.91268454401535,341.3440154128605,859.8646564123766,790.9711868851273,909.9363733326669,896.8515321858724,839.2133121813758,820.1884562174479,729.107056194803,717.2860886907004,625.4254524802321,616.8401030787716,439.34255940999304,420.69759641425884,553.645085819432,606.9385943412781,698.1837881406149,758.1164456408171,759.0689545634065,817.3159413477133,670.0942619654758,635.205208675011,851.2255409979051,747.8675959355189,880.4365137362879,720.8986195443382,716.2514906228926,571.4248985683216,534.8325913549528,480.41955502333695,838.7028335287172,822.2719825081251,896.2240536650622,806.8133636102443,900.288147821841,823.0549449519432,795.7690513005953,789.3170305809366,888.0660884344755,744.8948039718993,789.0175413731779,814.1223317280267,849.7505890670096,876.9215426787487,764.6970542014183,721.0423041171715,638.8257829858622,686.0943001090707,404.18591175908625,418.3284548907213,716.7880244020556,701.0524626292629,754.1824016165226,733.6045761108398,724.728743973363,670.6842100613684,427.13217332363126,455.13931744416556,650.9495391560021,622.1349814774899,359.01193912730497,415.0758762695299,417.85822805513936,403.3524697562935,164.1811480188691,463.5966233791411,-0.474163133237097,-7.2370758117017315,702.2517720540365,673.9417321156648,744.8221919387579,710.4932331585776,645.4403317382621,708.7087353167732,-1.8779704268802704,0.6747539237499478,-0.11491508419583604,16.866176164510243,7.674536030373196,9.469882855902837,-4.823119229740566,19.925706400590784,693.0693248401989,744.7495172674006,795.9519108509858,736.5709110694595,537.2801653731103,148.82767871283647,62.424104184010616,350.6517749079343
834.2890789095035,757.5202840289684,865.3541973263699,840.7110500631935,428.747701418677,473.3203519455024,904.9657644432829,781.7120282940155,695.2251970427377,663.946641531147,848.0368153021587,677.5905851545788,891.6764586564811,609.2604269426362,655.2391230882104,499.90497726719667,766.7014646665745,705.4521065391972,817.1755047209875,837.2211944580079,446.0430731243557,356.7857056935628,881.068544572222,904.412613641648,584.1068868886738,737.9489221741537,438.10007503151235,351.67514460616644,856.7851530111061,789.4553563247492,910.1601618569041,896.2490865071615,842.9271907483117,821.9155985514323,730.8691302755605,717.7184643113469,624.8077637928698,616.4807067447239,440.70321709769115,422.06062584847547,556.4183627269307,603.8523526191711,697.2081938830632,758.5084383996177,758.891677675805,817.310596666838,673.9560006748546,634.0391156656759,849.0649773997645,749.1592518549161,882.7624674322062,724.7649850615073,716.5728056569804,581.6722973842246,532.9637800874337,481.9264357059755,836.6471271159745,822.2518078284683,890.1701200250416,808.3857574310804,901.2566762907609,825.0152702346975,795.7898656104318,790.9218692779541,886.638546046926,745.253703013409,791.4089812209097,815.3383615358483,850.7944803420146,874.2607890598023,770.729967512526,727.7638265265794,638.9148804550871,683.9480280360102,406.5662105394446,418.9420368033396,717.0238604936443,700.82877321362,754.0640674347574,731.4005552019391,725.7125467614652,671.7866024396367,420.6818741528193,451.67771458745005,652.3466777675477,627.0572995759144,361.5313319598927,415.0045480900293,423.37111739612493,410.95120179411623,169.02793559656243,471.3170231063664,-0.37900698138131433,-6.599245625980933,706.2813863118489,680.5481463933395,742.8934165537357,708.3253705123971,646.9287015506026,705.0518294348402,-2.2730990294129647,0.7688550771248561,-0.01849711513952182,18.16249318539194,8.780227631824841,11.254298621934296,-5.643077664905125,28.098834431346724,693.484169699929,742.5059381658381,793.3714904785156,737.3662169251261,546.125301211488,155.23097757289284,66.89590973203832,360.71686824436847
834.8580889462229,755.5427461803863,863.8810550902884,839.8612179707484,426.5345412941866,472.40974855422974,908.006341142321,783.0546453191879,689.4158889906747,663.3781907988376,846.0341362681816,678.3934790384202,891.9535636574694,606.769111146811,649.7461644998237,496.2988449267063,764.0646400270869,704.4381564320915,816.8988237636756,834.666034790039,452.83479897181195,355.34365062713624,881.9499373883224,903.1832000490219,586.7372607585647,741.9435946286379,431.2317746199297,347.8503559074468,857.8623241208634,790.970633951823,913.4850598432886,898.8648819986979,841.3436729301841,824.9004668511285,733.4415683912194,721.5007140377918,626.0727644596856,614.8739656519007,445.1983954651015,419.4815516221836,554.495400600746,603.1719365119934,696.2693376730359,757.6867148593703,760.7004191895381,816.755547328302,670.1894856366245,634.3285676682746,851.5059971101822,748.4198913105772,882.396891099299,723.5494607353594,717.7138370788686,575.4410824401706,534.4284753267973,481.19319717622625,837.8108071936182,821.0114047477642,897.9925761171345,807.7152416952108,902.0281020720108,823.5948341471477,798.6337924353573,791.2370607117076,886.749558064475,744.4422285331929,791.6851353130984,817.8456994747751,847.6821550502899,875.518351855199,768.2230268598677,725.6281414970023,635.8903664405193,682.4067074994504,406.05530050526494,417.18026711907186,718.742079187612,703.6051073509628,750.4705446933178,734.8375462123325,725.8169243180432,672.2075888761499,428.6979801781972,455.8358619848887,654.3495243022095,624.1709575154956,363.75011385749366,413.8819668697536,422.84590950312366,408.01575103164146,170.14825090631234,476.17386108775935,-0.4257424415964461,-6.5969416001470575,710.3096435546875,679.1961375091036,749.892698943615,712.2005371162794,651.333951108025,706.8668719678753,-2.301948481363836,0.7757720357910902,-0.024403402611908074,18.211378163665984,8.647300763088786,11.128416389141323,-5.946620199415419,28.58812510616639,675.9963656338779,748.3073752663353,795.467752955904,735.1928226132936,550.0669477593665,152.52381598217445,66.91551185737957,362.3032067068692
833.9574974154638,756.1941814639351,865.8213987225727,841.8356544349298,423.71395625180975,467.4201488367149,907.1779990224684,783.5097047602877,687.8510619572231,649.6898549736524,845.3129754415372,678.2899672553652,890.8889136993251,608.7471945720163,645.6368981736216,492.38475109744013,764.2507538682477,698.9910026562966,816.8287634721661,834.7509373779296,441.61808199352686,358.30294240315754,878.5725311895814,901.7084425668868,576.1343241886319,734.4848669937679,427.76859631195913,342.0851009554333,853.0591784783129,785.8943051938658,909.8136446094263,894.3582458496094,842.7428027654098,822.9342580837674,730.2350700046705,718.1615817518119,616.6918969511461,614.6823914845785,435.7695071314062,418.95881035622585,546.0482713042712,601.4289121627808,691.3763669445401,754.555384161348,759.7303473066155,816.5869543956734,663.9392076957324,631.9133268503042,851.1739674691231,750.9877107629328,881.9728031821232,725.166102242062,715.5962606866264,573.0401469492444,531.9113165286782,479.78709265253156,836.1127826903762,823.0994935063301,898.5914756824337,811.3682556474411,902.953533988621,827.9137248406519,797.1282911643341,790.8197649496573,886.1479750675942,745.9674099270995,793.4916419998983,817.9301020180566,847.3587185805011,871.5825680896063,762.6486990988792,720.5278323439301,634.2093384069041,681.3938710926931,401.72970138770944,419.9981427259848,719.1296160338355,700.7588336358921,750.0975562562334,728.0737195696149,720.891251412388,667.628373952037,426.11834049542745,451.853647646904,648.0748565900693,621.4363481869385,358.0242223178639,413.1388958430032,416.74000058152404,404.98416242715643,162.96147523380986,464.81449617723626,-0.4053125609945575,-6.7538292373060225,698.839853922526,678.077970343121,743.7871964126825,708.2288987517896,643.8431705472844,708.3202569304002,-1.9905653189830206,0.7125634140128063,-0.07429093532996733,17.123568015667843,8.004865038608116,9.741540728367537,-5.101394169860416,23.526255130767822,671.4844415838069,744.0491099964489,791.491912022533,733.4368937045713,537.7553011202344,149.75845232762788,63.946268712029315,348.120492071941
832.0864101970632,755.9135693275567,862.3704453693985,838.0843555847724,426.474160731116,474.4394424302237,903.34616972581,778.959299202777,686.8943385591313,667.6213473648321,846.0124688497403,675.3573643411909,888.133518958378,605.3027248508051,650.1887214693857,496.8425496109662,759.6576389294665,701.4630907635357,817.3265307196256,835.3664976806641,450.95249303181964,353.9284210840861,876.2903122674851,900.7379812815833,589.8532644341753,741.3116238981813,432.13956694313174,350.37847672568427,853.3091419147995,787.98871572989,907.8009938317647,893.4929449462891,838.1389628264864,820.74107164171,729.0656446373981,718.595849829984,625.8894547785957,612.3317616780599,440.0126922811781,420.6258611125446,553.7921930531986,604.0700738430023,690.4982694141448,756.0542157792368,756.578991595085,813.6073607506111,665.5507371760597,631.486082980266,851.5874141600824,749.0721495591999,884.4861755567474,725.0996595724248,719.4936777080655,576.6076225018969,532.1431246354356,482.7000809074814,832.3060076443023,818.5364169519809,896.4865849991339,808.8847447533097,900.759490011464,822.6595627435975,796.431036964469,787.8511815875646,882.3921093727225,740.2992252619691,790.8862394429325,814.9145870845407,842.8040958574624,868.899848895837,766.0119448137713,724.7224267428038,637.615688078994,682.3047019000693,406.84840901692706,414.75143540073447,716.4288041161709,701.9277246245705,744.7601811835107,727.6082447596958,719.0065618420012,667.5484450179569,420.37227858861286,448.8918932088216,653.2577087015833,623.8535931854167,360.0947762882008,411.84222998085437,425.34111780518043,411.3063081409138,175.69466908917414,484.26879516899584,-0.3012552678205625,-5.716984568334833,708.7122741699219,680.7511007018009,745.0296293795109,708.6398681191837,652.8673764840337,707.5020339121737,-2.5806842667340164,0.8492199534067402,0.0511830466300013,19.26639855143024,9.831542674113303,12.605259786205997,-6.519877526495192,32.540838315206415,687.4863114790483,745.2322210138494,789.785883551476,736.6804969884172,555.0516289840726,157.74745430026138,70.97522732615471,371.0046335253222
834.6182389692826,756.091388634961,860.9557370651917,837.0098886409129,419.1221211987872,466.57530019112994,905.8169677194529,781.117691958813,680.0442920023081,650.661985156966,844.9581421022493,675.8813832388984,889.3588158687637,605.0315489730372,643.5742082690718,490.74459294113274,757.8872183849461,700.0089339069353,815.8885412106569,831.9846228027344,445.75095812479657,356.9827279408773,875.9234165560459,897.4885766771105,576.9211052899585,730.3095621905484,424.7612901761387,342.032483862506,852.3671890114838,785.920080189646,906.1987727608267,894.3854107666016,837.6531353966665,820.1799610731337,724.1514751931895,713.1923217773438,621.3627429575647,613.0747335928457,441.8318687251636,415.79256230190896,551.0890650514697,599.3046221733093,689.2475386593077,753.2001775949487,754.9342354798383,812.8410844412464,660.364575512153,630.1298258988173,851.4264138744724,750.5645154906857,881.4023464993313,721.4388163411162,715.2758755192094,569.6396880897821,530.9457183274875,477.12407233008776,834.0120757354703,820.7350140600292,899.8384597172748,810.5844417479427,900.8935287873642,822.540376558273,795.0087094083086,788.2680435180664,880.7972102378732,739.9334349946458,788.3721469300516,812.4381146172324,838.8820893111503,864.6305423968405,761.4018811062649,720.8153245019131,636.3363352084378,680.5583325670912,401.628764498061,415.8050691846391,713.9971229678295,700.1312243196479,747.9856203769116,729.9785232543945,720.9519199502879,666.0304668443638,426.3992990815639,450.69594945013523,649.0875296958218,617.7987264328533,358.7907263811897,410.949666319341,417.7761633483072,401.86257974283063,163.45515826428925,461.4036586691936,-0.45893942011268035,-7.2780838878281875,704.4971700032552,670.5216550665386,746.9176891297102,708.7401832994832,646.2993956844467,708.7583024950657,-2.0222808529291987,0.6776278742692536,-0.08883139209225355,16.88960988722278,7.7506738528454795,9.805868287218399,-5.389187494913737,23.48429914783029,704.068359375,743.9181019176136,793.3245276124685,736.1942538490779,537.1616033853269,147.71947416192606,62.61330461998781,351.3818209541255
834.7656318322264,756.3976808822516,861.8932788771766,839.0341514702812,422.0478900776353,467.18333219843254,902.0576762884779,780.0508422608071,685.0680850282007,651.5383869077339,848.4257941517403,677.1231920726716,890.6949537679629,609.8056263701636,646.6034292842618,493.6526598131686,766.2890922831133,702.4219678169073,815.6858148684447,835.6180367431641,443.2012717988756,357.6262530008952,873.1370283294722,899.4516338772244,574.9057134558393,730.5879806191712,431.4277973175049,343.6674559381273,855.2293141203106,788.5798819836275,905.873675969642,892.1689880371093,838.8307832620911,818.0529246690538,723.8753025220788,713.6005741716867,622.1479027029701,614.8984485202366,435.3722973625575,420.5263020911913,553.9363563412526,602.9372568130493,689.2472082603546,753.5464321335345,754.0020608928543,812.9228071246231,664.3600380873877,629.5964833189557,849.7900441231266,750.0271436783576,882.3684652124746,721.9179002888486,715.878577022809,573.1356629951327,530.310390738992,479.85174132954273,834.7168026576298,822.3905932478331,891.954567581737,808.4334465549318,900.368098993716,823.8341009485683,796.4308136537535,787.8577123100375,880.320581749304,740.4127088831376,786.2261829597227,811.0865152833857,842.5075291433152,863.9003633109246,764.9398594074421,724.2502184383204,637.7774539212568,684.4384033731568,405.60616777945256,420.1845930932273,717.5581384877689,699.4022116760001,751.0618130298371,732.1121422903879,723.9395085111888,667.3604384896175,422.3892750529448,449.37533922274906,650.0544380935803,621.4058877644036,359.3042796527638,411.02089630223355,422.23601911248016,406.15233175422776,171.21333825511854,472.2635454940796,-0.3454861884857834,-6.326805588251478,696.1253397623698,675.5187222755561,747.4924067258835,707.2165230108062,651.9587389706959,707.676562612389,-2.4067109736329018,0.7690885151982204,-0.008579343147484292,18.315973794680083,9.070312634004518,11.572616037329025,-5.984817955229017,29.37341901134042,678.6017622514205,743.8015214399858,792.4371112593068,737.246850701827,547.2405567449682,155.15692801538268,68.78191933848642,363.2444526244854
833.6618178742273,755.6999991843195,860.6830677935116,835.5869109507101,425.6621652381365,472.26066774981365,902.9116336110303,779.5971005800938,685.5139383783146,665.1188013436364,846.0565192369911,675.2806381861369,888.3094579523259,605.5775886267303,649.842634414559,494.51395559310913,762.5663948601456,704.9833023857041,818.8496633946211,835.3959478759766,447.03190745247736,351.56711457570395,873.5389107047738,900.1588582841176,585.4422117403041,738.1359544271951,429.05377182512655,349.15479520956677,855.744023089139,790.124205337336,903.9523121591002,895.4065216064453,835.8397242659229,820.4532039388021,724.6613634192425,718.0471404661615,626.9218347356183,613.6895241207546,439.3352314361504,420.3277747800734,551.8669991415055,604.6118378639221,690.3705672328434,755.2412952224225,752.8957274285532,811.6724664342333,665.5403253697167,629.307277576073,849.5353469971687,746.9164646210209,881.2902438876865,719.6976594761824,714.2945002718357,570.5883676304537,529.7646001774295,479.09635889705777,833.9668880767655,819.2799508803421,894.4016184466961,803.4674184635477,899.4920126740828,819.6809436279593,795.7157895061948,789.2387870662988,880.8407087753068,738.5443028544271,785.116508212786,810.8930062093722,842.7781111115862,867.2861415799811,764.1673747569591,723.3576343723985,638.8988870043273,682.911832206693,406.33341427125794,416.87117197815803,715.617527946097,700.9865295916672,749.2708844124003,732.0305012294224,722.1816015280069,667.4005886257024,421.9336316426595,449.8562614719073,651.5975060635201,621.3634624476673,362.14854489494775,412.7187981932602,423.8188189473003,407.2821408961328,175.12073584641124,474.46620750432214,-0.2611864536520443,-6.307326029963656,706.1841573079427,677.5780468956899,744.1904284954071,706.9818729383373,654.3519834270915,705.0745935352624,-2.5708756578035383,0.8001144532114267,0.0327965397343842,18.73704628547982,9.303172367915149,11.686457784954078,-6.310793015691969,27.788096480509815,683.1510509144176,741.70859375,791.0250602568556,735.2426949030237,552.5860330637763,155.13758731724923,69.67185625524232,368.0198492024993
836.6014986330954,754.036204251376,861.8211499099641,836.668928332894,422.7400217499844,465.8559580019542,906.1578356831478,781.2857558749585,683.8215386721553,648.3921337518535,845.9065438247309,675.0976655294024,890.4599986264473,604.9416659780842,645.9047932992527,492.34113124345726,761.9472139683945,697.9887349391696,819.3897781079756,833.1919061279297,445.6247175534566,355.07643540700275,875.845964990481,898.650886656746,573.266895084481,730.8198071888515,425.93709469368446,340.2134967578782,856.1686972852024,789.2469484682437,906.4178774375615,896.6576363118489,837.4632023956816,820.136185031467,723.2681691045346,712.135255009295,618.6441016512296,615.2836739575422,442.77841549260273,418.01452658506815,546.7160907182537,595.4822955131531,691.3967657448753,753.6317605475114,754.044650319559,812.2169293855366,662.5467896303854,631.0893754992452,848.6096829552804,745.5338835020568,879.0629436831676,719.5797424695381,715.3367302727806,567.9066958427429,531.1607536884756,477.6710600599329,836.6408338766108,817.9544018200702,896.3837216791272,805.0850368807509,900.3533287512738,821.8072415995366,794.2653572851,787.2569775679475,882.4186572743886,740.388715307842,785.4653643125898,810.8916496627022,844.3454631149389,869.0038529706924,760.7360593778593,720.8848399803287,636.1900904944183,682.0100188812652,403.6698504461758,418.4354508091027,717.1660240048268,699.707320343904,753.5355977809176,730.0938764299665,723.9983155334589,665.9223359737607,427.8651990691821,452.694313325882,648.875752491888,618.6288324971484,358.1719601575066,410.90678130332316,416.30711945480044,400.2519154778112,165.28938242714736,460.72826276153324,-0.4331601471597053,-7.063557381826027,703.1043131510417,671.5260133904926,748.417740792036,709.8308594992798,650.2542220507263,711.0400212154995,-2.0825478800550052,0.700207761168066,-0.06679760109387296,17.13285689259314,7.971959926790483,10.044740992727794,-5.438175049093035,23.667137096909915,695.7810668945312,748.0449152166193,796.3891785896865,738.5652653175064,540.7209361768237,149.19996279268935,62.523632256370604,354.3100143136649
836.1038978446051,753.6870456295784,863.4579234038182,838.4908425162038,426.42003176489544,468.7632141539029,904.035651460633,780.7369177083766,686.9824146737858,660.5239596151915,849.7468326847728,677.6236683527628,893.6384234289362,608.7616669308801,651.9657052737564,494.8750639084551,763.0141221719896,699.514709371269,817.727601325375,835.8026512451172,447.4191355705261,356.17589524587,876.7522922312198,901.1650950113932,579.5707443896389,733.898841551372,430.75962946559844,346.9438144233492,855.8778370551344,789.1848097812982,909.8339239806328,895.7512868245443,840.0538313267595,819.4245064290365,728.5228834069294,713.7471828230892,622.2966385895985,612.1375599613896,434.8209997883865,418.27631754285835,551.491861812404,601.674042224884,691.2015415562523,755.1771040640737,753.1606448712787,811.7190727546201,664.4430771977449,629.5165796263235,844.9538284547867,743.1425241557034,878.2355225316346,716.8598158431485,712.957009120907,568.130683038749,527.9036242360544,478.447115975394,835.3837607008735,816.6008822713392,887.1988821585801,801.8243107232099,904.8949843431556,823.7240232696039,796.799958657781,788.4179868030941,885.8357491564395,740.5360207160314,784.0655165174035,809.203842799753,841.4359229021012,866.0198155187112,766.8530426712723,724.8412773257396,640.7458386902415,683.3884756905692,405.5982816392097,417.5347339468943,717.1955279991275,701.3209400731004,752.9343131856715,732.2554016113281,720.9684930487155,664.5828268113057,419.8528148150444,448.10968835512796,648.9986321856798,618.6249219069341,362.5730277566349,411.3411815622653,423.14159115388367,405.91949026627606,172.96002683966265,474.2749971998235,-0.36530689856833004,-6.4497557200615105,693.2914469401042,676.1080407611395,744.4043381810188,705.6737201397235,649.9135652862433,706.0060343019537,-2.477762067756358,0.7944075613248127,0.015067003870128982,18.521164767175964,9.5115085552398,12.146179431999949,-6.3371682034598456,30.725491769173566,697.2518976384944,735.9853959517045,790.3290849724071,734.4893905060201,548.5335491358065,156.8537869976278,69.02683821772084,365.793972492218
834.4637512192394,754.4542790687445,862.1977787267297,836.6414510735359,424.6952215327773,469.08723782641545,905.6273735026874,781.212614252618,684.5999830596301,662.8745554392455,847.3151036704459,677.8214078267415,892.1225095850322,607.9892643125434,650.4869028134133,496.15515935746373,761.1996869995696,700.9122755551259,816.9521848013575,832.4280344238281,449.08711184395685,354.15561955769857,879.2411770070614,901.0547567700582,581.9439929742464,734.5700804008233,427.3765459903696,343.88315750492944,855.574652042029,788.7898814260224,909.7594631725722,897.1580047607422,835.1529081958836,819.6622109646268,726.9595403256624,714.5325173986963,623.2694309923618,611.8042108041269,440.1309924892017,417.51740525813585,550.743992789847,600.7537717819214,690.5319928744483,753.2492947691425,749.1348299860622,809.5579421729373,660.5554882159903,629.016165829205,843.7395929121202,742.3254592593464,875.0088665936444,715.5949501588311,712.0282164475309,568.248670129215,528.3935969093976,476.8889618403783,834.6685737534656,816.9448294175995,889.7181327111263,799.6979008955535,903.4861009149967,821.9010495182765,795.5955017994668,789.2032584045159,884.1859451407817,738.5539174420562,781.5562257981032,807.2179338988409,839.9321453799108,866.5930093164602,763.8564006358654,721.747103268983,637.1671995110468,680.7139891257018,403.2804096608922,416.6283676792199,713.717378710137,698.780708281331,747.8477211810173,728.8678229195731,720.1411562221717,665.3648584086592,422.2651497554779,449.12139979725083,647.9266620215866,619.5456328643353,358.28023687250476,410.8263346675501,419.3594625617067,402.3739893007335,168.20563628033108,466.3084239131212,-0.4396476972593788,-7.070432627389969,707.903721110026,678.8931967525159,742.0681501328945,708.2264993589928,648.7838986341583,705.8119063633869,-2.2216013964389276,0.7205757247904937,-0.05253711292079357,17.729354840685016,8.316611077656342,10.393884299650459,-5.3538253042432995,22.573271667256076,686.1795487837358,742.1279574307529,790.9511104302119,733.2009389370303,544.5476850060855,150.32941684022285,65.52157254291303,358.2152800395571
833.0482334195513,752.9330478148026,862.2598477067619,836.4575889117095,423.85335330076,466.6142215169966,902.9055578682226,779.7034833120792,687.0887460319364,648.5482337670248,843.9155425405114,676.5811791533515,892.161235953277,608.615908335095,651.0826425410029,494.22132311269604,765.1949507726878,697.6915993611282,816.5042631068906,833.5632556152344,444.57901594373914,358.727174949646,878.2363430314938,901.6659102666946,577.5504137907977,733.7565825116503,431.55325631410375,343.4472956260045,855.6906813135687,787.7287235966435,910.025403600978,896.0148384602865,838.1896416615632,817.8671950954861,723.8683052394701,714.1732475556523,618.8752555006927,616.6534937399405,439.61009013227056,420.04100720249534,547.0542782642802,599.0451736450195,688.0805870900078,749.4839138736093,747.2427741451847,806.9086742735745,657.8398087004985,626.8768877747592,842.2133115276214,741.5200252672794,874.6416949612141,715.5923969960309,710.9864944663283,565.9003186506384,527.1660940179181,477.5048796775493,835.4872732172921,816.433183118149,885.7201851747978,799.5680982901052,899.7688658606488,821.3887156371545,793.4588111970768,784.2916398931433,886.3455950608894,742.5592233885167,781.5465578614995,807.1321025073777,841.2956478823522,864.8240820110174,759.9519855052501,720.0113463479964,637.7638894177358,682.9866272236877,402.901862324148,420.55129897426553,716.2587763051517,698.094712759944,752.9805921189328,726.9517222813198,721.6550939567244,665.2372838999685,423.86684043248493,449.7075812784831,646.8511752628544,619.7585301172812,358.3062008128447,412.41001384611167,417.32022293362144,400.89252358554234,165.41902636140205,460.44203467504434,-0.3748797792014321,-7.031557200735124,697.5592447916666,672.5258747682733,744.6744130253792,709.1116553259112,645.5759558671607,706.729098415608,-2.110922972653689,0.7142118192381329,-0.05400942345516065,17.321996588868622,8.14609619485594,10.323014477725387,-5.4244029720624285,24.50504481091219,682.0731534090909,742.6784024325284,796.3463034405804,735.6232263106334,535.1451163198434,149.40141119664176,65.28298558972098,352.1605098329741
830.878594768934,753.8474496904046,861.9882242518004,834.1267215270564,429.5513671786286,475.71328454358235,903.2467213937185,777.8517273955649,687.9465610105165,669.1927322716009,844.190729963101,676.6222169179765,890.1496096131732,607.584056109552,654.836475917949,498.5686776315604,763.1875668566374,704.1046446486565,816.0579549270572,833.3263999023437,452.27533615960016,358.6585771560669,878.6995208872345,900.8955189538381,590.9084327757671,741.9577501527556,435.3003619072846,351.4645048048761,856.6751046090756,792.5762103798949,913.5649378819103,896.6135099283854,839.025861319849,821.4845564778645,731.0030435313349,718.2025686976422,625.2622685369416,612.240917276453,439.8127061384065,420.57694094859704,554.1002882660413,602.8101978302002,685.0300879951508,751.0880244105913,744.3045871490224,804.0878984774762,657.4430864901582,623.8691071880447,838.7539719673895,739.1421280900055,874.5956559150529,715.552725176936,711.595916825025,568.4451254489375,526.5144658914468,476.98614117404696,833.4077036795976,815.1614018855272,883.549563344045,796.0442542985054,898.1014893108866,821.0622244652807,796.7305596494529,789.4541192349093,886.3646638784836,741.6354550041585,782.8526767227087,806.1083629512655,837.2033681687276,862.2808387714197,766.609781969775,725.5337593829046,639.9591867989357,682.5302553383303,405.6030680338542,416.74146883252644,713.9166795073962,699.65574475047,752.1587043924535,733.9596056256976,720.2892440342812,664.2946640582375,419.2263083235423,448.9298795962334,649.0205748990769,621.67229022622,360.6296312556547,411.4914232316,422.2914424925111,405.9105055032385,170.37142391402293,469.1702346809705,-0.3984930720244948,-6.765439860287574,704.9821309407552,679.5673310877913,743.4516154527664,708.9137167606958,649.1538200487618,706.3313236399792,-2.320433206740027,0.773776841432684,-0.01662112009970555,18.100450350566415,8.998808969880379,11.318536277542295,-5.820042610168457,26.581876070183867,693.3758544921875,744.9702858664773,788.1704355534291,734.7353239421603,546.7725423738068,155.08312273443792,67.78672766866106,365.26896450437346
830.376318342711,753.3382403103992,860.6804410410551,833.652814252918,421.0769721984863,466.12883422204425,906.6589823484624,779.3903273416073,683.4022413565189,648.3532342793511,845.3351380262918,677.1031122771047,892.7550934125792,607.4569259751663,649.5467880816009,492.1400169060189,767.2495572194103,702.1101459427133,816.5681898328993,831.4355281982422,448.79170438978406,355.3861009597778,878.2615761584877,898.2508604867118,576.162415459518,730.1661366682786,425.8336539927109,338.782732533084,859.9394733500931,791.6091729811681,910.9677985884699,895.1050870768229,839.1139572919425,820.2363205295139,725.0796912151834,713.2577753641519,619.1053698703581,611.4160900115967,440.54838005134036,414.1056292887484,547.423644269099,596.215528011322,680.2420989047913,746.8077689075922,743.4469323490323,803.1835764388592,651.5016412537946,621.710141753817,840.4665990152666,739.2657308662392,872.9174699427385,715.1131742417932,711.1866915065611,565.0638488133749,525.621320160837,471.95455584939685,833.1426048654847,815.231925279454,886.2451252741639,797.7046901817394,896.8943311077616,820.7651618661232,796.4945885077893,790.0671976270008,884.7535519386405,738.8113304256469,780.8363151207399,804.0096711024787,838.3934953531642,864.9061837380763,759.2689129941099,720.2883737908035,635.1664112336045,679.9555928283955,401.737122024315,414.94025625309473,715.4717109555104,697.3646680903138,751.2848354907746,733.9189812796457,721.8639901113693,664.2254158841313,423.6867220608393,450.1955580488841,645.323937309366,616.8733909018586,355.53154740053066,409.4956558878241,415.9789444205041,398.2105398941807,161.66954171253494,454.22364644408225,-0.5002225416505502,-7.436562575722184,704.2480773925781,671.3927182989605,742.2040512263775,705.34235316488,645.0149227894899,705.9767579880787,-1.9853628024031518,0.6745511506753111,-0.09865469095216059,16.753771079689404,7.5175710902394846,9.363190717262876,-5.113591147793664,22.902595344711752,681.0955755060369,741.16083984375,791.0541441232566,732.0361600465412,532.530481413299,147.3744679553467,61.568280251414485,345.79721572070287
831.7908950521926,752.9012547972227,861.786497154644,835.7116774315853,426.0345534036326,469.6166456682341,902.9399688035529,777.8077448256472,689.4913902477342,656.9155449867249,847.3582384683252,677.295137081449,893.9475767812843,607.9120364727883,652.5201655715259,495.0391667865346,766.8421988283853,703.306043418935,815.6765242536407,834.5836610107422,447.91986269421045,359.0413143157959,876.7573655253709,900.1548323858352,580.9379919461555,736.7115100726977,435.1958537536431,347.1527083317439,856.4641972667766,790.0578655478395,910.8049760152661,894.0694539388021,841.581579176046,817.2127025010851,728.8107281228771,713.2949612169381,621.3747647323272,612.7214508056641,437.9408711024693,419.1987789525521,548.7512514708473,604.994194984436,680.7940400857774,747.5207355734296,745.4089688378124,805.1374983759652,657.2031160464957,624.0797612825473,838.7472148833737,741.4265993865005,875.6367897613014,716.9294390313822,710.3228676629174,570.2458525171467,525.136335525589,476.6222544217851,831.9905598902624,813.3164684601404,880.7576289578597,797.5961424736323,900.0712181555707,821.6159519454808,798.542964561999,789.8867797380613,887.7673703094027,739.5582412847868,780.1666333273555,804.9356346156899,837.1888466124321,861.8254757032869,767.5853917577246,725.3908216132493,637.8168935513278,681.9357030298803,405.9279130576313,417.24840771312444,715.27538449647,697.4857877992496,755.1960436232547,732.201042175293,722.6430848804927,662.8998932165006,420.35126604795454,447.04688114007314,647.8213473349416,619.1146034193628,360.7846424327177,410.15219662938307,423.00887586952496,403.2947834920542,169.82347081340723,466.62367464502654,-0.40500270774430613,-6.4149763508150786,695.6257893880208,674.9038660081767,743.828097909689,705.6608420669763,648.4383383221906,704.6130738083483,-2.3909197322010236,0.786720760387403,-0.007729754288439846,18.236888438289835,9.358415966707842,11.981968993922226,-6.0931238068474665,30.74862080111223,684.5076293945312,743.2523781516335,792.978484288158,735.1649054032338,545.3390411582648,155.42836020285623,68.98769088586171,363.6167185553189
833.5446412380359,755.0477023100613,862.8655280205072,834.7695467574781,422.1843148431113,468.018341924463,909.0942831779279,780.3789310309228,682.8734494228752,656.8155806103691,847.6456698285855,678.7831657561045,894.8251520749021,608.1327872691367,651.734931604186,494.82686135609157,761.4604056480372,701.3151787602624,818.1293080063158,833.0402701416016,450.33827394909326,354.07623958587646,879.7208705533291,901.3739638555618,580.7448860787597,736.1526743920294,427.5526577491128,343.7931619087855,857.1984994276514,790.1588966652199,910.6627011436802,897.5343438720703,837.6109241550251,820.2105339898003,727.6843887992527,713.0045699154037,624.0618645756255,612.6333634411848,435.7794490541731,416.8307662144136,551.0896496381916,604.5669226646423,682.14636392442,750.083988424726,743.3927701030933,804.8756190963655,655.7452507570755,624.1139179420221,841.2208215282809,742.1716145825875,875.1268887317319,715.7398463118244,712.3508787454512,566.790597373364,525.4372988589915,474.6196886786853,833.0267322786797,814.9786263381442,885.6565645971772,796.5385121672954,901.1298959217901,819.27205642836,797.674741616672,789.8128708811944,886.6299413994177,739.3198830838044,780.0860503035984,803.4236439875999,838.252522268113,865.1756526040767,764.5544836370794,721.9844660524462,636.0758507404852,682.8971236588119,403.9254024339759,417.496704316475,712.3533495293289,696.3110765639183,747.5055373171542,729.8025643484933,720.9826532049655,665.8117671406401,422.5414894421895,449.9681851768494,649.0677319967799,618.7127731457734,361.0982057122623,412.01582458303295,421.5138397561386,401.328652236402,168.6087205024319,466.38998297522465,-0.49450757089787795,-6.6963223808705505,701.1718119303385,673.8584268860898,738.7537845373154,704.5889746376831,647.767426951241,704.5094940901386,-2.350497382286305,0.7586756749354578,-0.025517928644261334,17.97663908805241,8.641117620582017,10.674171789574327,-5.708329459031423,24.196988666758816,686.0528675426136,733.5680819424716,788.621420841089,729.4910390346865,542.9525575731315,151.67828749564657,66.94299904686032,360.1862392425537
837.1063995068582,757.8198509601632,864.5718383154035,837.0396124808436,419.9543801950854,462.0925180635282,905.4819488557912,780.2235533986193,684.0695887974331,640.4020940671202,846.2009264317954,679.0532796587263,891.3371461701435,608.3177428737825,647.8711872788804,492.42031352040783,764.9064972592756,698.7917630521958,821.1711169714215,837.1473256835937,445.97094101376,360.2010140736898,879.0776782015186,901.1707990131681,571.6834463848494,728.5995860021193,429.41604829229703,341.8629611333211,854.1048919389833,788.2616455078125,909.9816594962373,893.9949491373698,841.1608965598931,819.8225424533421,724.5586354131284,710.1332555564053,616.4081036403841,614.6830510739927,440.88298753755436,416.264298130064,545.5460637827389,597.7552485466003,684.5002986022404,748.4627261410392,744.8500117618062,806.4214748806423,653.2851219019614,623.7184040963233,840.3245254039764,743.5486323385994,875.4549163661254,717.3674081747441,713.1035077219052,567.5045311404209,526.0674399287832,474.8804227498081,836.7367068036884,820.6109675097244,887.866294687819,801.1420010375261,903.7517385996942,825.4871505599192,798.3463046353892,790.0165555742052,888.2152395675431,741.5817578645948,782.2398175936066,803.80555737831,846.0082775043074,871.0153634930184,757.5229863347234,718.6011389435315,633.6009584479376,680.952300364837,398.0536764393682,417.8857871042171,710.4534454345703,692.0379636139296,750.8856772564827,727.7139031546457,720.5671371664581,664.433401931386,427.66223689397174,453.8389609479904,647.1814116482168,618.2839934104188,356.90237351585836,411.69268443093836,417.2748163348685,400.122926058019,162.64682568334587,454.86862537788846,-0.41319795552623906,-6.827156125817081,697.9369995117188,671.501965021683,740.5208078026772,704.0467178379249,642.7573321168014,704.3049401514105,-2.063074389726305,0.7046007896842504,-0.07129310058544945,17.104571963416777,8.019022096904056,10.022012723860474,-5.2908418907059565,24.773811305270474,685.0922407670455,739.660722212358,789.621680547727,731.7888172004797,533.0704388150982,148.5693402405371,64.24052288496134,348.17638390639735
836.0883398990563,757.7283234138681,862.1318548794451,834.1500841160695,429.5929240337638,473.5269504700388,903.5985154577127,777.8990026400952,688.2954506776771,668.1799902290594,846.9205310480381,678.5228111588766,891.148449395574,608.3488712875467,655.7855973599562,499.85306908534125,763.3130065773336,703.3421026400949,820.9327165157858,839.0472647705078,452.3904851277669,358.0282413482666,878.2735558271752,901.1345182146345,591.9714780477954,743.0007312690818,436.7111337145389,353.7449823617935,854.5050196377737,792.4540817449122,912.4372997534243,895.4220526123047,838.4555110608117,821.1375821940104,731.2026778511379,714.0119614198984,627.4554731058129,612.0235905117459,436.87429491962706,420.77432890509846,557.5116244456807,607.4658007621765,687.3132236874293,754.4634480770166,747.1232629845069,807.9081164800633,662.5852231309434,625.2079661642755,841.8290424223869,744.4548853485466,878.1514487051749,720.1461510406414,716.9507916737431,575.488622786952,527.4832078776393,477.8297363646487,836.6734321819861,819.0000022529038,887.5522496612747,799.618068949143,905.5685142450748,824.4725655027963,796.9650118577007,790.3090731695356,887.4304268111044,740.1471609577575,782.5193345112747,804.7577662196047,847.7037645570791,867.669690211175,768.2153917948405,726.5798014656442,638.2688833814149,680.7930666440493,404.96361154749775,415.6815333836515,708.3549418214892,694.1226378634758,747.356336228391,732.6323296683175,720.6809956269246,665.1523228868924,422.01126254399617,449.8926303080718,652.4644420829638,623.1852534761456,362.9810849245857,412.28330813246083,425.3986849060748,408.9759001633834,167.37235825187219,468.5879157914718,-0.4619061803769674,-6.683464224896744,697.8576049804688,678.0053286794889,742.671528428793,706.3613560016339,645.48931039502,703.0682441424624,-2.2901646396383417,0.7650829433704968,-0.020760794506889634,18.01597429604756,8.841942529405921,11.377825914328525,-5.902611646387312,27.451020601917715,691.9572642933239,742.1382978959517,785.1856881980128,731.7563534507268,545.4429578033148,154.06336018390823,67.64082452383909,362.3304951355375
838.5999606289014,758.5379883087043,862.9649234186596,835.0651803733818,422.2104188564212,465.8793623489993,907.9393915483714,781.2611829506083,682.6831753691848,649.2470425308728,847.0577710159425,680.3620701971508,893.1917226408603,607.4698105958792,648.2018101025577,493.78932195502534,765.7408021682811,703.5554701022531,822.9257806069093,836.1880203857422,448.1672447522481,354.4777467727661,882.0955301480204,900.0023589361282,583.9019243529954,734.7269539361472,428.53227392481176,342.866416838434,859.0404779686118,790.6879712516879,913.7420776046793,898.2533144124349,839.4276393308478,823.3501298014323,729.4084496539572,711.9353858304311,623.2393450631969,614.0082871472395,436.40489117588317,414.6741763286376,551.7722017882301,600.2061386108398,688.213448685313,752.9002636010048,747.9596571165207,809.064349882784,659.0854664912894,626.2459774784274,844.2794041018332,746.0543739984462,877.461504883441,719.776143457808,717.6260263759459,569.9413637273452,529.7425094057357,476.50226216623025,840.009066528454,821.7041924722769,895.6064894142728,804.6186302701259,903.8056681492018,825.71772264084,796.7341479292703,791.9216959682511,888.7937071501319,741.3210311049946,784.7651645338938,806.0832297069142,849.2084651874129,873.7459059235799,761.7090663738079,720.744794439097,636.5937085632884,681.4233559612588,403.75814929906875,418.98858664069377,709.9160485189469,695.1183129781509,751.5946200756316,733.2451640537807,722.6429169461188,666.1966528754208,426.15298992067574,451.2894112636646,650.8426212798131,619.2583097164561,358.54648067249974,412.386370879218,417.2613677000627,400.77642440511727,160.7639065154422,455.4645333911975,-0.5617670139697482,-7.651400916510725,704.4172119140625,676.4291299076403,738.4377627372742,707.1276539418492,640.7969604748806,705.5602742896978,-1.858487978433818,0.6429690099993928,-0.1310367087331297,16.45815025798469,7.325915939646323,9.004664970664507,-4.545010533597734,18.287212876712573,683.1837158203125,736.9494861949573,791.5432704439099,731.1361267476142,529.983159457936,144.3920687060607,60.58642452955246,341.25431111763265
837.3145980339546,759.3108064128895,864.6461230673773,839.4466040962009,430.8677809338237,471.66381487037455,903.99551701688,781.1379964966469,693.3259636917893,659.0476496864537,849.7603101652812,679.56445514134,892.7128996284707,609.7458950660007,656.1302567975438,498.85438389931954,770.5182153059973,703.9802891740767,821.1593596944407,837.8145769042969,450.28653891881305,360.31202596028646,882.4761517677472,902.5341422671363,586.063264367468,739.0233070863472,441.46716959568676,354.9704777664608,856.9035006829027,789.2824289580922,914.7346454129757,898.5888975016276,843.7917280035504,821.1785435655382,731.2485964567765,717.475626382483,623.2310536926539,615.1402661358869,442.7488997238023,420.5378081285105,550.5031635722175,599.8168177604675,690.9647772047255,751.8703974140764,750.9721237862675,809.5464437384354,664.2481748841026,629.0833597208236,844.6905267915419,748.5038813586808,882.2403048167971,723.5642301308317,719.950362663098,580.7537745868458,529.2561953764402,480.44844889796894,838.8804074273835,822.529557885947,890.7572727326956,808.492716745968,905.7522766644022,829.134241922002,796.7395580784626,791.9842190840608,890.2658783642214,744.3639242994077,787.3048873320055,809.012558590885,847.3218630651,873.246296582301,768.3077016607061,725.5921513917016,641.1643647360146,684.4001250824371,403.82475745159644,420.48908652721997,715.9114074707031,699.4339228586538,754.8196618912068,733.4765308925083,723.8200573537541,666.596823287603,425.2462148253123,450.9611115948359,652.7887002516424,624.6135997919389,363.36536597083597,412.5824613467881,424.7050181600886,409.5771899852764,169.81361419429405,473.168195361495,-0.39650068054834264,-6.315520878918694,702.8301961263021,673.2208438162077,746.2646301090717,706.701091421136,646.065727751977,704.8116514726489,-2.3628220984644845,0.7814883239153358,-0.0004489408056460991,18.421510834191576,9.084629802434966,12.219583598511313,-6.281457053290473,34.10331050788655,701.6146351207386,746.3307461825284,792.3357462018928,736.3919608200653,545.4148548724604,155.22161141613074,69.00794640815619,362.2506280931933
836.7617324780686,757.67762384511,866.4009168717864,838.5818790482335,428.6785142499347,473.4859872971262,910.7285936592181,783.824905643869,689.3864376593609,668.576494365442,847.2330115093448,677.5235292586069,894.5378395198344,608.5297754433474,653.2818240360241,495.6960314923421,765.1211129500402,703.8641198370544,820.2334045176306,833.9235627441407,451.31154992845325,358.68827838897704,885.2919025723896,904.1393882509262,595.4227241596002,746.5899008656596,435.7131123779887,351.34218366940814,855.320486392615,789.4601544415509,918.6666623413406,901.7123852539063,838.521624290337,823.0087055121528,737.6972794242528,720.0166254618082,626.8452902638439,611.8103668071606,438.72360815320695,418.36215529727576,551.3611977999327,602.1288590431213,690.9702384963869,755.0492184535022,751.6811484865491,810.730591534174,665.6092323271696,630.2884763846031,847.8909667568822,749.2459572620056,882.9117665333791,722.4342643459079,720.4828791511433,577.3801579101413,530.0923438694718,479.8505030653871,838.2395530274507,820.6060785419411,895.8919094901363,806.0915423061342,907.3726252016813,828.4129082670489,797.7759058774429,792.1006811754203,895.7603119807457,746.7674861340098,788.1509254134103,810.3829588432471,841.2514629971449,871.3591362547479,767.7263378796276,725.5115811707543,639.9928913641413,684.9062535669897,408.03903353041494,418.9346582117215,718.0078741605165,702.3729022647335,752.8535740629155,733.8596594674246,721.7498671798414,664.8990421334682,424.82270099163054,449.8393182150523,654.1160117388822,622.1509514296214,361.73851203918457,413.3105265207669,424.7861947532122,408.66570536527644,172.30576884644623,477.762234696572,-0.4236529831446037,-6.174911361508132,695.9966573079427,672.1003961078192,743.9491052627563,707.9858838767487,651.0406472100557,706.0396431856459,-2.425532802325554,0.7883558744219719,0.008155067001349749,18.593456334452224,8.890423176245173,11.242199060399466,-6.091735780239105,27.763281479203965,692.9327337091619,741.3481212269177,789.5544517568294,733.380457238306,554.0223328459497,154.8036555470082,68.87162421869509,366.07784139698947
838.2358161223681,757.4635567231612,868.5910488768225,842.8331906835872,425.55897435033046,467.7517560550145,913.1582964062183,786.687346275005,690.6510332555187,648.577211434724,847.1136133457587,680.1819477595981,892.9992745008518,609.2785894629444,649.6751075502652,493.95150735774644,763.7814069540015,696.9844097314879,821.916858950794,834.3785689697265,447.3355140686035,355.47061354319254,888.6621688688645,905.1585144769577,577.5232099263455,738.4470361942773,432.1364237748457,346.2475840383106,853.2960393653726,782.9858931929977,912.607116859416,898.6440887451172,840.4248958522991,823.9945277235244,732.3732647439708,717.0467610186842,618.8945582049533,615.1931773291694,437.5379391568048,412.54254760099263,546.6207903252273,595.5308909416199,688.1239290464492,752.0712705494668,751.9810940468876,811.6537072254204,661.0968910642891,629.0275441683256,848.4729562420999,750.7290427272271,882.4580703401505,724.5351988439348,719.4022686877058,577.3195685592352,531.2490843189335,478.69720606561964,837.215817939282,822.8799896414081,899.2838344223813,811.983188355394,907.1871891983695,832.7512395019285,796.0730457145504,791.3098348609705,896.0816107792641,751.6702617502335,792.411216956578,812.4258665315631,843.5496928221102,871.462698246234,764.6019445883261,723.1415377132228,636.8557110707694,683.7982572745451,401.78294438901156,420.3763799533038,717.1253068017178,699.7434598677386,748.1644326067985,725.4608928135464,718.6814580237728,663.1846179929228,423.006805211703,449.8170356655121,647.5056359967472,621.5972454753356,357.7853943712571,413.0114425029135,415.54594078815234,403.66218274568917,163.33590668775395,460.9623058690689,-0.42164988536111464,-6.867215920940521,699.8422424316407,675.0633327678098,736.8399864435196,705.2255951376522,645.5622474293274,707.1158740969333,-1.9846398376179615,0.6657772043491369,-0.07991670997400659,16.88154646722999,7.62787402014941,9.130777512112463,-4.64363831281662,20.19095303030575,676.0745683149858,734.6431363192471,788.9821945292838,733.0507883965215,531.347398627038,147.74828331930595,62.99235074357553,340.9652389699015
836.0104025983754,754.073931265359,865.7768145095154,840.137892687107,429.69296557847844,475.281694488866,908.0524820529388,781.7449280888984,691.3731272561209,670.2402148793956,849.0606222385313,677.563251307654,893.1231002807617,607.8331251255414,655.1930248642442,496.76434002561547,759.0078259147174,698.2611028791662,818.3490214146874,837.5028283691406,452.89636357625324,357.6391700108846,883.7713768809044,904.5335423303029,592.5472320137224,744.8665990829468,438.17970936601336,355.89290731814174,852.1882364524985,784.2276719081549,912.036411395536,896.7890384928386,838.1982117992336,820.8965460883246,734.2479577105978,718.3114068824125,627.0114794491672,613.055001506099,442.11009339562486,420.3550673537933,548.8998288013896,601.1952199935913,690.2670565256997,755.8646982202033,751.5606064544082,811.1829549332111,665.7542845828474,629.3155933977007,847.8396840372393,748.986823281235,884.5168961729936,726.7110924183482,719.4722219903373,581.3055429552115,528.8373188832725,479.97185480301977,834.1525048614201,816.7375276397776,893.7218597774629,807.3980235579313,908.9700400178328,830.1713182764146,797.2020200086296,790.5788910712724,894.4703171573468,746.7762127407376,788.2213339725237,811.5707467971823,847.6161378508161,870.2788534427875,769.8406424651275,726.2205598549765,639.4179133143994,682.557347813726,405.77210622593975,416.7223564470318,713.6062383182714,699.2892430728897,748.2466352746842,726.974873134068,716.8784004408737,662.3485968767444,422.03836499532065,447.9992401250203,652.5528971777088,623.772760012494,363.1312320260441,410.71669348224407,426.6112626943116,411.5484852236701,170.60338018384928,477.32344520022474,-0.5078833351264486,-6.574552471009299,697.2961669921875,670.1065979003906,745.141207575798,705.3555935130399,648.1324184899415,704.739191926196,-2.3822031177558913,0.7810591255694076,-0.02445427305081446,18.16922853934037,9.269209325516606,12.470423854281625,-6.592218101024628,33.70977031132754,683.0508811257102,744.7634288441051,787.8753926321964,733.1081058164186,547.0536037426369,156.04400801083497,68.49200913761601,364.5859734765414
836.9494893712728,757.2072951095273,865.4258689744294,839.6536274573717,425.3686947933463,467.2261862499373,911.3612266273856,784.5203724297057,683.7082636696952,657.481797953121,846.054097121324,679.3056561878749,893.3266739624443,607.6002005855081,649.212775591001,493.2946462157938,759.7583212106714,699.5863331132553,821.0408612247628,834.9367507324218,448.36042414771185,358.0151054382324,885.3458844689924,902.8242782713875,583.6192896378602,737.4685382843018,428.56303505871176,346.47572924693424,853.5317336028477,789.0953794879678,911.2890964618192,895.7428851318359,840.117928456452,822.4300415039063,729.5801818847656,713.8069255782897,623.9278672676254,612.9192764847367,437.14759848799025,419.42569473352324,553.0966369128618,604.7024941444397,690.1991305237725,755.5635241467805,754.0916342987656,814.8153203774614,663.4701535485008,630.1956989681804,848.9804427116148,748.8099187420261,881.3639532847754,724.3210472177932,717.5206842465251,576.5578574105805,531.3224101366201,480.34036462006515,836.7882344976051,820.4045892951804,898.2899046036904,808.7018747562315,906.8487494161855,827.7190778648969,796.0756208174819,791.2965954988582,892.6175114076528,748.5204994294994,790.7667644934708,814.7942592265377,846.9034743582367,873.6813590539753,764.2613351495417,722.0938782613786,634.5659896430619,680.5123371603169,403.32730168881625,418.28990947024926,712.949065036461,698.9570774695685,749.5809806661402,730.8406568254743,718.5911421355617,664.9397775010509,425.22894771258035,449.72432656606037,650.7062790101845,621.775766706195,361.8706050648409,413.4011315714151,420.10183289538446,404.6138464472433,166.5004744562012,470.55497105017304,-0.5072979202096404,-7.071730753672974,696.9420491536458,672.2158896236097,741.2853853851557,707.11063485124,646.9468176980852,706.58063707375,-2.1143604687631044,0.7202469711166082,-0.09332432720746081,17.40912798069517,8.054144236907998,10.092580726454084,-5.2711690002017555,22.879628034198987,677.0179498845881,738.6432228781961,789.3143333076631,731.0816520980642,541.3703837675207,149.4038925766945,64.06920568599845,358.2001684040859
832.1092994716964,756.3774500037684,862.5589274566324,839.8074459706645,429.26331890017485,470.67189710480824,904.2808164383546,782.6187038957312,693.753098332152,656.7426544681924,844.5675008510186,676.757185079181,892.0233327757637,608.8419965182238,653.9747879066277,497.43466341495514,767.5419911569894,699.5058028515788,817.0778038638762,834.379775024414,446.6663735177782,355.238843536377,879.4928802226013,899.9172104124038,580.1107284485981,735.6282556921572,437.9605113182279,352.24817925029333,854.5822385392099,787.5339183666088,903.4023280506684,890.7471323649089,837.3465728759766,816.7091501193577,727.094140625,715.1913555099303,624.3424876881066,617.6851373601843,441.4799115742956,420.2296986762951,550.9878700131276,600.8076219558716,692.3207844930981,755.8032840891472,755.3314497477497,814.4565150389197,667.9760426923264,632.9342218304014,847.3067127089347,746.4349817264814,882.1333199480172,724.0888485150558,718.1185796079079,581.2421685667599,534.617864371193,483.1814385272087,833.7266490723191,819.724954366684,891.428226067232,807.6576811482266,899.4557963230299,823.7061895475418,796.0788833045085,788.5431393281913,891.924117586506,746.8694114201445,789.5329834809464,814.1814299916359,846.2445237469522,871.4021510340232,764.637534785915,722.3166786569063,634.0055443999964,681.517393169981,401.6913359268852,417.9059626619581,714.6810369022558,697.1237519450208,749.9537691156914,726.9027099609375,724.6374429505447,667.6193013013398,425.1852379576365,451.70661583900454,653.9652229846837,625.6622274138762,360.5752041760613,414.2638277336148,423.58189649569493,408.4961058285012,166.845732407072,470.92126989493767,-0.4408103711096003,-6.601975197463448,705.06728515625,674.9549669168763,744.133889824152,708.1419767491958,649.6238317486591,709.1697991319857,-2.2600733882528927,0.7594944663414801,-0.03188751339793056,17.84462513048659,8.533777782951164,10.6799113248545,-5.381027128961351,27.10462586669361,675.9708917791194,743.0506503018466,794.3990255266228,739.5240729609623,543.6504569521137,151.73737905448988,66.20759240244374,353.9839409219808
830.3435548919714,753.8272722631392,862.2947311945676,836.1695627305375,427.9041053505831,473.7357089008604,906.4957180401249,781.1271005541213,687.7931101468145,668.5646837969296,843.3139843824433,675.6007297898095,893.2157259854404,607.7623970543566,652.7886775287229,497.78263847052904,761.7147423622167,700.4585308949416,814.1448347303602,832.5033645019531,450.796190155877,357.1582514444987,878.4961981174749,901.0360014779227,587.3601106973218,741.9835371185135,434.33230664585176,352.35921457078723,853.2563568691038,786.7346923074605,905.7405762359539,892.6031351725261,837.6104237184686,820.6948418511284,728.8881684676461,716.3673558982022,625.4533253808379,612.6307666213424,444.038846211774,419.43518312640964,547.5127723568776,599.9158086776733,693.7250197028357,756.7234481522257,754.0785335126361,814.197760152538,665.1959030766133,632.1266701129766,846.4316706934283,744.4934179223528,879.0839854158183,719.5234130527411,714.7275346661897,576.7769365030176,530.9357368691988,479.9268137280953,833.156333447025,818.5007054535328,889.052246851746,800.3409314406075,900.3842157778532,820.9832442045983,797.6843206539795,790.8145640259416,889.9131703732619,745.3395377585438,787.8647279492925,814.3876545551921,841.4511415518014,868.8384220692334,764.811311464052,724.7808323844534,636.0309907405748,681.9838115477459,406.30451854761094,416.119179739079,714.0479476178278,699.5097316884401,751.732414083278,730.4486062186105,721.9322253113962,666.8233299752625,424.1937107404073,449.18691377162935,654.6040974173777,623.8782465120553,361.973797641081,413.42650598050886,424.399250490979,408.23963369004633,168.13725072778018,473.82600972990195,-0.4623074249776201,-6.738226071090046,699.1646931966146,673.5533602439751,747.2811962664127,708.2014232997981,648.41140408886,705.9607297902003,-2.2821830336144653,0.7737315016281273,-0.03801213291317867,18.014749444050125,8.796245873140364,11.607673903650799,-6.119867636097802,29.194475023185504,680.7576349431819,745.4883911132813,791.0447367213717,732.571859239023,547.273110445808,153.03416756893458,66.29682795748566,366.11503995698075
833.7838626003603,753.8025811272438,863.5548121739228,837.6278680562973,423.0232844153116,464.05849339919433,908.0559714220573,782.6146886586129,685.11822782244,642.9048706273563,843.2611133606454,676.4466714904422,892.2671637036175,608.529311541845,646.7297941843668,492.2359509988695,761.2595343386392,694.8298618088529,815.2494472927517,830.2591645507813,446.0693713294135,359.52041384379066,880.0505528305516,902.3091046772306,573.3743792928326,730.05027281976,428.42488000669533,343.38551841841803,850.8923623426905,783.6090696735147,906.0786357088665,892.6634354654948,839.2762619277178,818.9651631673177,724.3916474715523,713.1974171098457,614.7579605841952,612.884268866645,437.4298945452486,416.825602418921,543.7471038318071,592.5764935016632,688.0974831278362,752.6561286528529,752.8245152975524,813.7178480360243,662.570985061078,630.3474550513954,847.0918019110156,745.9498948883102,876.5926903880547,719.0562245975318,713.240203412659,569.7957392580369,531.5419966975495,478.0411804584747,835.4154024489739,818.7523197241956,890.2429459486358,802.4641699388371,897.5394022800612,821.576649408896,796.7907486749351,788.4766379776315,889.6582311374038,746.4482140602684,789.1329295458419,812.7944031981997,838.7130641086845,869.9005816549227,759.6456426672033,719.7711360493645,634.1881846856634,681.3649745131984,400.85475247148156,418.0307314160844,715.9384652434802,698.0976181346846,750.2468456511801,726.4897896902902,720.6606340737178,666.5782996672951,424.0944526640574,452.4261390796304,649.1175769889933,620.930453629462,357.2371727999519,412.795359291217,414.77636717803153,399.8992166236416,160.64884138116332,457.8779259070754,-0.4648475151797929,-7.193195578053788,702.0905253092448,675.4237717450675,743.1088205426931,706.3314709210288,644.1617012616939,706.1438137628047,-1.9618440495718172,0.68616020846767,-0.0897291081955557,16.95909812507255,7.6501025334419905,9.294889134445018,-4.835042072667016,21.51892333872178,672.9163818359375,743.1353016246449,790.6982458741873,729.92606672456,528.2706567539889,147.74802549889213,63.01679526088816,345.58783830522464
831.7939963380168,753.3374430278335,861.5209539506438,837.1023164282282,427.3776988295622,470.8729651910918,901.43245874748,778.6715009811077,686.5100280703331,665.4331609147494,844.030651743819,674.3477343952845,890.9149557280499,607.1000798733128,651.8133687356218,495.4016774366275,755.4215258196067,696.6272578888953,812.405504833236,834.368003540039,452.2310349146525,353.44153900146483,876.0501664947466,901.820556398422,586.9837272204654,738.9468759599623,436.13433993850623,354.86019489500256,850.4372136098034,781.5804393627026,902.413402647484,891.1398215738932,837.0101582155389,817.6687925889757,726.1009033203125,716.0764884489129,624.71327579179,611.2231876938431,443.8811990831579,421.57482005594375,550.3997222400102,599.3240115642548,689.0766758975528,754.5449414366229,748.4317158351038,810.12176817063,663.6812205275228,627.0151319503784,844.4187102471628,745.8288460316196,878.3568458704415,719.7054482005252,712.9657304789454,573.6761992865918,526.1704996798856,476.31415668427456,832.5344819552536,816.0474048094065,880.6979646291383,799.4667150468808,899.880205078125,822.1454049699901,794.1737442774875,787.4666871592832,888.541198161111,744.6908375834926,783.5542382931442,809.7281049057241,840.6354504239027,865.0636893425199,767.8828602008991,723.962079782955,634.8968598252043,678.23591607164,403.0222384687783,415.48179755412355,711.57899312504,698.6701606972089,745.8516845703125,726.772581917899,716.8937258300197,664.1935765463344,417.68311144510903,448.85783505611124,651.9802236750262,622.9516878262205,361.38267786362593,412.0484805055474,423.8377397248211,406.8170004014605,167.20988337627608,469.67170442392427,-0.5020144895825069,-6.972342085070773,701.9178466796875,671.1095058635129,742.2458409070969,705.3029055530669,643.356113136573,700.2109708820986,-2.33298853697737,0.7799978061751635,-0.04080450025483903,18.08556921602264,9.025058801557375,11.777704771869736,-6.052516811423832,30.464609323398154,683.1276356090199,744.0144553444602,785.9516335301752,727.9072298460369,541.4323476623086,152.53881500661373,66.75560561454657,361.03321642711245
833.6794133777461,753.0525914587156,860.6977490709738,834.9901637320975,421.2679167902747,465.1692381245749,904.99458257215,778.3333069415803,676.9929118740315,655.1289932219709,842.9447495995498,675.2411309635828,892.7728685146744,606.554314066524,645.6332204899385,491.34733103759237,756.4796382217046,695.9264672745106,814.3817828532837,830.1028907470703,451.2396190431383,358.7167614618937,877.848352253351,898.9907402159675,582.8557204900612,735.9759608467857,426.44591709197556,344.7991776996189,851.3142606627266,785.5414859724633,906.2102838951772,894.1718328857422,833.9238863152973,818.2518244086372,723.6849237856658,714.4541302416698,623.8095578097036,609.9963301199454,440.451279144202,417.89882250939417,547.9693598512744,595.6427273750305,688.0701891051399,752.5010587864012,746.7089999844437,808.4334739105046,659.3486285012616,626.6127919433834,844.9406078677024,745.43820593434,875.5768326375169,716.775354471245,710.21211617303,564.9519634994806,527.1616817102974,475.7228136733784,835.0754702715336,817.5828774240282,886.0710469404513,800.0044691754998,898.18466573964,819.1056612687589,793.6885594300903,785.3184003359006,886.4769828568643,742.0188124931444,781.2037813015198,805.6762590846034,838.8564134828604,866.181035500205,762.6792762000282,721.3403636744765,632.8782617411482,679.325631145791,403.5598155588344,414.98067721514633,711.8033589847753,696.7714240996174,747.8982738738364,731.7392817905971,716.7583074313927,665.0279350254417,424.6155595866839,450.4293886123101,649.8555175193081,617.9359570949958,360.88128722695745,412.78328901077435,418.6457988002803,400.4926960735412,165.18898949509324,465.28460186926026,-0.4992387235127993,-7.140735066602647,699.6954854329427,669.8644967806541,745.0482978373766,708.517339128175,645.9461560113588,704.1821821592839,-2.1318549531171906,0.7425553634659283,-0.08489204231344538,17.619220590319518,8.496807807418673,10.726281666117394,-5.57779817448722,24.785499159027548,686.0175614790483,741.4415416370739,787.0429032088927,730.9027507154248,541.2131142148785,149.676579759832,65.58200557394461,360.8622725585411
834.537737795707,752.2657532234384,861.2103492564452,835.545562483875,421.37403743752213,462.1595775144441,899.3976781410939,777.0825961817072,683.3815777253132,638.8123025659655,844.7135361462105,675.9394582498642,890.5644300012605,607.6402609433964,647.9294214651952,491.1758781899294,762.0899127761335,693.4877730334716,815.243039887527,832.122031616211,446.8583880530463,358.2532682418823,878.648816371549,900.4035708715045,574.224653358859,728.0727611767066,433.45692542903333,346.90309184127386,850.1522441360186,780.8544800558208,902.998974256941,890.1657460530599,836.6244590888589,816.5243585883246,721.7700588060462,712.1790006706514,616.8050022881462,616.4439185813621,436.94766351154874,415.93486178323127,546.1160253305904,595.5413599014282,684.6647200679022,749.9526714668455,745.517537735963,808.1446384184542,658.6780744308282,625.790436091123,843.4106084623644,746.5106582305998,876.4375673389803,718.6806962178267,713.051544309197,570.6238174251481,528.7245938348093,475.60565655360244,835.6617931019176,818.3702579027524,884.3590738531323,801.8843171252095,898.3634641962466,821.6130840986677,794.7285340102076,783.5779169263172,886.5787053464064,740.7471918144025,780.1377905942081,804.1085599599528,842.376707477934,865.7996069133611,759.9909177900435,718.8922638814958,630.3230590820312,678.1983595018263,401.099768154863,418.9608652893926,710.9418485672747,694.6380879888891,746.3188840176197,723.0694950648716,718.0109113057455,663.5064260189046,421.95538663228353,449.69418495496114,647.1305071725719,618.6283458839936,355.9849457011503,411.4934760086803,416.33620899620774,399.53300575391614,159.48110735011312,452.1343647247553,-0.43208698543700547,-7.178520423358295,699.6553527832032,674.6564486228814,737.4772622734308,704.3698299287131,641.2810242335305,703.0839675283082,-1.9964844822718173,0.683424905359883,-0.0916167157456891,16.7349797899101,7.678232967763959,9.27402684919884,-4.721594565444523,21.868752178023843,675.9528753107244,737.0670332475142,789.7008544102612,731.3751326935201,530.8749840680291,147.6977301104027,62.40716849628723,346.0070925498831
832.2677286217316,754.368703940902,859.9607998624568,833.4051976051938,428.0053317846254,470.71969848445485,899.4016333859087,775.6583806950995,682.1714327578642,657.3066623328162,843.2816686862852,675.509982127992,890.4818439516358,606.543213233774,652.3700731844451,495.1293375687327,757.5760474905584,700.2822285902461,815.4840308295356,833.8582426757813,457.36289257473413,359.1494359970093,875.3202618575543,899.1961306617374,588.2769401011043,739.1929587269877,432.452711376696,354.09587826662596,853.5364116452774,785.7086511682581,905.8435822734683,892.7696655273437,833.489286131778,817.6584654405382,724.9182203209918,715.7755593908838,628.4019300149926,614.3074172691063,443.7780698452677,420.1957475326481,552.5999090476114,602.0768876075745,688.0644330599952,754.9510277119858,747.5164594942481,809.2784530907346,662.9177938256382,628.1133485590661,845.3436844056653,745.7429257229277,879.1092383189551,719.3945873220202,715.3672948407485,571.7207464143341,528.0455000137987,478.9141143574067,834.3808401051382,817.3508967028724,885.1678952655833,799.8458132931707,897.9703192934783,819.6017029586347,793.0736495960014,784.0232918743244,883.6850986765392,737.899031467216,778.5276419393132,803.9712714591842,842.7702616308904,867.5024169584664,763.4115017040356,720.6242640761078,633.4796626939686,678.049701773243,403.97052820178044,413.69150016677213,710.3737391487497,696.0569949328158,748.4842009848737,729.4094576154437,717.7469995871357,664.0571557145092,423.4487001991272,451.4276129523913,651.8308362196195,620.0829169686816,363.9112817427691,412.79633950326416,425.11363040454063,406.83717530908973,171.50126859315327,473.26613082878293,-0.4798126643953664,-6.448531425528516,702.1850321451823,673.2580462956832,746.2140900790691,706.8599000473367,649.2337079278689,702.6126011776166,-2.566358898682091,0.82925542788925,0.018603635279185744,18.842869187671127,9.5423998279934,12.618665545879017,-6.8047397004233465,35.64966718589558,689.0733420632102,747.1816495028409,787.5633280709286,728.5837784779222,551.2363940594244,155.93225183298713,69.37395988991766,371.4339360080916
830.2549227069372,754.2064768063901,858.8289571664563,832.0125130263576,419.878639895417,464.9698925614357,903.4557182299003,776.8414446924088,673.1572213610824,643.3887481239975,843.387649970326,675.4426627121275,892.5614664722266,605.5983813823717,645.8349997985422,488.66463331785747,761.050354573399,698.6010686424484,813.6940930830565,830.4449095458984,450.1890697479248,358.851264890035,874.9043768900641,895.014502752395,582.0057944452575,733.8961584699023,427.81662717049954,343.7239291667938,854.5519121997761,786.0347569595149,908.488307682548,893.4086682128906,833.538213438907,817.9466331651475,727.7750153914742,713.6097540797957,622.8146102165861,613.9804982785826,436.5946745915072,416.7911725776472,547.3503210349161,600.1755168437958,689.7708428700765,754.5325617858019,751.7894009985963,812.1116617660076,661.5350767738563,629.2897167172465,849.394695011262,748.8665464800124,878.1813005327105,719.9719634134045,714.3098575267022,569.3306905522066,529.7411436721233,477.27770514554555,834.6665039229628,818.2911894892653,889.6894100376649,802.2019506493831,896.3048671556555,818.214611963161,792.3801351541408,785.5985151377234,883.5597768185744,739.4154030728401,780.9807814158751,804.4528207049416,838.1876059854106,867.597218887582,759.3281579919764,717.8218186800597,633.6402123127508,682.0476633047128,404.24432660531306,414.7245421073806,711.9366488222216,695.6709421244894,751.761929126496,735.2997937883649,719.4363925393058,664.3533841338606,424.0752590852976,449.4573836572965,647.4275145795377,617.1471847815392,358.37036312327666,411.4003764197284,415.2436465267092,398.1333863857392,160.7875037474458,451.6868432720502,-0.4991092571850728,-7.493125990962598,696.53671875,671.8867803024033,740.2244526445866,707.7206379471861,641.8466806677159,703.4481006706256,-2.0030751564757483,0.6564784074070674,-0.10851692286309567,16.681187856028554,7.482906795703801,9.180974092189615,-4.945771343178219,20.63288633963641,681.3249622691761,741.0145763050426,791.9573675578073,733.04618391206,530.5771098417395,146.9848023726229,61.77780850097594,345.0737607807949
831.0455418105953,756.0679851096086,862.0545111938549,837.664263882485,422.8192344355029,463.9159078725747,900.9505463020474,778.0411423200242,683.7095137031711,643.6537968682461,845.7241093085064,675.5490719146198,892.0648775967685,607.8142445082607,651.2513955386717,492.62181840286064,768.454477888713,700.0386996348435,814.4749746505328,835.2072980957031,450.4223615328471,358.11584142049156,877.6925562078303,899.9532461015004,580.1901492772927,731.8516259159034,434.4153398624441,348.7625179688136,855.8304114431705,787.835407172309,910.0621046331611,894.2072381591797,837.3361450453936,816.4846979437934,725.3442226244056,715.8431392807558,625.9059495295722,617.3402332023338,440.21145409345627,420.1727524122942,548.4046168092822,597.0553612709045,690.9069223366087,754.6795959834238,754.4641189256419,814.2057168525562,666.3204832707555,629.1099698018361,849.0523813955245,749.8378061458162,880.6786913779712,721.8404868531754,714.8998306684964,574.3904043085435,529.9399304271379,479.3785678048766,836.4411628948767,820.507108045397,885.5357979018539,805.8771181392849,897.9523492697011,822.0175118863004,795.0460326576816,786.081937656481,887.4307598854178,741.8661407352417,783.7098402098324,807.7445627512288,841.5644467590721,867.7324611600592,762.3812971372862,720.8607443512464,637.5602575179634,683.4788328228575,403.55437546882075,420.0025733625385,713.9171438998864,696.4336595970566,753.1762812188331,731.4259741646903,723.5336233628664,666.1843251731678,422.34002966562906,449.6058186022441,648.4712258460763,619.2988162971856,362.974365122178,413.5238587830471,420.266002675208,402.52561472397167,171.21880667550403,468.4233145732681,-0.42355905042172204,-6.4680313354843415,698.6550211588542,674.8398168531514,740.5761273801327,704.381574915545,648.8712099951339,702.6723430770243,-2.5079188019827647,0.794137531960452,0.010424109165157123,18.376695942751912,9.65588615880617,11.862666268092555,-6.080254137516022,29.889352290069354,693.6896084872159,740.6913263494318,787.735496777016,734.4036509839794,544.9311663309733,155.42754062539652,69.60548258188999,360.1877620384611
829.7134591939176,755.23732693388,860.5391050286582,834.3606762783936,428.6530157311018,471.2725316860846,902.4337968159616,778.2129961590057,679.6333219859065,662.9009383701888,845.291464890891,676.1037538641975,893.0945783716533,608.1556441853886,652.2962327691453,493.4606805150917,764.4782476379974,706.2435691744782,815.8446221479511,834.3890026855469,452.86995750003393,358.91872730255125,877.6134712252266,898.925785851857,590.8941964903427,742.784537933685,433.2971289592553,352.67434283097583,859.3688904384397,791.3725277747637,911.1536754698266,897.5949672444661,835.4764699127714,820.8607081434462,729.6808392068614,716.5210872788027,629.1986703074451,614.8672647122984,442.5923284973417,421.3849621694186,553.9764106625416,603.1305150985718,691.9065106425967,755.9205849091588,753.9312205779519,814.5333794487847,666.6652543525065,630.9415067708367,849.268528075372,749.5676026833721,880.4318387143247,720.5122019002135,716.2301326118777,574.7331592054928,530.3184435702133,479.4552373527115,836.1709238075348,818.3952219769773,887.8066621207779,802.4994692364061,899.5631077509341,820.379571241854,795.9774534301291,789.0230856491214,886.7195693628112,740.757364763462,782.7059233258279,806.863332846566,842.2548858739768,867.0925647040099,765.7672758360167,722.1247965077885,636.0514813344413,683.5849814146628,406.86719590339106,415.2858085095043,714.3633980672868,698.287443295554,756.609097095246,738.5093994140625,724.5213530602583,668.2573466037518,422.3351400947571,450.37257208824155,650.7514507898675,620.7189936545047,365.56710763819075,411.83442702104037,424.8155615555588,407.4633318353822,169.9456063653552,471.5423686242538,-0.39620567911091104,-6.383422145076561,704.6369934082031,673.2087066133143,745.0385128557682,704.4918615764083,649.9530669738925,701.2141327165012,-2.578907168352376,0.8300540417708733,0.02243847494015079,18.592977891582997,9.12623171034706,11.698495413964084,-6.792231407430437,33.531047011122986,682.1995294744319,746.1315363103694,789.9744834131842,730.7364619774155,549.0699229707905,154.10122485850988,69.50743189363769,364.96750730070573
834.7605732193804,758.8522987197144,865.1138429040716,837.5462329957589,420.5929963755053,462.8587704641478,909.5378043425967,781.9993310794424,677.4772164870282,643.2396625808028,845.0904844950854,675.6612808204833,894.7131920188001,607.4801157083106,645.2359175943024,488.6320435190319,766.2190835961799,706.1128688888297,821.4293023471174,834.6812939453125,451.8171292940776,361.88095842997234,883.7507082015749,899.1629243880983,581.7084316333551,736.6342928121378,427.6941958738295,343.58369767665863,857.9786718116617,789.5133456006462,912.3811264238333,895.3217952473958,839.1106391518803,821.7833439127604,729.0816809612771,715.5650370034826,624.1500440421083,615.2323610517714,438.9316814456667,416.3011416495963,545.4860214483542,602.1317167282104,693.1895131232246,755.4334444525117,756.3224726174867,815.7530912878917,664.6588573928707,631.4971300471913,849.3081753023209,749.1424426361262,878.7505495127871,718.8862660744301,714.3233056859585,569.9726509486927,531.2354117951638,479.7206130894038,840.0669656609392,823.0871351247101,892.2214536852249,805.4890137434453,899.4443839164402,824.0044640939212,797.0950567846269,789.085051556183,889.3939195319788,742.9329691922018,786.8429151385018,809.4528990627496,842.9156466927498,871.7795300562738,761.8766517295494,719.2549898116315,635.7826080322266,682.9611003925274,405.30206807454425,416.90873804226726,716.1443311347336,699.9847193041284,754.9797142515791,738.524038042341,727.1896514965657,670.151375077706,430.9299444892009,455.52245293458304,650.4076067869884,619.3916397912097,362.33525937024285,415.70543787432064,417.2016680270123,400.0646593135929,165.51593193344152,460.26279027617227,-0.48221103329086434,-7.044986724928471,694.0907531738281,667.8215549275027,744.8836842477322,709.8312653243811,645.7973661624445,704.1680886051765,-2.1761723176838896,0.7202107182738405,-0.06851335643984252,17.477002501293672,8.11166847740428,9.94637037935211,-5.571459021833208,23.200270295143127,690.2587169300426,744.2853926225142,792.0397263085282,728.6828982196276,538.3195055793313,148.93151011801604,64.89601942084052,355.34342581650304
833.8128173089506,756.368431336952,863.1648420953013,838.5611005608304,429.98446343887684,469.25836824093545,905.3892543187836,780.2142266017833,690.0683718798111,653.7702381083222,849.1816599776105,677.4790985743205,893.7398550907089,608.3779730857403,656.2151444325992,496.2905694474062,770.926811380974,705.8273310106854,818.0180496858911,835.8744764404297,448.8991465038723,361.5011591593424,880.6659964909629,901.7833210778615,586.4547131173898,743.0734494859046,443.3240830331876,358.0923497279485,859.136735376322,790.4852602358218,910.6499981417118,895.4159014892579,840.273256204896,818.9954692925347,729.3012185801631,716.1946367011013,623.1007384581712,616.1667601267496,439.82232598747527,422.3876873771573,547.832239119733,601.8299472332001,694.6804563412591,755.0135473820835,755.2767381588396,814.8413193016721,670.1075128602588,632.5810656389157,847.7346984586408,748.4090388412,881.5871397629668,722.0945965665687,718.3832738303283,581.8384644657958,531.0199789791294,482.368522341386,838.1818874062478,820.2958670650368,884.1456698835797,803.8100013708308,901.798569866678,825.6654895486183,798.6285799708935,789.5549027399761,889.8911777894888,744.2211024619504,787.7774458831616,808.8598401755385,842.1564386938787,864.1648407825448,768.8333944372229,726.7920320229452,640.4906710003494,684.5176251564191,406.7563589344854,420.80479732029875,719.9393009123255,703.6951450965216,759.7279766975565,736.9491435459682,730.4829344402328,672.1648331221954,425.5197311846415,453.8790340836843,653.9749919034311,626.0398313885967,364.0768596200382,416.90983102984376,425.0854753080445,409.86134562731075,170.1594814340282,469.6672599208231,-0.3521964422063859,-6.338796593799767,704.6986999511719,684.7432825120829,746.603319555521,710.5137831744025,651.1683080712044,706.4352641478728,-2.528653308796684,0.8069700942685206,0.017059919360702665,18.618230053586426,9.4724596170852,11.62728463003089,-6.199202153417799,32.17876324934118,692.3424960049716,746.2067982066761,794.4730929176279,738.1655524531498,546.8924647312539,157.2294457617559,71.0929264028867,365.14948016405106
834.9318270137206,756.1435227345938,865.5493369448341,837.8028940285344,426.9614998262982,468.9262182520969,912.7941573826756,782.722402222816,681.0550187266603,655.5757452855345,849.2885030110677,677.9196852002825,895.5382559696152,607.932419470206,649.3218158323374,492.47182890795006,764.7832726935075,705.8949593198656,822.6963319741903,836.0481987304687,451.1927180290222,355.9144942601522,883.4348395101264,902.0026347447955,585.825182929713,741.873308139843,429.89243644377143,348.2405542929967,859.4432429187702,791.8967731240355,913.5594476013985,899.0526059977213,839.5535739963337,822.3510064019097,732.7304907757303,722.6587458231363,625.9147229299672,615.0408938372576,440.320458650589,419.81242773193543,548.3574066162109,599.8836147785187,692.0191143278091,755.6209145134659,753.0882766426108,811.6033482244837,665.8646002840404,630.4219241592434,847.3508339543497,745.3997074557889,879.7726961820742,718.6881101716692,717.353865131669,572.0681337281769,531.8706794458427,479.8673569582488,837.324692357409,817.311934127024,889.9386981609831,800.7644950933545,904.4505671492867,826.0985914449476,798.0064824509693,791.1752798370864,890.9946142737546,743.3192867299913,787.110835549001,809.7079428406187,842.768652703352,869.6367106569406,768.5556613819019,724.2874155513575,641.6907126050477,686.7329734372886,408.405572200167,419.6431555949466,720.7056843491852,704.0204447512805,752.3433500249336,735.5762939453125,724.3318449181158,670.8533785474893,422.00793704350787,453.83908980210623,654.2693493091062,624.176319374488,366.8756711511051,416.8045833876847,424.64727619094384,408.61249287520604,170.7319616774992,473.30820762435593,-0.42738785806351287,-6.477344404167723,705.6011271158854,674.5617205086401,746.8991741836071,711.0046775092906,653.959352846364,708.0875343407862,-2.4659147644928643,0.7919011333715861,-0.008541790080509211,18.40712420986451,9.045982964478116,11.265499616861067,-6.2166533139016895,28.67709668594248,680.5069358132102,747.8670343572443,793.279275778956,738.1690660307679,547.4601877062928,153.90509797292844,68.7722732406674,366.9487463770242
834.9859293002587,754.7921377567932,866.2555933803781,839.3178973687122,423.2975159755973,464.80428183930263,911.8836321940507,783.6045926986857,686.218717594536,644.7560125022638,848.1220250323536,675.869962504175,893.7027731448871,608.5261888689087,649.6407156607405,490.9520191962902,766.7724047972692,698.7443861406903,822.1780909980394,837.4772976074219,446.081217235989,358.5923081080119,883.8737181736449,901.9673567272368,576.384496544044,733.920700598549,432.50691699454796,348.7493319246504,856.1423397424086,786.4255535361208,910.8434525136872,896.4397285970052,842.752621537548,820.5421872287326,731.2322966202446,716.7660198901073,621.5912910495035,618.2042052657516,445.7671433006014,419.5260325210371,546.5185321745325,600.9324316978455,689.5274415394616,752.172611471601,749.4688884873244,809.5914784035488,662.6057781345588,629.4148417386142,844.8437434904037,744.8297066371287,879.0879874407401,720.9948419555571,715.6362301437309,573.207547786189,531.3747799854931,480.1694221313183,837.4072773025697,816.3761150115342,892.2129207594605,803.112897561594,905.1314384128736,828.9097779807921,797.1863729990222,789.2054344538308,891.833552004686,745.7349989378598,788.6325781704335,810.4280650227723,846.7162195679489,870.055485846588,763.0734206878387,721.0560549126296,637.0626836654243,685.2880515887108,402.26279504748356,421.7617219736878,721.3935242949939,702.6972164929655,752.6677895403923,730.9883150373187,725.7079772437669,670.0356211770963,427.82944756825765,455.1579135338465,652.0934334649913,623.1190140041305,364.4520044438979,417.27175427171727,421.2052003001251,405.13469056861476,164.83652378702521,460.72865857869385,-0.37542718635113154,-6.939399835974038,705.4660888671875,679.0313337940281,748.0533960163593,711.4983008889591,649.719254956294,710.5003237316253,-2.2120162168939355,0.7357273137300379,-0.0508303423720841,17.36132004005984,8.430820409543989,10.28037584535571,-5.790009041627248,27.656461407156552,693.6213489879261,742.7864490855824,793.8029117456218,736.1431996792178,536.2045492658428,151.0481950452453,65.67291437134598,355.1234879020987
833.8341990916197,754.0607673122425,864.2597251374997,837.7407914157883,431.2219960146172,473.8623534015247,908.7891803035752,781.8447824762222,684.8232404747788,665.2449380061665,848.5553253918159,675.9736750254556,894.7567760801234,607.6789311127142,651.69893048889,494.05361847842005,761.4700550151662,701.6376402528579,819.9909308422571,836.8873778076172,452.3979597621494,359.93028322855633,882.141480681184,901.727292984251,589.0664249739722,744.5263691577283,433.784177187398,353.2931909826067,857.0830041417536,791.1395718798225,912.7732696132709,896.6812740071615,839.8121613324698,820.8965388997395,735.3390513544497,720.8007511001035,630.347616120057,617.5088795555962,442.2865126303264,425.74304068668954,556.904571032915,609.7066712379456,690.8854548685134,756.4013871468638,750.0280085592881,809.5792913604201,668.4289971422558,633.364655209588,846.0057326378361,746.9667350745971,881.4975128370208,722.5446821526742,716.0101716293882,574.7753624635584,533.7342175908029,483.9244322121241,835.1883017298687,813.6432363114975,891.451490814176,801.157560357457,905.6703325619904,825.7311323962165,797.9205298234199,790.5571014419995,891.7878883134073,743.7610627009271,786.1907156054893,808.7053443394052,843.9904237492069,868.1601543953406,771.0390804393871,726.9546628858222,640.9970420347441,685.8303986256257,407.79064101067144,418.4505116637324,721.4349846761735,704.1572612588336,754.2683728806516,737.0722514561245,720.6941834738428,668.655029966851,424.22912717819213,452.4535159989198,654.4658931513715,624.2396975661728,370.45402648028204,418.37676721703707,427.0740781375207,410.82468309050097,174.10703416551655,476.37449474886057,-0.3693062113673444,-6.320427371177755,702.729561360677,684.7513986361229,752.8714166879654,713.8398606140689,657.1806511163105,709.3379904712325,-2.5384511542644375,0.8172836514534774,0.009481977147630317,18.781615609904215,9.687177407327969,12.239422270992485,-6.687116940816243,29.916752257767847,700.4884255149148,752.4146073774858,795.1193921389996,740.975656823267,550.2625913526498,156.2205443183581,69.88817394140995,373.0761958751185
833.8897502858636,753.1744161928543,863.2688370748876,837.6278554680813,423.4131215250769,463.9384424175535,911.9586585322102,783.8653424157487,684.3419873568477,644.7302474193885,849.5050068676957,677.5997852158924,895.9925797398666,608.8228692105304,647.0837808011183,490.0095208417393,765.3515868073956,698.9305341663551,820.0058788431102,833.3731844482422,446.66282341215344,358.4634847640991,879.4636130064597,898.9004798768059,574.8273553199169,731.4581810039479,429.4306822613458,345.3581519391802,856.7914307072477,786.1544447910638,909.3367554672121,896.4333803304037,838.971962363033,820.2666754828559,727.7427819293479,714.6327448465738,621.8447023635393,615.5116512863724,442.0149537069457,418.6443459309554,546.9905195392546,596.0588035583496,690.2630498636337,754.3007018464436,751.4089301011024,810.1085869861625,665.654708196309,632.3547203390748,846.8814880663349,746.3716711110034,880.0850443600688,721.76256566844,714.3863528469752,569.1282642214906,534.1869509238121,479.4251526081523,834.8008217618343,814.5413208573505,895.0934413071585,804.1502788965965,904.228402736498,825.8071667924282,796.8938072551646,787.7974554697672,889.5476199477466,743.4007990615928,786.7647505706616,809.4279773086103,842.9786198124004,867.8120774748576,763.2552250355213,722.8561994208665,637.1362660259282,683.7852820194129,403.9098358154297,419.2093505859375,718.9431307433082,700.6799280950142,750.1182497714428,728.732555934361,722.8964380505441,667.5262279084868,423.4079205592473,451.7245779101054,649.869092408571,620.2706198450054,360.61032012490665,414.1790144598441,418.6707839786092,401.68215279783766,160.92705042859902,455.71893853823343,-0.45542349614616895,-7.353226246893166,704.3674438476562,679.5467989646783,744.6814953535795,709.6111730342537,648.1366083605295,710.3273676473528,-2.014748660135267,0.6778057820094681,-0.10159682641799948,16.791781077275456,7.669065175104612,9.333774828781394,-4.920572267638312,22.26260153686299,692.7179620916194,741.9362948330966,797.7046377706848,738.4879894015155,530.2346495834051,148.002666303986,63.43746381727132,349.01327027534614
832.745712649583,753.9304299763959,863.2791567064211,837.9461013323282,427.79022851988327,469.6171504557133,905.8516265514663,779.8110733287892,685.6461270670502,658.2450274717612,848.6290852616473,675.4528387682778,893.1528732927953,606.7227459803283,652.5243896014655,493.9571218360447,759.5307659131091,697.0372854087044,817.0042927475267,836.0148996582031,454.02245394388837,355.3251606623332,877.3976896652067,901.2817485748775,579.2675786043337,735.4685336731293,432.0393981933594,351.26753028233844,856.4605486887806,787.5224262755594,910.3352978323388,897.4863525390625,838.4246491254386,819.382766655816,728.5054759149966,717.6243506741811,626.9807237129379,613.5606081220839,446.2590953877994,422.2618667641829,548.207926265529,598.3732552528381,692.9583794578673,755.9342341852414,750.5701804254048,810.7138641535887,670.3320278057382,633.4943957353805,845.8758137241487,745.51681371728,880.6048811982497,720.7131070289573,717.0699856479072,573.4834916170905,532.1378321704814,481.348228527169,832.7965577910006,812.9386341538694,890.3014005656892,801.5396258694593,902.5508234969429,823.3678139868678,796.6545695850244,787.0235474119461,885.3382595119192,739.9838241414968,783.0666661519683,809.1519009480058,843.9295928371939,868.0480296098066,769.2686757955465,725.1109649157914,636.827119039833,682.9972333371381,406.707270304362,416.16993992765185,713.5495627981718,699.2208569791802,748.0331472843251,725.9456340244839,720.0890420204835,665.5785850372104,418.9185728581746,450.6390618133545,651.1117574733785,621.6924925022541,365.8270741406609,414.971606140963,426.1753428677718,407.5817956480423,168.541096389687,468.4036628820499,-0.3793121449578191,-6.610467489827537,706.1579264322917,676.3620450294624,748.1335656344891,708.9126793011282,651.4310160623555,706.6209849926545,-2.500335602191626,0.8080772311185245,0.005781847970967974,18.393272724681967,9.010945123201015,11.443957590736494,-6.693659649954902,33.35931630695568,686.6394264914773,748.7144497958096,792.9010253496618,736.4364092863059,541.0754020821814,154.54327428340912,67.77709789348371,363.14020923704936
832.7629269551499,753.5906473301878,859.5720807051687,834.9354883900202,421.68350961818254,461.7025199191911,905.3234831085596,779.2424107758542,677.1291430142461,644.1060189614531,847.0180051850109,676.7636466389611,892.9390561347556,605.9525941202515,644.7868168674298,488.243387676646,759.9337405344886,695.7567501891887,812.9778636479286,829.4754774169921,448.9387861887614,358.0823682149251,873.883240582795,895.6530668470594,575.2660729473174,731.6530941554478,424.5775581591696,341.8923366467158,857.7185245010088,788.1661309136284,907.8686976795747,894.767040201823,835.9096598221084,818.9690242513021,727.7678416376529,715.5358695524285,623.7506446334233,614.5860332912869,441.13066632194176,419.41484164700523,548.8923897665055,600.8275904655457,692.8488919470045,755.4449795908273,752.772703941154,813.2114949365805,666.2573853681895,632.3661327628822,847.9104048175196,745.5248251233982,877.6874511404541,717.0246582549343,713.7670534416164,565.2717215313631,533.2855203785863,479.4196117626665,833.6869313635935,814.9179250437904,892.2465127546895,801.2339670206323,899.2715349545687,820.7345969113717,794.3265144861438,787.0037063316063,885.3529967692361,741.7836541746784,783.7770955439364,808.8561019393433,843.2649528843582,868.7258577294112,765.0669813413878,722.6219596862793,635.2210347586815,682.3130950267181,403.68758182249206,414.7832559934804,712.4477534059619,696.8561127848645,749.9456059881982,731.6651742117746,721.7844030299863,667.0387076546969,425.55785790443423,454.57523840904236,649.1156486830522,618.9882860724856,359.40920743381275,414.66904611621953,419.3069221849243,400.815520657686,161.73757415242866,455.76710655728976,-0.5323823486967875,-7.523150878592996,701.6559041341146,674.9348242808196,745.3607364594936,712.7261588670549,646.540304413089,708.1199211747838,-1.972082384528987,0.6755952606042329,-0.11732727291933627,16.63602980345521,7.789656646912741,9.747960941798445,-5.1387883093622,21.774705164572772,700.3489213423295,742.0805197975852,794.7939217586645,735.7445068359375,531.7094086665733,147.7352525163115,61.38489653632948,350.73392341054716
837.43276410739,757.0627913450954,866.0606353070308,840.9467116732046,423.386353142317,469.40031293034554,906.1019486145188,781.0129390148406,683.6625022304302,656.4243515202256,852.5420310788038,677.7762260815454,897.3963629590095,608.5477652404956,651.6290779967807,495.3293233321559,766.2413222145695,701.5596570239907,818.433700970763,837.0796452636719,452.3829888767666,357.6687775929769,881.6287422345314,906.139051770407,582.4306452786111,738.7440517656096,431.7268877646047,349.9774607155058,860.8415331570608,791.658376434703,915.1945584514948,899.1806654866537,842.4688409061755,820.9996655273437,728.6925648564878,718.2020723273955,625.7577280725152,614.9494432519983,439.62323685629025,420.8873608960641,549.9410590500128,602.3389060497284,693.8715349227663,757.9472392294645,755.2366358935003,814.9650261416073,669.0713358004231,630.949609683527,848.934253175797,747.5401705856547,878.6010907540143,718.6727165086888,713.5011781405975,568.3671521673016,529.310366958962,477.68098797228447,837.8888739160744,817.5045672279817,889.5084933616688,803.322671918887,902.0625257939878,824.4267051628879,797.7392634937158,790.0050527392101,887.9075333894189,743.4387283598576,786.8901633434082,810.954435597872,849.3992065138118,871.6420358900207,771.094393137339,727.1977122572602,638.9056490276931,683.9904756091889,406.44701816724694,418.7735928817534,712.6654710613313,697.8065356495964,756.4943198346077,728.5307878766741,724.573489865124,668.2346080258407,418.25213777542115,450.73061213652295,651.0218009133696,620.9126260595331,365.4034382090849,413.5595518518441,423.62528136667487,404.94558035476626,169.5721395827161,470.18545879850785,-0.44220911180848443,-6.720980215894988,703.0154602050782,680.994557526152,742.5394791960716,705.6046395970685,648.1334853512034,703.0255151660634,-2.4388788156839407,0.8012499321941976,-0.022472999587176325,18.268059350324297,9.39225770446132,11.98731090109958,-6.2762949930297,30.55581647245323,691.4965209960938,739.743241743608,792.0253726011955,732.3510823310176,545.4272392216851,154.49283632165506,67.5983495206544,365.09689485615695
834.5854724447167,755.6848129690295,860.4133981257925,834.1050318025973,425.45763367941214,461.77512114282166,902.9774006488276,776.8655830578094,667.7984000809339,646.4051411601364,844.0671479139871,674.1663386352478,886.7155333137839,601.7048726531899,644.6965657751358,488.7626238886831,760.8390874817474,699.2001506133729,816.9538999243258,834.1500836181641,448.7810461256239,355.6478442509969,874.6904439994955,895.7402817862375,585.6013621734699,740.860311801617,435.44853591918945,348.7070717016856,852.360688047589,784.8937479654948,902.1151259214546,891.0111928304036,838.8514898267842,820.6527692328559,727.8928074048913,715.9416408309017,625.2122634686037,612.5732693848787,447.48911962338855,420.94675955611666,553.5680231813525,600.3735909461975,697.3996959603022,757.9605484731954,755.0201454906411,815.1374401962548,668.5162260433859,632.9127058415979,846.6657609693466,748.5931790266568,877.0851535085238,718.6498738990223,716.3901426118586,577.4082129422357,532.1548855218964,477.5363774428391,835.7327555293974,816.9289418122282,891.139295450297,801.2461311682974,899.9548590884001,820.075837534994,798.2014401695415,789.2747277153862,892.7609225600513,746.6148621051425,787.8522110467546,810.3346604253055,847.7322504322999,871.6091059057752,760.5966453895912,719.0454334821858,633.5291333679759,676.8528483337138,403.86004041588825,411.4888552813463,710.3885166605965,693.9036965271249,753.727110517786,732.276477268764,724.1804442789363,668.7356911423457,426.1310756079356,450.8477542336782,652.6212674884544,622.5615137923024,365.0625971513636,416.25960348315186,422.363598336,404.1318998841549,157.63614349434326,450.1899382354816,-0.48060492520744447,-7.660550877459392,715.5009379069011,675.7428195759402,747.1526698470116,710.0890168064859,643.4565223510028,706.1838965963909,-2.141936866295988,0.7025606656395312,-0.12273911066965483,16.77309118226154,7.651487725941349,9.263715680395704,-5.500309076574114,25.819211335743177,691.6013461026279,750.126259543679,796.6846577689151,734.7004788555677,529.0407024458343,146.31743216410018,63.91102417264924,352.7829964530879
837.2262861697704,756.7515605001738,864.8832251676906,840.6356402507341,427.2972504371821,468.4457220690591,904.6731548024769,780.0783609865067,679.1713586145518,646.6691711378879,846.0389801893778,674.124559983753,892.4852328815755,604.8306705855165,648.0598601227376,490.50165173906845,769.9846617667031,703.2398581964233,817.040244442293,835.1755076904296,451.24822007285223,364.1233336130778,884.0229862537907,902.3108920142764,592.5641364851547,747.3056460789272,439.36895726662317,354.8034422927433,857.3401805229906,789.0665535632475,915.8147988306881,898.032900797526,841.0965565826933,819.5247550455729,727.7235359523607,718.3169676999012,626.8364076320295,616.9639761182997,442.3659428698676,423.09727270504953,549.6449552442207,604.0211839675903,696.2160095903608,756.7594094299027,755.8938890419963,813.0292577018515,669.6685782188226,632.3626378689196,846.7969251601927,748.5158946178526,877.3954319898686,720.2176935279393,714.3544174160123,573.9031880042132,530.3127787663713,478.2113487759511,838.7662630948154,818.7089410483561,892.2126792594629,806.2814105796099,899.8314922830333,820.6321439665884,798.7610766734552,787.404217755353,895.1310811398635,748.6202271459023,790.8351367007481,813.3306199128174,848.0156412306865,871.7563623249201,768.1516223941837,724.6423530578613,637.4830245271735,682.9055171817928,404.3224631046903,419.5519099705656,716.2074487404745,698.1132171757488,759.5756017806682,733.033570425851,729.4921623317674,670.6869433703343,425.69830569426216,451.50521900892255,655.0260977606416,623.6995621656987,367.4146439271815,416.39540985258907,423.05872992606356,403.96693122479286,166.370683517714,466.50059674660366,-0.46672943155108776,-7.4003776294597134,700.0132283528645,678.0349229715638,748.360322624445,708.797281429239,647.941120223538,704.237718249883,-2.326650727227771,0.755307804567942,-0.0719838430835562,17.501253374789044,8.982720976807972,11.504339815503748,-6.085821244451735,29.840893794508542,669.3442715731534,750.3324984463778,796.6600651068975,734.9333190917969,538.7647558287078,152.69502403757028,65.6997500314857,360.38064534294193
835.0317222714565,757.2654730430758,866.4977500815737,838.1566224656257,431.72149872890736,475.21938784633363,905.8434650099186,779.449794279058,682.060132960884,661.1161557416447,848.301393834556,674.9836036757818,892.3345713541806,605.0723054289576,654.2096650896974,496.248817329667,768.9393342908525,705.726436640337,816.7206641303169,834.6296958007813,450.03468386332196,360.3968666712443,883.1896941830413,904.5979548863003,600.9336388572973,753.1443201211782,445.4914227796523,360.51235049300726,858.7248669750286,793.7551462432484,916.3377432435203,899.7626517740886,843.4119889857405,823.9936416286893,735.001498545771,723.0403508565512,629.4626979071663,615.1590296427408,443.31526069130217,422.5589103627294,554.9315858434459,606.6822361946106,692.6701042349376,754.8454019627865,754.9009592911659,811.9604337814956,665.2654951505425,630.2685720620456,845.8361408172116,744.2377370655362,877.2690651990579,717.7349847559958,715.113516247326,575.6016024047253,530.7205317977479,478.36414442593065,839.6584764461788,820.527303321632,891.5714332753587,802.7506097521612,902.0859237538214,823.9661602279515,802.3012412826585,791.5761618516082,894.4057164548049,747.334082840025,793.6978700694074,814.2344175452814,844.4801428728043,869.443922348444,769.0351480020059,726.0014184420226,640.0035811957963,683.6172414011769,405.8845630590466,418.94536343426773,717.2186749567751,702.0642855948927,761.823482432264,733.3425925118582,726.371648262287,668.8999608623388,423.3411344631513,453.22179708679516,655.108335004294,624.8557340878027,368.10975956636315,416.96736782638607,423.8522442289007,406.3152136785623,166.41866994131172,466.15047753016154,-0.42903216820667256,-7.247415273879436,705.505546061198,680.842832920915,746.2062866687775,708.7645260564882,647.9714188502945,705.5987916750546,-2.2722193090343543,0.7466607813714762,-0.0644040176795836,17.590935823193284,8.484246270700195,10.815374823667982,-5.692278802394867,26.31383965997135,698.122763893821,746.2849942294034,793.9033072042786,738.4861546769927,543.6604336009306,151.3953488730548,65.3367983825279,361.9634542979043
831.1583793183004,754.522298380582,862.6611421927544,835.9870699372261,427.70284497904225,472.4192884990147,904.6219632359315,777.960123057264,680.5198048377524,651.5300556635026,844.2124064995991,672.2326708748227,889.0128053040283,602.8812950936406,651.3378831853914,494.2336169768208,768.6979525959322,705.9541975002352,816.907913734173,832.4585711669922,449.94709708955554,358.0164751688639,878.2902732948204,897.0851392594594,593.2783083990606,747.9057543041941,440.8294121705366,353.83575349383887,858.7593749424196,793.8646940254871,914.0612573498503,895.625766805013,841.6363944360766,822.0453116861979,730.1462054708729,717.6567309276168,622.4549961174112,612.1088381873237,443.92415248070444,419.8534800318743,548.3382093085618,597.7681000232697,684.9893118937811,749.1825781365707,746.4825238676789,807.9754192508452,655.9791267647231,625.4816040967988,841.8672745766178,742.5813966265871,876.9487231633838,718.2696163220185,716.2150914230689,577.3115361251083,530.3529443179735,477.2591400723996,836.8847040884597,818.5597781555521,890.3696079048174,801.851010150802,898.7656436820652,822.2441419860692,799.567686579643,792.5900015575895,892.2172835051124,743.4415972010264,789.7763403924663,811.1176934514158,840.4888404797597,867.8134070970735,761.4146339485237,721.0047157787886,637.3602902473659,678.5252541546182,404.6919708251953,417.9929987947706,717.2756026221103,700.1648354431405,756.378489392869,732.7350256783621,725.1277549568264,666.331152435495,424.264033203125,450.81530731836955,651.9907390409629,621.8751209068615,366.6117111430449,416.01252855893074,422.0567562712046,404.6933893665796,163.65269576322845,462.68997456977763,-0.4958982159549595,-7.546844187365485,712.5064534505208,680.8667633573888,747.2864221036434,713.1116139338567,646.9535641558374,707.393049226122,-2.1623223660916615,0.6990869554915224,-0.09378401684441363,17.058495565295118,8.150243061890393,10.387202284284442,-5.503805041313171,25.11985787223367,680.1780118075284,752.094305974787,795.5605931634071,739.8469317472434,539.3984083848841,149.45701940331543,64.47022361511534,358.16594224962694
830.3297801102207,751.4115250616362,861.9582527968035,836.3725299372142,426.8784253807955,473.6463745832443,906.2534002858355,778.6196068483717,680.7235662304626,653.3843788563228,847.0966486737011,675.1012473454551,895.5879838004529,605.5376583487399,651.4441515177637,494.3589558068931,768.7282482888461,703.0274582669584,815.3468347308279,831.8287044677735,452.52351490656537,360.22106952667235,880.6264259151222,899.9219686720106,591.9580530446237,749.2813144725758,440.35563440480945,352.18031429582174,860.2164926348992,791.8964213053385,918.6909288621637,900.6711704508464,841.5017881231793,821.9438587782118,731.48160798446,716.9107662338808,623.8170781072541,613.6812771691216,446.7412303654211,420.1496902923013,551.1992485171459,598.7814962863922,683.8123134374619,749.4849969583665,746.5426023743611,807.8892638446295,657.0772758278965,625.3150515239555,843.33460029479,743.5743045247546,877.1367675113555,719.151489675165,715.7448541786639,575.4553327840918,530.6335373985619,477.26831647768347,833.2611858789918,815.349464500849,885.8161280242722,797.728292000003,898.9156060525645,821.1124497787081,801.7370537807453,792.6141306402261,889.8471677410068,741.6866597516284,785.9809687046522,809.3186138190215,839.453201050971,865.0924229068651,767.9106652199685,725.281349557345,639.1366369964879,681.690153972411,405.3216798201851,418.9794550076337,720.7463594030162,702.604071272854,753.3637786215925,730.0673370361328,724.8144070417031,664.8939082684274,427.2550814501445,451.12297780036926,650.1061787928778,620.634922577728,363.9758320864509,413.38157838346297,419.680547152025,402.9536576897652,160.25882153901318,457.9343818334738,-0.5431767361695636,-7.4401188343613445,701.2220581054687,670.4588033385196,746.9710566103458,712.2957192330339,646.1846962960167,709.3571221181408,-2.0025351308012382,0.6835195620251061,-0.11382754243428955,16.763544263666596,7.8618052993047,10.021788955464588,-5.39882438050376,24.703429243143866,708.6941361860795,745.2399558327414,796.5748688358589,738.7381632358213,532.7255224714092,148.59404920590552,62.45205758308823,354.8337955104894
832.3946836901105,752.7837696051357,863.5075647215781,837.4121653439989,428.41607982058855,471.65302390073026,907.4349215508321,779.887452191292,681.8822398283044,647.4855312832067,847.0497832259512,675.381778533875,893.8718914732107,606.3248252056629,650.280279671968,493.59458967473904,764.9209783834303,697.4957800576854,816.4913336509032,833.7138052978515,448.3447125752767,362.5008996327718,881.5421752048949,902.2081686352926,588.6325456609277,745.4179086789981,442.5438571871974,353.82204365730286,854.7285531241939,785.7659389166184,914.8031292612471,899.0458178710937,842.1668332633326,821.163316514757,729.9556518554688,716.1060548345727,619.2587768285811,613.9354687443486,439.9496288044112,419.27739561809585,551.2085188568616,596.2307457923889,681.1284034252167,748.1392730062042,746.8470765647781,808.8859691954495,655.7436704911477,624.1937220146606,841.5833938629396,743.4590696966893,875.9517391602506,717.7000445801488,713.980214824591,571.4499025157853,527.3587376841643,476.5288130437099,833.4058104532833,816.5664658678902,888.6246600305545,798.9182402662667,902.556928233271,824.184150022982,799.0133604113844,788.5501770757353,890.9288942137761,743.1728889550966,786.8639344602489,810.8105865287515,840.4000822905522,866.2622176533905,766.1248004672764,724.2163098444704,635.7583626563396,682.1534359093869,402.52779355256456,416.4451102673168,716.3858123529153,697.5932584263971,752.5928253823138,725.5503507341657,721.5090454876195,663.7126921415329,422.35325997988383,449.9698125508924,646.3935521398872,620.2572793607359,359.5873686509974,412.07001386222424,417.03521594866953,400.10042449757367,158.06212615305424,453.7426338462035,-0.4956167208556845,-7.48787226734057,703.859629313151,677.0296294648768,742.3541799932718,706.5648917634023,640.3743617959302,704.1611518603374,-2.0085631530566483,0.6788467449515506,-0.10774123914581671,16.691591601047758,7.982672222174916,9.80426425933187,-5.099042687151167,23.809996787239523,690.7082186612216,745.3015691583806,792.6561641821125,731.8516895921924,525.7696655310837,147.9673499841439,63.2761383853627,348.6611646783763
834.8122778310404,754.3289684611137,865.3051077245107,838.01652845301,429.57685194902643,472.8244088292122,907.6370497213301,780.2361080997548,681.0547553471157,651.4464563092247,850.2840894993727,676.5051178970034,895.0443637514196,606.4572053329665,647.3976054357652,490.9682453394528,763.0562848457228,696.9426132626708,817.4905317752298,835.487029296875,451.76564651065405,355.71212240854896,882.7796469684287,903.9031633649554,589.7373339667994,745.4443502740546,445.9014541984263,355.8471481932534,853.3739141788122,782.6742485894097,911.128200260673,899.3093916829428,839.7214868836484,822.3940219455295,729.170287555197,714.4501872235033,621.4074145077609,613.6182209297463,446.7437450374876,419.9041599338867,552.5353238465356,595.4106993675232,680.6747224690422,748.2449191486666,748.4896631479927,809.326625355503,654.9043383401288,621.2881570541775,841.3478504719272,743.433678238273,875.3019478894876,717.6417998212204,711.8936761847526,569.4635200219996,526.7474519813675,474.00074772826974,834.2372059315476,816.9526600683176,888.0851271198841,798.6466087382462,905.0798596722146,823.5447170078562,799.1097861823686,787.6439496107063,893.4233726387594,745.3084886848003,785.6489606943023,810.4875087472759,843.9939494527829,868.4400189647358,769.3491478997308,724.8567060877065,632.2849891032648,679.1109874114329,400.54101230787194,415.27726724114217,712.7715291507909,694.684573351595,745.0952693858045,728.6390904017857,717.7193705387042,662.9527059366196,422.68837099234264,448.9416631321112,646.8748028456902,619.6231584376873,362.46364350038414,412.605349773104,419.66307010695647,401.5540715936789,159.04225247931439,455.619063544174,-0.5344213854653019,-7.4212531491624985,702.4344055175782,670.007091974808,739.0388971120119,701.4399459286512,642.2591486808301,703.6201579938016,-2.0428695602075955,0.698664584898183,-0.09678279727807247,16.911885497629346,7.9662700234294395,10.216900436247709,-5.373878392908308,26.2784763434354,681.3108187588779,739.1693448153409,788.1785542532901,729.3550519339645,529.0703431671741,149.62130242481567,64.23265527053313,347.81862047622946
835.6603704562857,756.1914998931114,865.0679771704566,838.3538601042264,433.52816724555436,474.0532062309129,906.0687536262388,780.3924109747055,685.4260740474779,657.1913598814949,849.3119818214478,673.9230939910525,893.8677031319096,606.0760992775079,651.0449150747328,495.29170279585696,766.4226929542577,701.6117019526586,821.4479844250442,837.9183255615235,450.0354348288642,360.36260274251305,879.6031084156999,902.1557339865063,594.0459933056258,747.7806268524338,447.47028727030886,358.1517961157693,856.1445675256117,789.4445622950425,909.878304869484,895.8419356282552,840.1327775858216,819.7809046766494,728.3578998068105,714.5878376788404,622.1675310849093,613.9062259108932,443.92320617607663,424.7548583348592,550.622368484247,599.3999190330505,686.4372806927514,752.2688005275636,750.7933057184671,810.9329886631659,660.8275754432048,626.6284190533045,843.3155630850023,746.2739352005318,878.647985509924,720.2269315921085,714.9134969925132,573.3012345631918,530.5215948410398,478.1249716160926,835.7676525471114,818.279179305942,890.4557046828465,804.1482144368299,905.367598770805,824.7437789324418,797.9204946045481,787.7501898243594,895.34802337191,747.4748195408234,786.7349039399222,811.1159808566076,846.639888496156,867.8017696148783,764.792440534712,721.766466172015,632.7241115745054,678.5709276075487,404.1335323167884,415.57860210579884,712.0350680742107,693.7011295809291,754.3578789893617,733.1917375837054,720.9320428270946,665.5553155241751,427.07643845558164,452.46379235307376,651.0436242090973,622.6749162102244,366.188049473482,415.4373824088582,422.90531848215807,404.5231324076581,159.98531094412928,458.32190313994886,-0.5233757403200596,-7.3954377941734775,706.134755452474,682.4566940048994,750.3814754337072,711.8320093284366,646.3115412488238,709.1253199231945,-2.0721158053228894,0.7083307824701208,-0.10570236758931979,17.092863195910155,8.326673353139435,10.565756337207077,-5.426403919855754,26.97560072997037,703.7223399769176,754.4915749289772,794.411652430592,739.6233008662357,535.9157865561691,150.66166919156126,63.752257376006156,355.2858428502905
833.9770103307372,754.6790280847838,864.316751749989,836.0381421881368,430.8766843662706,472.3551107857908,906.8352560139272,779.1498173003502,683.4959909478013,656.4741034058273,848.2373745305752,674.3719384889754,894.2270784328978,605.7128850204742,650.8252779025937,493.5791393308427,764.2416342785008,699.8295435097526,818.4128911979353,835.9398537597656,450.1332353485955,358.53551527659096,879.737689327884,901.9459427122085,593.1208419699943,747.3647046141572,444.8572887821092,358.0693202813466,854.2595761137188,784.1026698736497,906.6419190734703,894.4195174153646,837.8798707865052,818.531563313802,727.6262881071672,711.9270493840597,623.6028517668468,614.3240985870361,441.37393350686347,419.88266855947086,549.0028391353419,599.4104039669037,685.9942550848401,751.9631745035614,750.7818836754079,809.5775342796281,663.1655197931715,628.1037711813733,842.844482997156,745.7989872403858,878.9222705502308,720.9542000787839,715.7260628708809,577.0320544242859,529.3474406641287,477.78610126476633,834.3615597310228,816.7185048113266,891.8252689822962,803.5176707477104,904.3888239321501,823.8730630380821,798.7629556510062,789.1422376397215,897.7737739904603,745.4274615330444,787.919527839007,809.5591530408581,845.4454166874004,871.0926485008956,765.2552442121076,722.0942396570424,635.0986000550996,679.5319186123935,404.05903293775475,416.55215647522834,711.8519708602155,695.9010030026258,748.458597386137,730.2226104736328,720.6818414373873,667.185252929096,422.3911947313945,451.51149700164797,652.5717503526662,623.7634440041222,367.57973233391255,414.83842958181776,424.4803667627857,405.28680701335367,162.65350377430795,463.94775629094494,-0.4816716957677811,-7.61988641601946,705.487070719401,678.3903399968551,743.6378101706505,709.4026930623464,647.3420321896634,706.0675818074886,-2.139678315762706,0.7193037408473039,-0.09339310299821611,17.35716215325769,8.39273155130605,10.84299473706708,-5.375954224003686,26.484776055111606,681.1594349254261,745.7009754527699,796.0942311126914,738.1008314301696,539.1285953147739,150.70747427563919,65.00877186114138,357.54433558727135
833.2530047293959,754.0217416346675,863.8473306263528,835.0571304982402,431.08827137614406,472.5614405316966,907.0177908911221,780.1327608603619,683.3871059223097,655.108229605878,849.5609056426258,676.3976189314373,894.7534492584281,606.7315344450927,652.0674268831661,492.7232780787844,762.2086950726983,698.2197599125859,818.3418661534101,837.0549548339844,450.9017317030165,358.4294244766235,880.2854685157237,901.5746274070134,592.8849953456698,746.5015189097478,444.20824769056964,357.75133483277426,854.3071191895683,785.7797778471016,909.229462070415,895.3321356201172,839.098569966979,819.5208410644532,728.4514176078465,715.3881968302899,622.9205193876695,613.4727964754458,447.0375553624971,420.5904941100083,549.4726627537461,598.3486151695251,688.1430936711175,752.5408333511714,750.4042554871286,809.9267814591614,662.3548770896659,627.5179490617938,844.0943308722589,746.8274522556587,879.143090345071,721.8701359366987,717.5424147785512,577.9831310440512,528.6504100616194,476.84047816505995,834.3979358652205,817.1688566717008,894.2375178244407,805.5367974268786,907.8183639924423,825.6570051063611,799.2654105778498,790.1434723339944,896.5674115081332,744.5865401698021,786.984645556332,808.7632891796892,845.6032557396372,869.345684747011,767.611309979413,724.7684800820273,636.6130760262865,679.0250509683187,405.4843464726987,415.41899388273,713.0918117585729,697.3672782929607,752.6755020466256,729.4431566510882,721.1280114111772,666.6338674817955,423.22731180667876,450.28763727823895,654.0964234776434,622.7820663354788,366.77706671322096,413.7712522499828,426.26218034955673,405.54986869699195,162.08652804243255,463.9377219535907,-0.525664366574751,-7.79907874039691,710.3712972005209,673.7535896947828,749.4132258743048,710.2275746720949,645.3952572774948,704.9333516321439,-2.171380541975132,0.7160027049292155,-0.09497236536398498,17.143925539934468,8.309313137417492,10.990246128846055,-5.891572899288601,29.608551880892584,687.2215742631392,752.7623612837358,794.9491319080328,735.2893331020693,539.9054001078886,150.00085282744024,63.003552211956546,360.7594641159321
832.0276307643093,754.0988430435008,864.2330574734174,835.4314768892598,427.7593972117402,470.9798303768039,907.7761503871648,781.2381027416473,677.1629403756589,656.6918456828008,846.9259876158179,676.5427358536493,894.4241041049336,606.3223530010656,650.0010781359317,492.3892431164498,760.1936098071636,696.485825294672,819.3116932719147,834.699618774414,447.7993640899658,360.3007177988688,882.1252474433932,903.433095054021,591.4676102942822,748.4963113135034,441.70784717370134,355.1368126471837,850.4915870810455,784.0264744134597,911.5249343832021,896.6818288167318,837.2746844534147,817.3418473307291,726.9227122431216,709.3453644901873,623.879406361853,609.57290536386,438.2315742330892,417.63823104552114,551.8470103779778,602.1083874702454,687.7924198650178,753.1991356583003,749.915325159482,809.9253535577428,660.519804611679,626.855942308486,844.6657238437283,747.5734336537,878.7271070050764,721.3790354685524,715.4493573321355,576.5975782076517,528.2304208539095,477.04462261558945,834.0289608473846,816.997970201351,892.777938801578,805.3253652204045,906.8513353430707,828.0818447704069,798.2922963191975,789.6032760898763,893.6053103546598,742.2697050656151,785.2964765594247,807.6489784070944,839.7960540868675,867.6958641768819,768.3793833277247,726.398190545254,637.256577797986,679.5778550977831,404.40922966556275,416.32256886656853,713.1320212942655,697.5371761084592,752.0703241875831,733.436283656529,719.7691259274537,666.7446580874986,421.2286621395747,449.13812813123064,652.6974437142259,621.5415293036024,365.08847860448503,413.58148594797734,424.3484467115874,404.43395768601505,163.9045765026613,464.6402561310927,-0.5460587382700329,-7.723291175083915,694.2115681966146,667.1563353457693,743.0463690757751,704.5436365809376,644.316164995802,701.5346344036111,-2.1558501918610236,0.7193765165560223,-0.09785468179583445,17.231131317331062,8.357997339741896,10.818119959963326,-5.528511550691393,25.532935472095716,672.3172551935369,740.9366377397017,791.6920428180055,728.7658882623987,541.1716833114624,150.43483834831338,64.69694593097225,363.06256152021473
831.1950082255366,752.4743293415416,861.9209178738588,834.5272886335138,426.41831822949786,470.19862106016706,905.5958559413497,778.517294385281,675.6545493748723,654.7802098461839,846.6394539809809,675.5495573838551,893.9122455524948,604.9315603720514,651.5796073586193,493.03733168287255,760.6806300375699,695.5758903985007,816.4971232797908,832.2273387451172,449.8070682419671,355.30299345652264,881.2902383295144,900.9487242925735,592.4638690299389,745.5766284229991,444.75485262159486,357.0853276120292,852.7862446623028,783.8988385235822,909.0595443605438,894.8574865722657,834.9309848850056,815.6867461480035,723.284300165591,711.3730398890484,625.8704467638998,612.8347978945131,443.25420212745667,417.73961819959493,550.1028925160892,599.4301218986511,690.5168011188507,754.169350321259,750.999417536106,811.3651993957876,662.6867262903323,627.6165478858915,845.8643582828583,748.2367549445971,879.7438529860252,721.320992526394,717.5392178355845,580.1447532878202,530.5680602342155,478.6172913201702,833.0897804753282,814.6721977017544,888.6463111811529,803.8915095946578,902.9673324452276,825.108098625751,795.9806427911881,789.5067498320906,892.874229260345,740.9833541011933,781.9200373906767,804.1369009747459,837.4354757321108,863.8104575141359,767.8888689333254,725.1216194903265,638.5665309801014,679.8837100602848,403.99867336991906,416.72389801455216,712.8884449943167,697.4721583449494,752.5175326732879,730.3338197980609,722.6213291138981,667.3591474900588,422.15035062491893,448.38897444725035,653.772372271836,622.2604725841444,365.3804574068855,413.9897780504468,425.2513957119857,405.8697644391134,164.79489078269938,466.37837670475244,-0.4925301722822176,-7.834903227903653,713.9043823242188,676.274800963321,744.5348049402237,707.3858520024503,647.5877116180354,706.8611007611152,-2.2264576166022665,0.7206110022513679,-0.09486693032190538,17.23554645049236,8.283227426244908,10.565290825871465,-5.641949090692732,26.104257653741275,694.6249112215909,741.5502840909091,792.4185223675414,735.9661820810053,541.871522099364,150.25899042372117,64.3264787016493,359.5370436536855
832.4819049069563,752.0910054625887,862.6090454482579,834.090841638377,427.54359047024747,470.38289774741446,906.4645977069044,777.6634581517159,677.9779545141727,652.6658749424043,847.3114311404345,675.2745427820417,895.2390667112164,605.5827557521793,651.6572174764984,492.17948283865195,761.5808014892289,693.8391217710172,816.9048237416936,832.035046875,449.5646977954441,359.0121307373047,880.8259232426102,900.7471943809873,591.4121070232691,745.0467009072776,441.36500160470194,354.1254530482822,852.5292323850235,783.2689794469762,908.4428342483801,895.7705967203776,835.5182372271005,816.5396218532986,724.320242972996,712.623736645802,625.2039249773068,614.9086927484583,443.538468193795,418.0784695228834,547.0204390228772,596.3916330337524,690.5588341005265,752.2349661876805,752.2994528640279,812.4292730141801,663.881914997889,629.2993357785932,846.5132846355439,748.2461861997756,879.1163198502982,720.2455509730747,714.811677787336,577.8501139622109,529.2501184080676,477.64612764773705,833.9342382291061,814.0461944209205,886.4495946830601,800.9550800193765,901.7318484099015,820.6729914285604,798.5969356571862,787.9449732274185,891.2756882283225,739.7386591779863,779.7527169886599,803.7579534766737,838.2035642004316,864.5220702787789,771.0310640764666,723.7491333132884,640.0220231922394,682.5014801685944,405.7834076812302,417.496669715559,716.5277962606461,698.5178220123671,752.6876921958112,730.3242459978376,722.4139627259353,666.8438903557661,422.97938102881113,451.29020897865297,653.7545025191118,621.2409060926858,365.8874793445363,413.9403378799934,423.63242033682764,403.8460145867624,163.10479744709713,464.3917706868549,-0.5245229978851663,-7.5958444003631325,701.8857971191406,666.2364336434057,746.9405068159103,708.8309488425967,648.1637349430538,704.9771022038822,-2.186583558465875,0.7458567259764229,-0.10182457602539707,17.35972581166747,8.314841310517924,10.942101815083284,-5.7960025734371605,29.258808227146375,670.3916847922585,749.7497003728694,797.0719917860607,736.7584473815145,540.8686325035843,149.80006659344622,64.18362279146007,361.0058012501947
833.1499661363424,753.1454423256595,862.6417842325218,834.0947073085374,428.48971687139465,469.82478944637944,906.1241487151826,778.2170660651998,676.4945810279067,651.7774063798248,847.2388809948433,674.0116710961811,893.3471056511227,604.4799843003393,652.2403139949438,491.96720684609994,760.7385304708616,693.3182853115753,816.0862567068516,832.3134803466797,447.0963684187995,356.97305755615236,879.6374195533741,900.5329329475524,591.1694875038107,744.4076645400498,442.1911551385953,352.7978870868683,852.5734037003427,784.6838580849729,908.9717255039166,894.6922426350911,836.0966086953373,816.7005730523003,723.9648920473845,711.8368460413922,624.8285597746593,611.7710530316389,440.7772009457861,418.21469084064614,550.0460200075244,600.884771823883,688.1914172286079,751.6493402273169,750.1330508388849,810.1437211064567,662.8493302282224,627.3390555398447,847.0817252097592,748.3405689742209,880.4637352392326,721.1420178941078,714.6189006839633,579.6957145672219,529.5074360434157,478.58621451819585,833.1567004434642,813.0898667099299,885.4076893190586,799.4450566808905,902.0636342454993,821.8533883202809,798.2124027403852,787.772622587259,891.2655173344399,741.9651005183604,781.8313892151533,802.7918732686899,837.6848038108485,862.6179917477771,767.6414137144346,723.0689821086946,636.4355789324559,680.7101634632457,404.91062308048856,414.9997070742325,712.925036946281,697.4084002862827,756.4177427900598,730.0211432320731,721.9875174920678,665.8344852395809,421.1462053489685,449.38399436553317,653.7562562127471,621.7826681752942,366.1473371730131,415.1691477152415,424.5388092397091,403.84966325243056,163.43194376234067,462.7811532075206,-0.4813988176950564,-7.587302066531909,702.6678304036458,671.6517271914724,743.52093064785,707.4686933664175,646.6971927701517,704.4693867198413,-2.177784164014539,0.7514165367797465,-0.0912927282312584,17.46185871156922,8.401900401822251,10.538153070292713,-5.608121189806196,26.613434490035562,700.7444291548295,740.8010176225142,790.2210312401688,734.7337808729727,542.1230183021695,150.61094906246453,64.35653799952883,359.86354667564916
833.7235578575833,754.7446501435655,862.652551893672,835.1617015355612,427.7416611161343,471.30970848458156,906.8739260708483,779.4541533027812,678.2227253427311,653.1877768508723,848.1032686311055,675.210901495767,894.1683131327555,604.8429584619005,652.9681429364788,493.9030136387638,761.749392685732,694.9047242605013,816.6529258640334,833.2990750732422,450.2027111053467,356.4320269902547,880.6091690393754,899.9834196908133,590.8768502480073,744.3001695989252,441.4773616369258,354.5855436788665,855.0712672539477,785.4045120804398,908.6492405688668,894.7875008138021,834.678059464794,816.0972470431858,721.8912780761718,711.7111161932888,623.4313002935065,612.0874096199318,446.80486088991165,418.6185986611727,550.634003185835,597.7142004966736,689.8136173827307,752.8598547478988,747.9506370948218,809.8117651688425,665.8818746834747,629.7944510691649,845.7336660139023,748.2045306390331,880.323070157909,722.9187724091397,717.1887367103132,579.3517095528397,533.0926827348993,479.26407675969426,834.727153314296,812.4225495862602,885.3267460240144,797.7729741482528,901.1435755986753,822.093608217332,797.9535624652827,788.4102582225094,889.5802779126523,742.2941706510289,779.4409433547031,803.1041611603802,837.5872783782376,865.2800771808097,764.9856084187826,720.2504437556032,636.0936716062213,679.6587926030675,404.3713073730469,415.0995236249037,713.8018898885758,696.2698994870008,754.9430087475066,729.6421138218471,722.8765535464232,665.7122845445549,422.45827890078226,449.94844840049745,652.8314900872991,621.4998326585729,366.37873595742616,415.28799856784974,424.61384366080165,403.1292118209195,165.1058073984443,460.40437939961754,-0.43713337145352316,-7.597364151582377,713.9188618977864,677.6722500041379,746.8314034342766,708.5939270813541,648.6566738021435,707.4268249870804,-2.269458222059783,0.7394111583630244,-0.07406372726539129,17.50947048297052,8.129568613326327,10.297483057526293,-5.652145975165897,26.162686649490805,688.798583984375,746.4862870649858,793.9195544351668,736.5486809452877,539.8342807433185,149.05141990854028,64.9629062034867,360.09410988873447
832.79976916848,752.680326183637,861.4952808883612,833.8381982134633,429.0192899216053,470.7638096170766,904.7968055825912,777.9177022047246,678.2836190827039,654.0793477668137,847.1213749831285,673.213924140022,893.7258800552395,604.4211969443178,649.568406803691,492.8961577711271,761.408938385299,694.3671527558387,816.4534755429089,833.4383234863282,452.37615580028955,357.8608243306478,878.7208358082077,899.8981153094579,591.259050818638,746.0754726326072,440.84646557971257,352.77318735255136,855.1171655474968,784.4325067967544,908.6241504739276,895.1142222086588,834.1743036043846,816.6680072699653,724.8782470703125,714.7583379170981,625.7020193763766,614.823605996591,445.03067976449216,422.7638211196728,547.8865914266618,600.4521553516388,693.161397423063,756.121880698543,750.2427560705329,812.3506484003792,665.1031918407472,631.848793441599,845.5858414834546,747.6443263246866,880.3002737823447,723.1170770944484,716.1273381784893,574.7293895085653,533.6286073620323,480.90515036395647,835.6495551185566,811.6726743120838,887.5849270418962,798.2839659685042,898.9371890391474,821.027172678111,796.6515921204826,788.1466459462672,888.0186657122712,741.6138487472091,780.3181441371361,805.5119961087329,839.7742189055036,864.3593454940543,765.4233787467888,720.8001093629931,635.1744617147183,680.7656778442911,405.3297231922979,415.9029583998129,713.5865930025694,697.3589290128209,750.1702725024934,729.5438690185547,722.4055305203259,666.3548504357839,425.0931214066346,449.10829988956453,652.2174209762775,620.6852088252159,368.30690066393686,414.0436952914572,422.4781970703819,402.9471361637293,162.73785619836156,460.0042842841645,-0.4989795064708839,-7.433776787139281,700.5787272135417,666.063952947067,749.8019300997257,710.9647490902723,647.7801116465309,706.9245617972609,-2.146620255468358,0.7269917851089741,-0.10235187671875863,17.158086544056797,8.258541440238108,10.724218989299956,-5.765686419275072,26.90830214584575,682.2425315163352,747.7767289595171,794.0886808049759,734.8744271193879,539.1631633534151,150.98468396747322,64.10032950115927,361.9391267053012
832.093804878496,751.5962358195372,860.5088664541347,833.445308850106,428.0604041920152,469.41930465187346,904.7186411071414,777.8842628162465,676.0383288519723,649.7028535760817,844.7768270601102,672.3391012547509,892.434109630552,602.9530365849555,647.3608657779978,491.50182908936114,760.3616322521915,693.0376836928814,814.7874579886367,831.6618498535156,452.2854897711012,360.3002363840739,876.3033887634717,898.0806612287249,590.138041845791,743.6486914708064,440.47672140005545,350.0298427608278,854.4438542779886,785.5949985833815,910.837158203125,894.3965169270833,835.5486535541082,818.6711694335937,725.5446366019871,714.8227892036898,625.7309099104962,612.9851172411883,444.39432475396563,420.7059312884727,551.4690959492668,599.6019446849823,693.1048262724801,756.4950054222938,751.5047172185106,814.5323024995146,665.5777569841747,631.9748706184067,847.174654148471,748.027029163327,879.2430289721397,722.5772071081387,716.2678806835225,574.8942906061808,534.3674287478411,481.0139476376938,834.5429316475776,811.3804515114537,889.1105118643967,799.0593052178789,897.9498911981997,821.0781663544356,794.7116061219382,785.986916373296,885.6875329088809,741.9916166852611,783.2656328833505,808.0452649669621,841.0529462486315,864.1904747051428,763.5744818610113,719.0220844081191,632.6132297340883,679.1662736372514,402.35057266898775,415.67899268781633,711.0722751304752,695.2498733710452,752.8608099754821,732.8511417933872,722.445905385803,665.5688179487681,423.6840482902527,450.8162661069135,649.4608027689258,619.483860542292,363.9210749794455,413.35835131841446,420.8974540097018,400.99753178558416,160.4959209114242,454.50138319830097,-0.4763444062729023,-7.533882298414976,705.7170023600261,678.951851020425,743.599656060338,707.3695577906268,645.91933655026,705.6750462982066,-2.0800071620006317,0.6963685701635701,-0.10887888525364126,16.875861598387566,8.024781848054591,10.069622978642558,-5.373847577306959,24.770511998849756,700.2596768465909,740.8171797318892,793.0958647247929,735.2560082930553,531.4319798338647,148.24258526061712,62.15276483423782,351.7230667163586
833.2302945641165,753.3099806642894,862.2536124049129,836.7463145555253,431.81501897323966,473.59793988721714,904.6106323622681,779.3926026060226,678.7359812600272,655.8003753057269,846.464758462053,675.3951039072067,894.3320019102015,605.865870802026,650.9196618919942,494.148062513129,762.8299807327054,695.7486969513751,815.4100991903136,834.417222290039,452.5356610086229,356.5750272115072,877.8978271484375,900.2807160634843,595.1212444904587,748.4700541129479,444.59881876318497,357.492828740014,856.7656139157853,788.4852571463879,912.1850891914268,895.4029897054037,838.3120924092956,818.9480133734809,728.8135442319124,715.2614426210703,626.3435873964285,616.1244246164957,448.8880218565464,423.5782433507148,551.3676405109343,598.9726860523224,695.4029035530393,757.0426498702352,752.6617121523801,815.6369426348056,667.515341739024,633.6699767312804,846.2218908679101,748.3194446032348,879.7295194647947,722.6096784214618,715.7101366487854,575.6780141568652,533.3542313837507,479.6999669785195,835.5458099599214,814.2059627672037,890.4996974772048,802.7075012507403,900.6322865892494,821.6133726792814,794.6348620423483,786.6301064510895,885.9592685414784,742.3578819948266,785.5337931000115,812.2872409077778,843.7269077179538,866.3179736058356,768.0554568316486,720.5592654493988,634.3317200546965,679.4544395017417,403.54885886372,416.3642634002256,712.7585829437757,697.9040009431325,754.7656795420545,729.6815774100168,722.207917450945,666.8602026470459,423.52067772547406,451.7933157332738,649.7561415827747,621.6049121587704,366.9559736027437,414.8349131918126,422.3910726378672,403.7554206107882,161.5276299820903,459.4294336297363,-0.48997509040593823,-7.489819018054057,709.3778361002604,681.8394858150159,748.2351542413235,712.0504126915565,646.0865111242572,707.7419283493515,-2.12401981044365,0.7075726288243593,-0.09896018491576235,17.072303880608523,8.206923284484029,10.523907873519478,-5.5692841278182135,27.276404165169772,696.2100164240056,756.2992620294744,795.4896043611053,735.2239822194546,536.2509579939001,149.76776983340582,63.54060715978796,356.4306739856457
833.6765060436064,752.9582203361723,861.919806563188,837.0455288098627,429.1895852111107,473.03022299467455,905.7210780125039,779.407427263057,677.3517327600596,656.5615499136878,845.7534735454776,675.3046434864166,894.3466553990673,606.0174354560945,646.5036020966904,489.79231024616706,761.4489041821087,696.8359039598129,814.7341293978052,834.459609008789,450.9042051633199,359.78587913513184,878.7271625469257,900.2073875306145,590.8105644505686,747.0507289970315,439.56802545199736,353.70564500490826,852.3764234578834,783.401613136574,910.5337317759596,897.2759580485026,835.8862432706154,818.8056453450521,730.0180839206862,719.9024125064713,623.2298354094249,613.2426556481255,441.82910402970657,422.6106666036313,544.7444720659099,594.9749791622162,695.4157915834396,755.7693426846328,756.7582038093078,814.7766220360471,665.9259456169507,632.7897919701946,848.3173100363824,747.0272014176041,877.8501940006762,721.3969187251998,711.6326170438074,568.6111283863293,531.3227678198585,478.9288510675321,835.8274348615164,813.673968165837,893.4688601153973,804.0187323706235,900.8807624087126,821.6414729954741,796.6445828242404,787.7061158129217,887.4416803957811,742.167639993112,788.2355295754551,814.1388363606078,840.5288257963339,863.6859962084017,769.3953486949474,723.4894780643651,633.7795124578913,680.1443614877147,404.61409660007644,415.6896688971721,713.3378034497871,697.633115649718,751.3241278465758,732.3520878383091,720.5269510992642,666.8107139682243,424.21682767391206,448.60308405955635,649.3668858196241,619.8995986578019,365.3248458974502,414.02979181475587,421.1337731149979,402.4831281918877,163.94046894095345,463.7228867025301,-0.47421643215542036,-7.204846391300681,693.6824747721354,666.2202572580111,745.7804238200188,709.207188153159,646.8499354488342,703.7371318503522,-2.1903587435793415,0.755445528316691,-0.07368488019211951,17.624700155547803,8.717262822205544,11.241610504453377,-5.836393607987298,28.552529720699084,686.5490778142756,742.5851495916194,793.1155778513659,731.5928242357471,541.0592498966292,151.96177226723287,65.77113898233934,362.8785593263034
833.01936626941,753.4120844783205,862.9430673896345,837.0087871423281,427.7457100712976,470.08849425826753,906.1088803788077,780.4728608786806,679.4577589813543,650.7862508506743,849.1942657222593,675.3869264339644,894.2663709794268,606.7506904592399,650.2269165836163,492.18525075320866,762.7052495694273,694.9018513815744,814.750193511846,832.7681468505859,449.8326835102505,359.3639353434245,880.2329529601258,901.5119126335023,590.8677055848207,745.8603702272687,441.3826605549175,352.7867958347003,854.7660421695349,787.0589073652103,910.8951393588009,896.836683959961,837.86020996611,819.3122835286458,732.0824155061141,717.046191847468,622.0582578549826,614.4632279431379,444.86413699388504,422.7108511334278,547.4917339887776,598.6500532627106,692.1955148681761,755.0203526573723,755.770783001998,816.829862538834,664.7802586949562,631.6447396178346,846.9222828142105,748.114986212722,878.1800797510331,721.8771003575872,713.4770853016943,572.3594248435077,531.5967152731669,478.4167215639753,835.5605139173526,815.4387467360056,893.9759855455765,805.4027580526041,903.1619610330333,823.9316730591858,798.0715358687468,787.448012983848,890.3756334105534,743.7460525408195,790.8938984147618,814.7272405664181,841.1754508048865,863.9874355252936,764.822762841577,722.6912091364626,633.9068585317069,679.4982458337561,404.44002853614694,417.07875985159,713.2339041037637,697.8400630713498,753.0456555954953,728.5416848318918,724.4145949133512,668.6057578190256,422.6151075744629,451.9475997861226,650.3235411202855,621.8150559438486,363.25660984936883,415.18060315128696,419.8229214581661,401.3325150361078,157.67185357998676,452.9211788684626,-0.5205657914123515,-7.617541573611903,706.1840657552083,681.3536485575013,746.0035075545311,710.5231690040001,643.8116541430544,705.9599901691334,-2.0179771805469797,0.6782903343827154,-0.11341078975973677,16.701953599046515,7.821652114749952,9.83894598183237,-5.113410426510705,23.78724300510743,695.4754083806819,747.4648759321733,798.3550804189388,736.5779050030286,526.0945557239008,147.38030417446504,63.383965746471375,350.4676906117078
833.2846957378996,752.9254707302711,864.2303647688822,839.4559545987156,430.45964770206183,470.4415201459612,907.5261250664206,781.5587856990733,679.4867191898579,649.2423379245351,848.0084273175495,675.8252403259278,894.5770151259355,605.9995913226836,648.4558846298141,491.1023060275662,762.6380327685749,695.8491250985485,816.1233838545409,834.1521988525391,449.09396918614704,355.6606777191162,882.5192786983254,903.4574784778413,589.90913535912,747.037421802898,442.1583270183584,353.94948346085016,853.9423967757315,783.5445011091821,912.407832909131,899.486372273763,839.2847503403486,820.0933909776476,729.4591987941576,716.2992825795369,617.7484014569925,612.8244324436894,444.99550777247975,419.5443647256058,549.0594514940606,595.2661590576172,685.0666562697244,751.3601341789932,753.2916418038371,812.7764226902298,657.0129344719501,626.1841210718756,844.9311270990679,746.4184796663324,876.9411888957177,719.2755729869098,713.9525435922392,572.4392861197977,527.208009899933,474.5264625822464,835.5560402175553,815.6985400194923,893.0602310378403,801.4165091809815,902.7700346042799,823.0362489570691,797.5043064840708,786.4144908842236,890.8698412197739,745.1076546078813,789.3551456697871,813.2748472720426,844.0996238562711,866.035369535836,766.5481154295775,722.678336972096,632.6115935439364,679.7573456206879,402.3074524368065,417.686152498487,713.9322339042288,696.935330972632,747.8875394780586,725.7667061941964,721.0452624573105,667.1431591537117,422.0156221254667,450.1155776755015,648.9981542662902,621.4885813531033,363.4460146735696,413.3036080766671,420.10457572418574,401.86004713721155,159.66049950121442,456.18080301702025,-0.4708344483418235,-7.465297117641934,697.1588907877605,665.6437538276284,740.3318214714527,700.847955729627,640.6329980379601,701.9349212489093,-2.153466146515903,0.7227794639936932,-0.0863373214206292,17.2717932878744,8.257965448045423,10.4695133400927,-5.53496073351966,27.40006573410595,680.748329856179,735.5628262606534,789.1128619917287,725.5869420691381,527.702607790629,149.2418218077275,64.76380762548158,349.51645638202797
832.8177010210796,755.0748570061693,863.4462117071525,839.2049557920471,430.22121440976167,469.87351868833815,905.3191569329122,780.6066473587523,679.3416952794912,652.5029132493207,845.3101195668786,672.64006660855,889.6991145034189,604.3538872693714,647.2108443293405,492.63273152938257,762.7441513820847,695.6647624525913,817.4739975618677,835.7279794921875,450.60999780231055,359.5509346008301,880.4568014213705,902.3015378921751,592.7897051966003,747.2173630012261,443.0032433620474,356.06043663952084,852.9713210339817,785.5803153332369,908.151576885714,896.2205470784505,837.5493846828655,817.8401555718316,725.0464411196501,714.6849383618459,618.696392781934,612.2019333309597,444.9218245276383,423.16644356402566,545.1071307072874,594.6670179367065,684.5636672216748,751.3461679033759,751.1569885211403,810.3396039817766,658.4519351060726,627.0425802331704,842.7939878579109,744.3065870710133,876.8877741397578,719.1994084167169,713.913833549739,573.8073856596853,529.1365681666464,478.5742944000981,836.1211724840146,817.5254279780719,889.1882846576864,802.2912409533703,898.7164177139946,821.3126845683867,794.9242178774026,785.6829359737443,885.6522907997245,745.5041211575501,788.5403218290779,811.7566331271834,846.6237902307207,867.1549224010489,763.7753980481947,721.7746381915983,632.2679614145821,677.7787746412929,403.756287947945,415.9499178604341,710.2644534501873,692.9134976082323,750.9524432243185,725.1309225899832,719.0228286538544,666.4163297764669,424.5561638355255,450.2810225176811,647.903060353485,622.7807995573407,365.2981831438401,413.5326004682465,421.07024058008875,403.18196049762423,160.37669364944833,458.8827498036623,-0.44889181135955303,-7.153972844475172,702.0834045410156,678.7196143198821,747.0895068049431,710.247588369102,643.8562175844993,706.4821978105018,-2.1611720713155687,0.7340578556546394,-0.06643047111496078,17.466436549670263,8.545309611905136,11.018291999252641,-5.679071029027303,29.04611098065096,687.8428344726562,751.7922585227273,791.3289286978293,732.9803132648709,533.2291675268435,151.07419377356246,66.0988620329987,356.31091713494266
833.0697562072465,754.8329859237479,862.4683007638321,837.0430024696061,430.32016365583553,469.97663772319044,904.3511893491103,777.292102075942,677.9613749445701,650.3919719438084,847.6015363863813,673.077284434485,890.4619426825443,603.890806895036,648.0248316247665,491.87498069696926,761.9043489971432,700.5833657952243,815.2421025535613,833.6928215332031,449.97834062576294,357.2198042551676,878.8903222462487,902.7473653157552,595.927311233201,748.1596528881199,444.4737618588611,354.9738750192854,853.7289227899515,786.5020538706839,908.8693621778112,896.4870725504558,836.6545679124736,818.9113764105903,731.2749432107677,716.4210502900273,622.4118579746868,612.623024975812,441.5580126089709,420.57711973440337,549.2797441326204,597.581768989563,685.0875690664564,752.1204390684011,750.2818129281811,811.1337904009903,662.195778760043,628.2043031545786,843.1062031438274,744.8709957620615,877.8734691133831,719.6260707432955,713.5780723041483,576.7995659089556,528.2689013212231,477.7962139561016,836.218126712728,817.5712885503416,886.3780077198927,800.4754879277822,900.2641197668988,819.4562551195953,798.9321026233358,788.3274218830062,888.7611762089516,743.7062800342568,790.1814896519264,811.6102556485957,844.5840659657861,865.9502777605426,767.3786857536247,724.3725826701179,635.2771703037647,679.5785793287929,404.97460981728375,416.64074255714957,711.6179730774926,697.2582003644887,751.0395975315824,731.01418195452,719.5711619351558,665.3143888731688,421.7215170876185,450.79745826721194,650.9303540477669,623.2410219112325,365.6687051885268,414.17548075651865,422.99342511249415,404.28156974616866,158.7688697848235,458.8912756473819,-0.574784837122597,-7.8825150145596306,705.1464436848959,678.3186123088254,745.0000489503145,711.2479527848878,644.2888358854156,704.4566353748946,-2.0497930675883254,0.6980847619113909,-0.12449843910484294,16.852569973542373,8.184011824088065,10.62789595626252,-5.293493436442481,25.6247495377765,686.8154518821023,749.3940374200994,795.8290692015782,736.6144469055948,532.9390095355463,149.07172929299506,63.72273084363251,356.60214794298696
833.0188111526344,755.720133314229,863.3382261732104,836.3680795758844,429.88107631594636,471.0701620216881,906.0796731386241,778.1624390042082,675.4243634476953,650.4238632936947,848.8189825662753,673.9730862148224,891.9411314609325,603.4017612174187,647.4186411520735,491.1451247193973,762.0896585021538,701.7219845971396,814.4132385253906,832.0026488037109,450.6610038545397,355.9687274932861,880.1407920760338,900.9669394114661,597.5438377270524,750.6835297804612,443.1449224830332,353.47032295333014,855.767470881624,788.1841778790509,913.0539379370181,897.0052734375,838.0142961922338,820.9228152126736,732.526583198879,714.8898675757719,622.269879513375,610.5767272666649,443.2010237915175,418.16444108805405,548.9269013952037,598.8958802223206,684.1348690910945,750.1678520311111,746.9695031317495,806.9964264094481,657.6708401924323,623.9959186544785,841.5801598825763,745.3376095917218,876.8373615947316,719.0386538711832,714.244726420518,577.500889488295,526.8960634332356,474.9105245601721,834.87788127051,819.2968255055172,889.0854013414156,800.1352551945155,902.6777189835258,821.2907896983199,797.4571320594997,788.212406994384,891.3599521580027,744.6379961830393,787.7637655258179,809.2482969021432,843.6026343570394,869.0396124908278,764.4061526049364,722.7423919302519,636.0700987369643,678.295231542546,404.0908077074134,413.44787081866195,708.9444552562276,695.7848553796032,752.9538067756815,732.578503199986,719.138582193075,664.7037498778072,421.425987888972,449.03557106653847,650.0852782917443,621.6499047913329,364.600755702748,414.342936011428,423.7099018519123,403.9069663837499,159.4608388434153,457.18677495022615,-0.540099011115941,-8.029388693923982,714.1247721354167,677.4304664741128,745.2487289309502,708.7387109816883,643.5670533735333,701.8546644638686,-2.1611088750423253,0.6998205145131107,-0.11105752056755591,16.904367693187254,7.8976704730537515,10.305793882726933,-5.52333578798506,25.63599168553072,691.9295598810369,745.6604381214489,789.7867534048605,731.5943821774254,533.8711929695279,148.37120536544867,62.76039733128114,357.34408920386744
834.9611070147653,752.8938235417761,862.4893706930661,834.5834441713365,427.93523082289585,468.4749215351684,905.2660587535185,776.2266291273401,674.5955892679642,647.3979257990102,847.0726317118823,674.3916455435375,892.6020382051811,602.8461308812323,646.1363286972046,489.20354237095,760.7661294259166,698.7317830526156,815.8092190680376,832.2365338134765,452.52319203482733,359.20878009796144,878.5962339018674,899.1666664850144,594.3842691451467,746.629093673203,440.55458097299817,351.5931035743819,853.1312573270977,784.9280529634452,909.5871517952346,895.0291353352865,837.7581612538484,819.4749003092448,726.4797570270041,710.3288313164768,622.4235113874931,611.8806158701578,442.57286140429125,417.4142230744665,549.6513556808721,599.0928730964661,683.8077726023538,749.4580976296376,744.0396776332165,804.2859448884662,655.8101308523131,624.3850094688522,841.4318938286074,745.9570403812219,876.6910870133527,717.9131807201585,717.1639898839019,574.2340711799322,529.512230582178,476.6677069987876,836.2953581794329,819.1770802730763,893.693619948484,801.2706907220451,904.0190002441407,821.628645225636,795.2547640202607,786.4760642581516,889.5244574475644,743.1874194826729,787.0230081901121,805.1692863883495,841.0130559836224,869.2917775528207,767.0142459353885,720.9696477671139,636.5514561364411,679.5093571386296,405.48912932907325,414.1608168910926,709.7880174605573,694.7711320932475,748.5802391539229,726.841552734375,718.8909105468983,662.196919382483,424.9293794457118,447.66347879568735,648.9491059862045,618.3823993083192,366.39472416148465,414.3001773159426,420.692035781142,400.38316299278773,157.38120670210577,454.2471931658188,-0.5822403900518246,-7.9323078413424595,700.0992757161458,668.4208105054952,745.3090427070856,710.2014831957234,642.8843038212556,704.7496161915562,-1.982129693562839,0.6782024108459828,-0.1376751067132553,16.57547355803295,7.769635100840697,9.966425125315029,-5.3683556583192615,24.35069185845992,680.8840498490767,742.5533314098011,791.9767216420014,731.7723261193385,531.2102090798172,145.1927200168894,61.64123682587436,355.9878098389198
834.6421010646939,751.388019484703,861.8674498114659,833.9774194818094,429.30558970251747,468.5223161152431,903.9219380368154,777.0149268588614,679.7800666848008,645.0732124125371,849.2180451804061,677.5015635899135,894.6410950125797,606.5612199697417,649.8304588260935,491.911911074636,765.4539507192458,697.9165321584555,814.027320540271,831.7691467285156,451.0169924630059,362.29663645426433,880.1116210144836,901.6916140601749,596.2713512999849,744.7812094845615,445.16815950067,353.58405922518835,857.6162331059294,788.8166252983941,912.0911628142429,896.0991172281902,838.3500606730832,818.1198327636719,727.4717805281929,711.1051771784403,622.0960578414312,614.5893734825981,440.2044244493757,419.0968385975013,552.9724053554847,598.9365253448486,682.641725539215,748.8007675460165,743.6647970364286,805.2758036830969,658.1969914988052,624.8178253240519,843.0644662610946,747.659099833357,878.3142154060275,720.5237672084294,717.6140473968779,575.4725563853394,528.9165725566143,476.299057846959,833.8846274936839,816.1071294921416,891.4787915911581,799.7934434248403,904.3706243631115,824.2813556788423,797.1348495658384,788.2639811323503,891.0423594232816,743.9378191072503,785.6465143589492,804.467676918762,839.8051747121629,869.2022905718555,766.921817401508,721.1599126721992,635.8104847199327,680.949521151456,404.73243647036344,416.77705297335774,713.6438817508886,695.5541675615112,755.8545895840259,728.834468296596,720.3168612513049,662.8779859274462,424.68971508979797,451.0365006907781,649.6318012304769,619.651982790611,363.06845266678755,414.75765079539605,419.2038992392966,399.8785982943263,154.67327673823996,448.9413906340301,-0.5783644234987959,-7.794379403653519,704.5441975911458,676.4718457238149,742.208197042346,708.7589747916519,639.4912962966596,702.1247027940447,-1.948168876678928,0.6686316053107105,-0.12817755691573715,16.364564991679643,7.8362612331488695,9.776626477726506,-4.998684777153863,23.18846831602209,693.3833562677556,741.5204578746449,794.1409332480207,729.999423835851,519.5192710278081,146.42800818305267,62.04410902839719,345.3740665090495
835.2482409719312,753.7117717001173,864.0372203051264,837.5653617429543,428.1109440071638,468.3734751428877,903.5792290507883,778.1871819467748,677.4949760242384,646.7826783657074,845.9412808301972,675.5903777622041,890.8351692474522,604.5119549156683,646.4535476864867,489.1704542119213,761.822115821296,695.8221411023821,816.5988257981808,834.4460524902344,448.7748345798916,355.55391902923583,881.6170161964229,901.330076429579,590.7461257455236,743.5463384376777,443.1688402081063,353.3662125600709,852.4270568703705,782.7577843183352,908.7605565188751,896.3969301350911,839.9289113707462,820.0203186035156,722.7626260508662,710.2346110516283,619.6209231473276,611.7785778752079,440.54145723581314,418.37929166250683,549.7438834768827,595.642080783844,682.7753323420645,749.6605315366628,744.3298674984562,807.7969471000091,659.1431687567845,623.8205709340689,843.6847973915839,747.2345390641444,876.5064472605976,719.8993651756579,716.0187343417796,578.4344386867448,528.616938273606,474.11559666120087,835.4585223662762,817.9991459366348,892.4924964534026,803.4917457385537,901.369215565557,823.5314253711392,796.1711484693242,787.3526979532752,890.127528119443,744.115736892057,784.2101393485337,807.0715385617401,846.9856764192034,872.9113169296012,763.3689139426292,721.1261894976507,632.7373517237672,676.6404993626978,402.66840108235675,414.46856710944377,709.6172794279505,694.2093557777247,744.2319582675366,724.2919060843332,715.6930925727347,661.4696252563382,421.91177127202354,447.77279094338417,648.4160421900813,619.7212681952592,363.6003902771894,413.1590802850276,419.72010087377083,401.12825239969237,154.34237266896082,448.3366603855292,-0.5427322900008962,-7.857168023779958,701.2399556477865,666.1264989820577,737.0346413999796,702.8428895527421,636.636662465641,701.4261113781217,-1.9840103235581315,0.6699848297534994,-0.12398123487174835,16.409091513380737,7.714058537271494,9.866523319385916,-5.0745258000161915,23.70013378648197,667.6938643022017,737.6050015536222,783.9500673025246,723.5170589398734,520.1787343492695,146.17677272620955,61.89133188534867,345.9192071289852
830.9589992307012,751.2277448634909,860.2319928508309,835.2188921250195,428.45038414445037,469.975734519107,900.653024788911,774.2741210876627,677.9935138274212,648.3023057277086,843.4504645743021,670.3063095989681,887.0542074370343,600.7668973231605,647.4574136401883,490.06528563416623,763.0259555798572,694.3040282765892,811.9375880449668,832.0533662109375,451.1106684472826,357.0324135462443,872.1791631084844,896.388679625496,591.9324345114344,746.5396780705714,442.87530718850826,354.0500358078215,853.8680378176132,785.3037420578945,907.2082657300894,893.0499367268881,835.4271761360815,816.7115482584635,722.4105144998301,709.1296688217715,621.3553802221358,613.3732407181351,451.8988004922867,423.5684360288056,548.7164334156474,596.3476133346558,689.020066552692,752.8862488733083,747.7022273666679,809.1986599749292,663.4283153439357,628.0174780075366,844.7052847400788,746.2481992573332,878.6003263417051,720.6321624020935,714.6861323968177,577.7980279828988,530.7363469363529,478.09274332730155,832.8309020160453,815.7549828401318,888.3167455850358,800.87173086662,894.3882366677989,816.3315110314626,796.7032328322757,784.1821821236316,885.8834799581499,740.5816160412722,782.6838838748718,808.2353213738666,845.7996127863598,867.5614259835764,761.2647397153013,721.2929974540335,634.9004061637669,678.8398499592042,402.6454739777938,417.03103573221557,709.739938892302,693.4466265286648,754.4878358232214,725.5000305175781,719.8516202173927,662.1905351289399,427.63102391203245,449.1991849219799,650.5347620909434,620.3695307049657,366.3263759388643,413.76625569030267,422.6622991583481,403.14255569800645,156.65002620747353,457.0297548532486,-0.5624782905854738,-7.826300661057333,710.9108093261718,684.0289461814751,750.1481122672558,711.8842235237225,642.4636326850067,706.1179036785163,-2.026177537077226,0.6967500338718916,-0.11829568897419755,16.88370017038043,8.313086822029794,10.951743695301614,-5.519245968924628,29.549752989236048,705.6563387784091,750.8244151722301,793.7533755718462,735.6081011808371,531.8533463197596,149.14975612309942,63.692632957333416,358.41623736455523
832.7928952371357,752.1436021954122,861.0186369234826,835.0995494350494,426.98237888868465,469.7942548157381,903.5244212829447,776.8214390921086,671.8808645910146,648.5823529587417,846.1183742120014,672.8776445752098,889.1714667815901,603.3694392979628,644.2906446551802,486.9634127794365,759.3284558662306,696.1357215694414,812.6502528281961,832.0435396728516,449.4348363876343,354.18599427541096,876.4144533716067,899.5967627025786,590.719778050927,747.3581415742308,436.9917711289548,348.6864530377918,850.7210820755869,783.6135622377749,913.3058756830811,897.5609568277995,837.7439545453605,818.6571070692274,724.0515187139097,710.7766580236963,624.2549870024694,609.2117388689959,439.2150275356003,418.56432429592263,547.9700530005283,595.1513321399689,684.2818992800183,753.100221136735,749.7170143021183,810.538967734889,661.7322976569499,625.7436704535585,846.5788097073955,749.4654430259358,877.5605335211048,719.9469356162688,710.2287539382686,570.2369007176044,526.2444518484824,475.253434503137,833.9449260164325,816.4828031305914,888.8414690170123,801.7289595225963,899.6609356954823,818.6566819558252,798.4825048300834,788.2562581521494,885.1420311429607,741.3602106250842,784.1767827944809,808.7534226270312,838.5610675204332,863.4539818526631,763.9078141633455,719.7589469659524,634.7045597461386,679.4932945878991,402.3129754550215,414.0716552734375,710.9917223570777,697.1489393305482,748.9874618205619,732.521847316197,716.1543961667467,661.2461919856994,418.64324968377747,446.5295496805509,648.2168276765798,616.9230159591858,366.1290778216194,410.8087320585974,422.54548159986734,401.3416219507838,160.19772995081857,462.3045221714179,-0.5702109109638345,-7.832094365483528,696.4642639160156,670.4174437442068,741.0184262394905,705.9198183430806,639.8214047134074,698.2935506906953,-2.1594537954762543,0.7298192488253806,-0.11384279334909816,17.16678317138815,8.590632271776373,11.4011613037819,-5.74387448363834,28.090902928043814,677.3058915571733,741.0986072887074,786.0719371001992,726.6505065145371,537.3052317301432,150.4069214871055,64.00025776164098,358.28637417431537
832.9489339312809,753.6440552689812,861.8047279239977,835.8079503682327,429.22189120802767,470.23150931511606,902.8575784109235,776.1336375199987,672.9819764312433,650.3286127653279,844.5063252642872,672.509842457847,888.6719321223106,600.9722208648558,645.5560477100202,487.8434542402736,759.2538659516104,695.3335327832801,815.4366277935861,832.3742598876953,451.51155429416235,357.40278809865316,877.953482667777,897.2727696857755,592.2493440330965,746.0766395946125,438.8892670204626,349.2269715335634,850.7459745587043,783.1533162434896,908.2776506879511,895.592919921875,835.339809741004,819.6434343804253,718.1352775242018,707.6948414997883,622.0104206774204,608.7240536301224,442.69837972575,417.4853992462158,547.5427706358863,594.7406895160675,684.2298386853839,751.2802677244937,748.112851634331,809.9870468942743,659.8961106331881,627.319665082268,845.6690399539086,747.9342504148959,876.4265933828465,718.6638910606114,711.8582146969611,574.8584456350289,528.9199611041728,476.2208175791851,835.0537782065318,818.0179961086424,893.1775954207385,804.3478024142321,900.0773923658288,819.3780458691051,798.5880753636725,789.2889605235661,884.3670180021827,738.5888559165235,781.8379198800312,804.6309656427036,838.7269239486403,863.3270558731332,757.8282377913191,716.1895129719719,632.8252381491005,677.068412747734,403.1132383484771,411.9599667401381,708.1537743240107,692.8520203903008,751.1359603557181,729.411750793457,717.4275226081468,660.9930341138365,421.06229538798334,446.6692797883352,647.3296409606934,617.095391647089,366.0689879473518,412.41114983403725,422.2178955071916,401.1503780394686,160.30710433401293,459.51392900069555,-0.5717564951380525,-7.621580068827785,708.4703796386718,677.2492161120399,741.5044258832932,707.6153084077447,642.703791156525,702.1278891376878,-2.1787600611760833,0.729993610744606,-0.10457810080908449,17.299551787461677,8.158772947363802,10.330366011566898,-5.425006131331126,24.88881061708226,693.698447487571,737.8322232333096,787.417989231596,731.2608953548383,539.1089839561313,149.5621785835216,63.87990644664475,360.19426457635285
831.8380203202032,751.0785778158843,858.8429959872107,833.0130295894476,426.31571458106816,467.71536276595936,900.0798015838388,774.1987196202988,676.4427419779252,644.4071444761557,842.9730839923145,670.3451835602049,887.7155572750556,601.5194215118161,644.6224997008025,487.42381157886894,760.6943550833029,693.906971478383,812.0649721576793,829.5225903320312,450.07935979631213,358.3875581741333,872.8294812927686,893.6278922065856,586.75613579076,739.991888659341,437.87931702545336,348.53427893585626,852.3825874328613,782.0144913284867,902.8218537578433,889.8334590657552,831.8541312783451,813.5542674424913,715.5974630604619,705.9560105657004,620.8852274218319,612.0312473862259,444.9553092036928,419.96647915322234,544.0211624395652,593.7608275413513,685.9122398845733,750.609261499197,747.6044081100846,809.7650726496825,660.0274739265442,630.309768760121,846.9348400500513,747.0792120181221,877.407191960201,719.084994108864,715.0635452612634,573.6324718793234,529.6380057971177,476.7039964468311,835.6090674844263,815.9457594360466,892.1853410935041,801.9413586793429,897.4070228112262,817.7619302373103,797.8452768938257,788.5693480173746,883.3513147724209,736.4676442552136,778.3184991707963,802.1581736367004,840.9554977416992,865.6000831561853,758.5031415922148,714.2949848487729,633.2701789785963,677.9357232428216,404.02880129606825,414.00726210903116,713.2218790523341,695.1474679020926,750.949538210605,728.0598765781948,720.1638254552965,662.2939521884391,423.1984583624204,448.96006476402283,646.3966553809885,617.5534189764024,363.3727751339183,412.4167003321734,419.50494134798646,399.48358878603426,156.75688249493533,451.58132131243747,-0.5763519374433801,-7.585804536398987,703.608555094401,667.0869363041247,744.5271073430777,710.4652495923625,641.2094404571536,705.3292666437574,-2.0165777985965083,0.6875521069099367,-0.11878551730684664,16.716765499193155,7.820399332002591,10.097010121175703,-5.42999388774236,25.71301051448373,680.473710493608,747.3089766068892,793.8022172146996,733.174415298655,529.8257910410563,147.47239236350646,60.948163259661555,351.5911151006304
833.7535855744777,751.8786354931918,861.5690504929115,835.854568324716,428.89615810749143,469.1162202294384,903.6681577840221,777.3207069094638,678.3696519695983,646.0086894289392,847.7816091397914,673.7553393227713,892.5167865524161,605.3270111923758,644.3376960042697,487.01296085991873,763.5612270481779,694.7891796815435,811.6433393398007,831.2665711669922,445.82655906677246,357.0628574371338,875.1694388341422,896.4079749092223,585.9325361626311,742.1977833548744,439.1659075015158,348.36376372973126,851.348783241128,783.8350161705488,909.1302394116019,894.322744547526,835.7881138688427,816.8625606282552,721.7208275836447,708.5116205789957,617.7651746976743,611.2525234222412,439.8687409503119,418.76579918575646,542.9173228779778,594.4548916816711,686.8784234940059,752.2088991138043,751.0754269358175,813.7147248920642,661.6826756177855,629.4149913637788,848.4338022232056,749.7595305261025,879.1327089483981,722.5630033942056,713.4403083869695,573.4839887899511,528.7822988348786,476.625788189483,835.921817925778,817.9532855351766,891.5561933888215,802.5639479585258,901.5975778065557,823.2971795862933,798.5671271227916,790.8157992578829,885.6103081774356,740.0196065914262,781.2094203048878,805.6135038818869,839.2562007053642,863.2555896063536,764.5770934508728,719.5881129405537,633.7607937034117,679.9093198569822,402.94534567128056,418.0009896721638,713.3657237818984,696.4018001318967,753.208011708361,728.9827423095703,719.1406168005932,662.9210515009106,422.1018941116333,447.46413538694384,645.6210194121373,618.0758756593874,361.2097162358901,410.9374542993759,417.71241904903826,399.0927237366039,155.42354913983266,448.30293916136026,-0.53572684455193,-7.375435516202609,696.1423604329427,676.0631569038003,740.7964845597744,706.7694098873915,637.7508992366209,700.3869312771375,-2.0636494634221125,0.7010549874855551,-0.10813685444084237,16.631649838774788,7.987562293607423,9.910794496255857,-5.323139521810743,25.66384927665486,685.2745694247159,739.1396595348011,792.3625346958237,728.4179361077804,522.0863162769991,147.60174135889923,63.847163049560606,348.4762399936545
835.3972012695484,755.9331969901768,864.0321672056291,838.4469125665041,428.81714862557345,465.70608963285173,902.8629730497785,776.9790140780997,678.916066305978,642.8078183541533,844.1592807304569,671.7534017729381,887.6459176012828,603.718058835157,641.6395730497825,486.331546853553,758.2025086100067,690.9402127566924,815.9440404665424,835.3948132324218,447.0336358282301,353.0066621144613,875.7070362702077,899.3697738647461,578.3662513463285,737.1002616725125,438.62976452527124,350.1976463728481,844.9412773420225,775.026200358073,900.2066716071502,891.8054128011067,835.1765033269332,816.8078066677517,722.9733849566916,710.6319495511342,615.053992788172,608.9513474217167,439.4590945839882,418.63041027476277,541.9329723920979,588.260748386383,686.102208126159,752.3719102398479,749.5298863679253,811.4733998259605,661.2118232466958,627.5981453715505,845.9633153884641,747.500528602656,878.0056439256116,719.6875761044577,714.3269205307212,574.6742971644682,530.0774491452091,477.6207178214568,836.5249483708093,820.9245610849725,895.208031067323,808.3522998474776,903.1154944378396,825.4948806361473,796.2830494055326,786.816764698107,885.4063637576886,741.3248346211914,783.5374014961585,807.2373478721014,840.210503256245,864.4832684427336,760.1479082537127,716.9945514866563,630.2108578463213,676.4887374283431,401.2892944778221,416.79066058951366,709.9454220005723,693.4402863435231,741.519459825881,723.1437737601144,713.5205797071201,661.9592178137922,418.25824206670126,445.5534492524465,644.5875468678412,617.6750060782927,363.28543595706714,411.515396340229,419.7349401069029,401.2670736666658,155.27901609123793,451.40042764206726,-0.5023731556979733,-7.554767682960995,698.7014912923177,671.8831259517347,737.8766746371984,705.1390719176418,639.4096838530087,704.0292632179039,-2.032840877674205,0.6962018091800726,-0.09891713701955074,16.791808696782287,7.965334341057987,10.114608120956829,-5.1124005979961815,24.87979736573556,675.0346846147017,737.4733908913353,786.1751801151557,727.9616222140155,524.0939557692584,148.69912809760947,63.10775960756071,346.09951668772203
831.3630111631284,753.1959249572923,861.0518426203416,834.274884770116,430.8444980837578,467.7400445980685,899.0991558857891,773.6593375709209,680.1259562239355,649.6598891547469,845.9577175233422,671.9263546720383,889.0974136404885,603.2631180964501,646.6126892317587,491.3433199875408,760.8154524672088,698.2836520331247,809.9243027551878,831.1319305419922,450.96274571948584,356.395823542277,871.0915416150555,897.6862777225555,590.0286467137761,743.4836769104004,442.1154092398796,354.00500570403204,851.6396187836269,783.1101834520881,901.8085951917753,891.6327486165364,832.6362528396866,814.9035556369357,723.6165795367697,714.3873283661992,621.9565090902051,612.6978200983118,450.4967578308923,422.08220507053846,546.3603320512615,598.0944542884827,689.5554116188533,754.636686099084,751.8515886343953,812.8039912173623,665.3077571372355,630.1831376585927,847.1053605541106,750.0634021986265,881.8011110715731,723.4257132599291,715.4710734360956,576.814837549247,530.765812685604,479.60584543906333,833.5667757032213,817.6501840893869,890.016780523708,804.0864495300665,900.608215066661,821.2322945394177,798.3145251376184,786.6632057747232,888.7248141160652,739.9282543597603,782.3060519405965,805.7883831761643,836.3867801739152,862.1058681762021,761.5214980529236,720.2813840146924,632.5809401765875,679.4902210318165,402.96557197017944,416.179570157763,712.1086433285573,694.6319386335824,750.3358491938164,729.3883459908621,720.4191536665876,666.9814842264296,424.35491388320924,450.61978454430897,650.9020871175018,622.3261115956284,367.30683980829576,413.4661044630118,424.6618077641663,404.5258250899338,162.021658008361,464.4069250918428,-0.5019400899723728,-7.49654334892427,706.5971130371094,678.3967073084945,752.120254278183,712.0219089628885,647.2510101144551,705.6781793806547,-2.2585263449968567,0.7706873998287376,-0.0683681040039558,17.752914658747198,8.913034705096477,12.229540620220108,-6.344720171557532,35.226347379824695,701.475830078125,749.8250621448864,796.3087459282588,734.7337779757343,537.4163749545228,153.50243663683273,66.10624117742886,365.2226716300537
832.3299748669549,754.6847025192145,862.6409934335317,833.7415891163853,431.7594957972682,467.85853442549706,905.817609777231,776.7062767216499,676.4758367927707,651.7449660692058,849.5378262899756,673.746376879253,892.5895228835772,604.244973159512,647.459633091789,488.1156772774443,758.6087426099732,696.5540682136815,814.291685257835,834.5148739013672,449.88908486896094,356.85719839731854,880.2187391449019,899.5317543271988,592.6328050603418,745.9105603354318,439.37702544091155,351.8713764614529,850.4440966192282,783.345731758777,908.1859622664965,895.5347951253256,835.9879031423795,819.3332505967882,727.5238934060802,714.139159053205,623.8310646695712,607.4546250237358,439.78947295035636,417.5347945199031,549.365632354236,596.9238677024841,688.7048819367848,752.7435094824334,752.9016013822848,812.1312843902766,662.2301286192965,626.8445308709687,848.801223398024,748.9008923933303,880.8624239299288,720.1396633206718,714.5409818294337,574.9156770425684,527.3585737996584,475.69682565921653,835.042128296567,817.3618392580086,894.049780439867,803.3366951700895,902.6059261952275,820.9064921406866,800.5952556155144,789.0884202576468,887.2458389054483,738.5710130381646,784.140060901106,806.7232320729814,841.3858478327465,867.4852557946306,767.1928950129328,724.6546607721048,633.0186028436783,679.9208434794373,404.95308475217956,412.6117422614299,711.1696692294762,699.0075480987422,751.5649427048703,734.4513419015067,718.6109147053569,666.5315124461664,420.4290267276764,446.75297192494077,650.3018332611622,618.5608907341391,366.3417581894818,413.38028141393556,424.6383314143556,403.3806336296898,162.703857671441,464.7312603352467,-0.4871740607799169,-7.200311408028703,694.9414245605469,669.6399572340108,742.7461515665054,706.5114876932688,640.9973483305927,697.4166590427128,-2.2503508269690333,0.7807192285648651,-0.08234800755267366,17.810489598918608,8.787248487401119,11.283217361529262,-5.872697962654962,28.88620895497939,663.2962590997869,741.2361894087358,789.3525355806287,724.9381433800806,539.2043750800339,151.38416285054726,66.69994908751863,363.535797869337
828.5429482668321,753.0068719471344,858.2615794432432,831.0157546016325,428.28064055775485,464.2069206961564,899.7962438611016,772.8968811578953,673.8614623984512,643.866729228223,842.2031734435539,669.814338552195,888.6160496732997,600.4629272483138,644.0814815302987,487.98794839636565,754.46908233968,693.8836398584106,813.4161828870517,833.0740249023437,450.84720018174914,356.27324136098224,874.7318053142333,895.8234940180703,588.0906147956848,740.3082516848386,436.3027751353564,347.0783922009998,850.1906622400824,783.4637485833815,900.7718042889292,889.3404669189454,828.6333894891254,813.7330308702257,717.229262111498,706.5716718191123,621.5929954629638,609.9384476697004,440.5294082159443,417.15680434730615,547.9369852034772,597.0743267536163,685.9359276162254,751.3441201160305,748.1146665217152,809.8555180956746,660.0487156623651,628.0487492284575,843.5370818845687,743.6339841881805,877.8332985739297,717.1326967580937,715.1368408908759,576.8022916831222,530.5782851607507,478.8114851997059,831.9273009451691,813.1765941585655,887.5066878981003,797.8223090699645,894.2297425377888,816.4218154385637,793.9388950942853,784.5859182420581,884.7861359439679,736.5289698873071,782.5823744870304,802.7920837946164,842.6540017583568,868.1143633594829,755.6019713255736,714.4215805804143,630.7521374903688,677.6023478982769,402.01905314127606,412.7083710146622,706.5677606551374,693.0798071390366,748.1340851479388,729.2434136526925,718.9862091385999,665.3519012124499,422.53642362594604,449.38431789616743,649.2973879255387,618.8984809331631,364.2494462742525,414.5223718808446,421.93482770149905,400.77426868357446,161.36354219272704,461.7964469885599,-0.4879756010896354,-7.265593549590117,708.3178568522136,677.8165748725503,744.2029235959053,708.2682506164275,647.0459364751216,703.6915992253568,-2.123434933151753,0.7494482045613781,-0.10242961050966738,17.548989415428203,8.228431043148888,10.61764740634438,-5.399312244521247,26.168874993043787,689.2251253995029,734.8680708451705,789.7720107520187,732.4506891950776,540.5481257158167,150.23243671132806,65.3874682206096,362.7274647252313
828.3860097522578,750.1513505006077,858.3704007270078,832.3677422045712,429.3713386446931,465.27011503066336,903.2809695986124,776.3316610295722,679.2420708014041,640.4576028917656,847.0763304795676,673.0399250651162,894.0626685271745,604.0410287382632,648.3018908310886,489.86965606112045,762.9428550123604,699.0753351382639,811.9267884470037,831.0619107666016,454.73526657952203,358.53222332000735,876.8748308982684,897.586317879813,587.9415891382707,742.8053587714394,438.8712492410649,349.14220968882245,857.0085793981012,790.26576982663,913.1989587498462,896.580278116862,833.8574023489225,816.0713243272569,720.1687462848166,709.7750137512943,621.4154962884172,614.5262168601707,444.65550949105193,418.6543635429068,547.887879168401,595.3559198379517,688.9797005766914,752.8989054241451,753.290991419205,814.2828505666632,660.2262681959089,630.5507741991456,847.6053456014203,749.4129512946278,879.6239282320826,722.0894545028867,716.6004685714106,575.264491258883,529.0626331483069,475.29259417217025,831.6597709363288,810.9754601496237,884.484429287344,794.0985540806912,895.6608989682405,816.504117555217,794.5698372377168,784.6920568756606,889.5298262069474,744.3978444223487,782.2600587094768,805.2654429529904,842.0100419840236,867.0390810465944,765.6156336466471,717.7136604434154,633.6135907654368,680.0204591957522,401.38646908082825,413.4660629487374,712.7707652732975,697.100597207477,752.8886069439827,731.1793921334403,723.4220231008712,666.3270172750093,425.6808820358912,449.26935277620953,647.8885168739353,619.895396485854,361.616881090052,411.85551665405933,418.23335011202533,398.7534677955334,154.0396681475613,446.78366292973357,-0.5832927028284218,-7.817974603105284,705.4084676106771,672.3976993884071,745.3984747231007,707.4695520875681,640.0734417286841,702.8869971669391,-1.9564992835324742,0.6728353837953398,-0.15293658426282614,16.43754542077846,7.428499032376098,9.614212512340952,-5.329507311185201,25.892732045229742,679.397743918679,749.8702037464489,797.3425213090526,733.2122974637189,523.5002331827201,145.40429756620475,61.31515094795913,346.3196816444397
832.1121371707218,752.2184426748391,863.1114858475366,838.8653379773714,427.6783803451893,463.4375946819782,903.064105727382,778.1271739286058,679.2882026263645,639.7846817032236,845.7266393521937,673.6001270184441,890.1576845617278,604.5926873056512,646.9743519730829,488.76050327433546,763.5085176596709,693.1498030636002,817.9143702773756,836.8053784179688,447.07484568489923,360.2136989593506,878.6052024588097,901.8131011478484,586.257858516034,743.740165920048,440.1341619491577,350.00833299424914,850.7925305636423,783.604682451413,910.9316281296137,894.5987870279948,838.0056635969776,816.6613913302951,722.8880015497622,710.8064174422299,617.3076267326455,610.4120854271782,439.2812721984727,418.3709369366535,546.8671582331423,593.7551860809326,688.2451862191397,751.1000407431363,753.0083896031286,811.9698520236545,661.068665535982,627.0945682392254,846.6102636983318,747.0375592051363,878.3525830321637,720.039474729561,716.7737675739511,575.6589823797638,530.1218288956908,478.4313477431889,834.952362979751,814.5888922545645,884.4067576183871,801.9716934558375,897.2496101180367,821.6156106843918,794.9832836582756,783.9425587595244,888.8932808263978,745.6692646064191,784.848915301548,808.6225893686477,846.9650699105232,870.7121831567248,760.7934221147417,718.2347914898982,631.4421831883421,679.253711122455,400.55674942680025,418.99308712381713,711.4982859502073,693.8089627467745,750.0350082072806,727.2401787894113,719.101466569864,663.3568116738076,424.22671681404114,446.8208089907964,646.3494817187608,618.4311666383452,362.92233442418717,411.68165713527145,420.984113066302,400.2724852785024,160.59964473176817,459.8212590722243,-0.4493365010070934,-6.876689516603797,699.4998352050782,677.3905810339976,745.0051543414593,706.5281898015226,643.1167221120902,704.7765257224477,-2.2521389612823106,0.7736675630013148,-0.05455877676735674,17.738464090690858,8.643224398281108,11.087670452914999,-5.801033324665493,30.39875802573036,682.0161021839489,740.3427534623579,790.8099414390206,731.1220490660849,531.6323603274775,151.91228368094093,66.97041916305369,357.27916602430673
827.6300743017456,750.1470869020982,859.7958333290998,834.818402998001,427.24447481909465,466.41899303134,900.7858562800789,776.3114094072707,671.8530658702462,646.9948277747045,843.3173117909005,671.6456852844783,887.9621096524326,603.7294195518803,645.4341183467884,488.14120504696376,759.1467389924832,698.2471554968445,812.9938241366682,832.3913349609375,452.859089533488,356.9690993626912,875.7591901506696,899.4153654310438,589.988217873099,746.8207550468026,430.68682611647233,348.1792043712404,850.5565431702812,784.3111946011767,907.5951030260621,895.1390350341796,832.8472537024546,817.0471031358506,725.8883998704994,715.954345703125,624.1945540642423,609.6113089102286,439.93709676287006,419.2296172411701,544.1957522532979,594.6717526912689,687.7080316884177,755.0867991153663,753.6067478636845,812.9319636473182,663.7276927538154,627.3051626498883,847.190330120825,747.1526846060655,879.1964278840958,720.9159711491415,713.333874698177,572.2958935382319,527.3542644710778,475.9421652405235,832.0242541376889,810.6764328270046,882.2772712130784,796.2744659681929,895.888612113621,818.3052324955518,795.9361406028818,785.2444891360561,889.9015424927669,745.1946441622051,785.3854235241922,810.074238537084,842.683204602284,868.556102267945,762.1970668483425,720.1953091855909,634.3824607079182,679.7993531330324,404.7142559549083,413.55792515714404,710.2755064417104,696.7146088532887,747.3707418238863,727.2077146257673,716.6482308997962,663.2853871050461,419.14529092788695,447.9352725156148,648.1918116397269,619.3273474699752,368.3705315085018,411.74769662519657,423.5446306845018,402.29567534669224,166.23209611587038,467.0741796774169,-0.4963243627571501,-7.0928077894015615,701.3724507649739,675.1283023640261,742.9640119075775,707.4080143578991,645.2060860437898,701.6879535671551,-2.3996980065517404,0.799390171399271,-0.05744102704973127,18.050755818024534,9.271608406672325,12.253947615315537,-6.073349667920007,31.085590263061665,681.119218306108,744.059033203125,789.7141912063496,729.4682184533228,543.0340026406681,154.38110040677222,67.25401776667798,365.8273567331248
830.1161250415067,749.5880661781388,861.3523424763175,834.2380602611488,427.1304294253504,463.3980232349464,906.2501440283994,778.4672075782938,670.724409823515,649.0834787087363,843.6982379696234,673.1512554706089,890.0315859289153,603.2075090847517,644.7641979046722,488.4603771465292,755.5438860039011,695.8498629826644,816.4366057823444,833.2559337158203,452.50539832644995,358.024325243632,881.7844123344917,899.9157552567739,588.4232784665692,742.6331629910312,427.4569378926609,344.0976591507594,849.0526499478323,781.9169946741175,909.3722164124016,897.1526849365234,836.5897986201917,820.4401232910157,730.437660548998,716.0043246717338,621.4788333707969,606.3116529252794,445.58585543079033,417.51383833224406,543.0045681312436,592.0121083259583,687.3979840562457,749.5122423578778,752.1961681132198,811.5727426629318,659.3595796656017,626.3665215218817,845.4837856108143,747.0831650624876,875.1511481050666,720.1412080874146,711.0278268117006,573.3664910325817,526.048071578595,474.4956578656226,834.3362328319404,811.7973172849527,888.0347821480769,797.2203565457972,898.3151369310461,818.34265334475,795.6490607305404,787.1884457858993,892.0112197648233,746.425562512813,788.2287970896517,812.0226397826045,841.9885468695574,869.3641269747064,763.3459792266021,721.8104883412846,632.5342853791124,677.9624063070719,406.3249087126359,413.59318048181666,709.3392695442575,693.7582101149183,747.9920706241688,729.631483895438,717.0565641264349,663.6528499310847,422.9486793454488,448.62988334973653,647.8888328401002,617.3594934449293,367.5937143998988,411.5898942598797,421.95062100638944,400.3614882289369,162.68765573037538,462.1269893661514,-0.4713352459075395,-7.033763778933757,708.8952758789062,668.791459681624,745.9972061812878,705.6691880031948,644.1598346378967,699.9094703448139,-2.379599192492223,0.7965907630269174,-0.07286154569042952,17.845427913475007,8.853115564450551,11.485092161483037,-6.516988588704003,33.640393912792206,678.5230990323154,742.3329079367898,786.6118928026033,727.4505802589126,540.3098589205274,151.25575604355126,67.38764400373806,367.3021531269468
825.8915345508345,748.2748080768971,857.8768037394593,832.21282627015,419.5493623522825,453.1042859337426,901.4445858717168,776.9352477751387,675.1043261277432,627.3348145905088,840.8027471526851,672.864999759008,890.5900090971696,603.8140232981096,645.6939665381589,484.90558792994574,760.9952942003006,691.3921524377361,813.0498915339795,829.2733684082032,444.3787687089708,358.96286430358884,875.3363980820341,895.3205536736382,576.295955907612,733.9629305116423,425.3190663427279,339.9303002489938,852.2409889653044,781.4094212661555,903.7442519620961,891.279698791504,830.6547833458852,812.1699076334636,721.5280379585598,710.2374149919992,616.8831668803346,612.8378470385516,436.411666482687,416.1907356727436,536.6259909457848,592.9378628730774,685.8465427467747,748.5868325256058,748.0801183546486,807.1153489497669,658.1190552908527,625.9346144299407,845.4586930367254,745.3951066707936,875.5037062557815,718.8166482160749,713.6374298232553,572.848044797486,529.7152462864218,476.4973475776991,830.7144160025222,808.9332942874344,883.8870406264106,793.7715173903817,893.2499133831521,819.1777158323615,793.2987579789001,783.8674221509768,891.1338451442434,744.0223864277666,783.88503003174,804.7182589127723,835.3050594451321,863.3414832689485,757.381058770257,715.706594185751,633.8946128635232,679.6795733563312,401.7844364332116,415.81128445477555,713.2955955130155,695.1511612888194,751.0718682471742,732.9866169520786,722.7062887432932,667.2833359893515,424.05639546235403,450.4089428981145,648.3383270801427,618.6697269192448,362.463209399055,413.35245445058666,416.27221198235446,397.0255040219331,156.63586429716364,450.20020436195034,-0.5082522411623224,-7.337256578912197,698.4234476725261,670.7224095231396,745.235354155302,710.0236410080578,643.1454873191188,704.0249460821922,-2.1148198162373344,0.7033766192556531,-0.10522493611435207,16.747865564435624,7.681727401620898,9.64204906101241,-5.369848198360867,25.113965476260464,673.9514437588779,742.3996548739347,795.549617485712,733.5497079197364,524.972084718592,146.24945036256523,63.59583908545248,351.14356118235094
830.466991355315,751.8750292168121,862.6008881513344,838.088722577608,428.580250642466,464.90441215464045,905.4611707038587,778.3281474669436,681.749463402495,648.944302730873,849.3587886841317,675.6589630142091,895.6400518401,608.354932495457,652.7956692425173,492.2552878353791,767.0198656055035,697.7093281318183,814.9074510596264,833.0194777832031,450.5069825384352,356.31217835744224,884.8833627411814,901.230080619691,592.715315349439,744.0249290885506,434.92430028862714,349.6484431160821,855.5272058450951,787.5227435076678,915.006530281127,898.9541538492839,838.8239606437037,816.2419775390625,727.3285641877548,718.1912385871611,623.1423226243073,612.4481930202908,443.6512190657003,420.8621826707647,542.8210984527087,590.8009073734283,686.6772450681717,752.242521240813,749.3664256975179,810.531519036544,661.1848450298152,625.3473449624502,843.6519431544889,746.3715006039639,877.2558319602387,720.7299993200081,711.2532717230074,573.3048244831609,525.7877463690976,476.1521977315704,831.2188654353297,810.5231343375312,880.1801606542863,796.9997808150458,898.2762985627547,819.8206407367991,796.0240212420076,785.3358016072968,893.8775325604339,746.1975372250382,785.0731323885115,808.2435729221773,835.0699713640153,859.7607435363433,770.7539523700336,724.4380267409027,636.6222048418238,682.2011204839268,407.4189205446105,417.75042251801824,714.4738663220015,698.2464077898081,754.706850741772,731.1193749564035,723.184502674702,668.3759100891608,420.5295026397705,449.6894728644689,651.3162164007515,622.2316871821484,369.0163007848403,412.4434425546805,423.4722557969314,403.53376906275463,164.09072792504762,460.5853749087701,-0.510909153751089,-6.959289714731501,703.7570007324218,679.3237816762116,740.5748403668404,703.9635140259342,641.7000486893205,699.9055873944008,-2.5218390574262135,0.8224631413679432,-0.040923817274180305,18.04000364438759,9.366302286031969,12.216193662496954,-6.5430267453193665,34.36238533784361,681.2911044034091,738.4620916193181,793.6616929841522,729.8957225944422,532.0380853017172,153.70702932487455,68.38986077272531,360.37655921229003
826.6004531707223,749.5518704803303,859.3822846520386,830.7890456874532,428.51567483059193,464.4722115823201,901.1572964099972,773.5371350939223,670.8426021264523,650.8272832925203,838.9548678514434,668.9829886815851,887.1042704901197,600.3834619662057,647.3701928907366,487.8501325931502,752.9708566168473,692.554229707813,815.1870187342852,831.4089636230469,455.71633927027386,358.7898726145426,874.8625681823466,897.309316725958,588.5251266070061,740.7213673015217,430.375740736229,345.5082257323795,845.4496295137226,778.7586569703656,903.7893088833866,891.9019842529297,831.42544478077,814.1530541992188,727.0027433975883,713.0313349344644,623.7333098424164,606.9814956099899,443.94984926070487,419.8132651164737,546.646607946177,591.348902463913,683.5208478584176,748.93004405668,744.2254400651767,806.4506566454793,656.9738005843044,623.6090142318419,839.816217653213,742.2692821298526,874.1083532699133,715.3494466399283,710.4103453255555,572.7713843700933,524.5543294327721,473.5173828756946,828.6978020892608,808.2720707445233,882.2927490794633,793.2321926979365,895.7508110776155,813.996606302107,792.4675093834553,781.8821625042355,890.1979526121225,742.9699038778473,783.5075867642178,806.0016080222309,837.7159500608019,861.9344880330628,763.035865440025,719.5091335109023,631.7123879248943,676.9349889713965,404.1274305702984,413.41378848653443,707.6580286495021,693.471533557686,746.980750550615,725.650615147182,715.697844925283,664.0391871557051,420.6646753120422,447.02476113756495,648.9569678840134,619.1357178472952,370.37881303675033,412.59505741518757,425.1172195481292,403.17670002709343,165.29013967964994,466.5868248039484,-0.4342662496513825,-6.452264112073711,700.6006754557292,660.8572604939089,743.4056366980076,700.132575160238,644.3653177499165,697.5999174473629,-2.4717217286880966,0.8482042354980001,-0.027094635292344852,18.34305454890751,9.605749904641538,12.566907969503088,-6.84832759698232,37.11128719413982,660.858359596946,740.0143277254972,780.5441841279101,724.5555023965957,544.0440794439877,155.68521905206796,69.38860376314683,373.43927970425835
829.8322615415175,752.0970695452256,860.3903988215643,830.9852444176893,418.3314035881397,454.0937164489712,905.5825743841901,775.8646619902266,668.4959209816797,628.5345388201416,842.1571287139644,674.978417909713,892.0175856366166,603.3261026607352,643.1512400006774,484.0397080570533,759.6387483316576,695.5349316010839,815.0603854007647,829.23856640625,449.2992125617133,359.25976308186847,878.085521769558,896.0102339850532,582.0095081903547,733.9846056843852,425.26121799721903,337.8900209930208,855.5522897108546,786.2795188621238,908.5030134706673,895.4290269978841,833.4025017689851,815.2962297905816,722.3949534540591,709.6245392948748,621.494641543485,612.8880466885037,435.80353619796887,417.2731889874748,543.3806187363922,598.9287867546082,680.3079407309729,746.9992208616428,741.2510921616408,804.4134148491753,655.0475005177427,625.0223693755956,840.4064917656683,742.5437220100783,873.5548235329882,716.0370617689981,714.4277088353452,569.0650743970684,528.779457389779,476.25309514531136,832.6704833583268,812.0174086712025,883.7486370078431,792.830911254346,895.0812073284646,815.9076244576463,794.3592336462178,785.2094658470938,888.6403474950079,743.7526416035431,781.7081120780344,800.5293225154426,838.8349983555496,865.5448441479087,756.9801332628405,713.57704612857,635.3906444584558,681.1977302584297,403.5444178926772,415.7920147533148,713.0510762949459,696.526151158503,755.3995932721077,734.0114996773856,722.6863587039641,667.9746518279966,424.5394047673543,450.8613775920868,647.5936310990792,616.7767541040608,362.0636958851534,413.74090005172286,416.8342643591265,396.51893882252745,157.3473443393303,450.43174018704025,-0.5507916645599633,-7.509473885149063,696.0764526367187,670.8839468228615,742.6009423136711,708.6062368332531,640.5866915506261,703.0453569836604,-2.0533003789797046,0.7188403450038836,-0.12116924381888147,16.812619576458694,7.478518473696167,9.12351684871703,-5.365450753106011,24.43621026067173,684.5841230912642,733.8073741566051,794.2553180464162,731.2804768236377,527.8766952963437,145.92701495216605,62.28820544029727,355.2300219946894
832.4026780134109,753.9634800824252,863.5695221863518,835.5661012964895,422.3657405986342,455.05721101271257,901.4704838563313,774.3767178409657,679.7860857710547,626.9457896283416,842.6618889289174,673.4998638274178,890.1884839694251,604.513533123109,648.5077038356914,486.8326730325855,769.5830970917833,698.0378483743763,817.0814308663438,835.4237862548828,448.58520481321546,356.61659228007,880.1748539207646,900.1287634107802,579.2372211236604,729.0351518772461,433.47171427268347,348.26209570301904,854.5070092543116,783.4187133035542,903.7381796849369,891.3767474365235,838.0101261462196,815.9327322048612,721.6093821649966,709.1892950218844,618.1500100963441,615.1233452690972,438.66308159474283,416.5776273206937,540.8946124217549,592.0029525756836,679.7127856375679,746.4956899706222,740.7536515472327,805.7514590436255,655.633611923407,623.0048338783371,838.0033608436585,741.1275550487104,874.4236407777057,714.16505600557,714.7893966024767,570.0940074640162,527.2463593452269,474.1320414174403,836.7920358413412,816.9336588046065,882.0059627261069,795.6725385104066,898.2625454313859,818.3899476751926,796.871263789839,783.1592395217331,892.7528266337381,738.6541788331606,781.2066904957375,800.8602077911229,846.7805825980605,869.8217515471232,760.8402043248082,716.4239295584257,632.4151153564453,678.7974922213203,400.88924817071444,417.5683849495901,713.2813659417825,694.8162132674728,751.8640253594581,729.301751273019,721.0072974135593,662.7482161100398,423.7080698458354,449.2118924331665,645.7421471936062,615.7655038866449,360.8983891879811,411.355385349976,417.53620805886266,397.23359051041297,159.09936122214563,451.68986863533655,-0.4018456510470801,-6.686334536903701,699.23193359375,672.3064500194484,735.3895421028137,701.9524768121642,637.8892984456992,697.4797518422376,-2.2195355981254434,0.7695757694266461,-0.04421411618988325,17.55587788979007,8.344983512142859,10.184607315018036,-5.475681695673201,26.949408292770386,674.3697398792614,738.4473399769176,789.0093170780464,724.1205490691752,524.4906959159702,148.9589971293483,65.4331591147365,346.8334469137521
829.708559515344,751.6101799751773,858.6037441303557,827.9133427204839,425.8681864050932,460.58380873820613,895.753354868519,767.3553610748941,672.1564886229379,644.3374788409374,841.629655481354,667.2607888630458,885.8836916601269,601.2444425688582,647.9982956535188,488.46925549235,764.4208097231897,701.4950400032475,813.2742133889618,832.8518033447266,454.89219824473065,359.3118546803792,869.5564886095892,891.1915135459294,592.5472420859711,738.2270418104234,429.4344141759925,346.06514178382025,851.6767027513037,783.1242291485822,899.7863767929277,888.1818131510416,832.5435427649546,811.2627944607204,725.2555226201597,712.7991814670793,627.2225754523593,613.0075644740352,446.2244312763214,422.6259542212504,543.9018267021804,595.1010572910309,684.0054995786576,752.1812809948673,742.8494310990018,808.7384355333116,662.1703749254715,624.8782987461224,839.9234519343222,744.549175049902,874.9972207402017,719.0661165419239,710.3861113492684,568.6934020659503,525.593457477872,476.0387013198262,835.9579304322225,814.461353853069,883.726416882377,793.8686991006304,899.7467680557914,814.0343602374919,797.8699397982443,782.7969899197175,892.8565529780601,741.2229121184164,782.6322943333829,803.2596365314531,846.5027097471201,870.1183373888554,760.4007101660376,717.0693019179047,636.0005428769173,679.3100807883523,405.7101699165676,415.0631279743893,712.0856567132669,695.7045077881872,751.6237948803191,727.493516104562,720.271520227308,662.7991659316898,423.6166891670227,450.5155639187495,648.7176245886849,616.8909718951835,370.6204579185037,413.7716256439256,425.1827162569777,401.84541526896805,165.36537681411988,469.87220105240743,-0.5085213453933614,-6.617365360922429,698.8898559570313,674.6523843538963,745.8401775062084,703.1906284315014,644.943903713736,701.3189838777836,-2.6029964557168284,0.8645015656810116,-0.03004994274022138,18.64907901445643,9.734494193267272,13.664076278311631,-7.268406238820818,43.065666170681226,694.7293423739346,741.8107266512784,787.523125565292,726.5280199654495,539.0632630890491,156.57567153897202,69.87925734845075,371.50440104254363
833.8680007556253,755.3878719662175,864.8028508207885,834.5567194707841,432.05076324995173,468.10838232934475,908.56893173569,779.940840565296,674.3655544397782,653.1045032641927,850.2001104277324,676.5136699615963,896.9275370838303,608.8077177863854,647.9255045634598,490.512808579665,768.4800859604967,710.1959050897744,817.5846193978613,833.1498262939454,456.61085187064276,360.928483581543,885.2753004153914,900.9749041360523,597.3355893090134,750.2370868305584,436.0794423271938,348.09985315799713,857.1112973914957,793.2504523383246,914.8149909072035,898.8017789713541,839.6047875355866,821.5728282335069,732.0969970703125,713.0639361645802,629.015483973835,613.556715576737,442.88421329935744,422.692107211338,552.1694235879867,605.1689386367798,690.2423978608753,754.8025391565114,746.5338338676602,811.6957314474541,664.8498087599257,630.5167568796999,840.9190013577861,745.2419260897594,874.3110762587538,719.0800365466228,713.2545129066091,573.1014274802862,528.2525316724557,477.15168490230354,839.0641800545131,817.7455988156574,886.033670038178,794.3591781512434,901.5301802394702,820.8132147187168,800.4417417450418,792.9868153819332,895.338632384343,749.1784538292453,785.5281818839941,806.4731648740915,842.1230264165599,868.9297898434802,772.3823836730407,724.9440807279993,639.4341157685726,686.0664947641876,407.5390989884086,416.8802793261031,717.9698356253202,701.9728456869165,757.3535961394614,740.4492274693081,722.9298219790404,668.9466296888846,426.8371615028381,454.2280764174461,649.6324334652938,621.3780152369768,368.862353145375,417.428128727937,421.16439528825384,401.8097476119506,159.2998200623834,454.4016071722905,-0.509108344939132,-7.56996872318605,702.1906473795573,674.9826892917439,743.6396745443344,711.9004312230451,639.9430893289527,702.5319286453695,-2.093051780731338,0.7258792025761471,-0.13440122882262648,17.116131787448207,7.806547762047041,9.54842439891773,-5.300195541646746,23.031275644021875,679.2106656161221,750.1878173828125,794.1674579389943,732.11461591117,531.7376723569982,147.05158815676705,64.01330843500115,359.9312364890658
835.9562884578668,757.4590781264835,865.1869640282304,836.2324540000632,423.6149069896964,458.088728549225,904.0827141003231,778.2064795506254,679.3438545733082,632.0550346218172,845.2603808147152,674.8126109198919,893.3686499881908,606.9198109775419,648.5944034305971,486.50634551580725,770.5135111334199,701.7594853740594,818.4402010395153,835.4905131835937,449.9995501836141,355.60200125376383,880.415150652028,899.3549643622505,581.4692865354228,732.1954886572702,435.3356640799928,345.7212011019389,854.3905998086029,783.9126028555411,903.4390124223364,890.4151271565755,839.365954900192,817.7451475694445,726.771273936396,710.8635673063347,619.6417540831712,616.8650350217466,441.67584452033043,418.02433082494844,546.1845392946337,595.0512065887451,685.0771540810191,751.5042528993146,743.9473825205004,808.7845832869324,662.2030415397045,626.9227176346145,837.8188751005357,743.884101120258,873.1080044386777,716.8524914142831,713.8009327944084,571.4159528975393,529.8465466981036,477.43583873055763,841.5164313927407,820.0264445897192,887.2487456031289,801.0815498743898,902.0577599566916,823.4978303533156,797.4003616356339,788.6958963841568,895.0681003172007,746.8054904977788,787.2170192466693,805.7197290693769,847.4368378949014,872.5174530197902,758.5960885125238,718.5201499188532,637.0402176883242,684.2223723440459,403.14778623719144,418.45906819088356,716.9478732249776,697.6822266638031,754.315914072889,734.7204775129046,724.8115266017987,668.1914691329002,426.26929111798603,451.91130266984305,648.2355382373155,619.9460896413211,365.06237451889933,417.14599993857234,418.89636496190604,400.6882674506509,156.98298710048775,450.2974650662144,-0.49377041222383183,-7.376358873287677,707.5119486490886,678.5166165626655,740.5465823411942,708.4260518691119,641.8452026076596,705.0767948528373,-2.0514295059583674,0.6848472124672736,-0.10336351348767371,16.80330667080577,7.837174868277358,9.478126589981189,-5.09494067562951,24.135801013778238,687.8883999911221,732.7212535511363,789.4983207139393,730.1856411318236,523.9995708091586,147.54106846085767,63.8413045975295,351.22805920140496
832.3850817134277,753.1379580798775,864.0413113434164,834.1936315599665,435.19275864889454,471.08205411583185,903.7092845250884,776.1489458358034,682.9063094197487,657.1511817447474,850.4592845265458,675.2353832381112,895.6045606426677,607.1476060369237,654.6989058807715,493.48898027670884,768.6611176621857,709.7174663860536,813.821937181027,834.3325024414063,453.71285258399115,358.0672385533651,879.4429494354116,899.6736337570917,595.3406170051136,746.9266168992598,445.2731998296074,355.5748615529802,856.6007513370154,790.6213653187693,909.5642200379859,894.6198498535156,839.9416092694815,819.622679578993,730.479207975968,717.0160559229104,626.0573792982732,612.3122907567907,446.7240584918431,423.4603728122926,555.0881675344999,597.2817449569702,687.3485570218828,753.2661522598628,743.3862850752381,809.075884724221,665.0277474300921,627.826603833612,838.8064881536268,746.7980775219168,876.8185878051601,722.1940406640051,714.5364829833732,580.4316581464282,527.4433508711217,478.54359882591984,837.9431801803271,814.3458842789686,882.1084816769957,798.8480966954472,902.3100257409137,822.0988675645254,801.2890607968018,791.0282941669103,896.2576489804396,745.1753831052965,783.6231717404355,805.2815169094335,842.354085885795,864.0723450381453,771.8467628547737,727.8257002908675,642.5034616452838,685.2417315858784,408.33115044192994,419.95737940828565,717.9706118224098,701.662350856417,756.8961038792387,737.3839067731585,723.8430715612068,666.9867616644881,420.5540261300405,449.6652029013634,653.9678347289299,624.0514966373784,369.4171556136187,414.9400810799444,427.9008605306347,408.73189776556853,163.8412202147084,463.35174951146047,-0.5276970926928765,-7.431404534800417,705.2968485514323,679.2671224303165,746.7567346990108,709.0097449117117,643.0958452676696,702.1805582139777,-2.388974965664889,0.7811244917705793,-0.0729163302096219,17.776371887555328,8.741379671068023,11.647297943328878,-6.459128439426422,34.81338268167832,689.8861139470881,753.2485196200284,792.7588769285471,736.0166060049322,537.0684005138921,153.04561069869158,67.30042906963465,363.08621362159994
834.6216602753298,754.8939736250675,865.7425661937518,836.6069907367942,424.06667855728506,459.4059554764203,910.8012479715437,779.8349663194697,673.4655412070605,640.2654705829308,848.2252625566188,674.5707813035874,896.5540366197328,606.9571668609434,647.8967879648825,486.64076213978655,768.0021149151698,705.4180296013917,820.6695616857302,833.9913516845703,450.54908688863117,359.14953327178955,883.5623841168732,899.6131693522135,583.9143592237803,737.1899198175787,426.9952018037027,341.42022358046637,859.1846095391039,789.929529260706,912.0283443420891,896.7662459309896,841.773148617502,822.7984962293837,730.9179459281589,715.6669388736588,622.201029739716,614.2816352137813,443.79589562011614,419.9949969602435,543.4467973552767,597.2113637924194,687.3605805067789,754.0866830473262,746.029918187176,810.7841159753632,661.4296789809692,629.7911062974197,843.0032182170498,747.9118153818192,878.7170851423933,721.8106269740483,718.2925236962836,577.3744532828238,532.5227977388918,481.3843954229901,838.6563944320428,817.8366661960328,890.7897414749178,804.8864673199395,901.5317487899117,822.0408905486073,803.2567292309682,792.3350476904661,894.5384169051896,744.4301426518487,788.0649013133532,807.87797487495,843.1448266582124,870.2449575181824,766.8896437636366,721.9478675967357,639.2722354153974,684.6887676024334,409.7729609392691,419.9157098044812,721.4093848056481,702.5575960404645,756.946495543135,736.5303802490234,724.828678832657,665.8312853146654,428.58034626642865,452.39903456687927,652.7193657896067,620.3775146374336,370.1359748054953,416.76685912342276,424.4497983114173,403.5260008476559,162.93436029385452,462.9737744152546,-0.5057147431652993,-7.236698229859023,703.2914489746094,675.3252506579383,749.7200070023537,713.3611539952896,650.3048609849302,709.4883146507524,-2.2314356689216526,0.7550678973128218,-0.0929655837649437,17.454125135403178,8.436484062682254,10.735205163107528,-5.970870892206828,27.85758926587946,688.6159168590199,744.3673694957387,793.6805682086305,737.0840875166881,538.6507813696768,150.87383628832666,65.03003534855264,367.06712723497685
830.7353223907061,750.8923181343561,862.9795714887513,836.0886114166077,426.0755941169206,463.42185230978896,908.4036210418154,778.6413377364138,684.1200565318672,646.7622076800612,851.0719437948087,677.1111053905789,897.4415348111868,608.8957079827544,653.6882878868141,491.8384702389057,770.8619835478435,706.9181644401677,815.8674708399279,833.2351873779297,452.5196097162035,359.6593763987223,880.9168734199557,898.9236780802408,586.6657063848685,737.8426578437889,432.29269646281034,345.73505693011816,861.5409432897028,793.1838385687934,914.6298142480725,898.9579905192057,839.7035031076205,819.7549236382379,728.8500676694124,714.8732564535486,624.2676481675471,616.0646691498933,442.409466915897,421.5717411434159,547.5073617403624,598.9464659690857,686.3556320250981,752.4957152452514,747.3016545978429,810.2348697060033,660.9494203063082,627.1934146631014,843.1497944185811,747.3764891176979,879.9165522748439,721.6408588804709,716.3148296510158,579.9860462300918,529.1051371487165,479.85476583076576,833.9084849028571,812.9963884028019,885.1747969880732,799.6687751903319,899.4191857910156,819.4479313452267,803.0885781221069,791.7141831087968,891.5923771075348,741.7504955215971,784.2719524554992,806.4118799374068,837.6449207864749,864.8071690343362,768.6452545303482,723.2206314587203,639.5639208872384,683.9141150800697,409.2048359746518,420.3433367232202,722.4861291353819,702.467514987803,754.9576104346742,730.241344996861,725.0775939714863,667.6952270124499,422.54781383514404,450.5914955743154,652.3633782071689,622.6246846011306,370.9285155015833,416.1314093291975,427.1698647781741,405.8595920074043,164.3215807994585,466.50347452506423,-0.5455798091565224,-7.1757838624966155,703.882499186198,680.7865714380297,744.0756430327892,709.0498215343079,647.8896416871602,704.7978659527226,-2.463212514604062,0.7902351030855681,-0.07016478162768998,17.74537518550832,9.160010886905075,11.685594653031007,-6.384452819824219,34.146443612435284,676.2574629350142,743.70380859375,792.2270907203623,736.3877461107471,537.6201548482858,153.98401940810052,67.23045595667578,366.7545929448358
830.0385797809118,751.0272912497472,863.4616363607037,834.9298412054184,431.6328407850376,467.5100618771144,908.6916788349981,779.3255131934551,678.5721642435814,656.6455238529893,848.1931128773263,677.1002823027353,897.0718685169776,607.4501753475985,651.9827236761502,489.87825394800814,760.3905361229774,700.7527702876499,815.2398393711368,830.1719146728516,451.6216032240126,361.5364191055298,878.9466279705538,898.713508363754,588.5499653341883,740.2378524738353,428.6146982730423,343.89869345559015,853.6867909701365,786.1459964705102,909.7068069738353,896.026401570638,836.6527331077447,819.4323863389757,731.3317788828974,714.2209093944136,626.5378323861681,613.0462178124321,446.1577430633562,420.88984013853894,549.6151238113154,596.5848033428192,686.2205968565411,751.7590479918566,746.3335052851515,808.8179464953685,656.7712552409527,625.8135338679893,843.687662801435,746.5372724253411,880.5050901120848,720.7718944691077,715.9479452098966,577.3889672475702,529.4172192096287,477.50272101407745,832.9580591208049,812.0282736431669,888.3868928007122,795.6124013324616,905.4104511294157,823.3327815254916,801.8922645382196,792.8428547706133,893.545050037441,744.8255021655282,784.2163801648644,806.8479885816242,837.572995033993,864.7313154863389,769.3690040519646,723.0257562731133,634.5532358152057,678.7074197876505,405.9455537657807,416.6584760639029,717.4574614978227,700.7869850253663,752.3663966402095,727.2963551112583,719.2430331560844,663.6111752407327,425.0995078786214,448.11628931045533,651.2839130468831,621.8920293010254,371.4582919513478,414.7917735688523,427.90123332113336,406.39399651016186,164.87400556656695,466.6633630390714,-0.5185376524560625,-6.924663336735811,708.4260314941406,672.7482330839513,749.3285184502602,708.6534830153797,649.4769835739039,705.4364236590332,-2.4586275277400715,0.8094575467278008,-0.072668261347264,17.878938956443744,9.073602075578815,11.802407865173757,-6.815626190768348,35.971514749176364,674.7325994318181,748.3026899857955,790.4312989919778,735.4551760516589,544.9231383566763,152.10316439783364,66.80130605444764,376.2170475433613
835.4402985015473,754.7293251572233,865.7030643458598,838.0462146171061,419.98179035519445,456.5927568929536,912.7158005137984,783.6610259547132,681.6763962239635,630.6512196337591,850.2545178111006,681.7404197026813,899.5720490051583,610.8986886179881,648.063465256003,486.53468971098624,761.917788717984,694.4355043873834,818.623870528064,833.3367744140625,448.4089690844218,361.1892772674561,883.0661127219812,899.147834535629,576.8431420775609,729.8805181482336,425.14900054720886,340.5036658578449,856.1052287839493,786.3279253170814,910.6172781716494,897.7343615722656,838.3363661685232,819.4654800075955,727.5740948220958,713.1464126770755,619.1789475495594,615.4284492068821,438.400472253561,417.2008568584249,540.0918097574203,593.9894428253174,682.7710840948045,749.6807784672598,748.0582811148386,810.0002805475604,656.765813250187,624.2434334554872,845.7243166154431,747.0145270593705,878.0562775365174,718.4807473562613,717.3340683667649,573.1187599593518,531.9231737583187,478.7612064461271,835.5080966343623,815.0043367627594,893.8597191554167,801.8718620643831,906.6253813901155,828.3872926505252,799.3445779759585,792.4651575049255,894.3839792849412,749.1885416449195,788.0537599381436,806.2907652171829,840.688400511529,868.135937938374,756.9942379856968,717.3920169892858,630.2353148854107,681.0974702380952,402.855205812316,414.3713739959287,716.2500295170018,696.7580166258753,752.5015752264794,728.8678468976702,718.1428754521512,665.3827765040635,425.4269773769379,450.46005596319833,647.5639169871545,620.0097133839346,365.38676628785976,415.25710853170403,420.90655339633423,400.72289630861263,160.82527338094846,455.945125819395,-0.5098484835341677,-6.811775802793937,702.6396993001302,673.6344718286547,744.660921216011,708.3303660742298,648.4122220024504,707.6390234333961,-2.2643010709984273,0.7443727758885533,-0.07450973725742975,17.402606399087848,8.295241806163977,9.93056280276912,-5.824654089079963,28.2701414753409,664.3482666015625,743.1903952858664,793.0901771903838,734.7821691971791,531.1341738981359,149.37186565524652,67.06978716814157,356.1728695507707
831.580209764708,753.6238780172184,862.7071967017212,837.469181045593,430.798722338122,464.24716690182686,904.8433437599449,779.0001461199497,684.2208993580876,653.7092437665971,849.871605477682,677.8965223872473,895.3445799943718,608.7992509173961,654.3497527962301,492.5187168050345,760.7373943419253,696.2733656544226,817.3484694674554,836.4463614501954,452.16886160108777,359.2175505320231,878.4612165178571,900.0680653405568,590.3897570515178,740.2347721581931,435.9002190452913,350.2494848039415,853.5363230435354,784.3838121955778,907.8195472376866,895.7499949137369,837.2288186024812,815.0252191840278,729.6496850055197,717.1846074483481,625.4195018213751,612.8855989244249,446.2861181880747,422.98219729563715,549.5321322581807,596.8024151325226,687.3614455972399,753.5037077772674,749.0553548595035,810.7056764301501,661.9401481407733,626.3905225250271,843.9414562456069,746.209927007403,879.3326254786979,720.6723322369443,718.2642650219357,579.6502910314822,529.7362667006668,479.01045164422004,833.2075948725656,814.6228284592981,887.5286390415793,799.1933161018043,906.2373547894022,826.1892920744071,796.851935663719,788.1641902845092,895.1903510022519,747.2255640929368,785.3338271837556,807.3896798225371,843.5442080163652,867.5433504726346,767.0527532079199,722.9263610214483,634.2766236471474,680.2900664094207,405.8714212611102,417.7401183222381,712.6381635822233,695.1977860700046,749.898542688248,727.2500980922154,718.6368424718864,665.704854782115,419.65139469146726,447.26381385008494,652.0487145159213,623.6095700808513,372.3017719493193,415.06047844456424,429.7535230315698,408.54734195209375,166.90524284585248,466.56794780994454,-0.4857106899769321,-6.740464552959626,706.8385172526042,676.3005231437037,746.346138715744,705.90596622795,649.6159368422802,705.6203448801577,-2.65675200760583,0.8253078945326032,-0.00967200254639506,18.36360595442311,9.608800908484412,12.2975755847267,-7.010460356871287,37.32377168010263,680.2018821022727,742.1234741210938,792.0690879053717,735.6071188238602,534.9938217611874,155.0957887381838,69.54166020588441,367.7222185463741
831.7687584833102,753.0817166867882,863.8498577703052,834.2110076423779,428.5187003357466,462.2216086334416,908.9615203685875,780.1440305937098,676.7579778943743,649.1632556837113,846.302654173316,677.2503117122347,897.5702669199294,608.8228289053025,650.4069290445811,489.2569470701383,758.8031040028939,695.554489008216,817.5990971240047,834.2951955566406,456.2186100218031,360.14651177724204,879.9172980678718,900.8694014776321,591.2967183739727,743.6596527728406,426.62101947931956,341.9254451857673,855.7593637142542,787.5400236153308,910.1131458833149,896.4019508870442,835.8226540775622,818.2712331814237,728.2425234587296,716.4647488881307,627.6985570428654,613.0875558499937,448.71958209893535,422.43047379911616,544.4416363825563,594.9659903049469,691.3892923196157,754.7335601372741,751.2341496247103,812.6108054891664,662.844191842828,629.188060627117,845.7548557650658,746.5616144371871,879.7742470406197,720.3894852037641,717.0562031750187,577.1000712712606,531.3038019702024,479.9742476741148,833.2983149249609,813.695745854466,891.1560507253231,797.9426423432009,906.2879452912704,825.0687850887335,796.2793179549938,788.793490637477,894.9889085114892,746.9158627758962,785.8736388844051,808.2994903251425,838.9194115802741,866.4695067010532,764.9008029559711,721.8095000845487,635.0707711036052,679.2756408427185,407.9811775096949,415.2408118449466,712.3485341306592,695.8117375670627,753.9075979679188,728.5578645978655,717.9974301637818,667.5349365085857,428.0310615857442,451.2806915505727,653.0218054884856,622.8327523027277,374.1185491000905,416.67384954523095,426.6409500328288,405.67262257154283,166.25006424446994,468.84562997500103,-0.4826431624651714,-6.539876588146152,703.5166870117188,674.377741668184,751.7987705469131,711.9337963259597,652.1252378185893,707.0077473761692,-2.547367810021234,0.8403066340488968,-0.04395106834284827,18.32501897738257,9.188219104558053,11.804277187590086,-6.912037955390082,34.7535068357692,689.3843938654119,749.5872969193892,793.6491981864775,733.0787461679193,544.6367547278311,154.1364258182676,68.6673433527802,374.5896401569761
832.4612241877857,752.349698008913,865.4250778125668,836.6186152910332,422.4388737656349,455.7525477792536,910.3105117394592,781.783903456343,682.5371302244614,628.9237954616547,846.5936075226078,678.531076283682,896.289196570578,609.1769150932308,647.7094434114238,487.08129170633134,760.9183093789629,691.6478239357274,816.5161478912237,831.5595435791016,449.0371986495124,360.40788415273033,883.4600701049981,900.1292423672146,578.2096591619921,729.4390500351623,428.49509353005425,343.0875939130783,853.111194322694,782.2737400384597,906.0359830280614,894.9518572998047,838.7515913106628,819.3532794867622,728.3796012546705,715.0973940929734,614.6664426694357,613.7618683709038,438.8829211379801,417.9029830904043,538.2211607635999,590.9188301563263,688.2012151517565,751.7202182787854,754.5140366355025,814.0799431159483,662.8346630443226,627.8398594556155,848.4871847214238,750.2200756932983,880.6822622095449,722.8099328123587,718.966782711012,576.5430226606481,532.7098618737334,478.6822700383425,833.5078263549136,814.921482840346,895.1336226617801,803.9471836626865,908.4822940726903,829.1397191559998,798.1274276173443,789.7785309607109,899.611783269626,750.6648446078141,789.8145720803336,809.6345252698917,838.1855055207659,863.2663269042969,761.9731936068148,720.4726879557625,632.3010070520803,679.9519415521003,402.8997378141984,417.1490469919124,714.4845868720383,696.4051218626411,747.4643152115193,726.4607674734933,719.5784538093654,666.6475937748482,424.17279099146526,450.38841618061065,650.1541211334094,622.2672034966187,364.4176206700942,414.7333835436549,419.5080599943176,399.58379452840757,156.92677363698925,452.0234419660084,-0.5243391789306231,-7.200804712545029,700.9066385904948,673.6159352448027,742.0459404289722,705.3581750101633,645.4400750360719,705.3728461953422,-2.165545698947474,0.742537454547602,-0.10267445379671944,16.931121291965663,7.8397049582784035,9.574737540887474,-5.457019183370802,27.428990104619196,675.0318825461648,741.9763161399147,792.1387161152475,731.3650694255588,523.3828991908653,147.8828405685592,64.40684512889746,351.85098734806326
832.7983941083253,753.6541117652498,865.3701135315595,837.5807517882125,432.7430560222892,466.10868396929334,907.3054695609077,779.6536809085278,682.4540663349385,650.2273321933434,848.1308662600634,678.9268381724282,895.2169894027055,609.343201710145,656.4537989654351,491.4183968503777,757.8136693583846,695.7659687409765,816.6727058147562,837.0739965820312,454.317142645518,359.5313206354777,883.3586426221619,904.4738900320871,591.7988530203934,741.9807567596436,431.9864005568278,347.8225100040436,854.2452386820091,784.3800273377218,910.8432921562295,898.7061051432291,838.925976640087,818.6924593098959,731.2936204993207,719.6695041886295,626.8605369534262,613.3119422064888,448.01559237497196,425.1317644213023,546.9438379006308,595.3823823928833,688.0854732006316,752.1106285348322,750.7699676343658,810.0212902939111,666.2251577022647,627.4758278842156,848.1182275464458,750.5115597632623,883.2456483190431,725.1574980593783,720.8792674659079,580.3970311108758,531.4629226903933,481.8834457594517,832.0560442954792,813.8565246597346,895.3605113678308,805.0279755493937,909.8964892047385,829.28800944603,797.7687289153399,788.8314563335215,899.6500369968699,748.4453577798158,789.3332785059897,810.8438753120093,843.2296689756357,867.7338186021668,769.6964321651974,724.9404353157419,634.948272845067,679.9938748182157,409.08203545169556,414.48959629972217,712.0229658533315,695.3129296520439,747.5466451441988,723.3238111223493,717.5022125568427,667.851995412816,423.64727821985883,451.2986270347238,655.2554448501654,625.1414254452088,374.54166154300464,416.91249922983053,431.00215152231976,409.4743646461432,167.3141990456056,467.4867775715391,-0.5060421140817063,-6.58055408766317,702.0432657877604,673.3255121263408,745.5606266856194,707.4458044751198,648.2811984033075,703.6774550486894,-2.7282310423129514,0.8508783056573184,-0.012985889155226707,18.493182063244888,9.607179217991723,12.7084398689825,-7.280468424161275,39.18471794268664,694.5918246182529,745.2469304865057,788.7895386971084,729.6400428482249,540.728905285106,155.99144304635232,69.74307999285784,370.0458178355776
834.5283515236595,754.5224713496488,864.9190279930015,835.8238589122476,423.2974874418835,459.1736188903451,909.6835230545213,781.0520073042525,670.0793882292144,640.1887309121304,845.7349793969131,678.9894577117193,894.2255014514433,608.2271405123023,647.4196138868284,486.7865853794751,757.8555309060625,696.4003821813387,819.2180099487305,834.5044874267578,452.1981206470066,362.2638053894043,884.0152159191314,900.0196080283513,586.4122594638644,739.8696004217798,422.96661705733663,338.44281175401477,853.4066389551703,784.7620698151765,909.5390855684055,895.1605751546224,837.7059836953373,820.1246993001303,733.4390240213146,717.8273032314806,625.4098551745982,612.1325605886954,442.4898828651224,420.74820534924,541.7789679355309,594.3725001811981,687.1509579968831,752.1122189200885,751.1417317935019,810.3157208537498,662.543983132386,628.3388302142804,848.5693859807907,750.1783428251568,882.3215987354018,723.8281231732435,718.9760130980624,577.2399197840223,533.920444204371,481.99664187245986,835.2257136734527,814.561211793511,901.4622306988513,806.9668722832628,908.8551255731998,830.6380368482719,798.3332376975897,790.8275835886905,900.4116620875117,749.4181236233514,790.4803650261312,810.8251550724841,839.9355746712654,868.061258389805,767.1005293012739,722.5146077265505,633.8926754172788,679.8964804116781,407.26164798460144,413.88984142894475,710.4701616881324,697.6625351015463,749.8830423558012,732.6394032069614,719.043080043062,669.337530861902,427.8954836813609,451.243149339358,654.8158089557934,621.1728920814319,372.6991850909065,416.6817786598894,425.85569796944037,403.7833780859629,163.1340297389845,462.43123446047304,-0.5346045204760567,-7.121085002707313,695.9693644205729,667.3468281374139,744.9185000360012,709.7740297619574,647.6785762874225,704.9562574423904,-2.3645927540802454,0.792619742585898,-0.08365899780503569,17.627239820159698,8.739957807673875,10.807511973030639,-6.2370971706178455,31.044334281893338,679.2921087091619,741.3672396573154,788.0776615014812,730.155196564107,538.6016707700842,151.15918476958024,65.79521614313126,366.28970986399156
834.2411890300134,753.9739251709497,865.1903871406981,839.9374234552878,425.44134140901787,458.88996153910244,906.679727765707,781.9003184752769,688.5668873397672,633.0061870266179,847.6381305601539,681.2167843985179,893.0338233044789,611.1909616891189,652.4721954687318,490.93258772121175,766.5699954462277,693.1075797983974,819.4748759361063,836.2892055664063,450.87945826848346,360.7864574432373,885.9113670007835,901.8086751302084,587.5082587796356,734.95497913151,433.72959214152553,349.4945960972044,855.9704793534189,784.5686262719425,910.7479811941232,896.718803914388,838.8351249048266,816.5477090115018,729.5756432574728,716.6410140072006,621.4257503291059,618.4530754089355,442.60774702472344,421.55128302824187,543.6859185891074,593.4894874095917,687.783835691119,751.8820518385178,752.0889538416956,809.2638737193325,664.9786815761535,629.0446398875097,848.3954501152039,751.7616533359125,883.401139994539,726.8800065194816,723.35648470823,582.9883815914977,535.7586405760018,483.49696881817914,834.336876408555,816.4746411464832,900.788994955965,812.4633125264484,908.845198656165,833.6905443321155,798.206516989145,789.9118550304523,901.6348485234957,751.9325235998908,792.0756676245271,811.0034233326706,843.168728725166,866.3782795437133,765.6242224890907,723.2728040101098,635.2976373794976,681.7722178537608,404.32129083163494,419.17519324933977,716.5133697009477,696.5289309173204,752.0264100419714,727.5568477085659,723.0600544428917,670.1092139686668,424.9211293792725,450.6865508198738,654.1956807976777,624.5977226731784,367.8307097939884,418.6517774370173,425.5288865577119,406.22141431085544,159.05295245755775,456.5607978641738,-0.4377431381144561,-6.929242668307988,707.4824340820312,678.7673981230138,742.3642618358135,707.6893583617059,645.6351340696708,708.0367513600655,-2.312254103753443,0.7567990876820491,-0.0791480987218308,17.341962681799487,8.286702068039256,10.078391253074471,-5.7462312711609735,29.664563908296472,686.479902787642,742.1267123135653,793.2278110580957,736.0787838320189,528.331490497963,148.58514219627045,65.39140664266817,355.1671678444435
832.4919752641158,754.4352749981964,865.0291732670153,836.9601507875846,436.08374975781106,467.91537736994877,907.8124112428403,780.4972810915683,684.5282582944753,655.9964778306054,850.2532692575843,680.6432572834076,895.3274686103415,609.6590874668075,657.9858518761782,493.05683815153895,762.7070132251034,703.1192455355115,818.9655994400667,836.6201188964844,455.1193306181166,362.4660661697388,882.9087499753393,900.1873444451226,599.2317811806164,749.5353020259312,434.5365984835019,350.48314388593036,858.5079883359513,788.9031921386719,912.0517433947466,899.1102376302083,836.9518104165287,820.8940158420139,735.6221663765285,723.073670168957,634.2233285777894,618.2516972577131,451.02959782151237,426.75231626426125,552.388072029489,598.8796544075012,693.6779106458029,757.9257281335044,751.1732016858284,812.3954270569204,670.6057348251343,631.4622361122312,850.5059877518685,753.7094577484467,886.2885591563418,728.1382930465867,724.1513802887613,583.3730750037174,534.930155215636,483.83369528096165,833.4309365647515,814.9561163694771,900.5017041892264,807.03780797588,910.6480971891983,830.3459255718491,799.8139587309017,793.2122098585215,904.1038709612035,753.1257200666176,791.5832081068768,813.7662968429969,841.7132842434439,865.8370126966613,772.9754398792713,728.0950965881348,639.3755903331512,683.2079338304924,409.3446697290393,418.23049389476506,715.8611488967646,698.9107193689623,751.3129363364362,731.380995614188,722.3965706806987,670.4786596001841,428.044216632843,453.6692452788353,659.3582827782316,626.1894527850328,375.5887327530805,417.5487511358106,434.05551251474145,412.35718498475785,170.8148048130194,476.91250215094226,-0.4867248881276249,-6.128642871200109,705.0793701171875,672.8297713974775,748.7354328334332,707.7332752970009,652.2611482659065,705.7606603487196,-2.8970131717486716,0.8823942524415476,0.030182627731928632,19.03830254211997,9.823265139523329,12.811178052697107,-7.82325197590722,42.17109004188986,696.8722700639205,742.744248268821,789.9247915792786,730.182988034019,546.3629799076156,155.77912246135244,71.9811166308143,375.8682788322712
839.3164754730188,756.8017963676741,870.6388187476485,842.4001756591863,424.48678820964903,458.83329178818633,917.7851694290798,787.2903784423179,684.1198678989799,631.9756421808337,851.1059482543449,682.7122957994068,899.2250823974609,612.1908148570582,649.92864694109,488.64399015082614,769.0881637479598,701.4669976915632,824.1137434860756,834.5614057617188,450.8578841421339,364.22025165557864,891.1870938035489,903.0666391887362,589.4061476298027,739.1724797762357,430.3487680814543,346.6031546195348,859.8316032121767,790.5260788152248,919.104999532224,900.4216642252604,844.1902652029264,823.8359418402778,733.9841170601222,719.6054459537369,622.2708471357034,618.9903652049877,442.38279209392414,420.83980309561395,536.7218372782722,595.6838774681091,690.9775877557104,754.0204305061231,755.2950518191027,812.871715255648,663.6248499460456,631.4172659053669,851.5222083153263,755.1411725349091,882.486658653544,727.4081017368396,719.8178601799524,578.2941475195043,534.7927320922458,480.2754694099024,840.0337524079806,820.41844824398,910.8415209397384,815.5237532467153,909.5737323263417,832.2059301851637,801.1875645115471,791.9548062454036,904.610007499581,757.3952410750919,799.223142154565,818.1123105740182,842.5504925964744,869.665547407793,767.177460575963,724.0543386115403,636.7806064710704,684.9588723451028,406.05455105546594,418.54801704514193,717.3074703529232,697.1799562066423,752.2526569772274,733.2121451241629,724.5653350508533,668.3104757169334,431.2316204675039,454.78559187173846,651.3275436583594,622.0566948438868,366.35937177994674,416.1871569991542,419.6197129577243,402.03710013231057,158.6295271185377,456.9295155733451,-0.4993731153577014,-6.82165035334279,695.6470703125,677.7985239837129,744.2048419713974,708.0391040646653,644.9451269726566,706.8033101494563,-2.206360153019743,0.7287347465736309,-0.08612457611728878,17.036452880864715,7.910136091021901,9.450198896998367,-5.639070113499959,26.851664129425497,679.6193570223721,746.6611416903409,790.7839961723994,729.9122055633159,524.8406053804883,148.95530111538736,64.38172570141879,351.09331616039935
835.1195658072389,756.9137056102657,867.4390829950394,840.2662994301177,436.27230922787686,468.006978643792,906.9031644367501,779.7976709231924,685.8494471627839,655.6414300027441,849.6028799661776,679.777758347042,894.3742306612777,608.4845713449394,658.7039611778449,494.3306495581312,766.056657221645,703.3407668750548,820.0386607729156,838.2678416748047,458.60787041982013,362.11430575052896,884.3236666152316,904.7644948807973,600.2583605350624,749.4952104379843,439.06314183467003,354.3634544743432,857.1299858813015,789.2576142487702,912.727104287135,896.8920576985677,840.6195885609773,819.7376284450955,734.7007170304008,717.5283798769296,632.814915325148,616.6716358749954,446.95011044506515,427.3584260174844,554.9242170990491,599.6107544898987,691.9360764442928,756.3656738425883,750.1008911239071,810.5141637255574,668.0069356358741,628.5061174456056,846.0356513107977,752.3859612228583,883.4591795971648,727.257468071382,720.1663571387663,584.3420212876563,530.6095677959579,481.7110909120151,836.4853782695591,818.4024753018662,897.576219999507,809.4148417561407,908.2425443699049,829.0961405251019,798.7071772350813,791.216770117175,901.3932881711135,751.6868884169162,795.0236612855718,813.2434966388432,847.1068599239277,871.0987209931263,772.904465271546,727.2530912180416,637.8016412017543,681.0741491276465,409.0146829356318,416.8605449837698,712.2316306692655,697.3272477146006,752.2896196081283,726.6833572387695,721.7929595509594,665.736163184129,424.1225640932719,452.9882088947296,655.5616992211027,624.9163879585742,374.9906015283921,417.0409262054045,430.4357431468864,413.049114638773,168.66494386845406,476.0052814296881,-0.48369560779408655,-6.3840035685681,701.4754699707031,681.3831259517347,742.9708954393864,705.0009361025435,646.973544550306,703.936873973436,-2.745173317270344,0.8657993674140285,-0.002142679090835638,18.755673816696174,10.222257726375561,13.228031751510727,-7.274326311217414,40.19018678454792,684.0210293856534,742.5340265447443,786.3061431270318,731.278279751162,542.9713569902906,155.77182293513366,71.96594538471915,372.75255798471386
839.0602452572009,759.2430817382505,871.3222033379336,841.288981013089,429.8306191910145,462.984982864133,915.0975187290253,784.6475143197242,676.7975322178432,643.8715713219565,852.1504048913475,682.8089084504143,899.4430286414014,608.8982705635581,649.6504789015547,488.55753726343954,765.2372441585595,704.4243339716002,823.8810253508703,837.1632391357422,456.4617617925008,363.4599120457967,890.2449015167368,903.4318899124388,595.4189851071822,747.1197795239124,426.39988521976363,342.934095064799,859.3932962957418,792.3012942467207,916.2213652202777,900.7886350504557,841.4233258780787,824.3130489095053,731.5173154084579,715.898240422628,632.3574294035656,617.4779876426414,450.5144264740603,423.728212881624,550.0444776191086,597.2146418094635,692.3447506125011,756.5389196748417,751.1382827546271,814.324374907198,665.9825514781573,630.5443004794888,848.8543640405901,752.8794561914684,881.9141338058727,725.5987238942737,719.5245462255093,580.460417579202,533.3886303406202,481.07837434134973,840.3868757333578,823.4089983635479,902.0200224231695,811.1058558755699,908.2222289508322,829.0754418697172,802.6970414327919,792.3647457012914,900.9091787765275,752.7618713095515,795.2193450531263,813.8751786487987,850.3832769697639,876.9800983239275,768.4656958365225,724.8602655129355,636.0801272611005,682.7817277123918,408.164545694987,414.7981732865454,715.5641920996494,697.9609001444583,753.5176365629155,730.4080592564175,722.0674240899725,667.6206624530955,431.21191661198935,454.7421599507332,654.9665420666665,621.9029740829866,374.85204162597654,419.0887309885197,426.69783622402855,406.0666297343831,166.27746058975194,473.4234113673369,-0.5055277455000948,-6.516109062881552,714.7747823079427,677.2796905000331,748.3366577029228,708.7751978188079,652.4652990615398,705.6141592576043,-2.5793309014146586,0.836529364257499,-0.037006095744865804,18.457260280444668,8.944799942489695,11.277144094550437,-6.852462450663249,35.04452954320347,681.4554609818892,747.7392622514204,791.4863346791108,733.6351772260062,544.0084040585687,152.500505868803,68.7729497624166,370.9687637049576
835.743227062428,758.0073760936056,867.6489709407339,842.568608910914,432.96195775852647,464.74674415375506,905.939261721833,781.8284896071414,691.8194305288548,642.4602281246028,846.7727431940839,677.2310162074982,894.2872555505351,609.7459820108376,656.1962205402887,491.2896013395958,773.5496760183036,703.4752083014808,820.4320792128757,838.6505667724609,456.45793554517957,367.7122321446737,884.2627053969522,901.5200969151089,595.6853394857876,740.8955862148778,441.52880316676357,355.30040860176086,858.8215459427744,789.5461602858555,908.5435895143844,894.2596632893881,842.8369929426807,818.5585249837239,725.2924133300781,714.0249696294945,628.6961456164389,622.3730488529911,445.8138855269977,428.5102708116453,548.489227545066,600.7121872901917,694.7349831906575,756.715866739716,753.1627316435067,814.5699198761879,668.5330521410161,633.2389302187032,850.781590812437,754.1588159928049,882.5733751962237,725.6010569393994,720.4632178507578,583.2597106858796,538.4444252665471,485.4055103085045,841.1326772098604,825.3980146734802,896.6708906762801,813.7653264950185,904.9491483207371,828.6665223130902,801.9047347602494,791.004716778979,902.2688971562172,750.8113630303117,793.2828868094455,812.7570529905911,854.5864088702353,878.1151999794976,763.1355350253818,720.4020903540439,636.7146311068753,682.8215843299766,408.5294704713683,418.1030989096198,718.9895375986569,698.5364424202946,757.6251895985705,728.9802682059152,727.4149963700452,667.7396580853515,433.00151070912676,454.0780167808135,656.5877953617584,624.790972548559,374.2447361553416,421.47324424874483,429.42450320585823,410.1577958743819,163.60870200705813,469.40006655782463,-0.4492998615724328,-6.2267642859107175,704.5302449544271,681.2217293432203,751.8635488152504,714.2575217889985,651.6739854054293,712.2448623582611,-2.500672056517368,0.8246191665737166,-0.02630055949520273,18.139786366048064,8.881212652272488,11.18718992671003,-6.703414546118842,35.27295566306395,687.0043334960938,750.8914428710938,797.8483399256763,740.3112026166312,541.0448099398145,153.41376174332802,68.79668166059436,367.8912042420486
836.8594630938353,760.1075840875355,870.115664714582,841.2166129862408,433.5245411274045,467.2294179669448,912.2587270305793,783.3757541835055,682.042022228241,654.657868361864,850.5429128011068,679.6039179362948,898.4193942428249,610.3946589445054,657.8775947414227,494.80946930348136,770.5736613522208,709.6821974313932,820.66050576981,837.8817706298828,453.8129080666436,362.62548236846925,888.8933767783866,905.8887091742622,595.8645648968782,744.9904119470617,431.39382682338316,349.01441955566406,858.2354187875424,793.6644751277971,911.2583546075296,898.1702825927734,842.2150656490003,824.8323524305556,734.3430603027343,718.3180361828172,631.0275460801986,617.6289058967873,446.4712087841971,423.8627226861675,553.4546176097432,599.3572251796722,694.8528536198631,760.502993796109,754.5071315499733,817.5775824652778,671.2414254629907,633.629509279778,852.0528681785829,753.6003863189227,882.9732751637658,725.6747062215862,720.6243507231297,580.8140785460379,536.7988685845905,485.09113674507205,843.0997891379081,826.6946162393799,898.1543780052893,810.6527145960093,906.9037820036515,826.2257926780429,802.3088916463589,793.4199093084767,900.0257156144327,749.3393778038579,794.1555977840102,814.3576470959999,850.192327997487,874.5958965153984,770.9927370913393,726.3285900178503,639.5717177084827,684.8635095373377,408.47214076829994,417.98260304625603,718.8099965580175,702.626846376791,760.905142276845,734.9400242396763,722.7904679811777,669.6535221858578,425.8847206528981,454.31686664740243,657.5947962756724,625.9032771367746,374.75199390860166,418.70128879650406,429.28110409068177,410.61121546703527,168.07025361711993,476.220818263789,-0.440603009541519,-6.407011043300976,703.2762491861979,681.0480548406051,747.2423816025257,710.299453355608,653.2911212316906,708.2523107087117,-2.6332438011403085,0.8465133921829638,-0.019213099992183937,18.610394793353485,9.470023750600083,11.867439466987998,-6.8876575165324745,35.32109968627201,681.4836314808239,744.9405928178267,791.8080561081035,735.1966655103466,545.3661915461222,155.28567895136382,70.38509531454606,373.4596334654709
836.5190100979495,759.1602257484137,867.1049499058128,841.5787557128416,419.6186666244684,456.2011625468731,906.7396321846497,780.9339921569824,682.5296495885265,631.221957230177,844.8834362495236,676.7286840964405,893.2602064024727,609.329973718898,648.6925106048584,488.5027734720086,772.5051849509867,704.281140178541,821.0444055316092,836.0703226318359,445.7980794376797,357.416646194458,883.7615600850158,902.0714893038311,577.8752050736812,729.7925564273373,427.2884851898278,345.52347082561914,855.843039674579,785.9345599892698,904.2504399016773,894.2169346110026,839.2720636917373,817.9850598144532,724.6453077233356,712.6437811794051,618.2097400547649,617.140611436632,442.6407163308135,418.5921644110805,537.4679319037766,588.9073152542114,690.4143891088546,754.7404504929674,753.1955920354901,814.5113957276818,663.4909233179959,631.4892085748953,849.9770165643384,751.6069026231066,879.9867561173409,722.783615947969,720.0758190753749,578.8488924550076,535.3772887580136,482.7397788185535,843.1875172810383,825.9147835870584,897.2106649180467,809.9751024013613,901.2933975883152,824.3688231886011,799.9260565031559,790.6544856161738,896.4349375482816,745.1485706216605,789.7948206001453,811.5141624880434,846.7376725506631,872.804823564561,758.7454419179006,717.970950204818,632.4014724591457,681.6580045625761,405.9576387267182,416.57883915431063,719.465889852555,700.8259880097576,752.9478733793218,734.978029523577,724.1207612428628,666.8619143906877,425.83249858856203,449.38937169035273,651.0421122025813,622.24790058406,366.87438720254335,416.90001081043204,421.44043683982454,403.2582569578052,157.52006741333298,461.6997691619396,-0.48937204177383575,-6.8474530193737335,710.4775655110677,673.650622868942,743.7968261539936,709.9334039472346,647.6740614752126,709.2676607425755,-2.260252527137039,0.7665587267131303,-0.08645022969556909,17.233961346568375,7.989971083160754,9.988706846923789,-5.89075110356013,31.41141240386402,687.5387739701705,740.6386785333807,792.0369516667104,731.7729028629351,525.963280285106,149.07275807857513,64.5659541776686,350.8487514627391
833.0063348452626,755.7663718112038,865.3398244996133,838.0735521523275,430.4843894160071,465.6776252512687,904.323480053631,777.7511364457962,678.1001666030105,654.7533074128824,846.809838519833,677.6236101589506,895.6303400527142,609.8738306565323,653.4114196774972,491.20131123923784,769.485887066448,710.7215954631666,814.9325507445353,834.9545059814453,453.03158548143176,361.15795307159425,879.7737482464503,902.4714064825149,589.2256230808678,741.443663418948,428.1716146811596,343.8626784218682,854.492595096804,790.3807376814477,908.6052334202243,895.9966737874349,839.524471864862,818.2736014811198,728.2540062945822,715.0352676575443,629.7691612747798,613.7363024817573,450.4365258514881,426.28412213486234,544.6168955818551,595.6958887577057,695.4144260353512,759.3851326314194,752.3446505873317,814.5460346065767,670.1437840028243,633.2404049143091,846.3118612566302,749.8776519011892,882.0731687214384,724.629191099518,718.1723032051137,582.7569929852206,535.3455331499157,485.22692753484324,838.6541072515381,819.9778719632714,888.7401544476173,802.458790478183,903.4779606827445,823.0479627566044,799.3757576432067,792.0315344618181,894.9169035954262,746.0801991653034,786.9808755563886,811.3664763507658,844.3248485395103,869.5490081955714,770.0722709861961,725.4254004056337,638.0858542066102,682.8871198381696,408.5987497965495,415.20082780005225,718.1474591864915,701.6812160381143,758.0343991543384,732.1586532592773,722.4578315302787,667.695394153753,422.3566433652242,448.3944853217403,654.8300664742087,624.6372545993227,373.6273619259105,413.98396772770246,431.0786907168028,412.46020659019325,165.88615911673273,475.7017768300573,-0.4911629310593492,-6.334809276700709,702.0652506510417,680.0300267106396,751.1812911629677,709.8108934428358,650.9843074638425,705.8990852966868,-2.6871763676800153,0.8696481810261806,-0.02105717567247574,18.624829962538648,9.801606942731798,12.92507232291629,-7.4812420341703625,43.17843401432037,686.6401089754971,747.2335915305398,791.8054072232854,734.1450724541387,544.9620291205014,156.96736587767015,70.49984258774555,377.4314009567787
834.4965232299661,755.4139177341654,867.3509460884666,838.076539578547,420.45942301805627,455.7460113550936,910.9691717077907,782.1932473142097,676.1778230959055,635.8336031485776,844.6889229441077,677.2828336291843,895.3749719034133,609.8919370927309,646.9612671012309,485.26744340844544,765.6954715150227,704.4241753258183,820.1673816373979,834.2949429931641,446.31321737501355,360.1935124079386,883.6475584352171,900.9635532318599,577.6808246992022,731.825596002432,416.628242367539,337.3736950026618,854.4870637857689,787.4449665587625,905.3479670326853,895.2639341227214,838.3180571733895,821.083037109375,730.9084488578465,717.3312256594738,622.7287502204795,613.6045986458107,442.3259698674083,421.0822954927937,542.2579800965356,595.4458963871002,690.9435758193334,755.7049504501559,751.9338430548113,815.9594157257973,664.5402595267808,631.298841746537,845.9708726298425,746.9108531279298,878.5518267028887,720.4368855372761,716.8437530962341,576.52638909396,533.8834160081446,482.9788031890232,841.1711878363953,820.0250273744265,894.9727272668101,803.4490036203982,901.8204890242866,822.961523143894,799.2017374884463,787.6399962382061,896.7963068947863,746.4525026373315,790.599800392617,812.9134387223877,841.2641237100978,870.6395057973282,761.4361819018114,720.9546798956198,634.0025773354627,682.5220659264238,403.8026684747226,415.5100138489629,718.4987291429863,700.810050362868,757.3458446746176,732.2521122523716,722.1663278163164,667.6949409546114,423.34102529525757,448.9249986521403,651.7572861037065,621.4307528137595,369.2258408378152,416.93600616041937,423.8632248362216,403.16201126248677,161.15386695067235,462.2628555298845,-0.5576067152174397,-7.146457299320271,706.6331217447917,677.3886568748345,746.491437703371,711.8567297749929,648.0554342053395,708.01940598756,-2.348667587208566,0.7858100919423763,-0.10533297869986384,17.564777982755913,8.48669392214779,10.383648262872118,-6.1335587236616345,30.502212187823126,675.5931174538352,742.8179920543324,792.0878863238648,732.4748382568359,533.0592208937103,150.46681800223234,65.87155667398915,365.04832838321556
834.7906076190322,753.9938660553007,867.0752402996195,838.9792425627727,427.6956690899161,462.9194595430578,907.2688280647876,780.0476359395778,688.4056883247531,644.9050750185231,849.1224078977011,677.9254586613367,898.0841343325162,611.1716581317577,654.6921263506164,493.1051292383937,773.3884597525213,704.8335832234633,816.7123386193052,833.4647922363281,452.3320719401042,360.33330122629803,885.5552449191975,904.2419115096803,587.5916324186076,737.1930206843784,433.51157164441946,351.65629127290515,858.7854715023401,788.6397442853009,912.8302235841126,897.1912263997395,842.141507552842,819.4493888346354,728.4083530591881,716.8205070036004,619.7735776523136,615.5854122727005,444.99994978734424,420.86548870154536,540.5486076229909,589.6911578178406,689.3554808128448,753.3536318015148,752.4287863813735,814.3414684094881,661.9647386211994,630.4208419306295,845.0605162712835,748.8853273482616,878.7727973771065,722.324257890943,716.4098731926204,577.2938291605781,532.070562811135,480.6360917288426,841.4766261757791,819.4255971544319,888.4017866064611,801.1129715026655,902.4577527386209,825.3755275315838,802.6321504808711,791.5481239601418,896.2919860953715,749.1945891734549,789.4424699858333,810.9768575156348,843.0468257248021,868.0291248974879,768.3661066003748,725.2655029922236,636.258964188602,682.6913812810725,405.2345023777174,418.7720601256465,720.4478184434234,701.0159610732462,753.9589428191489,730.4557843889509,724.1864550798789,667.6358172263621,424.4070798746745,448.4131860637665,649.8706043823175,623.4603656508871,364.86738207199994,415.77096338650813,422.66292004069936,403.6783829810402,157.85166334153385,454.094631056493,-0.47994229763625534,-7.06766529920955,705.865146891276,671.8778169276351,741.6767697930336,706.085906291979,645.5203827862597,706.5750728364678,-2.323784858014206,0.7500933807188024,-0.08362711200692031,17.1419239703649,8.064575859307977,9.988935812269803,-5.9880319303936425,29.358484001720655,683.2952714399858,739.4694080699574,792.7947559740719,730.6635019809385,523.1342948838776,149.65081857170975,64.53932521740596,350.5368207734207
