,ROI_2001,ROI_2002,ROI_2101,ROI_2102,ROI_2111,ROI_2112,ROI_2201,ROI_2202,ROI_2211,ROI_2212,ROI_2301,ROI_2302,ROI_2311,ROI_2312,ROI_2321,ROI_2322,ROI_2331,ROI_2332,ROI_2401,ROI_2402,ROI_2501,ROI_2502,ROI_2601,ROI_2602,ROI_2611,ROI_2612,ROI_2701,ROI_2702,ROI_3001,ROI_3002,ROI_4001,ROI_4002,ROI_4011,ROI_4012,ROI_4021,ROI_4022,ROI_4101,ROI_4102,ROI_4111,ROI_4112,ROI_4201,ROI_4202,ROI_5001,ROI_5002,ROI_5011,ROI_5012,ROI_5021,ROI_5022,ROI_5101,ROI_5102,ROI_5201,ROI_5202,ROI_5301,ROI_5302,ROI_5401,ROI_5402,ROI_6001,ROI_6002,ROI_6101,ROI_6102,ROI_6201,ROI_6202,ROI_6211,ROI_6212,ROI_6221,ROI_6222,ROI_6301,ROI_6302,ROI_6401,ROI_6402,ROI_7001,ROI_7002,ROI_7011,ROI_7012,ROI_7021,ROI_7022,ROI_7101,ROI_7102,ROI_8101,ROI_8102,ROI_8111,ROI_8112,ROI_8121,ROI_8122,ROI_8201,ROI_8202,ROI_8211,ROI_8212,ROI_8301,ROI_8302,ROI_9001,ROI_9002,ROI_9011,ROI_9012,ROI_9021,ROI_9022,ROI_9031,ROI_9032,ROI_9041,ROI_9042,ROI_9051,ROI_9052,ROI_9061,ROI_9062,ROI_9071,ROI_9072,ROI_9081,ROI_9082,ROI_9100,ROI_9110,ROI_9120,ROI_9130,ROI_9140,ROI_9150,ROI_9160,ROI_9170
ROI_2001,1.0,0.474010926385028,0.671887605007589,0.60333218384038,-0.09820415856873464,0.21405966740130344,0.7652809479152641,0.5132851805413066,0.12029626206229879,-0.08514883902913234,0.5928198962380822,0.5041104974597924,0.5695522555862701,0.45581659197488006,0.15613282221808947,-0.10283682512537214,0.20158884004973646,0.31692170287053073,0.4379601418067845,0.47814103035648653,0.2797622626103565,0.12489364705977503,0.4400057397902639,0.4954687829997983,0.12385895975482818,0.3110520880332454,0.23459758889610677,0.09418168119922193,0.24730755078958622,0.17439614220174696,0.017044641232984634,-0.04908008485846753,0.20906208327754244,0.24570040894694725,0.2932249019236373,0.19398606799947415,0.26939641646274265,0.3628863343957626,0.250177723509002,-0.3373159183579326,0.06900766563953446,-0.19234868601075142,0.3198988385616308,0.3092749300318459,0.2774933060304441,0.253232072487315,0.3187354001869899,0.2798957875000257,0.16732663512929227,0.3205265172807169,0.40771503092646605,0.0854599427148963,0.3229103052199095,0.012644009146045777,0.2384767228170091,-0.15368927355619147,0.8494718844948878,0.5667565714292107,0.3004523806459013,0.47505546180722524,0.6017912825313367,0.1819043161008546,0.4438846458691951,0.2667604120983124,0.4194505458157756,0.116577357463584,0.2827054703749008,0.3510968755477005,0.17685631254170364,0.40764181176217074,0.1850939280265314,-0.030671374911056835,0.3318454339612116,0.257813879662357,-0.21757088778971512,-0.1286367818828531,0.20786037244838398,0.40231972868022614,0.10136129095730533,0.2463542206697156,0.2879995653284198,0.19444609177445055,0.12294003806828606,0.25445981838010134,0.410334249776119,0.28340422466079906,-0.22046938941662414,-0.3779174463377057,-0.12558591764356242,-0.2582625487730712,-0.13581780481001035,0.09105525033149753,-0.09786341429204454,-0.09658120173552004,0.16278124140109848,-0.21241324597331518,0.04754131709169681,-0.1582599940510039,-0.06329050321335529,-0.14996543923529743,0.18565619300318478,-0.13029174035041285,-0.2085722866629375,-0.19958912653865063,0.22900687075300719,0.22336343664356922,0.29683078210610364,-0.3037365389847725,0.3296257088954795,0.27734263392541975,0.24203353068836683,-0.08030303041952398,-0.15337793844025996,-0.1893701003127393,0.19203269628768072,-0.22339167460092402
ROI_2002,0.47401092638502806,1.0,0.5451548403189129,0.5973680788319473,-0.1657079110485672,-0.30668392736189226,0.3786369605177653,0.6225739473413271,-0.3306683656290346,-0.1688936022119512,-0.00816950770722489,0.4465013590758136,0.333949401240196,0.2616892949324639,-0.290747405025064,0.19502122180912534,0.06056160334292613,0.11629078894769451,0.7119497451490964,0.6665946012426813,-0.19866543755758936,0.040014042173090514,0.4379808519189025,0.41257392758558087,-0.09791304833988586,-0.27092664336110717,-0.11521055255467473,-0.3176727479538212,0.05155352774073382,0.07709672421335122,0.2763312652791081,0.09970307199120336,0.5554659078509251,0.5748407921885884,0.4041295866310919,0.3650733860598129,-0.2774434918209271,-0.22194582410855285,-0.3203229324572855,0.028740591758056478,-0.3322042964758754,0.2632209800879866,0.11383732045937298,0.19300373101539844,0.09843183996221729,-0.012045404124716578,0.18520440813855682,0.3720522857220598,0.08355570001614693,0.14095947819274757,0.10768921934014407,0.2741994096863308,-0.12808836592742,0.4191203704468824,-0.04228365650346519,0.4347941097179492,0.554360520839225,0.8579488531356817,0.24143384654013658,0.40287660028818617,0.10050604460297519,0.3006621220672571,-0.1999258607917689,0.3366396137233528,0.07645817987376696,0.20567601365925947,0.3381220765760318,0.05702533155478491,0.6391028635619168,0.4725293898042434,-0.21888640127130093,0.0052501635006625335,-0.10521331373786173,0.007944564712294723,0.0007223847524926526,0.28572828900933483,0.48223127869983046,0.34597581068343797,-0.11774715665809905,0.010950989388827373,-0.20421612697557157,0.3121031947649007,-0.05865186942506801,-0.07606823970219094,-0.011142939872681341,0.29954050901359125,0.09784712413884462,0.28449219544470356,0.15108283937242709,0.4173049259576009,0.44638597182507295,-0.4740932720467298,-0.265132890229599,0.5054296447732195,-0.2362216183966246,0.1936835913557147,0.32308176638336566,0.4941947541618827,0.47183763652152677,0.46959961746242185,-0.13598329793177816,0.38853324783799825,0.4332746219380741,0.481890123282906,-0.36043170376064093,-0.48835844224171565,-0.3990380977410733,0.3920007868064708,-0.25272712363187416,0.1852263727230761,-0.07749788356713352,0.36299532902399645,0.5027605385820526,0.4789504710781048,-0.5114751253477016,0.44301991491501574
ROI_2101,0.671887605007589,0.5451548403189129,1.0,0.9023932173895997,0.03275895839196634,0.0672570469572604,0.8954644731902124,0.8066935985299277,0.06684382011917617,0.025562854494728417,0.4432959572394745,0.5936107319795497,0.6461508913722142,0.5167676627765798,0.06390033158919305,0.2414482811572069,0.24162560332232624,0.18588247197092916,0.7049097727592951,0.7410289966471164,-0.0898910929853288,0.007110877323307559,0.7743502409300705,0.8253917446198937,0.20168382044400285,0.1224563847540795,0.12199818851815997,-0.09601595140255327,0.30951751320742277,0.2692322572361196,0.4842753737308263,0.4059207171243017,0.6382763210842171,0.6624353216058138,0.456671281013796,0.42246077729092807,0.01703606912991769,0.11064822300370697,-0.014708007175782266,-0.04166788240492557,-0.08997590914692648,0.11344227086245433,0.22492891780337004,0.24888361311862295,0.26595857392677785,0.20122486114533145,0.24445694048861263,0.36742506579483003,0.22662418067573006,0.290460033852521,0.3073482669061681,0.295750296766967,0.07054204187063132,0.263323367968628,0.15023516869542233,0.2226139917556864,0.5272798946607243,0.5710270056614022,0.3311877604864178,0.38826652709589693,0.40247494782426435,0.330185731112849,0.14013086773674668,0.4032188640699242,0.35125034597459626,0.25085628041968544,0.45434416142044526,0.24910902049151348,0.49897343611954803,0.4510880175473266,0.253623504223375,0.28592337220150155,0.28717481152072033,0.30110214431905113,0.03546801858539776,0.19336254205389555,0.5111114034427947,0.47921217694743823,0.10237554624703481,0.1827849071227272,0.0930543053613086,0.2667590921777779,0.01832810408504054,0.11686037518543788,0.23284541656990393,0.38929190021329246,0.015129094553267226,0.026960613063959898,0.12280985417530672,0.1458186299661086,0.22295001443070608,-0.22708041803531984,-0.2228695531740051,0.24293470296469605,0.0386357789039514,0.11840179212809063,0.32072912185537905,0.262611676709286,0.2790657375707545,0.21434069701017727,-0.07481659416074701,0.10081754499639135,0.1860139807757571,0.19232364553225054,-0.14159870702758992,-0.18012629284867462,-0.1276313730395555,0.10231241983199203,0.07757297849090031,0.38099570081029216,0.17594726364476082,0.24063043782238835,0.22111873523279554,0.20311027501122986,-0.2047498329537307,0.18152472457125632
ROI_2102,0.60333218384038,0.5973680788319473,0.9023932173895997,0.9999999999999999,0.017303196413129936,0.03696912487252261,0.8193238243956248,0.8814031552424035,-0.034657911058944633,-0.02712444881045961,0.3828215990033354,0.6114048928807492,0.5802397691023132,0.508410287210563,-0.036615028799531026,0.22885913520662224,0.25776368485477136,0.13686395796663553,0.704388410223068,0.7250456696000958,-0.034545971150549935,0.13816357005052246,0.7557497328730488,0.7554422393774997,0.04400902720424348,0.02822949905674707,0.14732118254858895,-0.09778332796834519,0.21988279755230608,0.2472219018568721,0.48121165551224304,0.30819126729150237,0.689676172148618,0.6938895728309052,0.37981677197325414,0.37502678963809916,-0.032598951517579716,0.05063618438776759,-0.14774240555623092,-0.07636904936918838,-0.14231763048980448,0.16022632830909736,0.19007246131966107,0.260271893967842,0.2432523803784067,0.16952023995363635,0.23790153268890152,0.4325388912572969,0.18841399974703177,0.28496941061495124,0.282574886045262,0.25114694345410166,0.04717188536843836,0.3392280301146637,0.0734854421210111,0.308425158043531,0.49195938523416427,0.6197160336754641,0.32819929712845064,0.4608234846503064,0.3807505138095913,0.44863412718438644,0.07839416672097903,0.44606298242673603,0.29595559872473487,0.23956047130317212,0.3925196409831373,0.24989463207275683,0.45391265134115305,0.4790579880704487,0.21670309114319472,0.2905458351469756,0.2330214760946567,0.2138707684440989,-0.03571115342102727,0.13656369502583054,0.4732451565248238,0.45367865258851015,0.03696619291476176,0.15469824555096212,0.029607610743362933,0.2715131808111614,-0.01247835607373199,0.08336337540798909,0.11830245918738742,0.3599471157652157,-0.03967902032690601,0.044351306488999216,0.12639562523017087,0.22602199624821503,0.34011703237616736,-0.37082286272380943,-0.33953501734671615,0.39304962787547926,-0.07403169240811072,0.10747238119905132,0.2938806053125906,0.32671292197742574,0.37567977439878975,0.33883223629197595,-0.07582531597160397,0.2395559161210249,0.2883223245714424,0.3208584346116256,-0.21915632490011233,-0.3041210386445079,-0.20708571731845957,0.18722319090083137,-0.038187803717726454,0.36028910832581335,0.06097879178633934,0.3323911497581558,0.36046949855035126,0.32606450646502105,-0.3335571061026079,0.28744921635029475
ROI_2111,-0.09820415856873466,-0.1657079110485672,0.03275895839196634,0.017303196413129936,1.0,0.5847465147424348,0.0725586924039067,0.04249252633308743,0.6314600273126532,0.7718243667843023,0.13462810748919196,0.1727565648575617,0.14282591587114474,0.25856200991294426,0.5194998736300722,0.5850001340722983,0.1680106887082021,0.07409673346021897,-0.015576399500498866,0.0967354683028708,0.003506634494382403,0.17609959939589553,0.2691560971807674,0.2871436502816451,0.572429612233519,0.43628661011825476,0.6451930945936153,0.5901690324431033,0.1495525139044325,0.23945217249569778,0.2801962944841611,0.47577485605037834,0.1511734042432259,0.1478662465965988,0.3228362817801272,0.23933084450946915,0.20194752577527095,0.28015824927232164,0.16497643945135446,0.4506591860758926,0.33552905778356135,0.17118705170376178,0.2709611444387725,0.14532100447150123,0.16883360488771104,0.1466761031158905,0.2131475624074803,0.11179650248610487,0.062270354571915196,0.059464049189849384,0.14388381077063275,0.18537981008566404,0.16538446485636016,0.12601957052281065,0.20339282847684276,0.13014133191934124,-0.010107393152905864,-0.10382307263263504,-0.09453276062246074,-0.1838503977988139,0.11125919552362606,0.2183471959154121,0.15238473486809223,0.11707397662745368,0.23981300526780905,0.21975846392907247,0.12462096758503298,0.05339395653379973,-0.06537997168778946,-0.16397332010075918,0.483409045161616,0.6676765151641977,0.22346296806256752,0.2552241088016983,0.37260492926310373,0.14379850260430554,0.056515266910422385,0.14359811195199226,0.282504379143377,0.4022954298755682,0.3104418834596328,0.15754695150805645,0.214023740974028,0.3173311208131025,0.3039536588941864,0.41249517731745095,0.10293050499925757,0.09875707067281658,0.2306098067833402,0.09671666909937933,0.0027429059447262607,0.04224477052986686,-0.04628395843154703,-0.059443463133122064,0.23934692969997545,0.16207443575640026,0.15090380324433472,-0.001960872165318812,0.02191294332764909,-0.011220544469610332,-0.15328550015548878,-0.19867031988254422,0.022861627554921493,-0.03273026035895144,-0.04919618858145694,0.044072731671032477,-0.0452169842819235,0.02502643647287148,0.12106347356493127,0.18787213057029217,0.08256345610980265,0.07736336176219658,-0.052887942232837624,-0.02243207486613566,0.061831186739352936,0.015831515349122433
ROI_2112,0.21405966740130344,-0.3066839273618923,0.06725704695726038,0.0369691248725226,0.5847465147424348,0.9999999999999998,0.1842470525562203,-0.06576381236753691,0.690213508621691,0.653452628292527,0.48800435005621795,0.24857298082198262,0.19961577194911762,0.404252858757246,0.671884639907329,0.20957449736390624,0.3720996914076459,0.39140906020753274,-0.32667744137942795,-0.04702249891931008,0.28663206237031635,0.1454126876541773,0.0380417005518297,0.2559024033307373,0.6217500719879802,0.8530498350417102,0.783438625450928,0.7713288067927612,0.40547841691682074,0.4263809178913291,0.055755817798332344,0.28633942237476384,-0.17656234425397765,-0.03447588279489211,0.15092817859310292,0.08815506714473256,0.4766602048454228,0.7335546769821798,0.5114064903225307,0.02263030370605386,0.5869017050966172,-0.23109142131043697,0.31057881831496625,0.23995432794269708,0.12593584814605607,0.25829915503620265,0.21331919352335868,0.10362729295999185,-0.033529937477277394,0.1505456841686735,0.3045434368514664,0.017977412366185323,0.416296013612341,-0.12424260682514376,0.22800861099843647,-0.308724848838017,0.22556264212446756,-0.13788930994940687,-0.27963283402671624,-0.17513609689920506,0.23394837724439546,0.0015569062950916222,0.5242224612056522,0.2122313688221648,0.20129407621671974,-0.0037158930790858317,-0.06479101065222644,0.23423763555210741,-0.3290867670115379,-0.09662146842714428,0.48413421570868287,0.47668396579979855,0.6414939180734305,0.5439835817281892,0.12868036633139757,-0.1482621522136822,-0.056340175992212985,0.3487473457791233,0.3974369304154757,0.6035506944705222,0.5757508613815316,0.15474586971717957,0.32146899964743214,0.6641507672524338,0.4265619884381832,0.3481378017595487,-0.2818174595075424,-0.49818550351410007,-0.1584484992718614,-0.4240539036572986,-0.34011667951470165,0.36793107625159355,-0.055123891075918585,-0.418945522449151,0.4985932154673434,-0.10210849205198261,0.07203771357347959,-0.4623339916900725,-0.2699138697052147,-0.4054414311255879,0.05097500053732281,-0.5767486307758145,-0.40478298589635137,-0.5049121306203382,0.3528284343778513,0.5466860454002387,0.4725862047129567,-0.5081299866599263,0.4919943333220574,0.20938331832771256,0.28298175620461014,-0.16220928318707709,-0.4919170372832963,-0.46424940662557923,0.5525122368714771,-0.45139606039604196
ROI_2201,0.7652809479152642,0.37863696051776524,0.8954644731902124,0.8193238243956247,0.07255869240390668,0.1842470525562203,1.0,0.7747385946653492,0.23132713291618198,0.07523305113013513,0.6056416281051004,0.5667866741993506,0.7486241769673028,0.5810794609477571,0.22587684862657437,0.16951156138538317,0.27550188318230523,0.2543277848560625,0.60561837275747,0.6070463200258585,-0.0007512446042559252,0.015286777316238278,0.7247349044030946,0.7271253019192598,0.2130062517058732,0.2210086866957591,0.1608795664915287,0.03644864415449231,0.3452929799052969,0.2845972949325781,0.37785882322293984,0.340153995404145,0.5537165281037039,0.5480789132026196,0.40830071205457114,0.3716486501279449,0.15557761968617095,0.21708723029994123,0.12515801901320028,-0.0820879206244578,0.047308089150457075,0.0366158710839575,0.31488248343414593,0.30849163328428164,0.3787934077998545,0.3100704952968757,0.31545633587261374,0.34695844467384773,0.2856496946527095,0.3472977860280015,0.3887535613553455,0.23464121803629817,0.20462704193701053,0.1551781789369135,0.2591183429619556,0.08318189136368193,0.5757442888345274,0.4552106550927007,0.37496983071690815,0.4238064837858233,0.5829250718430372,0.3638893106725433,0.3354894616460836,0.3534472408220922,0.5026971201461412,0.3144161883429536,0.47162024423686255,0.36761630444655946,0.33583577427094036,0.45132664306039105,0.37525613764531063,0.26972493252428925,0.36827323195913125,0.3545728262131627,0.025363976381019362,0.10959949161706826,0.4119185649496389,0.43128149214541567,0.19647800340777066,0.22788841704216142,0.24964830842509952,0.2746604914294782,0.10908169010697724,0.17156952389536315,0.3991513763508844,0.38702084226381495,-0.021072913786165652,-0.0953700307384138,0.11116319671306493,-0.007374113237841876,0.06201867455215553,-0.07069671274623475,-0.1395302046661706,0.07124697344426727,0.14738566524672608,0.025119234174507867,0.229077807109968,0.09193996436155297,0.1374889943963444,0.05025480670263389,-0.0033326737472541596,-0.013426838956760048,0.019639077124400117,0.019046771418043455,0.0006064771338849095,-0.003443846582302598,0.03327694501818954,-0.050754452574044956,0.19587463723723,0.354662926963097,0.21325215899864175,0.10497484935694769,0.04318407894307982,0.027763177082321115,-0.022791529666239877,0.012660043106282905
ROI_2202,0.5132851805413066,0.622573947341327,0.8066935985299278,0.8814031552424035,0.04249252633308743,-0.06576381236753691,0.7747385946653492,1.0,0.003122657334224621,0.023647077646972887,0.3619720178965281,0.6676294734422894,0.695940940173807,0.6558444285822355,-0.049305756388785704,0.33895796707042486,0.20911582628389994,0.20685401487663163,0.766760474121324,0.684704643162435,-0.24436946044738322,0.04666493204367574,0.7365137825395577,0.6986249084531612,-0.0005239328127999569,-0.08469890910074412,-0.016434877540569437,-0.15241611387190232,0.22617272179644513,0.26055043004024886,0.5179753444938631,0.4505377837226208,0.7487236896033496,0.7724663328463104,0.3916756624786442,0.40771136041118344,-0.16896412755038784,-0.10797671031280603,-0.19842735910784662,0.03385308263232154,-0.20518731411404326,0.22214043264154631,0.15104604820026413,0.19571658465828703,0.21411481710115612,0.09886332983824879,0.18929369916110275,0.37283503724356426,0.1601958341455519,0.19433527903806022,0.15638652814416104,0.24902423154300912,-0.08354698793436557,0.35044330244738986,0.03714933671297849,0.37432909751609683,0.39377249491300986,0.6084021334727612,0.30844771906294194,0.4353595838056029,0.36549297348045784,0.5934252206872073,0.005459417383612822,0.49842157493414885,0.2990057110859393,0.37444600499720204,0.40619388248386584,0.16615068059595942,0.4726832427342481,0.4272328871339442,0.1468093980046699,0.31915969026882934,0.16801239638609575,0.19198592005690654,0.07415533123988267,0.25901859069913613,0.5552316075409734,0.40308732805936653,-0.009345894527213024,0.12033581300554513,-0.05754002392771247,0.36684258652928586,0.0022610544593683734,-0.011322862026799317,0.12247582574753593,0.41512639117855576,0.09575338893922089,0.20734143310493938,0.20419177357384163,0.3288180351868847,0.3897859485662091,-0.38709829246736666,-0.2845836090553147,0.40481436034434076,-0.13582778013681324,0.18272533472737224,0.33167537179351414,0.41672170903919425,0.43535361895026675,0.3866316403845774,-0.1641635441272154,0.271683695596819,0.35968349207536315,0.3789907274341754,-0.3073989741705111,-0.37842559374781787,-0.3244387790230234,0.3026188698263132,-0.16582975786539272,0.32251326993990737,-0.011661707565956702,0.34058867408493754,0.3908162452698809,0.38467946204241793,-0.3932497874374414,0.35807330660023073
ROI_2211,0.12029626206229879,-0.3306683656290346,0.06684382011917617,-0.03465791105894463,0.6314600273126532,0.6902135086216908,0.231327132916182,0.0031226573342246215,1.0,0.7230311106472241,0.49955882435956944,0.26390443521434503,0.3861918439171754,0.49467486402292954,0.8467864551650154,0.443167762587314,0.35708828185918456,0.35904395374955944,-0.18265219019601167,-0.049578907904465175,0.02762113873518604,-0.16816419750998263,0.2121941445086042,0.22309243183341,0.6835390401386581,0.586896868024731,0.4070495752754219,0.5625097308536128,0.4142823815384511,0.45890547752437694,0.2076735176403366,0.4340730339408855,-0.07321883350273066,-0.04407936964992636,0.2610837359667753,0.18694224056579953,0.5168780577504878,0.5293579906079424,0.6264162245063734,0.2713147095377635,0.4638710706982477,0.048490365658297355,0.3699536700837018,0.18881227747489723,0.2942566120833486,0.3238134850217844,0.3485566839481183,-0.024087835674238806,0.1953644162000441,0.1792124151799728,0.2959472615219123,0.06695448318806432,0.3094188080950579,-0.28683876068339437,0.5025492039155487,-0.24074894594887294,0.1692775292335718,-0.23390054827567983,0.062437807066561574,-0.045667127198228706,0.3720061277615927,0.1303899540769767,0.5896202498384783,0.10657602924762143,0.4342437519438283,0.24418894517085354,0.19263008498319922,0.37306784199638887,-0.2892672048882712,-0.06304307874462625,0.6157002097734688,0.4474044378908999,0.5615366951660916,0.5795924439697605,0.28280915352624386,0.11908964234136743,-0.015451648197009803,0.25813399981262375,0.4601956886071275,0.5518717454475843,0.6124663296181981,0.18465453022935116,0.46956313476218936,0.5457491161093581,0.5247950670247056,0.2904530990016518,0.269978984856596,-0.10762628409982367,0.21346945122713265,-0.26186221166454404,-0.4630046554301479,0.493763376037045,0.3050124663255379,-0.5093054180573466,0.48332942510622406,-0.05573219356133072,0.013854862800598998,-0.3272667551005042,-0.37016128186250935,-0.4281693208899712,0.14407950081324575,-0.31973254265180867,-0.43385956899806943,-0.45921919018129503,0.3736985690527143,0.463436697662606,0.3780063872505167,-0.34626560673363144,0.4674627418907561,0.28049969181975876,0.24958917906014746,-0.329238372100793,-0.48007144621173925,-0.46460385761986456,0.4769659968571003,-0.42054591441913314
ROI_2212,-0.08514883902913233,-0.1688936022119512,0.025562854494728417,-0.02712444881045961,0.7718243667843023,0.653452628292527,0.07523305113013513,0.023647077646972887,0.7230311106472241,1.0,0.21295402556732682,0.27287940219620893,0.24971318340126494,0.4198881834980486,0.6186526049641786,0.6961463596322555,0.2348761823726368,0.22224594596361205,-0.08492359908971536,0.025137386905278444,-0.18045623864171886,-0.1634486627012381,0.1944532500196674,0.3026825859715489,0.5963257740342988,0.4118917649470399,0.44104866198211795,0.3940707673188089,0.2697973658380062,0.41799522401678213,0.2689069603333757,0.5036918862900209,0.0635704266336517,0.1155745816371819,0.32652124930148807,0.1783623386720854,0.21051317915155288,0.41430977833404803,0.2718882834820992,0.38272361560573503,0.29196031114683596,0.10982981528558504,0.22706179717532948,0.07131720216638607,0.07654601650607366,0.08143037906829206,0.14699649014517055,-0.06930344788958037,0.04248138371516324,0.0796612354694126,0.09210558040371895,0.17905335518917823,0.04953216106273537,-0.164001332163794,0.17794705522441182,-0.08550756130983585,0.01786570385651227,-0.08935583242065798,-0.07849455009833928,-0.15183778124685146,0.15362579496549197,0.2188159458329683,0.22895089218057785,0.17434406747575645,0.16867704366967096,0.18741717931564786,0.11822222428300598,-0.02474797819548687,-0.15006460387501483,-0.32976215394404235,0.4082751214673574,0.6203584904307766,0.36694750548494476,0.4322256158083328,0.35278892609286877,0.18726807959763336,0.0853571357518155,0.2724099369833376,0.3763247638009644,0.5624005193655186,0.35596466465783017,0.1755955008021736,0.3244514974627448,0.5408502247757727,0.2623091978384511,0.3584708140165867,0.16283675456406266,0.03680835735648964,0.058799840115602554,-0.08652799418693131,-0.228479916396972,0.32087777433288356,0.24643021059155445,-0.30452916441175004,0.2919755338374056,0.05108522159535878,0.036262376929085245,-0.16012987370144494,-0.18971595197305066,-0.2496001082114103,0.024630796700330866,-0.23748307358385987,-0.19519267515265612,-0.24422287898678022,0.1767910906677365,0.23659919999795065,0.1260688077627947,-0.15734205833265028,0.23903543981192182,0.2255408672445749,0.11992490069646868,-0.18970641582406686,-0.25256182723950027,-0.23959879069112283,0.24084993939170385,-0.21288395273851374
ROI_2301,0.5928198962380822,-0.00816950770722489,0.44329595723947446,0.3828215990033354,0.13462810748919196,0.48800435005621795,0.6056416281051005,0.3619720178965281,0.4995588243595694,0.2129540255673268,1.0,0.585203951635473,0.7077528205735298,0.6470947242801312,0.4340086188367904,0.00645422211570085,0.4945738774089191,0.376187328226061,0.05008052867743473,0.20679586576032766,0.22823967434626824,-0.0070932880436564,0.41041039672059887,0.42736500342952066,0.3327200080183912,0.5281054892759788,0.34137384153456257,0.3062489053399136,0.36947395178285203,0.33249824207501066,0.19378096033507317,0.23257269876395065,0.13631291533707693,0.14869055346971596,0.1429568339388411,0.09200339161845104,0.3485273496526739,0.5135360893443667,0.45009246797687347,-0.27662116348785065,0.18573630726006946,-0.26055986598691366,0.07625583704316524,0.04569391110165447,0.07578598091442604,0.15221382081154314,0.07703246090979056,-0.050796323736226834,0.03189296525029027,0.13538395948229465,0.29786076434514214,-0.03881920408408406,0.3148732471656467,-0.2237322560429573,0.13990659086767698,-0.3511295626493462,0.47990133938375684,0.14084391821015943,0.09112112967657658,0.1427223024267705,0.6019092377014779,0.26441907855447877,0.6715519072506283,0.27573230626926354,0.44846425710983534,0.13936464883239244,0.07907714521802646,0.31071630275357376,-0.06850003684104498,0.23435494363819498,0.5098104587165815,0.19297716925871775,0.6215191518715094,0.505722744511374,-0.13643576689622738,-0.13722479476624283,0.10674131075355386,0.41810883389189185,0.37832408125097483,0.3288378759301504,0.5167087282232413,0.17053950252582462,0.18502898601636633,0.372844624028159,0.3859308788029175,0.17838459009773242,-0.1523158634357955,-0.42288528112216245,-0.1576326368811238,-0.3950561039455634,-0.3375829084422973,0.3165300676284546,0.07921621686286018,-0.30782967477716283,0.3123447637098479,-0.24376943099041945,-0.03958647609452669,-0.3191792404432705,-0.2858155137654384,-0.3450700960987674,0.2699343261096848,-0.2281982576001171,-0.3949196711958215,-0.3843382946476079,0.402596111954401,0.41190528445666924,0.46280332136420516,-0.45305927638047333,0.4389766682456228,0.32696992367790956,0.3902202763404375,-0.21751607395516268,-0.3380710491718429,-0.3814480821144328,0.38286774483003233,-0.39151538933444346
ROI_2302,0.5041104974597925,0.4465013590758136,0.5936107319795498,0.6114048928807492,0.1727565648575617,0.2485729808219826,0.5667866741993506,0.6676294734422893,0.26390443521434503,0.272879402196209,0.5852039516354729,1.0,0.6412694302863151,0.8445396684772446,0.2716125436150056,0.38921016215075266,0.36989124671244494,0.4334280453472751,0.4241884753633792,0.5275416566262741,-0.12489719754532727,-0.09041665573395184,0.5602051995791697,0.6331953373593456,0.3164020878674646,0.23136478920761588,0.1737760014813964,0.0875134705477455,0.37680952697040393,0.4852511275562896,0.3935686570812372,0.36830547076878345,0.4076505529760108,0.4994532359453557,0.42619739335924833,0.3327562262588108,0.08887969568575389,0.25360876279941724,0.11817229636291646,0.042600329994697934,0.07411409679375565,0.13987433886676134,0.23235638070840484,0.2378647221756415,0.17617244542201788,0.16665964989289542,0.2545577299406132,0.2539385396387954,0.1796626911666197,0.2982549553331739,0.3556676964136556,0.33212547947726573,0.16013548814135403,0.17345831647904691,0.17358614166282632,0.11694489896020267,0.5035166142724243,0.5704764648552236,0.24983911077997562,0.35510992456783613,0.4361591983798983,0.482553952654586,0.3404513487721741,0.6436699566861891,0.2585496503234494,0.2741964521855743,0.30560383636813243,0.1936517519181928,0.19853692328247005,0.18907527416360606,0.32972657321137694,0.3943535090943783,0.4107066005750132,0.48023895531714206,0.10646979527449646,0.23539848861207074,0.3926801822343679,0.48043429808163984,0.26369878728015217,0.3734299997861558,0.24110458145583627,0.4437299975922324,0.15924404459069444,0.34589689018964376,0.3126587879973472,0.4582915864160315,0.09504354958132727,0.014229809621645552,0.06958043914617798,0.07976090950214366,0.05436661154147195,-0.052808633426176574,-0.09675651014832959,0.05834888011975173,0.10224638153427483,0.061546734609361754,0.22320610324384013,0.12415050071972306,0.11687900586924461,0.07055351721557691,-0.0015279962084751772,0.0108022950642179,0.03164036804769688,0.03570458378006864,-0.011084520264897873,-0.026828035335856034,-0.003786880161692606,0.0007009562862239032,0.10617103594828814,0.34173838751978275,0.19372054897752172,0.11363131557338657,0.0550413546597393,0.04372243959001707,-0.03791131850623318,0.03260502906274308
ROI_2311,0.5695522555862701,0.333949401240196,0.6461508913722142,0.5802397691023132,0.14282591587114474,0.19961577194911762,0.7486241769673029,0.6959409401738071,0.3861918439171754,0.24971318340126494,0.7077528205735297,0.6412694302863152,1.0,0.6889511929838802,0.3452730154221991,0.3133759533396822,0.40258436374963386,0.2654312004457806,0.4769977787020457,0.4328237537629028,-0.18399249812940355,-0.11877110555652907,0.6060312912292123,0.5686426997598588,0.24078528299472826,0.17265543986358195,0.07573570337647013,0.05284289091540117,0.3848213213137026,0.3074085058197883,0.46683108863684963,0.48474885852811966,0.4964270314921392,0.48151488405445925,0.43115343980390114,0.31650905667852924,-0.047891537150440644,0.08314368430133674,0.08198553094009448,0.0478991999556533,0.016232033891213884,0.13018152855199605,0.15641512502223856,0.11960831113709451,0.22748419998909072,0.14829449641463893,0.1855667541692439,0.19308490342658163,0.19084219745512662,0.19664041686284514,0.2110318723973712,0.09648973378457383,0.019501299572614785,0.08823206462679258,0.1154860430110644,0.12854567151960852,0.43048315739262744,0.3541901578516843,0.2460658961068822,0.3037246965153587,0.5412020918202701,0.4627008467612396,0.3311853060678724,0.27918327587922903,0.4826663201066452,0.3094073033696042,0.31782713914998334,0.22704514614298613,0.26220297192163083,0.30176416698990705,0.2740053477008808,0.29755652512134406,0.4025315318646222,0.40374269939218815,0.19451917720361275,0.20626438719050535,0.39747235127311925,0.39930704272892753,0.2426059745475085,0.14640646169501162,0.22998065764419848,0.2939167389308372,0.175994574908388,0.20292671745094265,0.37375749875601344,0.2709154937442984,0.15960361331124437,0.06160934824691441,0.19195274138062088,0.09459553810880486,0.11736376327928355,-0.08657560629691514,-0.1193405425328954,0.09682338516459883,0.06599905431202954,0.07551084222370862,0.2581842662874791,0.14679659843316784,0.1791385639530127,0.10534303328578945,-0.09511194294505487,0.05762759660543086,0.09245549755737853,0.0793929102338054,-0.07439772239975914,-0.07316762178863559,-0.07212842088900072,0.057897058094114606,0.03698721774113061,0.20490937796127445,0.024808595108569267,0.11876550885556386,0.08452675956790025,0.09225304821110096,-0.07974203779584377,0.08587020719667188
ROI_2312,0.45581659197488006,0.2616892949324639,0.5167676627765798,0.508410287210563,0.2585620099129443,0.404252858757246,0.5810794609477572,0.6558444285822356,0.4946748640229296,0.4198881834980485,0.6470947242801312,0.8445396684772446,0.6889511929838801,0.9999999999999998,0.40686600639779075,0.41817599606289885,0.3892822752877237,0.5627224385875859,0.309806645578244,0.3809475957874768,-0.10770862410573595,-0.13775286824516605,0.5318372073317099,0.5915974990156799,0.3978632968241873,0.3899699390801799,0.19065802200277618,0.1888054894780354,0.42914690114961973,0.5256056045721951,0.3791271463789363,0.49599381875662335,0.30974493628181726,0.4262339688933739,0.3694856197357617,0.33328712882175276,0.17484104043457482,0.3391771950002355,0.3044930974346907,0.009814204825151124,0.09675915560100411,0.009970266142895586,0.2693303394717591,0.22971560508685862,0.20659444850368586,0.2166317529081519,0.24014587332294984,0.15901024633294522,0.1505920943325814,0.24208730630041653,0.28967603664132496,0.24044261241990925,0.1409990522319184,-0.01731524688705067,0.21374592741609882,-0.044553101235862015,0.3958161841022235,0.3574975201328991,0.14151627345619902,0.2529832405478609,0.4210435888693428,0.46271732073809485,0.3951889781217261,0.5927276565795496,0.32249641815236535,0.368757904249196,0.297904957786957,0.25751019816670034,0.08100774271324677,0.14682994205656552,0.3815544339716512,0.40286519206536553,0.5110336301245101,0.5505631126096285,0.08423660657210748,0.17224320650082858,0.3546234489560581,0.49254632327883774,0.2713932091945972,0.45824265147292403,0.3158686323097113,0.4436839625860048,0.23517949962827342,0.3889264155474312,0.3743467107994995,0.5008484835823359,0.0889204548575574,-0.08077775699471212,0.019400587885354294,-0.08203845962568138,-0.13140223836565057,0.15722583983527988,0.057176466812854224,-0.15188197675127924,0.19258676035690092,-0.028313033946960105,0.1540089574519406,-0.04099539308926597,-0.04501488777255768,-0.12722789143766966,0.08113497305260114,-0.1147019531316599,-0.1527568965963911,-0.1587447755485731,0.154634803799168,0.16375354512549564,0.1580840416609594,-0.16077659724623342,0.24155627753739867,0.3787466340630777,0.254128370742528,-0.07065381095873106,-0.14649338064196182,-0.15040137075406212,0.15341829254241945,-0.1592992698361004
ROI_2321,0.15613282221808944,-0.290747405025064,0.06390033158919305,-0.036615028799531026,0.5194998736300722,0.671884639907329,0.22587684862657434,-0.0493057563887857,0.8467864551650154,0.6186526049641787,0.4340086188367904,0.2716125436150056,0.34527301542219907,0.4068660063977908,1.0,0.4705998880257123,0.4834639792075532,0.4986244648984126,-0.1385461146242109,0.017031738097003042,0.0553480386147891,-0.16252444957902226,0.16604349578293814,0.2111904590831206,0.7410226637398394,0.577904484250864,0.39480001889950916,0.5576622804164046,0.6265404467087032,0.6233785405702502,0.23633859838085433,0.37047767186062486,-0.11274989691120019,-0.0830769048860698,0.3485857917995731,0.24109107524687465,0.5325952286015969,0.5418599871847175,0.5361876437085694,0.3105230321251742,0.6092128156530952,0.14605176442000734,0.4464495280431886,0.29353479844332575,0.3991666106078632,0.43614877727756024,0.463871736260858,0.0939296137060485,0.23776322494703886,0.22888045856411116,0.4171816315503315,0.11652241427189103,0.3909570708868933,-0.1797232781394856,0.5589154434436462,-0.16922431840055993,0.22718155273708796,-0.21476496758607458,0.04373727766511437,-0.011770933948093282,0.2620155539183371,0.05834327496580762,0.6530914070262762,0.19004940157978084,0.4233753884345957,0.2797430058926276,0.21710839906553922,0.4397003607009927,-0.2559954810632942,0.0021111123932584653,0.5577351085406084,0.38470985981538125,0.5879965929747255,0.6698067150906366,0.3437198897565701,0.1772865027563792,-0.04703164663421545,0.21209952346712282,0.6586034344478295,0.5505175509530141,0.7428869066681085,0.344459950634316,0.6011317968938114,0.6265792111033258,0.7143715377321951,0.38574423197116064,0.32299697930778526,-0.09848274646184178,0.29484844755767725,-0.21231873092749973,-0.37829949976246247,0.4061877658235865,0.15724757167952427,-0.43555063086909784,0.5679706707379837,0.015916526573080028,0.1394020689872988,-0.27149960057398703,-0.2623923019283567,-0.34789635458117996,0.03691818840686897,-0.3188134997183938,-0.35734775913008027,-0.40398564400341785,0.2903401501572455,0.420086630025576,0.3197848663976168,-0.29588460836536146,0.39270611525612226,0.16264170651760515,0.1875706390837553,-0.21313263704798024,-0.4314508094910495,-0.3969544409598852,0.4437026070329477,-0.35312593081041643
ROI_2322,-0.10283682512537214,0.19502122180912534,0.24144828115720687,0.22885913520662227,0.5850001340722982,0.20957449736390624,0.1695115613853832,0.33895796707042486,0.443167762587314,0.6961463596322554,0.006454222115700851,0.38921016215075266,0.3133759533396822,0.41817599606289885,0.47059988802571234,1.0,0.29041134924499146,0.28398358791668304,0.34788759714692774,0.37876911187169016,-0.42117917643624647,-0.18423638021116626,0.4670023096585527,0.46511827664844785,0.45896266327524177,0.013040428516124001,0.16982694177193214,0.048301923577434444,0.39078589098448524,0.5955170345652551,0.599004139910896,0.6432049509786505,0.427595941854653,0.4525214610741635,0.5193166423163403,0.405894838064915,-0.0029018383049446,0.08052451273534005,-0.08555370651151094,0.5429550948422046,0.06811763014417725,0.515631886870841,0.19951713071985885,0.10960695322486749,0.18083920083349045,0.09257860517934056,0.2366474656719712,0.10800796309939069,0.1256155083254396,0.08337416187794118,0.08096355891987553,0.32423388498891426,-0.1027173955765339,0.14551690229695938,0.21298854645700033,0.3333871042205528,-0.006112712300948154,0.12587492827099664,0.080062956819295,-0.0254800786469128,0.006651940726192381,0.371005193232992,0.04787314567932975,0.3715833285940174,0.1790454031959288,0.37072552385194074,0.25454283093843694,-0.033905475310715784,0.17041816472280719,-0.08587836020152907,0.25315317940832927,0.5428939199937552,0.23656242699103672,0.3842992383163958,0.37947649816306706,0.5271338311379807,0.34905179863527214,0.2965096060225762,0.34070328585740345,0.40022429560414774,0.22666388931156248,0.49081696295140276,0.3702658848866975,0.3612841691515686,0.29178939279071153,0.5595813633004644,0.5105439015682962,0.4615306273068749,0.4282233164035082,0.3776004260478215,0.1358530543186887,-0.08603520030729518,0.06817218647951173,0.12130631310355919,0.17570742331530556,0.2822355886765244,0.2948719143177006,0.3289771952226486,0.18323749185660274,0.18396118182789703,-0.14356063183332474,0.18593447304079494,0.2071969849570344,0.21631457719772307,-0.19842844296013123,-0.23680994293525504,-0.29093655823362535,0.29497672416975135,-0.11924218916617245,0.2710692837361623,-0.013068667289847914,0.12380593714232514,0.18874523888362324,0.20520214140138476,-0.2294610320942061,0.23043452305194026
ROI_2331,0.20158884004973643,0.06056160334292614,0.24162560332232622,0.25776368485477136,0.16801068870820207,0.37209969140764587,0.27550188318230523,0.20911582628389994,0.35708828185918456,0.2348761823726368,0.4945738774089191,0.36989124671244494,0.40258436374963386,0.3892822752877237,0.4834639792075532,0.2904113492449915,0.9999999999999999,0.5685793585949057,0.027359188204640776,0.16656599113560752,0.07935854640685583,-0.03211473285218077,0.36742258715476817,0.3468014531247807,0.3528438009115043,0.3595648834452503,0.27319883818898677,0.14827345417929133,0.7457951010380293,0.654915564486916,0.5917656775841625,0.3652144016694437,0.17613184502551837,0.15113319993169816,0.2832993034859225,0.32345858009130113,0.24715995411438937,0.34284029543895933,0.14830385596548157,-0.14772411474682468,0.13874519726915358,-0.01671677497295436,0.06199280423659073,0.057045536039205355,0.126300894412336,0.18608281955406278,0.10771407095458586,-0.025808072626838704,-0.011377431605349278,0.029362621343971496,0.1961400303564282,-0.0003889145653334799,0.06273834905175472,-0.13104303939741427,0.05134568431096064,-0.1698652165251957,0.28923397981335064,0.09115324566017988,-0.13134108441837167,-0.007715664181327072,0.17348600991791857,0.3861483827266576,0.5344500956265584,0.5095290431813814,0.3859771941504408,0.36714037046907416,0.011271991799732836,0.2504382526624265,-0.05124235374354234,0.22842673927053922,0.35808038148137367,0.1381671511754258,0.5796411876635921,0.4454915153989344,-0.0822554824611926,0.08032592005198526,0.10305344123858298,0.38441160538639857,0.7432833353504888,0.41903822566005,0.6965716017845766,0.39971478430586777,0.28870528592712136,0.29519672997390173,0.4114967857296191,0.2343327873453283,0.07599183165671934,-0.21844411263172295,-0.0363592102883777,-0.15633411915881343,-0.16608884167162472,0.1278937124697089,-0.029836644875302104,-0.0881557954561726,0.2630210286469742,-0.20275548036466626,0.10493955328717627,-0.10547329654873779,-0.09552398463165812,-0.12728103569700916,0.2120970005301129,0.012263653196866005,-0.19641426106529716,-0.14871573494961465,0.22143816309183145,0.16686300527133918,0.24564630304456253,-0.22416493094445375,0.09500980415420535,0.28557419871775064,0.2650481117782717,-0.05086574831355261,-0.10719099283217752,-0.1553054213750188,0.1399059532620791,-0.1675857398173814
ROI_2332,0.31692170287053073,0.11629078894769451,0.18588247197092916,0.13686395796663553,0.07409673346021896,0.39140906020753274,0.2543277848560625,0.2068540148766316,0.35904395374955944,0.22224594596361208,0.37618732822606105,0.43342804534727514,0.2654312004457806,0.5627224385875859,0.49862446489841256,0.28398358791668304,0.5685793585949057,1.0,0.024614531697051183,0.1373862224242165,0.028794357088841087,-0.09197785720686277,0.1777279470598472,0.2618850714158125,0.4084956644227557,0.45528444747270913,0.19120004384632058,0.18230637741773495,0.708741665852088,0.792127056542567,0.2809609926631071,0.29999517967132605,-0.05672747917853003,0.10750656504013312,0.2624285618320349,0.3689744772640751,0.3520837695699676,0.46296226673961277,0.3157237259073794,-0.08489778570653694,0.31726071273716694,-0.028879897793503525,0.30347889947003254,0.2929597679462167,0.22475776714247583,0.2780447822404952,0.2806381800728719,0.1356555105500904,0.08789768596526731,0.18053180789553996,0.29478573962147225,0.2020267152963063,0.2830716888197983,-0.10608964683513131,0.2557719866577227,-0.20341978089313947,0.3364071484364555,0.1603270678481452,-0.1335770212623599,0.06674297392454347,0.08773589618859254,0.16244526160401956,0.5457125458320237,0.6196998649554945,0.2179518467576361,0.3907135399160167,0.087137158235429,0.3369814077146344,-0.12367361036859328,0.16927658453805575,0.2477699955123191,0.016866071964776016,0.5734158485086881,0.6512315615413752,-0.054616191414066144,0.1890497103934648,0.18231879486582286,0.4413537588780399,0.5346483372212731,0.5106368944589039,0.569260000882079,0.6817900287107832,0.42621630524301235,0.47616238769975955,0.49757525792411905,0.47651230286484153,0.023284253802927337,-0.25642169092340494,-0.06750234889071202,-0.23143778541937102,-0.31175448648656734,0.29745329144435606,0.07078094068602911,-0.31034141062503773,0.4625638704556346,-0.05117848458322417,0.1447678567797901,-0.1565222396440682,-0.1716488611688242,-0.26554777050602896,0.17132656720039602,-0.2030763373545222,-0.3400600064961714,-0.3385884397445397,0.3090479171246105,0.35478150117703033,0.361570794244219,-0.33054582063714094,0.20159911523063656,0.28872896443441187,0.40057056014969955,-0.12787053562166487,-0.32846691124320804,-0.3269625292568902,0.35556242168040486,-0.33096421005383164
ROI_2401,0.4379601418067845,0.7119497451490965,0.7049097727592952,0.7043884102230679,-0.015576399500498864,-0.32667744137942795,0.60561837275747,0.766760474121324,-0.18265219019601167,-0.08492359908971536,0.05008052867743473,0.42418847536337917,0.4769977787020457,0.309806645578244,-0.1385461146242109,0.34788759714692774,0.027359188204640776,0.024614531697051183,1.0,0.7889949168553348,-0.3609189297910407,0.015543726835677804,0.635467628342149,0.5070260460619535,-0.0420779721196826,-0.32890760857146717,-0.1842064992469878,-0.2875859675198035,0.04801502740952911,0.10140624589900558,0.39276275291909585,0.2875962373977042,0.7424316266951555,0.6715352393189645,0.43896417290230255,0.4077932877300367,-0.3544412422967524,-0.3664798532889505,-0.32814066229028205,0.20037752421410168,-0.32970221608048333,0.3658185598898363,0.1132953971270949,0.15248778388390588,0.2053797426361434,0.031178630728742253,0.16975864477086736,0.36221692608870176,0.17496318292235657,0.12513060286807348,0.10083229861316477,0.2855312135198455,-0.17562804011388342,0.45341375039932424,0.03357526720786322,0.5479503393395014,0.3660602540976331,0.6045014314522891,0.38094702697759086,0.4037839136785123,0.1756948959172614,0.4349168522157337,-0.20303130543781678,0.30235487837111363,0.23037116737063215,0.37831596298518455,0.471847035143768,0.07179526870456983,0.6901530195978391,0.4679270687203897,-0.02196162205563307,0.20056763159324228,-0.1068600230678571,0.029901194037797778,0.20996007175665826,0.38901406641294856,0.5376966927487195,0.21068266532425015,-0.10120664162833326,-0.045160081318518466,-0.19539776611789178,0.3510966810718636,-0.09920124671765027,-0.19002860636764154,0.11370982221840856,0.359877822797271,0.23015588462793887,0.478624520894268,0.36671265053639823,0.544018139525789,0.5295346889145706,-0.5177092193882405,-0.28347624746702405,0.5326120909051607,-0.20168012807399896,0.38576467753505117,0.44727731389760755,0.6308201105281697,0.5693327623744828,0.5490665644269487,-0.30695815964522294,0.39136462791017645,0.5416729107398445,0.5576011099576047,-0.49708027467430677,-0.5726436278142523,-0.5496077069100163,0.5420777878044122,-0.2687667350913297,0.21779191416232838,-0.0794265773525264,0.4581638329690878,0.5429381631482685,0.5612037426668315,-0.570055674853649,0.549397088113723
ROI_2402,0.4781410303564866,0.6665946012426814,0.7410289966471164,0.7250456696000959,0.0967354683028708,-0.04702249891931009,0.6070463200258585,0.684704643162435,-0.04957890790446518,0.025137386905278444,0.20679586576032766,0.527541656626274,0.4328237537629027,0.3809475957874768,0.017031738097003042,0.3787691118716902,0.16656599113560752,0.13738622242421647,0.7889949168553348,1.0,-0.2880995741489295,-0.01834085440578599,0.612871955956287,0.6404749345889698,0.1401114825414798,-0.10738317356647348,0.07443578758943754,-0.09289663506605225,0.18715260579262938,0.2840523683548007,0.3950260161704021,0.33277272703911354,0.6989202933832801,0.7535848770777719,0.47008441623789454,0.4611962512256571,-0.11042314791909501,-0.03210287024646724,-0.16968345448593683,0.23249163358579408,-0.10890527006991815,0.32276888034759516,0.1888387511804182,0.25383297215438594,0.2070749475982885,0.14516089825218054,0.255468118577856,0.3969992483788751,0.13603302708368784,0.18714637438211218,0.2582737720215008,0.3456319551815685,0.05498039931209995,0.42140529741951727,0.13762359111364522,0.4479478753893705,0.48454245132353957,0.6446433805233734,0.293499304216844,0.23397051702905963,0.23189288547583956,0.3256307545107723,0.0016175696064448127,0.3976515935539819,0.22331534915658133,0.26312438286985507,0.3718663326346692,0.18459938572168197,0.5998466238009703,0.5167027952766845,0.1465436054078794,0.31981497260748587,0.14511117281669053,0.28427223230242626,0.18375102389731962,0.38976103693748054,0.541880604066595,0.4228072678888406,0.08567753858262259,0.1890296084462129,0.04866740536557598,0.41323214216168286,0.051999336393784686,0.10824255700114278,0.2235079458087387,0.515041901726044,0.15486850901396518,0.3059197680551643,0.31326086765516115,0.41448974339130373,0.38666839194350017,-0.4044563658989709,-0.2889423518602438,0.4098248520100316,0.06916918644087577,0.3663648408380785,0.47828894276427397,0.49077511927514517,0.44192039914439796,0.4170053817611533,-0.2322515814970669,0.24052933141044477,0.3886015397457644,0.4004320430156162,-0.35535805942522486,-0.39479295033650696,-0.3583201331009357,0.3592940771954236,-0.07096104433349458,0.3407604918461673,0.10262853878856831,0.40331756567666677,0.3981534426282861,0.4080061351252591,-0.40069242468289296,0.4033506593914707
ROI_2501,0.27976226261035647,-0.1986654375575894,-0.0898910929853288,-0.034545971150549935,0.003506634494382403,0.28663206237031635,-0.0007512446042559253,-0.24436946044738325,0.027621138735186044,-0.18045623864171886,0.22823967434626824,-0.12489719754532726,-0.18399249812940355,-0.10770862410573594,0.0553480386147891,-0.42117917643624647,0.07935854640685584,0.028794357088841087,-0.3609189297910407,-0.2880995741489295,1.0,0.6032969317899897,-0.05751088585077305,-0.0675778465285597,0.06216550863451223,0.46753523018113896,0.47689869246514355,0.3450984853126343,-0.03465373998163844,-0.12807315019685714,-0.24520383587401423,-0.3369206205859259,-0.4409878139020767,-0.4605748204401705,-0.292278955839112,-0.2808460231389031,0.5190552461781066,0.45861362629074054,0.254543761408985,-0.5819878049917466,0.1671003125888171,-0.41754785992693255,-0.01957162035684763,-0.01779791730868665,-0.023597442323160005,0.06542378757750432,-0.018091216963291912,-0.1143518172649368,-0.1021671081975418,-0.005265947098392872,0.15630501056685542,-0.31503521102375814,0.36520174966360497,-0.26765403708161767,-0.006595486514742262,-0.48686082831930627,0.19114180455466467,-0.1750142735999598,-0.1352849813931824,0.019853745604814472,0.0927290830490099,-0.2153565242957664,0.3536084905620607,-0.14538785936686804,0.12385435279465717,-0.20432934870415015,-0.24988782665141576,0.11075550898596873,-0.3437750195554684,-0.02708256726427607,0.11657428495271106,-0.2785630551988861,0.1421672863506259,-0.14969502548642094,-0.5677209519622856,-0.5653032639099987,-0.4736470797499831,-0.08816845026444291,0.06035196418348777,0.0906276070980054,0.3032222971694747,-0.2540488385122954,0.07339551472953829,0.11010751534484821,0.1244249403321187,-0.16265042042623015,-0.40858030973518294,-0.6833538196549555,-0.36769152996138027,-0.5505987228302204,-0.3637461170253614,0.2752143611789315,0.0007321033614624627,-0.24769657268600145,0.11071714405993807,-0.5774179814453128,-0.4271702592730132,-0.545611821705615,-0.39880939064177706,-0.3888466876216587,0.4780375067224484,-0.16561532763432293,-0.4559290353273019,-0.3928195227435305,0.5095786796837657,0.4337882366868643,0.5784631773071676,-0.5742533675633429,0.3154344255240576,0.012775005442907153,0.12954690170264607,-0.31237596617072416,-0.298732052707953,-0.4066125067688553,0.379967079595226,-0.44266601068439093
ROI_2502,0.12489364705977503,0.040014042173090514,0.00711087732330756,0.13816357005052246,0.17609959939589556,0.1454126876541773,0.015286777316238277,0.04666493204367574,-0.16816419750998263,-0.16344866270123806,-0.0070932880436564,-0.09041665573395184,-0.11877110555652906,-0.13775286824516605,-0.16252444957902226,-0.18423638021116628,-0.03211473285218078,-0.09197785720686276,0.015543726835677804,-0.018340854405785985,0.6032969317899897,1.0,-0.020400032976298003,-0.011301258269215585,-0.013732608023023722,0.28138613718681504,0.5036258432992159,0.3765570132962149,-0.1266896113062355,-0.14607700067416865,-0.0640062943674203,-0.08350946852904328,-0.05441004698776925,-0.06273139555301147,-0.1583635391504756,-0.09672829211281347,0.06151619793359781,0.03288716682383859,-0.14955227299051632,-0.2212628314210798,0.07079657105539695,-0.18292245061066237,-0.09770148300463968,-0.041084539004207145,-0.04092529857822823,-0.09868442045777095,-0.10237720398543415,0.14642963915205198,-0.15743758549861459,-0.09831718749857944,-0.04232693089392519,-0.25975801782500957,0.1670095967900906,0.2214237659250416,-0.24616727032218907,0.07038212234466966,0.030375945284315514,-0.00908104054380071,-0.20389766895829173,-0.011965127772892832,-0.11184105371549855,-0.028628863601876598,-0.08919936079259351,-0.09655928009370819,0.04774341088832746,-0.07564442203584304,-0.2283530467711487,-0.05953909412367368,0.036752271050103674,0.14126677489694003,-0.008959396247265381,0.03740385313813449,-0.09770311241609693,-0.27922708884836056,-0.2594827797907804,-0.39129062857420066,-0.19130404233245085,-0.1175034467544399,-0.1516705341398131,-0.018543332697429603,-0.05017939578917001,-0.1345413917334028,-0.14227282875489014,-0.14087247125845867,-0.0879565143743931,-0.03709392971596969,-0.4236148729451296,-0.25814574270565094,-0.13645615687942123,-0.002667283305697752,0.24855602013229783,-0.3153906870442376,-0.44771798112796946,0.30590603825311086,-0.07386870352406788,-0.08632663933440386,-0.022116280023619,-0.026658257436055367,0.18596600796285664,0.19060663373460066,-0.04645242504883905,0.03714564466557173,0.16090817284658357,0.16394667673281582,-0.10589178444920688,-0.12041944793416982,-0.021562395544032605,0.0006288642707188964,-0.12216829283919817,-0.05057050695341485,-0.15520181711275216,0.21824511348503808,0.21090039513797953,0.17897235815985435,-0.14004142779794324,0.14699076960402818
ROI_2601,0.4400057397902639,0.4379808519189025,0.7743502409300705,0.7557497328730488,0.2691560971807674,0.0380417005518297,0.7247349044030946,0.7365137825395577,0.2121941445086042,0.1944532500196674,0.4104103967205989,0.5602051995791697,0.6060312912292123,0.5318372073317099,0.16604349578293812,0.4670023096585527,0.3674225871547681,0.17772794705984718,0.6354676283421489,0.612871955956287,-0.05751088585077305,-0.020400032976298003,1.0,0.821651454150145,0.2900210580347806,0.05650725083739257,0.14745662936641635,-0.09747258698339523,0.23973369528112232,0.26621139948045336,0.6490268187558959,0.5158833828724506,0.6727723225449832,0.5840808305964932,0.48245231792420495,0.4643489710762899,0.027126489945635605,0.07523205445654002,-0.04971517258985861,0.028438883260228795,-0.20288467190179732,0.24974467295102315,0.09807033308526317,0.07073089820022171,0.20799133750273643,0.11482271536193434,0.16614556199653244,0.15368176514546647,0.18784491067866635,0.15187269601134645,0.20109312010150662,0.24254247691296926,-0.03943034556021834,0.13392403837652236,0.11965033197000681,0.203383184148552,0.3782262762098335,0.41917638668761625,0.3571089577609739,0.3407927284200246,0.4063820413558741,0.5814393600255946,0.18957471927923922,0.40126473489369197,0.4914846528985121,0.46265549726805916,0.42623686024663615,0.1961611291821555,0.31949117972142443,0.33196006503451425,0.3425398745241416,0.29273239139532564,0.2597412789617699,0.21414134302196236,-0.030257803042137738,0.29052826179080893,0.39777154274777654,0.3425618441159104,0.23556237452836742,0.14079536274653098,0.18983189783593138,0.31337433557615063,0.07931188679857298,0.020264999611634697,0.3067563285632576,0.3918593113684479,0.2459942375531607,0.18038518620970642,0.22717546102477124,0.21116149941146356,0.15868859417319509,-0.16608286186577026,-0.029709329422260393,0.2381815987359235,-0.0012211882758661505,0.006831771334189482,0.19012918787014063,0.30277720679473047,0.2087406160339918,0.2009566996379644,0.08953009359807132,0.3189448582843775,0.15544870866310262,0.24024524776708123,-0.0749349252878917,-0.241835055182745,-0.14053171441645584,0.14879746106217542,-0.012049893531226024,0.39854105509643734,0.1928498243035393,0.16958485501519338,0.2854092829294687,0.21359409149661737,-0.28306315839099216,0.19867947075621173
ROI_2602,0.4954687829997983,0.41257392758558087,0.8253917446198938,0.7554422393774995,0.2871436502816451,0.25590240333073727,0.7271253019192598,0.6986249084531612,0.22309243183341,0.30268258597154896,0.4273650034295207,0.6331953373593456,0.5686426997598589,0.5915974990156799,0.21119045908312062,0.4651182766484478,0.3468014531247807,0.2618850714158126,0.5070260460619535,0.6404749345889698,-0.0675778465285597,-0.011301258269215584,0.8216514541501447,0.9999999999999998,0.4221162726813561,0.2718586534331364,0.2936945634496785,0.008368768258967835,0.3930638470159747,0.36806576773721283,0.5726572584191664,0.5621982907878598,0.5745488926835475,0.6363561957821476,0.542838858766859,0.5261595462360904,0.10486928813711838,0.27816896003495334,0.05596442521140956,0.013574898682311858,-0.00396461793594185,0.10597662387494855,0.19463214231223208,0.16372656455978646,0.1661239553462581,0.1338666195418024,0.17901211538049394,0.20715945368259212,0.07561563140012575,0.15451244934256142,0.23869674195358503,0.25715344457300127,0.04861191688032378,0.14947259937675955,0.11983459818741023,0.09887639238697665,0.42914256386718264,0.43665135842885777,0.12589836959480713,0.17004847676800594,0.33291132086268277,0.4030755054855396,0.2161005722989724,0.4538119909847862,0.37548068698454573,0.32912785374056475,0.33936784127552005,0.15452904068099374,0.31960441331290745,0.22757885720662346,0.3437276863668828,0.45018544032661667,0.41737867531638034,0.34454582500735725,0.037134337429707134,0.21208453618846856,0.5012784982903633,0.5340704327503973,0.25291079918519693,0.3578260565517111,0.24507413344868423,0.295060399665431,0.14648987534153796,0.23393882149877904,0.34237357797168744,0.5508458395768895,0.044084799608746526,-0.032440550066623663,0.044579899979910576,0.04058199824398665,0.10607446354937866,-0.07989598161360596,-0.11085859593935919,0.10571836321331493,0.10591972642990546,0.03263884544027479,0.25266113145315583,0.1340625555700406,0.16387429077636556,0.07256749917327053,-0.0049612740924580715,-0.0034896473531780253,0.06840109610103295,0.062236080392220505,-0.027495144810869704,-0.053277344795043716,-0.024792971174646374,-0.01813753583300138,0.12578294194263506,0.4004078803430922,0.2365896238962272,0.12987127148915423,0.0983341317331654,0.07416508093338221,-0.08416332695150217,0.058965075928502246
ROI_2611,0.12385895975482818,-0.09791304833988586,0.20168382044400285,0.04400902720424348,0.572429612233519,0.6217500719879802,0.2130062517058732,-0.0005239328127999569,0.683539040138658,0.5963257740342988,0.3327200080183912,0.3164020878674646,0.24078528299472826,0.39786329682418725,0.7410226637398394,0.45896266327524177,0.3528438009115043,0.40849566442275564,-0.0420779721196826,0.1401114825414798,0.062165508634512236,-0.013732608023023724,0.2900210580347806,0.4221162726813561,0.9999999999999998,0.678412570929232,0.5044592914094953,0.5244160178666203,0.5079310191173961,0.5111340540266341,0.3019777769037123,0.5133920465984699,-0.009843923676184547,0.05405108180035941,0.4476535073928794,0.4090242503839235,0.4141070259706694,0.5046421086555013,0.4781579110262261,0.30494906979613573,0.4965123686136063,0.11235490769888719,0.347044608421886,0.23010106271024813,0.2861936363700495,0.3095004186462791,0.31764269294084535,0.11629766949959457,0.16076762718257154,0.15216214691541352,0.3553111278361439,0.20264862682845464,0.3482241656349224,-0.038533991886916814,0.3891565151922692,-0.08542540128842492,0.23176293433815212,-0.06622505402006883,-0.06300741035233963,-0.11856868035431824,0.12058835722915481,0.01922370147927584,0.39903147035406156,0.1494791056830553,0.38675238997457284,0.3282880925617375,0.2366543984041368,0.33179427607631623,-0.025194211952992478,0.01927063710535541,0.5251876584509019,0.48700841559551,0.46937716577284544,0.5435874151539571,0.3131602870801751,0.16654693375010118,0.08969344910216305,0.2464388349008718,0.5034678142757548,0.4956953142209291,0.5422833881721547,0.2937665642738801,0.4530399052023262,0.49252795729365256,0.5829740018515431,0.44884504962272376,0.18768115576086122,-0.0778111353977472,0.1617002978222234,-0.14343932481471064,-0.21839161160054926,0.25988678755581596,0.0736851169311879,-0.2805059889750806,0.48466654156658723,0.10450492926102681,0.21846666142578738,-0.14950849209006165,-0.1275313228245099,-0.22190130859688098,-0.03778726785857497,-0.30527363383885414,-0.21306994943107707,-0.2723200608761285,0.1739955692297201,0.2898328493384554,0.20513950032834374,-0.21045611169159545,0.3344436064741068,0.23849337108849336,0.2760244982816554,-0.07647573864523051,-0.28288653655573703,-0.2555986550650095,0.3022852396126718,-0.21711924369398786
ROI_2612,0.3110520880332454,-0.2709266433611071,0.1224563847540795,0.02822949905674707,0.43628661011825476,0.8530498350417101,0.22100868669575907,-0.08469890910074412,0.586896868024731,0.41189176494703994,0.5281054892759788,0.2313647892076159,0.17265543986358192,0.3899699390801799,0.577904484250864,0.013040428516124001,0.3595648834452503,0.45528444747270913,-0.32890760857146717,-0.10738317356647348,0.46753523018113896,0.28138613718681504,0.056507250837392574,0.2718586534331364,0.678412570929232,1.0,0.751194906508629,0.7282105130822484,0.4417844614236362,0.36816122812206464,0.0444246610435696,0.2244706614921064,-0.281253346295541,-0.14929390871621176,0.12795004520838776,0.13355505289740446,0.5160827251782352,0.7184370336140544,0.5783303626344887,-0.17385409599753196,0.5055470649397503,-0.37951286810494544,0.2578591559261695,0.19997085771737924,0.12119465430458493,0.2452780341605171,0.16047793023238435,0.0684787312142491,-0.033993428721743206,0.0996649483592026,0.3262208507636359,-0.016421986598660555,0.47592133942163395,-0.12850151079317682,0.1972945530478469,-0.4015703952920356,0.26009368785771086,-0.13599561596088283,-0.3036990885380048,-0.17262831368165168,0.22149051093548297,-0.054898931511716625,0.5216324919663772,0.19847008232070032,0.2812390724104346,0.09963397301629409,-0.06097003274923487,0.2649978305140489,-0.2511628348652699,-0.005582224707760562,0.47684984491653837,0.2931215405571739,0.5832688478596713,0.45983919979991345,-0.04797950409713779,-0.26063551562526377,-0.0814168106992852,0.2895069635495567,0.3668994074680785,0.5025427907828554,0.5602582304868042,0.12733025507171192,0.2161854521128473,0.4820458073753983,0.45563342706075693,0.3095510140705092,-0.3660310838592287,-0.6178493498523426,-0.2538525788516028,-0.519762039207104,-0.3805588630086296,0.3845609132251247,-0.07080863315773439,-0.4267618531526424,0.45692376635745763,-0.21305839209092275,0.010940072234058885,-0.5126075466524946,-0.3179212029903907,-0.44366578376403165,0.1292434890863528,-0.5921294692836357,-0.46238223172031034,-0.5425977149377214,0.4248476367763493,0.594317245496133,0.5637305226706454,-0.5917092799036775,0.5268674976827418,0.2273234460348255,0.3967832488658496,-0.18286121261334304,-0.5107562707650201,-0.5052190484589268,0.587285279361613,-0.5044626848958008
ROI_2701,0.2345975888961068,-0.11521055255467473,0.12199818851815997,0.14732118254858897,0.6451930945936153,0.783438625450928,0.1608795664915287,-0.016434877540569437,0.4070495752754219,0.44104866198211795,0.34137384153456257,0.1737760014813964,0.07573570337647013,0.19065802200277618,0.39480001889950916,0.16982694177193214,0.27319883818898677,0.19120004384632058,-0.1842064992469878,0.07443578758943754,0.47689869246514355,0.5036258432992159,0.14745662936641635,0.2936945634496785,0.5044592914094953,0.751194906508629,1.0,0.7390966796601898,0.2268729791771863,0.2620060048135102,0.07119935392038039,0.1664941254152436,-0.05867331401270549,0.014506257324343078,0.17053633386618036,0.10687359978677616,0.4127439275652822,0.6180621443768,0.23454426387701272,-0.05700026669815138,0.42449559138273946,-0.2171816656202029,0.229751863939112,0.21551459291297745,0.09345528786096326,0.1718687976805011,0.15512861606809436,0.19855096928163815,-0.08026411818133045,0.10019763205808811,0.30189163427769583,0.028072978994687695,0.4689362422649662,0.1334895659638426,0.09051353468394809,-0.12671294406354616,0.23669233331517212,0.02657691570049225,-0.28051891454006883,-0.18589238648912731,0.19677155919325404,0.030875473268766974,0.327669080278741,0.1479320864275496,0.234635290136026,-0.014222437537259887,-0.1382375531461771,0.11302074041437317,-0.14926811160022416,0.01569018810241247,0.4473810382586039,0.4368212264135441,0.40898132943609916,0.25118900541167305,-0.06345650383061424,-0.2179113564494794,-0.04066187154646436,0.2888698610343296,0.2806072676226041,0.46478973095122134,0.47815466557347736,0.14889146231568454,0.19732816865892186,0.46041193508125383,0.36115545420013,0.3835727548219107,-0.4151713134871067,-0.45964364142351566,-0.14386558468251853,-0.2456839706263047,-0.08904817461492785,0.05712573093485277,-0.2807704498156348,-0.08368592910812889,0.36710225847839006,-0.08776826866258483,0.07280472589160845,-0.27149537826653003,-0.08038168021100553,-0.14218503578927438,0.03332581947584355,-0.37810878727140035,-0.17022052021264555,-0.22002162196483963,0.17033580007854657,0.27481399650040383,0.3009337821503788,-0.3334980709150283,0.3317894310177645,0.2571302662705808,0.26469219044486736,0.0629487017117194,-0.1775731903996459,-0.19014184888170904,0.259106701108354,-0.19377291593417006
ROI_2702,0.09418168119922193,-0.3176727479538212,-0.09601595140255327,-0.0977833279683452,0.5901690324431033,0.7713288067927612,0.03644864415449231,-0.15241611387190232,0.5625097308536128,0.39407076731880897,0.30624890533991356,0.08751347054774551,0.05284289091540117,0.18880548947803538,0.5576622804164046,0.048301923577434444,0.14827345417929133,0.18230637741773495,-0.28758596751980353,-0.09289663506605227,0.3450984853126343,0.3765570132962149,-0.09747258698339521,0.008368768258967835,0.5244160178666202,0.7282105130822484,0.7390966796601898,1.0,0.1676862741368029,0.17537834608533182,-0.10222271799320984,0.15099765605963383,-0.18681450716368966,-0.12796312438009586,0.07074965695701825,0.07281290455561755,0.4117753552827329,0.44668102758150324,0.4824156520608327,0.22177475903327912,0.6432462370721242,-0.06603943587529434,0.3267320208628137,0.2724086471506893,0.21726640702339203,0.2866414215194049,0.2706934305475767,0.2553288979038187,0.03316454866637548,0.11640072845448683,0.30853273888383353,-0.02263262857728826,0.501164040199277,0.13936763853431222,0.30932939306647395,-0.041685278654638724,0.1185609286819213,-0.20905512718312733,-0.20860043719249574,-0.1676624523751178,0.15042513890295522,-0.06375880341192677,0.3455679991113431,0.013956672382752226,0.2068432715992287,0.03648282391050788,-0.030325539943389462,0.32791213357031856,-0.22152334508934596,0.06518772567032581,0.44028167196747126,0.4585639911874154,0.34821573308377174,0.3494499285018263,0.2961980266685298,-0.11627085727761567,-0.1600089380256221,0.0633388782654202,0.21427371312660276,0.3680500307175956,0.3852368548095917,0.09368329023429488,0.1773248123603796,0.37546298703187814,0.3975193632996332,0.270423215644852,-0.1688098272888218,-0.2787097940002374,0.10803011616740711,-0.15937411984094826,-0.11092415824416493,0.10114044620701286,-0.2976215605400101,-0.20795482883132252,0.414372151126229,0.12242731136818275,0.21474151015012202,-0.2750658702385476,-0.04605092240005735,-0.14924645790563928,-0.2260288062353943,-0.5205869624442564,-0.15662205348291255,-0.27725105367292247,0.06470567871576634,0.32881111517521455,0.2252919474713535,-0.2221147762636795,0.374992829138145,0.028119470047430085,0.10689598561911628,0.0889899795824164,-0.3161180543335056,-0.23262039647823649,0.3742302624048961,-0.19199363338939643
ROI_3001,0.24730755078958624,0.051553527740733816,0.30951751320742277,0.21988279755230608,0.14955251390443253,0.40547841691682074,0.3452929799052969,0.22617272179644513,0.4142823815384511,0.2697973658380061,0.36947395178285203,0.37680952697040393,0.38482132131370256,0.42914690114961973,0.6265404467087032,0.39078589098448524,0.7457951010380293,0.708741665852088,0.04801502740952911,0.18715260579262938,-0.03465373998163845,-0.1266896113062355,0.23973369528112232,0.3930638470159747,0.507931019117396,0.4417844614236362,0.22687297917718627,0.1676862741368029,1.0,0.8107205531081522,0.5139138887142349,0.4540005198036274,0.07285959698466228,0.20331814817911262,0.3624158478962589,0.378659794362452,0.3603715694791794,0.43131293767953177,0.21758719536768642,0.05746920238702419,0.4126590110302988,0.09927880759719826,0.3318952297567654,0.3151468785053042,0.3116136254747452,0.3940472984855559,0.3237077247192746,0.16076099974972274,0.12539660203485897,0.17567254522488768,0.32249323818170683,0.21507052483755273,0.19043322861560288,-0.017667255353958092,0.2883959292745467,-0.12786106807589914,0.27055949223532105,0.06605155904789138,-0.13247457388129116,-0.025016054266940042,0.14006545073486482,0.16643243038762623,0.5034444675492916,0.5168055994665611,0.29003871227218664,0.36077615324883866,0.13176730780758172,0.3193900051870878,0.019285724492508764,0.13067789529559568,0.30875816232025255,0.19677679828534972,0.598700080385321,0.5688074229881185,0.13028185904328984,0.1980751646639063,0.23633420865548524,0.39500809292501626,0.7204949925348758,0.5042460631166987,0.6912738861020037,0.510601593255766,0.5163698276700676,0.48039212720017593,0.5751275884284098,0.4503449585267285,0.14643252556825928,-0.1976691902988301,0.08680021393188038,-0.1643697497765211,-0.1833510818903337,0.19191519308096971,-0.04008723217466441,-0.2089404245333586,0.4341381729862678,-0.046525124887699436,0.2467120407501592,-0.12866310910708012,-0.07062455365811789,-0.1819179681267902,0.012583491853526701,-0.25195696623432884,-0.20184049404234594,-0.24446337513573627,0.1543813644192994,0.25837814135015047,0.21823880915922195,-0.2319760453699932,0.12770649241223644,0.23954511145610258,0.250654790699221,-0.04883525450788704,-0.2537777193549296,-0.22108508736190943,0.2663018495606064,-0.20616172107042607
ROI_3002,0.17439614220174696,0.07709672421335122,0.26923225723611965,0.2472219018568721,0.2394521724956978,0.4263809178913291,0.2845972949325781,0.26055043004024886,0.458905477524377,0.41799522401678213,0.3324982420750107,0.48525112755628963,0.30740850581978835,0.5256056045721951,0.6233785405702502,0.5955170345652551,0.654915564486916,0.792127056542567,0.10140624589900558,0.2840523683548007,-0.12807315019685714,-0.14607700067416865,0.26621139948045336,0.36806576773721283,0.5111340540266343,0.36816122812206464,0.2620060048135102,0.1753783460853318,0.8107205531081522,1.0,0.5020746557743102,0.4341326031014047,0.145387257955903,0.24896337510005978,0.3489339032932265,0.350257908707281,0.38937030010811513,0.4845639475157898,0.21811195638039252,0.12310565278933915,0.36857000692277025,0.17479349223887933,0.30857375504089596,0.27908507272620836,0.26251317236321786,0.3034417527579438,0.3195041359893814,0.1357793701155178,0.10391680129754509,0.18232594608230998,0.3093917343404414,0.24080160090692773,0.22105185099288296,-0.046029523788022185,0.30068188508111293,-0.06968318271754263,0.2206565310659765,0.1322493398852005,-0.09149619972517334,-0.01993798153481102,0.10145125205676549,0.2326683407788832,0.47815463261181884,0.6130469325799655,0.22732718300108065,0.3351315697595447,0.09120641080696354,0.26659139116953307,-0.0204093236057199,0.15820722769500295,0.4105001933610139,0.2906941344552727,0.5688915045429122,0.6809266836358068,0.10339136356837778,0.2767864808905226,0.22447534244918976,0.4828982007729507,0.6624551971533529,0.6551367472979689,0.6410982048724089,0.7054233906884346,0.5496250766644005,0.6274651480335409,0.4936553243862078,0.5381316116286605,0.18775599711262653,-0.0837499880525203,0.10642723844149221,-0.08322758422914243,-0.2099485417006029,0.19291721746094753,0.03594923444741779,-0.18371754607528784,0.5237816023782479,0.06311023047134157,0.22018191197850542,-0.03887943304823194,-0.11147639079155551,-0.14942048927562362,0.09981957822178668,-0.09183482112396256,-0.2030004260766212,-0.1919414802109287,0.18450924196979548,0.2047428800420181,0.20585540012274667,-0.17762229258717735,0.18496739835607579,0.42444542744065045,0.34065172758413836,-0.053069125145849244,-0.18937751479154066,-0.18919443734098365,0.20317226763929688,-0.18431840393526144
ROI_4001,0.017044641232984634,0.27633126527910806,0.4842753737308263,0.4812116555122431,0.28019629448416117,0.055755817798332344,0.37785882322293984,0.517975344493863,0.2076735176403366,0.2689069603333757,0.19378096033507317,0.39356865708123717,0.46683108863684963,0.37912714637893635,0.2363385983808543,0.599004139910896,0.5917656775841625,0.2809609926631071,0.39276275291909585,0.3950260161704021,-0.24520383587401423,-0.0640062943674203,0.6490268187558957,0.5726572584191665,0.30197777690371236,0.04442466104356959,0.07119935392038039,-0.10222271799320982,0.513913888714235,0.5020746557743102,1.0,0.7626446282337548,0.6191754568872997,0.5807018946524346,0.4485092355357349,0.46321077858836546,-0.133326255192234,-0.06942927189140488,-0.25026713296194647,0.19160032762768034,-0.11816631278110731,0.3349570825654084,-0.001157817389550034,-0.02669091316617537,0.10790231887424985,0.03323398137908409,0.04082199144495703,0.09442558900587007,0.11715357922175947,0.06456446079462488,0.017265057324785543,0.2302208035646272,-0.21916055078655863,0.21098023798651674,-0.0401836473387627,0.2997440416822071,0.039513718648525764,0.21614865453281187,0.05401332043700353,0.10793927765557967,0.052237803805135,0.5128719125361358,0.06269045663603905,0.5156632546148854,0.2524617465296607,0.4093301380587118,0.21658531306774695,0.028824676325528552,0.2287776198776661,0.13805383113115963,0.3075863182520984,0.39282306962576535,0.26398320003231623,0.2843773184428393,0.17963325683531742,0.40211629630064066,0.38372362225901846,0.30619971079255104,0.3981756346758463,0.17505090981383806,0.18927682391982428,0.38250711857715247,0.07809856058122712,0.028285911682108696,0.12701939779168347,0.275712894547833,0.307151690308491,0.285901766891143,0.26782188326463224,0.34412375775579174,0.27622298386918354,-0.266107442700812,-0.17248363075900155,0.31051361448628084,-0.04463592404702886,0.11748679566717024,0.2644717584547676,0.3593698457390539,0.30362436999324693,0.31176634572642176,-0.13417238706591894,0.25997400437261053,0.2927658889051468,0.32153827251199063,-0.2552031800314544,-0.32457735709457797,-0.29348219419284377,0.28912632727642557,-0.3030064755124432,0.21334945859539803,-0.015071913708090625,0.2984220725080953,0.3266093060655833,0.31717738201245427,-0.3321296652004583,0.31873971161418396
ROI_4002,-0.049080084858467536,0.09970307199120337,0.4059207171243017,0.30819126729150237,0.4757748560503783,0.28633942237476384,0.340153995404145,0.4505377837226208,0.43407303394088553,0.5036918862900209,0.23257269876395065,0.36830547076878345,0.48474885852811966,0.49599381875662335,0.37047767186062486,0.6432049509786505,0.36521440166944363,0.29999517967132605,0.2875962373977042,0.33277272703911354,-0.3369206205859259,-0.08350946852904328,0.5158833828724506,0.5621982907878598,0.5133920465984699,0.22447066149210643,0.1664941254152436,0.15099765605963383,0.4540005198036274,0.4341326031014047,0.7626446282337548,0.9999999999999999,0.4852733188440606,0.5860096523698572,0.3646134046366353,0.4206781414267131,-0.1190044374074616,-0.00538926082650554,-0.027042066740828666,0.37664443563425637,0.07435616339483604,0.30670290373787423,0.060071562715017846,0.00851249389296148,0.08196976716234709,0.042038480460276154,0.04882572601869528,0.10385405358780476,0.09999009321050364,0.031991819568288095,-0.043039693996820484,0.22763467666896603,-0.14965330193730575,0.1871961403435208,0.013511456475472002,0.274699399628074,-0.09133815592245009,0.016624029361450018,-0.07052065250224024,-0.07754641481412872,-0.0214460115309252,0.3548877065399102,0.07068354605469723,0.3591725776309654,0.16366405244099086,0.37205084751781153,0.19875608818292684,0.025187304769983602,0.21199306968916673,-0.002743934419240981,0.2653599982942171,0.5555259257728284,0.3679764210003423,0.4109312382606303,0.414023057240542,0.4436423615521108,0.40076457399170284,0.2839419932914839,0.31470700370585564,0.24718232621711414,0.1561070898681139,0.35467013150185267,0.16876759098110478,0.12013264860410232,0.20603259826351214,0.36234972788449865,0.2782760857186153,0.2729121081957051,0.27560642866207086,0.27892780114731386,0.22162868114695808,-0.14663348304090507,-0.1475639648155518,0.1379787953936074,0.10280710164987991,0.29504650655730025,0.3829712895586054,0.2746021512890194,0.27865255703149705,0.20031198807449108,-0.30016813748463783,-0.007851408513722418,0.23602773217044679,0.1744964008620023,-0.2554521091891061,-0.1789827177379699,-0.2632653906731881,0.23473072420162674,-0.1614866608586214,0.13356784737916294,-0.016652623277160213,0.26022670451376984,0.14143898067772265,0.1966464878810671,-0.15484522621726815,0.2325408462930142
ROI_4011,0.20906208327754244,0.5554659078509251,0.6382763210842171,0.689676172148618,0.1511734042432259,-0.17656234425397768,0.5537165281037039,0.7487236896033497,-0.07321883350273066,0.06357042663365169,0.1363129153370769,0.40765055297601077,0.4964270314921392,0.30974493628181726,-0.11274989691120019,0.42759594185465305,0.17613184502551837,-0.05672747917853003,0.7424316266951555,0.6989202933832801,-0.4409878139020767,-0.05441004698776925,0.6727723225449832,0.5745488926835475,-0.009843923676184547,-0.281253346295541,-0.05867331401270549,-0.18681450716368966,0.07285959698466228,0.145387257955903,0.6191754568872998,0.4852733188440606,0.9999999999999999,0.8673589251716912,0.5032832026542436,0.4987825254409495,-0.3416119895132123,-0.3102071330270263,-0.34109479927903713,0.2860681870771202,-0.2905644260183143,0.4289802711314035,0.044970487789137176,0.083820107277147,0.17513976221184277,0.031531667902386,0.09730927630260838,0.3122768258820081,0.1671187672455179,0.12375113176299349,0.07556034741621173,0.308556145201685,-0.23146919185878023,0.47170972534142863,-0.02517455174586451,0.5666227792226991,0.21867845028452093,0.5270615559998137,0.3383835299401191,0.2606001941016712,0.2815829991849277,0.5878260884382295,-0.15620063429093892,0.3968374096259223,0.29184820991481664,0.3998764413467835,0.4595984987845803,0.09620077741170088,0.6163296674468459,0.4514930291766432,0.14288767996091126,0.4222392036758502,0.0015608018363714284,0.11721193475755888,0.2923580544781851,0.44449094646765736,0.6066658092859369,0.3166996860180526,0.05463394447448925,0.0232424878670306,-0.14958504550330037,0.29640835424666534,-0.19346757214703084,-0.18909334903340172,0.02093011502661318,0.3302403262369286,0.21998071827665083,0.4896326997358671,0.3834508156049041,0.5837132522592442,0.5600000207977638,-0.5537656295318828,-0.3261185731811055,0.5612431668752544,-0.19029145429992408,0.39181013317600205,0.4610549868363735,0.6275582349383452,0.5771693484634973,0.5792771057287134,-0.35660876081319826,0.3571479430477345,0.5761760623971777,0.5816224945527343,-0.5433667792355305,-0.5923318048514012,-0.5717245781407113,0.5654548362047607,-0.27328089570612846,0.23969854169645075,-0.06849084136005583,0.5338118661755464,0.5598293303138883,0.5858081487757831,-0.5841964944384738,0.5914758398697615
ROI_4012,0.24570040894694722,0.5748407921885884,0.6624353216058136,0.6938895728309052,0.14786624659659883,-0.03447588279489211,0.5480789132026196,0.7724663328463103,-0.04407936964992637,0.11557458163718191,0.148690553469716,0.4994532359453557,0.48151488405445925,0.42623396889337384,-0.0830769048860698,0.45252146107416347,0.15113319993169813,0.10750656504013313,0.6715352393189645,0.753584877077772,-0.46057482044017045,-0.06273139555301147,0.5840808305964933,0.6363561957821477,0.054051081800359405,-0.14929390871621176,0.014506257324343078,-0.12796312438009588,0.20331814817911265,0.24896337510005978,0.5807018946524346,0.5860096523698572,0.8673589251716912,1.0,0.5195043781067767,0.5500279888328232,-0.29519429391500823,-0.17497383283829962,-0.30600175994316653,0.32833865675663787,-0.15277342853889786,0.40808579887999863,0.1320024504280221,0.18309064951312434,0.12700195666872424,0.028436637998750736,0.14074119246516628,0.38614007695064445,0.09676595013243061,0.12577130945803752,0.09674660108394426,0.3608488481972336,-0.13090041116697704,0.5210344474872961,-0.002147533729274288,0.5418551977803765,0.2421974571687837,0.5555038682717467,0.17205002994831903,0.15377946510082732,0.21339911268714348,0.4733200023168033,-0.122466803533029,0.48864079227700535,0.16318112553813938,0.3022254855202177,0.36461965896423076,0.06978143071106518,0.5527029380070563,0.347029689998149,0.09931534218198318,0.4763514379429735,0.1552942598185449,0.25696878552542,0.3344991339582403,0.49685814622390717,0.7505748940763994,0.47874592630301244,0.0320754285689664,0.1400414097198856,-0.1163392362142351,0.39799116087070024,-0.07390178959078797,-0.010870740613784093,0.07505208549218938,0.4724441787207258,0.10797257781602687,0.38828224535999034,0.30727198310367465,0.5236230224251468,0.5302128526178052,-0.5068421550339601,-0.3781213096531974,0.4775818000854468,-0.05734948780306611,0.4584661607246627,0.5509920959710373,0.5648342853119899,0.5795922395492987,0.5178824726798545,-0.4210001158856801,0.16467849905569287,0.528035707995376,0.48100692265160655,-0.5282139365741195,-0.486941492341489,-0.5106313695922614,0.48337814216412833,-0.24234497297887486,0.239881478285268,-0.03106681701151633,0.5256781131468333,0.44786354504305514,0.5062121362028467,-0.4655553880500609,0.5154129129399914
ROI_4021,0.2932249019236373,0.4041295866310919,0.45667128101379595,0.3798167719732542,0.32283628178012724,0.15092817859310292,0.40830071205457114,0.39167566247864416,0.2610837359667753,0.32652124930148807,0.1429568339388411,0.42619739335924833,0.4311534398039011,0.3694856197357617,0.34858579179957316,0.5193166423163404,0.2832993034859225,0.2624285618320349,0.43896417290230255,0.4700844162378946,-0.29227895583911206,-0.1583635391504756,0.48245231792420495,0.542838858766859,0.44765350739287935,0.12795004520838776,0.17053633386618033,0.07074965695701825,0.3624158478962589,0.3489339032932265,0.4485092355357349,0.3646134046366352,0.5032832026542436,0.5195043781067767,1.0,0.8253413056676682,0.014225781804090855,0.120353535977023,-0.009229106138375362,0.40788211818833264,0.09243215620981805,0.37313999662679626,0.4822822014242946,0.3676770691449199,0.4623938780398945,0.2993900126964704,0.49754164696825626,0.4405070957380811,0.31950374215543237,0.32558655237192813,0.4647704616964843,0.44537919459083875,0.15819955681727793,0.4013648635282731,0.3956756192562078,0.3872550293350973,0.42060834142045506,0.4429944370237619,0.2484167438919884,0.20773934370637923,0.3390904688665341,0.38821875680040174,0.1449976295195212,0.3647357294209395,0.5765842398816726,0.5128363136521296,0.5765720569912324,0.30713839713274976,0.29118672968801995,0.20789317099258753,0.2635830618621986,0.44781372284584514,0.24265011296352076,0.41171691297978436,0.3864462510586703,0.486780450542709,0.6206590867485052,0.5388327318338978,0.30706901658645935,0.3250879207253208,0.23159455710749544,0.4265529414369773,0.15308858859418362,0.2506646810332166,0.5068131145990816,0.6057722249789507,0.29610373786294464,0.29640853889223356,0.3870597037662801,0.34525551711245345,0.22891357389077102,-0.20480570046104352,-0.15954671369125412,0.17854742092360568,0.15014625302817539,0.3130056356963665,0.4652799653787439,0.3469370407356173,0.329689055281882,0.2612178891424378,-0.25747664543289256,0.018489335241110145,0.24367813806024496,0.21037453936493206,-0.2622192206587273,-0.20796236504184012,-0.2539244303688791,0.25078490859394326,0.012139284811883868,0.26761897472535445,0.10027343452105968,0.3010336198638977,0.17747911208776168,0.22463460421620843,-0.18905944820801093,0.24824190803078516
ROI_4022,0.19398606799947415,0.3650733860598129,0.4224607772909281,0.3750267896380992,0.23933084450946912,0.08815506714473258,0.3716486501279449,0.40771136041118344,0.18694224056579953,0.1783623386720854,0.09200339161845104,0.33275622625881074,0.31650905667852924,0.3332871288217528,0.24109107524687462,0.405894838064915,0.3234585800913012,0.3689744772640751,0.4077932877300367,0.4611962512256571,-0.2808460231389031,-0.09672829211281349,0.4643489710762899,0.5261595462360903,0.4090242503839234,0.13355505289740446,0.10687359978677614,0.07281290455561755,0.378659794362452,0.350257908707281,0.46321077858836546,0.4206781414267131,0.4987825254409494,0.5500279888328233,0.8253413056676683,1.0,0.00032870199825521925,0.043254341658070156,0.0010538536639714735,0.3448181924666314,0.05958582577116302,0.36919399522660407,0.4313472442286274,0.3836756349268798,0.4183949357033438,0.28445247747796537,0.4083042298666372,0.4544783594904971,0.2825484617798205,0.22728806505186516,0.42802703731819064,0.44812640186718533,0.1796512553887622,0.4290179880277828,0.35822864198119997,0.3780925346876573,0.3103200707802439,0.33805426956339796,0.145399088475466,0.0766333521725761,0.1809904693656492,0.3560088467679897,0.11693427029766545,0.39924226566335147,0.4917657754188749,0.5947793074084353,0.516823725565764,0.37525897692533117,0.3291559060105348,0.3471330917828386,0.24956106966355032,0.34522861108473535,0.26749339900950486,0.4160019599563581,0.3186963235445302,0.5354188118324322,0.6641151713055568,0.5273545277497479,0.30255778861413374,0.2657104327555163,0.20327709157763835,0.46439478783622984,0.10050353454241266,0.09583802710373227,0.44336097901968335,0.604986085876367,0.23818286815571488,0.2795674905004299,0.3460699334270134,0.3410093499829122,0.23991742198328633,-0.23944169766165604,-0.18340411706407814,0.19823481872667958,0.14121052757503524,0.34773169201724596,0.4971313043484103,0.3870687774775585,0.3661178586282255,0.2850001096810969,-0.26157552015292573,0.046918325595636835,0.2477764503765026,0.22163141033111294,-0.27372112622830197,-0.2214058751143497,-0.2471543532312803,0.2624660382700145,-0.044613784933879144,0.29880435178887077,0.20396172613079736,0.3418801780674045,0.1854221876250065,0.23659205417452733,-0.19527369766243527,0.25792872186416865
ROI_4101,0.26939641646274265,-0.27744349182092715,0.01703606912991769,-0.032598951517579716,0.20194752577527095,0.4766602048454228,0.15557761968617095,-0.16896412755038784,0.5168780577504877,0.21051317915155285,0.34852734965267385,0.08887969568575389,-0.047891537150440644,0.17484104043457482,0.5325952286015969,-0.0029018383049446,0.24715995411438937,0.35208376956996756,-0.3544412422967524,-0.11042314791909501,0.5190552461781066,0.061516197933597805,0.027126489945635605,0.10486928813711836,0.41410702597066934,0.5160827251782352,0.4127439275652822,0.41177535528273296,0.36037156947917937,0.38937030010811513,-0.13332625519223404,-0.11900443740746158,-0.3416119895132123,-0.29519429391500823,0.014225781804090853,0.00032870199825521925,0.9999999999999998,0.8024953483650614,0.6400020055076908,-0.13300708254002103,0.5748641489957469,-0.19942422554844735,0.3897061146107193,0.2681562279936886,0.29050768619851974,0.38833563031876894,0.3828612290284349,-0.058800900250436376,0.11598462881531742,0.18531895922231614,0.38979338760370086,-0.012530028062472049,0.5651152722246582,-0.3992917653201144,0.5298324796924352,-0.536096847754326,0.3239652159265512,-0.12141075199290435,0.05017970404398467,0.026647860389797245,0.3219380643986131,-0.15578059337078742,0.6191283156168368,0.06018898942735681,0.2792132620283636,0.013674256492915725,0.044240721196856264,0.4406526279357481,-0.351035302480962,0.039869704060958334,0.5377794862115767,0.06573021899696309,0.43840923308548724,0.3463596262712781,-0.2361960840266731,-0.23305401803104955,-0.230486773811848,0.24777793534449924,0.469692120630437,0.6210649994526217,0.7132328952510445,0.09795012646875506,0.5783095870392517,0.5878020616518009,0.4624850885657422,0.21958771478682151,0.004478709841770368,-0.5304362997989013,-0.1388120975033857,-0.5905072433107165,-0.701773137280972,0.6302536665192134,0.36564714395964765,-0.6261700512218905,0.6164066712180775,-0.3745244960173814,-0.3153777301435805,-0.6064876499088133,-0.641658351833405,-0.6472202937535072,0.5304112543938275,-0.36093305134524556,-0.7128225809252172,-0.6579596878733844,0.6830674053946397,0.681702529022239,0.7224606361440302,-0.6754124103136575,0.6217884887509257,0.3422684719090912,0.44444700781351415,-0.5275267746861233,-0.620013570907518,-0.6855225958562778,0.6512356922835484,-0.6689880772027211
ROI_4102,0.3628863343957626,-0.22194582410855282,0.11064822300370697,0.05063618438776758,0.28015824927232164,0.7335546769821798,0.21708723029994126,-0.10797671031280603,0.5293579906079425,0.414309778334048,0.5135360893443668,0.25360876279941724,0.08314368430133674,0.3391771950002355,0.5418599871847175,0.08052451273534005,0.34284029543895933,0.46296226673961277,-0.3664798532889505,-0.03210287024646724,0.4586136262907406,0.03288716682383858,0.07523205445654002,0.2781689600349534,0.5046421086555013,0.7184370336140544,0.6180621443768,0.4466810275815032,0.4313129376795318,0.48456394751578985,-0.06942927189140488,-0.00538926082650554,-0.31020713302702635,-0.17497383283829962,0.12035353597702302,0.043254341658070156,0.8024953483650613,0.9999999999999998,0.5884304393825137,-0.22165639529563202,0.5311909278958488,-0.33159141198284514,0.3414740425623561,0.27081657530382064,0.16781149734294995,0.3328356946585371,0.27289868896989056,-0.029198385056982197,0.010614811952302676,0.21862906913029226,0.4048958433815961,0.07385667775078752,0.5552121344686548,-0.3738744525497107,0.33025859460014534,-0.5896393604446317,0.37732529736242054,-0.012660880347772156,-0.12189581702162325,-0.057377532277875155,0.35584465051415826,-0.06352512767254379,0.6723969957243113,0.22118295779429697,0.2657658529152074,-0.01703363805491651,-0.030078056115707304,0.30813085369513443,-0.3546170125594867,-0.06468291961080808,0.5050013390954121,0.17484043096234692,0.6320839823360016,0.5127489664769774,-0.2519569444467401,-0.24679325722504097,-0.08881528169337528,0.4655000412509868,0.4636646830431358,0.7002713071436151,0.720858538819547,0.1891754763811655,0.5081150535715886,0.7748479885651931,0.4787374071940995,0.36960098895173343,-0.25052554275877276,-0.6889237380946511,-0.34193247856112496,-0.6801501257577599,-0.6604203626795371,0.6391683888601806,0.2936215046139622,-0.6219422177928384,0.6377025399770346,-0.38335618229443935,-0.2143783225462205,-0.6306632896791817,-0.5976848741766903,-0.6706060728311074,0.5010284236768442,-0.4878707356939209,-0.7159112942248139,-0.7062256682641286,0.7113747914489331,0.7404025996125664,0.7755437909286419,-0.7851600734424344,0.6713824083979923,0.4625638478472565,0.5746502351452698,-0.4770000709228138,-0.6380257306007203,-0.7075466461291374,0.6968104910337555,-0.7143488263153762
ROI_4111,0.2501777235090021,-0.3203229324572855,-0.014708007175782268,-0.1477424055562309,0.16497643945135446,0.5114064903225307,0.12515801901320028,-0.19842735910784662,0.6264162245063734,0.2718882834820992,0.45009246797687347,0.11817229636291647,0.08198553094009449,0.3044930974346907,0.5361876437085695,-0.08555370651151095,0.1483038559654816,0.31572372590737946,-0.32814066229028205,-0.16968345448593683,0.254543761408985,-0.14955227299051632,-0.04971517258985861,0.055964425211409555,0.4781579110262261,0.5783303626344887,0.23454426387701272,0.4824156520608327,0.21758719536768645,0.21811195638039252,-0.25026713296194647,-0.027042066740828666,-0.34109479927903713,-0.3060017599431665,-0.009229106138375362,0.0010538536639714733,0.6400020055076908,0.5884304393825137,1.0,-0.0781806414885621,0.4072248955187631,-0.27274230517098874,0.3763112875466204,0.2658577776213648,0.2361832423145939,0.3799104548101397,0.32285832390742464,-0.056353667309416586,0.1077500970178121,0.16805853006116403,0.33507048534649514,0.009069670733929417,0.4096087030812043,-0.42037193661791683,0.5278850450128414,-0.5252625086446279,0.25257665823681147,-0.24232870470865794,-0.01659995836114447,-0.02992511821046414,0.257682081735242,-0.19485922329733935,0.5493788577535106,-0.040888170262878866,0.21492878805058535,0.0517532138363305,0.17825033367169982,0.5341936298246966,-0.2353593446640934,0.09610953375069987,0.4126197730469954,0.088628663750757,0.45027042717535987,0.45241223861543534,0.013991028544046448,-0.1628705845828551,-0.17671289103323673,0.18118583220019843,0.2675739453206811,0.4446146387615838,0.48345725669069145,-0.02156027707305812,0.26427865371993114,0.40574872094935455,0.4054507779321632,0.1237035642030155,-0.019229540212345613,-0.45093784329173947,-0.1311369737851124,-0.5924669927792121,-0.6880928719313594,0.6776484904085545,0.36227487143924547,-0.7378216278850687,0.5407893276007621,-0.19780148020754776,-0.08343980824709742,-0.5950608986348116,-0.5831558198306194,-0.6776854571294666,0.29032758319332763,-0.5538662948962981,-0.6934507139454983,-0.7387704889665238,0.5995624371214955,0.7458392402989661,0.6726396831909065,-0.6283728275402661,0.7928357552061314,0.23650376570094608,0.45684809125176573,-0.5027584005956691,-0.7525281494664179,-0.7322667473610469,0.7584595177737221,-0.696462924842939
ROI_4112,-0.33731591835793256,0.02874059175805648,-0.04166788240492556,-0.07636904936918838,0.45065918607589256,0.02263030370605386,-0.0820879206244578,0.03385308263232154,0.27131470953776343,0.38272361560573503,-0.27662116348785065,0.042600329994697934,0.047899199955653296,0.009814204825151123,0.3105230321251742,0.5429550948422046,-0.14772411474682465,-0.08489778570653694,0.20037752421410168,0.23249163358579408,-0.5819878049917466,-0.2212628314210798,0.028438883260228795,0.01357489868231186,0.30494906979613573,-0.17385409599753196,-0.057000266698151385,0.22177475903327912,0.05746920238702419,0.12310565278933916,0.19160032762768034,0.3766444356342564,0.2860681870771201,0.32833865675663787,0.40788211818833264,0.3448181924666314,-0.13300708254002103,-0.22165639529563205,-0.07818064148856212,1.0,0.35895342023905463,0.7081772282707705,0.341258639635785,0.2753448029548112,0.3016815540801124,0.1960401369247002,0.37064102220918343,0.3633079234779505,0.278951424175928,0.13482313742412938,0.1257502296512706,0.3781557545750789,0.06412858823243849,0.4633111479658986,0.39134146106691203,0.638841547601347,-0.13878488904497752,-0.02145655404574655,0.1702314752008097,-0.05288609277813895,-0.09545183320528225,0.055622011902778296,-0.19383951276509154,-0.008874242844786846,0.018570514466000193,0.20295505138604758,0.3501911890659908,0.140890103186336,0.21575603436094798,-0.033122203454282566,0.12210335142002073,0.5338475130780563,-0.09001064804947724,0.23009749038004115,0.8286719418303427,0.5960756147794103,0.30855864828894447,-0.015651937031231702,0.04330650628869135,0.07271230052139141,-0.0953587724237207,0.22070143914392587,0.22094510210800672,0.1421497812237467,0.1624026739343238,0.3458834487728735,0.5752199316416893,0.7205438164980086,0.7123401621521696,0.6372407018570264,0.3706008091364564,-0.3060544708226347,-0.16583619464371874,0.21941267873354536,0.17012560112920724,0.6959106591932716,0.5250029469751568,0.48846332542265913,0.43616450478767466,0.4089081623718549,-0.6395544839259749,0.004377777731748287,0.46755222830976106,0.36340724648550143,-0.5714074682036395,-0.3783500990931693,-0.5824378033467973,0.5984117272495552,-0.2429210221268995,-0.11223379378779845,-0.27315682121054163,0.41167200679421945,0.23673317628565088,0.38510156415062996,-0.2912408826478095,0.466248539760621
ROI_4201,0.06900766563953446,-0.3322042964758754,-0.08997590914692648,-0.14231763048980448,0.33552905778356135,0.5869017050966172,0.047308089150457075,-0.20518731411404326,0.4638710706982477,0.29196031114683596,0.18573630726006946,0.07411409679375565,0.016232033891213884,0.09675915560100411,0.6092128156530952,0.06811763014417725,0.13874519726915358,0.3172607127371669,-0.32970221608048333,-0.10890527006991815,0.1671003125888171,0.07079657105539697,-0.2028846719017973,-0.00396461793594185,0.4965123686136064,0.5055470649397503,0.4244955913827395,0.6432462370721242,0.4126590110302988,0.36857000692277025,-0.11816631278110733,0.07435616339483604,-0.2905644260183142,-0.15277342853889786,0.09243215620981807,0.05958582577116302,0.5748641489957469,0.5311909278958487,0.4072248955187631,0.35895342023905463,1.0,0.09115459459574066,0.4890457063553619,0.43168106735303635,0.3461393895172841,0.4283372665363589,0.4227414337542895,0.2504317945386167,0.14980752004996353,0.23262763953096885,0.34952788880402985,0.08234573659918187,0.548131777877555,0.015721196404618065,0.4758125457977779,-0.12855688370020532,0.15685098636068748,-0.19507656580499952,-0.1320483452374817,-0.08440154303705386,0.11289034098737978,-0.24891936471089227,0.4440419640188331,0.023609013398065763,0.11412139060403217,-0.043980311702844624,0.02583049432902704,0.3938044378486976,-0.2831738873700581,-0.05962752636011739,0.3407434353350437,0.32821549763719476,0.4134609115675958,0.42478891382957007,0.36573344822186915,-0.032897715705478364,-0.10938376572856566,0.092506863210281,0.35086353082157085,0.42820127121966955,0.4846999143218591,0.17902730591374336,0.6018946741576987,0.6275967548577752,0.48023597908377125,0.29829496005606854,0.04401671991872674,-0.26579744814086403,0.13465979265949868,-0.24705573202942926,-0.2588285546391619,0.2770263778377446,-0.10300813244941999,-0.3898140316416107,0.6104430610797983,0.1079909093272499,0.12754913385620054,-0.3569131668863656,-0.16576266873100642,-0.29615267984901483,-0.1894469155367378,-0.5980048383001583,-0.27719367281633933,-0.4161217165380838,0.14312871462213886,0.45062590907614014,0.28297072760568615,-0.29711019166010216,0.25488965671064917,-0.08491514873116443,0.026007899546273992,-0.07509837701368424,-0.4753762107982359,-0.36853875850092704,0.5072695263560875,-0.31339327911284565
ROI_4202,-0.19234868601075145,0.2632209800879866,0.11344227086245434,0.16022632830909736,0.17118705170376178,-0.231091421310437,0.0366158710839575,0.2221404326415463,0.04849036565829736,0.10982981528558503,-0.26055986598691366,0.13987433886676134,0.13018152855199605,0.009970266142895586,0.14605176442000736,0.5156318868708409,-0.016716774972954363,-0.02887989779350353,0.3658185598898363,0.32276888034759516,-0.4175478599269325,-0.18292245061066237,0.24974467295102312,0.10597662387494855,0.11235490769888717,-0.3795128681049455,-0.21718166562020294,-0.06603943587529434,0.09927880759719827,0.17479349223887933,0.33495708256540846,0.30670290373787423,0.4289802711314035,0.40808579887999863,0.3731399966267963,0.36919399522660407,-0.19942422554844733,-0.3315914119828452,-0.27274230517098874,0.7081772282707705,0.09115459459574066,1.0,0.20620528771794763,0.20809904122891382,0.27717013514904465,0.14690398967825824,0.3292564395081928,0.3578806902599666,0.32801629880347694,0.1584553478244119,0.1408437618769598,0.3064960851529158,-0.08617612620474299,0.46997813140858324,0.3221311722117718,0.681939562322708,-0.06183430680754759,0.09088138576224036,0.287271282463915,0.10704897140476757,-0.08580698463112248,0.16374720935702686,-0.10905859269283871,0.12365353505506832,0.054367425449896346,0.22182576611182134,0.3716259143537255,0.12098789837966091,0.3085459388300749,0.10422187274423741,-0.09467682789895865,0.1882659695349148,-0.06025034523574318,0.17097825040859843,0.5931498925056536,0.6891649508411427,0.36148098219618097,0.049469719651968065,0.0561149685780974,-0.09651098344789551,-0.10808059213397529,0.30957151307462827,0.16904247952643575,0.0016459971068074049,0.15716721305109427,0.2581629758652321,0.6421848859213952,0.7451355607859645,0.7493059059673396,0.7188315692523649,0.4585196363148988,-0.45751228120247484,-0.22821612899262905,0.4176743996212533,-0.020191965560958272,0.5809563283730635,0.47750046958633907,0.6354900003153439,0.5148946812208782,0.5494424640402858,-0.46649340978495957,0.365405519619874,0.5419285221678568,0.5367865615214233,-0.5797490135788628,-0.5560843879079546,-0.6252255590880148,0.6784494277659759,-0.3523982928355137,-0.08418494486773544,-0.34450066246452576,0.4566234049565887,0.449856376182415,0.5289491671443821,-0.49689163961982913,0.5807763634751982
ROI_5001,0.3198988385616308,0.11383732045937296,0.22492891780337007,0.19007246131966105,0.2709611444387725,0.3105788183149662,0.31488248343414593,0.15104604820026413,0.3699536700837017,0.22706179717532948,0.07625583704316524,0.23235638070840484,0.15641512502223856,0.2693303394717591,0.4464495280431886,0.19951713071985883,0.06199280423659073,0.30347889947003254,0.1132953971270949,0.1888387511804182,-0.01957162035684763,-0.09770148300463967,0.09807033308526315,0.19463214231223208,0.347044608421886,0.2578591559261695,0.229751863939112,0.3267320208628137,0.33189522975676544,0.308573755040896,-0.0011578173895500337,0.06007156271501785,0.044970487789137176,0.13200245042802214,0.4822822014242946,0.43134724422862747,0.38970611461071925,0.3414740425623561,0.3763112875466204,0.341258639635785,0.4890457063553619,0.20620528771794763,1.0,0.9181918440054524,0.8465044329045388,0.8204715683333235,0.9047058006659255,0.716464733057215,0.6659485381722393,0.7056501979656313,0.7911746181855343,0.6332253730466053,0.6122199290745893,0.29450953142973213,0.7992074097232811,0.1482692663166946,0.43396725149824855,0.21313736595881208,0.31555580429748764,0.3240310253351833,0.28273178465972837,-0.02297071438728707,0.3163643655155612,0.2109479036429652,0.2594471420067931,0.1913755557650934,0.6419580219619003,0.7072472441115502,0.04343326873775002,0.2096238648726307,0.32155814189109866,0.3054085671028971,0.2544767868195368,0.41908548599442785,0.3462922994217424,0.22901814140406954,0.2523946059342043,0.3076431209929369,0.1592619294708264,0.38905241635336074,0.33313434382323703,0.26179355106246727,0.38830115267127463,0.428521191161943,0.5483221923026879,0.5303708402267099,0.1249718121913876,-0.040029694099548964,0.28864398885707054,-0.023471117402943813,-0.11925105744952677,0.11454999082327989,-0.050836812401398764,-0.21415829154815574,0.3944028240643585,0.16464325191819504,0.28049885599816954,-0.059281839917705824,0.029408947410509197,-0.097968722377204,-0.1627494597534597,-0.33084717665214247,-0.11542081690031719,-0.19902715409770153,0.013047944174744768,0.2054251946681547,0.09056360698145985,-0.09131533704742047,0.28529022130552056,0.1845200124928383,0.13092020088297207,0.013059037889800913,-0.25979608640963475,-0.17237951230368484,0.25246162971034086,-0.13515148878092387
ROI_5002,0.3092749300318459,0.19300373101539847,0.24888361311862295,0.260271893967842,0.1453210044715012,0.2399543279426971,0.30849163328428164,0.19571658465828706,0.18881227747489723,0.07131720216638605,0.04569391110165447,0.23786472217564153,0.11960831113709451,0.2297156050868586,0.2935347984433257,0.10960695322486748,0.057045536039205355,0.29295976794621664,0.15248778388390588,0.25383297215438594,-0.01779791730868665,-0.04108453900420714,0.07073089820022171,0.16372656455978646,0.23010106271024816,0.1999708577173792,0.21551459291297745,0.2724086471506893,0.3151468785053042,0.27908507272620836,-0.026690913166175365,0.00851249389296148,0.08382010727714702,0.18309064951312434,0.36767706914491993,0.3836756349268797,0.2681562279936886,0.27081657530382064,0.26585777762136475,0.2753448029548111,0.43168106735303635,0.20809904122891382,0.9181918440054524,1.0,0.8061296544026717,0.8504842703283695,0.8446249426065131,0.8213251151100822,0.6440543182587316,0.7348679818541649,0.8064487003313263,0.6892618425539349,0.616802732135701,0.40588770446608524,0.698029763060278,0.2263054398930892,0.40219530763543987,0.26325326501693835,0.2767191128585684,0.30562840848167866,0.2079089408306818,-0.047295677073368694,0.24634483777838204,0.24322118635865742,0.15657888167488798,0.1595171702306594,0.5865075270007596,0.700422661213026,0.16565120809169834,0.30634871619797815,0.18229781902355277,0.19882623896629087,0.23428269664248988,0.37766436961681593,0.2820037152973433,0.21446266643997908,0.2671969890397804,0.29284622130233323,0.08246952972303889,0.2662193432872703,0.249277885430671,0.30549431614687544,0.32465041797823446,0.36704565706479453,0.4698854700959613,0.5233621800814827,0.03865982749635193,-0.05059027498220152,0.26967693356222544,0.03720159406466049,0.006344145988834249,-0.031044834904532925,-0.18755287456191425,-0.07072051935306906,0.3560775848339177,0.20383431160921855,0.3641198454725712,0.04018942196605112,0.1463804482449744,0.022078064799729756,-0.22392259966192424,-0.2720825557425667,-0.0036877160748721087,-0.0885120875686849,-0.0869734216672843,0.10037604671269518,0.014816282313300216,-0.020356705375671625,0.19508328469230005,0.1839755078205191,0.12685775143315514,0.1334833257338497,-0.14331535300568632,-0.054508844791473526,0.14627056133122734,-0.028683070202970926
ROI_5011,0.2774933060304441,0.09843183996221729,0.26595857392677785,0.24325238037840666,0.16883360488771104,0.12593584814605607,0.3787934077998545,0.21411481710115612,0.2942566120833486,0.07654601650607368,0.07578598091442604,0.17617244542201785,0.2274841999890907,0.20659444850368586,0.3991666106078632,0.18083920083349045,0.12630089441233602,0.2247577671424758,0.2053797426361434,0.20707494759828848,-0.023597442323160002,-0.04092529857822823,0.20799133750273646,0.16612395534625807,0.2861936363700495,0.12119465430458491,0.09345528786096326,0.21726640702339203,0.3116136254747452,0.26251317236321786,0.10790231887424985,0.08196976716234709,0.17513976221184277,0.12700195666872424,0.4623938780398945,0.4183949357033438,0.29050768619851974,0.16781149734294995,0.2361832423145939,0.3016815540801124,0.3461393895172842,0.2771701351490447,0.8465044329045388,0.8061296544026717,1.0,0.9020182103826283,0.858008911287965,0.6975165952776003,0.82669170672779,0.7720733405995632,0.7669832991067981,0.5731360868595319,0.5143468112594416,0.28108870309945666,0.7291943594708653,0.2580306516804573,0.36825734759733936,0.18064980676907189,0.5319774270271562,0.46905293991231284,0.32994293622203125,0.12561760401156433,0.29904187537323673,0.17199897172036255,0.43870654716661645,0.34261548520434654,0.746053562321517,0.7728152086149886,0.14037808534308974,0.34373793618356707,0.28770527352691333,0.18503081711749128,0.14974212075975718,0.3200631567714049,0.2753490244477497,0.20990725589935796,0.17466174642245194,0.15703522054360952,0.1634451562740008,0.16861776503423212,0.29095540109845813,0.24480680635352506,0.29544742002268115,0.20302599591961107,0.531743202678568,0.40986978369410326,0.2931882375355097,0.11149976645041677,0.43887101265377076,0.11797538893550302,0.01390490543438813,-0.03714543791514668,-0.0802213669218911,-0.019773292379312767,0.271314323679508,0.1677225564308543,0.29821776000583006,0.11624793802911815,0.1404269369240057,0.06608478018939838,-0.15839473543690422,-0.04505448826068366,0.03090768692598063,0.004522621571547229,-0.08590999231346268,0.0029959614412189946,-0.04884776109489953,0.06505879787371575,0.14013895757626402,0.1811166599625576,0.05594001855455684,0.10468460944182918,-0.04224582175659569,0.010896075255019894,0.035238938385833,0.04043224132296584
ROI_5012,0.25323207248731494,-0.012045404124716576,0.20122486114533142,0.16952023995363635,0.1466761031158905,0.25829915503620265,0.3100704952968757,0.09886332983824879,0.32381348502178436,0.08143037906829208,0.1522138208115431,0.16665964989289542,0.14829449641463893,0.21663175290815193,0.4361487772775602,0.09257860517934056,0.18608281955406278,0.2780447822404952,0.03117863072874225,0.14516089825218054,0.06542378757750432,-0.09868442045777095,0.11482271536193435,0.1338666195418024,0.3095004186462791,0.24527803416051713,0.1718687976805011,0.2866414215194049,0.39404729848555586,0.3034417527579438,0.03323398137908409,0.042038480460276154,0.031531667902386,0.028436637998750732,0.2993900126964704,0.28445247747796537,0.3883356303187689,0.3328356946585371,0.3799104548101397,0.1960401369247002,0.42833726653635884,0.14690398967825824,0.8204715683333235,0.8504842703283695,0.9020182103826283,1.0,0.8030664950229892,0.6303030300051901,0.7275946500404137,0.7758012651587054,0.777263230231039,0.5832490399343567,0.5602468903935894,0.16659341593307778,0.7316567419918517,0.06390621030411585,0.3400191886360921,0.09386348767901452,0.38512640516831936,0.3573717013699915,0.28745364443735816,0.017319471501012026,0.39945158562424166,0.20587433033123428,0.3092387494453907,0.23698862429611414,0.6338255104796428,0.809237930716911,0.08188558216029157,0.3013586577097073,0.283514938374233,0.12778995445985938,0.2890363556099474,0.3930243404425766,0.1923088681295276,0.11627148498000521,0.08492672027313507,0.17092519607894058,0.2132607161042664,0.2133545452054804,0.391610038568688,0.21437842682423358,0.3415949453069524,0.31014866078316744,0.540776041111199,0.40509385815176924,0.18423258367184364,-0.0936326123556077,0.3163233984487751,-0.08287175146238958,-0.16127314658034103,0.13494937905845847,-0.006913324718127831,-0.20439116365752708,0.39116082658443485,0.024075872203836002,0.2412497528481287,-0.08018685095635482,-0.03359582779396714,-0.13093968814932502,-0.07041372060927778,-0.23380242640671592,-0.1549676389185186,-0.20258629612608373,0.07604322734257946,0.21250557045077517,0.147225692446152,-0.14106731456558186,0.2975947415877219,0.21787638480103447,0.19469763177364022,-0.03591302070693694,-0.2468642738748291,-0.18647062288538493,0.24248387660265153,-0.15493943759211048
ROI_5021,0.3187354001869899,0.1852044081385568,0.24445694048861266,0.23790153268890155,0.21314756240748034,0.21331919352335868,0.31545633587261374,0.18929369916110275,0.34855668394811823,0.14699649014517052,0.07703246090979056,0.25455772994061315,0.1855667541692439,0.24014587332294987,0.463871736260858,0.23664746567197117,0.10771407095458588,0.2806381800728719,0.16975864477086738,0.255468118577856,-0.018091216963291912,-0.10237720398543415,0.1661455619965324,0.1790121153804939,0.3176426929408454,0.16047793023238435,0.1551286160680944,0.2706934305475767,0.32370772471927467,0.3195041359893814,0.04082199144495703,0.04882572601869528,0.09730927630260838,0.14074119246516628,0.4975416469682563,0.4083042298666373,0.3828612290284349,0.27289868896989056,0.32285832390742464,0.37064102220918343,0.4227414337542895,0.3292564395081928,0.9047058006659257,0.8446249426065132,0.8580089112879649,0.8030664950229891,1.0,0.7549794650863823,0.6983805835333023,0.7085572071290901,0.8024737145484033,0.585227082727066,0.6099466215604445,0.33619230273713396,0.8506216660533277,0.29086597636132744,0.44294151985934027,0.22327350337738106,0.4168752375983539,0.4064091353938833,0.27228837847546694,0.013088508610875602,0.33496310030169774,0.18925504728610423,0.3227394904760075,0.20504482601737825,0.6630708257519957,0.7355204186422297,0.07172263466965918,0.2957858832241567,0.2722237538187003,0.2211538895702136,0.2653672105396183,0.43645969671621,0.32798062384744564,0.30412918029933916,0.23289599268626263,0.3122463830640679,0.18952719034531218,0.30983049230983806,0.3475239069614437,0.30808807527627297,0.4131091765850896,0.3744842123597555,0.5721290728418523,0.4942642026208784,0.3171858816095963,0.09909493673327516,0.48270391531619394,0.12247428561692396,-0.013621384914501364,-0.01443183700917386,-0.11438024913079667,-0.052887841996574675,0.37363343524068937,0.2228824124235773,0.3631052375036154,0.10721881676497698,0.13900093295448826,0.054323049848627854,-0.1528169695566469,-0.07840600687325598,-0.0014823738551297601,-0.030995784620455002,-0.05898105408477031,0.04352963369759165,-0.012285346566022103,0.04160346132942656,0.22622074445373727,0.22163644808445152,0.05597339885444463,0.11475686824806383,-0.07795535608668083,-0.022226734629049033,0.07677485240626834,0.010534255596327147
ROI_5022,0.2798957875000257,0.3720522857220598,0.36742506579483003,0.43253889125729694,0.11179650248610486,0.10362729295999183,0.34695844467384773,0.37283503724356426,-0.024087835674238802,-0.06930344788958039,-0.05079632373622683,0.2539385396387954,0.19308490342658166,0.15901024633294522,0.0939296137060485,0.1080079630993907,-0.025808072626838707,0.13565551055009042,0.3622169260887018,0.3969992483788752,-0.11435181726493679,0.14642963915205195,0.15368176514546647,0.20715945368259212,0.11629766949959457,0.0684787312142491,0.19855096928163815,0.25532889790381874,0.16076099974972274,0.13577937011551783,0.09442558900587009,0.10385405358780476,0.3122768258820081,0.38614007695064445,0.4405070957380811,0.4544783594904971,-0.058800900250436376,-0.0291983850569822,-0.056353667309416586,0.36330792347795043,0.2504317945386167,0.35788069025996666,0.7164647330572151,0.8213251151100821,0.6975165952776005,0.6303030300051901,0.7549794650863823,1.0,0.5971518323157744,0.6657704485250355,0.6656292274963631,0.6067919338183181,0.4644816715628311,0.7499866098983736,0.4928093896777222,0.6368908154847059,0.3152056507295572,0.37937193335980174,0.28432090858627096,0.3561493952737327,0.10535678000664195,0.04616128478877297,-0.008228138333154432,0.2219240340856411,0.1335187414397607,0.1338747471980394,0.5418455557340376,0.5276956161877282,0.3341080352040255,0.38810153299719224,0.06086477496936287,0.2779790906932503,0.10428251195401005,0.2770408355571446,0.40039893560367656,0.32527300644963797,0.4136083783128049,0.2806937650273024,-0.08053486839515377,0.043087129837583796,-0.029640947207033665,0.31538684463835076,0.06638274654514607,0.12035094282386205,0.30878052298834563,0.45257186265733074,0.032780908006464965,0.2077738054276453,0.46215669671746545,0.43313027883684585,0.49153219572398754,-0.513932493712013,-0.5886925562310744,0.4142985778661867,0.11285882244026667,0.49857880453298453,0.6341324575860366,0.4456085839795191,0.6048295401350223,0.5026791164282653,-0.5358349658095787,-0.0006740190790034149,0.4595334614751634,0.37244244153259964,-0.5047185181476646,-0.3427267222376372,-0.39329210517951785,0.3817675113513457,-0.09509130971731687,0.10407330132194997,-0.09456468818326681,0.5936974779090103,0.31764631965647744,0.4178821697659445,-0.29209499219120255,0.43174680204029675
ROI_5101,0.16732663512929227,0.08355570001614693,0.22662418067573006,0.18841399974703177,0.0622703545719152,-0.033529937477277394,0.28564969465270956,0.1601958341455519,0.1953644162000441,0.04248138371516324,0.03189296525029028,0.17966269116661973,0.19084219745512662,0.1505920943325814,0.23776322494703886,0.1256155083254396,-0.011377431605349278,0.08789768596526731,0.17496318292235657,0.13603302708368784,-0.10216710819754178,-0.15743758549861459,0.18784491067866632,0.07561563140012575,0.16076762718257154,-0.033993428721743206,-0.08026411818133045,0.033164548666375485,0.12539660203485897,0.10391680129754508,0.11715357922175947,0.09999009321050364,0.1671187672455179,0.09676595013243061,0.31950374215543237,0.2825484617798205,0.11598462881531743,0.010614811952302678,0.1077500970178121,0.278951424175928,0.14980752004996353,0.32801629880347694,0.6659485381722394,0.6440543182587315,0.8266917067277901,0.7275946500404137,0.6983805835333025,0.5971518323157744,1.0,0.8663435560426456,0.7069054411874391,0.6837709970789965,0.3989653305011681,0.2535254225297006,0.6112502684160945,0.29156124512479725,0.25027741162365835,0.17086413928393776,0.7051771484757202,0.5537878573920364,0.32193678347316684,0.08842135687088312,0.23529482298833532,0.13821215852073362,0.2597248029937914,0.20870382353062342,0.7194942716090214,0.5921897505806603,0.1160948257760752,0.17579220151805214,0.16849634714072748,0.07360862258057037,0.02915092008229355,0.23049258903401892,0.25041461061229336,0.27672444613771363,0.16043677383892105,0.07342133775708057,0.05655696255623827,-0.04488749999322997,0.0929334167335851,0.08800790309802324,0.10470959768234334,0.04255718006525162,0.28686179659799627,0.16563852832247003,0.31583702565137917,0.2338127727893525,0.3994997604931791,0.2004592809951656,0.048736938052389,-0.06308130085372886,0.030230590884354938,0.035149252103587436,0.07803131005311521,0.15373586198558634,0.19479883922074082,0.21067093161733433,0.14753705672372577,0.12560870245916098,-0.11293508878019588,0.10629288635726784,0.08732871689387053,0.09451048121898749,-0.11605591908440704,-0.09942436213763475,-0.12746726137429637,0.1522545931946477,0.008409794238479727,0.0891676717756481,0.025270106105813556,0.10946118545187705,0.057681546477034086,0.0843513860920193,-0.07335200078208982,0.11493496743387854
ROI_5102,0.3205265172807169,0.14095947819274757,0.290460033852521,0.28496941061495124,0.05946404918984939,0.1505456841686735,0.3472977860280015,0.19433527903806022,0.1792124151799728,0.0796612354694126,0.13538395948229465,0.2982549553331739,0.19664041686284514,0.24208730630041655,0.22888045856411116,0.08337416187794118,0.029362621343971492,0.18053180789553994,0.12513060286807345,0.18714637438211218,-0.005265947098392872,-0.09831718749857944,0.15187269601134645,0.1545124493425614,0.1521621469154135,0.09966494835920262,0.10019763205808813,0.11640072845448685,0.17567254522488768,0.18232594608230998,0.06456446079462488,0.031991819568288095,0.12375113176299349,0.12577130945803752,0.3255865523719281,0.22728806505186516,0.18531895922231614,0.21862906913029223,0.16805853006116403,0.13482313742412935,0.23262763953096885,0.1584553478244119,0.7056501979656314,0.7348679818541648,0.7720733405995631,0.7758012651587054,0.7085572071290901,0.6657704485250356,0.8663435560426455,1.0,0.7491734928108664,0.7121087300058627,0.48231016136829463,0.252437214111094,0.578961663270523,0.18918673611714557,0.38887933548569026,0.3195861207457847,0.6002378421432236,0.6090310121600152,0.37403795478437274,0.056128471738372036,0.30800263046256604,0.2497172387455784,0.20475450705092257,0.0784597653264295,0.6239558355762891,0.5959242207519401,0.06024383063128304,0.15041637496635052,0.20216605564228574,0.14418747451239952,0.18373858510978291,0.3188588655637503,0.15342026018839156,0.14103068858140344,0.16830451946060146,0.22590320049833693,0.0536858219705429,0.10627406515355176,0.14927996285666598,0.12776103117476642,0.11923649858902081,0.22141938758254123,0.29079044880269667,0.2399717708070424,0.08447873486899402,-0.008414500249575298,0.23602496062653583,0.052843620208642694,-0.017039130197797448,-0.007205206669376678,-0.0433243841995514,-0.039526868530404574,0.1720217765394432,0.06317369286249208,0.2004361636005501,0.06100909545963605,0.08393698410316734,0.023088807861655188,-0.07551667514495787,-0.07164391480043301,-0.01545840827285185,-0.038959236086073296,-0.022704977576415167,0.045907048252178034,0.018936667994183903,-0.01966507609281948,0.1535924689869119,0.19504012541926236,0.13178838311007968,0.06993375663820571,-0.06211994291251093,-0.029290798354869016,0.06543732486105178,-0.016144680881302942
ROI_5201,0.40771503092646605,0.10768921934014405,0.3073482669061682,0.282574886045262,0.14388381077063278,0.3045434368514664,0.3887535613553455,0.15638652814416107,0.29594726152191236,0.09210558040371895,0.29786076434514214,0.3556676964136556,0.21103187239737123,0.2896760366413249,0.41718163155033156,0.08096355891987553,0.19614003035642824,0.29478573962147225,0.10083229861316476,0.25827377202150087,0.15630501056685545,-0.04232693089392519,0.20109312010150662,0.23869674195358503,0.3553111278361438,0.32622085076363583,0.30189163427769583,0.3085327388838336,0.3224932381817069,0.3093917343404414,0.017265057324785543,-0.04303969399682049,0.07556034741621173,0.09674660108394424,0.4647704616964842,0.42802703731819064,0.3897933876037008,0.40489584338159607,0.33507048534649514,0.12575022965127064,0.34952788880402985,0.1408437618769598,0.7911746181855343,0.8064487003313262,0.7669832991067981,0.777263230231039,0.8024737145484032,0.6656292274963631,0.706905441187439,0.7491734928108664,0.9999999999999998,0.6520030340667355,0.7707569412546097,0.2976929768815177,0.7359606740668897,0.10622952719411013,0.5021688902742472,0.23373952973587583,0.4285004660172929,0.32823241457169805,0.4395850223216779,0.03805310524234317,0.4693514674821382,0.26839170014666613,0.41552519206692545,0.22028088601446838,0.5752341932465916,0.6884381734128451,0.03966401176654862,0.31187118796174285,0.3617936946767854,0.16765890727591862,0.34405069493477347,0.4743506872916933,0.12707663132105784,0.186959954432563,0.24143563185647549,0.3685831667860651,0.2429251658077041,0.2788434924423154,0.4331605610506016,0.27735553977456145,0.27079718188410834,0.37776191581403,0.6001363958872573,0.4857480591732107,0.06465818951361936,-0.11571488043028685,0.2594014063418612,-0.045585119230541184,-0.10966032479016116,0.055167769902167714,-0.0772997131448973,-0.11126920211518644,0.3902183549715073,0.07393295238922323,0.272387180578452,-0.0034721388658259266,0.02415586295625105,-0.05343029646757705,-0.011307785413684192,-0.15474156728368246,-0.12344054963884765,-0.14092354933994386,0.08352312405060314,0.1615184857679413,0.16042768829443335,-0.13621627886330656,0.3340116174443261,0.33124741740390795,0.3159389549232684,0.05125253870810632,-0.15217300484990295,-0.13302080574807668,0.17783894044983187,-0.11350527778820448
ROI_5202,0.0854599427148963,0.2741994096863308,0.295750296766967,0.25114694345410166,0.18537981008566404,0.017977412366185323,0.23464121803629817,0.2490242315430091,0.06695448318806434,0.17905335518917823,-0.03881920408408407,0.33212547947726573,0.09648973378457383,0.24044261241990925,0.11652241427189104,0.3242338849889143,-0.0003889145653334799,0.2020267152963063,0.28553121351984545,0.3456319551815684,-0.3150352110237582,-0.25975801782500957,0.24254247691296923,0.25715344457300127,0.20264862682845466,-0.016421986598660558,0.028072978994687692,-0.022632628577288264,0.21507052483755273,0.24080160090692776,0.23022080356462718,0.22763467666896603,0.30855614520168506,0.36084884819723356,0.44537919459083875,0.4481264018671854,-0.01253002806247205,0.07385667775078752,0.009069670733929417,0.3781557545750789,0.08234573659918187,0.30649608515291576,0.6332253730466052,0.689261842553935,0.573136086859532,0.5832490399343567,0.585227082727066,0.606791933818318,0.6837709970789964,0.7121087300058626,0.6520030340667355,1.0,0.3351992801982526,0.4554758164233406,0.48826371473363855,0.3568288695839175,0.21012508654944653,0.35434522684012243,0.4000403291764782,0.29926827238774883,0.18504042481733535,0.17295000932247145,0.0549335594475691,0.41403337457639977,0.059773072091470765,0.30146200657150735,0.6138201085043488,0.3916525650677702,0.2918309385747546,0.12539038160705304,0.16943789077447766,0.2772352558263775,0.07771245468495926,0.321558545051368,0.3009936292513867,0.4276733682446407,0.3997989175115298,0.25044627403876646,0.09652076453112475,0.13293927524373486,0.039759931336832054,0.33520529195004134,0.04331247605453432,0.1370890264572126,0.21142111389660764,0.49827815611231085,0.1773905751144156,0.25626678697330985,0.2769683323821625,0.27593050706374467,0.13154011056562112,-0.1207982495221772,-0.027893913797675658,0.07833110327741319,0.13834055434370549,0.2858407564085592,0.35937635071547286,0.31555592598269305,0.24398037522819652,0.18111302449414265,-0.2229140030187661,-0.04356499742621258,0.16950500686776318,0.13096311340953962,-0.21645660979284237,-0.14224382626695398,-0.20933124502104616,0.19969339639066874,-0.01898364786244309,0.26842000046570663,0.24189533920194087,0.23909744960754561,0.08711155789884363,0.14232980665299558,-0.11055887372687283,0.17581668814773943
ROI_5301,0.3229103052199095,-0.12808836592741998,0.07054204187063132,0.04717188536843836,0.16538446485636016,0.41629601361234103,0.20462704193701056,-0.08354698793436557,0.3094188080950579,0.04953216106273537,0.3148732471656467,0.16013548814135406,0.019501299572614785,0.1409990522319184,0.39095707088689335,-0.1027173955765339,0.06273834905175472,0.2830716888197983,-0.17562804011388344,0.05498039931209995,0.365201749663605,0.16700959679009056,-0.039430345560218336,0.04861191688032378,0.3482241656349224,0.47592133942163395,0.46893624226496633,0.501164040199277,0.19043322861560288,0.22105185099288296,-0.21916055078655863,-0.14965330193730575,-0.23146919185878023,-0.13090041116697704,0.15819955681727793,0.1796512553887622,0.5651152722246582,0.5552121344686549,0.40960870308120434,0.0641285882324385,0.548131777877555,-0.08617612620474299,0.6122199290745893,0.6168027321357009,0.5143468112594416,0.5602468903935893,0.6099466215604447,0.46448167156283104,0.3989653305011681,0.4823101613682947,0.7707569412546096,0.3351992801982526,1.0,0.1686073175625741,0.6312080664419369,-0.0815695589694957,0.36719360716185523,-0.003704339375191219,0.14983759617098344,0.0946422718812741,0.28203742042593993,-0.20378962015072152,0.4907994130806054,0.05381771392817572,0.2509480544394525,-0.011028970902023772,0.20568917036251394,0.5485766307752912,-0.1852702458466627,0.185970558264024,0.40729711685362163,0.12464256313509219,0.34092308639896646,0.4140139390811009,-0.0018107172933381282,-0.0492330251458852,0.013983788116775142,0.26528147561316184,0.17671280382313165,0.327002299048516,0.48090431242780957,0.186068900280053,0.40907660201779633,0.4679284022737449,0.5285434217808956,0.39673662124507675,-0.1043664322535527,-0.3404265750582858,0.09546206546892401,-0.24862796203435392,-0.2600989927040638,0.19016073555640442,-0.05182259609548372,-0.25365665250215,0.5369536174725847,0.006640843480329253,0.06783433795312734,-0.24506740532688712,-0.1680895060305822,-0.22863626180092017,0.08813858724157488,-0.3202776841466966,-0.29666886027055056,-0.31834787961212263,0.24995816599195392,0.3578467000094309,0.3643780239761476,-0.3358761483284671,0.39206500762636304,0.2559842796746685,0.3114063961677448,-0.07753837411062586,-0.3128610967740472,-0.3091248742976994,0.3673640373626151,-0.28797893379453626
ROI_5302,0.012644009146045777,0.4191203704468824,0.263323367968628,0.3392280301146637,0.12601957052281065,-0.12424260682514376,0.1551781789369135,0.3504433024473899,-0.28683876068339437,-0.164001332163794,-0.2237322560429573,0.17345831647904691,0.08823206462679258,-0.01731524688705067,-0.17972327813948563,0.14551690229695938,-0.13104303939741427,-0.10608964683513131,0.4534137503993243,0.42140529741951727,-0.26765403708161767,0.2214237659250416,0.13392403837652236,0.14947259937675955,-0.038533991886916814,-0.1285015107931768,0.13348956596384257,0.13936763853431222,-0.017667255353958092,-0.046029523788022185,0.21098023798651674,0.18719614034352078,0.4717097253414287,0.5210344474872961,0.40136486352827316,0.4290179880277828,-0.39929176532011446,-0.3738744525497107,-0.42037193661791683,0.4633111479658986,0.015721196404618065,0.46997813140858324,0.29450953142973213,0.40588770446608524,0.28108870309945666,0.16659341593307775,0.3361923027371339,0.7499866098983736,0.2535254225297006,0.25243721411109404,0.2976929768815177,0.4554758164233407,0.1686073175625741,1.0,0.13678214652499288,0.8544468762286086,0.0465808856096288,0.34818599181590787,0.06274652513039264,0.07979646560820675,-0.08542024337228296,0.143517010816569,-0.35133562571942156,0.23372681451277016,-0.030100471714343005,0.1415040297051533,0.2760768867579117,0.06318612009754529,0.47110719407569346,0.2688039976503502,-0.08635424074775978,0.3339586153839377,-0.1464623357001829,0.022052401259046457,0.481287589580725,0.42647207443904434,0.5051137810972988,0.1410366652585792,-0.17696911854178907,-0.12912394411826697,-0.2892124245986413,0.28937165099821377,-0.2328163222072118,-0.1916154253236544,0.053361600372875816,0.3989630829344106,0.024817040779227056,0.4705581976561593,0.5059045618121731,0.7523170248185204,0.8104789802069342,-0.8306366359524906,-0.7764442226978903,0.7265985471849871,-0.152277110505123,0.6856194381585499,0.687831907863046,0.7125247246535356,0.8446109913716756,0.8121631754778491,-0.7580937677399623,0.11854771958170887,0.7934550164774404,0.698962256828404,-0.8332244227763602,-0.6733334300302576,-0.7256392737807724,0.7121867035907082,-0.4003354266905768,-0.05280386577943317,-0.2554969707258364,0.8757874020703489,0.6273665667201712,0.7486399345730002,-0.6114540704067344,0.775146075225315
ROI_5401,0.23847672281700913,-0.04228365650346519,0.15023516869542233,0.0734854421210111,0.20339282847684273,0.22800861099843645,0.2591183429619556,0.03714933671297849,0.5025492039155487,0.17794705522441184,0.13990659086767698,0.17358614166282632,0.1154860430110644,0.21374592741609882,0.5589154434436462,0.21298854645700033,0.05134568431096065,0.2557719866577227,0.03357526720786322,0.13762359111364522,-0.006595486514742262,-0.24616727032218907,0.11965033197000681,0.11983459818741025,0.3891565151922692,0.1972945530478469,0.09051353468394809,0.3093293930664739,0.2883959292745467,0.3006818850811129,-0.0401836473387627,0.013511456475472002,-0.02517455174586451,-0.0021475337292742877,0.3956756192562078,0.35822864198119997,0.5298324796924351,0.33025859460014534,0.5278850450128414,0.391341461066912,0.4758125457977779,0.32213117221177184,0.7992074097232812,0.698029763060278,0.7291943594708653,0.7316567419918517,0.8506216660533278,0.4928093896777222,0.6112502684160946,0.578961663270523,0.7359606740668897,0.4882637147336386,0.6312080664419369,0.1367821465249929,1.0,0.09113800980903622,0.3397215541298033,-0.00979721328622969,0.39921021531404377,0.2769099267790163,0.29710276393716284,-0.08139467542511457,0.44062605700549906,0.09668264122896134,0.3094663012716198,0.19825409534441632,0.5828338434738731,0.7165789006843277,-0.055948826378401484,0.20821773141051222,0.36863758400549007,0.17012900798716662,0.30977776384660005,0.47484397702228426,0.3197306424512003,0.289628501662525,0.14457327865707295,0.23305863493996348,0.21209634825436713,0.322154330388155,0.4031308262700597,0.21221906966459333,0.44444071026462073,0.39478735124804115,0.5725534127538768,0.4285115095989865,0.43267309147672744,0.07610351597568661,0.4988618452189954,-0.019326086376069408,-0.28030418275509816,0.24097493842814308,0.14655761666823486,-0.32459723679178715,0.46478648251304017,0.12754035547955248,0.19878251862568327,-0.07675112621870671,-0.12588262943433745,-0.18856881789993865,-0.03345913070834413,-0.2146867258728626,-0.23103257795012555,-0.2567796024945856,0.12503821837706258,0.2563564895392768,0.1671325489265979,-0.104856798313896,0.3910670629141302,0.2050242574440823,0.1728213905284716,-0.12749676983245323,-0.3252278988389615,-0.2608531224520834,0.29795271660984096,-0.2031950275436822
ROI_5402,-0.15368927355619144,0.43479410971794913,0.22261399175568639,0.308425158043531,0.13014133191934124,-0.308724848838017,0.08318189136368193,0.3743290975160968,-0.24074894594887297,-0.08550756130983585,-0.3511295626493462,0.11694489896020267,0.12854567151960852,-0.044553101235862015,-0.16922431840055993,0.3333871042205528,-0.1698652165251957,-0.2034197808931395,0.5479503393395013,0.4479478753893705,-0.48686082831930627,0.07038212234466966,0.203383184148552,0.09887639238697665,-0.08542540128842493,-0.40157039529203553,-0.12671294406354613,-0.041685278654638724,-0.12786106807589914,-0.06968318271754262,0.2997440416822071,0.274699399628074,0.5666227792226991,0.5418551977803765,0.3872550293350973,0.37809253468765724,-0.536096847754326,-0.5896393604446317,-0.5252625086446279,0.6388415476013471,-0.12855688370020532,0.681939562322708,0.1482692663166946,0.2263054398930892,0.2580306516804573,0.06390621030411585,0.2908659763613274,0.6368908154847059,0.29156124512479725,0.18918673611714557,0.10622952719411013,0.3568288695839176,-0.08156955896949569,0.8544468762286087,0.09113800980903622,0.9999999999999998,-0.08215392630186726,0.2949212153922525,0.2354146191384991,0.15712314699343505,-0.17430245729576604,0.20046721514956392,-0.45345132707192026,0.10910248705161045,-0.027087711216406313,0.1674483442464632,0.3362687909416585,0.010910810983458,0.49688886424397505,0.24384419653514885,-0.16360041982926185,0.3128746083254484,-0.2586546968834473,-0.016862275567081055,0.569582069868158,0.5687450321327344,0.4556381419432839,0.023015096438647725,-0.22967811384525302,-0.27116884079772263,-0.4161080618907176,0.2577750917039482,-0.18558013404812335,-0.2755317857665043,-0.057515256703499745,0.25097350147796144,0.36407330906614166,0.8004294346990423,0.7215498745574389,0.9574212248029769,0.889461542952345,-0.8855176280788892,-0.6356727146665563,0.8364354746955667,-0.2606036206640246,0.7787726593742755,0.6927208726484517,0.9098581769426204,0.9103147439413732,0.936408420024725,-0.7515565305198071,0.4527131150030608,0.9255313432880222,0.888363559791868,-0.9237282961190114,-0.8821332221009515,-0.9224998807289165,0.9347236429236605,-0.5512411936909436,-0.09621364308738564,-0.4349683858259984,0.8636828269849911,0.8132868290719938,0.9088432561376893,-0.8277503335720224,0.9325447103450427
ROI_6001,0.8494718844948878,0.5543605208392249,0.5272798946607244,0.4919593852341643,-0.010107393152905864,0.22556264212446753,0.5757442888345274,0.3937724949130099,0.16927752923357178,0.01786570385651227,0.4799013393837569,0.5035166142724242,0.4304831573926274,0.3958161841022235,0.22718155273708793,-0.006112712300948153,0.28923397981335064,0.3364071484364555,0.3660602540976331,0.4845424513235396,0.19114180455466467,0.03037594528431551,0.37822627620983357,0.42914256386718264,0.23176293433815212,0.26009368785771086,0.23669233331517214,0.11856092868192128,0.270559492235321,0.22065653106597646,0.039513718648525764,-0.09133815592245009,0.21867845028452093,0.24219745716878366,0.42060834142045506,0.3103200707802439,0.32396521592655114,0.37732529736242054,0.25257665823681147,-0.13878488904497752,0.15685098636068748,-0.06183430680754759,0.43396725149824855,0.40219530763543987,0.36825734759733936,0.3400191886360921,0.4429415198593402,0.31520565072955714,0.25027741162365835,0.38887933548569026,0.5021688902742472,0.21012508654944653,0.36719360716185523,0.0465808856096288,0.3397215541298033,-0.08215392630186724,1.0,0.6954019121563111,0.38955485282202235,0.5046995094716736,0.5955579121484108,0.20598674981123374,0.46007626350114605,0.33403253254379445,0.4471793797900359,0.16111501854026467,0.39370392473355054,0.4633035056117448,0.18845847747624395,0.4433483251322746,0.25885536680648286,0.06272878487479115,0.284379793211022,0.295788949051482,-0.09832840365242436,-0.010490262182373917,0.23307962562529103,0.4240494338893954,0.20149578248578287,0.3565732107457823,0.36560643030169576,0.21904411672395968,0.20732469214103835,0.3263823684543182,0.43047609730255104,0.3346076656499121,-0.07691578438459157,-0.23531124016975694,-0.02528725564274459,-0.15958640282142503,-0.141185414784639,0.087921183900315,-0.025713071338088735,-0.09182600502846541,0.19438106024586743,-0.1477597187943947,0.07882088247673247,-0.09762963194372234,-0.05216109366283075,-0.11745565612249984,0.17449132550493854,-0.07531546400432565,-0.1821966242093745,-0.15873375646855845,0.19565199762996002,0.17638380002835694,0.23774769115528838,-0.22696309287663038,0.29158074274443524,0.29921478009529884,0.24179438538704437,-0.07585737265929358,-0.12525136503619166,-0.1604422842042069,0.15155864389930013,-0.18300681502196364
ROI_6002,0.5667565714292107,0.8579488531356817,0.5710270056614022,0.619716033675464,-0.10382307263263503,-0.13788930994940687,0.4552106550927007,0.6084021334727612,-0.23390054827567983,-0.08935583242065798,0.14084391821015943,0.5704764648552236,0.3541901578516843,0.3574975201328991,-0.2147649675860746,0.12587492827099664,0.09115324566017988,0.1603270678481452,0.6045014314522891,0.6446433805233734,-0.1750142735999598,-0.009081040543800708,0.41917638668761625,0.43665135842885777,-0.06622505402006883,-0.13599561596088283,0.02657691570049225,-0.20905512718312733,0.06605155904789138,0.13224933988520046,0.21614865453281187,0.016624029361450018,0.5270615559998137,0.5555038682717467,0.44299443702376184,0.3380542695633979,-0.12141075199290437,-0.012660880347772156,-0.24232870470865794,-0.02145655404574655,-0.1950765658049995,0.09088138576224036,0.2131373659588121,0.2632532650169383,0.18064980676907189,0.09386348767901452,0.22327350337738108,0.3793719333598018,0.17086413928393776,0.3195861207457847,0.23373952973587586,0.3543452268401225,-0.003704339375191219,0.34818599181590787,-0.009797213286229692,0.2949212153922526,0.6954019121563111,1.0,0.3790647705931881,0.5223495073095953,0.37570078493031556,0.3883716370661501,-0.06351292768812891,0.45123870885853584,0.1743720954078767,0.16911318139973722,0.36524118125303945,0.11954493102691174,0.4765441156019309,0.41844267656391343,0.03564573816493856,0.14553047539854436,-0.040700632905412974,0.07507689644052516,-0.03510939108569117,0.17562785959289182,0.4614666170587932,0.4024702748210661,-0.03236078288124239,0.14621186036276193,-0.09339023845144347,0.3083063044142822,-0.07927668628117573,0.05496829348174467,0.043308905754096634,0.3089710953536484,-0.07252738046583292,0.12456663294412372,0.0120903181150678,0.2693564778931704,0.3045113025526343,-0.3321572219164282,-0.21010400686361994,0.35784928963703344,-0.12538484020394428,0.11157179919525431,0.244814642026919,0.3410997453089621,0.3325916141608925,0.3240347629514777,-0.06289119477325208,0.21388062144956396,0.28357140538393055,0.3188580863447492,-0.22623243677481375,-0.3153762131663964,-0.23664406403352958,0.222105741228788,-0.10255259315285127,0.29476041877465436,0.12788085327527773,0.2870102839691193,0.3468273760876492,0.32051500171595076,-0.3414515614583792,0.28102172986227436
ROI_6101,0.3004523806459013,0.24143384654013655,0.33118776048641785,0.32819929712845064,-0.09453276062246074,-0.27963283402671624,0.3749698307169081,0.30844771906294194,0.062437807066561574,-0.07849455009833928,0.09112112967657658,0.24983911077997564,0.2460658961068822,0.14151627345619902,0.04373727766511437,0.080062956819295,-0.13134108441837167,-0.1335770212623599,0.38094702697759086,0.293499304216844,-0.13528498139318237,-0.20389766895829173,0.35710895776097396,0.12589836959480713,-0.06300741035233962,-0.30369908853800476,-0.2805189145400689,-0.20860043719249574,-0.13247457388129114,-0.09149619972517334,0.05401332043700352,-0.07052065250224024,0.3383835299401191,0.17205002994831903,0.2484167438919884,0.145399088475466,0.050179704043984676,-0.12189581702162323,-0.01659995836114447,0.1702314752008097,-0.1320483452374817,0.287271282463915,0.31555580429748764,0.2767191128585684,0.5319774270271562,0.38512640516831936,0.4168752375983539,0.284320908586271,0.7051771484757202,0.6002378421432235,0.42850046601729286,0.40004032917647825,0.14983759617098344,0.06274652513039262,0.39921021531404377,0.23541461913849912,0.3895548528220223,0.3790647705931881,1.0,0.7588447452443072,0.5585653212720751,0.28179280423894076,0.13597887456977772,0.0613943751071793,0.3639515344393901,0.20445486429452484,0.681698023545473,0.42945371095188245,0.19517365971919548,0.2603741188902195,0.16989443411768662,0.016989846541518243,-0.16765029403904877,0.011048219933268023,0.07248128051511733,0.21814790233789366,0.13778881979040186,-0.02729564321457115,-0.05692501113253524,-0.15984879546537925,-0.06819468398342403,-0.05258992724927737,-0.00828945614031936,-0.11928772698050344,0.1251505560291129,-0.015118616435843345,0.39484563164823117,0.34694472278975547,0.3966524289756508,0.2520375289868737,0.05718520300258431,-0.08159498493193636,0.19192987977068615,0.11850899241943258,-0.08587178442428228,0.03971602787102807,0.03460040319194835,0.26480817271642043,0.09897457577306841,0.1487592274518805,0.059475086346497494,0.35915441391860836,0.11764105269516278,0.20502413507466627,-0.08506900760987834,-0.2238320910587872,-0.18085016509298896,0.22021978695205638,0.015289994682199538,0.16443602647709363,0.033177129963215236,0.02418691716403203,0.19827197465953036,0.15999111994027862,-0.23247481227540245,0.16813342728871486
ROI_6102,0.4750554618072253,0.40287660028818617,0.38826652709589693,0.4608234846503065,-0.18385039779881393,-0.17513609689920506,0.42380648378582325,0.43535958380560297,-0.0456671271982287,-0.15183778124685146,0.14272230242677048,0.3551099245678361,0.3037246965153587,0.2529832405478609,-0.011770933948093282,-0.0254800786469128,-0.007715664181327072,0.06674297392454347,0.40378391367851235,0.23397051702905963,0.019853745604814472,-0.011965127772892832,0.34079272842002456,0.1700484767680059,-0.11856868035431822,-0.17262831368165166,-0.18589238648912731,-0.1676624523751178,-0.025016054266940046,-0.019937981534811015,0.10793927765557966,-0.07754641481412872,0.26060019410167123,0.15377946510082732,0.2077393437063792,0.0766333521725761,0.02664786038979725,-0.05737753227787516,-0.029925118210464136,-0.052886092778138945,-0.08440154303705386,0.10704897140476756,0.3240310253351833,0.30562840848167866,0.46905293991231284,0.3573717013699915,0.40640913539388324,0.3561493952737327,0.5537878573920364,0.6090310121600151,0.328232414571698,0.2992682723877489,0.0946422718812741,0.07979646560820675,0.2769099267790163,0.15712314699343505,0.5046995094716736,0.5223495073095953,0.7588447452443071,0.9999999999999998,0.4668445853258812,0.3738680219008263,0.1412923359281429,0.2105130232048111,0.2899892931670663,0.21395175284089882,0.5914869301113512,0.45951822691299643,0.12849999091772593,0.2754591608054449,0.07157582615662449,-0.03422803639355941,-0.05354994561390274,0.020215597406575532,-0.041758986965232184,0.06802751415096565,0.10650402890108975,0.06474545880061283,-0.10084732058960912,-0.09154480498689149,-0.07416436406430466,0.021903544291036674,-0.019103081172707318,-0.06528213213385706,0.07928237198964148,-0.0038228516126891563,0.1511112137615528,0.08477749297430687,0.18854462724259555,0.11577555858905612,0.07713902048720282,-0.10168113258599186,-0.013094421120384019,0.11310317538643702,-0.14816263304260674,-0.09087303687149682,0.02798687712027802,0.13475843061448772,0.13439070467432815,0.11473238120487349,0.053265951102781046,0.22732761177323443,0.07207826339821377,0.12032450429735594,-0.0438344104631464,-0.1261474358608311,-0.08096466827760873,0.08935354347779556,-0.033202299195055546,0.10505836050634411,-0.055546540980963205,0.057007589867173046,0.1302926391814096,0.10446308392043253,-0.1369760703270882,0.08640481710619519
ROI_6201,0.6017912825313367,0.10050604460297519,0.4024749478242643,0.3807505138095913,0.11125919552362608,0.2339483772443954,0.5829250718430372,0.36549297348045784,0.3720061277615927,0.153625794965492,0.601909237701478,0.43615919837989836,0.5412020918202701,0.4210435888693428,0.26201555391833703,0.006651940726192382,0.17348600991791857,0.08773589618859254,0.1756948959172614,0.23189288547583956,0.0927290830490099,-0.11184105371549855,0.406382041355874,0.33291132086268277,0.12058835722915481,0.221490510935483,0.19677155919325404,0.15042513890295522,0.14006545073486482,0.10145125205676549,0.05223780380513501,-0.021446011530925197,0.28158299918492763,0.21339911268714348,0.33909046886653416,0.18099046936564922,0.3219380643986131,0.35584465051415826,0.257682081735242,-0.09545183320528225,0.11289034098737978,-0.08580698463112248,0.28273178465972837,0.20790894083068176,0.32994293622203125,0.2874536444373582,0.2722883784754669,0.10535678000664193,0.3219367834731669,0.3740379547843727,0.4395850223216779,0.18504042481733535,0.28203742042593993,-0.08542024337228298,0.2971027639371629,-0.17430245729576602,0.5955579121484108,0.37570078493031556,0.5585653212720753,0.46684458532588113,1.0,0.49079281550329884,0.49776680246681626,0.2289785343286198,0.6747914345334148,0.3146734282448924,0.3530404910911074,0.3709021506451515,-0.02345876943882438,0.20607765910170567,0.4358085818531174,0.19090415438047292,0.25162180674141066,0.20930779956384576,-0.05770833160427076,-0.03631046671578031,0.1832281700844135,0.2897928463055163,0.2243331937726499,0.24722877172692392,0.3441421664554099,0.08844214612895863,0.06472484208305052,0.20970547254206875,0.38775327272546883,0.2060349780849779,-0.024286604556767323,-0.18745121254447944,0.044195095210277466,-0.18290910214044082,-0.2241664347968514,0.2058134887183418,0.13888380537766376,-0.19851571389190684,0.1971893828711142,-0.20564693857698263,-0.030504936715872944,-0.15634482851146483,-0.16620968186958943,-0.20445333442647107,0.1944746831466669,-0.1375080200344507,-0.24079760300448652,-0.21819159322354167,0.234512303875841,0.22607072427983269,0.25932223681304883,-0.2510029965030013,0.3452412939415258,0.3449094096676783,0.3331296192342191,-0.13027645186301084,-0.20029823984997627,-0.23017919257839015,0.20906440098270535,-0.221211239403119
ROI_6202,0.1819043161008546,0.3006621220672571,0.330185731112849,0.44863412718438644,0.2183471959154121,0.0015569062950916222,0.36388931067254326,0.5934252206872073,0.1303899540769767,0.21881594583296832,0.26441907855447877,0.48255395265458606,0.4627008467612396,0.46271732073809485,0.05834327496580762,0.3710051932329921,0.3861483827266575,0.16244526160401956,0.4349168522157337,0.3256307545107723,-0.2153565242957664,-0.028628863601876598,0.5814393600255947,0.4030755054855396,0.019223701479275844,-0.054898931511716625,0.030875473268766974,-0.06375880341192679,0.16643243038762626,0.2326683407788832,0.5128719125361358,0.3548877065399102,0.5878260884382295,0.4733200023168033,0.38821875680040174,0.3560088467679898,-0.15578059337078745,-0.06352512767254379,-0.19485922329733935,0.0556220119027783,-0.24891936471089227,0.16374720935702686,-0.02297071438728707,-0.047295677073368694,0.12561760401156435,0.017319471501012026,0.013088508610875602,0.046161284788772974,0.08842135687088312,0.056128471738372036,0.03805310524234317,0.17295000932247143,-0.20378962015072152,0.143517010816569,-0.08139467542511457,0.20046721514956392,0.20598674981123372,0.3883716370661501,0.2817928042389408,0.3738680219008263,0.49079281550329884,0.9999999999999999,0.10886121967516411,0.5268616008550266,0.5041434843060535,0.6885659555074167,0.28322026595612587,0.08213791775409446,0.14869211962462,0.17216065025863933,0.22493557336718578,0.27706514468061577,0.09423309701965706,0.07861089997937584,0.0336765997536051,0.2445089112375499,0.304797316391382,0.22036533694818763,0.22441053212054887,0.14366581284043495,0.093570369452037,0.3463118138399144,-0.13187016770779392,-0.10623214027961174,0.1348562280509161,0.312249983496954,0.15919295873152964,0.2145828593693799,0.16945187756374452,0.26390185529093385,0.21633807262984084,-0.20723811323685623,-0.085444544141894,0.2601241857862513,-0.141502818590504,-0.00735130351137056,0.15929315969815283,0.30374359950871244,0.2488755177372637,0.24786168649469772,-0.008618021695231418,0.27919947600330186,0.21294006666008913,0.27018164768775266,-0.15784788080309511,-0.27729891342085305,-0.21139461608647692,0.21279216088407585,-0.16660169968915622,0.29385471745920444,0.1062854446706681,0.23903824941415333,0.29051163162981664,0.2541001918588786,-0.29587582388087547,0.2452173890508402
ROI_6211,0.4438846458691951,-0.19992586079176894,0.14013086773674668,0.07839416672097901,0.15238473486809226,0.5242224612056522,0.33548946164608356,0.005459417383612823,0.5896202498384782,0.22895089218057785,0.6715519072506283,0.34045134877217403,0.3311853060678724,0.3951889781217261,0.6530914070262763,0.04787314567932975,0.5344500956265583,0.5457125458320236,-0.20303130543781678,0.001617569606444813,0.3536084905620606,-0.08919936079259351,0.18957471927923922,0.2161005722989724,0.39903147035406156,0.5216324919663772,0.32766908027874103,0.3455679991113431,0.5034444675492916,0.4781546326118189,0.06269045663603905,0.07068354605469723,-0.15620063429093892,-0.122466803533029,0.1449976295195212,0.11693427029766545,0.6191283156168368,0.6723969957243112,0.5493788577535106,-0.19383951276509154,0.4440419640188331,-0.10905859269283871,0.31636436551556124,0.24634483777838206,0.29904187537323673,0.39945158562424166,0.3349631003016978,-0.008228138333154432,0.23529482298833532,0.3080026304625661,0.4693514674821382,0.05493355944756911,0.4907994130806054,-0.3513356257194216,0.44062605700549906,-0.45345132707192026,0.460076263501146,-0.06351292768812891,0.13597887456977772,0.1412923359281429,0.49776680246681626,0.10886121967516413,1.0,0.3432439799341942,0.4585397147337018,0.19132370242344884,0.14653870368698485,0.5019025216793536,-0.308849171549777,0.12948053613264904,0.4292427407972115,-0.011416041714032736,0.6908319084039309,0.5973796023723824,-0.11015718131034855,-0.0436189493935198,-0.06038822249071584,0.38347700683133357,0.5530320930456447,0.47573779140231415,0.7905938120169744,0.27879638624324155,0.44641380908281614,0.5334356075858477,0.624897465487004,0.2623127433242358,0.040281501180396036,-0.456315171406031,-0.036784359509605846,-0.5004218109587288,-0.5755223072799992,0.5375936269478622,0.25834997801465026,-0.536693510597343,0.5033326131144858,-0.3115032951106167,-0.12044009868081426,-0.4521110681363826,-0.47368240477682144,-0.531674621196765,0.40320280723122803,-0.286742746001461,-0.6058391405223981,-0.5757899251062124,0.5782663149321594,0.5979795615770768,0.6314809398985233,-0.5919983646463876,0.5222508161016906,0.29339297144582516,0.4127042431620641,-0.3949642867196384,-0.5400671798530992,-0.5886668802524437,0.5819826443951888,-0.572809533583856
ROI_6212,0.2667604120983124,0.3366396137233528,0.4032188640699242,0.44606298242673603,0.11707397662745368,0.21223136882216484,0.3534472408220922,0.49842157493414885,0.10657602924762143,0.17434406747575645,0.27573230626926354,0.6436699566861892,0.27918327587922903,0.5927276565795496,0.19004940157978084,0.37158332859401744,0.5095290431813815,0.6196998649554946,0.30235487837111363,0.39765159355398183,-0.14538785936686804,-0.09655928009370819,0.40126473489369197,0.45381199098478614,0.1494791056830553,0.19847008232070035,0.1479320864275496,0.013956672382752224,0.5168055994665612,0.6130469325799655,0.5156632546148853,0.3591725776309654,0.3968374096259223,0.4886407922770054,0.36473572942093957,0.39924226566335147,0.0601889894273568,0.22118295779429695,-0.040888170262878866,-0.008874242844786846,0.023609013398065766,0.12365353505506832,0.21094790364296523,0.24322118635865742,0.17199897172036255,0.2058743303312343,0.1892550472861042,0.2219240340856411,0.13821215852073362,0.24971723874557844,0.2683917001466662,0.41403337457639977,0.05381771392817572,0.23372681451277016,0.09668264122896134,0.10910248705161044,0.33403253254379445,0.45123870885853584,0.061394375107179294,0.2105130232048111,0.22897853432861978,0.5268616008550266,0.3432439799341942,0.9999999999999999,0.13077239650981878,0.4195379985145044,0.2543787408189769,0.15471526557942758,0.1574479178634131,0.18359509701850407,0.24396602743376797,0.2582869942842806,0.3711708379481088,0.44545276961370806,0.03475802629974851,0.2830589346639691,0.3952739957677364,0.48991086388448857,0.3804625098951255,0.44146750424816666,0.3141098973253242,0.6339607604843961,0.02407537803781171,0.2289619127720318,0.24977171317723237,0.5709455662076932,0.021657280786476905,-0.0005255456161529065,0.036615038816893146,0.10870202170905824,0.058828984822839665,-0.06877979481380476,-0.1235033775504608,0.07172644717747793,0.10799575957577523,0.04862658421714494,0.2388974930322117,0.17162114673141107,0.13718306604410288,0.09552957468165689,-0.011582646563658695,-0.021509379557495795,0.03834078174359421,0.04689730812520702,-0.03550112159796544,-0.036555293544832376,-0.007267773543771293,0.005331995192029097,0.0016357311950575015,0.38524281740040334,0.28676480047194575,0.18869352217078325,0.05923525333573671,0.05711930764503384,-0.04117046817154317,0.050665806172778084
ROI_6221,0.4194505458157757,0.07645817987376698,0.35125034597459626,0.29595559872473487,0.23981300526780908,0.20129407621671974,0.5026971201461411,0.2990057110859393,0.4342437519438283,0.16867704366967096,0.4484642571098354,0.2585496503234494,0.4826663201066452,0.3224964181523653,0.42337538843459566,0.17904540319592877,0.38597719415044085,0.2179518467576361,0.23037116737063212,0.22331534915658133,0.12385435279465717,0.04774341088832746,0.4914846528985122,0.37548068698454573,0.38675238997457284,0.2812390724104346,0.234635290136026,0.2068432715992287,0.2900387122721867,0.22732718300108062,0.25246174652966075,0.16366405244099086,0.29184820991481664,0.16318112553813938,0.5765842398816725,0.49176577541887484,0.2792132620283636,0.2657658529152074,0.21492878805058535,0.018570514466000193,0.11412139060403219,0.05436742544989636,0.25944714200679314,0.156578881674888,0.4387065471666165,0.3092387494453907,0.3227394904760075,0.1335187414397607,0.2597248029937914,0.20475450705092257,0.41552519206692545,0.05977307209147076,0.2509480544394525,-0.030100471714343005,0.3094663012716197,-0.027087711216406317,0.4471793797900359,0.1743720954078767,0.3639515344393901,0.2899892931670663,0.6747914345334148,0.5041434843060535,0.4585397147337018,0.13077239650981878,1.0,0.6470822889452665,0.4023787944337719,0.44728467589219323,0.04289355376371424,0.3542971748026631,0.39231778527443256,0.17288271743377492,0.31342478086811904,0.28245941762676435,-0.00955851395497719,0.11155084794018512,0.1944200385270931,0.26159895944727424,0.3672308386760404,0.2406576907497407,0.45963076655380775,0.2196044982059892,0.1867554070372069,0.1479258583259568,0.585463650500095,0.31905024694441325,0.1960392176312214,-0.028372811874402888,0.24927326953040935,-0.030093581031447696,-0.09417608784591464,0.07318503630392013,0.03500089232223433,-0.048035396326162355,0.23147304522679443,-0.08178414079597647,0.13929598759794282,0.008082640551335094,-0.019861698870212843,-0.05277413767554322,0.12148783351154993,0.050157603168094644,-0.10734311160450442,-0.061758719889333895,0.12856565783577048,0.07509966384821283,0.13036805575310362,-0.09969875466433034,0.22265870505805335,0.32811422824230996,0.24634761825356152,-0.014822566310244121,-0.04180147578926523,-0.07735201694311508,0.05716996398245599,-0.07052976357826016
ROI_6222,0.116577357463584,0.20567601365925944,0.25085628041968544,0.23956047130317215,0.2197584639290725,-0.0037158930790858313,0.3144161883429536,0.3744460049972021,0.24418894517085352,0.18741717931564786,0.13936464883239247,0.2741964521855743,0.3094073033696042,0.368757904249196,0.2797430058926276,0.37072552385194074,0.36714037046907416,0.39071353991601676,0.37831596298518455,0.26312438286985507,-0.20432934870415015,-0.07564442203584304,0.46265549726805916,0.3291278537405648,0.3282880925617376,0.0996339730162941,-0.014222437537259887,0.03648282391050788,0.3607761532488386,0.3351315697595447,0.4093301380587119,0.3720508475178115,0.3998764413467835,0.3022254855202177,0.5128363136521296,0.5947793074084353,0.013674256492915725,-0.01703363805491651,0.05175321383633049,0.20295505138604755,-0.04398031170284462,0.2218257661118213,0.1913755557650934,0.1595171702306594,0.34261548520434654,0.23698862429611414,0.20504482601737825,0.1338747471980394,0.20870382353062344,0.07845976532642948,0.22028088601446835,0.30146200657150735,-0.011028970902023772,0.1415040297051533,0.19825409534441632,0.1674483442464632,0.16111501854026464,0.16911318139973722,0.20445486429452484,0.21395175284089885,0.3146734282448924,0.6885659555074166,0.19132370242344884,0.4195379985145044,0.6470822889452665,1.0,0.4567025621600267,0.33764206385037315,0.22798787507017776,0.2900802122737904,0.2062269624747102,0.16529475427427012,0.15674713294657894,0.24810219510613013,0.14566523867089703,0.34887593380416654,0.2635018466016762,0.14280589636229685,0.3793194370449829,0.2023291093962385,0.2645775580354262,0.46294558588850937,0.046001843227526075,-0.07500634402972417,0.4067440108891406,0.4790031783036933,0.3259792991329323,0.2491082065625344,0.3001580512296296,0.21451045250732834,0.07288450656670742,-0.05600169615801918,0.01788015462896904,0.07186864287399895,0.04922926878962849,0.10470161748323359,0.26081951985526547,0.25533869482910015,0.17063660274573067,0.12633330881449503,-0.06270032144211178,0.11614030719799935,0.09446218966250894,0.12050743873334747,-0.0982898826887596,-0.12998215368200045,-0.13246310243045503,0.15725094642689846,-0.04788185355153533,0.22810390509761524,0.19227046183893626,0.1644071565670701,0.10425339143910878,0.11336617278159543,-0.1218575935605102,0.13784335005296056
ROI_6301,0.28270547037490085,0.3381220765760318,0.4543441614204452,0.39251964098313724,0.12462096758503298,-0.06479101065222644,0.47162024423686255,0.40619388248386584,0.1926300849831992,0.11822222428300598,0.07907714521802647,0.30560383636813243,0.3178271391499833,0.297904957786957,0.21710839906553922,0.25454283093843694,0.011271991799732836,0.08713715823542899,0.4718470351437681,0.37186633263466917,-0.24988782665141576,-0.2283530467711487,0.4262368602466362,0.33936784127552005,0.23665439840413677,-0.06097003274923486,-0.13823755314617708,-0.030325539943389466,0.13176730780758175,0.09120641080696355,0.21658531306774695,0.19875608818292684,0.4595984987845803,0.36461965896423076,0.5765720569912324,0.516823725565764,0.044240721196856264,-0.030078056115707304,0.17825033367169982,0.3501911890659908,0.02583049432902704,0.3716259143537255,0.6419580219619002,0.5865075270007596,0.7460535623215169,0.6338255104796428,0.6630708257519957,0.5418455557340376,0.7194942716090212,0.623955835576289,0.5752341932465918,0.6138201085043489,0.20568917036251394,0.2760768867579117,0.5828338434738731,0.3362687909416585,0.39370392473355054,0.36524118125303945,0.681698023545473,0.5914869301113512,0.35304049109110736,0.28322026595612587,0.14653870368698485,0.2543787408189769,0.4023787944337719,0.4567025621600267,0.9999999999999998,0.6719076702183349,0.44225738456854036,0.405951798082418,0.21518411414265595,0.24632030390146908,0.05870704360808613,0.2982784364941284,0.36863330568051444,0.41982151973846665,0.4123819054730663,0.23804299012926938,0.051873555395776906,0.04277432561333356,0.031321851005221335,0.15949595922712928,0.04777945528166893,0.006151448413490261,0.34634234845830086,0.3727289556506559,0.38642795191447765,0.3317264979167585,0.44710937554945046,0.2622043419053427,0.11562375317429138,-0.08845254264615661,0.04711986202672218,0.059891971716802196,0.028945780658525076,0.24538079525420356,0.33393362309836155,0.2949554225188139,0.23174678087269965,0.15778825348882897,-0.17747808562825307,0.08162347837347143,0.1543505973329739,0.14060972012931158,-0.18105520687187568,-0.15757024444482937,-0.22019974875558548,0.22557882575947547,0.12611040780118343,0.23181884628368618,0.07416033901497192,0.14733326547630524,0.09808460280635524,0.13634499013798232,-0.13409137146848787,0.16646055511682717
ROI_6302,0.3510968755477005,0.05702533155478491,0.24910902049151346,0.24989463207275686,0.05339395653379973,0.23423763555210741,0.3676163044465594,0.16615068059595944,0.3730678419963889,-0.02474797819548687,0.31071630275357376,0.19365175191819284,0.22704514614298615,0.2575101981667003,0.4397003607009927,-0.033905475310715784,0.2504382526624265,0.3369814077146344,0.07179526870456983,0.18459938572168194,0.11075550898596873,-0.05953909412367368,0.1961611291821555,0.15452904068099374,0.33179427607631623,0.2649978305140489,0.11302074041437317,0.3279121335703185,0.31939000518708777,0.26659139116953307,0.028824676325528552,0.025187304769983602,0.09620077741170087,0.06978143071106517,0.30713839713274976,0.3752589769253311,0.4406526279357481,0.3081308536951344,0.5341936298246966,0.140890103186336,0.3938044378486976,0.12098789837966091,0.70724724411155,0.700422661213026,0.7728152086149885,0.809237930716911,0.7355204186422297,0.5276956161877282,0.5921897505806604,0.5959242207519402,0.6884381734128451,0.3916525650677702,0.5485766307752912,0.06318612009754529,0.7165789006843277,0.010910810983458002,0.4633035056117449,0.11954493102691176,0.42945371095188245,0.45951822691299643,0.3709021506451515,0.08213791775409447,0.5019025216793536,0.15471526557942758,0.4472846758921933,0.33764206385037315,0.6719076702183349,1.0,0.1096330424703645,0.563685421688488,0.37286822697593086,0.09413831626905636,0.3406202617546026,0.46801450603451233,0.16400040958510687,0.14343928638941164,0.10971518701633698,0.23911685711800174,0.22544354422963628,0.20542375425350196,0.40155744330361226,0.18727610221920868,0.32018375230426216,0.24559972719859807,0.5209374522868905,0.302152600678422,0.1867919876022407,-0.10985492916857481,0.3076348606233005,-0.11600438290627772,-0.20582430663032572,0.15335183676861572,-0.0006382961918050035,-0.2257192537297019,0.39200769050572926,0.05174374961623073,0.24178119779578558,-0.09267741005032172,-0.05329632407777958,-0.149194264229057,-0.003612817618422527,-0.16990206014368023,-0.20982655220178115,-0.228265173556338,0.13766502727582386,0.24330032367162682,0.21299437392947934,-0.16560769097005848,0.3993388070846712,0.23271932453555533,0.2279319620924243,-0.04375505624120404,-0.2652687778453042,-0.22471940707851298,0.2706846916628028,-0.19339269249565494
ROI_6401,0.17685631254170361,0.6391028635619168,0.498973436119548,0.45391265134115305,-0.06537997168778946,-0.3290867670115379,0.33583577427094036,0.4726832427342481,-0.2892672048882712,-0.15006460387501483,-0.06850003684104498,0.19853692328247008,0.2622029719216308,0.08100774271324677,-0.2559954810632942,0.17041816472280719,-0.05124235374354234,-0.12367361036859328,0.6901530195978391,0.5998466238009703,-0.34377501955546835,0.03675227105010367,0.31949117972142443,0.31960441331290745,-0.025194211952992478,-0.2511628348652699,-0.14926811160022416,-0.22152334508934593,0.019285724492508764,-0.020409323605719905,0.2287776198776661,0.21199306968916673,0.6163296674468459,0.5527029380070563,0.29118672968801995,0.3291559060105348,-0.35103530248096204,-0.3546170125594867,-0.23535934466409342,0.215756034360948,-0.28317388737005816,0.3085459388300749,0.04343326873775001,0.16565120809169837,0.14037808534308974,0.08188558216029158,0.0717226346696592,0.33410803520402543,0.1160948257760752,0.06024383063128304,0.03966401176654863,0.2918309385747546,-0.1852702458466627,0.47110719407569346,-0.05594882637840149,0.496888864243975,0.18845847747624397,0.47654411560193083,0.19517365971919548,0.12849999091772593,-0.02345876943882438,0.14869211962462,-0.308849171549777,0.1574479178634131,0.04289355376371423,0.22798787507017776,0.44225738456854036,0.1096330424703645,1.0,0.5945470870915499,-0.16304318241894167,0.14169287980447448,-0.17678622711591038,0.0038091137192352593,0.2785340150082382,0.3024332265169004,0.5009062799544302,0.20537940290889656,-0.13021187853077626,-0.09809928000992953,-0.26325440220766827,0.19929554275384515,-0.18651806553120245,-0.23663121447704563,-0.028325040806432607,0.26028996774515817,0.11682865706870342,0.4047215797832173,0.2778045635710566,0.4794506156097726,0.5300892788651375,-0.5182335478890777,-0.31508669083326274,0.5066240620176234,-0.15849858199383046,0.46309932974342,0.49518934538246295,0.5678503154888093,0.5262598601181662,0.5125746971659422,-0.3940565856614819,0.23015001047925143,0.5421326170051074,0.5170879795691568,-0.5199108476611058,-0.5228317436685437,-0.5318925989016479,0.5090794200635284,-0.11434310837741254,0.1910754786122365,-0.016795975539224656,0.4716245498182645,0.4901612826741461,0.5327365470921248,-0.513256289851383,0.5357928324199734
ROI_6402,0.40764181176217074,0.4725293898042434,0.4510880175473266,0.4790579880704487,-0.16397332010075916,-0.09662146842714428,0.4513266430603911,0.4272328871339442,-0.06304307874462625,-0.32976215394404235,0.23435494363819495,0.18907527416360606,0.30176416698990705,0.14682994205656552,0.0021111123932584653,-0.08587836020152907,0.22842673927053922,0.16927658453805575,0.4679270687203897,0.5167027952766845,-0.02708256726427607,0.14126677489694003,0.33196006503451425,0.22757885720662346,0.01927063710535541,-0.005582224707760562,0.01569018810241247,0.06518772567032581,0.13067789529559568,0.15820722769500295,0.13805383113115963,-0.002743934419240981,0.4514930291766432,0.3470296899981489,0.20789317099258756,0.3471330917828386,0.03986970406095834,-0.06468291961080808,0.09610953375069989,-0.033122203454282566,-0.05962752636011739,0.10422187274423741,0.20962386487263074,0.30634871619797815,0.34373793618356707,0.3013586577097073,0.2957858832241567,0.3881015329971922,0.1757922015180521,0.15041637496635055,0.3118711879617429,0.12539038160705304,0.18597055826402398,0.2688039976503502,0.20821773141051225,0.24384419653514888,0.4433483251322747,0.4184426765639135,0.26037411889021955,0.2754591608054449,0.20607765910170567,0.17216065025863933,0.12948053613264904,0.18359509701850407,0.35429717480266304,0.2900802122737904,0.405951798082418,0.5636854216884879,0.5945470870915499,1.0,0.12172413777764747,-0.031956857411020605,0.10149588255822357,0.24200431025845368,0.022506021156563378,0.1626556493462197,0.2893358293969375,0.2688336540146292,0.05161032364794009,0.01502235867862104,0.10962292971598175,0.3131804638921648,-0.01108528499423534,-0.06235667637846714,0.24957279183228828,0.23488549705120892,0.038923215504575,0.08634917361384951,0.23298623083472517,0.1870219854586052,0.21991262266507128,-0.30562131645377094,-0.29176442255031343,0.28577909763622167,0.131863806083628,0.24510620760247126,0.3924217298503607,0.30127044649888846,0.2888276273214038,0.273532730111307,-0.10631453344753432,0.20793509815700398,0.19694130955167005,0.23664511976861732,-0.1766577965394034,-0.21387357127332945,-0.128351450952382,0.18298011712687037,0.15575642209333115,0.30388194556629866,0.19376250829767103,0.28722140394092543,0.23833892998737854,0.23195953406437145,-0.21815784926124476,0.21776382178211484
ROI_7001,0.1850939280265314,-0.21888640127130093,0.253623504223375,0.21670309114319472,0.48340904516161604,0.4841342157086829,0.3752561376453106,0.1468093980046699,0.615700209773469,0.4082751214673574,0.5098104587165816,0.32972657321137694,0.2740053477008808,0.38155443397165123,0.5577351085406084,0.25315317940832927,0.3580803814813736,0.2477699955123191,-0.021961622055633075,0.1465436054078794,0.11657428495271105,-0.008959396247265381,0.3425398745241416,0.3437276863668827,0.5251876584509019,0.47684984491653837,0.4473810382586039,0.4402816719674712,0.30875816232025255,0.4105001933610139,0.3075863182520984,0.2653599982942171,0.14288767996091123,0.0993153421819832,0.26358306186219854,0.24956106966355035,0.5377794862115768,0.5050013390954121,0.4126197730469954,0.12210335142002071,0.3407434353350437,-0.09467682789895863,0.32155814189109866,0.1822978190235528,0.28770527352691333,0.283514938374233,0.2722237538187003,0.06086477496936288,0.16849634714072748,0.20216605564228574,0.36179369467678535,0.16943789077447763,0.4072971168536216,-0.08635424074775978,0.36863758400549007,-0.16360041982926185,0.25885536680648286,0.03564573816493856,0.16989443411768662,0.07157582615662449,0.43580858185311744,0.22493557336718578,0.4292427407972115,0.24396602743376797,0.39231778527443256,0.2062269624747102,0.21518411414265595,0.37286822697593086,-0.16304318241894167,0.12172413777764747,0.9999999999999998,0.6022973757648996,0.3857659372965619,0.44453044724619384,0.0990297451807347,0.04226749198270976,0.09094010036331425,0.27206749338734426,0.4868448478777917,0.5096069614437525,0.5509822850461571,0.2089024172271037,0.23827655555826627,0.3399463667346376,0.4102302263896832,0.3038109597678866,-0.009892693326206995,-0.1558636378197197,0.07257219541525395,-0.19473343702120502,-0.29186912430451506,0.2694833877558186,0.14355709148445353,-0.27390094030129236,0.4230372313301543,-0.005404755186046466,0.025777583565602148,-0.18918453738271118,-0.23553798144114999,-0.24889310741528717,0.14236014538260944,-0.22823252654407755,-0.28424028178177513,-0.27533865511051087,0.2601592886226676,0.2946584416799959,0.29035486796325805,-0.26412239184282316,0.4269149663699344,0.4654080340329051,0.49112292213187814,-0.11716768178545696,-0.26605063347020547,-0.28660965368907215,0.28881991442686494,-0.26739708276312324
ROI_7002,-0.03067137491105684,0.005250163500662533,0.2859233722015015,0.2905458351469756,0.6676765151641977,0.47668396579979855,0.26972493252428925,0.31915969026882934,0.44740443789089995,0.6203584904307766,0.19297716925871772,0.39435350909437833,0.2975565251213441,0.40286519206536553,0.3847098598153812,0.5428939199937552,0.13816715117542583,0.016866071964776016,0.20056763159324226,0.31981497260748587,-0.2785630551988861,0.03740385313813449,0.29273239139532564,0.4501854403266166,0.48700841559551,0.2931215405571739,0.4368212264135441,0.4585639911874155,0.19677679828534972,0.2906941344552727,0.39282306962576535,0.5555259257728286,0.42223920367585016,0.47635143794297347,0.4478137228458452,0.34522861108473535,0.06573021899696309,0.17484043096234692,0.08862866375075698,0.5338475130780563,0.3282154976371947,0.1882659695349148,0.3054085671028971,0.19882623896629087,0.18503081711749128,0.12778995445985938,0.2211538895702136,0.2779790906932503,0.07360862258057035,0.14418747451239955,0.16765890727591862,0.2772352558263775,0.12464256313509217,0.3339586153839377,0.17012900798716662,0.3128746083254484,0.06272878487479115,0.14553047539854436,0.016989846541518246,-0.03422803639355941,0.19090415438047292,0.2770651446806158,-0.011416041714032736,0.2582869942842806,0.17288271743377492,0.16529475427427012,0.24632030390146903,0.09413831626905636,0.14169287980447448,-0.031956857411020605,0.6022973757648996,1.0,0.24521418280704185,0.3607661640728243,0.5671988955396646,0.2509971970908922,0.37682844023165024,0.292260459761577,0.22894551639875316,0.46948838402074544,0.1482897780238122,0.19463120263056824,0.10683056244412156,0.2975731981756753,0.20912876439123187,0.456050958332948,0.0497459557225439,0.19611359271899162,0.24853431362791104,0.2487262891115958,0.239080726577076,-0.16564752492610155,-0.24299054900995878,0.09749323367291125,0.20797016980995875,0.42229858379699203,0.42085949047081633,0.16130221124247712,0.27327651019416543,0.17962737675301224,-0.4359881813354775,-0.2709650010286628,0.24229210963800074,0.1126281737538247,-0.3022768066491334,-0.10366536386132748,-0.2529835411937663,0.203254426949108,0.098124876543947,0.23962940813153646,0.05465950271325162,0.31795063777922755,0.05845828797364886,0.15646129448396592,-0.059978785588634446,0.1971544207256485
ROI_7011,0.3318454339612115,-0.10521331373786172,0.28717481152072033,0.23302147609465668,0.22346296806256755,0.6414939180734305,0.3682732319591313,0.16801239638609577,0.5615366951660916,0.36694750548494476,0.6215191518715094,0.4107066005750131,0.40253153186462226,0.5110336301245101,0.5879965929747255,0.23656242699103672,0.5796411876635921,0.5734158485086881,-0.10686002306785708,0.14511117281669053,0.1421672863506259,-0.09770311241609692,0.25974127896176985,0.41737867531638034,0.4693771657728455,0.5832688478596713,0.40898132943609916,0.34821573308377174,0.598700080385321,0.5688915045429122,0.2639832000323162,0.36797642100034234,0.0015608018363714284,0.1552942598185449,0.2426501129635208,0.26749339900950486,0.4384092330854872,0.6320839823360016,0.4502704271753598,-0.09001064804947724,0.41346091156759573,-0.06025034523574318,0.25447678681953684,0.23428269664248988,0.1497421207597572,0.2890363556099474,0.26536721053961837,0.10428251195401005,0.029150920082293554,0.18373858510978291,0.3440506949347734,0.07771245468495926,0.34092308639896646,-0.1464623357001829,0.30977776384660005,-0.2586546968834473,0.284379793211022,-0.04070063290541297,-0.16765029403904877,-0.05354994561390274,0.25162180674141066,0.09423309701965704,0.6908319084039308,0.37117083794810884,0.31342478086811904,0.1567471329465789,0.058707043608086124,0.3406202617546026,-0.1767862271159104,0.10149588255822359,0.38576593729656183,0.24521418280704185,1.0,0.769309197550777,0.026465252486911582,0.16617301720908484,0.24579832090180712,0.609316601127441,0.5061668590424967,0.5256143054719881,0.6673907573518101,0.3732931070578383,0.42328585700055976,0.5910748266797687,0.5286364447408771,0.4144450418229731,-0.024341207181204645,-0.3876572510400503,-0.02742522755626695,-0.33842837141277154,-0.33618947145057865,0.3349061260936768,0.020956693740561867,-0.3611335693120039,0.5130630666348958,-0.07679152314418626,0.16751980095734975,-0.27751723034474235,-0.22315265180383462,-0.3390127559604588,0.16234858256652782,-0.33295023822143455,-0.39173670350940304,-0.4237929322572503,0.3543098911958984,0.44938306548754464,0.443685000557687,-0.4381693136343059,0.4408022504812655,0.3677451024917518,0.3783591347264507,-0.16188637215497992,-0.40477931356943514,-0.40229846292398463,0.44410242348553597,-0.3921526316723783
ROI_7012,0.2578138796623571,0.007944564712294723,0.30110214431905113,0.2138707684440989,0.2552241088016983,0.5439835817281892,0.3545728262131627,0.1919859200569065,0.5795924439697605,0.4322256158083328,0.505722744511374,0.48023895531714206,0.40374269939218815,0.5505631126096285,0.6698067150906366,0.38429923831639573,0.44549151539893445,0.6512315615413751,0.029901194037797774,0.28427223230242626,-0.14969502548642094,-0.27922708884836056,0.21414134302196233,0.3445458250073573,0.5435874151539571,0.45983919979991345,0.25118900541167305,0.3494499285018264,0.5688074229881185,0.6809266836358068,0.2843773184428393,0.41093123826063027,0.1172119347575589,0.25696878552541996,0.41171691297978436,0.41600195995635814,0.3463596262712781,0.5127489664769774,0.45241223861543534,0.23009749038004118,0.4247889138295701,0.17097825040859843,0.4190854859944278,0.37766436961681593,0.3200631567714049,0.39302434044257656,0.43645969671621,0.2770408355571446,0.23049258903401895,0.3188588655637503,0.4743506872916932,0.32155854505136805,0.4140139390811009,0.022052401259046457,0.4748439770222842,-0.016862275567081055,0.295788949051482,0.07507689644052515,0.011048219933268023,0.020215597406575532,0.2093077995638458,0.07861089997937584,0.5973796023723824,0.44545276961370806,0.28245941762676435,0.24810219510613013,0.2982784364941284,0.4680145060345123,0.0038091137192352593,0.2420043102584537,0.44453044724619384,0.36076616407282425,0.769309197550777,1.0,0.32853112540744206,0.43736892644809827,0.3682373748542525,0.6254785572582339,0.4865094120958324,0.5452503678041163,0.5580855919040103,0.5630324966678819,0.39452770875584875,0.6308535370892585,0.5530857587720361,0.518160272510451,0.1680164634008764,-0.07924536608143232,0.18851726045368744,-0.09056067061479871,-0.22862825748500154,0.23298766256508632,0.026464575078851863,-0.28378624523194257,0.54657872545365,0.24574420223451848,0.35239597899225106,-0.04895283573971444,-0.09224488749987135,-0.18283096087980233,-0.03278087636298437,-0.2687722687575089,-0.22935103210030675,-0.27691002143937704,0.16924229258881213,0.29452004208770804,0.2324513635254084,-0.19794146209409438,0.4034761266563581,0.3936639094340108,0.38288214913354107,-0.029084027300433586,-0.29875172291395186,-0.2584716290808788,0.3202296714538623,-0.22963220110986537
ROI_7021,-0.21757088778971514,0.0007223847524926526,0.03546801858539776,-0.03571115342102727,0.37260492926310373,0.12868036633139754,0.025363976381019362,0.07415533123988267,0.28280915352624386,0.35278892609286877,-0.13643576689622738,0.10646979527449646,0.19451917720361275,0.08423660657210748,0.3437198897565701,0.37947649816306706,-0.0822554824611926,-0.054616191414066144,0.20996007175665823,0.18375102389731962,-0.5677209519622854,-0.2594827797907803,-0.030257803042137738,0.037134337429707134,0.3131602870801752,-0.04797950409713778,-0.06345650383061424,0.29619802666852973,0.13028185904328984,0.10339136356837776,0.17963325683531742,0.414023057240542,0.2923580544781851,0.3344991339582403,0.3864462510586703,0.3186963235445302,-0.2361960840266731,-0.2519569444467401,0.013991028544046448,0.8286719418303427,0.36573344822186915,0.5931498925056536,0.3462922994217424,0.2820037152973433,0.2753490244477498,0.19230886812952763,0.3279806238474457,0.40039893560367656,0.25041461061229336,0.15342026018839156,0.12707663132105784,0.3009936292513867,-0.0018107172933381282,0.481287589580725,0.3197306424512003,0.569582069868158,-0.09832840365242437,-0.03510939108569117,0.07248128051511733,-0.04175898696523218,-0.05770833160427076,0.0336765997536051,-0.11015718131034855,0.03475802629974851,-0.009558513954977189,0.14566523867089703,0.36863330568051444,0.16400040958510687,0.27853401500823816,0.022506021156563378,0.09902974518073468,0.5671988955396646,0.02646525248691158,0.32853112540744206,1.0,0.5744593001065464,0.380589060580258,0.059219526151079664,0.0641800816202655,0.07533030673019547,-0.09539193085000106,0.20325547624712403,0.06448280060928979,0.09679102471072763,0.21314793912070856,0.27296420850736564,0.3861249322679697,0.5636866088339252,0.5968044165956065,0.5256629656476672,0.4044513342011973,-0.30807705307163546,-0.32345496393096795,0.17705264401853463,0.09337750637359768,0.7400641754953982,0.6283452946893483,0.4051888276273777,0.48554868103854826,0.3796148466088028,-0.7741665258735584,-0.19734977493654604,0.46058311915596595,0.27954759417034064,-0.5936872953688423,-0.2874980916080285,-0.5449324852851162,0.5277815777437449,-0.1236159414630374,-0.18040741003479643,-0.2797370695593031,0.4765346147200256,0.14432566503588795,0.33325491503382204,-0.18071577907264422,0.4164918258049155
ROI_7022,-0.12863678188285313,0.28572828900933483,0.19336254205389555,0.13656369502583054,0.14379850260430554,-0.1482621522136822,0.10959949161706824,0.25901859069913613,0.11908964234136743,0.1872680795976334,-0.13722479476624283,0.23539848861207074,0.20626438719050535,0.17224320650082858,0.17728650275637922,0.5271338311379807,0.08032592005198526,0.18904971039346483,0.3890140664129486,0.3897610369374806,-0.5653032639099987,-0.3912906285742007,0.2905282617908089,0.21208453618846856,0.16654693375010118,-0.26063551562526377,-0.2179113564494794,-0.11627085727761566,0.1980751646639063,0.2767864808905226,0.4021162963006406,0.44364236155211084,0.44449094646765736,0.4968581462239071,0.4867804505427091,0.5354188118324322,-0.23305401803104955,-0.24679325722504097,-0.1628705845828551,0.5960756147794103,-0.032897715705478364,0.6891649508411427,0.22901814140406954,0.21446266643997908,0.209907255899358,0.1162714849800052,0.30412918029933916,0.32527300644963797,0.2767244461377137,0.14103068858140347,0.186959954432563,0.4276733682446407,-0.0492330251458852,0.4264720744390444,0.28962850166252496,0.5687450321327344,-0.010490262182373917,0.17562785959289182,0.21814790233789363,0.06802751415096564,-0.03631046671578031,0.2445089112375499,-0.04361894939351979,0.2830589346639691,0.11155084794018512,0.3488759338041665,0.41982151973846654,0.14343928638941164,0.30243322651690047,0.1626556493462197,0.04226749198270975,0.25099719709089213,0.1661730172090848,0.43736892644809827,0.5744593001065466,1.0,0.6166747025006635,0.3142232633405198,0.14568142944320442,0.017021415934942538,-0.023996987196964817,0.47579290338669733,0.07643718632916102,0.008685593374745386,0.2611753883120534,0.3959503347047024,0.5129753356035489,0.6469184115738369,0.5932749506446693,0.611308619971336,0.3543093380489959,-0.3328230640787058,-0.13097072040644364,0.29193357265417924,0.05030708469101182,0.6003553084499204,0.5761351102773613,0.6135511657471265,0.46158209773118475,0.4389583011591432,-0.40714654421256763,0.23496803576927913,0.4274745305968274,0.40677636963354985,-0.4704043561562181,-0.4308280195523511,-0.505243666621528,0.5507939244500631,-0.20333938444919444,0.13614837076093142,0.002739709604353164,0.42089577058324695,0.330961787815385,0.40696812402210614,-0.3770482112862475,0.45531729320456377
ROI_7101,0.20786037244838398,0.4822312786998304,0.5111114034427947,0.47324515652482385,0.056515266910422385,-0.05634017599221299,0.4119185649496389,0.5552316075409736,-0.015451648197009803,0.0853571357518155,0.10674131075355386,0.3926801822343679,0.3974723512731192,0.3546234489560581,-0.04703164663421545,0.34905179863527214,0.10305344123858298,0.18231879486582286,0.5376966927487195,0.541880604066595,-0.4736470797499831,-0.19130404233245085,0.3977715427477765,0.5012784982903632,0.08969344910216304,-0.08141681069928519,-0.04066187154646437,-0.1600089380256221,0.23633420865548527,0.22447534244918976,0.38372362225901846,0.4007645739917029,0.6066658092859369,0.7505748940763994,0.6206590867485053,0.6641151713055568,-0.230486773811848,-0.08881528169337527,-0.17671289103323676,0.3085586482889445,-0.10938376572856567,0.36148098219618097,0.2523946059342043,0.2671969890397804,0.1746617464224519,0.08492672027313507,0.23289599268626265,0.41360837831280495,0.16043677383892102,0.16830451946060146,0.24143563185647549,0.3997989175115298,0.013983788116775144,0.5051137810972988,0.14457327865707295,0.4556381419432839,0.23307962562529103,0.4614666170587932,0.1377888197904019,0.10650402890108975,0.18322817008441347,0.304797316391382,-0.06038822249071584,0.39527399576773636,0.1944200385270931,0.2635018466016762,0.41238190547306625,0.10971518701633699,0.5009062799544302,0.2893358293969375,0.09094010036331426,0.3768284402316503,0.24579832090180712,0.36823737485425245,0.380589060580258,0.6166747025006635,0.9999999999999999,0.7059565431240995,0.00888547485551127,0.15978830137115727,-0.05553763154428177,0.42758664464896706,-0.03140493538445536,0.053907953116345775,0.22774081910513466,0.538017705964454,0.08533623696281151,0.32535284524736735,0.29182151244145355,0.4292784550207643,0.4071586230122278,-0.37865826980459527,-0.26966856123685157,0.3233480935653383,0.05519951199825707,0.5040638434681642,0.6105499047057387,0.5150912378046653,0.4910004351931129,0.3993446183801788,-0.39144182844573056,0.03418361198147743,0.4042633206337757,0.3400730058763082,-0.4333766296194438,-0.3504755048726688,-0.39818235705240673,0.3786581394727914,-0.07334497876063796,0.3807852547905249,0.2060730430495553,0.4450405418033058,0.29574940861189947,0.3697546763743712,-0.31902700515822713,0.3841882732826643
ROI_7102,0.4023197286802261,0.34597581068343797,0.47921217694743823,0.4536786525885101,0.14359811195199224,0.3487473457791233,0.4312814921454157,0.40308732805936653,0.25813399981262375,0.2724099369833376,0.4181088338918919,0.48043429808163984,0.3993070427289276,0.49254632327883774,0.21209952346712282,0.2965096060225762,0.3844116053863985,0.44135375887803985,0.21068266532425012,0.42280726788884065,-0.0881684502644429,-0.11750344675443991,0.3425618441159104,0.5340704327503973,0.2464388349008718,0.2895069635495567,0.2888698610343296,0.0633388782654202,0.3950080929250162,0.48289820077295065,0.30619971079255104,0.2839419932914839,0.3166996860180526,0.4787459263030124,0.5388327318338978,0.527354527749748,0.24777793534449924,0.4655000412509868,0.18118583220019843,-0.015651937031231702,0.092506863210281,0.04946971965196806,0.3076431209929369,0.29284622130233323,0.15703522054360952,0.17092519607894058,0.3122463830640679,0.2806937650273024,0.07342133775708057,0.22590320049833693,0.36858316678606506,0.25044627403876646,0.26528147561316184,0.14103666525857922,0.23305863493996345,0.023015096438647725,0.4240494338893954,0.4024702748210661,-0.02729564321457115,0.06474545880061282,0.2897928463055163,0.22036533694818763,0.38347700683133357,0.48991086388448857,0.26159895944727424,0.14280589636229685,0.23804299012926936,0.2391168571180017,0.20537940290889659,0.2688336540146293,0.2720674933873443,0.292260459761577,0.6093166011274409,0.6254785572582339,0.05921952615107967,0.3142232633405198,0.7059565431240995,1.0,0.277548962521404,0.5615592673777668,0.3825067815166132,0.48229454790975845,0.22409611346359584,0.4970975055183084,0.35720574809096844,0.5664708033872891,-0.08303613313731845,-0.16840554858617446,-0.022145444113060294,-0.05254663778899427,-0.05781262505154677,0.03579705367641602,-0.06715547362874619,-0.045839342042870594,0.35673028322054195,0.1368098216419451,0.3055243535933872,0.0639718134210982,0.02502336827839797,-0.03973025155434642,0.0842583654787957,-0.11708796866202796,-0.09972008692928021,-0.09844501597372296,0.1090640139301124,0.11479355543550826,0.16055524481098538,-0.15829584873531038,0.33537600780661425,0.6034278414766602,0.44522250955933135,0.06015599445043908,-0.0690505138586119,-0.08727222547861933,0.09631511214625921,-0.0957016447577819
ROI_8101,0.10136129095730533,-0.11774715665809905,0.10237554624703482,0.036966192914761754,0.28250437914337706,0.3974369304154757,0.19647800340777066,-0.009345894527213022,0.4601956886071275,0.3763247638009644,0.37832408125097483,0.26369878728015217,0.24260597454750849,0.27139320919459725,0.6586034344478295,0.3407032858574035,0.7432833353504888,0.5346483372212731,-0.10120664162833326,0.08567753858262259,0.06035196418348777,-0.15167053413981313,0.2355623745283674,0.25291079918519693,0.5034678142757548,0.3668994074680785,0.280607267622604,0.21427371312660276,0.7204949925348758,0.6624551971533529,0.39817563467584627,0.31470700370585564,0.05463394447448925,0.0320754285689664,0.3070690165864594,0.3025577886141337,0.46969212063043697,0.4636646830431358,0.26757394532068113,0.04330650628869135,0.35086353082157085,0.0561149685780974,0.15926192947082643,0.08246952972303889,0.16344515627400077,0.21326071610426642,0.18952719034531215,-0.08053486839515377,0.05655696255623828,0.053685821970542905,0.24292516580770412,0.09652076453112475,0.17671280382313165,-0.17696911854178907,0.21209634825436713,-0.22967811384525302,0.20149578248578284,-0.032360782881242396,-0.05692501113253524,-0.10084732058960912,0.2243331937726499,0.22441053212054884,0.5530320930456447,0.3804625098951255,0.3672308386760404,0.3793194370449829,0.05187355539577691,0.2254435442296363,-0.13021187853077626,0.05161032364794009,0.4868448478777918,0.22894551639875316,0.5061668590424968,0.4865094120958323,0.06418008162026552,0.1456814294432044,0.00888547485551127,0.277548962521404,0.9999999999999998,0.5312053953440032,0.8033714264200416,0.43638926765243014,0.43309519574727534,0.40148189883660246,0.5724322399300923,0.2917265399940094,0.17342966101682467,-0.15988987445271255,0.03561296021095233,-0.19830136931323952,-0.3001875762060242,0.29436193484840134,0.15404272604351063,-0.26423237202488836,0.4969692894973474,-0.09882904151387856,0.07770349066001132,-0.1731843514506925,-0.2203239339124995,-0.2542888817765489,0.20585021103865406,-0.13210228300609628,-0.2973172316568248,-0.26851714294086,0.2879030250365839,0.2821191743529593,0.29735207907405325,-0.27430691439947,0.22295018850415363,0.2376022881189727,0.35747448596436016,-0.12410616743645969,-0.24800260415396264,-0.28042520811796623,0.2704049711464853,-0.25498175177216253
ROI_8102,0.24635422066971557,0.010950989388827373,0.18278490712272724,0.15469824555096212,0.4022954298755682,0.6035506944705221,0.22788841704216142,0.12033581300554515,0.5518717454475843,0.5624005193655186,0.3288378759301504,0.37342999978615576,0.14640646169501162,0.45824265147292403,0.5505175509530141,0.4002242956041477,0.41903822566005,0.5106368944589039,-0.045160081318518466,0.18902960844621286,0.09062760709800541,-0.018543332697429603,0.14079536274653096,0.3578260565517111,0.49569531422092916,0.5025427907828554,0.46478973095122134,0.3680500307175956,0.5042460631166987,0.6551367472979689,0.17505090981383803,0.24718232621711417,0.023242487867030603,0.1400414097198856,0.3250879207253207,0.2657104327555163,0.6210649994526218,0.7002713071436152,0.4446146387615838,0.07271230052139141,0.4282012712196695,-0.09651098344789551,0.3890524163533607,0.2662193432872703,0.1686177650342321,0.2133545452054804,0.30983049230983806,0.0430871298375838,-0.04488749999322997,0.10627406515355176,0.2788434924423154,0.1329392752437349,0.327002299048516,-0.12912394411826697,0.322154330388155,-0.2711688407977227,0.35657321074578235,0.14621186036276193,-0.15984879546537925,-0.09154480498689149,0.24722877172692395,0.14366581284043495,0.4757377914023142,0.4414675042481667,0.24065769074974067,0.2023291093962385,0.04277432561333356,0.20542375425350196,-0.09809928000992953,0.015022358678621039,0.5096069614437525,0.46948838402074544,0.525614305471988,0.5452503678041163,0.07533030673019547,0.017021415934942538,0.15978830137115727,0.5615592673777668,0.5312053953440032,1.0,0.6508729121165651,0.4092661740651941,0.44012523497291345,0.6880005576267153,0.4121273263260586,0.528361174716828,-0.06264025258007029,-0.3195894858652929,-0.13831819841854617,-0.3191785960925894,-0.3994003542027943,0.3918776129616579,0.14471758624450384,-0.40364072069084933,0.5360813843080823,-0.0500244740942921,0.018779477647998154,-0.33148449142936875,-0.33658812283118533,-0.3880320294604135,0.22329690936606233,-0.38443607564578286,-0.41538051853841906,-0.4331758610447748,0.3801952280726225,0.44879405076048723,0.4233150791212589,-0.4174525795993437,0.4865939059805791,0.48168453331716715,0.38565797941967134,-0.2438268532841133,-0.41667005123787065,-0.4257221847020221,0.43943761851540214,-0.40915624422556257
ROI_8111,0.28799956532841986,-0.20421612697557157,0.0930543053613086,0.02960761074336293,0.31044188345963275,0.5757508613815316,0.2496483084250995,-0.057540023927712465,0.6124663296181981,0.35596466465783017,0.5167087282232413,0.24110458145583627,0.2299806576441985,0.3158686323097113,0.7428869066681085,0.22666388931156245,0.6965716017845767,0.5692600008820791,-0.19539776611789178,0.04866740536557598,0.30322229716947474,-0.05017939578917001,0.18983189783593135,0.24507413344868423,0.5422833881721547,0.5602582304868042,0.4781546655734774,0.3852368548095917,0.6912738861020037,0.6410982048724089,0.18927682391982428,0.15610708986811386,-0.14958504550330037,-0.1163392362142351,0.2315945571074954,0.20327709157763835,0.7132328952510445,0.7208585388195469,0.48345725669069145,-0.0953587724237207,0.48469991432185905,-0.10808059213397528,0.33313434382323703,0.24927788543067103,0.29095540109845813,0.391610038568688,0.34752390696144364,-0.02964094720703367,0.0929334167335851,0.14927996285666598,0.4331605610506016,0.039759931336832054,0.4809043124278096,-0.2892124245986413,0.40313082627005975,-0.41610806189071753,0.3656064303016957,-0.09339023845144345,-0.06819468398342403,-0.07416436406430466,0.3441421664554099,0.093570369452037,0.7905938120169744,0.31410989732532424,0.45963076655380775,0.2645775580354262,0.031321851005221335,0.4015574433036122,-0.26325440220766827,0.10962292971598177,0.5509822850461572,0.1482897780238122,0.6673907573518101,0.5580855919040103,-0.09539193085000106,-0.023996987196964817,-0.055537631544281776,0.3825067815166132,0.8033714264200416,0.6508729121165651,1.0,0.414499828491339,0.602472219722145,0.603980454028194,0.7393891861012462,0.40549170954089536,0.05281467856898332,-0.42163987915969225,-0.03533706139579077,-0.4479793445671304,-0.5289576835361551,0.4897339542155746,0.21384339632801064,-0.47405708831966414,0.633866414650678,-0.24112525911882596,-0.033563698026935984,-0.41203107876714656,-0.43396657086978796,-0.4848661203302263,0.37946417796284193,-0.28981452072261743,-0.5499301852907065,-0.5175687373400366,0.5287865365447961,0.5410444936362686,0.5763611967557408,-0.5442581517383669,0.48156057875437824,0.38567896680417346,0.4631195602109742,-0.3387328147116837,-0.4815220706915088,-0.5297802193233555,0.519723626713991,-0.5102093211833169
ROI_8112,0.19444609177445055,0.3121031947649007,0.2667590921777779,0.2715131808111614,0.15754695150805645,0.15474586971717957,0.2746604914294782,0.36684258652928586,0.18465453022935116,0.17559550080217362,0.17053950252582462,0.4437299975922324,0.2939167389308372,0.44368396258600473,0.344459950634316,0.49081696295140276,0.39971478430586777,0.6817900287107831,0.3510966810718636,0.41323214216168286,-0.2540488385122954,-0.1345413917334028,0.31337433557615063,0.295060399665431,0.29376656427388015,0.12733025507171192,0.14889146231568454,0.09368329023429488,0.5106015932557662,0.7054233906884346,0.38250711857715247,0.3546701315018527,0.2964083542466654,0.3979911608707002,0.42655294143697725,0.4643947878362298,0.09795012646875506,0.18917547638116547,-0.02156027707305812,0.2207014391439259,0.17902730591374336,0.30957151307462827,0.26179355106246727,0.30549431614687544,0.24480680635352506,0.21437842682423358,0.30808807527627297,0.31538684463835076,0.08800790309802324,0.12776103117476645,0.27735553977456145,0.3352052919500413,0.18606890028005296,0.28937165099821377,0.21221906966459333,0.2577750917039482,0.21904411672395965,0.3083063044142822,-0.05258992724927737,0.021903544291036674,0.08844214612895863,0.3463118138399144,0.27879638624324155,0.6339607604843961,0.21960449820598918,0.46294558588850937,0.15949595922712928,0.18727610221920865,0.19929554275384517,0.3131804638921648,0.2089024172271037,0.19463120263056827,0.37329310705783825,0.5630324966678819,0.20325547624712406,0.4757929033866974,0.4275866446489671,0.48229454790975845,0.43638926765243014,0.40926617406519405,0.41449982849133893,0.9999999999999999,0.34636466716859127,0.3707070351761238,0.5306476421298303,0.7076979860322662,0.20204472204315377,0.17506006946173686,0.2637670890054903,0.24587418264453115,0.12836784447903413,-0.14167363619471215,-0.1814006284525397,0.13471773136073237,0.3737935238993521,0.36073422857517157,0.4681513491493353,0.3413562395053304,0.24331951663034848,0.19893043134909702,-0.13885894411784186,0.05840935568338775,0.13199699538548376,0.13963453369339904,-0.14113694684939543,-0.1267170746183845,-0.11306165835983285,0.1498109308108931,-0.0035941040070967926,0.3699203674175445,0.2979470381624025,0.29062245837067857,0.1290407742345324,0.14588516340216742,-0.11092436271288232,0.15909471716629814
ROI_8121,0.12294003806828606,-0.05865186942506801,0.018328104085040542,-0.01247835607373199,0.214023740974028,0.3214689996474322,0.10908169010697724,0.002261054459368373,0.46956313476218936,0.3244514974627449,0.18502898601636633,0.15924404459069444,0.175994574908388,0.2351794996282734,0.6011317968938112,0.3702658848866975,0.28870528592712136,0.42621630524301235,-0.09920124671765027,0.051999336393784686,0.07339551472953829,-0.14227282875489014,0.07931188679857298,0.14648987534153796,0.4530399052023262,0.21618545211284726,0.19732816865892186,0.1773248123603796,0.5163698276700676,0.5496250766644005,0.07809856058122712,0.16876759098110478,-0.19346757214703086,-0.07390178959078798,0.15308858859418364,0.10050353454241266,0.5783095870392517,0.5081150535715886,0.2642786537199312,0.22094510210800675,0.6018946741576986,0.16904247952643575,0.3883011526712747,0.3246504179782344,0.29544742002268115,0.34159494530695245,0.41310917658508967,0.06638274654514607,0.10470959768234332,0.11923649858902081,0.27079718188410834,0.04331247605453432,0.40907660201779633,-0.23281632220721182,0.44444071026462073,-0.18558013404812337,0.20732469214103832,-0.07927668628117573,-0.00828945614031936,-0.019103081172707318,0.06472484208305052,-0.13187016770779392,0.44641380908281614,0.02407537803781171,0.1867554070372069,0.046001843227526075,0.04777945528166893,0.32018375230426216,-0.18651806553120245,-0.01108528499423534,0.23827655555826624,0.10683056244412156,0.42328585700055976,0.3945277087558487,0.06448280060928979,0.07643718632916102,-0.03140493538445536,0.22409611346359581,0.4330951957472754,0.44012523497291345,0.602472219722145,0.34636466716859127,1.0,0.7226677355762584,0.5511020516560338,0.38369293646907504,0.3738788294027194,-0.124744762486063,0.19133712525958158,-0.2335214254599,-0.3561710637348348,0.36437601539924686,0.2613476194267732,-0.3413865258184674,0.5695335393552583,-0.08802442966638892,-0.05252740052937631,-0.24239305921963963,-0.2816535827213264,-0.32932720386064146,0.22483390494145938,-0.11295512676972552,-0.3409737537436614,-0.3186272728276679,0.3265963295174103,0.32352025026932657,0.2993587535864158,-0.29364216950643895,0.15919218081110814,0.1637764733713058,0.07338891777502435,-0.3224483689752728,-0.3107680583335423,-0.33270950626086687,0.3113805587381036,-0.31602066991722433
ROI_8122,0.2544598183801014,-0.07606823970219094,0.11686037518543789,0.08336337540798909,0.3173311208131025,0.6641507672524339,0.17156952389536315,-0.011322862026799317,0.5457491161093581,0.5408502247757727,0.372844624028159,0.3458968901896438,0.20292671745094268,0.3889264155474312,0.6265792111033258,0.3612841691515685,0.29519672997390173,0.47616238769975955,-0.19002860636764154,0.10824255700114277,0.11010751534484822,-0.14087247125845867,0.0202649996116347,0.233938821498779,0.49252795729365256,0.4820458073753983,0.46041193508125383,0.3754629870318781,0.4803921272001759,0.6274651480335409,0.028285911682108693,0.12013264860410233,-0.18909334903340172,-0.010870740613784093,0.2506646810332166,0.09583802710373225,0.587802061651801,0.7748479885651932,0.4057487209493546,0.1421497812237467,0.6275967548577753,0.0016459971068074049,0.428521191161943,0.36704565706479453,0.2030259959196111,0.3101486607831674,0.37448421235975543,0.12035094282386206,0.04255718006525161,0.22141938758254123,0.37776191581403,0.1370890264572126,0.46792840227374494,-0.19161542532365436,0.39478735124804115,-0.2755317857665043,0.3263823684543182,0.054968293481744666,-0.11928772698050344,-0.06528213213385706,0.20970547254206873,-0.10623214027961174,0.5334356075858477,0.2289619127720318,0.14792585832595684,-0.07500634402972418,0.006151448413490261,0.24559972719859813,-0.23663121447704563,-0.06235667637846714,0.3399463667346376,0.2975731981756753,0.5910748266797687,0.6308535370892584,0.09679102471072763,0.008685593374745384,0.05390795311634577,0.4970975055183083,0.40148189883660246,0.6880005576267153,0.603980454028194,0.3707070351761238,0.7226677355762583,1.0,0.46371184488837436,0.4688459289112776,0.03576005888470023,-0.33792096395124127,-0.06628236220022739,-0.36255812761203254,-0.4317268585529339,0.44349977496579585,0.17182581090262153,-0.4512990681350421,0.6318931862134782,-0.07591893946412992,-0.008583123816628272,-0.37758552929082445,-0.3625200694724813,-0.43043999450172543,0.21093486864825084,-0.38148888665124675,-0.44855434236516245,-0.4789345693895042,0.41642535682494985,0.5018692948467147,0.4567108075210767,-0.46382605912161073,0.42439715734778444,0.3069007126322654,0.25690996067437705,-0.3099206300727148,-0.4609584458791315,-0.4669826933961086,0.4932688593155515,-0.45909205565120553
ROI_8201,0.41033424977611904,-0.011142939872681341,0.23284541656990396,0.11830245918738744,0.3039536588941864,0.4265619884381832,0.3991513763508843,0.12247582574753593,0.5247950670247056,0.2623091978384511,0.38593087880291754,0.3126587879973472,0.3737574987560134,0.3743467107994995,0.7143715377321951,0.29178939279071153,0.4114967857296191,0.49757525792411905,0.11370982221840856,0.2235079458087387,0.12442494033211869,-0.0879565143743931,0.3067563285632576,0.34237357797168744,0.582974001851543,0.455633427060757,0.36115545420013007,0.3975193632996332,0.5751275884284097,0.4936553243862078,0.12701939779168347,0.2060325982635121,0.02093011502661318,0.07505208549218938,0.5068131145990816,0.44336097901968335,0.4624850885657422,0.4787374071940995,0.4054507779321633,0.1624026739343238,0.48023597908377125,0.15716721305109427,0.5483221923026879,0.4698854700959613,0.531743202678568,0.540776041111199,0.5721290728418524,0.30878052298834563,0.28686179659799627,0.2907904488026966,0.6001363958872573,0.21142111389660767,0.5285434217808956,0.053361600372875816,0.5725534127538768,-0.05751525670349975,0.4304760973025511,0.043308905754096634,0.1251505560291129,0.07928237198964148,0.3877532727254688,0.13485622805091613,0.624897465487004,0.24977171317723237,0.585463650500095,0.40674401088914064,0.34634234845830086,0.5209374522868905,-0.028325040806432607,0.24957279183228825,0.41023022638968326,0.20912876439123187,0.5286364447408771,0.5530857587720361,0.2131479391207086,0.2611753883120534,0.22774081910513463,0.3572057480909685,0.5724322399300923,0.41212732632605853,0.7393891861012462,0.5306476421298303,0.5511020516560338,0.4637118448883744,1.0,0.6267932384670867,0.21101821668092552,-0.12311941664813376,0.3049857450960105,-0.13082144560075082,-0.20254061343336746,0.2026203066699424,-0.00626920377651232,-0.24113233099524478,0.5806770005807657,0.08850011272647144,0.3451113891657341,-0.08520023852652812,-0.05134270945299902,-0.1829577470556932,-0.004855535689868307,-0.2568319105472657,-0.2165121415001965,-0.25360235646365026,0.1635952591963492,0.2731846865485213,0.23065252499199973,-0.2142470325315723,0.3816506823535558,0.2973161508638521,0.3560433706251992,-0.02693027084598256,-0.2690287852412755,-0.2416828461211152,0.2902241112236769,-0.20762093052604988
ROI_8202,0.28340422466079906,0.2995405090135912,0.38929190021329246,0.3599471157652157,0.41249517731745095,0.3481378017595487,0.387020842263815,0.41512639117855576,0.2904530990016518,0.3584708140165867,0.17838459009773244,0.4582915864160315,0.2709154937442984,0.5008484835823359,0.38574423197116064,0.5595813633004643,0.2343327873453283,0.47651230286484153,0.359877822797271,0.515041901726044,-0.16265042042623015,-0.03709392971596969,0.3918593113684479,0.5508458395768895,0.4488450496227237,0.3095510140705092,0.3835727548219108,0.270423215644852,0.4503449585267285,0.5381316116286606,0.275712894547833,0.3623497278844987,0.33024032623692867,0.47244417872072575,0.6057722249789507,0.604986085876367,0.21958771478682151,0.3696009889517334,0.1237035642030155,0.3458834487728736,0.29829496005606854,0.2581629758652321,0.5303708402267099,0.5233621800814826,0.4098697836941033,0.4050938581517692,0.4942642026208784,0.45257186265733074,0.16563852832247003,0.2399717708070424,0.4857480591732107,0.49827815611231085,0.39673662124507675,0.3989630829344106,0.4285115095989865,0.25097350147796144,0.3346076656499121,0.3089710953536485,-0.015118616435843347,-0.0038228516126891563,0.2060349780849779,0.31224998349695393,0.2623127433242359,0.5709455662076932,0.31905024694441325,0.4790031783036933,0.37272895565065584,0.302152600678422,0.26028996774515817,0.2348854970512089,0.3038109597678866,0.45605095833294806,0.41444504182297304,0.518160272510451,0.2729642085073656,0.39595033470470237,0.538017705964454,0.566470803387289,0.29172653999400944,0.528361174716828,0.40549170954089536,0.7076979860322661,0.38369293646907504,0.4688459289112776,0.6267932384670868,1.0,0.14934476053050216,0.08719608591869503,0.2933083269167935,0.1658084302681462,0.09160372579288574,-0.07644541651913042,-0.15972851251271816,0.03202069318233747,0.4336839513363026,0.3102734051739221,0.4754221193726777,0.2142347414321521,0.2137460540301226,0.09853399874097342,-0.19323400078627787,-0.18072162177603668,0.07932569739160622,0.025819597369444867,-0.11876420094739007,-0.012425637253753535,-0.0643464059462093,0.05034757942313968,0.170032692263736,0.4677942352386218,0.32275223392692165,0.22738137761150337,0.002430831593475308,0.053005326725614414,0.004890479775109724,0.07783955580241514
ROI_8211,-0.22046938941662417,0.09784712413884462,0.015129094553267226,-0.03967902032690601,0.10293050499925757,-0.2818174595075424,-0.021072913786165652,0.09575338893922089,0.26997898485659605,0.16283675456406266,-0.1523158634357955,0.09504354958132728,0.15960361331124437,0.08892045485755741,0.32299697930778526,0.5105439015682962,0.07599183165671933,0.023284253802927337,0.2301558846279389,0.1548685090139652,-0.40858030973518294,-0.4236148729451297,0.24599423755316072,0.044084799608746526,0.18768115576086125,-0.36603108385922867,-0.4151713134871067,-0.16880982728882182,0.14643252556825928,0.18775599711262653,0.307151690308491,0.27827608571861523,0.21998071827665086,0.10797257781602687,0.2961037378629446,0.23818286815571488,0.004478709841770369,-0.25052554275877276,-0.019229540212345613,0.5752199316416893,0.04401671991872674,0.6421848859213952,0.1249718121913876,0.03865982749635193,0.2931882375355097,0.18423258367184364,0.3171858816095963,0.032780908006464965,0.31583702565137917,0.08447873486899402,0.06465818951361936,0.1773905751144156,-0.1043664322535527,0.024817040779227053,0.4326730914767275,0.3640733090661416,-0.07691578438459157,-0.07252738046583292,0.39484563164823117,0.1511112137615528,-0.024286604556767323,0.15919295873152964,0.04028150118039604,0.021657280786476905,0.1960392176312214,0.32597929913293233,0.3864279519144776,0.1867919876022407,0.1168286570687034,0.038923215504575,-0.009892693326206995,0.0497459557225439,-0.02434120718120464,0.1680164634008764,0.3861249322679696,0.5129753356035489,0.0853362369628115,-0.08303613313731845,0.17342966101682467,-0.06264025258007029,0.052814678568983316,0.20204472204315377,0.3738788294027194,0.03576005888470023,0.21101821668092552,0.14934476053050214,1.0,0.6858801401351051,0.7254365550969265,0.4522290328334671,0.08128022122112753,-0.05833759434038276,0.23992539672199653,0.09912583844737781,0.033414174863238534,0.23376968797160966,0.16093356276720897,0.38664465379509816,0.13888614957011694,0.20615440813480493,-0.10251522117043274,0.4208852025925127,0.2009247337158279,0.2718216883276661,-0.2039555191244509,-0.30538446225658133,-0.34748883272644887,0.4135206817449342,-0.23207293520331346,-0.019472327230515774,-0.253301715310507,0.036433506650222235,0.21673499751836647,0.22844324506065403,-0.28713139387075803,0.27626918192732697
ROI_8212,-0.37791744633770574,0.28449219544470356,0.0269606130639599,0.044351306488999216,0.09875707067281658,-0.4981855035141,-0.0953700307384138,0.20734143310493938,-0.10762628409982365,0.03680835735648964,-0.42288528112216245,0.014229809621645554,0.06160934824691441,-0.08077775699471212,-0.0984827464618418,0.4615306273068749,-0.21844411263172295,-0.25642169092340494,0.478624520894268,0.3059197680551643,-0.6833538196549556,-0.258145742705651,0.18038518620970642,-0.03244055006662366,-0.0778111353977472,-0.6178493498523426,-0.4596436414235156,-0.2787097940002374,-0.1976691902988301,-0.08374998805252029,0.28590176689114305,0.2729121081957051,0.4896326997358671,0.38828224535999034,0.29640853889223356,0.2795674905004299,-0.5304362997989012,-0.6889237380946511,-0.4509378432917394,0.7205438164980086,-0.26579744814086403,0.7451355607859645,-0.04002969409954896,-0.05059027498220152,0.11149976645041679,-0.09363261235560769,0.09909493673327514,0.2077738054276453,0.2338127727893525,-0.008414500249575298,-0.11571488043028687,0.25626678697330985,-0.3404265750582858,0.47055819765615925,0.07610351597568661,0.8004294346990422,-0.23531124016975694,0.1245666329441237,0.3469447227897555,0.08477749297430687,-0.18745121254447944,0.2145828593693799,-0.456315171406031,-0.0005255456161529063,-0.02837281187440289,0.2491082065625344,0.3317264979167585,-0.10985492916857481,0.4047215797832173,0.08634917361384951,-0.15586363781971968,0.19611359271899162,-0.3876572510400503,-0.07924536608143232,0.5636866088339252,0.6469184115738369,0.3253528452473674,-0.16840554858617443,-0.15988987445271255,-0.3195894858652929,-0.42163987915969225,0.17506006946173686,-0.124744762486063,-0.33792096395124127,-0.12311941664813376,0.08719608591869503,0.685880140135105,1.0,0.745938159527283,0.8978953946190492,0.6231370437571263,-0.5865643239255962,-0.14407655850428278,0.5916955214790249,-0.2881827649073298,0.6615430665030542,0.4557178275080055,0.8361883957370264,0.6301395706331316,0.7172289161429806,-0.5315585462893881,0.569280429951825,0.7384664035958085,0.7593340672929829,-0.7350236343285322,-0.7929554260415809,-0.8547574942840747,0.8989486818549212,-0.5351379648643242,-0.12157127997547997,-0.3879999628648759,0.5292980120074247,0.6746262492923987,0.7402322895967823,-0.7462036022393468,0.778849585027171
ROI_8301,-0.12558591764356242,0.15108283937242709,0.12280985417530671,0.1263956252301709,0.2306098067833402,-0.15844849927186136,0.11116319671306493,0.20419177357384163,0.21346945122713265,0.05879984011560255,-0.1576326368811238,0.069580439146178,0.19195274138062088,0.019400587885354297,0.29484844755767725,0.42822331640350814,-0.0363592102883777,-0.06750234889071204,0.3667126505363982,0.31326086765516115,-0.36769152996138027,-0.13645615687942123,0.2271754610247712,0.04457989997991057,0.1617002978222234,-0.2538525788516028,-0.14386558468251853,0.10803011616740711,0.08680021393188038,0.1064272384414922,0.26782188326463224,0.27560642866207086,0.38345081560490407,0.30727198310367465,0.3870597037662801,0.3460699334270134,-0.1388120975033857,-0.34193247856112496,-0.1311369737851124,0.7123401621521696,0.13465979265949865,0.7493059059673396,0.28864398885707054,0.26967693356222544,0.43887101265377076,0.31632339844877516,0.48270391531619394,0.4621566967174654,0.3994997604931791,0.23602496062653583,0.2594014063418612,0.2769683323821625,0.09546206546892401,0.505904561812173,0.4988618452189954,0.7215498745574389,-0.02528725564274459,0.0120903181150678,0.39665242897565073,0.18854462724259555,0.044195095210277466,0.1694518775637445,-0.036784359509605846,0.036615038816893146,0.24927326953040937,0.3001580512296296,0.44710937554945046,0.30763486062330053,0.27780456357105665,0.23298623083472514,0.07257219541525395,0.24853431362791106,-0.027425227556266946,0.18851726045368744,0.5968044165956065,0.5932749506446693,0.2918215124414536,-0.022145444113060294,0.03561296021095233,-0.13831819841854617,-0.03533706139579077,0.2637670890054903,0.19133712525958158,-0.06628236220022739,0.3049857450960105,0.29330832691679354,0.7254365550969265,0.7459381595272829,1.0,0.7243861525308769,0.4731917922425843,-0.4714945935082505,-0.2602944340413032,0.43060440167452807,0.06725443902223825,0.5850534099187081,0.5716135727744182,0.638173780783156,0.5449912944961405,0.5644281981875353,-0.5303755747077663,0.33604220474234686,0.5537816888615977,0.5421377228523679,-0.5925589781230775,-0.5460659358584976,-0.6175674340844194,0.6692226028803163,-0.25176526360644386,-0.00451425994276173,-0.28697358468961903,0.4986261467217809,0.45057071795357606,0.5389496063850564,-0.4909114785384944,0.5970739468284716
ROI_8302,-0.2582625487730712,0.4173049259576009,0.14581862996610856,0.226021996248215,0.09671666909937933,-0.42405390365729856,-0.007374113237841876,0.3288180351868846,-0.261862211664544,-0.08652799418693131,-0.3950561039455634,0.07976090950214366,0.09459553810880485,-0.08203845962568139,-0.21231873092749973,0.3776004260478215,-0.1563341191588134,-0.23143778541937104,0.544018139525789,0.41448974339130373,-0.5505987228302204,-0.002667283305697752,0.21116149941146353,0.04058199824398665,-0.14343932481471064,-0.519762039207104,-0.2456839706263047,-0.15937411984094824,-0.16436974977652113,-0.08322758422914243,0.34412375775579174,0.27892780114731386,0.5837132522592442,0.5236230224251467,0.3452555171124535,0.34100934998291216,-0.5905072433107165,-0.6801501257577598,-0.5924669927792121,0.6372407018570264,-0.2470557320294293,0.7188315692523649,-0.023471117402943813,0.03720159406466049,0.117975388935503,-0.08287175146238958,0.12247428561692396,0.43313027883684585,0.20045928099516558,0.052843620208642694,-0.04558511923054119,0.2759305070637446,-0.24862796203435394,0.7523170248185204,-0.019326086376069408,0.957421224802977,-0.15958640282142503,0.2693564778931704,0.2520375289868737,0.11577555858905611,-0.18290910214044082,0.2639018552909339,-0.5004218109587288,0.10870202170905822,-0.030093581031447693,0.21451045250732834,0.2622043419053427,-0.11600438290627771,0.47945061560977265,0.18702198545860518,-0.19473343702120502,0.2487262891115958,-0.3384283714127716,-0.09056067061479871,0.5256629656476672,0.611308619971336,0.4292784550207643,-0.05254663778899427,-0.19830136931323952,-0.3191785960925894,-0.4479793445671304,0.24587418264453112,-0.2335214254599,-0.36255812761203254,-0.13082144560075085,0.1658084302681462,0.45222903283346716,0.8978953946190493,0.7243861525308769,1.0,0.8564066938778674,-0.8532972641257126,-0.5083700148917152,0.8299062772831451,-0.3210857162608546,0.7381446381266438,0.6164958725497766,0.9393633164630109,0.8572580455515779,0.9264060478544663,-0.6809232900063907,0.5482539070800774,0.9193462489085493,0.9162040989130967,-0.9078979123263209,-0.923101019197484,-0.9476825808079049,0.9771007217224171,-0.6132230072873991,-0.11292138143587939,-0.4206288419055365,0.8056953958379065,0.8410719039333742,0.9201415962281332,-0.8742293152831087,0.9464305948832862
ROI_9001,-0.13581780481001035,0.44638597182507295,0.22295001443070606,0.34011703237616736,0.0027429059447262607,-0.3401166795147017,0.06201867455215554,0.3897859485662091,-0.46300465543014785,-0.228479916396972,-0.3375829084422974,0.054366611541471946,0.11736376327928355,-0.13140223836565057,-0.37829949976246247,0.13585305431868866,-0.1660888416716247,-0.31175448648656734,0.5295346889145706,0.38666839194350017,-0.3637461170253614,0.24855602013229783,0.1586885941731951,0.10607446354937868,-0.21839161160054923,-0.38055886300862957,-0.08904817461492784,-0.11092415824416493,-0.18335108189033372,-0.20994854170060293,0.27622298386918354,0.22162868114695805,0.5600000207977638,0.5302128526178052,0.228913573890771,0.23991742198328636,-0.701773137280972,-0.6604203626795371,-0.6880928719313595,0.3706008091364564,-0.25882855463916193,0.45851963631489884,-0.11925105744952676,0.006344145988834247,0.013904905434388132,-0.16127314658034103,-0.013621384914501364,0.49153219572398754,0.048736938052389,-0.01703913019779745,-0.10966032479016115,0.13154011056562112,-0.2600989927040638,0.8104789802069342,-0.28030418275509816,0.889461542952345,-0.141185414784639,0.3045113025526343,0.057185203002584305,0.07713902048720282,-0.2241664347968514,0.21633807262984084,-0.5755223072799993,0.058828984822839665,-0.09417608784591464,0.07288450656670742,0.11562375317429137,-0.20582430663032572,0.5300892788651375,0.21991262266507128,-0.2918691243045151,0.23908072657707602,-0.3361894714505787,-0.22862825748500157,0.4044513342011973,0.35430933804899584,0.4071586230122278,-0.05781262505154677,-0.3001875762060242,-0.39940035420279435,-0.5289576835361552,0.12836784447903413,-0.3561710637348348,-0.4317268585529339,-0.20254061343336746,0.09160372579288575,0.08128022122112755,0.6231370437571263,0.4731917922425843,0.8564066938778674,1.0,-0.9748777711055671,-0.7696460138356329,0.9445005935388272,-0.4258392944486119,0.6619845323762119,0.6349043518551052,0.8555296896848646,0.9687421376999144,0.9689279945094108,-0.7561857619545952,0.4315926226687936,0.9844088529684005,0.9281026639268326,-0.9456522492079061,-0.9139186565094217,-0.9235001034558467,0.8857865623463841,-0.6421868595650243,-0.18851450476088347,-0.47662357135536415,0.9205437185665579,0.8865461914622286,0.9641645938938831,-0.877242176705915,0.9599808548874733
ROI_9002,0.09105525033149751,-0.47409327204672974,-0.22708041803531986,-0.3708228627238095,0.04224477052986686,0.3679310762515936,-0.07069671274623475,-0.38709829246736666,0.493763376037045,0.32087777433288356,0.31653006762845454,-0.052808633426176574,-0.08657560629691514,0.15722583983527988,0.4061877658235865,-0.08603520030729518,0.1278937124697089,0.29745329144435606,-0.5177092193882405,-0.4044563658989709,0.27521436117893144,-0.31539068704423756,-0.16608286186577023,-0.07989598161360595,0.259886787555816,0.38456091322512465,0.057125730934852785,0.10114044620701286,0.19191519308096971,0.19291721746094753,-0.266107442700812,-0.14663348304090507,-0.5537656295318828,-0.5068421550339601,-0.20480570046104352,-0.23944169766165607,0.6302536665192134,0.6391683888601806,0.6776484904085545,-0.30605447082263476,0.2770263778377446,-0.45751228120247484,0.1145499908232799,-0.031044834904532925,-0.03714543791514668,0.13494937905845847,-0.014431837009173863,-0.513932493712013,-0.06308130085372886,-0.007205206669376679,0.055167769902167714,-0.12079824952217721,0.19016073555640445,-0.8306366359524905,0.24097493842814305,-0.8855176280788891,0.08792118390031502,-0.3321572219164282,-0.08159498493193637,-0.10168113258599187,0.2058134887183418,-0.20723811323685623,0.5375936269478622,-0.06877979481380476,0.07318503630392013,-0.05600169615801918,-0.08845254264615661,0.15335183676861572,-0.5182335478890778,-0.30562131645377094,0.26948338775581865,-0.16564752492610155,0.3349061260936768,0.23298766256508635,-0.30807705307163546,-0.3328230640787058,-0.3786582698045952,0.03579705367641602,0.29436193484840134,0.3918776129616579,0.4897339542155746,-0.14167363619471215,0.36437601539924686,0.44349977496579585,0.2026203066699424,-0.07644541651913044,-0.05833759434038277,-0.5865643239255962,-0.4714945935082505,-0.8532972641257125,-0.9748777711055671,1.0,0.7939240541169311,-0.9698675324514228,0.4129285678130448,-0.6204437353320594,-0.5966586595665869,-0.8501743333020084,-0.938279249920696,-0.9769044314663782,0.6834788028772478,-0.48936735669075687,-0.9601684421431009,-0.9372691707415002,0.9146867927375357,0.9175918626411236,0.8799573326900227,-0.8699236628762897,0.6187835833638611,0.14783590625003104,0.4427845517314278,-0.9116386439756544,-0.9036188689303059,-0.9620780968823537,0.8875605020605274,-0.9529869906874473
ROI_9011,-0.09786341429204454,-0.265132890229599,-0.22286955317400511,-0.33953501734671615,-0.04628395843154702,-0.055123891075918585,-0.1395302046661706,-0.28458360905531477,0.30501246632553797,0.24643021059155443,0.07921621686286018,-0.09675651014832959,-0.11934054253289539,0.05717646681285423,0.15724757167952427,0.06817218647951173,-0.029836644875302104,0.07078094068602912,-0.2834762474670241,-0.28894235186024386,0.0007321033614624627,-0.4477179811279695,-0.029709329422260393,-0.11085859593935919,0.0736851169311879,-0.0708086331577344,-0.2807704498156348,-0.29762156054001004,-0.04008723217466441,0.03594923444741778,-0.17248363075900155,-0.1475639648155518,-0.32611857318110543,-0.3781213096531974,-0.15954671369125412,-0.18340411706407814,0.36564714395964765,0.29362150461396214,0.36227487143924547,-0.16583619464371874,-0.10300813244941999,-0.22821612899262902,-0.05083681240139877,-0.18755287456191422,-0.08022136692189111,-0.00691332471812783,-0.11438024913079667,-0.5886925562310745,0.030230590884354938,-0.0433243841995514,-0.07729971314489731,-0.027893913797675654,-0.05182259609548371,-0.7764442226978903,0.14655761666823486,-0.6356727146665563,-0.025713071338088735,-0.2101040068636199,0.19192987977068615,-0.013094421120384017,0.13888380537766376,-0.08544454414189401,0.25834997801465026,-0.12350337755046081,0.03500089232223433,0.017880154628969042,0.04711986202672218,-0.0006382961918050036,-0.31508669083326274,-0.2917644225503134,0.14355709148445353,-0.24299054900995878,0.02095669374056187,0.026464575078851863,-0.32345496393096795,-0.13097072040644364,-0.2696685612368516,-0.06715547362874619,0.15404272604351063,0.14471758624450382,0.21384339632801067,-0.1814006284525397,0.2613476194267732,0.1718258109026215,-0.00626920377651232,-0.15972851251271816,0.23992539672199653,-0.14407655850428275,-0.26029443404130326,-0.5083700148917152,-0.769646013835633,0.7939240541169311,1.0,-0.687403150783667,0.15818561159196998,-0.5256565936791984,-0.6216477299461827,-0.4837232140181958,-0.7738138817192006,-0.7094130272514855,0.7215017101133483,-0.013097418089499125,-0.6889944983916174,-0.565138506211236,0.7158929636504737,0.5143423522979311,0.544814006438697,-0.515940494862632,0.3369431192401421,0.1861608854581989,0.35684606906655664,-0.8442909963636769,-0.5214675676501825,-0.6355556940979836,0.45981115850918397,-0.6339601772847356
ROI_9012,-0.09658120173552004,0.5054296447732195,0.24293470296469605,0.39304962787547926,-0.05944346313312207,-0.41894552244915095,0.07124697344426728,0.40481436034434076,-0.5093054180573465,-0.30452916441175004,-0.30782967477716283,0.05834888011975173,0.09682338516459882,-0.15188197675127924,-0.43555063086909784,0.12130631310355917,-0.0881557954561726,-0.3103414106250377,0.5326120909051607,0.4098248520100316,-0.24769657268600145,0.30590603825311086,0.23818159873592354,0.10571836321331494,-0.2805059889750806,-0.4267618531526424,-0.08368592910812889,-0.2079548288313225,-0.20894042453335857,-0.18371754607528784,0.31051361448628084,0.1379787953936074,0.5612431668752544,0.47758180008544676,0.17854742092360568,0.19823481872667956,-0.6261700512218906,-0.6219422177928384,-0.7378216278850687,0.21941267873354536,-0.3898140316416107,0.41767439962125336,-0.21415829154815577,-0.07072051935306907,-0.019773292379312767,-0.20439116365752708,-0.052887841996574675,0.41429857786618673,0.03514925210358743,-0.039526868530404574,-0.11126920211518644,0.0783311032774132,-0.25365665250215,0.7265985471849871,-0.32459723679178715,0.8364354746955668,-0.0918260050284654,0.3578492896370334,0.11850899241943258,0.11310317538643704,-0.19851571389190684,0.2601241857862513,-0.5366935105973432,0.07172644717747793,-0.048035396326162355,0.07186864287399895,0.059891971716802196,-0.22571925372970192,0.5066240620176234,0.28577909763622167,-0.2739009403012923,0.09749323367291125,-0.3611335693120039,-0.28378624523194257,0.17705264401853463,0.29193357265417924,0.32334809356533833,-0.045839342042870594,-0.26423237202488836,-0.4036407206908494,-0.47405708831966414,0.13471773136073237,-0.3413865258184674,-0.4512990681350421,-0.24113233099524475,0.032020693182337474,0.0991258384473778,0.5916955214790249,0.43060440167452807,0.8299062772831451,0.9445005935388271,-0.9698675324514229,-0.687403150783667,1.0,-0.464196464434028,0.5172850638457495,0.48992868938325534,0.8602421764761732,0.8856884453021283,0.9634545141161177,-0.5284229364341928,0.6431286228266834,0.9349451754294896,0.9707434145042552,-0.8342533402640937,-0.9520043661082281,-0.8535441416408008,0.8446673955964249,-0.6445093815939966,-0.08899007892647892,-0.41921590761766103,0.8431578127326567,0.9737038957032063,0.9737234483682409,-0.9531655197442406,0.9463410677726529
ROI_9021,0.1627812414010985,-0.2362216183966246,0.0386357789039514,-0.07403169240811072,0.23934692969997545,0.4985932154673435,0.14738566524672608,-0.13582778013681324,0.483329425106224,0.2919755338374056,0.31234476370984793,0.10224638153427484,0.06599905431202954,0.19258676035690092,0.5679706707379837,0.17570742331530556,0.2630210286469742,0.4625638704556346,-0.201680128073999,0.06916918644087576,0.11071714405993806,-0.07386870352406788,-0.0012211882758661507,0.10591972642990548,0.48466654156658723,0.45692376635745763,0.36710225847839006,0.414372151126229,0.4341381729862678,0.523781602378248,-0.04463592404702885,0.1028071016498799,-0.19029145429992408,-0.05734948780306611,0.15014625302817539,0.14121052757503527,0.6164066712180776,0.6377025399770346,0.5407893276007623,0.17012560112920724,0.6104430610797983,-0.020191965560958272,0.3944028240643585,0.3560775848339177,0.271314323679508,0.3911608265844349,0.37363343524068937,0.11285882244026667,0.07803131005311521,0.1720217765394432,0.39021835497150736,0.13834055434370549,0.5369536174725846,-0.152277110505123,0.46478648251304017,-0.2606036206640246,0.19438106024586743,-0.1253848402039443,-0.08587178442428228,-0.14816263304260674,0.19718938287111418,-0.141502818590504,0.5033326131144857,0.10799575957577523,0.23147304522679443,0.04922926878962848,0.02894578065852508,0.39200769050572926,-0.15849858199383046,0.131863806083628,0.42303723133015436,0.20797016980995872,0.5130630666348958,0.54657872545365,0.09337750637359767,0.05030708469101182,0.05519951199825706,0.356730283220542,0.4969692894973474,0.5360813843080823,0.6338664146506778,0.3737935238993521,0.5695335393552583,0.6318931862134782,0.5806770005807657,0.43368395133630266,0.033414174863238534,-0.2881827649073298,0.06725443902223825,-0.3210857162608546,-0.4258392944486119,0.4129285678130448,0.15818561159196998,-0.464196464434028,1.0,0.08792600384040661,0.21430682539109164,-0.2917692034525594,-0.3120468404445704,-0.4045293160356611,0.1117251295533431,-0.4247922278544514,-0.4300136811787541,-0.4748226532536815,0.34903598663329977,0.495916237862698,0.43650778039148214,-0.4058492489885771,0.5354039986537364,0.3965211459400201,0.5137011175651763,-0.2136207894674803,-0.4932431178653449,-0.4617138363663609,0.5123641414942158,-0.42126016141946954
ROI_9022,-0.21241324597331515,0.1936835913557147,0.11840179212809061,0.10747238119905134,0.16207443575640024,-0.10210849205198261,0.025119234174507864,0.18272533472737224,-0.05573219356133072,0.05108522159535878,-0.24376943099041945,0.06154673460936174,0.07551084222370863,-0.028313033946960105,0.015916526573080028,0.2822355886765243,-0.20275548036466629,-0.05117848458322416,0.38576467753505117,0.36636484083807846,-0.5774179814453128,-0.08632663933440386,0.006831771334189482,0.03263884544027479,0.10450492926102681,-0.21305839209092275,-0.08776826866258483,0.12242731136818276,-0.04652512488769944,0.06311023047134158,0.11748679566717025,0.29504650655730025,0.391810133176002,0.4584661607246626,0.31300563569636647,0.3477316920172459,-0.3745244960173814,-0.38335618229443935,-0.19780148020754773,0.6959106591932716,0.1079909093272499,0.5809563283730635,0.16464325191819504,0.20383431160921858,0.1677225564308543,0.024075872203836,0.22288241242357734,0.49857880453298453,0.15373586198558634,0.06317369286249207,0.07393295238922323,0.28584075640855916,0.006640843480329253,0.6856194381585499,0.12754035547955248,0.7787726593742755,-0.1477597187943947,0.11157179919525434,0.03971602787102807,-0.09087303687149682,-0.2056469385769826,-0.007351303511370559,-0.31150329511061675,0.04862658421714494,-0.08178414079597648,0.10470161748323359,0.24538079525420353,0.05174374961623073,0.4630993297434199,0.24510620760247126,-0.005404755186046465,0.42229858379699203,-0.07679152314418626,0.24574420223451848,0.7400641754953982,0.6003553084499204,0.5040638434681644,0.13680982164194508,-0.09882904151387856,-0.050024474094292094,-0.24112525911882596,0.36073422857517157,-0.08802442966638892,-0.0759189394641299,0.08850011272647146,0.3102734051739221,0.23376968797160963,0.6615430665030542,0.5850534099187081,0.7381446381266439,0.6619845323762119,-0.6204437353320593,-0.5256565936791984,0.5172850638457495,0.08792600384040661,1.0,0.8043415228174723,0.7305948862693203,0.7211041589134042,0.6800327292041561,-0.7944559714048903,0.09145385360142717,0.6985138524971164,0.5840693475071919,-0.7689402991466457,-0.5772053840849288,-0.7167145310933873,0.7309177896726007,-0.22111320749959504,0.012077226835368965,-0.150541783788696,0.741149502866962,0.4792980983056891,0.6262432660192978,-0.49154650353531976,0.6808638785609367
ROI_9031,0.04754131709169681,0.3230817663833657,0.320729121855379,0.2938806053125906,0.1509038032443347,0.07203771357347957,0.229077807109968,0.33167537179351414,0.013854862800598998,0.03626237692908525,-0.03958647609452669,0.22320610324384013,0.25818426628747904,0.1540089574519406,0.1394020689872988,0.29487191431770055,0.10493955328717627,0.1447678567797901,0.44727731389760755,0.478288942764274,-0.4271702592730133,-0.022116280023619,0.19012918787014063,0.25266113145315583,0.21846666142578738,0.010940072234058887,0.07280472589160845,0.21474151015012205,0.24671204075015918,0.22018191197850542,0.2644717584547676,0.3829712895586054,0.46105498683637347,0.5509920959710372,0.46527996537874383,0.4971313043484103,-0.3153777301435805,-0.21437832254622052,-0.0834398082470974,0.5250029469751568,0.12754913385620054,0.47750046958633907,0.28049885599816954,0.3641198454725712,0.29821776000583006,0.24124975284812866,0.3631052375036154,0.6341324575860365,0.19479883922074082,0.20043616360055008,0.272387180578452,0.35937635071547286,0.06783433795312734,0.687831907863046,0.19878251862568327,0.6927208726484517,0.07882088247673245,0.24481464202691902,0.03460040319194835,0.02798687712027802,-0.030504936715872944,0.15929315969815283,-0.12044009868081425,0.2388974930322117,0.13929598759794282,0.26081951985526547,0.33393362309836155,0.2417811977957856,0.495189345382463,0.39242172985036067,0.025777583565602148,0.42085949047081633,0.16751980095734978,0.3523959789922511,0.6283452946893483,0.5761351102773613,0.6105499047057387,0.3055243535933872,0.07770349066001132,0.018779477647998154,-0.03356369802693599,0.4681513491493353,-0.052527400529376315,-0.008583123816628273,0.3451113891657341,0.4754221193726777,0.16093356276720897,0.4557178275080055,0.5716135727744182,0.6164958725497766,0.6349043518551052,-0.5966586595665869,-0.6216477299461827,0.48992868938325534,0.21430682539109164,0.8043415228174723,1.0,0.6609460127346302,0.7592427240922331,0.6201227613916774,-0.7663633651866313,-0.005062979777979083,0.6270369980050212,0.49043234723735035,-0.6961875646025619,-0.47513308869693893,-0.5906059159075722,0.5833744283255307,-0.09730084879208198,0.1741462574709538,0.037558963160055754,0.7614586483113365,0.4007972036450182,0.5513546823433718,-0.40017942100529397,0.5914097492780611
ROI_9032,-0.1582599940510039,0.49419475416188263,0.262611676709286,0.32671292197742574,-0.001960872165318812,-0.4623339916900725,0.09193996436155297,0.41672170903919425,-0.3272667551005042,-0.1601298737014449,-0.3191792404432705,0.12415050071972306,0.14679659843316784,-0.04099539308926597,-0.27149960057398703,0.32897719522264857,-0.10547329654873779,-0.1565222396440682,0.6308201105281697,0.49077511927514517,-0.545611821705615,-0.026658257436055367,0.30277720679473047,0.1340625555700406,-0.14950849209006162,-0.5126075466524946,-0.27149537826653003,-0.2750658702385476,-0.12866310910708012,-0.03887943304823194,0.3593698457390539,0.2746021512890194,0.6275582349383452,0.5648342853119899,0.3469370407356173,0.3870687774775585,-0.6064876499088134,-0.6306632896791816,-0.5950608986348116,0.4884633254226592,-0.3569131668863656,0.6354900003153439,-0.059281839917705824,0.04018942196605112,0.11624793802911815,-0.08018685095635482,0.10721881676497698,0.4456085839795191,0.2106709316173343,0.06100909545963605,-0.0034721388658259266,0.31555592598269305,-0.2450674053268871,0.7125247246535356,-0.07675112621870671,0.9098581769426203,-0.09762963194372234,0.3410997453089621,0.26480817271642043,0.13475843061448775,-0.1563448285114648,0.30374359950871244,-0.4521110681363826,0.17162114673141105,0.008082640551335096,0.25533869482910015,0.2949554225188139,-0.09267741005032172,0.5678503154888094,0.30127044649888846,-0.1891845373827112,0.16130221124247712,-0.2775172303447424,-0.04895283573971444,0.4051888276273777,0.6135511657471265,0.5150912378046653,0.0639718134210982,-0.1731843514506925,-0.33148449142936875,-0.41203107876714656,0.34135623950533034,-0.24239305921963966,-0.37758552929082445,-0.08520023852652812,0.2142347414321521,0.3866446537950982,0.8361883957370264,0.638173780783156,0.939363316463011,0.8555296896848646,-0.8501743333020084,-0.4837232140181958,0.8602421764761732,-0.2917692034525594,0.7305948862693205,0.6609460127346303,0.9999999999999998,0.8709134865532627,0.927855277800902,-0.587362984079141,0.6320936877738567,0.8995590959066164,0.9256040733983479,-0.848814306932359,-0.9307999038404471,-0.9026389687585316,0.926420523015808,-0.5684317304176743,0.060608668067672206,-0.24411920149122476,0.8146512500138015,0.8829905603473847,0.9231454935761065,-0.9030244402467348,0.9308223404127798
ROI_9041,-0.06329050321335529,0.4718376365215268,0.2790657375707545,0.37567977439878975,0.021912943327649086,-0.2699138697052147,0.1374889943963444,0.43535361895026675,-0.37016128186250935,-0.18971595197305066,-0.2858155137654384,0.11687900586924463,0.17913856395301267,-0.04501488777255769,-0.26239230192835666,0.18323749185660274,-0.09552398463165812,-0.1716488611688242,0.5693327623744828,0.441920399144398,-0.39880939064177706,0.18596600796285664,0.2087406160339918,0.16387429077636556,-0.1275313228245099,-0.31792120299039067,-0.08038168021100553,-0.04605092240005734,-0.07062455365811789,-0.11147639079155551,0.30362436999324693,0.27865255703149705,0.5771693484634973,0.5795922395492986,0.329689055281882,0.3661178586282255,-0.6416583518334051,-0.5976848741766901,-0.5831558198306195,0.43616450478767466,-0.16576266873100645,0.5148946812208782,0.029408947410509197,0.1463804482449744,0.1404269369240057,-0.03359582779396714,0.13900093295448826,0.6048295401350223,0.14753705672372577,0.08393698410316733,0.02415586295625105,0.24398037522819652,-0.1680895060305822,0.8446109913716757,-0.12588262943433745,0.9103147439413732,-0.05216109366283075,0.33259161416089245,0.0989745757730684,0.13439070467432815,-0.16620968186958943,0.24887551773726369,-0.47368240477682144,0.1371830660441029,-0.019861698870212843,0.17063660274573067,0.23174678087269965,-0.05329632407777959,0.5262598601181662,0.2888276273214038,-0.23553798144114999,0.27327651019416543,-0.22315265180383462,-0.09224488749987135,0.4855486810385483,0.46158209773118475,0.49100043519311287,0.02502336827839797,-0.2203239339124995,-0.3365881228311854,-0.433966570869788,0.2433195166303485,-0.2816535827213264,-0.36252006947248133,-0.05134270945299902,0.21374605403012262,0.13888614957011694,0.6301395706331316,0.5449912944961405,0.8572580455515779,0.9687421376999144,-0.938279249920696,-0.7738138817192006,0.8856884453021284,-0.3120468404445704,0.7211041589134042,0.7592427240922331,0.8709134865532626,0.9999999999999999,0.9474848122118094,-0.7984162439470387,0.37071338830037104,0.951828914540542,0.8765643504951197,-0.9387171318399227,-0.862655281399561,-0.8979902360346899,0.867865805842875,-0.5847860623487817,-0.1390327561337336,-0.3959370579642188,0.9427297154358516,0.8191886079915025,0.9194989063507208,-0.8126720170231463,0.9256214678324476
ROI_9042,-0.14996543923529745,0.46959961746242185,0.21434069701017727,0.3388322362919759,-0.011220544469610332,-0.4054414311255879,0.05025480670263388,0.38663164038457737,-0.4281693208899712,-0.2496001082114103,-0.34507009609876743,0.07055351721557691,0.10534303328578945,-0.12722789143766966,-0.34789635458118,0.18396118182789703,-0.12728103569700913,-0.2655477705060289,0.5490665644269487,0.41700538176115326,-0.3888466876216587,0.19060663373460066,0.20095669963796436,0.07256749917327054,-0.22190130859688095,-0.4436657837640317,-0.14218503578927438,-0.14924645790563928,-0.18191796812679017,-0.14942048927562365,0.31176634572642176,0.2003119880744911,0.5792771057287134,0.5178824726798545,0.2612178891424378,0.28500010968109696,-0.6472202937535071,-0.6706060728311074,-0.6776854571294666,0.40890816237185496,-0.2961526798490149,0.5494424640402857,-0.097968722377204,0.022078064799729753,0.06608478018939838,-0.13093968814932502,0.05432304984862786,0.5026791164282653,0.12560870245916098,0.023088807861655188,-0.05343029646757704,0.18111302449414268,-0.22863626180092017,0.8121631754778492,-0.18856881789993862,0.9364084200247251,-0.11745565612249982,0.32403476295147765,0.1487592274518805,0.1147323812048735,-0.2044533344264711,0.24786168649469772,-0.531674621196765,0.09552957468165689,-0.052774137675543224,0.12633330881449503,0.15778825348882897,-0.149194264229057,0.5125746971659423,0.273532730111307,-0.24889310741528717,0.17962737675301224,-0.3390127559604588,-0.18283096087980233,0.3796148466088028,0.4389583011591432,0.3993446183801788,-0.039730251554346424,-0.2542888817765489,-0.38803202946041354,-0.48486612033022625,0.19893043134909705,-0.32932720386064146,-0.43043999450172543,-0.18295774705569318,0.0985339987409734,0.2061544081348049,0.7172289161429806,0.5644281981875353,0.9264060478544663,0.9689279945094109,-0.9769044314663782,-0.7094130272514855,0.9634545141161177,-0.4045293160356611,0.6800327292041562,0.6201227613916773,0.9278552778009022,0.9474848122118094,1.0,-0.6828625276818017,0.564927658710598,0.9777189784464576,0.9719044628974809,-0.9284943521378662,-0.9593262471373103,-0.9302469830465552,0.9325413728155724,-0.6462132212605141,-0.12420593529282195,-0.43881605116797445,0.9118719535310263,0.9320383023126175,0.9875002946112363,-0.9277753239704574,0.985487675959551
ROI_9051,0.18565619300318478,-0.13598329793177816,-0.07481659416074701,-0.07582531597160397,-0.15328550015548878,0.05097500053732281,-0.00333267374725416,-0.1641635441272154,0.14407950081324575,0.024630796700330866,0.2699343261096848,-0.0015279962084751772,-0.09511194294505487,0.08113497305260114,0.036918188406868974,-0.14356063183332474,0.21209700053011293,0.17132656720039602,-0.30695815964522294,-0.2322515814970669,0.4780375067224484,-0.046452425048839056,0.08953009359807132,-0.004961274092458072,-0.03778726785857497,0.1292434890863528,0.03332581947584356,-0.22602880623539431,0.012583491853526701,0.09981957822178668,-0.1341723870659189,-0.30016813748463783,-0.3566087608131982,-0.42100011588568015,-0.25747664543289256,-0.26157552015292573,0.5304112543938275,0.5010284236768442,0.29032758319332763,-0.6395544839259749,-0.1894469155367378,-0.4664934097849596,-0.1627494597534597,-0.22392259966192427,-0.15839473543690422,-0.0704137206092778,-0.1528169695566469,-0.5358349658095786,-0.11293508878019588,-0.07551667514495787,-0.011307785413684194,-0.22291400301876613,0.08813858724157488,-0.7580937677399623,-0.03345913070834413,-0.7515565305198072,0.17449132550493854,-0.06289119477325207,0.0594750863464975,0.053265951102781046,0.1944746831466669,-0.00861802169523142,0.403202807231228,-0.011582646563658695,0.12148783351154993,-0.06270032144211178,-0.17747808562825304,-0.003612817618422527,-0.3940565856614819,-0.10631453344753435,0.14236014538260944,-0.4359881813354775,0.16234858256652784,-0.03278087636298437,-0.7741665258735583,-0.40714654421256763,-0.39144182844573056,0.0842583654787957,0.20585021103865406,0.22329690936606233,0.3794641779628419,-0.13885894411784186,0.2248339049414594,0.2109348686482508,-0.004855535689868307,-0.1932340007862779,-0.10251522117043274,-0.5315585462893881,-0.5303755747077663,-0.6809232900063907,-0.7561857619545952,0.6834788028772478,0.7215017101133483,-0.5284229364341927,0.1117251295533431,-0.7944559714048903,-0.7663633651866312,-0.587362984079141,-0.7984162439470386,-0.6828625276818017,0.9999999999999998,0.13138296380988726,-0.7606760715557171,-0.5484547068102091,0.8797855201186212,0.5389561990449587,0.7572519256093022,-0.7127018841373318,0.3812272392350927,0.3129870334201284,0.4104358629123737,-0.7948704381496124,-0.4132178899659835,-0.6318099241222627,0.4288408713096622,-0.6870371547739303
ROI_9052,-0.13029174035041285,0.38853324783799825,0.10081754499639135,0.2395559161210249,-0.19867031988254422,-0.5767486307758145,-0.013426838956760046,0.27168369559681893,-0.31973254265180867,-0.23748307358385984,-0.2281982576001171,0.0108022950642179,0.057627596605430854,-0.11470195313165991,-0.3188134997183938,0.18593447304079494,0.012263653196866005,-0.2030763373545222,0.3913646279101765,0.24052933141044475,-0.1656153276343229,0.03714564466557173,0.3189448582843775,-0.0034896473531780253,-0.30527363383885414,-0.5921294692836357,-0.37810878727140035,-0.5205869624442564,-0.25195696623432884,-0.09183482112396256,0.2599740043726106,-0.007851408513722418,0.3571479430477345,0.16467849905569287,0.018489335241110145,0.046918325595636835,-0.3609330513452456,-0.487870735693921,-0.5538662948962982,0.004377777731748288,-0.5980048383001583,0.365405519619874,-0.33084717665214247,-0.2720825557425666,-0.04505448826068366,-0.23380242640671595,-0.078406006873256,-0.0006740190790034149,0.10629288635726783,-0.07164391480043301,-0.15474156728368246,-0.04356499742621258,-0.3202776841466966,0.11854771958170889,-0.2146867258728626,0.4527131150030607,-0.07531546400432564,0.21388062144956396,0.35915441391860836,0.22732761177323446,-0.1375080200344507,0.27919947600330186,-0.286742746001461,-0.021509379557495795,0.050157603168094644,0.11614030719799935,0.08162347837347143,-0.1699020601436802,0.23015001047925143,0.20793509815700398,-0.22823252654407755,-0.2709650010286628,-0.3329502382214345,-0.2687722687575089,-0.197349774936546,0.23496803576927913,0.03418361198147743,-0.11708796866202795,-0.13210228300609625,-0.38443607564578286,-0.28981452072261743,0.05840935568338776,-0.11295512676972552,-0.3814888866512467,-0.2568319105472657,-0.18072162177603668,0.4208852025925128,0.569280429951825,0.33604220474234686,0.5482539070800774,0.4315926226687936,-0.48936735669075687,-0.013097418089499126,0.6431286228266834,-0.4247922278544514,0.09145385360142717,-0.005062979777979082,0.6320936877738568,0.370713388300371,0.564927658710598,0.1313829638098873,1.0,0.48064861881901216,0.699672365941512,-0.3000772337026222,-0.7142688782134154,-0.49109578496284256,0.5539937693932486,-0.5085624333326887,0.08137318593834406,-0.2641005133481659,0.2581351157521135,0.7633038245952308,0.6219934525851815,-0.775473504543226,0.5716468126602656
ROI_9061,-0.20857228666293748,0.4332746219380741,0.1860139807757571,0.2883223245714424,0.022861627554921497,-0.40478298589635137,0.019639077124400117,0.35968349207536315,-0.4338595689980695,-0.19519267515265612,-0.3949196711958215,0.03164036804769688,0.09245549755737854,-0.1527568965963911,-0.35734775913008027,0.2071969849570344,-0.19641426106529716,-0.3400600064961714,0.5416729107398445,0.38860153974576433,-0.45592903532730183,0.1609081728465836,0.1554487086631026,0.06840109610103295,-0.21306994943107707,-0.46238223172031034,-0.17022052021264555,-0.15662205348291255,-0.20184049404234597,-0.2030004260766212,0.2927658889051468,0.23602773217044679,0.5761760623971776,0.528035707995376,0.24367813806024496,0.24777645037650256,-0.7128225809252172,-0.7159112942248139,-0.6934507139454983,0.4675522283097611,-0.27719367281633933,0.5419285221678568,-0.11542081690031719,-0.0036877160748721083,0.03090768692598063,-0.1549676389185186,-0.0014823738551297603,0.4595334614751634,0.08732871689387052,-0.015458408272851852,-0.12344054963884767,0.16950500686776318,-0.29666886027055056,0.7934550164774405,-0.23103257795012552,0.9255313432880222,-0.18219662420937446,0.2835714053839305,0.11764105269516277,0.07207826339821377,-0.24079760300448652,0.21294006666008913,-0.6058391405223982,0.03834078174359421,-0.10734311160450444,0.09446218966250894,0.1543505973329739,-0.20982655220178117,0.5421326170051074,0.19694130955167005,-0.28424028178177513,0.2422921096380007,-0.39173670350940304,-0.22935103210030672,0.460583119155966,0.4274745305968274,0.4042633206337756,-0.0997200869292802,-0.2973172316568248,-0.41538051853841906,-0.5499301852907065,0.13199699538548373,-0.3409737537436614,-0.44855434236516245,-0.2165121415001965,0.07932569739160622,0.20092473371582792,0.7384664035958085,0.5537816888615977,0.9193462489085493,0.9844088529684006,-0.9601684421431009,-0.6889944983916174,0.9349451754294896,-0.43001368117875416,0.6985138524971163,0.6270369980050212,0.8995590959066165,0.9518289145405419,0.9777189784464577,-0.7606760715557173,0.48064861881901216,1.0,0.9551756809756556,-0.9674549978498632,-0.9500318436961596,-0.9715344304740843,0.9479024525339245,-0.6636331630048422,-0.19589304800657395,-0.49112198506633775,0.8921824526908919,0.9005837693360234,0.9811917999104864,-0.9088167869868475,0.9859250613965723
ROI_9062,-0.19958912653865063,0.48189012328290604,0.19232364553225054,0.3208584346116256,-0.03273026035895144,-0.5049121306203381,0.019046771418043458,0.37899072743417545,-0.45921919018129503,-0.24422287898678025,-0.3843382946476079,0.03570458378006865,0.07939291023380542,-0.1587447755485731,-0.40398564400341785,0.21631457719772307,-0.14871573494961465,-0.3385884397445397,0.5576011099576047,0.40043204301561625,-0.3928195227435305,0.16394667673281582,0.24024524776708123,0.062236080392220505,-0.2723200608761285,-0.5425977149377212,-0.2200216219648396,-0.27725105367292247,-0.2444633751357363,-0.19194148021092866,0.32153827251199063,0.1744964008620023,0.5816224945527342,0.4810069226516065,0.21037453936493203,0.22163141033111297,-0.6579596878733845,-0.7062256682641286,-0.7387704889665238,0.36340724648550143,-0.4161217165380838,0.5367865615214235,-0.19902715409770153,-0.0885120875686849,0.004522621571547228,-0.20258629612608373,-0.030995784620455005,0.3724424415325997,0.09451048121898749,-0.038959236086073296,-0.1409235493399439,0.1309631134095396,-0.31834787961212263,0.698962256828404,-0.2567796024945856,0.888363559791868,-0.15873375646855845,0.31885808634474916,0.20502413507466627,0.12032450429735594,-0.21819159322354165,0.27018164768775266,-0.5757899251062125,0.04689730812520702,-0.06175871988933389,0.12050743873334747,0.14060972012931158,-0.22826517355633796,0.5170879795691568,0.23664511976861732,-0.2753386551105109,0.1126281737538247,-0.4237929322572503,-0.27691002143937704,0.27954759417034064,0.4067763696335499,0.3400730058763082,-0.09844501597372296,-0.26851714294086,-0.43317586104477485,-0.5175687373400366,0.13963453369339904,-0.3186272728276679,-0.4789345693895042,-0.25360235646365026,0.025819597369444867,0.2718216883276661,0.7593340672929829,0.5421377228523678,0.9162040989130968,0.9281026639268327,-0.9372691707415002,-0.5651385062112361,0.970743414504255,-0.47482265325368145,0.5840693475071919,0.4904323472373504,0.9256040733983479,0.8765643504951198,0.9719044628974809,-0.5484547068102091,0.6996723659415119,0.9551756809756557,1.0,-0.8667806295749466,-0.9953798103432768,-0.926511920192237,0.9308496187065302,-0.6755691222984295,-0.10927772518100898,-0.44631599965894736,0.809996947194824,0.9818578302043754,0.9921943581388127,-0.987232241430964,0.9793611128394494
ROI_9071,0.22900687075300719,-0.360431703760641,-0.14159870702758992,-0.21915632490011233,-0.04919618858145693,0.3528284343778513,0.0006064771338849096,-0.30739897417051115,0.37369856905271426,0.1767910906677365,0.40259611195440104,-0.011084520264897873,-0.07439772239975914,0.154634803799168,0.29034015015724546,-0.19842844296013123,0.22143816309183145,0.30904791712461055,-0.49708027467430677,-0.35535805942522486,0.5095786796837657,-0.10589178444920688,-0.0749349252878917,-0.027495144810869707,0.1739955692297201,0.42484763677634924,0.17033580007854657,0.06470567871576634,0.1543813644192994,0.1845092419697955,-0.2552031800314544,-0.25545210918910605,-0.5433667792355306,-0.5282139365741195,-0.26221922065872727,-0.273721126228302,0.6830674053946397,0.7113747914489331,0.5995624371214954,-0.5714074682036395,0.14312871462213883,-0.5797490135788628,0.01304794417474477,-0.0869734216672843,-0.08590999231346268,0.07604322734257946,-0.05898105408477031,-0.5047185181476646,-0.11605591908440703,-0.022704977576415167,0.08352312405060314,-0.21645660979284237,0.24995816599195392,-0.8332244227763601,0.12503821837706255,-0.9237282961190114,0.19565199762996002,-0.22623243677481372,-0.08506900760987834,-0.0438344104631464,0.23451230387584096,-0.15784788080309511,0.5782663149321594,-0.03550112159796544,0.12856565783577045,-0.0982898826887596,-0.18105520687187568,0.13766502727582386,-0.5199108476611058,-0.1766577965394034,0.2601592886226676,-0.3022768066491335,0.35430989119589834,0.16924229258881215,-0.5936872953688423,-0.4704043561562181,-0.43337662961944373,0.10906401393011242,0.2879030250365839,0.38019522807262257,0.5287865365447961,-0.14113694684939546,0.3265963295174103,0.41642535682494985,0.1635952591963492,-0.11876420094739008,-0.2039555191244509,-0.7350236343285322,-0.5925589781230775,-0.9078979123263209,-0.9456522492079061,0.9146867927375357,0.7158929636504736,-0.8342533402640937,0.3490359866332998,-0.7689402991466457,-0.6961875646025619,-0.848814306932359,-0.9387171318399228,-0.9284943521378664,0.8797855201186213,-0.3000772337026222,-0.9674549978498633,-0.8667806295749466,1.0,0.8653252942010414,0.958798227557971,-0.9370012087848663,0.6161010714347983,0.2539554166893437,0.49110890250326844,-0.8957690045548788,-0.7710449084734143,-0.9113178466977139,0.792344133491832,-0.9399916302894997
ROI_9072,0.22336343664356922,-0.48835844224171565,-0.18012629284867465,-0.3041210386445079,0.04407273167103248,0.5466860454002387,-0.003443846582302598,-0.37842559374781787,0.4634366976626059,0.23659919999795065,0.41190528445666924,-0.026828035335856034,-0.07316762178863559,0.16375354512549564,0.420086630025576,-0.23680994293525504,0.16686300527133918,0.3547815011770303,-0.5726436278142523,-0.39479295033650696,0.4337882366868643,-0.12041944793416982,-0.24183505518274498,-0.053277344795043716,0.2898328493384554,0.594317245496133,0.2748139965004038,0.32881111517521455,0.25837814135015047,0.2047428800420181,-0.32457735709457797,-0.17898271773796987,-0.5923318048514012,-0.486941492341489,-0.2079623650418401,-0.2214058751143497,0.6817025290222389,0.7404025996125664,0.7458392402989661,-0.3783500990931693,0.45062590907614014,-0.5560843879079546,0.2054251946681547,0.10037604671269516,0.0029959614412189946,0.21250557045077517,0.04352963369759164,-0.34272672223763717,-0.09942436213763474,0.045907048252178034,0.1615184857679413,-0.14224382626695398,0.3578467000094309,-0.6733334300302576,0.2563564895392768,-0.8821332221009516,0.17638380002835694,-0.3153762131663964,-0.22383209105878718,-0.1261474358608311,0.22607072427983269,-0.27729891342085305,0.5979795615770768,-0.036555293544832376,0.07509966384821284,-0.12998215368200045,-0.15757024444482937,0.24330032367162682,-0.5228317436685437,-0.21387357127332945,0.29465844167999594,-0.10366536386132748,0.44938306548754464,0.29452004208770804,-0.2874980916080285,-0.43082801955235117,-0.3504755048726689,0.11479355543550826,0.28211917435295936,0.4487940507604873,0.5410444936362687,-0.1267170746183845,0.32352025026932657,0.5018692948467147,0.2731846865485213,-0.012425637253753535,-0.30538446225658133,-0.7929554260415809,-0.5460659358584976,-0.923101019197484,-0.9139186565094217,0.9175918626411236,0.5143423522979311,-0.9520043661082283,0.49591623786269806,-0.5772053840849287,-0.47513308869693893,-0.9307999038404471,-0.8626552813995612,-0.9593262471373103,0.5389561990449587,-0.7142688782134156,-0.9500318436961596,-0.9953798103432768,0.8653252942010414,0.9999999999999998,0.9387034519842185,-0.9435787325497847,0.6940024431249013,0.11168514922929232,0.45159443095505475,-0.7808138147388037,-0.9727267190741195,-0.9858635281671159,0.989336015876014,-0.975498907372715
ROI_9081,0.29683078210610364,-0.3990380977410733,-0.1276313730395555,-0.20708571731845957,-0.0452169842819235,0.4725862047129567,0.03327694501818954,-0.3244387790230234,0.3780063872505167,0.1260688077627947,0.4628033213642051,-0.0037868801616926058,-0.07212842088900072,0.1580840416609594,0.3197848663976168,-0.2909365582336253,0.24564630304456256,0.361570794244219,-0.5496077069100163,-0.3583201331009357,0.5784631773071676,-0.02156239554403261,-0.14053171441645584,-0.024792971174646378,0.20513950032834372,0.5637305226706454,0.3009337821503788,0.2252919474713535,0.21823880915922195,0.2058554001227467,-0.29348219419284377,-0.2632653906731881,-0.5717245781407114,-0.5106313695922615,-0.25392443036887913,-0.2471543532312803,0.7224606361440302,0.7755437909286419,0.6726396831909065,-0.5824378033467973,0.28297072760568615,-0.6252255590880149,0.09056360698145985,0.014816282313300214,-0.04884776109489953,0.147225692446152,-0.012285346566022103,-0.39329210517951785,-0.12746726137429637,0.018936667994183903,0.16042768829443335,-0.20933124502104614,0.36437802397614766,-0.7256392737807724,0.1671325489265979,-0.9224998807289166,0.2377476911552884,-0.23664406403352956,-0.18085016509298896,-0.08096466827760872,0.25932223681304883,-0.21139461608647694,0.6314809398985232,-0.0072677735437712936,0.13036805575310362,-0.13246310243045503,-0.2201997487555855,0.21299437392947934,-0.5318925989016479,-0.128351450952382,0.29035486796325805,-0.2529835411937663,0.443685000557687,0.2324513635254084,-0.5449324852851162,-0.505243666621528,-0.3981823570524068,0.16055524481098538,0.29735207907405325,0.42331507912125893,0.5763611967557407,-0.11306165835983285,0.2993587535864158,0.4567108075210766,0.2306525249919997,-0.0643464059462093,-0.34748883272644887,-0.8547574942840748,-0.6175674340844193,-0.9476825808079049,-0.9235001034558467,0.8799573326900227,0.544814006438697,-0.853544141640801,0.43650778039148214,-0.7167145310933873,-0.5906059159075722,-0.9026389687585313,-0.8979902360346899,-0.9302469830465551,0.7572519256093022,-0.4910957849628425,-0.9715344304740842,-0.926511920192237,0.9587982275579708,0.9387034519842185,1.0,-0.9825759578393175,0.6829674821544455,0.22431101236692816,0.5186204022836304,-0.8094334354810075,-0.8506589707582816,-0.9456854919883618,0.8871101456204917,-0.964492470614348
ROI_9082,-0.3037365389847725,0.3920007868064708,0.10231241983199203,0.1872231909008314,0.02502643647287148,-0.5081299866599263,-0.050754452574044956,0.30261886982631325,-0.34626560673363144,-0.15734205833265028,-0.45305927638047333,0.0007009562862239031,0.057897058094114606,-0.16077659724623342,-0.29588460836536146,0.29497672416975135,-0.22416493094445375,-0.33054582063714094,0.5420777878044122,0.35929407719542356,-0.5742533675633428,0.0006288642707188964,0.14879746106217542,-0.01813753583300138,-0.21045611169159545,-0.5917092799036775,-0.33349807091502837,-0.2221147762636795,-0.23197604536999317,-0.17762229258717735,0.28912632727642557,0.23473072420162672,0.5654548362047607,0.4833781421641284,0.25078490859394326,0.2624660382700145,-0.6754124103136574,-0.7851600734424344,-0.6283728275402661,0.5984117272495552,-0.29711019166010216,0.678449427765976,-0.09131533704742048,-0.02035670537567162,0.06505879787371575,-0.14106731456558186,0.04160346132942656,0.3817675113513457,0.15225459319464774,-0.01966507609281948,-0.13621627886330656,0.19969339639066874,-0.3358761483284671,0.7121867035907083,-0.10485679831389601,0.9347236429236605,-0.22696309287663038,0.222105741228788,0.22021978695205638,0.08935354347779556,-0.2510029965030013,0.21279216088407588,-0.5919983646463876,0.0053319951920290974,-0.09969875466433034,0.15725094642689846,0.22557882575947547,-0.16560769097005848,0.5090794200635284,0.1829801171268704,-0.26412239184282316,0.203254426949108,-0.4381693136343059,-0.19794146209409438,0.5277815777437449,0.5507939244500631,0.37865813947279137,-0.15829584873531038,-0.27430691439947,-0.4174525795993436,-0.5442581517383669,0.1498109308108931,-0.29364216950643895,-0.4638260591216108,-0.2142470325315723,0.05034757942313967,0.4135206817449343,0.8989486818549212,0.6692226028803163,0.9771007217224172,0.885786562346384,-0.8699236628762897,-0.515940494862632,0.8446673955964249,-0.4058492489885771,0.7309177896726007,0.5833744283255307,0.926420523015808,0.8678658058428751,0.9325413728155724,-0.7127018841373318,0.5539937693932486,0.9479024525339245,0.93084961870653,-0.9370012087848663,-0.9435787325497847,-0.9825759578393175,1.0,-0.656113866455487,-0.1980950571032195,-0.49230406378669145,0.7941630082284286,0.8518173502417131,0.9381721034302374,-0.8910395937291009,0.9606054364320178
ROI_9100,0.3296257088954795,-0.25272712363187416,0.07757297849090031,-0.03818780371772645,0.12106347356493127,0.49199433332205744,0.19587463723723,-0.16582975786539272,0.4674627418907561,0.23903543981192182,0.4389766682456228,0.10617103594828814,0.03698721774113061,0.2415562775373987,0.39270611525612226,-0.11924218916617246,0.09500980415420533,0.2015991152306366,-0.26876673509132964,-0.0709610443334946,0.31543442552405754,-0.12216829283919817,-0.012049893531226022,0.12578294194263506,0.3344436064741068,0.5268674976827418,0.3317894310177645,0.374992829138145,0.12770649241223644,0.18496739835607579,-0.3030064755124432,-0.1614866608586214,-0.27328089570612846,-0.24234497297887483,0.01213928481188387,-0.04461378493387915,0.6217884887509257,0.6713824083979925,0.7928357552061311,-0.24292102212689948,0.2548896567106491,-0.3523982928355137,0.28529022130552056,0.19508328469230005,0.14013895757626402,0.297594741587722,0.2262207444537373,-0.09509130971731687,0.008409794238479727,0.1535924689869119,0.3340116174443261,-0.01898364786244309,0.39206500762636304,-0.40033542669057676,0.3910670629141302,-0.5512411936909436,0.29158074274443524,-0.10255259315285128,0.01528999468219954,-0.033202299195055546,0.34524129394152575,-0.1666016996891562,0.5222508161016906,0.0016357311950575015,0.22265870505805332,-0.04788185355153533,0.12611040780118343,0.3993388070846712,-0.11434310837741254,0.15575642209333115,0.42691496636993437,0.09812487654394698,0.4408022504812655,0.4034761266563582,-0.12361594146303741,-0.20333938444919444,-0.07334497876063795,0.3353760078066143,0.22295018850415366,0.4865939059805791,0.4815605787543782,-0.003594104007096792,0.15919218081110814,0.42439715734778444,0.38165068235355576,0.170032692263736,-0.23207293520331346,-0.5351379648643242,-0.25176526360644386,-0.613223007287399,-0.6421868595650243,0.6187835833638611,0.3369431192401421,-0.6445093815939967,0.5354039986537364,-0.22111320749959504,-0.09730084879208198,-0.5684317304176743,-0.5847860623487817,-0.646213221260514,0.3812272392350927,-0.5085624333326887,-0.6636331630048422,-0.6755691222984296,0.6161010714347983,0.6940024431249013,0.6829674821544454,-0.656113866455487,0.9999999999999999,0.40880034234940593,0.6120827994787734,-0.4809482953130229,-0.6542195023134341,-0.6805063256816918,0.6741003319853779,-0.6698718448995906
ROI_9110,0.2773426339254198,0.18522637272307613,0.38099570081029216,0.36028910832581335,0.1878721305702922,0.2093833183277126,0.354662926963097,0.3225132699399073,0.28049969181975876,0.2255408672445749,0.32696992367790956,0.3417383875197827,0.20490937796127448,0.37874663406307774,0.16264170651760515,0.2710692837361623,0.28557419871775064,0.2887289644344119,0.21779191416232838,0.3407604918461673,0.012775005442907153,-0.050570506953414855,0.3985410550964374,0.4004078803430922,0.23849337108849333,0.22732344603482552,0.25713026627058083,0.028119470047430085,0.2395451114561026,0.42444542744065045,0.21334945859539803,0.13356784737916294,0.23969854169645072,0.239881478285268,0.2676189747253545,0.29880435178887077,0.3422684719090912,0.4625638478472565,0.23650376570094608,-0.11223379378779844,-0.08491514873116442,-0.08418494486773544,0.18452001249283834,0.1839755078205191,0.18111665996255757,0.2178763848010345,0.2216364480844515,0.10407330132194997,0.0891676717756481,0.19504012541926236,0.33124741740390795,0.2684200004657067,0.2559842796746685,-0.05280386577943317,0.2050242574440823,-0.09621364308738563,0.29921478009529884,0.29476041877465436,0.16443602647709366,0.1050583605063441,0.3449094096676783,0.29385471745920444,0.29339297144582516,0.38524281740040334,0.32811422824231,0.22810390509761522,0.2318188462836862,0.23271932453555533,0.1910754786122365,0.30388194556629866,0.4654080340329051,0.23962940813153644,0.3677451024917518,0.3936639094340108,-0.18040741003479643,0.13614837076093142,0.38078525479052494,0.6034278414766602,0.23760228811897263,0.4816845333171671,0.3856789668041734,0.3699203674175446,0.16377647337130577,0.3069007126322654,0.29731615086385205,0.46779423523862174,-0.019472327230515774,-0.12157127997547995,-0.00451425994276173,-0.11292138143587939,-0.18851450476088347,0.14783590625003104,0.18616088545819892,-0.08899007892647891,0.39652114594002014,0.012077226835368965,0.1741462574709538,0.060608668067672206,-0.13903275613373356,-0.12420593529282195,0.3129870334201284,0.08137318593834406,-0.19589304800657395,-0.10927772518100898,0.2539554166893437,0.1116851492292923,0.22431101236692813,-0.1980950571032195,0.40880034234940593,1.0,0.7060519026188841,-0.0843165095227333,-0.05346890490100569,-0.1342265348510622,0.06537652175717544,-0.152935201862612
ROI_9120,0.24203353068836683,-0.07749788356713352,0.17594726364476085,0.06097879178633934,0.08256345610980263,0.28298175620461014,0.21325215899864175,-0.011661707565956704,0.24958917906014746,0.11992490069646866,0.3902202763404375,0.19372054897752172,0.024808595108569267,0.2541283707425279,0.18757063908375532,-0.013068667289847916,0.26504811177827176,0.40057056014969955,-0.07942657735252641,0.10262853878856831,0.1295469017026461,-0.1552018171127522,0.1928498243035393,0.2365896238962272,0.2760244982816554,0.3967832488658496,0.26469219044486736,0.10689598561911628,0.250654790699221,0.34065172758413836,-0.015071913708090624,-0.016652623277160213,-0.06849084136005583,-0.03106681701151633,0.10027343452105969,0.20396172613079736,0.4444470078135141,0.5746502351452698,0.4568480912517658,-0.27315682121054163,0.026007899546273992,-0.3445006624645257,0.13092020088297207,0.12685775143315514,0.055940018554556846,0.1946976317736402,0.05597339885444463,-0.09456468818326681,0.025270106105813556,0.13178838311007965,0.3159389549232684,0.2418953392019409,0.3114063961677448,-0.2554969707258364,0.1728213905284716,-0.43496838582599834,0.24179438538704434,0.12788085327527773,0.033177129963215236,-0.055546540980963205,0.3331296192342191,0.1062854446706681,0.41270424316206406,0.28676480047194575,0.2463476182535615,0.19227046183893626,0.0741603390149719,0.22793196209242433,-0.016795975539224652,0.19376250829767103,0.49112292213187825,0.05465950271325162,0.3783591347264507,0.3828821491335411,-0.2797370695593031,0.0027397096043531638,0.2060730430495553,0.4452225095593313,0.35747448596436016,0.3856579794196714,0.4631195602109743,0.2979470381624025,0.07338891777502435,0.25690996067437705,0.3560433706251992,0.32275223392692165,-0.253301715310507,-0.387999962864876,-0.28697358468961903,-0.4206288419055365,-0.47662357135536415,0.4427845517314277,0.35684606906655664,-0.41921590761766103,0.5137011175651763,-0.150541783788696,0.037558963160055754,-0.24411920149122474,-0.39593705796421874,-0.43881605116797445,0.4104358629123738,-0.2641005133481659,-0.49112198506633775,-0.4463159996589473,0.4911089025032685,0.45159443095505475,0.5186204022836303,-0.49230406378669145,0.6120827994787734,0.7060519026188841,1.0,-0.273489974738836,-0.3995555842084486,-0.4620779197099997,0.4167804588649537,-0.4671203639378833
ROI_9130,-0.08030303041952398,0.3629953290239965,0.24063043782238835,0.3323911497581558,0.07736336176219659,-0.16220928318707709,0.10497484935694769,0.3405886740849375,-0.329238372100793,-0.18970641582406683,-0.21751607395516265,0.11363131557338658,0.11876550885556388,-0.07065381095873106,-0.21313263704798024,0.12380593714232514,-0.05086574831355261,-0.1278705356216649,0.45816383296908786,0.40331756567666677,-0.3123759661707242,0.2182451134850381,0.16958485501519338,0.12987127148915426,-0.07647573864523051,-0.182861212613343,0.0629487017117194,0.08898997958241642,-0.048835254507887046,-0.05306912514584925,0.2984220725080953,0.26022670451376984,0.5338118661755463,0.5256781131468332,0.3010336198638977,0.3418801780674045,-0.5275267746861233,-0.4770000709228138,-0.5027584005956691,0.4116720067942194,-0.07509837701368424,0.4566234049565887,0.013059037889800913,0.1334833257338497,0.10468460944182918,-0.035913020706936936,0.11475686824806382,0.5936974779090103,0.10946118545187704,0.06993375663820572,0.05125253870810632,0.23909744960754561,-0.07753837411062586,0.875787402070349,-0.12749676983245323,0.8636828269849911,-0.07585737265929358,0.2870102839691194,0.02418691716403203,0.05700758986717305,-0.13027645186301084,0.23903824941415333,-0.3949642867196384,0.18869352217078325,-0.014822566310244121,0.1644071565670701,0.14733326547630526,-0.04375505624120404,0.4716245498182645,0.28722140394092543,-0.11716768178545696,0.31795063777922755,-0.16188637215497995,-0.029084027300433583,0.4765346147200256,0.420895770583247,0.4450405418033058,0.06015599445043908,-0.12410616743645969,-0.24382685328411333,-0.33873281471168365,0.29062245837067857,-0.3224483689752728,-0.30992063007271486,-0.02693027084598256,0.22738137761150337,0.03643350665022224,0.5292980120074247,0.4986261467217809,0.8056953958379064,0.9205437185665578,-0.9116386439756544,-0.8442909963636771,0.8431578127326567,-0.2136207894674803,0.741149502866962,0.7614586483113365,0.8146512500138015,0.9427297154358516,0.9118719535310263,-0.7948704381496124,0.2581351157521135,0.8921824526908918,0.809996947194824,-0.8957690045548788,-0.7808138147388037,-0.8094334354810075,0.7941630082284286,-0.4809482953130229,-0.08431650952273329,-0.273489974738836,1.0,0.7550305616384522,0.8591905181596008,-0.7263186370546485,0.8750218992381863
ROI_9140,-0.15337793844025996,0.5027605385820526,0.22111873523279557,0.3604694985503513,-0.052887942232837624,-0.4919170372832963,0.043184078943079816,0.39081624526988096,-0.48007144621173925,-0.2525618272395003,-0.33807104917184294,0.0550413546597393,0.08452675956790025,-0.14649338064196182,-0.4314508094910495,0.18874523888362327,-0.10719099283217753,-0.32846691124320804,0.5429381631482685,0.39815344262828606,-0.298732052707953,0.21090039513797953,0.28540928292946866,0.09833413173316541,-0.28288653655573703,-0.5107562707650201,-0.17757319039964592,-0.31611805433350554,-0.2537777193549296,-0.1893775147915407,0.32660930606558325,0.14143898067772268,0.5598293303138883,0.44786354504305514,0.1774791120877617,0.18542218762500648,-0.620013570907518,-0.6380257306007202,-0.7525281494664178,0.23673317628565088,-0.4753762107982359,0.449856376182415,-0.25979608640963475,-0.14331535300568632,-0.04224582175659569,-0.2468642738748291,-0.07795535608668083,0.3176463196564774,0.05768154647703409,-0.06211994291251094,-0.15217300484990295,0.08711155789884363,-0.3128610967740472,0.6273665667201712,-0.3252278988389616,0.8132868290719938,-0.12525136503619166,0.34682737608764924,0.19827197465953036,0.1302926391814096,-0.20029823984997627,0.2905116316298166,-0.5400671798530993,0.059235253335736704,-0.04180147578926523,0.10425339143910878,0.09808460280635524,-0.2652687778453042,0.490161282674146,0.23833892998737852,-0.2660506334702055,0.05845828797364886,-0.40477931356943514,-0.2987517229139518,0.14432566503588798,0.33096178781538504,0.29574940861189947,-0.0690505138586119,-0.2480026041539626,-0.41667005123787065,-0.4815220706915088,0.1290407742345324,-0.31076805833354226,-0.46095844587913154,-0.2690287852412755,0.002430831593475308,0.21673499751836647,0.6746262492923987,0.45057071795357606,0.8410719039333743,0.8865461914622285,-0.9036188689303059,-0.5214675676501825,0.9737038957032061,-0.4932431178653449,0.4792980983056891,0.40079720364501825,0.8829905603473848,0.8191886079915024,0.9320383023126174,-0.4132178899659835,0.7633038245952308,0.9005837693360232,0.9818578302043754,-0.7710449084734143,-0.9727267190741193,-0.8506589707582815,0.8518173502417131,-0.6542195023134342,-0.05346890490100569,-0.3995555842084486,0.7550305616384522,1.0,0.9630693708473734,-0.9898998707799519,0.9324835648219287
ROI_9150,-0.1893701003127393,0.4789504710781048,0.20311027501122986,0.32606450646502105,-0.02243207486613566,-0.4642494066255793,0.02776317708232111,0.3846794620424179,-0.4646038576198645,-0.2395987906911228,-0.3814480821144329,0.04372243959001707,0.09225304821110096,-0.15040137075406212,-0.3969544409598852,0.20520214140138476,-0.1553054213750188,-0.3269625292568902,0.5612037426668314,0.40800613512525913,-0.4066125067688553,0.17897235815985435,0.21359409149661737,0.0741650809333822,-0.2555986550650095,-0.5052190484589268,-0.19014184888170904,-0.23262039647823646,-0.22108508736190943,-0.18919443734098365,0.3171773820124543,0.1966464878810671,0.585808148775783,0.5062121362028466,0.22463460421620846,0.23659205417452736,-0.6855225958562778,-0.7075466461291374,-0.732266747361047,0.3851015641506299,-0.368538758500927,0.5289491671443821,-0.17237951230368484,-0.054508844791473526,0.010896075255019894,-0.18647062288538493,-0.022226734629049033,0.4178821697659445,0.08435138609201928,-0.029290798354869016,-0.13302080574807668,0.14232980665299558,-0.3091248742976994,0.748639934573,-0.2608531224520834,0.9088432561376895,-0.16044228420420692,0.3205150017159508,0.15999111994027865,0.10446308392043252,-0.23017919257839015,0.2541001918588786,-0.5886668802524436,0.05711930764503383,-0.07735201694311508,0.11336617278159541,0.13634499013798232,-0.22471940707851298,0.5327365470921248,0.23195953406437148,-0.28660965368907215,0.15646129448396592,-0.4022984629239847,-0.2584716290808788,0.33325491503382204,0.4069681240221061,0.3697546763743712,-0.08727222547861932,-0.2804252081179663,-0.42572218470202206,-0.5297802193233556,0.14588516340216742,-0.33270950626086687,-0.4669826933961086,-0.24168284612111518,0.053005326725614414,0.228443245060654,0.7402322895967824,0.5389496063850564,0.9201415962281332,0.9641645938938832,-0.9620780968823537,-0.6355556940979835,0.9737234483682409,-0.4617138363663609,0.6262432660192978,0.5513546823433718,0.9231454935761066,0.9194989063507208,0.9875002946112365,-0.6318099241222627,0.6219934525851814,0.9811917999104863,0.9921943581388127,-0.911317846697714,-0.9858635281671159,-0.9456854919883618,0.9381721034302374,-0.6805063256816918,-0.13422653485106223,-0.4620779197099997,0.8591905181596009,0.9630693708473735,1.0,-0.96646595631592,0.9911760666787717
ROI_9160,0.19203269628768074,-0.5114751253477016,-0.20474983295373073,-0.3335571061026079,0.06183118673935293,0.5525122368714771,-0.022791529666239877,-0.3932497874374413,0.4769659968571003,0.24084993939170385,0.38286774483003233,-0.03791131850623317,-0.07974203779584377,0.15341829254241945,0.4437026070329477,-0.2294610320942061,0.1399059532620791,0.35556242168040486,-0.570055674853649,-0.40069242468289296,0.3799670795952261,-0.1400414277979432,-0.2830631583909921,-0.08416332695150217,0.30228523961267173,0.5872852793616131,0.259106701108354,0.3742302624048961,0.2663018495606064,0.20317226763929688,-0.3321296652004583,-0.15484522621726815,-0.5841964944384739,-0.46555538805006097,-0.1890594482080109,-0.19527369766243527,0.6512356922835485,0.6968104910337556,0.7584595177737222,-0.29124088264780956,0.5072695263560875,-0.4968916396198291,0.25246162971034086,0.14627056133122737,0.035238938385833,0.24248387660265153,0.07677485240626834,-0.29209499219120255,-0.07335200078208982,0.06543732486105178,0.17783894044983187,-0.11055887372687283,0.367364037362615,-0.6114540704067344,0.29795271660984096,-0.8277503335720224,0.15155864389930013,-0.3414515614583791,-0.23247481227540243,-0.13697607032708817,0.20906440098270535,-0.29587582388087547,0.5819826443951889,-0.04117046817154317,0.05716996398245598,-0.1218575935605102,-0.13409137146848787,0.27068469166280285,-0.513256289851383,-0.21815784926124474,0.28881991442686494,-0.059978785588634446,0.44410242348553597,0.3202296714538623,-0.18071577907264422,-0.3770482112862475,-0.31902700515822713,0.0963151121462592,0.2704049711464853,0.4394376185154022,0.519723626713991,-0.11092436271288232,0.3113805587381036,0.49326885931555153,0.2902241112236769,0.004890479775109724,-0.28713139387075803,-0.7462036022393469,-0.4909114785384944,-0.8742293152831087,-0.8772421767059151,0.8875605020605274,0.45981115850918397,-0.9531655197442406,0.5123641414942158,-0.49154650353531976,-0.40017942100529397,-0.9030244402467348,-0.8126720170231463,-0.9277753239704574,0.42884087130966214,-0.7754735045432262,-0.9088167869868475,-0.9872322414309641,0.792344133491832,0.9893360158760142,0.8871101456204917,-0.8910395937291009,0.6741003319853779,0.06537652175717544,0.41678045886495363,-0.7263186370546485,-0.9898998707799519,-0.96646595631592,1.0,-0.9430139939024644
ROI_9170,-0.223391674600924,0.4430199149150157,0.18152472457125632,0.2874492163502947,0.015831515349122433,-0.451396060396042,0.012660043106282905,0.35807330660023073,-0.42054591441913314,-0.21288395273851374,-0.3915153893344434,0.03260502906274308,0.08587020719667186,-0.1592992698361004,-0.35312593081041643,0.23043452305194023,-0.1675857398173814,-0.33096421005383164,0.5493970881137229,0.4033506593914707,-0.442666010684391,0.14699076960402818,0.19867947075621173,0.058965075928502246,-0.21711924369398788,-0.5044626848958008,-0.1937729159341701,-0.19199363338939643,-0.2061617210704261,-0.18431840393526144,0.31873971161418396,0.2325408462930142,0.5914758398697615,0.5154129129399914,0.24824190803078522,0.25792872186416865,-0.668988077202721,-0.7143488263153762,-0.6964629248429391,0.466248539760621,-0.3133932791128457,0.5807763634751983,-0.13515148878092387,-0.028683070202970923,0.04043224132296584,-0.15493943759211048,0.010534255596327148,0.4317468020402967,0.11493496743387854,-0.016144680881302942,-0.11350527778820448,0.17581668814773943,-0.28797893379453626,0.775146075225315,-0.20319502754368218,0.9325447103450428,-0.18300681502196361,0.2810217298622743,0.16813342728871483,0.08640481710619519,-0.221211239403119,0.24521738905084023,-0.572809533583856,0.050665806172778084,-0.07052976357826016,0.13784335005296056,0.16646055511682717,-0.19339269249565494,0.5357928324199734,0.21776382178211484,-0.2673970827631232,0.1971544207256485,-0.39215263167237824,-0.22963220110986537,0.4164918258049155,0.45531729320456377,0.38418827328266436,-0.0957016447577819,-0.2549817517721625,-0.40915624422556257,-0.510209321183317,0.15909471716629814,-0.31602066991722433,-0.45909205565120553,-0.2076209305260499,0.07783955580241514,0.276269181927327,0.778849585027171,0.5970739468284716,0.9464305948832861,0.9599808548874733,-0.9529869906874473,-0.6339601772847357,0.9463410677726529,-0.4212601614194695,0.6808638785609367,0.5914097492780612,0.9308223404127799,0.9256214678324477,0.985487675959551,-0.6870371547739305,0.5716468126602655,0.9859250613965723,0.9793611128394495,-0.9399916302894998,-0.975498907372715,-0.964492470614348,0.9606054364320178,-0.6698718448995906,-0.15293520186261197,-0.4671203639378833,0.8750218992381863,0.9324835648219288,0.9911760666787716,-0.9430139939024644,0.9999999999999998
